  1489 instructions before optimizations.
    36 instructions eliminated by Temp Variables Elimination (2 passes, 6 iterations).
   258 instructions eliminated by Dead Code Elimination (8 iterations).
     6 instructions eliminated by Jump Normalization (2 passes, 6 iterations).
   142 instructions eliminated by Condition Optimization (2 passes, 8 iterations).
   109 instructions eliminated by Single Step Elimination (3 passes, 9 iterations).
    20 instructions eliminated by Boolean Optimization (2 passes, 8 iterations).
       2 final jumps of a short-circuited expression optimized.
       6 fully-evaluated expressions optimized using selects.
     4 instructions eliminated by If Expression Optimization (3 iterations).
    83 instructions eliminated by Data Flow Optimization (6 passes, 21 iterations).
     2 instructions added by Loop Rotation (3 iterations).
       3 loop conditions were partially rotated.
   158 instructions added by Loop Unrolling (9 iterations).
     4 loops unrolled by Loop Unrolling.
    47 instructions eliminated by Jump Straightening (3 passes, 9 iterations).
    32 instructions updated by Jump Threading.
    19 instructions eliminated by Unreachable Code Elimination (2 passes, 3 iterations).
    75 instructions eliminated by Print Merging.
   850 instructions after optimizations.

Pass 1: speed optimization selection (cost limit 228):
    Full loop rotation at line 57:5                              size    +1, benefit       26.0, efficiency     26.000
    Full loop rotation at line 122:5                             size    +1, benefit       26.0, efficiency     26.000
    Unroll iteration loop at line 172:9                          size    +5, benefit      375.0, efficiency     75.000
    Unroll iteration loop at line 204:9                          size  +197, benefit      375.0, efficiency      1.904
    Unroll iteration loop at line 402:5                          size    -1, benefit        3.5, efficiency   Infinity
  * Unroll iteration loop at line 402:5                          size    -3, benefit       15.0, efficiency   Infinity (-3 instructions)

Pass 1: speed optimization selection (cost limit 231):
    Full loop rotation at line 57:5                              size    +1, benefit       26.0, efficiency     26.000
    Full loop rotation at line 122:5                             size    +1, benefit       26.0, efficiency     26.000
    Unroll iteration loop at line 172:9                          size    +5, benefit      375.0, efficiency     75.000
    Unroll iteration loop at line 204:9                          size  +197, benefit      375.0, efficiency      1.904
  * Unroll iteration loop at line 402:5                          size    -1, benefit        3.5, efficiency   Infinity (-3 instructions)

Pass 1: speed optimization selection (cost limit 234):
    Full loop rotation at line 57:5                              size    +1, benefit       26.0, efficiency     26.000
    Full loop rotation at line 122:5                             size    +1, benefit       26.0, efficiency     26.000
  * Unroll iteration loop at line 172:9                          size    +5, benefit      375.0, efficiency     75.000 (+3 instructions)
    Unroll iteration loop at line 204:9                          size  +197, benefit      375.0, efficiency      1.904

Pass 1: speed optimization selection (cost limit 231):
  * Full loop rotation at line 57:5                              size    +1, benefit       26.0, efficiency     26.000 (+1 instructions)
    Full loop rotation at line 122:5                             size    +1, benefit       26.0, efficiency     26.000
    Unroll iteration loop at line 204:9                          size  +197, benefit      375.0, efficiency      1.904

Pass 1: speed optimization selection (cost limit 230):
  * Full loop rotation at line 122:5                             size    +1, benefit       26.0, efficiency     26.000 (+1 instructions)
    Unroll iteration loop at line 204:9                          size  +197, benefit      375.0, efficiency      1.904

Pass 1: speed optimization selection (cost limit 229):
  * Unroll iteration loop at line 204:9                          size  +197, benefit      375.0, efficiency      1.904 (+147 instructions)

Modifications by #2: Initial phase, Dead Code Elimination, iteration 1 (-173 instructions):
 
    23 jump *label9 always
    24 multilabel *label13 (m:marker0)
    25 set :locateDomeAndCore:type @mega
    26 setaddr *tmp1 *label14
    27 jump *label9 always
    28 multilabel *label14 (m:marker0)
    29 set :locateDomeAndCore:type @mono
    30 setaddr *tmp1 *label15
    31 label *label9
    32 set :locateCore:type :locateDomeAndCore:type
    33 setaddr :locateCore*retaddr *label18 (h:*label18)
    34 call *label0 *invalid :locateCore*retval (m:*label18) (h:*label18)
    35 label *label18
    36 jump *label16 equal :locateCore*retval false
    37 jump *label2 always
-    * set *tmp2 null
    38 jump *label17 always
    39 label *label16
-    * set *tmp2 null
    40 label *label17
    41 label *label10
    42 multijump *tmp1 0 0 (m:marker0)
    43 multilabel *label15 (m:marker0)
    44 label *label11
    45 label *label7
    46 jump *label6 always
    47 label *label8
    48 label *label2
    49 sensor *tmp3 .CORE @x
    50 set .CORE_X *tmp3
    51 sensor *tmp4 .CORE @y
    52 set .CORE_Y *tmp4
    53 sensor *tmp5 dome1 @x
    54 set .DOME_X *tmp5
 
   106 sensor *tmp24 @unit @controller
   107 op equal *tmp25 *tmp24 @this
   108 jump *label39 notEqual *tmp25 false
   109 jump *label37 always
   110 label *label39
   111 op add :areUnitsAvailable:free :areUnitsAvailable:free 1
   112 op greaterThanEq *tmp27 :areUnitsAvailable:free :areUnitsAvailable:needed
   113 jump *label41 equal *tmp27 false
   114 set *tmp10 true
   115 jump *label28 always
   116 set *tmp28 null
   117 jump *label42 always
   118 label *label41
   119 set *tmp28 null
   120 label *label42
-    * set *tmp26 *tmp28
   121 jump *label38 always
   122 label *label37
   123 set *tmp29 :areUnitsAvailable:occupied
   124 op add :areUnitsAvailable:occupied :areUnitsAvailable:occupied 1
-    * set *tmp26 *tmp29
   125 label *label38
   126 ubind :areUnitsAvailable:type
   127 label *label35
   128 op notEqual *tmp30 @unit :areUnitsAvailable:firstUnit
   129 jump *label36 equal *tmp30 false
   130 label *label43
   131 sensor *tmp31 :areUnitsAvailable:firstUnit @dead
   132 op equal *tmp32 *tmp31 0
   133 jump *label36 equal *tmp32 false
   134 jump *label34 always
   135 label *label36
-    * set *tmp12 null
   136 jump *label30 always
   137 label *label29
-    * set *tmp12 null
   138 label *label30
   139 jump *label44 equal :areUnitsAvailable:output false
   140 print :areUnitsAvailable:type
   141 print ":"
   142 print " occupied: "
   143 print :areUnitsAvailable:occupied
   144 print ","
   145 print " free: "
   146 print :areUnitsAvailable:free
   147 op greaterThan *tmp34 :areUnitsAvailable:needed 0
   148 jump *label46 equal *tmp34 false
   149 print ", needed: "
   150 print :areUnitsAvailable:needed
-    * set *tmp35 null
   151 jump *label47 always
   152 label *label46
-    * set *tmp35 null
   153 label *label47
   154 print "\n"
-    * set *tmp33 null
   155 jump *label45 always
   156 label *label44
-    * set *tmp33 null
   157 label *label45
   158 set *tmp10 false
   159 jump *label28 always
   160 set *tmp10 null
   161 label *label28
   162 jump *label26 equal *tmp10 false
   163 set *tmp9 UNIT_TYPE
   164 jump *label22 always
-    * set *tmp36 null
   165 jump *label27 always
   166 label *label26
-    * set *tmp36 null
   167 label *label27
   168 set :chooseUnitType:type @flare
   169 setaddr *tmp37 *label51
   170 jump *label48 always
   171 multilabel *label51 (m:marker1)
   172 set :chooseUnitType:type @poly
   173 setaddr *tmp37 *label52
   174 jump *label48 always
   175 multilabel *label52 (m:marker1)
   176 set :chooseUnitType:type @mega
   177 setaddr *tmp37 *label53
   178 jump *label48 always
   179 multilabel *label53 (m:marker1)
   180 set :chooseUnitType:type @mono
   181 setaddr *tmp37 *label54
 
   219 sensor *tmp54 @unit @controller
   220 op equal *tmp55 *tmp54 @this
   221 jump *label70 notEqual *tmp55 false
   222 jump *label68 always
   223 label *label70
   224 op add :areUnitsAvailable.1:free :areUnitsAvailable.1:free 1
   225 op greaterThanEq *tmp57 :areUnitsAvailable.1:free :areUnitsAvailable.1:needed
   226 jump *label72 equal *tmp57 false
   227 set *tmp40 true
   228 jump *label59 always
   229 set *tmp58 null
   230 jump *label73 always
   231 label *label72
   232 set *tmp58 null
   233 label *label73
-    * set *tmp56 *tmp58
   234 jump *label69 always
   235 label *label68
   236 set *tmp59 :areUnitsAvailable.1:occupied
   237 op add :areUnitsAvailable.1:occupied :areUnitsAvailable.1:occupied 1
-    * set *tmp56 *tmp59
   238 label *label69
   239 ubind :areUnitsAvailable.1:type
   240 label *label66
   241 op notEqual *tmp60 @unit :areUnitsAvailable.1:firstUnit
   242 jump *label67 equal *tmp60 false
   243 label *label74
   244 sensor *tmp61 :areUnitsAvailable.1:firstUnit @dead
   245 op equal *tmp62 *tmp61 0
   246 jump *label67 equal *tmp62 false
   247 jump *label65 always
   248 label *label67
-    * set *tmp42 null
   249 jump *label61 always
   250 label *label60
-    * set *tmp42 null
   251 label *label61
   252 jump *label75 equal :areUnitsAvailable.1:output false
   253 print :areUnitsAvailable.1:type
   254 print ":"
   255 print " occupied: "
   256 print :areUnitsAvailable.1:occupied
   257 print ","
   258 print " free: "
   259 print :areUnitsAvailable.1:free
   260 op greaterThan *tmp64 :areUnitsAvailable.1:needed 0
   261 jump *label77 equal *tmp64 false
   262 print ", needed: "
   263 print :areUnitsAvailable.1:needed
-    * set *tmp65 null
   264 jump *label78 always
   265 label *label77
-    * set *tmp65 null
   266 label *label78
   267 print "\n"
-    * set *tmp63 null
   268 jump *label76 always
   269 label *label75
-    * set *tmp63 null
   270 label *label76
   271 set *tmp40 false
   272 jump *label59 always
   273 set *tmp40 null
   274 label *label59
   275 jump *label57 equal *tmp40 false
   276 printflush null
   277 set *tmp9 :chooseUnitType:type
   278 jump *label22 always
   279 set *tmp66 null
   280 jump *label58 always
   281 label *label57
   282 set *tmp66 null
   283 label *label58
-    * set *tmp39 *tmp66
   284 jump *label56 always
   285 label *label55
-    * set *tmp39 null
   286 label *label56
   287 label *label49
   288 multijump *tmp37 0 0 (m:marker1)
   289 multilabel *label54 (m:marker1)
   290 label *label50
   291 printflush message1
   292 label *label24
   293 jump *label23 always
   294 label *label25
   295 set *tmp9 null
   296 label *label22
   297 set .TYPE *tmp9
   298 print "[gold]Binding units..."
   299 printflush message1
   300 set .UNIT_P2 null
   301 set .UNIT_S2 .UNIT_P2
   302 set .UNIT_P1 .UNIT_S2
   303 set .UNIT_S1 .UNIT_P1
   304 set :rebindUnits:count 0
   305 ubind .TYPE
   306 set :rebindUnits:firstUnit @unit
   307 op equal *tmp68 :rebindUnits:firstUnit null
   308 jump *label80 equal *tmp68 false
   309 end
-    * set *tmp69 null
   310 jump *label81 always
   311 label *label80
-    * set *tmp69 null
   312 label *label81
   313 label *label82
   314 sensor *tmp70 @unit @controller
   315 op equal *tmp71 *tmp70 @this
   316 jump *label85 equal *tmp71 false
-    * set *tmp73 :rebindUnits:count
   317 op add :rebindUnits:count :rebindUnits:count 1
   318 ucontrol flag 1
   319 set .UNIT_S2 .UNIT_P2
   320 set .UNIT_P2 .UNIT_S1
   321 set .UNIT_S1 .UNIT_P1
   322 set .UNIT_P1 @unit
   323 op notEqual *tmp74 .UNIT_S2 null
   324 jump *label87 equal *tmp74 false
   325 jump *label84 always
   326 set *tmp75 null
   327 jump *label88 always
   328 label *label87
   329 set *tmp75 null
   330 label *label88
-    * set *tmp72 *tmp75
   331 jump *label86 always
   332 label *label85
-    * set *tmp72 null
   333 label *label86
   334 ubind .TYPE
   335 label *label83
   336 op notEqual *tmp76 @unit :rebindUnits:firstUnit
   337 jump *label84 equal *tmp76 false
   338 label *label89
   339 sensor *tmp77 :rebindUnits:firstUnit @dead
   340 op equal *tmp78 *tmp77 0
   341 jump *label84 equal *tmp78 false
   342 jump *label82 always
   343 label *label84
-    * set *tmp67 :rebindUnits:count
   344 jump *label79 always
-    * set *tmp67 null
   345 label *label79
   346 set :acquireUnit:currentUnit .UNIT_S1
   347 set :rebindUnit:currentUnit :acquireUnit:currentUnit
   348 op notEqual *tmp81 :rebindUnit:currentUnit null
   349 jump *label92 equal *tmp81 false
   350 ubind :rebindUnit:currentUnit
   351 sensor *tmp83 @unit @dead
   352 op equal *tmp84 *tmp83 0
   353 jump *label94 equal *tmp84 false
   354 label *label97
   355 sensor *tmp85 @unit @controller
   356 op equal *tmp86 *tmp85 @this
   357 jump *label94 equal *tmp86 false
   358 jump *label96 always
   359 label *label96
-    * set *tmp80 :rebindUnit:currentUnit
   360 jump *label91 always
   361 set *tmp87 null
   362 jump *label95 always
   363 label *label94
   364 set *tmp87 null
   365 label *label95
-    * set *tmp82 *tmp87
   366 jump *label93 always
   367 label *label92
-    * set *tmp82 null
   368 label *label93
   369 ubind .TYPE
   370 set :rebindUnit:firstUnit @unit
   371 op notEqual *tmp88 :rebindUnit:firstUnit null
   372 jump *label98 equal *tmp88 false
   373 label *label100
   374 sensor *tmp90 @unit @controlled
   375 op equal *tmp91 *tmp90 0
   376 jump *label103 equal *tmp91 false
-    * set *tmp80 @unit
   377 jump *label91 always
-    * set *tmp92 null
   378 jump *label104 always
   379 label *label103
-    * set *tmp92 null
   380 label *label104
   381 ubind .TYPE
   382 label *label101
   383 op notEqual *tmp93 @unit :rebindUnit:firstUnit
   384 jump *label102 equal *tmp93 false
   385 label *label105
   386 sensor *tmp94 :rebindUnit:firstUnit @dead
   387 op equal *tmp95 *tmp94 0
   388 jump *label102 equal *tmp95 false
   389 jump *label100 always
   390 label *label102
-    * set *tmp89 null
   391 jump *label99 always
   392 label *label98
-    * set *tmp89 null
   393 label *label99
   394 end
-    * set *tmp80 null
   395 label *label91
   396 ucontrol flag 1
   397 set *tmp79 @unit
   398 jump *label90 always
   399 set *tmp79 null
   400 label *label90
   401 set .UNIT_S1 *tmp79
   402 set :acquireUnit.1:currentUnit .UNIT_P1
   403 set :rebindUnit.1:currentUnit :acquireUnit.1:currentUnit
   404 op notEqual *tmp98 :rebindUnit.1:currentUnit null
   405 jump *label108 equal *tmp98 false
   406 ubind :rebindUnit.1:currentUnit
   407 sensor *tmp100 @unit @dead
   408 op equal *tmp101 *tmp100 0
   409 jump *label110 equal *tmp101 false
   410 label *label113
   411 sensor *tmp102 @unit @controller
   412 op equal *tmp103 *tmp102 @this
   413 jump *label110 equal *tmp103 false
   414 jump *label112 always
   415 label *label112
-    * set *tmp97 :rebindUnit.1:currentUnit
   416 jump *label107 always
   417 set *tmp104 null
   418 jump *label111 always
   419 label *label110
   420 set *tmp104 null
   421 label *label111
-    * set *tmp99 *tmp104
   422 jump *label109 always
   423 label *label108
-    * set *tmp99 null
   424 label *label109
   425 ubind .TYPE
   426 set :rebindUnit.1:firstUnit @unit
   427 op notEqual *tmp105 :rebindUnit.1:firstUnit null
   428 jump *label114 equal *tmp105 false
   429 label *label116
   430 sensor *tmp107 @unit @controlled
   431 op equal *tmp108 *tmp107 0
   432 jump *label119 equal *tmp108 false
-    * set *tmp97 @unit
   433 jump *label107 always
-    * set *tmp109 null
   434 jump *label120 always
   435 label *label119
-    * set *tmp109 null
   436 label *label120
   437 ubind .TYPE
   438 label *label117
   439 op notEqual *tmp110 @unit :rebindUnit.1:firstUnit
   440 jump *label118 equal *tmp110 false
   441 label *label121
   442 sensor *tmp111 :rebindUnit.1:firstUnit @dead
   443 op equal *tmp112 *tmp111 0
   444 jump *label118 equal *tmp112 false
   445 jump *label116 always
   446 label *label118
-    * set *tmp106 null
   447 jump *label115 always
   448 label *label114
-    * set *tmp106 null
   449 label *label115
   450 end
-    * set *tmp97 null
   451 label *label107
   452 ucontrol flag 1
   453 set *tmp96 @unit
   454 jump *label106 always
   455 set *tmp96 null
   456 label *label106
   457 set .UNIT_P1 *tmp96
   458 sensor *tmp113 .UNIT_S1 @firstItem
   459 op equal *tmp114 *tmp113 @phase-fabric
   460 jump *label124 notEqual *tmp114 false
   461 label *label125
   462 sensor *tmp115 .UNIT_P1 @firstItem
   463 op equal *tmp116 *tmp115 @silicon
   464 jump *label124 notEqual *tmp116 false
   465 jump *label122 always
   466 label *label124
   467 set :swap:t .UNIT_S1
   468 set .UNIT_S1 .UNIT_P1
   469 set .UNIT_P1 :swap:t
   470 label *label126
-    * set *tmp117 null
   471 jump *label123 always
   472 label *label122
-    * set *tmp117 null
   473 label *label123
   474 sensor *tmp118 .UNIT_S1 @itemCapacity
   475 set .UNIT_CAPACITY *tmp118
   476 sensor *tmp119 .UNIT_S1 @speed
   477 set .SPEED *tmp119
   478 op div *tmp120 .SPEED 10
   479 set .SPEED_TENTHS *tmp120
   480 op strictEqual *tmp121 .SPEED null
   481 jump *label127 equal *tmp121 false
   482 stop
-    * set *tmp122 null
   483 jump *label128 always
   484 label *label127
-    * set *tmp122 null
   485 label *label128
   486 set :needsFourUnits.2:unit .UNIT_S1
   487 op sub *tmp124 .DOME_X .CORE_X
   488 op sub *tmp125 .DOME_Y .CORE_Y
   489 op len *tmp126 *tmp124 *tmp125
   490 op mul *tmp127 2 *tmp126
   491 sensor *tmp128 :needsFourUnits.2:unit @speed
   492 op div *tmp129 *tmp127 *tmp128
   493 set :needsFourUnits.2:travel_time *tmp129
   494 op greaterThanEq *tmp130 :needsFourUnits.2:travel_time 47
   495 set *tmp123 *tmp130
   496 jump *label129 always
   497 set *tmp123 null
   498 label *label129
   499 set .FOUR_UNITS *tmp123
   500 jump *label130 equal .FOUR_UNITS false
   501 set :acquireUnit.2:currentUnit .UNIT_S2
   502 set :rebindUnit.2:currentUnit :acquireUnit.2:currentUnit
   503 op notEqual *tmp134 :rebindUnit.2:currentUnit null
   504 jump *label134 equal *tmp134 false
   505 ubind :rebindUnit.2:currentUnit
   506 sensor *tmp136 @unit @dead
   507 op equal *tmp137 *tmp136 0
   508 jump *label136 equal *tmp137 false
   509 label *label139
   510 sensor *tmp138 @unit @controller
   511 op equal *tmp139 *tmp138 @this
   512 jump *label136 equal *tmp139 false
   513 jump *label138 always
   514 label *label138
-    * set *tmp133 :rebindUnit.2:currentUnit
   515 jump *label133 always
   516 set *tmp140 null
   517 jump *label137 always
   518 label *label136
   519 set *tmp140 null
   520 label *label137
-    * set *tmp135 *tmp140
   521 jump *label135 always
   522 label *label134
-    * set *tmp135 null
   523 label *label135
   524 ubind .TYPE
   525 set :rebindUnit.2:firstUnit @unit
   526 op notEqual *tmp141 :rebindUnit.2:firstUnit null
   527 jump *label140 equal *tmp141 false
   528 label *label142
   529 sensor *tmp143 @unit @controlled
   530 op equal *tmp144 *tmp143 0
   531 jump *label145 equal *tmp144 false
-    * set *tmp133 @unit
   532 jump *label133 always
-    * set *tmp145 null
   533 jump *label146 always
   534 label *label145
-    * set *tmp145 null
   535 label *label146
   536 ubind .TYPE
   537 label *label143
   538 op notEqual *tmp146 @unit :rebindUnit.2:firstUnit
   539 jump *label144 equal *tmp146 false
   540 label *label147
   541 sensor *tmp147 :rebindUnit.2:firstUnit @dead
   542 op equal *tmp148 *tmp147 0
   543 jump *label144 equal *tmp148 false
   544 jump *label142 always
   545 label *label144
-    * set *tmp142 null
   546 jump *label141 always
   547 label *label140
-    * set *tmp142 null
   548 label *label141
   549 end
-    * set *tmp133 null
   550 label *label133
   551 ucontrol flag 1
   552 set *tmp132 @unit
   553 jump *label132 always
   554 set *tmp132 null
   555 label *label132
   556 set .UNIT_S2 *tmp132
   557 set :acquireUnit.3:currentUnit .UNIT_P2
   558 set :rebindUnit.3:currentUnit :acquireUnit.3:currentUnit
   559 op notEqual *tmp151 :rebindUnit.3:currentUnit null
   560 jump *label150 equal *tmp151 false
   561 ubind :rebindUnit.3:currentUnit
   562 sensor *tmp153 @unit @dead
   563 op equal *tmp154 *tmp153 0
   564 jump *label152 equal *tmp154 false
   565 label *label155
   566 sensor *tmp155 @unit @controller
   567 op equal *tmp156 *tmp155 @this
   568 jump *label152 equal *tmp156 false
   569 jump *label154 always
   570 label *label154
-    * set *tmp150 :rebindUnit.3:currentUnit
   571 jump *label149 always
   572 set *tmp157 null
   573 jump *label153 always
   574 label *label152
   575 set *tmp157 null
   576 label *label153
-    * set *tmp152 *tmp157
   577 jump *label151 always
   578 label *label150
-    * set *tmp152 null
   579 label *label151
   580 ubind .TYPE
   581 set :rebindUnit.3:firstUnit @unit
   582 op notEqual *tmp158 :rebindUnit.3:firstUnit null
   583 jump *label156 equal *tmp158 false
   584 label *label158
   585 sensor *tmp160 @unit @controlled
   586 op equal *tmp161 *tmp160 0
   587 jump *label161 equal *tmp161 false
-    * set *tmp150 @unit
   588 jump *label149 always
-    * set *tmp162 null
   589 jump *label162 always
   590 label *label161
-    * set *tmp162 null
   591 label *label162
   592 ubind .TYPE
   593 label *label159
   594 op notEqual *tmp163 @unit :rebindUnit.3:firstUnit
   595 jump *label160 equal *tmp163 false
   596 label *label163
   597 sensor *tmp164 :rebindUnit.3:firstUnit @dead
   598 op equal *tmp165 *tmp164 0
   599 jump *label160 equal *tmp165 false
   600 jump *label158 always
   601 label *label160
-    * set *tmp159 null
   602 jump *label157 always
   603 label *label156
-    * set *tmp159 null
   604 label *label157
   605 end
-    * set *tmp150 null
   606 label *label149
   607 ucontrol flag 1
   608 set *tmp149 @unit
   609 jump *label148 always
   610 set *tmp149 null
   611 label *label148
   612 set .UNIT_P2 *tmp149
   613 sensor *tmp166 .UNIT_S1 @firstItem
   614 op equal *tmp167 *tmp166 @phase-fabric
   615 jump *label164 equal *tmp167 false
   616 label *label167
   617 sensor *tmp168 .UNIT_P2 @firstItem
   618 op notEqual *tmp169 *tmp168 @phase-fabric
   619 jump *label164 equal *tmp169 false
   620 jump *label166 always
   621 label *label166
   622 set :swap.1:t .UNIT_S1
   623 set .UNIT_S1 .UNIT_P2
   624 set .UNIT_P2 :swap.1:t
   625 label *label168
-    * set *tmp170 null
   626 jump *label165 always
   627 label *label164
-    * set *tmp170 null
   628 label *label165
   629 sensor *tmp171 .UNIT_S2 @firstItem
   630 op equal *tmp172 *tmp171 @phase-fabric
   631 jump *label171 notEqual *tmp172 false
   632 label *label172
   633 sensor *tmp173 .UNIT_P2 @firstItem
   634 op equal *tmp174 *tmp173 @silicon
   635 jump *label171 notEqual *tmp174 false
   636 jump *label169 always
   637 label *label171
   638 set :swap.2:t .UNIT_S2
   639 set .UNIT_S2 .UNIT_P2
   640 set .UNIT_P2 :swap.2:t
   641 label *label173
-    * set *tmp175 null
   642 jump *label170 always
   643 label *label169
-    * set *tmp175 null
   644 label *label170
   645 set .GROUP1 "unit  1"
   646 set .GROUP2 "unit 2"
-    * set *tmp131 .GROUP2
   647 jump *label131 always
   648 label *label130
   649 set :free:unit .UNIT_S2
   650 setaddr *tmp176 *label178
   651 jump *label175 always
   652 multilabel *label178 (m:marker2)
   653 set :free:unit .UNIT_P2
   654 setaddr *tmp176 *label179
   655 label *label175
   656 ubind :free:unit
   657 ucontrol flag 0
   658 ucontrol unbind
   659 label *label176
   660 multijump *tmp176 0 0 (m:marker2)
   661 multilabel *label179 (m:marker2)
   662 label *label177
   663 label *label174
   664 set .UNIT_P2 null
   665 set .UNIT_S2 .UNIT_P2
   666 set .GROUP1 "unit"
-    * set *tmp131 .GROUP1
   667 label *label131
   668 op equal *tmp177 .FOUR_UNITS false
   669 jump *label182 notEqual *tmp177 false
   670 label *label183
   671 sensor *tmp178 .UNIT_S1 @totalItems
   672 sensor *tmp179 .UNIT_S2 @totalItems
   673 op lessThan *tmp180 *tmp178 *tmp179
   674 jump *label182 notEqual *tmp180 false
   675 jump *label180 always
   676 label *label182
   677 set *tmp181 true
   678 jump *label181 always
   679 label *label180
   680 set *tmp181 false
   681 label *label181
 
   709 print "["
   710 print "]"
   711 print "\n"
   712 set :printDomeStatus:item @silicon
   713 set :printDomeStatus:text "\n[green]Silicon[] status:\n"
   714 print :printDomeStatus:text
   715 sensor *tmp189 dome1 :printDomeStatus:item
   716 set :printDomeStatus:level *tmp189
   717 op greaterThan *tmp190 :printDomeStatus:level 3
   718 jump *label192 equal *tmp190 false
   719 print "  dome:  [green]"
   720 print :printDomeStatus:level
   721 print "["
   722 print "]"
   723 print "\n"
-    * set *tmp191 null
   724 jump *label193 always
   725 label *label192
   726 print "  dome:  [coral]"
   727 print :printDomeStatus:level
   728 print "["
   729 print "]"
   730 print "\n"
-    * set *tmp191 null
   731 label *label193
   732 label *label191
   733 set :processUnit:unit .UNIT_S1
   734 set :processUnit:item @silicon
   735 set :processUnit:group .GROUP1
   736 set :processUnit:supply .SUPPLY_S_FIRST
   737 set :rebindUnit.4:currentUnit :processUnit:unit
   738 op notEqual *tmp193 :rebindUnit.4:currentUnit null
   739 jump *label196 equal *tmp193 false
   740 ubind :rebindUnit.4:currentUnit
   741 sensor *tmp195 @unit @dead
   742 op equal *tmp196 *tmp195 0
   743 jump *label198 equal *tmp196 false
   744 label *label201
   745 sensor *tmp197 @unit @controller
   746 op equal *tmp198 *tmp197 @this
   747 jump *label198 equal *tmp198 false
   748 jump *label200 always
   749 label *label200
-    * set *tmp192 :rebindUnit.4:currentUnit
   750 jump *label195 always
   751 set *tmp199 null
   752 jump *label199 always
   753 label *label198
   754 set *tmp199 null
   755 label *label199
-    * set *tmp194 *tmp199
   756 jump *label197 always
   757 label *label196
-    * set *tmp194 null
   758 label *label197
   759 ubind .TYPE
   760 set :rebindUnit.4:firstUnit @unit
   761 op notEqual *tmp200 :rebindUnit.4:firstUnit null
   762 jump *label202 equal *tmp200 false
   763 label *label204
   764 sensor *tmp202 @unit @controlled
   765 op equal *tmp203 *tmp202 0
   766 jump *label207 equal *tmp203 false
-    * set *tmp192 @unit
   767 jump *label195 always
-    * set *tmp204 null
   768 jump *label208 always
   769 label *label207
-    * set *tmp204 null
   770 label *label208
   771 ubind .TYPE
   772 label *label205
   773 op notEqual *tmp205 @unit :rebindUnit.4:firstUnit
   774 jump *label206 equal *tmp205 false
   775 label *label209
   776 sensor *tmp206 :rebindUnit.4:firstUnit @dead
   777 op equal *tmp207 *tmp206 0
   778 jump *label206 equal *tmp207 false
   779 jump *label204 always
   780 label *label206
-    * set *tmp201 null
   781 jump *label203 always
   782 label *label202
-    * set *tmp201 null
   783 label *label203
   784 end
-    * set *tmp192 null
   785 label *label195
   786 sensor *tmp208 @unit @flag
   787 set :processUnit:state *tmp208
   788 set :processUnit:distance -1
   789 set :processUnit:color "gold"
   790 op lessThan *tmp209 :processUnit:state 2
   791 jump *label212 notEqual *tmp209 false
   792 label *label213
   793 op greaterThan *tmp210 :processUnit:state 3
   794 jump *label212 notEqual *tmp210 false
   795 jump *label210 always
   796 label *label212
   797 sensor *tmp212 @unit @firstItem
   798 op equal *tmp213 *tmp212 :processUnit:item
   799 jump *label214 equal *tmp213 false
 
   810 label *label216
   811 set .MSG ", initializing\n"
   812 ucontrol approach .CORE_X .CORE_Y 6
   813 ucontrol within .CORE_X .CORE_Y 8 *tmp218
   814 jump *label218 equal *tmp218 false
   815 ucontrol itemDrop .CORE .UNIT_CAPACITY
   816 set *tmp219 null
   817 jump *label219 always
   818 label *label218
   819 set *tmp219 null
   820 label *label219
   821 set *tmp217 *tmp219
   822 label *label217
   823 set *tmp214 *tmp217
   824 label *label215
-    * set *tmp211 *tmp214
   825 jump *label211 always
   826 label *label210
-    * set *tmp211 null
   827 label *label211
   828 op equal *tmp220 :processUnit:state 2
   829 jump *label220 equal *tmp220 false
   830 ucontrol within .CORE_X .CORE_Y 8 *tmp222
   831 jump *label222 equal *tmp222 false
   832 ucontrol itemTake .CORE :processUnit:item .UNIT_CAPACITY
   833 sensor *tmp224 @unit @totalItems
   834 op greaterThanEq *tmp225 *tmp224 .UNIT_CAPACITY
   835 jump *label224 equal *tmp225 false
   836 ucontrol approach .DOME_X .DOME_Y 6
   837 set :processUnit:state 3
   838 set *tmp226 :processUnit:state
   839 jump *label225 always
   840 label *label224
   841 set .MSG ", loading\n"
 
   844 set *tmp223 *tmp226
   845 jump *label223 always
   846 label *label222
   847 ucontrol approach .CORE_X .CORE_Y 6
   848 set .MSG ", fetching in [gold]"
   849 sensor *tmp227 @unit @x
   850 op sub *tmp228 .CORE_X *tmp227
   851 sensor *tmp229 @unit @y
   852 op sub *tmp230 .CORE_Y *tmp229
   853 op len *tmp231 *tmp228 *tmp230
   854 op idiv *tmp232 *tmp231 .SPEED_TENTHS
   855 op div *tmp233 *tmp232 10
   856 set :processUnit:distance *tmp233
   857 set *tmp223 :processUnit:distance
   858 label *label223
-    * set *tmp221 *tmp223
   859 jump *label221 always
   860 label *label220
-    * set *tmp221 null
   861 label *label221
   862 op equal *tmp234 :processUnit:state 3
   863 jump *label226 equal *tmp234 false
   864 ucontrol within .DOME_X .DOME_Y 8 *tmp236
   865 jump *label228 equal *tmp236 false
   866 jump *label230 equal :processUnit:supply false
   867 ucontrol itemDrop dome1 .UNIT_CAPACITY
   868 set .MSG ", supplying\n"
-    * set *tmp238 .MSG
   869 jump *label231 always
   870 label *label230
   871 ucontrol approach .DOME_X .DOME_Y 6
   872 set .MSG ", waiting\n"
-    * set *tmp238 .MSG
   873 label *label231
   874 sensor *tmp239 @unit @totalItems
   875 op lessThanEq *tmp240 *tmp239 0
   876 jump *label232 equal *tmp240 false
   877 ucontrol approach .CORE_X .CORE_Y 6
   878 set :processUnit:state 2
   879 set *tmp241 :processUnit:state
   880 jump *label233 always
   881 label *label232
   882 set *tmp241 null
   883 label *label233
   884 set *tmp237 *tmp241
   885 jump *label229 always
   886 label *label228
   887 ucontrol approach .DOME_X .DOME_Y 6
   888 set .MSG ", returning in [gold]"
   889 sensor *tmp242 @unit @x
   890 op sub *tmp243 .DOME_X *tmp242
   891 sensor *tmp244 @unit @y
   892 op sub *tmp245 .DOME_Y *tmp244
   893 op len *tmp246 *tmp243 *tmp245
   894 op idiv *tmp247 *tmp246 .SPEED_TENTHS
   895 op div *tmp248 *tmp247 10
   896 set :processUnit:distance *tmp248
   897 set *tmp237 :processUnit:distance
   898 label *label229
-    * set *tmp235 *tmp237
   899 jump *label227 always
   900 label *label226
-    * set *tmp235 null
   901 label *label227
   902 ucontrol flag :processUnit:state
   903 sensor *tmp249 @unit @totalItems
   904 print "  "
   905 print :processUnit:group
   906 print ":"
   907 print " ["
   908 print :processUnit:color
   909 print "]"
   910 print *tmp249
   911 print "["
   912 print "]"
   913 op greaterThanEq *tmp250 :processUnit:distance 0
   914 jump *label234 equal *tmp250 false
   915 print .MSG
   916 print :processUnit:distance
   917 print "["
   918 print "] sec"
   919 print "\n"
-    * set *tmp251 null
   920 jump *label235 always
   921 label *label234
   922 print .MSG
-    * set *tmp251 .MSG
   923 label *label235
   924 set :processUnit:unit @unit
   925 label *label194
   926 set .UNIT_S1 :processUnit:unit
   927 jump *label236 equal .FOUR_UNITS false
   928 op equal *tmp253 .SUPPLY_S_FIRST false
   929 set :processUnit.1:unit .UNIT_S2
   930 set :processUnit.1:item @silicon
   931 set :processUnit.1:group .GROUP2
   932 set :processUnit.1:supply *tmp253
   933 set :rebindUnit.5:currentUnit :processUnit.1:unit
   934 op notEqual *tmp255 :rebindUnit.5:currentUnit null
   935 jump *label240 equal *tmp255 false
   936 ubind :rebindUnit.5:currentUnit
   937 sensor *tmp257 @unit @dead
   938 op equal *tmp258 *tmp257 0
   939 jump *label242 equal *tmp258 false
   940 label *label245
   941 sensor *tmp259 @unit @controller
   942 op equal *tmp260 *tmp259 @this
   943 jump *label242 equal *tmp260 false
   944 jump *label244 always
   945 label *label244
-    * set *tmp254 :rebindUnit.5:currentUnit
   946 jump *label239 always
   947 set *tmp261 null
   948 jump *label243 always
   949 label *label242
   950 set *tmp261 null
   951 label *label243
-    * set *tmp256 *tmp261
   952 jump *label241 always
   953 label *label240
-    * set *tmp256 null
   954 label *label241
   955 ubind .TYPE
   956 set :rebindUnit.5:firstUnit @unit
   957 op notEqual *tmp262 :rebindUnit.5:firstUnit null
   958 jump *label246 equal *tmp262 false
   959 label *label248
   960 sensor *tmp264 @unit @controlled
   961 op equal *tmp265 *tmp264 0
   962 jump *label251 equal *tmp265 false
-    * set *tmp254 @unit
   963 jump *label239 always
-    * set *tmp266 null
   964 jump *label252 always
   965 label *label251
-    * set *tmp266 null
   966 label *label252
   967 ubind .TYPE
   968 label *label249
   969 op notEqual *tmp267 @unit :rebindUnit.5:firstUnit
   970 jump *label250 equal *tmp267 false
   971 label *label253
   972 sensor *tmp268 :rebindUnit.5:firstUnit @dead
   973 op equal *tmp269 *tmp268 0
   974 jump *label250 equal *tmp269 false
   975 jump *label248 always
   976 label *label250
-    * set *tmp263 null
   977 jump *label247 always
   978 label *label246
-    * set *tmp263 null
   979 label *label247
   980 end
-    * set *tmp254 null
   981 label *label239
   982 sensor *tmp270 @unit @flag
   983 set :processUnit.1:state *tmp270
   984 set :processUnit.1:distance -1
   985 set :processUnit.1:color "gold"
   986 op lessThan *tmp271 :processUnit.1:state 2
   987 jump *label256 notEqual *tmp271 false
   988 label *label257
   989 op greaterThan *tmp272 :processUnit.1:state 3
   990 jump *label256 notEqual *tmp272 false
   991 jump *label254 always
   992 label *label256
   993 sensor *tmp274 @unit @firstItem
   994 op equal *tmp275 *tmp274 :processUnit.1:item
   995 jump *label258 equal *tmp275 false
 
  1006 label *label260
  1007 set .MSG ", initializing\n"
  1008 ucontrol approach .CORE_X .CORE_Y 6
  1009 ucontrol within .CORE_X .CORE_Y 8 *tmp280
  1010 jump *label262 equal *tmp280 false
  1011 ucontrol itemDrop .CORE .UNIT_CAPACITY
  1012 set *tmp281 null
  1013 jump *label263 always
  1014 label *label262
  1015 set *tmp281 null
  1016 label *label263
  1017 set *tmp279 *tmp281
  1018 label *label261
  1019 set *tmp276 *tmp279
  1020 label *label259
-    * set *tmp273 *tmp276
  1021 jump *label255 always
  1022 label *label254
-    * set *tmp273 null
  1023 label *label255
  1024 op equal *tmp282 :processUnit.1:state 2
  1025 jump *label264 equal *tmp282 false
  1026 ucontrol within .CORE_X .CORE_Y 8 *tmp284
  1027 jump *label266 equal *tmp284 false
  1028 ucontrol itemTake .CORE :processUnit.1:item .UNIT_CAPACITY
  1029 sensor *tmp286 @unit @totalItems
  1030 op greaterThanEq *tmp287 *tmp286 .UNIT_CAPACITY
  1031 jump *label268 equal *tmp287 false
  1032 ucontrol approach .DOME_X .DOME_Y 6
  1033 set :processUnit.1:state 3
  1034 set *tmp288 :processUnit.1:state
  1035 jump *label269 always
  1036 label *label268
  1037 set .MSG ", loading\n"
 
  1040 set *tmp285 *tmp288
  1041 jump *label267 always
  1042 label *label266
  1043 ucontrol approach .CORE_X .CORE_Y 6
  1044 set .MSG ", fetching in [gold]"
  1045 sensor *tmp289 @unit @x
  1046 op sub *tmp290 .CORE_X *tmp289
  1047 sensor *tmp291 @unit @y
  1048 op sub *tmp292 .CORE_Y *tmp291
  1049 op len *tmp293 *tmp290 *tmp292
  1050 op idiv *tmp294 *tmp293 .SPEED_TENTHS
  1051 op div *tmp295 *tmp294 10
  1052 set :processUnit.1:distance *tmp295
  1053 set *tmp285 :processUnit.1:distance
  1054 label *label267
-    * set *tmp283 *tmp285
  1055 jump *label265 always
  1056 label *label264
-    * set *tmp283 null
  1057 label *label265
  1058 op equal *tmp296 :processUnit.1:state 3
  1059 jump *label270 equal *tmp296 false
  1060 ucontrol within .DOME_X .DOME_Y 8 *tmp298
  1061 jump *label272 equal *tmp298 false
  1062 jump *label274 equal :processUnit.1:supply false
  1063 ucontrol itemDrop dome1 .UNIT_CAPACITY
  1064 set .MSG ", supplying\n"
-    * set *tmp300 .MSG
  1065 jump *label275 always
  1066 label *label274
  1067 ucontrol approach .DOME_X .DOME_Y 6
  1068 set .MSG ", waiting\n"
-    * set *tmp300 .MSG
  1069 label *label275
  1070 sensor *tmp301 @unit @totalItems
  1071 op lessThanEq *tmp302 *tmp301 0
  1072 jump *label276 equal *tmp302 false
  1073 ucontrol approach .CORE_X .CORE_Y 6
  1074 set :processUnit.1:state 2
  1075 set *tmp303 :processUnit.1:state
  1076 jump *label277 always
  1077 label *label276
  1078 set *tmp303 null
  1079 label *label277
  1080 set *tmp299 *tmp303
  1081 jump *label273 always
  1082 label *label272
  1083 ucontrol approach .DOME_X .DOME_Y 6
  1084 set .MSG ", returning in [gold]"
  1085 sensor *tmp304 @unit @x
  1086 op sub *tmp305 .DOME_X *tmp304
  1087 sensor *tmp306 @unit @y
  1088 op sub *tmp307 .DOME_Y *tmp306
  1089 op len *tmp308 *tmp305 *tmp307
  1090 op idiv *tmp309 *tmp308 .SPEED_TENTHS
  1091 op div *tmp310 *tmp309 10
  1092 set :processUnit.1:distance *tmp310
  1093 set *tmp299 :processUnit.1:distance
  1094 label *label273
-    * set *tmp297 *tmp299
  1095 jump *label271 always
  1096 label *label270
-    * set *tmp297 null
  1097 label *label271
  1098 ucontrol flag :processUnit.1:state
  1099 sensor *tmp311 @unit @totalItems
  1100 print "  "
  1101 print :processUnit.1:group
  1102 print ":"
  1103 print " ["
  1104 print :processUnit.1:color
  1105 print "]"
  1106 print *tmp311
  1107 print "["
  1108 print "]"
  1109 op greaterThanEq *tmp312 :processUnit.1:distance 0
  1110 jump *label278 equal *tmp312 false
  1111 print .MSG
  1112 print :processUnit.1:distance
  1113 print "["
  1114 print "] sec"
  1115 print "\n"
-    * set *tmp313 null
  1116 jump *label279 always
  1117 label *label278
  1118 print .MSG
-    * set *tmp313 .MSG
  1119 label *label279
  1120 set :processUnit.1:unit @unit
  1121 label *label238
  1122 set .UNIT_S2 :processUnit.1:unit
  1123 jump *label280 equal .SUPPLY_S_FIRST false
  1124 sensor *tmp315 .UNIT_S1 @totalItems
  1125 op greaterThan *tmp316 *tmp315 0
  1126 set *tmp314 *tmp316
  1127 jump *label281 always
  1128 label *label280
  1129 sensor *tmp317 .UNIT_S2 @totalItems
  1130 op equal *tmp318 *tmp317 0
  1131 set *tmp314 *tmp318
  1132 label *label281
  1133 set .SUPPLY_S_FIRST *tmp314
-    * set *tmp252 .SUPPLY_S_FIRST
  1134 jump *label237 always
  1135 label *label236
-    * set *tmp252 null
  1136 label *label237
  1137 set :printDomeStatus.1:item @phase-fabric
  1138 set :printDomeStatus.1:text "\n[green]Phase fabric[] status:\n"
  1139 print :printDomeStatus.1:text
  1140 sensor *tmp319 dome1 :printDomeStatus.1:item
  1141 set :printDomeStatus.1:level *tmp319
  1142 op greaterThan *tmp320 :printDomeStatus.1:level 3
  1143 jump *label283 equal *tmp320 false
  1144 print "  dome:  [green]"
  1145 print :printDomeStatus.1:level
  1146 print "["
  1147 print "]"
  1148 print "\n"
-    * set *tmp321 null
  1149 jump *label284 always
  1150 label *label283
  1151 print "  dome:  [coral]"
  1152 print :printDomeStatus.1:level
  1153 print "["
  1154 print "]"
  1155 print "\n"
-    * set *tmp321 null
  1156 label *label284
  1157 label *label282
  1158 set :processUnit.2:unit .UNIT_P1
  1159 set :processUnit.2:item @phase-fabric
  1160 set :processUnit.2:group .GROUP1
  1161 set :processUnit.2:supply .SUPPLY_P_FIRST
  1162 set :rebindUnit.6:currentUnit :processUnit.2:unit
  1163 op notEqual *tmp323 :rebindUnit.6:currentUnit null
  1164 jump *label287 equal *tmp323 false
  1165 ubind :rebindUnit.6:currentUnit
  1166 sensor *tmp325 @unit @dead
  1167 op equal *tmp326 *tmp325 0
  1168 jump *label289 equal *tmp326 false
  1169 label *label292
  1170 sensor *tmp327 @unit @controller
  1171 op equal *tmp328 *tmp327 @this
  1172 jump *label289 equal *tmp328 false
  1173 jump *label291 always
  1174 label *label291
-    * set *tmp322 :rebindUnit.6:currentUnit
  1175 jump *label286 always
  1176 set *tmp329 null
  1177 jump *label290 always
  1178 label *label289
  1179 set *tmp329 null
  1180 label *label290
-    * set *tmp324 *tmp329
  1181 jump *label288 always
  1182 label *label287
-    * set *tmp324 null
  1183 label *label288
  1184 ubind .TYPE
  1185 set :rebindUnit.6:firstUnit @unit
  1186 op notEqual *tmp330 :rebindUnit.6:firstUnit null
  1187 jump *label293 equal *tmp330 false
  1188 label *label295
  1189 sensor *tmp332 @unit @controlled
  1190 op equal *tmp333 *tmp332 0
  1191 jump *label298 equal *tmp333 false
-    * set *tmp322 @unit
  1192 jump *label286 always
-    * set *tmp334 null
  1193 jump *label299 always
  1194 label *label298
-    * set *tmp334 null
  1195 label *label299
  1196 ubind .TYPE
  1197 label *label296
  1198 op notEqual *tmp335 @unit :rebindUnit.6:firstUnit
  1199 jump *label297 equal *tmp335 false
  1200 label *label300
  1201 sensor *tmp336 :rebindUnit.6:firstUnit @dead
  1202 op equal *tmp337 *tmp336 0
  1203 jump *label297 equal *tmp337 false
  1204 jump *label295 always
  1205 label *label297
-    * set *tmp331 null
  1206 jump *label294 always
  1207 label *label293
-    * set *tmp331 null
  1208 label *label294
  1209 end
-    * set *tmp322 null
  1210 label *label286
  1211 sensor *tmp338 @unit @flag
  1212 set :processUnit.2:state *tmp338
  1213 set :processUnit.2:distance -1
  1214 set :processUnit.2:color "gold"
  1215 op lessThan *tmp339 :processUnit.2:state 2
  1216 jump *label303 notEqual *tmp339 false
  1217 label *label304
  1218 op greaterThan *tmp340 :processUnit.2:state 3
  1219 jump *label303 notEqual *tmp340 false
  1220 jump *label301 always
  1221 label *label303
  1222 sensor *tmp342 @unit @firstItem
  1223 op equal *tmp343 *tmp342 :processUnit.2:item
  1224 jump *label305 equal *tmp343 false
 
  1235 label *label307
  1236 set .MSG ", initializing\n"
  1237 ucontrol approach .CORE_X .CORE_Y 6
  1238 ucontrol within .CORE_X .CORE_Y 8 *tmp348
  1239 jump *label309 equal *tmp348 false
  1240 ucontrol itemDrop .CORE .UNIT_CAPACITY
  1241 set *tmp349 null
  1242 jump *label310 always
  1243 label *label309
  1244 set *tmp349 null
  1245 label *label310
  1246 set *tmp347 *tmp349
  1247 label *label308
  1248 set *tmp344 *tmp347
  1249 label *label306
-    * set *tmp341 *tmp344
  1250 jump *label302 always
  1251 label *label301
-    * set *tmp341 null
  1252 label *label302
  1253 op equal *tmp350 :processUnit.2:state 2
  1254 jump *label311 equal *tmp350 false
  1255 ucontrol within .CORE_X .CORE_Y 8 *tmp352
  1256 jump *label313 equal *tmp352 false
  1257 ucontrol itemTake .CORE :processUnit.2:item .UNIT_CAPACITY
  1258 sensor *tmp354 @unit @totalItems
  1259 op greaterThanEq *tmp355 *tmp354 .UNIT_CAPACITY
  1260 jump *label315 equal *tmp355 false
  1261 ucontrol approach .DOME_X .DOME_Y 6
  1262 set :processUnit.2:state 3
  1263 set *tmp356 :processUnit.2:state
  1264 jump *label316 always
  1265 label *label315
  1266 set .MSG ", loading\n"
 
  1269 set *tmp353 *tmp356
  1270 jump *label314 always
  1271 label *label313
  1272 ucontrol approach .CORE_X .CORE_Y 6
  1273 set .MSG ", fetching in [gold]"
  1274 sensor *tmp357 @unit @x
  1275 op sub *tmp358 .CORE_X *tmp357
  1276 sensor *tmp359 @unit @y
  1277 op sub *tmp360 .CORE_Y *tmp359
  1278 op len *tmp361 *tmp358 *tmp360
  1279 op idiv *tmp362 *tmp361 .SPEED_TENTHS
  1280 op div *tmp363 *tmp362 10
  1281 set :processUnit.2:distance *tmp363
  1282 set *tmp353 :processUnit.2:distance
  1283 label *label314
-    * set *tmp351 *tmp353
  1284 jump *label312 always
  1285 label *label311
-    * set *tmp351 null
  1286 label *label312
  1287 op equal *tmp364 :processUnit.2:state 3
  1288 jump *label317 equal *tmp364 false
  1289 ucontrol within .DOME_X .DOME_Y 8 *tmp366
  1290 jump *label319 equal *tmp366 false
  1291 jump *label321 equal :processUnit.2:supply false
  1292 ucontrol itemDrop dome1 .UNIT_CAPACITY
  1293 set .MSG ", supplying\n"
-    * set *tmp368 .MSG
  1294 jump *label322 always
  1295 label *label321
  1296 ucontrol approach .DOME_X .DOME_Y 6
  1297 set .MSG ", waiting\n"
-    * set *tmp368 .MSG
  1298 label *label322
  1299 sensor *tmp369 @unit @totalItems
  1300 op lessThanEq *tmp370 *tmp369 0
  1301 jump *label323 equal *tmp370 false
  1302 ucontrol approach .CORE_X .CORE_Y 6
  1303 set :processUnit.2:state 2
  1304 set *tmp371 :processUnit.2:state
  1305 jump *label324 always
  1306 label *label323
  1307 set *tmp371 null
  1308 label *label324
  1309 set *tmp367 *tmp371
  1310 jump *label320 always
  1311 label *label319
  1312 ucontrol approach .DOME_X .DOME_Y 6
  1313 set .MSG ", returning in [gold]"
  1314 sensor *tmp372 @unit @x
  1315 op sub *tmp373 .DOME_X *tmp372
  1316 sensor *tmp374 @unit @y
  1317 op sub *tmp375 .DOME_Y *tmp374
  1318 op len *tmp376 *tmp373 *tmp375
  1319 op idiv *tmp377 *tmp376 .SPEED_TENTHS
  1320 op div *tmp378 *tmp377 10
  1321 set :processUnit.2:distance *tmp378
  1322 set *tmp367 :processUnit.2:distance
  1323 label *label320
-    * set *tmp365 *tmp367
  1324 jump *label318 always
  1325 label *label317
-    * set *tmp365 null
  1326 label *label318
  1327 ucontrol flag :processUnit.2:state
  1328 sensor *tmp379 @unit @totalItems
  1329 print "  "
  1330 print :processUnit.2:group
  1331 print ":"
  1332 print " ["
  1333 print :processUnit.2:color
  1334 print "]"
  1335 print *tmp379
  1336 print "["
  1337 print "]"
  1338 op greaterThanEq *tmp380 :processUnit.2:distance 0
  1339 jump *label325 equal *tmp380 false
  1340 print .MSG
  1341 print :processUnit.2:distance
  1342 print "["
  1343 print "] sec"
  1344 print "\n"
-    * set *tmp381 null
  1345 jump *label326 always
  1346 label *label325
  1347 print .MSG
-    * set *tmp381 .MSG
  1348 label *label326
  1349 set :processUnit.2:unit @unit
  1350 label *label285
  1351 set .UNIT_P1 :processUnit.2:unit
  1352 jump *label327 equal .FOUR_UNITS false
  1353 op equal *tmp383 .SUPPLY_P_FIRST false
  1354 set :processUnit.3:unit .UNIT_P2
  1355 set :processUnit.3:item @phase-fabric
  1356 set :processUnit.3:group .GROUP2
  1357 set :processUnit.3:supply *tmp383
  1358 set :rebindUnit.7:currentUnit :processUnit.3:unit
  1359 op notEqual *tmp385 :rebindUnit.7:currentUnit null
  1360 jump *label331 equal *tmp385 false
  1361 ubind :rebindUnit.7:currentUnit
  1362 sensor *tmp387 @unit @dead
  1363 op equal *tmp388 *tmp387 0
  1364 jump *label333 equal *tmp388 false
  1365 label *label336
  1366 sensor *tmp389 @unit @controller
  1367 op equal *tmp390 *tmp389 @this
  1368 jump *label333 equal *tmp390 false
  1369 jump *label335 always
  1370 label *label335
-    * set *tmp384 :rebindUnit.7:currentUnit
  1371 jump *label330 always
  1372 set *tmp391 null
  1373 jump *label334 always
  1374 label *label333
  1375 set *tmp391 null
  1376 label *label334
-    * set *tmp386 *tmp391
  1377 jump *label332 always
  1378 label *label331
-    * set *tmp386 null
  1379 label *label332
  1380 ubind .TYPE
  1381 set :rebindUnit.7:firstUnit @unit
  1382 op notEqual *tmp392 :rebindUnit.7:firstUnit null
  1383 jump *label337 equal *tmp392 false
  1384 label *label339
  1385 sensor *tmp394 @unit @controlled
  1386 op equal *tmp395 *tmp394 0
  1387 jump *label342 equal *tmp395 false
-    * set *tmp384 @unit
  1388 jump *label330 always
-    * set *tmp396 null
  1389 jump *label343 always
  1390 label *label342
-    * set *tmp396 null
  1391 label *label343
  1392 ubind .TYPE
  1393 label *label340
  1394 op notEqual *tmp397 @unit :rebindUnit.7:firstUnit
  1395 jump *label341 equal *tmp397 false
  1396 label *label344
  1397 sensor *tmp398 :rebindUnit.7:firstUnit @dead
  1398 op equal *tmp399 *tmp398 0
  1399 jump *label341 equal *tmp399 false
  1400 jump *label339 always
  1401 label *label341
-    * set *tmp393 null
  1402 jump *label338 always
  1403 label *label337
-    * set *tmp393 null
  1404 label *label338
  1405 end
-    * set *tmp384 null
  1406 label *label330
  1407 sensor *tmp400 @unit @flag
  1408 set :processUnit.3:state *tmp400
  1409 set :processUnit.3:distance -1
  1410 set :processUnit.3:color "gold"
  1411 op lessThan *tmp401 :processUnit.3:state 2
  1412 jump *label347 notEqual *tmp401 false
  1413 label *label348
  1414 op greaterThan *tmp402 :processUnit.3:state 3
  1415 jump *label347 notEqual *tmp402 false
  1416 jump *label345 always
  1417 label *label347
  1418 sensor *tmp404 @unit @firstItem
  1419 op equal *tmp405 *tmp404 :processUnit.3:item
  1420 jump *label349 equal *tmp405 false
 
  1431 label *label351
  1432 set .MSG ", initializing\n"
  1433 ucontrol approach .CORE_X .CORE_Y 6
  1434 ucontrol within .CORE_X .CORE_Y 8 *tmp410
  1435 jump *label353 equal *tmp410 false
  1436 ucontrol itemDrop .CORE .UNIT_CAPACITY
  1437 set *tmp411 null
  1438 jump *label354 always
  1439 label *label353
  1440 set *tmp411 null
  1441 label *label354
  1442 set *tmp409 *tmp411
  1443 label *label352
  1444 set *tmp406 *tmp409
  1445 label *label350
-    * set *tmp403 *tmp406
  1446 jump *label346 always
  1447 label *label345
-    * set *tmp403 null
  1448 label *label346
  1449 op equal *tmp412 :processUnit.3:state 2
  1450 jump *label355 equal *tmp412 false
  1451 ucontrol within .CORE_X .CORE_Y 8 *tmp414
  1452 jump *label357 equal *tmp414 false
  1453 ucontrol itemTake .CORE :processUnit.3:item .UNIT_CAPACITY
  1454 sensor *tmp416 @unit @totalItems
  1455 op greaterThanEq *tmp417 *tmp416 .UNIT_CAPACITY
  1456 jump *label359 equal *tmp417 false
  1457 ucontrol approach .DOME_X .DOME_Y 6
  1458 set :processUnit.3:state 3
  1459 set *tmp418 :processUnit.3:state
  1460 jump *label360 always
  1461 label *label359
  1462 set .MSG ", loading\n"
 
  1465 set *tmp415 *tmp418
  1466 jump *label358 always
  1467 label *label357
  1468 ucontrol approach .CORE_X .CORE_Y 6
  1469 set .MSG ", fetching in [gold]"
  1470 sensor *tmp419 @unit @x
  1471 op sub *tmp420 .CORE_X *tmp419
  1472 sensor *tmp421 @unit @y
  1473 op sub *tmp422 .CORE_Y *tmp421
  1474 op len *tmp423 *tmp420 *tmp422
  1475 op idiv *tmp424 *tmp423 .SPEED_TENTHS
  1476 op div *tmp425 *tmp424 10
  1477 set :processUnit.3:distance *tmp425
  1478 set *tmp415 :processUnit.3:distance
  1479 label *label358
-    * set *tmp413 *tmp415
  1480 jump *label356 always
  1481 label *label355
-    * set *tmp413 null
  1482 label *label356
  1483 op equal *tmp426 :processUnit.3:state 3
  1484 jump *label361 equal *tmp426 false
  1485 ucontrol within .DOME_X .DOME_Y 8 *tmp428
  1486 jump *label363 equal *tmp428 false
  1487 jump *label365 equal :processUnit.3:supply false
  1488 ucontrol itemDrop dome1 .UNIT_CAPACITY
  1489 set .MSG ", supplying\n"
-    * set *tmp430 .MSG
  1490 jump *label366 always
  1491 label *label365
  1492 ucontrol approach .DOME_X .DOME_Y 6
  1493 set .MSG ", waiting\n"
-    * set *tmp430 .MSG
  1494 label *label366
  1495 sensor *tmp431 @unit @totalItems
  1496 op lessThanEq *tmp432 *tmp431 0
  1497 jump *label367 equal *tmp432 false
  1498 ucontrol approach .CORE_X .CORE_Y 6
  1499 set :processUnit.3:state 2
  1500 set *tmp433 :processUnit.3:state
  1501 jump *label368 always
  1502 label *label367
  1503 set *tmp433 null
  1504 label *label368
  1505 set *tmp429 *tmp433
  1506 jump *label364 always
  1507 label *label363
  1508 ucontrol approach .DOME_X .DOME_Y 6
  1509 set .MSG ", returning in [gold]"
  1510 sensor *tmp434 @unit @x
  1511 op sub *tmp435 .DOME_X *tmp434
  1512 sensor *tmp436 @unit @y
  1513 op sub *tmp437 .DOME_Y *tmp436
  1514 op len *tmp438 *tmp435 *tmp437
  1515 op idiv *tmp439 *tmp438 .SPEED_TENTHS
  1516 op div *tmp440 *tmp439 10
  1517 set :processUnit.3:distance *tmp440
  1518 set *tmp429 :processUnit.3:distance
  1519 label *label364
-    * set *tmp427 *tmp429
  1520 jump *label362 always
  1521 label *label361
-    * set *tmp427 null
  1522 label *label362
  1523 ucontrol flag :processUnit.3:state
  1524 sensor *tmp441 @unit @totalItems
  1525 print "  "
  1526 print :processUnit.3:group
  1527 print ":"
  1528 print " ["
  1529 print :processUnit.3:color
  1530 print "]"
  1531 print *tmp441
  1532 print "["
  1533 print "]"
  1534 op greaterThanEq *tmp442 :processUnit.3:distance 0
  1535 jump *label369 equal *tmp442 false
  1536 print .MSG
  1537 print :processUnit.3:distance
  1538 print "["
  1539 print "] sec"
  1540 print "\n"
-    * set *tmp443 null
  1541 jump *label370 always
  1542 label *label369
  1543 print .MSG
-    * set *tmp443 .MSG
  1544 label *label370
  1545 set :processUnit.3:unit @unit
  1546 label *label329
  1547 set .UNIT_P2 :processUnit.3:unit
  1548 jump *label371 equal .SUPPLY_P_FIRST false
  1549 sensor *tmp445 .UNIT_P1 @totalItems
  1550 op greaterThan *tmp446 *tmp445 0
  1551 set *tmp444 *tmp446
  1552 jump *label372 always
  1553 label *label371
  1554 sensor *tmp447 .UNIT_P2 @totalItems
  1555 op equal *tmp448 *tmp447 0
  1556 set *tmp444 *tmp448
  1557 label *label372
  1558 set .SUPPLY_P_FIRST *tmp444
-    * set *tmp382 .SUPPLY_P_FIRST
  1559 jump *label328 always
  1560 label *label327
-    * set *tmp382 null
  1561 label *label328
  1562 op sub *tmp449 @time :start
  1563 op floor *tmp450 *tmp449
  1564 print "\n"
  1565 print "[lightgray]Loop time: "
  1566 print *tmp450
  1567 print " "
  1568 print "ms"
  1569 printflush message1
  1570 op notEqual *tmp451 .TYPE UNIT_TYPE
  1571 jump *label373 equal *tmp451 false
  1572 label *label376
  1573 op greaterThan *tmp452 :unitCheck @time
  1574 jump *label373 equal *tmp452 false
  1575 jump *label375 always
 
  1611 sensor *tmp468 @unit @controller
  1612 op equal *tmp469 *tmp468 @this
  1613 jump *label390 notEqual *tmp469 false
  1614 jump *label388 always
  1615 label *label390
  1616 op add :areUnitsAvailable.2:free :areUnitsAvailable.2:free 1
  1617 op greaterThanEq *tmp471 :areUnitsAvailable.2:free :areUnitsAvailable.2:needed
  1618 jump *label392 equal *tmp471 false
  1619 set *tmp454 true
  1620 jump *label379 always
  1621 set *tmp472 null
  1622 jump *label393 always
  1623 label *label392
  1624 set *tmp472 null
  1625 label *label393
-    * set *tmp470 *tmp472
  1626 jump *label389 always
  1627 label *label388
  1628 set *tmp473 :areUnitsAvailable.2:occupied
  1629 op add :areUnitsAvailable.2:occupied :areUnitsAvailable.2:occupied 1
-    * set *tmp470 *tmp473
  1630 label *label389
  1631 ubind :areUnitsAvailable.2:type
  1632 label *label386
  1633 op notEqual *tmp474 @unit :areUnitsAvailable.2:firstUnit
  1634 jump *label387 equal *tmp474 false
  1635 label *label394
  1636 sensor *tmp475 :areUnitsAvailable.2:firstUnit @dead
  1637 op equal *tmp476 *tmp475 0
  1638 jump *label387 equal *tmp476 false
  1639 jump *label385 always
  1640 label *label387
-    * set *tmp456 null
  1641 jump *label381 always
  1642 label *label380
-    * set *tmp456 null
  1643 label *label381
  1644 jump *label395 equal :areUnitsAvailable.2:output false
  1645 print :areUnitsAvailable.2:type
  1646 print ":"
  1647 print " occupied: "
  1648 print :areUnitsAvailable.2:occupied
  1649 print ","
  1650 print " free: "
  1651 print :areUnitsAvailable.2:free
  1652 op greaterThan *tmp478 :areUnitsAvailable.2:needed 0
  1653 jump *label397 equal *tmp478 false
  1654 print ", needed: "
  1655 print :areUnitsAvailable.2:needed
-    * set *tmp479 null
  1656 jump *label398 always
  1657 label *label397
-    * set *tmp479 null
  1658 label *label398
  1659 print "\n"
-    * set *tmp477 null
  1660 jump *label396 always
  1661 label *label395
-    * set *tmp477 null
  1662 label *label396
  1663 set *tmp454 false
  1664 jump *label379 always
  1665 set *tmp454 null
  1666 label *label379
  1667 jump *label377 equal *tmp454 false
  1668 jump *label190 always
-    * set *tmp480 null
  1669 jump *label378 always
  1670 label *label377
-    * set *tmp480 null
  1671 label *label378
  1672 op add *tmp481 @time 5000
  1673 set :unitCheck *tmp481
-    * set *tmp453 :unitCheck
  1674 jump *label374 always
  1675 label *label373
-    * set *tmp453 null
  1676 label *label374
  1677 label *label189
  1678 jump *label188 always
  1679 label *label190
  1680 set :free.1:unit .UNIT_S1
  1681 setaddr *tmp482 *label403
  1682 jump *label400 always
  1683 multilabel *label403 (m:marker3)
  1684 set :free.1:unit .UNIT_P1
  1685 setaddr *tmp482 *label404
  1686 jump *label400 always
  1687 multilabel *label404 (m:marker3)
  1688 set :free.1:unit .UNIT_S2
  1689 setaddr *tmp482 *label405
  1690 jump *label400 always
 
  1703 label *label1
  1704 end
  1705 label *label0
  1706 ubind :locateCore:type
  1707 sensor *tmp483 @unit @controlled
  1708 op equal *tmp484 *tmp483 0
  1709 jump *label410 notEqual *tmp484 false
  1710 label *label411
  1711 sensor *tmp485 @unit @controller
  1712 op equal *tmp486 *tmp485 @this
  1713 jump *label410 notEqual *tmp486 false
  1714 jump *label408 always
  1715 label *label410
  1716 ulocate building core false @copper *tmp489 *tmp490 *tmp491 *tmp488
  1717 set .CORE *tmp488
-    * set *tmp487 .CORE
  1718 jump *label409 always
  1719 label *label408
-    * set *tmp487 null
  1720 label *label409
  1721 set :locateCore*retval .CORE
  1722 label *label407
  1723 return :locateCore*retaddr
  1724 end

Modifications by #3: Initial phase, Dead Code Elimination, iteration 2 (-53 instructions):
 
   101 label *label34
   102 sensor *tmp22 @unit @controlled
   103 op equal *tmp23 *tmp22 0
   104 jump *label39 notEqual *tmp23 false
   105 label *label40
   106 sensor *tmp24 @unit @controller
   107 op equal *tmp25 *tmp24 @this
   108 jump *label39 notEqual *tmp25 false
   109 jump *label37 always
   110 label *label39
   111 op add :areUnitsAvailable:free :areUnitsAvailable:free 1
   112 op greaterThanEq *tmp27 :areUnitsAvailable:free :areUnitsAvailable:needed
   113 jump *label41 equal *tmp27 false
   114 set *tmp10 true
   115 jump *label28 always
-    * set *tmp28 null
   116 jump *label42 always
   117 label *label41
-    * set *tmp28 null
   118 label *label42
   119 jump *label38 always
   120 label *label37
-    * set *tmp29 :areUnitsAvailable:occupied
   121 op add :areUnitsAvailable:occupied :areUnitsAvailable:occupied 1
   122 label *label38
   123 ubind :areUnitsAvailable:type
   124 label *label35
   125 op notEqual *tmp30 @unit :areUnitsAvailable:firstUnit
   126 jump *label36 equal *tmp30 false
   127 label *label43
   128 sensor *tmp31 :areUnitsAvailable:firstUnit @dead
   129 op equal *tmp32 *tmp31 0
   130 jump *label36 equal *tmp32 false
   131 jump *label34 always
   132 label *label36
   133 jump *label30 always
   134 label *label29
   135 label *label30
 
   211 label *label65
   212 sensor *tmp52 @unit @controlled
   213 op equal *tmp53 *tmp52 0
   214 jump *label70 notEqual *tmp53 false
   215 label *label71
   216 sensor *tmp54 @unit @controller
   217 op equal *tmp55 *tmp54 @this
   218 jump *label70 notEqual *tmp55 false
   219 jump *label68 always
   220 label *label70
   221 op add :areUnitsAvailable.1:free :areUnitsAvailable.1:free 1
   222 op greaterThanEq *tmp57 :areUnitsAvailable.1:free :areUnitsAvailable.1:needed
   223 jump *label72 equal *tmp57 false
   224 set *tmp40 true
   225 jump *label59 always
-    * set *tmp58 null
   226 jump *label73 always
   227 label *label72
-    * set *tmp58 null
   228 label *label73
   229 jump *label69 always
   230 label *label68
-    * set *tmp59 :areUnitsAvailable.1:occupied
   231 op add :areUnitsAvailable.1:occupied :areUnitsAvailable.1:occupied 1
   232 label *label69
   233 ubind :areUnitsAvailable.1:type
   234 label *label66
   235 op notEqual *tmp60 @unit :areUnitsAvailable.1:firstUnit
   236 jump *label67 equal *tmp60 false
   237 label *label74
   238 sensor *tmp61 :areUnitsAvailable.1:firstUnit @dead
   239 op equal *tmp62 *tmp61 0
   240 jump *label67 equal *tmp62 false
   241 jump *label65 always
   242 label *label67
   243 jump *label61 always
   244 label *label60
   245 label *label61
 
   258 jump *label78 always
   259 label *label77
   260 label *label78
   261 print "\n"
   262 jump *label76 always
   263 label *label75
   264 label *label76
   265 set *tmp40 false
   266 jump *label59 always
   267 set *tmp40 null
   268 label *label59
   269 jump *label57 equal *tmp40 false
   270 printflush null
   271 set *tmp9 :chooseUnitType:type
   272 jump *label22 always
-    * set *tmp66 null
   273 jump *label58 always
   274 label *label57
-    * set *tmp66 null
   275 label *label58
   276 jump *label56 always
   277 label *label55
   278 label *label56
   279 label *label49
   280 multijump *tmp37 0 0 (m:marker1)
   281 multilabel *label54 (m:marker1)
   282 label *label50
   283 printflush message1
   284 label *label24
   285 jump *label23 always
   286 label *label25
   287 set *tmp9 null
   288 label *label22
   289 set .TYPE *tmp9
 
   303 label *label80
   304 label *label81
   305 label *label82
   306 sensor *tmp70 @unit @controller
   307 op equal *tmp71 *tmp70 @this
   308 jump *label85 equal *tmp71 false
   309 op add :rebindUnits:count :rebindUnits:count 1
   310 ucontrol flag 1
   311 set .UNIT_S2 .UNIT_P2
   312 set .UNIT_P2 .UNIT_S1
   313 set .UNIT_S1 .UNIT_P1
   314 set .UNIT_P1 @unit
   315 op notEqual *tmp74 .UNIT_S2 null
   316 jump *label87 equal *tmp74 false
   317 jump *label84 always
-    * set *tmp75 null
   318 jump *label88 always
   319 label *label87
-    * set *tmp75 null
   320 label *label88
   321 jump *label86 always
   322 label *label85
   323 label *label86
   324 ubind .TYPE
   325 label *label83
   326 op notEqual *tmp76 @unit :rebindUnits:firstUnit
   327 jump *label84 equal *tmp76 false
   328 label *label89
   329 sensor *tmp77 :rebindUnits:firstUnit @dead
   330 op equal *tmp78 *tmp77 0
   331 jump *label84 equal *tmp78 false
   332 jump *label82 always
   333 label *label84
   334 jump *label79 always
 
   336 set :acquireUnit:currentUnit .UNIT_S1
   337 set :rebindUnit:currentUnit :acquireUnit:currentUnit
   338 op notEqual *tmp81 :rebindUnit:currentUnit null
   339 jump *label92 equal *tmp81 false
   340 ubind :rebindUnit:currentUnit
   341 sensor *tmp83 @unit @dead
   342 op equal *tmp84 *tmp83 0
   343 jump *label94 equal *tmp84 false
   344 label *label97
   345 sensor *tmp85 @unit @controller
   346 op equal *tmp86 *tmp85 @this
   347 jump *label94 equal *tmp86 false
   348 jump *label96 always
   349 label *label96
   350 jump *label91 always
-    * set *tmp87 null
   351 jump *label95 always
   352 label *label94
-    * set *tmp87 null
   353 label *label95
   354 jump *label93 always
   355 label *label92
   356 label *label93
   357 ubind .TYPE
   358 set :rebindUnit:firstUnit @unit
   359 op notEqual *tmp88 :rebindUnit:firstUnit null
   360 jump *label98 equal *tmp88 false
   361 label *label100
   362 sensor *tmp90 @unit @controlled
   363 op equal *tmp91 *tmp90 0
   364 jump *label103 equal *tmp91 false
   365 jump *label91 always
   366 jump *label104 always
   367 label *label103
 
   390 set :acquireUnit.1:currentUnit .UNIT_P1
   391 set :rebindUnit.1:currentUnit :acquireUnit.1:currentUnit
   392 op notEqual *tmp98 :rebindUnit.1:currentUnit null
   393 jump *label108 equal *tmp98 false
   394 ubind :rebindUnit.1:currentUnit
   395 sensor *tmp100 @unit @dead
   396 op equal *tmp101 *tmp100 0
   397 jump *label110 equal *tmp101 false
   398 label *label113
   399 sensor *tmp102 @unit @controller
   400 op equal *tmp103 *tmp102 @this
   401 jump *label110 equal *tmp103 false
   402 jump *label112 always
   403 label *label112
   404 jump *label107 always
-    * set *tmp104 null
   405 jump *label111 always
   406 label *label110
-    * set *tmp104 null
   407 label *label111
   408 jump *label109 always
   409 label *label108
   410 label *label109
   411 ubind .TYPE
   412 set :rebindUnit.1:firstUnit @unit
   413 op notEqual *tmp105 :rebindUnit.1:firstUnit null
   414 jump *label114 equal *tmp105 false
   415 label *label116
   416 sensor *tmp107 @unit @controlled
   417 op equal *tmp108 *tmp107 0
   418 jump *label119 equal *tmp108 false
   419 jump *label107 always
   420 jump *label120 always
   421 label *label119
 
   487 set :acquireUnit.2:currentUnit .UNIT_S2
   488 set :rebindUnit.2:currentUnit :acquireUnit.2:currentUnit
   489 op notEqual *tmp134 :rebindUnit.2:currentUnit null
   490 jump *label134 equal *tmp134 false
   491 ubind :rebindUnit.2:currentUnit
   492 sensor *tmp136 @unit @dead
   493 op equal *tmp137 *tmp136 0
   494 jump *label136 equal *tmp137 false
   495 label *label139
   496 sensor *tmp138 @unit @controller
   497 op equal *tmp139 *tmp138 @this
   498 jump *label136 equal *tmp139 false
   499 jump *label138 always
   500 label *label138
   501 jump *label133 always
-    * set *tmp140 null
   502 jump *label137 always
   503 label *label136
-    * set *tmp140 null
   504 label *label137
   505 jump *label135 always
   506 label *label134
   507 label *label135
   508 ubind .TYPE
   509 set :rebindUnit.2:firstUnit @unit
   510 op notEqual *tmp141 :rebindUnit.2:firstUnit null
   511 jump *label140 equal *tmp141 false
   512 label *label142
   513 sensor *tmp143 @unit @controlled
   514 op equal *tmp144 *tmp143 0
   515 jump *label145 equal *tmp144 false
   516 jump *label133 always
   517 jump *label146 always
   518 label *label145
 
   541 set :acquireUnit.3:currentUnit .UNIT_P2
   542 set :rebindUnit.3:currentUnit :acquireUnit.3:currentUnit
   543 op notEqual *tmp151 :rebindUnit.3:currentUnit null
   544 jump *label150 equal *tmp151 false
   545 ubind :rebindUnit.3:currentUnit
   546 sensor *tmp153 @unit @dead
   547 op equal *tmp154 *tmp153 0
   548 jump *label152 equal *tmp154 false
   549 label *label155
   550 sensor *tmp155 @unit @controller
   551 op equal *tmp156 *tmp155 @this
   552 jump *label152 equal *tmp156 false
   553 jump *label154 always
   554 label *label154
   555 jump *label149 always
-    * set *tmp157 null
   556 jump *label153 always
   557 label *label152
-    * set *tmp157 null
   558 label *label153
   559 jump *label151 always
   560 label *label150
   561 label *label151
   562 ubind .TYPE
   563 set :rebindUnit.3:firstUnit @unit
   564 op notEqual *tmp158 :rebindUnit.3:firstUnit null
   565 jump *label156 equal *tmp158 false
   566 label *label158
   567 sensor *tmp160 @unit @controlled
   568 op equal *tmp161 *tmp160 0
   569 jump *label161 equal *tmp161 false
   570 jump *label149 always
   571 jump *label162 always
   572 label *label161
 
   718 set :processUnit:supply .SUPPLY_S_FIRST
   719 set :rebindUnit.4:currentUnit :processUnit:unit
   720 op notEqual *tmp193 :rebindUnit.4:currentUnit null
   721 jump *label196 equal *tmp193 false
   722 ubind :rebindUnit.4:currentUnit
   723 sensor *tmp195 @unit @dead
   724 op equal *tmp196 *tmp195 0
   725 jump *label198 equal *tmp196 false
   726 label *label201
   727 sensor *tmp197 @unit @controller
   728 op equal *tmp198 *tmp197 @this
   729 jump *label198 equal *tmp198 false
   730 jump *label200 always
   731 label *label200
   732 jump *label195 always
-    * set *tmp199 null
   733 jump *label199 always
   734 label *label198
-    * set *tmp199 null
   735 label *label199
   736 jump *label197 always
   737 label *label196
   738 label *label197
   739 ubind .TYPE
   740 set :rebindUnit.4:firstUnit @unit
   741 op notEqual *tmp200 :rebindUnit.4:firstUnit null
   742 jump *label202 equal *tmp200 false
   743 label *label204
   744 sensor *tmp202 @unit @controlled
   745 op equal *tmp203 *tmp202 0
   746 jump *label207 equal *tmp203 false
   747 jump *label195 always
   748 jump *label208 always
   749 label *label207
 
   766 sensor *tmp208 @unit @flag
   767 set :processUnit:state *tmp208
   768 set :processUnit:distance -1
   769 set :processUnit:color "gold"
   770 op lessThan *tmp209 :processUnit:state 2
   771 jump *label212 notEqual *tmp209 false
   772 label *label213
   773 op greaterThan *tmp210 :processUnit:state 3
   774 jump *label212 notEqual *tmp210 false
   775 jump *label210 always
   776 label *label212
   777 sensor *tmp212 @unit @firstItem
   778 op equal *tmp213 *tmp212 :processUnit:item
   779 jump *label214 equal *tmp213 false
   780 set :processUnit:state 3
-    * set *tmp214 :processUnit:state
   781 jump *label215 always
   782 label *label214
   783 sensor *tmp215 @unit @totalItems
   784 op equal *tmp216 *tmp215 0
   785 jump *label216 equal *tmp216 false
   786 set :processUnit:state 2
   787 set *tmp217 :processUnit:state
   788 jump *label217 always
   789 label *label216
   790 set .MSG ", initializing\n"
   791 ucontrol approach .CORE_X .CORE_Y 6
   792 ucontrol within .CORE_X .CORE_Y 8 *tmp218
   793 jump *label218 equal *tmp218 false
   794 ucontrol itemDrop .CORE .UNIT_CAPACITY
   795 set *tmp219 null
   796 jump *label219 always
   797 label *label218
   798 set *tmp219 null
   799 label *label219
   800 set *tmp217 *tmp219
   801 label *label217
-    * set *tmp214 *tmp217
   802 label *label215
   803 jump *label211 always
   804 label *label210
   805 label *label211
   806 op equal *tmp220 :processUnit:state 2
   807 jump *label220 equal *tmp220 false
   808 ucontrol within .CORE_X .CORE_Y 8 *tmp222
   809 jump *label222 equal *tmp222 false
   810 ucontrol itemTake .CORE :processUnit:item .UNIT_CAPACITY
   811 sensor *tmp224 @unit @totalItems
   812 op greaterThanEq *tmp225 *tmp224 .UNIT_CAPACITY
   813 jump *label224 equal *tmp225 false
   814 ucontrol approach .DOME_X .DOME_Y 6
   815 set :processUnit:state 3
   816 set *tmp226 :processUnit:state
   817 jump *label225 always
   818 label *label224
   819 set .MSG ", loading\n"
   820 set *tmp226 .MSG
   821 label *label225
-    * set *tmp223 *tmp226
   822 jump *label223 always
   823 label *label222
   824 ucontrol approach .CORE_X .CORE_Y 6
   825 set .MSG ", fetching in [gold]"
   826 sensor *tmp227 @unit @x
   827 op sub *tmp228 .CORE_X *tmp227
   828 sensor *tmp229 @unit @y
   829 op sub *tmp230 .CORE_Y *tmp229
   830 op len *tmp231 *tmp228 *tmp230
   831 op idiv *tmp232 *tmp231 .SPEED_TENTHS
   832 op div *tmp233 *tmp232 10
   833 set :processUnit:distance *tmp233
-    * set *tmp223 :processUnit:distance
   834 label *label223
   835 jump *label221 always
   836 label *label220
   837 label *label221
   838 op equal *tmp234 :processUnit:state 3
   839 jump *label226 equal *tmp234 false
   840 ucontrol within .DOME_X .DOME_Y 8 *tmp236
   841 jump *label228 equal *tmp236 false
   842 jump *label230 equal :processUnit:supply false
   843 ucontrol itemDrop dome1 .UNIT_CAPACITY
   844 set .MSG ", supplying\n"
   845 jump *label231 always
   846 label *label230
   847 ucontrol approach .DOME_X .DOME_Y 6
   848 set .MSG ", waiting\n"
   849 label *label231
   850 sensor *tmp239 @unit @totalItems
   851 op lessThanEq *tmp240 *tmp239 0
   852 jump *label232 equal *tmp240 false
   853 ucontrol approach .CORE_X .CORE_Y 6
   854 set :processUnit:state 2
   855 set *tmp241 :processUnit:state
   856 jump *label233 always
   857 label *label232
   858 set *tmp241 null
   859 label *label233
-    * set *tmp237 *tmp241
   860 jump *label229 always
   861 label *label228
   862 ucontrol approach .DOME_X .DOME_Y 6
   863 set .MSG ", returning in [gold]"
   864 sensor *tmp242 @unit @x
   865 op sub *tmp243 .DOME_X *tmp242
   866 sensor *tmp244 @unit @y
   867 op sub *tmp245 .DOME_Y *tmp244
   868 op len *tmp246 *tmp243 *tmp245
   869 op idiv *tmp247 *tmp246 .SPEED_TENTHS
   870 op div *tmp248 *tmp247 10
   871 set :processUnit:distance *tmp248
-    * set *tmp237 :processUnit:distance
   872 label *label229
   873 jump *label227 always
   874 label *label226
   875 label *label227
   876 ucontrol flag :processUnit:state
   877 sensor *tmp249 @unit @totalItems
   878 print "  "
   879 print :processUnit:group
   880 print ":"
   881 print " ["
   882 print :processUnit:color
   883 print "]"
   884 print *tmp249
   885 print "["
   886 print "]"
 
   906 set :processUnit.1:supply *tmp253
   907 set :rebindUnit.5:currentUnit :processUnit.1:unit
   908 op notEqual *tmp255 :rebindUnit.5:currentUnit null
   909 jump *label240 equal *tmp255 false
   910 ubind :rebindUnit.5:currentUnit
   911 sensor *tmp257 @unit @dead
   912 op equal *tmp258 *tmp257 0
   913 jump *label242 equal *tmp258 false
   914 label *label245
   915 sensor *tmp259 @unit @controller
   916 op equal *tmp260 *tmp259 @this
   917 jump *label242 equal *tmp260 false
   918 jump *label244 always
   919 label *label244
   920 jump *label239 always
-    * set *tmp261 null
   921 jump *label243 always
   922 label *label242
-    * set *tmp261 null
   923 label *label243
   924 jump *label241 always
   925 label *label240
   926 label *label241
   927 ubind .TYPE
   928 set :rebindUnit.5:firstUnit @unit
   929 op notEqual *tmp262 :rebindUnit.5:firstUnit null
   930 jump *label246 equal *tmp262 false
   931 label *label248
   932 sensor *tmp264 @unit @controlled
   933 op equal *tmp265 *tmp264 0
   934 jump *label251 equal *tmp265 false
   935 jump *label239 always
   936 jump *label252 always
   937 label *label251
 
   954 sensor *tmp270 @unit @flag
   955 set :processUnit.1:state *tmp270
   956 set :processUnit.1:distance -1
   957 set :processUnit.1:color "gold"
   958 op lessThan *tmp271 :processUnit.1:state 2
   959 jump *label256 notEqual *tmp271 false
   960 label *label257
   961 op greaterThan *tmp272 :processUnit.1:state 3
   962 jump *label256 notEqual *tmp272 false
   963 jump *label254 always
   964 label *label256
   965 sensor *tmp274 @unit @firstItem
   966 op equal *tmp275 *tmp274 :processUnit.1:item
   967 jump *label258 equal *tmp275 false
   968 set :processUnit.1:state 3
-    * set *tmp276 :processUnit.1:state
   969 jump *label259 always
   970 label *label258
   971 sensor *tmp277 @unit @totalItems
   972 op equal *tmp278 *tmp277 0
   973 jump *label260 equal *tmp278 false
   974 set :processUnit.1:state 2
   975 set *tmp279 :processUnit.1:state
   976 jump *label261 always
   977 label *label260
   978 set .MSG ", initializing\n"
   979 ucontrol approach .CORE_X .CORE_Y 6
   980 ucontrol within .CORE_X .CORE_Y 8 *tmp280
   981 jump *label262 equal *tmp280 false
   982 ucontrol itemDrop .CORE .UNIT_CAPACITY
   983 set *tmp281 null
   984 jump *label263 always
   985 label *label262
   986 set *tmp281 null
   987 label *label263
   988 set *tmp279 *tmp281
   989 label *label261
-    * set *tmp276 *tmp279
   990 label *label259
   991 jump *label255 always
   992 label *label254
   993 label *label255
   994 op equal *tmp282 :processUnit.1:state 2
   995 jump *label264 equal *tmp282 false
   996 ucontrol within .CORE_X .CORE_Y 8 *tmp284
   997 jump *label266 equal *tmp284 false
   998 ucontrol itemTake .CORE :processUnit.1:item .UNIT_CAPACITY
   999 sensor *tmp286 @unit @totalItems
  1000 op greaterThanEq *tmp287 *tmp286 .UNIT_CAPACITY
  1001 jump *label268 equal *tmp287 false
  1002 ucontrol approach .DOME_X .DOME_Y 6
  1003 set :processUnit.1:state 3
  1004 set *tmp288 :processUnit.1:state
  1005 jump *label269 always
  1006 label *label268
  1007 set .MSG ", loading\n"
  1008 set *tmp288 .MSG
  1009 label *label269
-    * set *tmp285 *tmp288
  1010 jump *label267 always
  1011 label *label266
  1012 ucontrol approach .CORE_X .CORE_Y 6
  1013 set .MSG ", fetching in [gold]"
  1014 sensor *tmp289 @unit @x
  1015 op sub *tmp290 .CORE_X *tmp289
  1016 sensor *tmp291 @unit @y
  1017 op sub *tmp292 .CORE_Y *tmp291
  1018 op len *tmp293 *tmp290 *tmp292
  1019 op idiv *tmp294 *tmp293 .SPEED_TENTHS
  1020 op div *tmp295 *tmp294 10
  1021 set :processUnit.1:distance *tmp295
-    * set *tmp285 :processUnit.1:distance
  1022 label *label267
  1023 jump *label265 always
  1024 label *label264
  1025 label *label265
  1026 op equal *tmp296 :processUnit.1:state 3
  1027 jump *label270 equal *tmp296 false
  1028 ucontrol within .DOME_X .DOME_Y 8 *tmp298
  1029 jump *label272 equal *tmp298 false
  1030 jump *label274 equal :processUnit.1:supply false
  1031 ucontrol itemDrop dome1 .UNIT_CAPACITY
  1032 set .MSG ", supplying\n"
  1033 jump *label275 always
  1034 label *label274
  1035 ucontrol approach .DOME_X .DOME_Y 6
  1036 set .MSG ", waiting\n"
  1037 label *label275
  1038 sensor *tmp301 @unit @totalItems
  1039 op lessThanEq *tmp302 *tmp301 0
  1040 jump *label276 equal *tmp302 false
  1041 ucontrol approach .CORE_X .CORE_Y 6
  1042 set :processUnit.1:state 2
  1043 set *tmp303 :processUnit.1:state
  1044 jump *label277 always
  1045 label *label276
  1046 set *tmp303 null
  1047 label *label277
-    * set *tmp299 *tmp303
  1048 jump *label273 always
  1049 label *label272
  1050 ucontrol approach .DOME_X .DOME_Y 6
  1051 set .MSG ", returning in [gold]"
  1052 sensor *tmp304 @unit @x
  1053 op sub *tmp305 .DOME_X *tmp304
  1054 sensor *tmp306 @unit @y
  1055 op sub *tmp307 .DOME_Y *tmp306
  1056 op len *tmp308 *tmp305 *tmp307
  1057 op idiv *tmp309 *tmp308 .SPEED_TENTHS
  1058 op div *tmp310 *tmp309 10
  1059 set :processUnit.1:distance *tmp310
-    * set *tmp299 :processUnit.1:distance
  1060 label *label273
  1061 jump *label271 always
  1062 label *label270
  1063 label *label271
  1064 ucontrol flag :processUnit.1:state
  1065 sensor *tmp311 @unit @totalItems
  1066 print "  "
  1067 print :processUnit.1:group
  1068 print ":"
  1069 print " ["
  1070 print :processUnit.1:color
  1071 print "]"
  1072 print *tmp311
  1073 print "["
  1074 print "]"
 
  1127 set :processUnit.2:supply .SUPPLY_P_FIRST
  1128 set :rebindUnit.6:currentUnit :processUnit.2:unit
  1129 op notEqual *tmp323 :rebindUnit.6:currentUnit null
  1130 jump *label287 equal *tmp323 false
  1131 ubind :rebindUnit.6:currentUnit
  1132 sensor *tmp325 @unit @dead
  1133 op equal *tmp326 *tmp325 0
  1134 jump *label289 equal *tmp326 false
  1135 label *label292
  1136 sensor *tmp327 @unit @controller
  1137 op equal *tmp328 *tmp327 @this
  1138 jump *label289 equal *tmp328 false
  1139 jump *label291 always
  1140 label *label291
  1141 jump *label286 always
-    * set *tmp329 null
  1142 jump *label290 always
  1143 label *label289
-    * set *tmp329 null
  1144 label *label290
  1145 jump *label288 always
  1146 label *label287
  1147 label *label288
  1148 ubind .TYPE
  1149 set :rebindUnit.6:firstUnit @unit
  1150 op notEqual *tmp330 :rebindUnit.6:firstUnit null
  1151 jump *label293 equal *tmp330 false
  1152 label *label295
  1153 sensor *tmp332 @unit @controlled
  1154 op equal *tmp333 *tmp332 0
  1155 jump *label298 equal *tmp333 false
  1156 jump *label286 always
  1157 jump *label299 always
  1158 label *label298
 
  1175 sensor *tmp338 @unit @flag
  1176 set :processUnit.2:state *tmp338
  1177 set :processUnit.2:distance -1
  1178 set :processUnit.2:color "gold"
  1179 op lessThan *tmp339 :processUnit.2:state 2
  1180 jump *label303 notEqual *tmp339 false
  1181 label *label304
  1182 op greaterThan *tmp340 :processUnit.2:state 3
  1183 jump *label303 notEqual *tmp340 false
  1184 jump *label301 always
  1185 label *label303
  1186 sensor *tmp342 @unit @firstItem
  1187 op equal *tmp343 *tmp342 :processUnit.2:item
  1188 jump *label305 equal *tmp343 false
  1189 set :processUnit.2:state 3
-    * set *tmp344 :processUnit.2:state
  1190 jump *label306 always
  1191 label *label305
  1192 sensor *tmp345 @unit @totalItems
  1193 op equal *tmp346 *tmp345 0
  1194 jump *label307 equal *tmp346 false
  1195 set :processUnit.2:state 2
  1196 set *tmp347 :processUnit.2:state
  1197 jump *label308 always
  1198 label *label307
  1199 set .MSG ", initializing\n"
  1200 ucontrol approach .CORE_X .CORE_Y 6
  1201 ucontrol within .CORE_X .CORE_Y 8 *tmp348
  1202 jump *label309 equal *tmp348 false
  1203 ucontrol itemDrop .CORE .UNIT_CAPACITY
  1204 set *tmp349 null
  1205 jump *label310 always
  1206 label *label309
  1207 set *tmp349 null
  1208 label *label310
  1209 set *tmp347 *tmp349
  1210 label *label308
-    * set *tmp344 *tmp347
  1211 label *label306
  1212 jump *label302 always
  1213 label *label301
  1214 label *label302
  1215 op equal *tmp350 :processUnit.2:state 2
  1216 jump *label311 equal *tmp350 false
  1217 ucontrol within .CORE_X .CORE_Y 8 *tmp352
  1218 jump *label313 equal *tmp352 false
  1219 ucontrol itemTake .CORE :processUnit.2:item .UNIT_CAPACITY
  1220 sensor *tmp354 @unit @totalItems
  1221 op greaterThanEq *tmp355 *tmp354 .UNIT_CAPACITY
  1222 jump *label315 equal *tmp355 false
  1223 ucontrol approach .DOME_X .DOME_Y 6
  1224 set :processUnit.2:state 3
  1225 set *tmp356 :processUnit.2:state
  1226 jump *label316 always
  1227 label *label315
  1228 set .MSG ", loading\n"
  1229 set *tmp356 .MSG
  1230 label *label316
-    * set *tmp353 *tmp356
  1231 jump *label314 always
  1232 label *label313
  1233 ucontrol approach .CORE_X .CORE_Y 6
  1234 set .MSG ", fetching in [gold]"
  1235 sensor *tmp357 @unit @x
  1236 op sub *tmp358 .CORE_X *tmp357
  1237 sensor *tmp359 @unit @y
  1238 op sub *tmp360 .CORE_Y *tmp359
  1239 op len *tmp361 *tmp358 *tmp360
  1240 op idiv *tmp362 *tmp361 .SPEED_TENTHS
  1241 op div *tmp363 *tmp362 10
  1242 set :processUnit.2:distance *tmp363
-    * set *tmp353 :processUnit.2:distance
  1243 label *label314
  1244 jump *label312 always
  1245 label *label311
  1246 label *label312
  1247 op equal *tmp364 :processUnit.2:state 3
  1248 jump *label317 equal *tmp364 false
  1249 ucontrol within .DOME_X .DOME_Y 8 *tmp366
  1250 jump *label319 equal *tmp366 false
  1251 jump *label321 equal :processUnit.2:supply false
  1252 ucontrol itemDrop dome1 .UNIT_CAPACITY
  1253 set .MSG ", supplying\n"
  1254 jump *label322 always
  1255 label *label321
  1256 ucontrol approach .DOME_X .DOME_Y 6
  1257 set .MSG ", waiting\n"
  1258 label *label322
  1259 sensor *tmp369 @unit @totalItems
  1260 op lessThanEq *tmp370 *tmp369 0
  1261 jump *label323 equal *tmp370 false
  1262 ucontrol approach .CORE_X .CORE_Y 6
  1263 set :processUnit.2:state 2
  1264 set *tmp371 :processUnit.2:state
  1265 jump *label324 always
  1266 label *label323
  1267 set *tmp371 null
  1268 label *label324
-    * set *tmp367 *tmp371
  1269 jump *label320 always
  1270 label *label319
  1271 ucontrol approach .DOME_X .DOME_Y 6
  1272 set .MSG ", returning in [gold]"
  1273 sensor *tmp372 @unit @x
  1274 op sub *tmp373 .DOME_X *tmp372
  1275 sensor *tmp374 @unit @y
  1276 op sub *tmp375 .DOME_Y *tmp374
  1277 op len *tmp376 *tmp373 *tmp375
  1278 op idiv *tmp377 *tmp376 .SPEED_TENTHS
  1279 op div *tmp378 *tmp377 10
  1280 set :processUnit.2:distance *tmp378
-    * set *tmp367 :processUnit.2:distance
  1281 label *label320
  1282 jump *label318 always
  1283 label *label317
  1284 label *label318
  1285 ucontrol flag :processUnit.2:state
  1286 sensor *tmp379 @unit @totalItems
  1287 print "  "
  1288 print :processUnit.2:group
  1289 print ":"
  1290 print " ["
  1291 print :processUnit.2:color
  1292 print "]"
  1293 print *tmp379
  1294 print "["
  1295 print "]"
 
  1315 set :processUnit.3:supply *tmp383
  1316 set :rebindUnit.7:currentUnit :processUnit.3:unit
  1317 op notEqual *tmp385 :rebindUnit.7:currentUnit null
  1318 jump *label331 equal *tmp385 false
  1319 ubind :rebindUnit.7:currentUnit
  1320 sensor *tmp387 @unit @dead
  1321 op equal *tmp388 *tmp387 0
  1322 jump *label333 equal *tmp388 false
  1323 label *label336
  1324 sensor *tmp389 @unit @controller
  1325 op equal *tmp390 *tmp389 @this
  1326 jump *label333 equal *tmp390 false
  1327 jump *label335 always
  1328 label *label335
  1329 jump *label330 always
-    * set *tmp391 null
  1330 jump *label334 always
  1331 label *label333
-    * set *tmp391 null
  1332 label *label334
  1333 jump *label332 always
  1334 label *label331
  1335 label *label332
  1336 ubind .TYPE
  1337 set :rebindUnit.7:firstUnit @unit
  1338 op notEqual *tmp392 :rebindUnit.7:firstUnit null
  1339 jump *label337 equal *tmp392 false
  1340 label *label339
  1341 sensor *tmp394 @unit @controlled
  1342 op equal *tmp395 *tmp394 0
  1343 jump *label342 equal *tmp395 false
  1344 jump *label330 always
  1345 jump *label343 always
  1346 label *label342
 
  1363 sensor *tmp400 @unit @flag
  1364 set :processUnit.3:state *tmp400
  1365 set :processUnit.3:distance -1
  1366 set :processUnit.3:color "gold"
  1367 op lessThan *tmp401 :processUnit.3:state 2
  1368 jump *label347 notEqual *tmp401 false
  1369 label *label348
  1370 op greaterThan *tmp402 :processUnit.3:state 3
  1371 jump *label347 notEqual *tmp402 false
  1372 jump *label345 always
  1373 label *label347
  1374 sensor *tmp404 @unit @firstItem
  1375 op equal *tmp405 *tmp404 :processUnit.3:item
  1376 jump *label349 equal *tmp405 false
  1377 set :processUnit.3:state 3
-    * set *tmp406 :processUnit.3:state
  1378 jump *label350 always
  1379 label *label349
  1380 sensor *tmp407 @unit @totalItems
  1381 op equal *tmp408 *tmp407 0
  1382 jump *label351 equal *tmp408 false
  1383 set :processUnit.3:state 2
  1384 set *tmp409 :processUnit.3:state
  1385 jump *label352 always
  1386 label *label351
  1387 set .MSG ", initializing\n"
  1388 ucontrol approach .CORE_X .CORE_Y 6
  1389 ucontrol within .CORE_X .CORE_Y 8 *tmp410
  1390 jump *label353 equal *tmp410 false
  1391 ucontrol itemDrop .CORE .UNIT_CAPACITY
  1392 set *tmp411 null
  1393 jump *label354 always
  1394 label *label353
  1395 set *tmp411 null
  1396 label *label354
  1397 set *tmp409 *tmp411
  1398 label *label352
-    * set *tmp406 *tmp409
  1399 label *label350
  1400 jump *label346 always
  1401 label *label345
  1402 label *label346
  1403 op equal *tmp412 :processUnit.3:state 2
  1404 jump *label355 equal *tmp412 false
  1405 ucontrol within .CORE_X .CORE_Y 8 *tmp414
  1406 jump *label357 equal *tmp414 false
  1407 ucontrol itemTake .CORE :processUnit.3:item .UNIT_CAPACITY
  1408 sensor *tmp416 @unit @totalItems
  1409 op greaterThanEq *tmp417 *tmp416 .UNIT_CAPACITY
  1410 jump *label359 equal *tmp417 false
  1411 ucontrol approach .DOME_X .DOME_Y 6
  1412 set :processUnit.3:state 3
  1413 set *tmp418 :processUnit.3:state
  1414 jump *label360 always
  1415 label *label359
  1416 set .MSG ", loading\n"
  1417 set *tmp418 .MSG
  1418 label *label360
-    * set *tmp415 *tmp418
  1419 jump *label358 always
  1420 label *label357
  1421 ucontrol approach .CORE_X .CORE_Y 6
  1422 set .MSG ", fetching in [gold]"
  1423 sensor *tmp419 @unit @x
  1424 op sub *tmp420 .CORE_X *tmp419
  1425 sensor *tmp421 @unit @y
  1426 op sub *tmp422 .CORE_Y *tmp421
  1427 op len *tmp423 *tmp420 *tmp422
  1428 op idiv *tmp424 *tmp423 .SPEED_TENTHS
  1429 op div *tmp425 *tmp424 10
  1430 set :processUnit.3:distance *tmp425
-    * set *tmp415 :processUnit.3:distance
  1431 label *label358
  1432 jump *label356 always
  1433 label *label355
  1434 label *label356
  1435 op equal *tmp426 :processUnit.3:state 3
  1436 jump *label361 equal *tmp426 false
  1437 ucontrol within .DOME_X .DOME_Y 8 *tmp428
  1438 jump *label363 equal *tmp428 false
  1439 jump *label365 equal :processUnit.3:supply false
  1440 ucontrol itemDrop dome1 .UNIT_CAPACITY
  1441 set .MSG ", supplying\n"
  1442 jump *label366 always
  1443 label *label365
  1444 ucontrol approach .DOME_X .DOME_Y 6
  1445 set .MSG ", waiting\n"
  1446 label *label366
  1447 sensor *tmp431 @unit @totalItems
  1448 op lessThanEq *tmp432 *tmp431 0
  1449 jump *label367 equal *tmp432 false
  1450 ucontrol approach .CORE_X .CORE_Y 6
  1451 set :processUnit.3:state 2
  1452 set *tmp433 :processUnit.3:state
  1453 jump *label368 always
  1454 label *label367
  1455 set *tmp433 null
  1456 label *label368
-    * set *tmp429 *tmp433
  1457 jump *label364 always
  1458 label *label363
  1459 ucontrol approach .DOME_X .DOME_Y 6
  1460 set .MSG ", returning in [gold]"
  1461 sensor *tmp434 @unit @x
  1462 op sub *tmp435 .DOME_X *tmp434
  1463 sensor *tmp436 @unit @y
  1464 op sub *tmp437 .DOME_Y *tmp436
  1465 op len *tmp438 *tmp435 *tmp437
  1466 op idiv *tmp439 *tmp438 .SPEED_TENTHS
  1467 op div *tmp440 *tmp439 10
  1468 set :processUnit.3:distance *tmp440
-    * set *tmp429 :processUnit.3:distance
  1469 label *label364
  1470 jump *label362 always
  1471 label *label361
  1472 label *label362
  1473 ucontrol flag :processUnit.3:state
  1474 sensor *tmp441 @unit @totalItems
  1475 print "  "
  1476 print :processUnit.3:group
  1477 print ":"
  1478 print " ["
  1479 print :processUnit.3:color
  1480 print "]"
  1481 print *tmp441
  1482 print "["
  1483 print "]"
 
  1556 label *label385
  1557 sensor *tmp466 @unit @controlled
  1558 op equal *tmp467 *tmp466 0
  1559 jump *label390 notEqual *tmp467 false
  1560 label *label391
  1561 sensor *tmp468 @unit @controller
  1562 op equal *tmp469 *tmp468 @this
  1563 jump *label390 notEqual *tmp469 false
  1564 jump *label388 always
  1565 label *label390
  1566 op add :areUnitsAvailable.2:free :areUnitsAvailable.2:free 1
  1567 op greaterThanEq *tmp471 :areUnitsAvailable.2:free :areUnitsAvailable.2:needed
  1568 jump *label392 equal *tmp471 false
  1569 set *tmp454 true
  1570 jump *label379 always
-    * set *tmp472 null
  1571 jump *label393 always
  1572 label *label392
-    * set *tmp472 null
  1573 label *label393
  1574 jump *label389 always
  1575 label *label388
-    * set *tmp473 :areUnitsAvailable.2:occupied
  1576 op add :areUnitsAvailable.2:occupied :areUnitsAvailable.2:occupied 1
  1577 label *label389
  1578 ubind :areUnitsAvailable.2:type
  1579 label *label386
  1580 op notEqual *tmp474 @unit :areUnitsAvailable.2:firstUnit
  1581 jump *label387 equal *tmp474 false
  1582 label *label394
  1583 sensor *tmp475 :areUnitsAvailable.2:firstUnit @dead
  1584 op equal *tmp476 *tmp475 0
  1585 jump *label387 equal *tmp476 false
  1586 jump *label385 always
  1587 label *label387
  1588 jump *label381 always
  1589 label *label380
  1590 label *label381

Modifications by #4: Initial phase, Dead Code Elimination, iteration 3 (-24 instructions):
 
   772 label *label213
   773 op greaterThan *tmp210 :processUnit:state 3
   774 jump *label212 notEqual *tmp210 false
   775 jump *label210 always
   776 label *label212
   777 sensor *tmp212 @unit @firstItem
   778 op equal *tmp213 *tmp212 :processUnit:item
   779 jump *label214 equal *tmp213 false
   780 set :processUnit:state 3
   781 jump *label215 always
   782 label *label214
   783 sensor *tmp215 @unit @totalItems
   784 op equal *tmp216 *tmp215 0
   785 jump *label216 equal *tmp216 false
   786 set :processUnit:state 2
-    * set *tmp217 :processUnit:state
   787 jump *label217 always
   788 label *label216
   789 set .MSG ", initializing\n"
   790 ucontrol approach .CORE_X .CORE_Y 6
   791 ucontrol within .CORE_X .CORE_Y 8 *tmp218
   792 jump *label218 equal *tmp218 false
   793 ucontrol itemDrop .CORE .UNIT_CAPACITY
   794 set *tmp219 null
   795 jump *label219 always
   796 label *label218
   797 set *tmp219 null
   798 label *label219
-    * set *tmp217 *tmp219
   799 label *label217
   800 label *label215
   801 jump *label211 always
   802 label *label210
   803 label *label211
   804 op equal *tmp220 :processUnit:state 2
   805 jump *label220 equal *tmp220 false
   806 ucontrol within .CORE_X .CORE_Y 8 *tmp222
   807 jump *label222 equal *tmp222 false
   808 ucontrol itemTake .CORE :processUnit:item .UNIT_CAPACITY
   809 sensor *tmp224 @unit @totalItems
   810 op greaterThanEq *tmp225 *tmp224 .UNIT_CAPACITY
   811 jump *label224 equal *tmp225 false
   812 ucontrol approach .DOME_X .DOME_Y 6
   813 set :processUnit:state 3
-    * set *tmp226 :processUnit:state
   814 jump *label225 always
   815 label *label224
   816 set .MSG ", loading\n"
-    * set *tmp226 .MSG
   817 label *label225
   818 jump *label223 always
   819 label *label222
   820 ucontrol approach .CORE_X .CORE_Y 6
   821 set .MSG ", fetching in [gold]"
   822 sensor *tmp227 @unit @x
   823 op sub *tmp228 .CORE_X *tmp227
   824 sensor *tmp229 @unit @y
   825 op sub *tmp230 .CORE_Y *tmp229
   826 op len *tmp231 *tmp228 *tmp230
   827 op idiv *tmp232 *tmp231 .SPEED_TENTHS
   828 op div *tmp233 *tmp232 10
   829 set :processUnit:distance *tmp233
   830 label *label223
   831 jump *label221 always
 
   836 ucontrol within .DOME_X .DOME_Y 8 *tmp236
   837 jump *label228 equal *tmp236 false
   838 jump *label230 equal :processUnit:supply false
   839 ucontrol itemDrop dome1 .UNIT_CAPACITY
   840 set .MSG ", supplying\n"
   841 jump *label231 always
   842 label *label230
   843 ucontrol approach .DOME_X .DOME_Y 6
   844 set .MSG ", waiting\n"
   845 label *label231
   846 sensor *tmp239 @unit @totalItems
   847 op lessThanEq *tmp240 *tmp239 0
   848 jump *label232 equal *tmp240 false
   849 ucontrol approach .CORE_X .CORE_Y 6
   850 set :processUnit:state 2
-    * set *tmp241 :processUnit:state
   851 jump *label233 always
   852 label *label232
-    * set *tmp241 null
   853 label *label233
   854 jump *label229 always
   855 label *label228
   856 ucontrol approach .DOME_X .DOME_Y 6
   857 set .MSG ", returning in [gold]"
   858 sensor *tmp242 @unit @x
   859 op sub *tmp243 .DOME_X *tmp242
   860 sensor *tmp244 @unit @y
   861 op sub *tmp245 .DOME_Y *tmp244
   862 op len *tmp246 *tmp243 *tmp245
   863 op idiv *tmp247 *tmp246 .SPEED_TENTHS
   864 op div *tmp248 *tmp247 10
   865 set :processUnit:distance *tmp248
   866 label *label229
   867 jump *label227 always
 
   954 label *label257
   955 op greaterThan *tmp272 :processUnit.1:state 3
   956 jump *label256 notEqual *tmp272 false
   957 jump *label254 always
   958 label *label256
   959 sensor *tmp274 @unit @firstItem
   960 op equal *tmp275 *tmp274 :processUnit.1:item
   961 jump *label258 equal *tmp275 false
   962 set :processUnit.1:state 3
   963 jump *label259 always
   964 label *label258
   965 sensor *tmp277 @unit @totalItems
   966 op equal *tmp278 *tmp277 0
   967 jump *label260 equal *tmp278 false
   968 set :processUnit.1:state 2
-    * set *tmp279 :processUnit.1:state
   969 jump *label261 always
   970 label *label260
   971 set .MSG ", initializing\n"
   972 ucontrol approach .CORE_X .CORE_Y 6
   973 ucontrol within .CORE_X .CORE_Y 8 *tmp280
   974 jump *label262 equal *tmp280 false
   975 ucontrol itemDrop .CORE .UNIT_CAPACITY
   976 set *tmp281 null
   977 jump *label263 always
   978 label *label262
   979 set *tmp281 null
   980 label *label263
-    * set *tmp279 *tmp281
   981 label *label261
   982 label *label259
   983 jump *label255 always
   984 label *label254
   985 label *label255
   986 op equal *tmp282 :processUnit.1:state 2
   987 jump *label264 equal *tmp282 false
   988 ucontrol within .CORE_X .CORE_Y 8 *tmp284
   989 jump *label266 equal *tmp284 false
   990 ucontrol itemTake .CORE :processUnit.1:item .UNIT_CAPACITY
   991 sensor *tmp286 @unit @totalItems
   992 op greaterThanEq *tmp287 *tmp286 .UNIT_CAPACITY
   993 jump *label268 equal *tmp287 false
   994 ucontrol approach .DOME_X .DOME_Y 6
   995 set :processUnit.1:state 3
-    * set *tmp288 :processUnit.1:state
   996 jump *label269 always
   997 label *label268
   998 set .MSG ", loading\n"
-    * set *tmp288 .MSG
   999 label *label269
  1000 jump *label267 always
  1001 label *label266
  1002 ucontrol approach .CORE_X .CORE_Y 6
  1003 set .MSG ", fetching in [gold]"
  1004 sensor *tmp289 @unit @x
  1005 op sub *tmp290 .CORE_X *tmp289
  1006 sensor *tmp291 @unit @y
  1007 op sub *tmp292 .CORE_Y *tmp291
  1008 op len *tmp293 *tmp290 *tmp292
  1009 op idiv *tmp294 *tmp293 .SPEED_TENTHS
  1010 op div *tmp295 *tmp294 10
  1011 set :processUnit.1:distance *tmp295
  1012 label *label267
  1013 jump *label265 always
 
  1018 ucontrol within .DOME_X .DOME_Y 8 *tmp298
  1019 jump *label272 equal *tmp298 false
  1020 jump *label274 equal :processUnit.1:supply false
  1021 ucontrol itemDrop dome1 .UNIT_CAPACITY
  1022 set .MSG ", supplying\n"
  1023 jump *label275 always
  1024 label *label274
  1025 ucontrol approach .DOME_X .DOME_Y 6
  1026 set .MSG ", waiting\n"
  1027 label *label275
  1028 sensor *tmp301 @unit @totalItems
  1029 op lessThanEq *tmp302 *tmp301 0
  1030 jump *label276 equal *tmp302 false
  1031 ucontrol approach .CORE_X .CORE_Y 6
  1032 set :processUnit.1:state 2
-    * set *tmp303 :processUnit.1:state
  1033 jump *label277 always
  1034 label *label276
-    * set *tmp303 null
  1035 label *label277
  1036 jump *label273 always
  1037 label *label272
  1038 ucontrol approach .DOME_X .DOME_Y 6
  1039 set .MSG ", returning in [gold]"
  1040 sensor *tmp304 @unit @x
  1041 op sub *tmp305 .DOME_X *tmp304
  1042 sensor *tmp306 @unit @y
  1043 op sub *tmp307 .DOME_Y *tmp306
  1044 op len *tmp308 *tmp305 *tmp307
  1045 op idiv *tmp309 *tmp308 .SPEED_TENTHS
  1046 op div *tmp310 *tmp309 10
  1047 set :processUnit.1:distance *tmp310
  1048 label *label273
  1049 jump *label271 always
 
  1169 label *label304
  1170 op greaterThan *tmp340 :processUnit.2:state 3
  1171 jump *label303 notEqual *tmp340 false
  1172 jump *label301 always
  1173 label *label303
  1174 sensor *tmp342 @unit @firstItem
  1175 op equal *tmp343 *tmp342 :processUnit.2:item
  1176 jump *label305 equal *tmp343 false
  1177 set :processUnit.2:state 3
  1178 jump *label306 always
  1179 label *label305
  1180 sensor *tmp345 @unit @totalItems
  1181 op equal *tmp346 *tmp345 0
  1182 jump *label307 equal *tmp346 false
  1183 set :processUnit.2:state 2
-    * set *tmp347 :processUnit.2:state
  1184 jump *label308 always
  1185 label *label307
  1186 set .MSG ", initializing\n"
  1187 ucontrol approach .CORE_X .CORE_Y 6
  1188 ucontrol within .CORE_X .CORE_Y 8 *tmp348
  1189 jump *label309 equal *tmp348 false
  1190 ucontrol itemDrop .CORE .UNIT_CAPACITY
  1191 set *tmp349 null
  1192 jump *label310 always
  1193 label *label309
  1194 set *tmp349 null
  1195 label *label310
-    * set *tmp347 *tmp349
  1196 label *label308
  1197 label *label306
  1198 jump *label302 always
  1199 label *label301
  1200 label *label302
  1201 op equal *tmp350 :processUnit.2:state 2
  1202 jump *label311 equal *tmp350 false
  1203 ucontrol within .CORE_X .CORE_Y 8 *tmp352
  1204 jump *label313 equal *tmp352 false
  1205 ucontrol itemTake .CORE :processUnit.2:item .UNIT_CAPACITY
  1206 sensor *tmp354 @unit @totalItems
  1207 op greaterThanEq *tmp355 *tmp354 .UNIT_CAPACITY
  1208 jump *label315 equal *tmp355 false
  1209 ucontrol approach .DOME_X .DOME_Y 6
  1210 set :processUnit.2:state 3
-    * set *tmp356 :processUnit.2:state
  1211 jump *label316 always
  1212 label *label315
  1213 set .MSG ", loading\n"
-    * set *tmp356 .MSG
  1214 label *label316
  1215 jump *label314 always
  1216 label *label313
  1217 ucontrol approach .CORE_X .CORE_Y 6
  1218 set .MSG ", fetching in [gold]"
  1219 sensor *tmp357 @unit @x
  1220 op sub *tmp358 .CORE_X *tmp357
  1221 sensor *tmp359 @unit @y
  1222 op sub *tmp360 .CORE_Y *tmp359
  1223 op len *tmp361 *tmp358 *tmp360
  1224 op idiv *tmp362 *tmp361 .SPEED_TENTHS
  1225 op div *tmp363 *tmp362 10
  1226 set :processUnit.2:distance *tmp363
  1227 label *label314
  1228 jump *label312 always
 
  1233 ucontrol within .DOME_X .DOME_Y 8 *tmp366
  1234 jump *label319 equal *tmp366 false
  1235 jump *label321 equal :processUnit.2:supply false
  1236 ucontrol itemDrop dome1 .UNIT_CAPACITY
  1237 set .MSG ", supplying\n"
  1238 jump *label322 always
  1239 label *label321
  1240 ucontrol approach .DOME_X .DOME_Y 6
  1241 set .MSG ", waiting\n"
  1242 label *label322
  1243 sensor *tmp369 @unit @totalItems
  1244 op lessThanEq *tmp370 *tmp369 0
  1245 jump *label323 equal *tmp370 false
  1246 ucontrol approach .CORE_X .CORE_Y 6
  1247 set :processUnit.2:state 2
-    * set *tmp371 :processUnit.2:state
  1248 jump *label324 always
  1249 label *label323
-    * set *tmp371 null
  1250 label *label324
  1251 jump *label320 always
  1252 label *label319
  1253 ucontrol approach .DOME_X .DOME_Y 6
  1254 set .MSG ", returning in [gold]"
  1255 sensor *tmp372 @unit @x
  1256 op sub *tmp373 .DOME_X *tmp372
  1257 sensor *tmp374 @unit @y
  1258 op sub *tmp375 .DOME_Y *tmp374
  1259 op len *tmp376 *tmp373 *tmp375
  1260 op idiv *tmp377 *tmp376 .SPEED_TENTHS
  1261 op div *tmp378 *tmp377 10
  1262 set :processUnit.2:distance *tmp378
  1263 label *label320
  1264 jump *label318 always
 
  1351 label *label348
  1352 op greaterThan *tmp402 :processUnit.3:state 3
  1353 jump *label347 notEqual *tmp402 false
  1354 jump *label345 always
  1355 label *label347
  1356 sensor *tmp404 @unit @firstItem
  1357 op equal *tmp405 *tmp404 :processUnit.3:item
  1358 jump *label349 equal *tmp405 false
  1359 set :processUnit.3:state 3
  1360 jump *label350 always
  1361 label *label349
  1362 sensor *tmp407 @unit @totalItems
  1363 op equal *tmp408 *tmp407 0
  1364 jump *label351 equal *tmp408 false
  1365 set :processUnit.3:state 2
-    * set *tmp409 :processUnit.3:state
  1366 jump *label352 always
  1367 label *label351
  1368 set .MSG ", initializing\n"
  1369 ucontrol approach .CORE_X .CORE_Y 6
  1370 ucontrol within .CORE_X .CORE_Y 8 *tmp410
  1371 jump *label353 equal *tmp410 false
  1372 ucontrol itemDrop .CORE .UNIT_CAPACITY
  1373 set *tmp411 null
  1374 jump *label354 always
  1375 label *label353
  1376 set *tmp411 null
  1377 label *label354
-    * set *tmp409 *tmp411
  1378 label *label352
  1379 label *label350
  1380 jump *label346 always
  1381 label *label345
  1382 label *label346
  1383 op equal *tmp412 :processUnit.3:state 2
  1384 jump *label355 equal *tmp412 false
  1385 ucontrol within .CORE_X .CORE_Y 8 *tmp414
  1386 jump *label357 equal *tmp414 false
  1387 ucontrol itemTake .CORE :processUnit.3:item .UNIT_CAPACITY
  1388 sensor *tmp416 @unit @totalItems
  1389 op greaterThanEq *tmp417 *tmp416 .UNIT_CAPACITY
  1390 jump *label359 equal *tmp417 false
  1391 ucontrol approach .DOME_X .DOME_Y 6
  1392 set :processUnit.3:state 3
-    * set *tmp418 :processUnit.3:state
  1393 jump *label360 always
  1394 label *label359
  1395 set .MSG ", loading\n"
-    * set *tmp418 .MSG
  1396 label *label360
  1397 jump *label358 always
  1398 label *label357
  1399 ucontrol approach .CORE_X .CORE_Y 6
  1400 set .MSG ", fetching in [gold]"
  1401 sensor *tmp419 @unit @x
  1402 op sub *tmp420 .CORE_X *tmp419
  1403 sensor *tmp421 @unit @y
  1404 op sub *tmp422 .CORE_Y *tmp421
  1405 op len *tmp423 *tmp420 *tmp422
  1406 op idiv *tmp424 *tmp423 .SPEED_TENTHS
  1407 op div *tmp425 *tmp424 10
  1408 set :processUnit.3:distance *tmp425
  1409 label *label358
  1410 jump *label356 always
 
  1415 ucontrol within .DOME_X .DOME_Y 8 *tmp428
  1416 jump *label363 equal *tmp428 false
  1417 jump *label365 equal :processUnit.3:supply false
  1418 ucontrol itemDrop dome1 .UNIT_CAPACITY
  1419 set .MSG ", supplying\n"
  1420 jump *label366 always
  1421 label *label365
  1422 ucontrol approach .DOME_X .DOME_Y 6
  1423 set .MSG ", waiting\n"
  1424 label *label366
  1425 sensor *tmp431 @unit @totalItems
  1426 op lessThanEq *tmp432 *tmp431 0
  1427 jump *label367 equal *tmp432 false
  1428 ucontrol approach .CORE_X .CORE_Y 6
  1429 set :processUnit.3:state 2
-    * set *tmp433 :processUnit.3:state
  1430 jump *label368 always
  1431 label *label367
-    * set *tmp433 null
  1432 label *label368
  1433 jump *label364 always
  1434 label *label363
  1435 ucontrol approach .DOME_X .DOME_Y 6
  1436 set .MSG ", returning in [gold]"
  1437 sensor *tmp434 @unit @x
  1438 op sub *tmp435 .DOME_X *tmp434
  1439 sensor *tmp436 @unit @y
  1440 op sub *tmp437 .DOME_Y *tmp436
  1441 op len *tmp438 *tmp435 *tmp437
  1442 op idiv *tmp439 *tmp438 .SPEED_TENTHS
  1443 op div *tmp440 *tmp439 10
  1444 set :processUnit.3:distance *tmp440
  1445 label *label364
  1446 jump *label362 always

Modifications by #5: Initial phase, Dead Code Elimination, iteration 4 (-8 instructions):
 
   779 jump *label214 equal *tmp213 false
   780 set :processUnit:state 3
   781 jump *label215 always
   782 label *label214
   783 sensor *tmp215 @unit @totalItems
   784 op equal *tmp216 *tmp215 0
   785 jump *label216 equal *tmp216 false
   786 set :processUnit:state 2
   787 jump *label217 always
   788 label *label216
   789 set .MSG ", initializing\n"
   790 ucontrol approach .CORE_X .CORE_Y 6
   791 ucontrol within .CORE_X .CORE_Y 8 *tmp218
   792 jump *label218 equal *tmp218 false
   793 ucontrol itemDrop .CORE .UNIT_CAPACITY
-    * set *tmp219 null
   794 jump *label219 always
   795 label *label218
-    * set *tmp219 null
   796 label *label219
   797 label *label217
   798 label *label215
   799 jump *label211 always
   800 label *label210
   801 label *label211
   802 op equal *tmp220 :processUnit:state 2
   803 jump *label220 equal *tmp220 false
   804 ucontrol within .CORE_X .CORE_Y 8 *tmp222
   805 jump *label222 equal *tmp222 false
   806 ucontrol itemTake .CORE :processUnit:item .UNIT_CAPACITY
   807 sensor *tmp224 @unit @totalItems
   808 op greaterThanEq *tmp225 *tmp224 .UNIT_CAPACITY
   809 jump *label224 equal *tmp225 false
   810 ucontrol approach .DOME_X .DOME_Y 6
 
   959 jump *label258 equal *tmp275 false
   960 set :processUnit.1:state 3
   961 jump *label259 always
   962 label *label258
   963 sensor *tmp277 @unit @totalItems
   964 op equal *tmp278 *tmp277 0
   965 jump *label260 equal *tmp278 false
   966 set :processUnit.1:state 2
   967 jump *label261 always
   968 label *label260
   969 set .MSG ", initializing\n"
   970 ucontrol approach .CORE_X .CORE_Y 6
   971 ucontrol within .CORE_X .CORE_Y 8 *tmp280
   972 jump *label262 equal *tmp280 false
   973 ucontrol itemDrop .CORE .UNIT_CAPACITY
-    * set *tmp281 null
   974 jump *label263 always
   975 label *label262
-    * set *tmp281 null
   976 label *label263
   977 label *label261
   978 label *label259
   979 jump *label255 always
   980 label *label254
   981 label *label255
   982 op equal *tmp282 :processUnit.1:state 2
   983 jump *label264 equal *tmp282 false
   984 ucontrol within .CORE_X .CORE_Y 8 *tmp284
   985 jump *label266 equal *tmp284 false
   986 ucontrol itemTake .CORE :processUnit.1:item .UNIT_CAPACITY
   987 sensor *tmp286 @unit @totalItems
   988 op greaterThanEq *tmp287 *tmp286 .UNIT_CAPACITY
   989 jump *label268 equal *tmp287 false
   990 ucontrol approach .DOME_X .DOME_Y 6
 
  1172 jump *label305 equal *tmp343 false
  1173 set :processUnit.2:state 3
  1174 jump *label306 always
  1175 label *label305
  1176 sensor *tmp345 @unit @totalItems
  1177 op equal *tmp346 *tmp345 0
  1178 jump *label307 equal *tmp346 false
  1179 set :processUnit.2:state 2
  1180 jump *label308 always
  1181 label *label307
  1182 set .MSG ", initializing\n"
  1183 ucontrol approach .CORE_X .CORE_Y 6
  1184 ucontrol within .CORE_X .CORE_Y 8 *tmp348
  1185 jump *label309 equal *tmp348 false
  1186 ucontrol itemDrop .CORE .UNIT_CAPACITY
-    * set *tmp349 null
  1187 jump *label310 always
  1188 label *label309
-    * set *tmp349 null
  1189 label *label310
  1190 label *label308
  1191 label *label306
  1192 jump *label302 always
  1193 label *label301
  1194 label *label302
  1195 op equal *tmp350 :processUnit.2:state 2
  1196 jump *label311 equal *tmp350 false
  1197 ucontrol within .CORE_X .CORE_Y 8 *tmp352
  1198 jump *label313 equal *tmp352 false
  1199 ucontrol itemTake .CORE :processUnit.2:item .UNIT_CAPACITY
  1200 sensor *tmp354 @unit @totalItems
  1201 op greaterThanEq *tmp355 *tmp354 .UNIT_CAPACITY
  1202 jump *label315 equal *tmp355 false
  1203 ucontrol approach .DOME_X .DOME_Y 6
 
  1352 jump *label349 equal *tmp405 false
  1353 set :processUnit.3:state 3
  1354 jump *label350 always
  1355 label *label349
  1356 sensor *tmp407 @unit @totalItems
  1357 op equal *tmp408 *tmp407 0
  1358 jump *label351 equal *tmp408 false
  1359 set :processUnit.3:state 2
  1360 jump *label352 always
  1361 label *label351
  1362 set .MSG ", initializing\n"
  1363 ucontrol approach .CORE_X .CORE_Y 6
  1364 ucontrol within .CORE_X .CORE_Y 8 *tmp410
  1365 jump *label353 equal *tmp410 false
  1366 ucontrol itemDrop .CORE .UNIT_CAPACITY
-    * set *tmp411 null
  1367 jump *label354 always
  1368 label *label353
-    * set *tmp411 null
  1369 label *label354
  1370 label *label352
  1371 label *label350
  1372 jump *label346 always
  1373 label *label345
  1374 label *label346
  1375 op equal *tmp412 :processUnit.3:state 2
  1376 jump *label355 equal *tmp412 false
  1377 ucontrol within .CORE_X .CORE_Y 8 *tmp414
  1378 jump *label357 equal *tmp414 false
  1379 ucontrol itemTake .CORE :processUnit.3:item .UNIT_CAPACITY
  1380 sensor *tmp416 @unit @totalItems
  1381 op greaterThanEq *tmp417 *tmp416 .UNIT_CAPACITY
  1382 jump *label359 equal *tmp417 false
  1383 ucontrol approach .DOME_X .DOME_Y 6

Modifications by #7: Initial phase, Temp Variables Elimination, iteration 1 (-36 instructions):
 
    34 call *label0 *invalid :locateCore*retval (m:*label18) (h:*label18)
    35 label *label18
    36 jump *label16 equal :locateCore*retval false
    37 jump *label2 always
    38 jump *label17 always
    39 label *label16
    40 label *label17
    41 label *label10
    42 multijump *tmp1 0 0 (m:marker0)
    43 multilabel *label15 (m:marker0)
    44 label *label11
    45 label *label7
    46 jump *label6 always
    47 label *label8
    48 label *label2
-    * sensor *tmp3 .CORE @x
-    * set .CORE_X *tmp3
-    * sensor *tmp4 .CORE @y
-    * set .CORE_Y *tmp4
-    * sensor *tmp5 dome1 @x
-    * set .DOME_X *tmp5
-    * sensor *tmp6 dome1 @y
-    * set .DOME_Y *tmp6
+   49 sensor .CORE_X .CORE @x
+   50 sensor .CORE_Y .CORE @y
+   51 sensor .DOME_X dome1 @x
+   52 sensor .DOME_Y dome1 @y
    53 label *label19
    54 sensor *tmp7 switch1 @enabled
    55 op equal *tmp8 *tmp7 false
    56 jump *label21 equal *tmp8 false
    57 print "[coral]Activate switch to begin supplying overdrive dome..."
    58 print "\n"
    59 printflush message1
    60 label *label20
    61 jump *label19 always
    62 label *label21
    63 label *label23
    64 jump *label25 equal true false
    65 printflush null
    66 print "[gold]Looking for suitable unit type:[]"
    67 print "\n"
    68 set :areUnitsAvailable:type UNIT_TYPE
    69 set :areUnitsAvailable:output true
    70 set :areUnitsAvailable:free 0
    71 set :areUnitsAvailable:occupied 0
    72 set :areUnitsAvailable:needed 0
    73 ubind :areUnitsAvailable:type
    74 set :areUnitsAvailable:firstUnit @unit
    75 op notEqual *tmp11 :areUnitsAvailable:firstUnit null
    76 jump *label29 equal *tmp11 false
    77 set :needsFourUnits:unit @unit
    78 op sub *tmp14 .DOME_X .CORE_X
    79 op sub *tmp15 .DOME_Y .CORE_Y
    80 op len *tmp16 *tmp14 *tmp15
    81 op mul *tmp17 2 *tmp16
    82 sensor *tmp18 :needsFourUnits:unit @speed
-    * op div *tmp19 *tmp17 *tmp18
-    * set :needsFourUnits:travel_time *tmp19
-    * op greaterThanEq *tmp20 :needsFourUnits:travel_time 47
-    * set *tmp13 *tmp20
+   83 op div :needsFourUnits:travel_time *tmp17 *tmp18
+   84 op greaterThanEq *tmp13 :needsFourUnits:travel_time 47
    85 jump *label33 always
    86 set *tmp13 null
    87 label *label33
    88 jump *label31 equal *tmp13 false
    89 set *tmp21 4
    90 jump *label32 always
    91 label *label31
    92 set *tmp21 2
    93 label *label32
    94 set :areUnitsAvailable:needed *tmp21
    95 label *label34
    96 sensor *tmp22 @unit @controlled
    97 op equal *tmp23 *tmp22 0
    98 jump *label39 notEqual *tmp23 false
    99 label *label40
 
   176 set :areUnitsAvailable.1:type :chooseUnitType:type
   177 set :areUnitsAvailable.1:output true
   178 set :areUnitsAvailable.1:free 0
   179 set :areUnitsAvailable.1:occupied 0
   180 set :areUnitsAvailable.1:needed 0
   181 ubind :areUnitsAvailable.1:type
   182 set :areUnitsAvailable.1:firstUnit @unit
   183 op notEqual *tmp41 :areUnitsAvailable.1:firstUnit null
   184 jump *label60 equal *tmp41 false
   185 set :needsFourUnits.1:unit @unit
   186 op sub *tmp44 .DOME_X .CORE_X
   187 op sub *tmp45 .DOME_Y .CORE_Y
   188 op len *tmp46 *tmp44 *tmp45
   189 op mul *tmp47 2 *tmp46
   190 sensor *tmp48 :needsFourUnits.1:unit @speed
-    * op div *tmp49 *tmp47 *tmp48
-    * set :needsFourUnits.1:travel_time *tmp49
-    * op greaterThanEq *tmp50 :needsFourUnits.1:travel_time 47
-    * set *tmp43 *tmp50
+  191 op div :needsFourUnits.1:travel_time *tmp47 *tmp48
+  192 op greaterThanEq *tmp43 :needsFourUnits.1:travel_time 47
   193 jump *label64 always
   194 set *tmp43 null
   195 label *label64
   196 jump *label62 equal *tmp43 false
   197 set *tmp51 4
   198 jump *label63 always
   199 label *label62
   200 set *tmp51 2
   201 label *label63
   202 set :areUnitsAvailable.1:needed *tmp51
   203 label *label65
   204 sensor *tmp52 @unit @controlled
   205 op equal *tmp53 *tmp52 0
   206 jump *label70 notEqual *tmp53 false
   207 label *label71
 
   437 op equal *tmp114 *tmp113 @phase-fabric
   438 jump *label124 notEqual *tmp114 false
   439 label *label125
   440 sensor *tmp115 .UNIT_P1 @firstItem
   441 op equal *tmp116 *tmp115 @silicon
   442 jump *label124 notEqual *tmp116 false
   443 jump *label122 always
   444 label *label124
   445 set :swap:t .UNIT_S1
   446 set .UNIT_S1 .UNIT_P1
   447 set .UNIT_P1 :swap:t
   448 label *label126
   449 jump *label123 always
   450 label *label122
   451 label *label123
-    * sensor *tmp118 .UNIT_S1 @itemCapacity
-    * set .UNIT_CAPACITY *tmp118
-    * sensor *tmp119 .UNIT_S1 @speed
-    * set .SPEED *tmp119
-    * op div *tmp120 .SPEED 10
-    * set .SPEED_TENTHS *tmp120
+  452 sensor .UNIT_CAPACITY .UNIT_S1 @itemCapacity
+  453 sensor .SPEED .UNIT_S1 @speed
+  454 op div .SPEED_TENTHS .SPEED 10
   455 op strictEqual *tmp121 .SPEED null
   456 jump *label127 equal *tmp121 false
   457 stop
   458 jump *label128 always
   459 label *label127
   460 label *label128
   461 set :needsFourUnits.2:unit .UNIT_S1
   462 op sub *tmp124 .DOME_X .CORE_X
   463 op sub *tmp125 .DOME_Y .CORE_Y
   464 op len *tmp126 *tmp124 *tmp125
   465 op mul *tmp127 2 *tmp126
   466 sensor *tmp128 :needsFourUnits.2:unit @speed
-    * op div *tmp129 *tmp127 *tmp128
-    * set :needsFourUnits.2:travel_time *tmp129
-    * op greaterThanEq *tmp130 :needsFourUnits.2:travel_time 47
-    * set *tmp123 *tmp130
+  467 op div :needsFourUnits.2:travel_time *tmp127 *tmp128
+  468 op greaterThanEq *tmp123 :needsFourUnits.2:travel_time 47
   469 jump *label129 always
   470 set *tmp123 null
   471 label *label129
   472 set .FOUR_UNITS *tmp123
   473 jump *label130 equal .FOUR_UNITS false
   474 set :acquireUnit.2:currentUnit .UNIT_S2
   475 set :rebindUnit.2:currentUnit :acquireUnit.2:currentUnit
   476 op notEqual *tmp134 :rebindUnit.2:currentUnit null
   477 jump *label134 equal *tmp134 false
   478 ubind :rebindUnit.2:currentUnit
   479 sensor *tmp136 @unit @dead
   480 op equal *tmp137 *tmp136 0
   481 jump *label136 equal *tmp137 false
   482 label *label139
   483 sensor *tmp138 @unit @controller
 
   652 op equal *tmp182 .FOUR_UNITS false
   653 jump *label186 notEqual *tmp182 false
   654 label *label187
   655 sensor *tmp183 .UNIT_P1 @totalItems
   656 sensor *tmp184 .UNIT_P2 @totalItems
   657 op lessThan *tmp185 *tmp183 *tmp184
   658 jump *label186 notEqual *tmp185 false
   659 jump *label184 always
   660 label *label186
   661 set *tmp186 true
   662 jump *label185 always
   663 label *label184
   664 set *tmp186 false
   665 label *label185
   666 set .SUPPLY_P_FIRST *tmp186
-    * op add *tmp187 @time 5000
-    * set :unitCheck *tmp187
+  667 op add :unitCheck @time 5000
   668 label *label188
   669 sensor *tmp188 switch1 @enabled
   670 jump *label190 equal *tmp188 false
   671 set :start @time
   672 print " === [gold]Supplying Overdrive Dome[] === "
   673 print "\n"
   674 print "\n"
   675 print "Unit type: [green]"
   676 print .TYPE
   677 print "["
   678 print "]"
   679 print "\n"
   680 set :printDomeStatus:item @silicon
   681 set :printDomeStatus:text "\n[green]Silicon[] status:\n"
   682 print :printDomeStatus:text
-    * sensor *tmp189 dome1 :printDomeStatus:item
-    * set :printDomeStatus:level *tmp189
+  683 sensor :printDomeStatus:level dome1 :printDomeStatus:item
   684 op greaterThan *tmp190 :printDomeStatus:level 3
   685 jump *label192 equal *tmp190 false
   686 print "  dome:  [green]"
   687 print :printDomeStatus:level
   688 print "["
   689 print "]"
   690 print "\n"
   691 jump *label193 always
   692 label *label192
   693 print "  dome:  [coral]"
   694 print :printDomeStatus:level
   695 print "["
   696 print "]"
   697 print "\n"
   698 label *label193
 
   736 ubind .TYPE
   737 label *label205
   738 op notEqual *tmp205 @unit :rebindUnit.4:firstUnit
   739 jump *label206 equal *tmp205 false
   740 label *label209
   741 sensor *tmp206 :rebindUnit.4:firstUnit @dead
   742 op equal *tmp207 *tmp206 0
   743 jump *label206 equal *tmp207 false
   744 jump *label204 always
   745 label *label206
   746 jump *label203 always
   747 label *label202
   748 label *label203
   749 end
   750 label *label195
-    * sensor *tmp208 @unit @flag
-    * set :processUnit:state *tmp208
+  751 sensor :processUnit:state @unit @flag
   752 set :processUnit:distance -1
   753 set :processUnit:color "gold"
   754 op lessThan *tmp209 :processUnit:state 2
   755 jump *label212 notEqual *tmp209 false
   756 label *label213
   757 op greaterThan *tmp210 :processUnit:state 3
   758 jump *label212 notEqual *tmp210 false
   759 jump *label210 always
   760 label *label212
   761 sensor *tmp212 @unit @firstItem
   762 op equal *tmp213 *tmp212 :processUnit:item
   763 jump *label214 equal *tmp213 false
   764 set :processUnit:state 3
   765 jump *label215 always
   766 label *label214
 
   795 set :processUnit:state 3
   796 jump *label225 always
   797 label *label224
   798 set .MSG ", loading\n"
   799 label *label225
   800 jump *label223 always
   801 label *label222
   802 ucontrol approach .CORE_X .CORE_Y 6
   803 set .MSG ", fetching in [gold]"
   804 sensor *tmp227 @unit @x
   805 op sub *tmp228 .CORE_X *tmp227
   806 sensor *tmp229 @unit @y
   807 op sub *tmp230 .CORE_Y *tmp229
   808 op len *tmp231 *tmp228 *tmp230
   809 op idiv *tmp232 *tmp231 .SPEED_TENTHS
-    * op div *tmp233 *tmp232 10
-    * set :processUnit:distance *tmp233
+  810 op div :processUnit:distance *tmp232 10
   811 label *label223
   812 jump *label221 always
   813 label *label220
   814 label *label221
   815 op equal *tmp234 :processUnit:state 3
   816 jump *label226 equal *tmp234 false
   817 ucontrol within .DOME_X .DOME_Y 8 *tmp236
   818 jump *label228 equal *tmp236 false
   819 jump *label230 equal :processUnit:supply false
   820 ucontrol itemDrop dome1 .UNIT_CAPACITY
   821 set .MSG ", supplying\n"
   822 jump *label231 always
   823 label *label230
   824 ucontrol approach .DOME_X .DOME_Y 6
   825 set .MSG ", waiting\n"
 
   830 ucontrol approach .CORE_X .CORE_Y 6
   831 set :processUnit:state 2
   832 jump *label233 always
   833 label *label232
   834 label *label233
   835 jump *label229 always
   836 label *label228
   837 ucontrol approach .DOME_X .DOME_Y 6
   838 set .MSG ", returning in [gold]"
   839 sensor *tmp242 @unit @x
   840 op sub *tmp243 .DOME_X *tmp242
   841 sensor *tmp244 @unit @y
   842 op sub *tmp245 .DOME_Y *tmp244
   843 op len *tmp246 *tmp243 *tmp245
   844 op idiv *tmp247 *tmp246 .SPEED_TENTHS
-    * op div *tmp248 *tmp247 10
-    * set :processUnit:distance *tmp248
+  845 op div :processUnit:distance *tmp247 10
   846 label *label229
   847 jump *label227 always
   848 label *label226
   849 label *label227
   850 ucontrol flag :processUnit:state
   851 sensor *tmp249 @unit @totalItems
   852 print "  "
   853 print :processUnit:group
   854 print ":"
   855 print " ["
   856 print :processUnit:color
   857 print "]"
   858 print *tmp249
   859 print "["
   860 print "]"
 
   913 ubind .TYPE
   914 label *label249
   915 op notEqual *tmp267 @unit :rebindUnit.5:firstUnit
   916 jump *label250 equal *tmp267 false
   917 label *label253
   918 sensor *tmp268 :rebindUnit.5:firstUnit @dead
   919 op equal *tmp269 *tmp268 0
   920 jump *label250 equal *tmp269 false
   921 jump *label248 always
   922 label *label250
   923 jump *label247 always
   924 label *label246
   925 label *label247
   926 end
   927 label *label239
-    * sensor *tmp270 @unit @flag
-    * set :processUnit.1:state *tmp270
+  928 sensor :processUnit.1:state @unit @flag
   929 set :processUnit.1:distance -1
   930 set :processUnit.1:color "gold"
   931 op lessThan *tmp271 :processUnit.1:state 2
   932 jump *label256 notEqual *tmp271 false
   933 label *label257
   934 op greaterThan *tmp272 :processUnit.1:state 3
   935 jump *label256 notEqual *tmp272 false
   936 jump *label254 always
   937 label *label256
   938 sensor *tmp274 @unit @firstItem
   939 op equal *tmp275 *tmp274 :processUnit.1:item
   940 jump *label258 equal *tmp275 false
   941 set :processUnit.1:state 3
   942 jump *label259 always
   943 label *label258
 
   972 set :processUnit.1:state 3
   973 jump *label269 always
   974 label *label268
   975 set .MSG ", loading\n"
   976 label *label269
   977 jump *label267 always
   978 label *label266
   979 ucontrol approach .CORE_X .CORE_Y 6
   980 set .MSG ", fetching in [gold]"
   981 sensor *tmp289 @unit @x
   982 op sub *tmp290 .CORE_X *tmp289
   983 sensor *tmp291 @unit @y
   984 op sub *tmp292 .CORE_Y *tmp291
   985 op len *tmp293 *tmp290 *tmp292
   986 op idiv *tmp294 *tmp293 .SPEED_TENTHS
-    * op div *tmp295 *tmp294 10
-    * set :processUnit.1:distance *tmp295
+  987 op div :processUnit.1:distance *tmp294 10
   988 label *label267
   989 jump *label265 always
   990 label *label264
   991 label *label265
   992 op equal *tmp296 :processUnit.1:state 3
   993 jump *label270 equal *tmp296 false
   994 ucontrol within .DOME_X .DOME_Y 8 *tmp298
   995 jump *label272 equal *tmp298 false
   996 jump *label274 equal :processUnit.1:supply false
   997 ucontrol itemDrop dome1 .UNIT_CAPACITY
   998 set .MSG ", supplying\n"
   999 jump *label275 always
  1000 label *label274
  1001 ucontrol approach .DOME_X .DOME_Y 6
  1002 set .MSG ", waiting\n"
 
  1007 ucontrol approach .CORE_X .CORE_Y 6
  1008 set :processUnit.1:state 2
  1009 jump *label277 always
  1010 label *label276
  1011 label *label277
  1012 jump *label273 always
  1013 label *label272
  1014 ucontrol approach .DOME_X .DOME_Y 6
  1015 set .MSG ", returning in [gold]"
  1016 sensor *tmp304 @unit @x
  1017 op sub *tmp305 .DOME_X *tmp304
  1018 sensor *tmp306 @unit @y
  1019 op sub *tmp307 .DOME_Y *tmp306
  1020 op len *tmp308 *tmp305 *tmp307
  1021 op idiv *tmp309 *tmp308 .SPEED_TENTHS
-    * op div *tmp310 *tmp309 10
-    * set :processUnit.1:distance *tmp310
+ 1022 op div :processUnit.1:distance *tmp309 10
  1023 label *label273
  1024 jump *label271 always
  1025 label *label270
  1026 label *label271
  1027 ucontrol flag :processUnit.1:state
  1028 sensor *tmp311 @unit @totalItems
  1029 print "  "
  1030 print :processUnit.1:group
  1031 print ":"
  1032 print " ["
  1033 print :processUnit.1:color
  1034 print "]"
  1035 print *tmp311
  1036 print "["
  1037 print "]"
 
  1039 jump *label278 equal *tmp312 false
  1040 print .MSG
  1041 print :processUnit.1:distance
  1042 print "["
  1043 print "] sec"
  1044 print "\n"
  1045 jump *label279 always
  1046 label *label278
  1047 print .MSG
  1048 label *label279
  1049 set :processUnit.1:unit @unit
  1050 label *label238
  1051 set .UNIT_S2 :processUnit.1:unit
  1052 jump *label280 equal .SUPPLY_S_FIRST false
  1053 sensor *tmp315 .UNIT_S1 @totalItems
-    * op greaterThan *tmp316 *tmp315 0
-    * set *tmp314 *tmp316
+ 1054 op greaterThan *tmp314 *tmp315 0
  1055 jump *label281 always
  1056 label *label280
  1057 sensor *tmp317 .UNIT_S2 @totalItems
-    * op equal *tmp318 *tmp317 0
-    * set *tmp314 *tmp318
+ 1058 op equal *tmp314 *tmp317 0
  1059 label *label281
  1060 set .SUPPLY_S_FIRST *tmp314
  1061 jump *label237 always
  1062 label *label236
  1063 label *label237
  1064 set :printDomeStatus.1:item @phase-fabric
  1065 set :printDomeStatus.1:text "\n[green]Phase fabric[] status:\n"
  1066 print :printDomeStatus.1:text
-    * sensor *tmp319 dome1 :printDomeStatus.1:item
-    * set :printDomeStatus.1:level *tmp319
+ 1067 sensor :printDomeStatus.1:level dome1 :printDomeStatus.1:item
  1068 op greaterThan *tmp320 :printDomeStatus.1:level 3
  1069 jump *label283 equal *tmp320 false
  1070 print "  dome:  [green]"
  1071 print :printDomeStatus.1:level
  1072 print "["
  1073 print "]"
  1074 print "\n"
  1075 jump *label284 always
  1076 label *label283
  1077 print "  dome:  [coral]"
  1078 print :printDomeStatus.1:level
  1079 print "["
  1080 print "]"
  1081 print "\n"
  1082 label *label284
 
  1120 ubind .TYPE
  1121 label *label296
  1122 op notEqual *tmp335 @unit :rebindUnit.6:firstUnit
  1123 jump *label297 equal *tmp335 false
  1124 label *label300
  1125 sensor *tmp336 :rebindUnit.6:firstUnit @dead
  1126 op equal *tmp337 *tmp336 0
  1127 jump *label297 equal *tmp337 false
  1128 jump *label295 always
  1129 label *label297
  1130 jump *label294 always
  1131 label *label293
  1132 label *label294
  1133 end
  1134 label *label286
-    * sensor *tmp338 @unit @flag
-    * set :processUnit.2:state *tmp338
+ 1135 sensor :processUnit.2:state @unit @flag
  1136 set :processUnit.2:distance -1
  1137 set :processUnit.2:color "gold"
  1138 op lessThan *tmp339 :processUnit.2:state 2
  1139 jump *label303 notEqual *tmp339 false
  1140 label *label304
  1141 op greaterThan *tmp340 :processUnit.2:state 3
  1142 jump *label303 notEqual *tmp340 false
  1143 jump *label301 always
  1144 label *label303
  1145 sensor *tmp342 @unit @firstItem
  1146 op equal *tmp343 *tmp342 :processUnit.2:item
  1147 jump *label305 equal *tmp343 false
  1148 set :processUnit.2:state 3
  1149 jump *label306 always
  1150 label *label305
 
  1179 set :processUnit.2:state 3
  1180 jump *label316 always
  1181 label *label315
  1182 set .MSG ", loading\n"
  1183 label *label316
  1184 jump *label314 always
  1185 label *label313
  1186 ucontrol approach .CORE_X .CORE_Y 6
  1187 set .MSG ", fetching in [gold]"
  1188 sensor *tmp357 @unit @x
  1189 op sub *tmp358 .CORE_X *tmp357
  1190 sensor *tmp359 @unit @y
  1191 op sub *tmp360 .CORE_Y *tmp359
  1192 op len *tmp361 *tmp358 *tmp360
  1193 op idiv *tmp362 *tmp361 .SPEED_TENTHS
-    * op div *tmp363 *tmp362 10
-    * set :processUnit.2:distance *tmp363
+ 1194 op div :processUnit.2:distance *tmp362 10
  1195 label *label314
  1196 jump *label312 always
  1197 label *label311
  1198 label *label312
  1199 op equal *tmp364 :processUnit.2:state 3
  1200 jump *label317 equal *tmp364 false
  1201 ucontrol within .DOME_X .DOME_Y 8 *tmp366
  1202 jump *label319 equal *tmp366 false
  1203 jump *label321 equal :processUnit.2:supply false
  1204 ucontrol itemDrop dome1 .UNIT_CAPACITY
  1205 set .MSG ", supplying\n"
  1206 jump *label322 always
  1207 label *label321
  1208 ucontrol approach .DOME_X .DOME_Y 6
  1209 set .MSG ", waiting\n"
 
  1214 ucontrol approach .CORE_X .CORE_Y 6
  1215 set :processUnit.2:state 2
  1216 jump *label324 always
  1217 label *label323
  1218 label *label324
  1219 jump *label320 always
  1220 label *label319
  1221 ucontrol approach .DOME_X .DOME_Y 6
  1222 set .MSG ", returning in [gold]"
  1223 sensor *tmp372 @unit @x
  1224 op sub *tmp373 .DOME_X *tmp372
  1225 sensor *tmp374 @unit @y
  1226 op sub *tmp375 .DOME_Y *tmp374
  1227 op len *tmp376 *tmp373 *tmp375
  1228 op idiv *tmp377 *tmp376 .SPEED_TENTHS
-    * op div *tmp378 *tmp377 10
-    * set :processUnit.2:distance *tmp378
+ 1229 op div :processUnit.2:distance *tmp377 10
  1230 label *label320
  1231 jump *label318 always
  1232 label *label317
  1233 label *label318
  1234 ucontrol flag :processUnit.2:state
  1235 sensor *tmp379 @unit @totalItems
  1236 print "  "
  1237 print :processUnit.2:group
  1238 print ":"
  1239 print " ["
  1240 print :processUnit.2:color
  1241 print "]"
  1242 print *tmp379
  1243 print "["
  1244 print "]"
 
  1297 ubind .TYPE
  1298 label *label340
  1299 op notEqual *tmp397 @unit :rebindUnit.7:firstUnit
  1300 jump *label341 equal *tmp397 false
  1301 label *label344
  1302 sensor *tmp398 :rebindUnit.7:firstUnit @dead
  1303 op equal *tmp399 *tmp398 0
  1304 jump *label341 equal *tmp399 false
  1305 jump *label339 always
  1306 label *label341
  1307 jump *label338 always
  1308 label *label337
  1309 label *label338
  1310 end
  1311 label *label330
-    * sensor *tmp400 @unit @flag
-    * set :processUnit.3:state *tmp400
+ 1312 sensor :processUnit.3:state @unit @flag
  1313 set :processUnit.3:distance -1
  1314 set :processUnit.3:color "gold"
  1315 op lessThan *tmp401 :processUnit.3:state 2
  1316 jump *label347 notEqual *tmp401 false
  1317 label *label348
  1318 op greaterThan *tmp402 :processUnit.3:state 3
  1319 jump *label347 notEqual *tmp402 false
  1320 jump *label345 always
  1321 label *label347
  1322 sensor *tmp404 @unit @firstItem
  1323 op equal *tmp405 *tmp404 :processUnit.3:item
  1324 jump *label349 equal *tmp405 false
  1325 set :processUnit.3:state 3
  1326 jump *label350 always
  1327 label *label349
 
  1356 set :processUnit.3:state 3
  1357 jump *label360 always
  1358 label *label359
  1359 set .MSG ", loading\n"
  1360 label *label360
  1361 jump *label358 always
  1362 label *label357
  1363 ucontrol approach .CORE_X .CORE_Y 6
  1364 set .MSG ", fetching in [gold]"
  1365 sensor *tmp419 @unit @x
  1366 op sub *tmp420 .CORE_X *tmp419
  1367 sensor *tmp421 @unit @y
  1368 op sub *tmp422 .CORE_Y *tmp421
  1369 op len *tmp423 *tmp420 *tmp422
  1370 op idiv *tmp424 *tmp423 .SPEED_TENTHS
-    * op div *tmp425 *tmp424 10
-    * set :processUnit.3:distance *tmp425
+ 1371 op div :processUnit.3:distance *tmp424 10
  1372 label *label358
  1373 jump *label356 always
  1374 label *label355
  1375 label *label356
  1376 op equal *tmp426 :processUnit.3:state 3
  1377 jump *label361 equal *tmp426 false
  1378 ucontrol within .DOME_X .DOME_Y 8 *tmp428
  1379 jump *label363 equal *tmp428 false
  1380 jump *label365 equal :processUnit.3:supply false
  1381 ucontrol itemDrop dome1 .UNIT_CAPACITY
  1382 set .MSG ", supplying\n"
  1383 jump *label366 always
  1384 label *label365
  1385 ucontrol approach .DOME_X .DOME_Y 6
  1386 set .MSG ", waiting\n"
 
  1391 ucontrol approach .CORE_X .CORE_Y 6
  1392 set :processUnit.3:state 2
  1393 jump *label368 always
  1394 label *label367
  1395 label *label368
  1396 jump *label364 always
  1397 label *label363
  1398 ucontrol approach .DOME_X .DOME_Y 6
  1399 set .MSG ", returning in [gold]"
  1400 sensor *tmp434 @unit @x
  1401 op sub *tmp435 .DOME_X *tmp434
  1402 sensor *tmp436 @unit @y
  1403 op sub *tmp437 .DOME_Y *tmp436
  1404 op len *tmp438 *tmp435 *tmp437
  1405 op idiv *tmp439 *tmp438 .SPEED_TENTHS
-    * op div *tmp440 *tmp439 10
-    * set :processUnit.3:distance *tmp440
+ 1406 op div :processUnit.3:distance *tmp439 10
  1407 label *label364
  1408 jump *label362 always
  1409 label *label361
  1410 label *label362
  1411 ucontrol flag :processUnit.3:state
  1412 sensor *tmp441 @unit @totalItems
  1413 print "  "
  1414 print :processUnit.3:group
  1415 print ":"
  1416 print " ["
  1417 print :processUnit.3:color
  1418 print "]"
  1419 print *tmp441
  1420 print "["
  1421 print "]"
 
  1423 jump *label369 equal *tmp442 false
  1424 print .MSG
  1425 print :processUnit.3:distance
  1426 print "["
  1427 print "] sec"
  1428 print "\n"
  1429 jump *label370 always
  1430 label *label369
  1431 print .MSG
  1432 label *label370
  1433 set :processUnit.3:unit @unit
  1434 label *label329
  1435 set .UNIT_P2 :processUnit.3:unit
  1436 jump *label371 equal .SUPPLY_P_FIRST false
  1437 sensor *tmp445 .UNIT_P1 @totalItems
-    * op greaterThan *tmp446 *tmp445 0
-    * set *tmp444 *tmp446
+ 1438 op greaterThan *tmp444 *tmp445 0
  1439 jump *label372 always
  1440 label *label371
  1441 sensor *tmp447 .UNIT_P2 @totalItems
-    * op equal *tmp448 *tmp447 0
-    * set *tmp444 *tmp448
+ 1442 op equal *tmp444 *tmp447 0
  1443 label *label372
  1444 set .SUPPLY_P_FIRST *tmp444
  1445 jump *label328 always
  1446 label *label327
  1447 label *label328
  1448 op sub *tmp449 @time :start
  1449 op floor *tmp450 *tmp449
  1450 print "\n"
  1451 print "[lightgray]Loop time: "
  1452 print *tmp450
  1453 print " "
  1454 print "ms"
  1455 printflush message1
  1456 op notEqual *tmp451 .TYPE UNIT_TYPE
  1457 jump *label373 equal *tmp451 false
 
  1463 set :areUnitsAvailable.2:type UNIT_TYPE
  1464 set :areUnitsAvailable.2:output false
  1465 set :areUnitsAvailable.2:free 0
  1466 set :areUnitsAvailable.2:occupied 0
  1467 set :areUnitsAvailable.2:needed 0
  1468 ubind :areUnitsAvailable.2:type
  1469 set :areUnitsAvailable.2:firstUnit @unit
  1470 op notEqual *tmp455 :areUnitsAvailable.2:firstUnit null
  1471 jump *label380 equal *tmp455 false
  1472 set :needsFourUnits.3:unit @unit
  1473 op sub *tmp458 .DOME_X .CORE_X
  1474 op sub *tmp459 .DOME_Y .CORE_Y
  1475 op len *tmp460 *tmp458 *tmp459
  1476 op mul *tmp461 2 *tmp460
  1477 sensor *tmp462 :needsFourUnits.3:unit @speed
-    * op div *tmp463 *tmp461 *tmp462
-    * set :needsFourUnits.3:travel_time *tmp463
-    * op greaterThanEq *tmp464 :needsFourUnits.3:travel_time 47
-    * set *tmp457 *tmp464
+ 1478 op div :needsFourUnits.3:travel_time *tmp461 *tmp462
+ 1479 op greaterThanEq *tmp457 :needsFourUnits.3:travel_time 47
  1480 jump *label384 always
  1481 set *tmp457 null
  1482 label *label384
  1483 jump *label382 equal *tmp457 false
  1484 set *tmp465 4
  1485 jump *label383 always
  1486 label *label382
  1487 set *tmp465 2
  1488 label *label383
  1489 set :areUnitsAvailable.2:needed *tmp465
  1490 label *label385
  1491 sensor *tmp466 @unit @controlled
  1492 op equal *tmp467 *tmp466 0
  1493 jump *label390 notEqual *tmp467 false
  1494 label *label391
 
  1538 label *label397
  1539 label *label398
  1540 print "\n"
  1541 jump *label396 always
  1542 label *label395
  1543 label *label396
  1544 set *tmp454 false
  1545 jump *label379 always
  1546 set *tmp454 null
  1547 label *label379
  1548 jump *label377 equal *tmp454 false
  1549 jump *label190 always
  1550 jump *label378 always
  1551 label *label377
  1552 label *label378
-    * op add *tmp481 @time 5000
-    * set :unitCheck *tmp481
+ 1553 op add :unitCheck @time 5000
  1554 jump *label374 always
  1555 label *label373
  1556 label *label374
  1557 label *label189
  1558 jump *label188 always
  1559 label *label190
  1560 set :free.1:unit .UNIT_S1
  1561 setaddr *tmp482 *label403
  1562 jump *label400 always
  1563 multilabel *label403 (m:marker3)
  1564 set :free.1:unit .UNIT_P1
  1565 setaddr *tmp482 *label404
  1566 jump *label400 always
  1567 multilabel *label404 (m:marker3)
  1568 set :free.1:unit .UNIT_S2
 
  1581 label *label402
  1582 label *label399
  1583 label *label1
  1584 end
  1585 label *label0
  1586 ubind :locateCore:type
  1587 sensor *tmp483 @unit @controlled
  1588 op equal *tmp484 *tmp483 0
  1589 jump *label410 notEqual *tmp484 false
  1590 label *label411
  1591 sensor *tmp485 @unit @controller
  1592 op equal *tmp486 *tmp485 @this
  1593 jump *label410 notEqual *tmp486 false
  1594 jump *label408 always
  1595 label *label410
-    * ulocate building core false @copper *tmp489 *tmp490 *tmp491 *tmp488
-    * set .CORE *tmp488
+ 1596 ulocate building core false @copper *tmp489 *tmp490 *tmp491 .CORE
  1597 jump *label409 always
  1598 label *label408
  1599 label *label409
  1600 set :locateCore*retval .CORE
  1601 label *label407
  1602 return :locateCore*retaddr
  1603 end

Modifications by #9: Iterated phase, Jump Normalization, pass 1, iteration 1 (-1 instructions):
 
    49 sensor .CORE_X .CORE @x
    50 sensor .CORE_Y .CORE @y
    51 sensor .DOME_X dome1 @x
    52 sensor .DOME_Y dome1 @y
    53 label *label19
    54 sensor *tmp7 switch1 @enabled
    55 op equal *tmp8 *tmp7 false
    56 jump *label21 equal *tmp8 false
    57 print "[coral]Activate switch to begin supplying overdrive dome..."
    58 print "\n"
    59 printflush message1
    60 label *label20
    61 jump *label19 always
    62 label *label21
    63 label *label23
-    * jump *label25 equal true false
    64 printflush null
    65 print "[gold]Looking for suitable unit type:[]"
    66 print "\n"
    67 set :areUnitsAvailable:type UNIT_TYPE
    68 set :areUnitsAvailable:output true
    69 set :areUnitsAvailable:free 0
    70 set :areUnitsAvailable:occupied 0
    71 set :areUnitsAvailable:needed 0
    72 ubind :areUnitsAvailable:type
    73 set :areUnitsAvailable:firstUnit @unit
    74 op notEqual *tmp11 :areUnitsAvailable:firstUnit null
    75 jump *label29 equal *tmp11 false
    76 set :needsFourUnits:unit @unit
    77 op sub *tmp14 .DOME_X .CORE_X
    78 op sub *tmp15 .DOME_Y .CORE_Y

Modifications by #10: Iterated phase, Jump Straightening, pass 1, iteration 1 (-24 instructions):
 
    86 label *label33
    87 jump *label31 equal *tmp13 false
    88 set *tmp21 4
    89 jump *label32 always
    90 label *label31
    91 set *tmp21 2
    92 label *label32
    93 set :areUnitsAvailable:needed *tmp21
    94 label *label34
    95 sensor *tmp22 @unit @controlled
    96 op equal *tmp23 *tmp22 0
    97 jump *label39 notEqual *tmp23 false
    98 label *label40
    99 sensor *tmp24 @unit @controller
   100 op equal *tmp25 *tmp24 @this
-    * jump *label39 notEqual *tmp25 false
-    * jump *label37 always
+  101 jump *label37 equal *tmp25 false
   102 label *label39
   103 op add :areUnitsAvailable:free :areUnitsAvailable:free 1
   104 op greaterThanEq *tmp27 :areUnitsAvailable:free :areUnitsAvailable:needed
   105 jump *label41 equal *tmp27 false
   106 set *tmp10 true
   107 jump *label28 always
   108 jump *label42 always
   109 label *label41
   110 label *label42
   111 jump *label38 always
   112 label *label37
   113 op add :areUnitsAvailable:occupied :areUnitsAvailable:occupied 1
   114 label *label38
   115 ubind :areUnitsAvailable:type
   116 label *label35
   117 op notEqual *tmp30 @unit :areUnitsAvailable:firstUnit
   118 jump *label36 equal *tmp30 false
   119 label *label43
   120 sensor *tmp31 :areUnitsAvailable:firstUnit @dead
   121 op equal *tmp32 *tmp31 0
-    * jump *label36 equal *tmp32 false
-    * jump *label34 always
+  122 jump *label34 notEqual *tmp32 false
   123 label *label36
   124 jump *label30 always
   125 label *label29
   126 label *label30
   127 jump *label44 equal :areUnitsAvailable:output false
   128 print :areUnitsAvailable:type
   129 print ":"
   130 print " occupied: "
   131 print :areUnitsAvailable:occupied
   132 print ","
   133 print " free: "
   134 print :areUnitsAvailable:free
   135 op greaterThan *tmp34 :areUnitsAvailable:needed 0
   136 jump *label46 equal *tmp34 false
   137 print ", needed: "
 
   192 label *label64
   193 jump *label62 equal *tmp43 false
   194 set *tmp51 4
   195 jump *label63 always
   196 label *label62
   197 set *tmp51 2
   198 label *label63
   199 set :areUnitsAvailable.1:needed *tmp51
   200 label *label65
   201 sensor *tmp52 @unit @controlled
   202 op equal *tmp53 *tmp52 0
   203 jump *label70 notEqual *tmp53 false
   204 label *label71
   205 sensor *tmp54 @unit @controller
   206 op equal *tmp55 *tmp54 @this
-    * jump *label70 notEqual *tmp55 false
-    * jump *label68 always
+  207 jump *label68 equal *tmp55 false
   208 label *label70
   209 op add :areUnitsAvailable.1:free :areUnitsAvailable.1:free 1
   210 op greaterThanEq *tmp57 :areUnitsAvailable.1:free :areUnitsAvailable.1:needed
   211 jump *label72 equal *tmp57 false
   212 set *tmp40 true
   213 jump *label59 always
   214 jump *label73 always
   215 label *label72
   216 label *label73
   217 jump *label69 always
   218 label *label68
   219 op add :areUnitsAvailable.1:occupied :areUnitsAvailable.1:occupied 1
   220 label *label69
   221 ubind :areUnitsAvailable.1:type
   222 label *label66
   223 op notEqual *tmp60 @unit :areUnitsAvailable.1:firstUnit
   224 jump *label67 equal *tmp60 false
   225 label *label74
   226 sensor *tmp61 :areUnitsAvailable.1:firstUnit @dead
   227 op equal *tmp62 *tmp61 0
-    * jump *label67 equal *tmp62 false
-    * jump *label65 always
+  228 jump *label65 notEqual *tmp62 false
   229 label *label67
   230 jump *label61 always
   231 label *label60
   232 label *label61
   233 jump *label75 equal :areUnitsAvailable.1:output false
   234 print :areUnitsAvailable.1:type
   235 print ":"
   236 print " occupied: "
   237 print :areUnitsAvailable.1:occupied
   238 print ","
   239 print " free: "
   240 print :areUnitsAvailable.1:free
   241 op greaterThan *tmp64 :areUnitsAvailable.1:needed 0
   242 jump *label77 equal *tmp64 false
   243 print ", needed: "
 
   303 jump *label87 equal *tmp74 false
   304 jump *label84 always
   305 jump *label88 always
   306 label *label87
   307 label *label88
   308 jump *label86 always
   309 label *label85
   310 label *label86
   311 ubind .TYPE
   312 label *label83
   313 op notEqual *tmp76 @unit :rebindUnits:firstUnit
   314 jump *label84 equal *tmp76 false
   315 label *label89
   316 sensor *tmp77 :rebindUnits:firstUnit @dead
   317 op equal *tmp78 *tmp77 0
-    * jump *label84 equal *tmp78 false
-    * jump *label82 always
+  318 jump *label82 notEqual *tmp78 false
   319 label *label84
   320 jump *label79 always
   321 label *label79
   322 set :acquireUnit:currentUnit .UNIT_S1
   323 set :rebindUnit:currentUnit :acquireUnit:currentUnit
   324 op notEqual *tmp81 :rebindUnit:currentUnit null
   325 jump *label92 equal *tmp81 false
   326 ubind :rebindUnit:currentUnit
   327 sensor *tmp83 @unit @dead
   328 op equal *tmp84 *tmp83 0
   329 jump *label94 equal *tmp84 false
   330 label *label97
   331 sensor *tmp85 @unit @controller
   332 op equal *tmp86 *tmp85 @this
   333 jump *label94 equal *tmp86 false
 
   347 label *label100
   348 sensor *tmp90 @unit @controlled
   349 op equal *tmp91 *tmp90 0
   350 jump *label103 equal *tmp91 false
   351 jump *label91 always
   352 jump *label104 always
   353 label *label103
   354 label *label104
   355 ubind .TYPE
   356 label *label101
   357 op notEqual *tmp93 @unit :rebindUnit:firstUnit
   358 jump *label102 equal *tmp93 false
   359 label *label105
   360 sensor *tmp94 :rebindUnit:firstUnit @dead
   361 op equal *tmp95 *tmp94 0
-    * jump *label102 equal *tmp95 false
-    * jump *label100 always
+  362 jump *label100 notEqual *tmp95 false
   363 label *label102
   364 jump *label99 always
   365 label *label98
   366 label *label99
   367 end
   368 label *label91
   369 ucontrol flag 1
   370 set *tmp79 @unit
   371 jump *label90 always
   372 set *tmp79 null
   373 label *label90
   374 set .UNIT_S1 *tmp79
   375 set :acquireUnit.1:currentUnit .UNIT_P1
   376 set :rebindUnit.1:currentUnit :acquireUnit.1:currentUnit
   377 op notEqual *tmp98 :rebindUnit.1:currentUnit null
 
   400 label *label116
   401 sensor *tmp107 @unit @controlled
   402 op equal *tmp108 *tmp107 0
   403 jump *label119 equal *tmp108 false
   404 jump *label107 always
   405 jump *label120 always
   406 label *label119
   407 label *label120
   408 ubind .TYPE
   409 label *label117
   410 op notEqual *tmp110 @unit :rebindUnit.1:firstUnit
   411 jump *label118 equal *tmp110 false
   412 label *label121
   413 sensor *tmp111 :rebindUnit.1:firstUnit @dead
   414 op equal *tmp112 *tmp111 0
-    * jump *label118 equal *tmp112 false
-    * jump *label116 always
+  415 jump *label116 notEqual *tmp112 false
   416 label *label118
   417 jump *label115 always
   418 label *label114
   419 label *label115
   420 end
   421 label *label107
   422 ucontrol flag 1
   423 set *tmp96 @unit
   424 jump *label106 always
   425 set *tmp96 null
   426 label *label106
   427 set .UNIT_P1 *tmp96
   428 sensor *tmp113 .UNIT_S1 @firstItem
   429 op equal *tmp114 *tmp113 @phase-fabric
   430 jump *label124 notEqual *tmp114 false
   431 label *label125
   432 sensor *tmp115 .UNIT_P1 @firstItem
   433 op equal *tmp116 *tmp115 @silicon
-    * jump *label124 notEqual *tmp116 false
-    * jump *label122 always
+  434 jump *label122 equal *tmp116 false
   435 label *label124
   436 set :swap:t .UNIT_S1
   437 set .UNIT_S1 .UNIT_P1
   438 set .UNIT_P1 :swap:t
   439 label *label126
   440 jump *label123 always
   441 label *label122
   442 label *label123
   443 sensor .UNIT_CAPACITY .UNIT_S1 @itemCapacity
   444 sensor .SPEED .UNIT_S1 @speed
   445 op div .SPEED_TENTHS .SPEED 10
   446 op strictEqual *tmp121 .SPEED null
   447 jump *label127 equal *tmp121 false
   448 stop
   449 jump *label128 always
 
   490 label *label142
   491 sensor *tmp143 @unit @controlled
   492 op equal *tmp144 *tmp143 0
   493 jump *label145 equal *tmp144 false
   494 jump *label133 always
   495 jump *label146 always
   496 label *label145
   497 label *label146
   498 ubind .TYPE
   499 label *label143
   500 op notEqual *tmp146 @unit :rebindUnit.2:firstUnit
   501 jump *label144 equal *tmp146 false
   502 label *label147
   503 sensor *tmp147 :rebindUnit.2:firstUnit @dead
   504 op equal *tmp148 *tmp147 0
-    * jump *label144 equal *tmp148 false
-    * jump *label142 always
+  505 jump *label142 notEqual *tmp148 false
   506 label *label144
   507 jump *label141 always
   508 label *label140
   509 label *label141
   510 end
   511 label *label133
   512 ucontrol flag 1
   513 set *tmp132 @unit
   514 jump *label132 always
   515 set *tmp132 null
   516 label *label132
   517 set .UNIT_S2 *tmp132
   518 set :acquireUnit.3:currentUnit .UNIT_P2
   519 set :rebindUnit.3:currentUnit :acquireUnit.3:currentUnit
   520 op notEqual *tmp151 :rebindUnit.3:currentUnit null
 
   543 label *label158
   544 sensor *tmp160 @unit @controlled
   545 op equal *tmp161 *tmp160 0
   546 jump *label161 equal *tmp161 false
   547 jump *label149 always
   548 jump *label162 always
   549 label *label161
   550 label *label162
   551 ubind .TYPE
   552 label *label159
   553 op notEqual *tmp163 @unit :rebindUnit.3:firstUnit
   554 jump *label160 equal *tmp163 false
   555 label *label163
   556 sensor *tmp164 :rebindUnit.3:firstUnit @dead
   557 op equal *tmp165 *tmp164 0
-    * jump *label160 equal *tmp165 false
-    * jump *label158 always
+  558 jump *label158 notEqual *tmp165 false
   559 label *label160
   560 jump *label157 always
   561 label *label156
   562 label *label157
   563 end
   564 label *label149
   565 ucontrol flag 1
   566 set *tmp149 @unit
   567 jump *label148 always
   568 set *tmp149 null
   569 label *label148
   570 set .UNIT_P2 *tmp149
   571 sensor *tmp166 .UNIT_S1 @firstItem
   572 op equal *tmp167 *tmp166 @phase-fabric
   573 jump *label164 equal *tmp167 false
 
   578 jump *label166 always
   579 label *label166
   580 set :swap.1:t .UNIT_S1
   581 set .UNIT_S1 .UNIT_P2
   582 set .UNIT_P2 :swap.1:t
   583 label *label168
   584 jump *label165 always
   585 label *label164
   586 label *label165
   587 sensor *tmp171 .UNIT_S2 @firstItem
   588 op equal *tmp172 *tmp171 @phase-fabric
   589 jump *label171 notEqual *tmp172 false
   590 label *label172
   591 sensor *tmp173 .UNIT_P2 @firstItem
   592 op equal *tmp174 *tmp173 @silicon
-    * jump *label171 notEqual *tmp174 false
-    * jump *label169 always
+  593 jump *label169 equal *tmp174 false
   594 label *label171
   595 set :swap.2:t .UNIT_S2
   596 set .UNIT_S2 .UNIT_P2
   597 set .UNIT_P2 :swap.2:t
   598 label *label173
   599 jump *label170 always
   600 label *label169
   601 label *label170
   602 set .GROUP1 "unit  1"
   603 set .GROUP2 "unit 2"
   604 jump *label131 always
   605 label *label130
   606 set :free:unit .UNIT_S2
   607 setaddr *tmp176 *label178
   608 jump *label175 always
 
   616 label *label176
   617 multijump *tmp176 0 0 (m:marker2)
   618 multilabel *label179 (m:marker2)
   619 label *label177
   620 label *label174
   621 set .UNIT_P2 null
   622 set .UNIT_S2 .UNIT_P2
   623 set .GROUP1 "unit"
   624 label *label131
   625 op equal *tmp177 .FOUR_UNITS false
   626 jump *label182 notEqual *tmp177 false
   627 label *label183
   628 sensor *tmp178 .UNIT_S1 @totalItems
   629 sensor *tmp179 .UNIT_S2 @totalItems
   630 op lessThan *tmp180 *tmp178 *tmp179
-    * jump *label182 notEqual *tmp180 false
-    * jump *label180 always
+  631 jump *label180 equal *tmp180 false
   632 label *label182
   633 set *tmp181 true
   634 jump *label181 always
   635 label *label180
   636 set *tmp181 false
   637 label *label181
   638 set .SUPPLY_S_FIRST *tmp181
   639 op equal *tmp182 .FOUR_UNITS false
   640 jump *label186 notEqual *tmp182 false
   641 label *label187
   642 sensor *tmp183 .UNIT_P1 @totalItems
   643 sensor *tmp184 .UNIT_P2 @totalItems
   644 op lessThan *tmp185 *tmp183 *tmp184
-    * jump *label186 notEqual *tmp185 false
-    * jump *label184 always
+  645 jump *label184 equal *tmp185 false
   646 label *label186
   647 set *tmp186 true
   648 jump *label185 always
   649 label *label184
   650 set *tmp186 false
   651 label *label185
   652 set .SUPPLY_P_FIRST *tmp186
   653 op add :unitCheck @time 5000
   654 label *label188
   655 sensor *tmp188 switch1 @enabled
   656 jump *label190 equal *tmp188 false
   657 set :start @time
   658 print " === [gold]Supplying Overdrive Dome[] === "
   659 print "\n"
   660 print "\n"
 
   714 label *label204
   715 sensor *tmp202 @unit @controlled
   716 op equal *tmp203 *tmp202 0
   717 jump *label207 equal *tmp203 false
   718 jump *label195 always
   719 jump *label208 always
   720 label *label207
   721 label *label208
   722 ubind .TYPE
   723 label *label205
   724 op notEqual *tmp205 @unit :rebindUnit.4:firstUnit
   725 jump *label206 equal *tmp205 false
   726 label *label209
   727 sensor *tmp206 :rebindUnit.4:firstUnit @dead
   728 op equal *tmp207 *tmp206 0
-    * jump *label206 equal *tmp207 false
-    * jump *label204 always
+  729 jump *label204 notEqual *tmp207 false
   730 label *label206
   731 jump *label203 always
   732 label *label202
   733 label *label203
   734 end
   735 label *label195
   736 sensor :processUnit:state @unit @flag
   737 set :processUnit:distance -1
   738 set :processUnit:color "gold"
   739 op lessThan *tmp209 :processUnit:state 2
   740 jump *label212 notEqual *tmp209 false
   741 label *label213
   742 op greaterThan *tmp210 :processUnit:state 3
-    * jump *label212 notEqual *tmp210 false
-    * jump *label210 always
+  743 jump *label210 equal *tmp210 false
   744 label *label212
   745 sensor *tmp212 @unit @firstItem
   746 op equal *tmp213 *tmp212 :processUnit:item
   747 jump *label214 equal *tmp213 false
   748 set :processUnit:state 3
   749 jump *label215 always
   750 label *label214
   751 sensor *tmp215 @unit @totalItems
   752 op equal *tmp216 *tmp215 0
   753 jump *label216 equal *tmp216 false
   754 set :processUnit:state 2
   755 jump *label217 always
   756 label *label216
   757 set .MSG ", initializing\n"
   758 ucontrol approach .CORE_X .CORE_Y 6
 
   889 label *label248
   890 sensor *tmp264 @unit @controlled
   891 op equal *tmp265 *tmp264 0
   892 jump *label251 equal *tmp265 false
   893 jump *label239 always
   894 jump *label252 always
   895 label *label251
   896 label *label252
   897 ubind .TYPE
   898 label *label249
   899 op notEqual *tmp267 @unit :rebindUnit.5:firstUnit
   900 jump *label250 equal *tmp267 false
   901 label *label253
   902 sensor *tmp268 :rebindUnit.5:firstUnit @dead
   903 op equal *tmp269 *tmp268 0
-    * jump *label250 equal *tmp269 false
-    * jump *label248 always
+  904 jump *label248 notEqual *tmp269 false
   905 label *label250
   906 jump *label247 always
   907 label *label246
   908 label *label247
   909 end
   910 label *label239
   911 sensor :processUnit.1:state @unit @flag
   912 set :processUnit.1:distance -1
   913 set :processUnit.1:color "gold"
   914 op lessThan *tmp271 :processUnit.1:state 2
   915 jump *label256 notEqual *tmp271 false
   916 label *label257
   917 op greaterThan *tmp272 :processUnit.1:state 3
-    * jump *label256 notEqual *tmp272 false
-    * jump *label254 always
+  918 jump *label254 equal *tmp272 false
   919 label *label256
   920 sensor *tmp274 @unit @firstItem
   921 op equal *tmp275 *tmp274 :processUnit.1:item
   922 jump *label258 equal *tmp275 false
   923 set :processUnit.1:state 3
   924 jump *label259 always
   925 label *label258
   926 sensor *tmp277 @unit @totalItems
   927 op equal *tmp278 *tmp277 0
   928 jump *label260 equal *tmp278 false
   929 set :processUnit.1:state 2
   930 jump *label261 always
   931 label *label260
   932 set .MSG ", initializing\n"
   933 ucontrol approach .CORE_X .CORE_Y 6
 
  1094 label *label295
  1095 sensor *tmp332 @unit @controlled
  1096 op equal *tmp333 *tmp332 0
  1097 jump *label298 equal *tmp333 false
  1098 jump *label286 always
  1099 jump *label299 always
  1100 label *label298
  1101 label *label299
  1102 ubind .TYPE
  1103 label *label296
  1104 op notEqual *tmp335 @unit :rebindUnit.6:firstUnit
  1105 jump *label297 equal *tmp335 false
  1106 label *label300
  1107 sensor *tmp336 :rebindUnit.6:firstUnit @dead
  1108 op equal *tmp337 *tmp336 0
-    * jump *label297 equal *tmp337 false
-    * jump *label295 always
+ 1109 jump *label295 notEqual *tmp337 false
  1110 label *label297
  1111 jump *label294 always
  1112 label *label293
  1113 label *label294
  1114 end
  1115 label *label286
  1116 sensor :processUnit.2:state @unit @flag
  1117 set :processUnit.2:distance -1
  1118 set :processUnit.2:color "gold"
  1119 op lessThan *tmp339 :processUnit.2:state 2
  1120 jump *label303 notEqual *tmp339 false
  1121 label *label304
  1122 op greaterThan *tmp340 :processUnit.2:state 3
-    * jump *label303 notEqual *tmp340 false
-    * jump *label301 always
+ 1123 jump *label301 equal *tmp340 false
  1124 label *label303
  1125 sensor *tmp342 @unit @firstItem
  1126 op equal *tmp343 *tmp342 :processUnit.2:item
  1127 jump *label305 equal *tmp343 false
  1128 set :processUnit.2:state 3
  1129 jump *label306 always
  1130 label *label305
  1131 sensor *tmp345 @unit @totalItems
  1132 op equal *tmp346 *tmp345 0
  1133 jump *label307 equal *tmp346 false
  1134 set :processUnit.2:state 2
  1135 jump *label308 always
  1136 label *label307
  1137 set .MSG ", initializing\n"
  1138 ucontrol approach .CORE_X .CORE_Y 6
 
  1269 label *label339
  1270 sensor *tmp394 @unit @controlled
  1271 op equal *tmp395 *tmp394 0
  1272 jump *label342 equal *tmp395 false
  1273 jump *label330 always
  1274 jump *label343 always
  1275 label *label342
  1276 label *label343
  1277 ubind .TYPE
  1278 label *label340
  1279 op notEqual *tmp397 @unit :rebindUnit.7:firstUnit
  1280 jump *label341 equal *tmp397 false
  1281 label *label344
  1282 sensor *tmp398 :rebindUnit.7:firstUnit @dead
  1283 op equal *tmp399 *tmp398 0
-    * jump *label341 equal *tmp399 false
-    * jump *label339 always
+ 1284 jump *label339 notEqual *tmp399 false
  1285 label *label341
  1286 jump *label338 always
  1287 label *label337
  1288 label *label338
  1289 end
  1290 label *label330
  1291 sensor :processUnit.3:state @unit @flag
  1292 set :processUnit.3:distance -1
  1293 set :processUnit.3:color "gold"
  1294 op lessThan *tmp401 :processUnit.3:state 2
  1295 jump *label347 notEqual *tmp401 false
  1296 label *label348
  1297 op greaterThan *tmp402 :processUnit.3:state 3
-    * jump *label347 notEqual *tmp402 false
-    * jump *label345 always
+ 1298 jump *label345 equal *tmp402 false
  1299 label *label347
  1300 sensor *tmp404 @unit @firstItem
  1301 op equal *tmp405 *tmp404 :processUnit.3:item
  1302 jump *label349 equal *tmp405 false
  1303 set :processUnit.3:state 3
  1304 jump *label350 always
  1305 label *label349
  1306 sensor *tmp407 @unit @totalItems
  1307 op equal *tmp408 *tmp407 0
  1308 jump *label351 equal *tmp408 false
  1309 set :processUnit.3:state 2
  1310 jump *label352 always
  1311 label *label351
  1312 set .MSG ", initializing\n"
  1313 ucontrol approach .CORE_X .CORE_Y 6
 
  1460 label *label384
  1461 jump *label382 equal *tmp457 false
  1462 set *tmp465 4
  1463 jump *label383 always
  1464 label *label382
  1465 set *tmp465 2
  1466 label *label383
  1467 set :areUnitsAvailable.2:needed *tmp465
  1468 label *label385
  1469 sensor *tmp466 @unit @controlled
  1470 op equal *tmp467 *tmp466 0
  1471 jump *label390 notEqual *tmp467 false
  1472 label *label391
  1473 sensor *tmp468 @unit @controller
  1474 op equal *tmp469 *tmp468 @this
-    * jump *label390 notEqual *tmp469 false
-    * jump *label388 always
+ 1475 jump *label388 equal *tmp469 false
  1476 label *label390
  1477 op add :areUnitsAvailable.2:free :areUnitsAvailable.2:free 1
  1478 op greaterThanEq *tmp471 :areUnitsAvailable.2:free :areUnitsAvailable.2:needed
  1479 jump *label392 equal *tmp471 false
  1480 set *tmp454 true
  1481 jump *label379 always
  1482 jump *label393 always
  1483 label *label392
  1484 label *label393
  1485 jump *label389 always
  1486 label *label388
  1487 op add :areUnitsAvailable.2:occupied :areUnitsAvailable.2:occupied 1
  1488 label *label389
  1489 ubind :areUnitsAvailable.2:type
  1490 label *label386
  1491 op notEqual *tmp474 @unit :areUnitsAvailable.2:firstUnit
  1492 jump *label387 equal *tmp474 false
  1493 label *label394
  1494 sensor *tmp475 :areUnitsAvailable.2:firstUnit @dead
  1495 op equal *tmp476 *tmp475 0
-    * jump *label387 equal *tmp476 false
-    * jump *label385 always
+ 1496 jump *label385 notEqual *tmp476 false
  1497 label *label387
  1498 jump *label381 always
  1499 label *label380
  1500 label *label381
  1501 jump *label395 equal :areUnitsAvailable.2:output false
  1502 print :areUnitsAvailable.2:type
  1503 print ":"
  1504 print " occupied: "
  1505 print :areUnitsAvailable.2:occupied
  1506 print ","
  1507 print " free: "
  1508 print :areUnitsAvailable.2:free
  1509 op greaterThan *tmp478 :areUnitsAvailable.2:needed 0
  1510 jump *label397 equal *tmp478 false
  1511 print ", needed: "
 
  1554 label *label401
  1555 multijump *tmp482 0 0 (m:marker3)
  1556 multilabel *label406 (m:marker3)
  1557 label *label402
  1558 label *label399
  1559 label *label1
  1560 end
  1561 label *label0
  1562 ubind :locateCore:type
  1563 sensor *tmp483 @unit @controlled
  1564 op equal *tmp484 *tmp483 0
  1565 jump *label410 notEqual *tmp484 false
  1566 label *label411
  1567 sensor *tmp485 @unit @controller
  1568 op equal *tmp486 *tmp485 @this
-    * jump *label410 notEqual *tmp486 false
-    * jump *label408 always
+ 1569 jump *label408 equal *tmp486 false
  1570 label *label410
  1571 ulocate building core false @copper *tmp489 *tmp490 *tmp491 .CORE
  1572 jump *label409 always
  1573 label *label408
  1574 label *label409
  1575 set :locateCore*retval .CORE
  1576 label *label407
  1577 return :locateCore*retaddr
  1578 end

Modifications by #12: Iterated phase, Condition Optimization, pass 1, iteration 1 (-138 instructions):
     0 set *id "name: Overdrive dome supply\nversion: v0.1.0"
     1 remark "This is the preferred unit type to use for bringing in supplies."
     2 remark "If no units of this type exist, we'll try using other types."
     3 set UNIT_TYPE @flare
     4 remark "Do not modify anything below this line."
     5 label *label3
-    * op equal *tmp0 dome1 null
-    * jump *label5 equal *tmp0 false
+    6 jump *label5 notEqual dome1 null
     7 print "[gold]Waiting for an overdrive dome to be connected..."
     8 printflush message1
     9 label *label4
    10 jump *label3 always
    11 label *label5
    12 print "[gold]Locating core..."
    13 printflush message1
    14 set .CORE null
    15 label *label6
    16 set :locateDomeAndCore:type @flare
    17 setaddr *tmp1 *label12
    18 jump *label9 always
    19 multilabel *label12 (m:marker0)
    20 set :locateDomeAndCore:type @poly
    21 setaddr *tmp1 *label13
 
    39 label *label17
    40 label *label10
    41 multijump *tmp1 0 0 (m:marker0)
    42 multilabel *label15 (m:marker0)
    43 label *label11
    44 label *label7
    45 jump *label6 always
    46 label *label8
    47 label *label2
    48 sensor .CORE_X .CORE @x
    49 sensor .CORE_Y .CORE @y
    50 sensor .DOME_X dome1 @x
    51 sensor .DOME_Y dome1 @y
    52 label *label19
    53 sensor *tmp7 switch1 @enabled
-    * op equal *tmp8 *tmp7 false
-    * jump *label21 equal *tmp8 false
+   54 jump *label21 notEqual *tmp7 false
    55 print "[coral]Activate switch to begin supplying overdrive dome..."
    56 print "\n"
    57 printflush message1
    58 label *label20
    59 jump *label19 always
    60 label *label21
    61 label *label23
    62 printflush null
    63 print "[gold]Looking for suitable unit type:[]"
    64 print "\n"
    65 set :areUnitsAvailable:type UNIT_TYPE
    66 set :areUnitsAvailable:output true
    67 set :areUnitsAvailable:free 0
    68 set :areUnitsAvailable:occupied 0
    69 set :areUnitsAvailable:needed 0
    70 ubind :areUnitsAvailable:type
    71 set :areUnitsAvailable:firstUnit @unit
-    * op notEqual *tmp11 :areUnitsAvailable:firstUnit null
-    * jump *label29 equal *tmp11 false
+   72 jump *label29 equal :areUnitsAvailable:firstUnit null
    73 set :needsFourUnits:unit @unit
    74 op sub *tmp14 .DOME_X .CORE_X
    75 op sub *tmp15 .DOME_Y .CORE_Y
    76 op len *tmp16 *tmp14 *tmp15
    77 op mul *tmp17 2 *tmp16
    78 sensor *tmp18 :needsFourUnits:unit @speed
    79 op div :needsFourUnits:travel_time *tmp17 *tmp18
    80 op greaterThanEq *tmp13 :needsFourUnits:travel_time 47
    81 jump *label33 always
    82 set *tmp13 null
    83 label *label33
    84 jump *label31 equal *tmp13 false
    85 set *tmp21 4
    86 jump *label32 always
    87 label *label31
    88 set *tmp21 2
    89 label *label32
    90 set :areUnitsAvailable:needed *tmp21
    91 label *label34
    92 sensor *tmp22 @unit @controlled
-    * op equal *tmp23 *tmp22 0
-    * jump *label39 notEqual *tmp23 false
+   93 jump *label39 equal *tmp22 0
    94 label *label40
    95 sensor *tmp24 @unit @controller
-    * op equal *tmp25 *tmp24 @this
-    * jump *label37 equal *tmp25 false
+   96 jump *label37 notEqual *tmp24 @this
    97 label *label39
    98 op add :areUnitsAvailable:free :areUnitsAvailable:free 1
-    * op greaterThanEq *tmp27 :areUnitsAvailable:free :areUnitsAvailable:needed
-    * jump *label41 equal *tmp27 false
+   99 jump *label41 lessThan :areUnitsAvailable:free :areUnitsAvailable:needed
   100 set *tmp10 true
   101 jump *label28 always
   102 jump *label42 always
   103 label *label41
   104 label *label42
   105 jump *label38 always
   106 label *label37
   107 op add :areUnitsAvailable:occupied :areUnitsAvailable:occupied 1
   108 label *label38
   109 ubind :areUnitsAvailable:type
   110 label *label35
-    * op notEqual *tmp30 @unit :areUnitsAvailable:firstUnit
-    * jump *label36 equal *tmp30 false
+  111 jump *label36 equal @unit :areUnitsAvailable:firstUnit
   112 label *label43
   113 sensor *tmp31 :areUnitsAvailable:firstUnit @dead
-    * op equal *tmp32 *tmp31 0
-    * jump *label34 notEqual *tmp32 false
+  114 jump *label34 equal *tmp31 0
   115 label *label36
   116 jump *label30 always
   117 label *label29
   118 label *label30
   119 jump *label44 equal :areUnitsAvailable:output false
   120 print :areUnitsAvailable:type
   121 print ":"
   122 print " occupied: "
   123 print :areUnitsAvailable:occupied
   124 print ","
   125 print " free: "
   126 print :areUnitsAvailable:free
-    * op greaterThan *tmp34 :areUnitsAvailable:needed 0
-    * jump *label46 equal *tmp34 false
+  127 jump *label46 lessThanEq :areUnitsAvailable:needed 0
   128 print ", needed: "
   129 print :areUnitsAvailable:needed
   130 jump *label47 always
   131 label *label46
   132 label *label47
   133 print "\n"
   134 jump *label45 always
   135 label *label44
   136 label *label45
   137 set *tmp10 false
   138 jump *label28 always
   139 set *tmp10 null
   140 label *label28
   141 jump *label26 equal *tmp10 false
   142 set *tmp9 UNIT_TYPE
 
   147 set :chooseUnitType:type @flare
   148 setaddr *tmp37 *label51
   149 jump *label48 always
   150 multilabel *label51 (m:marker1)
   151 set :chooseUnitType:type @poly
   152 setaddr *tmp37 *label52
   153 jump *label48 always
   154 multilabel *label52 (m:marker1)
   155 set :chooseUnitType:type @mega
   156 setaddr *tmp37 *label53
   157 jump *label48 always
   158 multilabel *label53 (m:marker1)
   159 set :chooseUnitType:type @mono
   160 setaddr *tmp37 *label54
   161 label *label48
-    * op notEqual *tmp38 :chooseUnitType:type UNIT_TYPE
-    * jump *label55 equal *tmp38 false
+  162 jump *label55 equal :chooseUnitType:type UNIT_TYPE
   163 set :areUnitsAvailable.1:type :chooseUnitType:type
   164 set :areUnitsAvailable.1:output true
   165 set :areUnitsAvailable.1:free 0
   166 set :areUnitsAvailable.1:occupied 0
   167 set :areUnitsAvailable.1:needed 0
   168 ubind :areUnitsAvailable.1:type
   169 set :areUnitsAvailable.1:firstUnit @unit
-    * op notEqual *tmp41 :areUnitsAvailable.1:firstUnit null
-    * jump *label60 equal *tmp41 false
+  170 jump *label60 equal :areUnitsAvailable.1:firstUnit null
   171 set :needsFourUnits.1:unit @unit
   172 op sub *tmp44 .DOME_X .CORE_X
   173 op sub *tmp45 .DOME_Y .CORE_Y
   174 op len *tmp46 *tmp44 *tmp45
   175 op mul *tmp47 2 *tmp46
   176 sensor *tmp48 :needsFourUnits.1:unit @speed
   177 op div :needsFourUnits.1:travel_time *tmp47 *tmp48
   178 op greaterThanEq *tmp43 :needsFourUnits.1:travel_time 47
   179 jump *label64 always
   180 set *tmp43 null
   181 label *label64
   182 jump *label62 equal *tmp43 false
   183 set *tmp51 4
   184 jump *label63 always
   185 label *label62
   186 set *tmp51 2
   187 label *label63
   188 set :areUnitsAvailable.1:needed *tmp51
   189 label *label65
   190 sensor *tmp52 @unit @controlled
-    * op equal *tmp53 *tmp52 0
-    * jump *label70 notEqual *tmp53 false
+  191 jump *label70 equal *tmp52 0
   192 label *label71
   193 sensor *tmp54 @unit @controller
-    * op equal *tmp55 *tmp54 @this
-    * jump *label68 equal *tmp55 false
+  194 jump *label68 notEqual *tmp54 @this
   195 label *label70
   196 op add :areUnitsAvailable.1:free :areUnitsAvailable.1:free 1
-    * op greaterThanEq *tmp57 :areUnitsAvailable.1:free :areUnitsAvailable.1:needed
-    * jump *label72 equal *tmp57 false
+  197 jump *label72 lessThan :areUnitsAvailable.1:free :areUnitsAvailable.1:needed
   198 set *tmp40 true
   199 jump *label59 always
   200 jump *label73 always
   201 label *label72
   202 label *label73
   203 jump *label69 always
   204 label *label68
   205 op add :areUnitsAvailable.1:occupied :areUnitsAvailable.1:occupied 1
   206 label *label69
   207 ubind :areUnitsAvailable.1:type
   208 label *label66
-    * op notEqual *tmp60 @unit :areUnitsAvailable.1:firstUnit
-    * jump *label67 equal *tmp60 false
+  209 jump *label67 equal @unit :areUnitsAvailable.1:firstUnit
   210 label *label74
   211 sensor *tmp61 :areUnitsAvailable.1:firstUnit @dead
-    * op equal *tmp62 *tmp61 0
-    * jump *label65 notEqual *tmp62 false
+  212 jump *label65 equal *tmp61 0
   213 label *label67
   214 jump *label61 always
   215 label *label60
   216 label *label61
   217 jump *label75 equal :areUnitsAvailable.1:output false
   218 print :areUnitsAvailable.1:type
   219 print ":"
   220 print " occupied: "
   221 print :areUnitsAvailable.1:occupied
   222 print ","
   223 print " free: "
   224 print :areUnitsAvailable.1:free
-    * op greaterThan *tmp64 :areUnitsAvailable.1:needed 0
-    * jump *label77 equal *tmp64 false
+  225 jump *label77 lessThanEq :areUnitsAvailable.1:needed 0
   226 print ", needed: "
   227 print :areUnitsAvailable.1:needed
   228 jump *label78 always
   229 label *label77
   230 label *label78
   231 print "\n"
   232 jump *label76 always
   233 label *label75
   234 label *label76
   235 set *tmp40 false
   236 jump *label59 always
   237 set *tmp40 null
   238 label *label59
   239 jump *label57 equal *tmp40 false
   240 printflush null
 
   254 label *label24
   255 jump *label23 always
   256 label *label25
   257 set *tmp9 null
   258 label *label22
   259 set .TYPE *tmp9
   260 print "[gold]Binding units..."
   261 printflush message1
   262 set .UNIT_P2 null
   263 set .UNIT_S2 .UNIT_P2
   264 set .UNIT_P1 .UNIT_S2
   265 set .UNIT_S1 .UNIT_P1
   266 set :rebindUnits:count 0
   267 ubind .TYPE
   268 set :rebindUnits:firstUnit @unit
-    * op equal *tmp68 :rebindUnits:firstUnit null
-    * jump *label80 equal *tmp68 false
+  269 jump *label80 notEqual :rebindUnits:firstUnit null
   270 end
   271 jump *label81 always
   272 label *label80
   273 label *label81
   274 label *label82
   275 sensor *tmp70 @unit @controller
-    * op equal *tmp71 *tmp70 @this
-    * jump *label85 equal *tmp71 false
+  276 jump *label85 notEqual *tmp70 @this
   277 op add :rebindUnits:count :rebindUnits:count 1
   278 ucontrol flag 1
   279 set .UNIT_S2 .UNIT_P2
   280 set .UNIT_P2 .UNIT_S1
   281 set .UNIT_S1 .UNIT_P1
   282 set .UNIT_P1 @unit
-    * op notEqual *tmp74 .UNIT_S2 null
-    * jump *label87 equal *tmp74 false
+  283 jump *label87 equal .UNIT_S2 null
   284 jump *label84 always
   285 jump *label88 always
   286 label *label87
   287 label *label88
   288 jump *label86 always
   289 label *label85
   290 label *label86
   291 ubind .TYPE
   292 label *label83
-    * op notEqual *tmp76 @unit :rebindUnits:firstUnit
-    * jump *label84 equal *tmp76 false
+  293 jump *label84 equal @unit :rebindUnits:firstUnit
   294 label *label89
   295 sensor *tmp77 :rebindUnits:firstUnit @dead
-    * op equal *tmp78 *tmp77 0
-    * jump *label82 notEqual *tmp78 false
+  296 jump *label82 equal *tmp77 0
   297 label *label84
   298 jump *label79 always
   299 label *label79
   300 set :acquireUnit:currentUnit .UNIT_S1
   301 set :rebindUnit:currentUnit :acquireUnit:currentUnit
-    * op notEqual *tmp81 :rebindUnit:currentUnit null
-    * jump *label92 equal *tmp81 false
+  302 jump *label92 equal :rebindUnit:currentUnit null
   303 ubind :rebindUnit:currentUnit
   304 sensor *tmp83 @unit @dead
-    * op equal *tmp84 *tmp83 0
-    * jump *label94 equal *tmp84 false
+  305 jump *label94 notEqual *tmp83 0
   306 label *label97
   307 sensor *tmp85 @unit @controller
-    * op equal *tmp86 *tmp85 @this
-    * jump *label94 equal *tmp86 false
+  308 jump *label94 notEqual *tmp85 @this
   309 jump *label96 always
   310 label *label96
   311 jump *label91 always
   312 jump *label95 always
   313 label *label94
   314 label *label95
   315 jump *label93 always
   316 label *label92
   317 label *label93
   318 ubind .TYPE
   319 set :rebindUnit:firstUnit @unit
-    * op notEqual *tmp88 :rebindUnit:firstUnit null
-    * jump *label98 equal *tmp88 false
+  320 jump *label98 equal :rebindUnit:firstUnit null
   321 label *label100
   322 sensor *tmp90 @unit @controlled
-    * op equal *tmp91 *tmp90 0
-    * jump *label103 equal *tmp91 false
+  323 jump *label103 notEqual *tmp90 0
   324 jump *label91 always
   325 jump *label104 always
   326 label *label103
   327 label *label104
   328 ubind .TYPE
   329 label *label101
-    * op notEqual *tmp93 @unit :rebindUnit:firstUnit
-    * jump *label102 equal *tmp93 false
+  330 jump *label102 equal @unit :rebindUnit:firstUnit
   331 label *label105
   332 sensor *tmp94 :rebindUnit:firstUnit @dead
-    * op equal *tmp95 *tmp94 0
-    * jump *label100 notEqual *tmp95 false
+  333 jump *label100 equal *tmp94 0
   334 label *label102
   335 jump *label99 always
   336 label *label98
   337 label *label99
   338 end
   339 label *label91
   340 ucontrol flag 1
   341 set *tmp79 @unit
   342 jump *label90 always
   343 set *tmp79 null
   344 label *label90
   345 set .UNIT_S1 *tmp79
   346 set :acquireUnit.1:currentUnit .UNIT_P1
   347 set :rebindUnit.1:currentUnit :acquireUnit.1:currentUnit
-    * op notEqual *tmp98 :rebindUnit.1:currentUnit null
-    * jump *label108 equal *tmp98 false
+  348 jump *label108 equal :rebindUnit.1:currentUnit null
   349 ubind :rebindUnit.1:currentUnit
   350 sensor *tmp100 @unit @dead
-    * op equal *tmp101 *tmp100 0
-    * jump *label110 equal *tmp101 false
+  351 jump *label110 notEqual *tmp100 0
   352 label *label113
   353 sensor *tmp102 @unit @controller
-    * op equal *tmp103 *tmp102 @this
-    * jump *label110 equal *tmp103 false
+  354 jump *label110 notEqual *tmp102 @this
   355 jump *label112 always
   356 label *label112
   357 jump *label107 always
   358 jump *label111 always
   359 label *label110
   360 label *label111
   361 jump *label109 always
   362 label *label108
   363 label *label109
   364 ubind .TYPE
   365 set :rebindUnit.1:firstUnit @unit
-    * op notEqual *tmp105 :rebindUnit.1:firstUnit null
-    * jump *label114 equal *tmp105 false
+  366 jump *label114 equal :rebindUnit.1:firstUnit null
   367 label *label116
   368 sensor *tmp107 @unit @controlled
-    * op equal *tmp108 *tmp107 0
-    * jump *label119 equal *tmp108 false
+  369 jump *label119 notEqual *tmp107 0
   370 jump *label107 always
   371 jump *label120 always
   372 label *label119
   373 label *label120
   374 ubind .TYPE
   375 label *label117
-    * op notEqual *tmp110 @unit :rebindUnit.1:firstUnit
-    * jump *label118 equal *tmp110 false
+  376 jump *label118 equal @unit :rebindUnit.1:firstUnit
   377 label *label121
   378 sensor *tmp111 :rebindUnit.1:firstUnit @dead
-    * op equal *tmp112 *tmp111 0
-    * jump *label116 notEqual *tmp112 false
+  379 jump *label116 equal *tmp111 0
   380 label *label118
   381 jump *label115 always
   382 label *label114
   383 label *label115
   384 end
   385 label *label107
   386 ucontrol flag 1
   387 set *tmp96 @unit
   388 jump *label106 always
   389 set *tmp96 null
   390 label *label106
   391 set .UNIT_P1 *tmp96
   392 sensor *tmp113 .UNIT_S1 @firstItem
-    * op equal *tmp114 *tmp113 @phase-fabric
-    * jump *label124 notEqual *tmp114 false
+  393 jump *label124 equal *tmp113 @phase-fabric
   394 label *label125
   395 sensor *tmp115 .UNIT_P1 @firstItem
-    * op equal *tmp116 *tmp115 @silicon
-    * jump *label122 equal *tmp116 false
+  396 jump *label122 notEqual *tmp115 @silicon
   397 label *label124
   398 set :swap:t .UNIT_S1
   399 set .UNIT_S1 .UNIT_P1
   400 set .UNIT_P1 :swap:t
   401 label *label126
   402 jump *label123 always
   403 label *label122
   404 label *label123
   405 sensor .UNIT_CAPACITY .UNIT_S1 @itemCapacity
   406 sensor .SPEED .UNIT_S1 @speed
   407 op div .SPEED_TENTHS .SPEED 10
-    * op strictEqual *tmp121 .SPEED null
-    * jump *label127 equal *tmp121 false
+  408 jump *label127 strictNotEqual .SPEED null
   409 stop
   410 jump *label128 always
   411 label *label127
   412 label *label128
   413 set :needsFourUnits.2:unit .UNIT_S1
   414 op sub *tmp124 .DOME_X .CORE_X
   415 op sub *tmp125 .DOME_Y .CORE_Y
   416 op len *tmp126 *tmp124 *tmp125
   417 op mul *tmp127 2 *tmp126
   418 sensor *tmp128 :needsFourUnits.2:unit @speed
   419 op div :needsFourUnits.2:travel_time *tmp127 *tmp128
   420 op greaterThanEq *tmp123 :needsFourUnits.2:travel_time 47
   421 jump *label129 always
   422 set *tmp123 null
   423 label *label129
   424 set .FOUR_UNITS *tmp123
   425 jump *label130 equal .FOUR_UNITS false
   426 set :acquireUnit.2:currentUnit .UNIT_S2
   427 set :rebindUnit.2:currentUnit :acquireUnit.2:currentUnit
-    * op notEqual *tmp134 :rebindUnit.2:currentUnit null
-    * jump *label134 equal *tmp134 false
+  428 jump *label134 equal :rebindUnit.2:currentUnit null
   429 ubind :rebindUnit.2:currentUnit
   430 sensor *tmp136 @unit @dead
-    * op equal *tmp137 *tmp136 0
-    * jump *label136 equal *tmp137 false
+  431 jump *label136 notEqual *tmp136 0
   432 label *label139
   433 sensor *tmp138 @unit @controller
-    * op equal *tmp139 *tmp138 @this
-    * jump *label136 equal *tmp139 false
+  434 jump *label136 notEqual *tmp138 @this
   435 jump *label138 always
   436 label *label138
   437 jump *label133 always
   438 jump *label137 always
   439 label *label136
   440 label *label137
   441 jump *label135 always
   442 label *label134
   443 label *label135
   444 ubind .TYPE
   445 set :rebindUnit.2:firstUnit @unit
-    * op notEqual *tmp141 :rebindUnit.2:firstUnit null
-    * jump *label140 equal *tmp141 false
+  446 jump *label140 equal :rebindUnit.2:firstUnit null
   447 label *label142
   448 sensor *tmp143 @unit @controlled
-    * op equal *tmp144 *tmp143 0
-    * jump *label145 equal *tmp144 false
+  449 jump *label145 notEqual *tmp143 0
   450 jump *label133 always
   451 jump *label146 always
   452 label *label145
   453 label *label146
   454 ubind .TYPE
   455 label *label143
-    * op notEqual *tmp146 @unit :rebindUnit.2:firstUnit
-    * jump *label144 equal *tmp146 false
+  456 jump *label144 equal @unit :rebindUnit.2:firstUnit
   457 label *label147
   458 sensor *tmp147 :rebindUnit.2:firstUnit @dead
-    * op equal *tmp148 *tmp147 0
-    * jump *label142 notEqual *tmp148 false
+  459 jump *label142 equal *tmp147 0
   460 label *label144
   461 jump *label141 always
   462 label *label140
   463 label *label141
   464 end
   465 label *label133
   466 ucontrol flag 1
   467 set *tmp132 @unit
   468 jump *label132 always
   469 set *tmp132 null
   470 label *label132
   471 set .UNIT_S2 *tmp132
   472 set :acquireUnit.3:currentUnit .UNIT_P2
   473 set :rebindUnit.3:currentUnit :acquireUnit.3:currentUnit
-    * op notEqual *tmp151 :rebindUnit.3:currentUnit null
-    * jump *label150 equal *tmp151 false
+  474 jump *label150 equal :rebindUnit.3:currentUnit null
   475 ubind :rebindUnit.3:currentUnit
   476 sensor *tmp153 @unit @dead
-    * op equal *tmp154 *tmp153 0
-    * jump *label152 equal *tmp154 false
+  477 jump *label152 notEqual *tmp153 0
   478 label *label155
   479 sensor *tmp155 @unit @controller
-    * op equal *tmp156 *tmp155 @this
-    * jump *label152 equal *tmp156 false
+  480 jump *label152 notEqual *tmp155 @this
   481 jump *label154 always
   482 label *label154
   483 jump *label149 always
   484 jump *label153 always
   485 label *label152
   486 label *label153
   487 jump *label151 always
   488 label *label150
   489 label *label151
   490 ubind .TYPE
   491 set :rebindUnit.3:firstUnit @unit
-    * op notEqual *tmp158 :rebindUnit.3:firstUnit null
-    * jump *label156 equal *tmp158 false
+  492 jump *label156 equal :rebindUnit.3:firstUnit null
   493 label *label158
   494 sensor *tmp160 @unit @controlled
-    * op equal *tmp161 *tmp160 0
-    * jump *label161 equal *tmp161 false
+  495 jump *label161 notEqual *tmp160 0
   496 jump *label149 always
   497 jump *label162 always
   498 label *label161
   499 label *label162
   500 ubind .TYPE
   501 label *label159
-    * op notEqual *tmp163 @unit :rebindUnit.3:firstUnit
-    * jump *label160 equal *tmp163 false
+  502 jump *label160 equal @unit :rebindUnit.3:firstUnit
   503 label *label163
   504 sensor *tmp164 :rebindUnit.3:firstUnit @dead
-    * op equal *tmp165 *tmp164 0
-    * jump *label158 notEqual *tmp165 false
+  505 jump *label158 equal *tmp164 0
   506 label *label160
   507 jump *label157 always
   508 label *label156
   509 label *label157
   510 end
   511 label *label149
   512 ucontrol flag 1
   513 set *tmp149 @unit
   514 jump *label148 always
   515 set *tmp149 null
   516 label *label148
   517 set .UNIT_P2 *tmp149
   518 sensor *tmp166 .UNIT_S1 @firstItem
-    * op equal *tmp167 *tmp166 @phase-fabric
-    * jump *label164 equal *tmp167 false
+  519 jump *label164 notEqual *tmp166 @phase-fabric
   520 label *label167
   521 sensor *tmp168 .UNIT_P2 @firstItem
-    * op notEqual *tmp169 *tmp168 @phase-fabric
-    * jump *label164 equal *tmp169 false
+  522 jump *label164 equal *tmp168 @phase-fabric
   523 jump *label166 always
   524 label *label166
   525 set :swap.1:t .UNIT_S1
   526 set .UNIT_S1 .UNIT_P2
   527 set .UNIT_P2 :swap.1:t
   528 label *label168
   529 jump *label165 always
   530 label *label164
   531 label *label165
   532 sensor *tmp171 .UNIT_S2 @firstItem
-    * op equal *tmp172 *tmp171 @phase-fabric
-    * jump *label171 notEqual *tmp172 false
+  533 jump *label171 equal *tmp171 @phase-fabric
   534 label *label172
   535 sensor *tmp173 .UNIT_P2 @firstItem
-    * op equal *tmp174 *tmp173 @silicon
-    * jump *label169 equal *tmp174 false
+  536 jump *label169 notEqual *tmp173 @silicon
   537 label *label171
   538 set :swap.2:t .UNIT_S2
   539 set .UNIT_S2 .UNIT_P2
   540 set .UNIT_P2 :swap.2:t
   541 label *label173
   542 jump *label170 always
   543 label *label169
   544 label *label170
   545 set .GROUP1 "unit  1"
   546 set .GROUP2 "unit 2"
   547 jump *label131 always
   548 label *label130
   549 set :free:unit .UNIT_S2
   550 setaddr *tmp176 *label178
   551 jump *label175 always
 
   553 set :free:unit .UNIT_P2
   554 setaddr *tmp176 *label179
   555 label *label175
   556 ubind :free:unit
   557 ucontrol flag 0
   558 ucontrol unbind
   559 label *label176
   560 multijump *tmp176 0 0 (m:marker2)
   561 multilabel *label179 (m:marker2)
   562 label *label177
   563 label *label174
   564 set .UNIT_P2 null
   565 set .UNIT_S2 .UNIT_P2
   566 set .GROUP1 "unit"
   567 label *label131
-    * op equal *tmp177 .FOUR_UNITS false
-    * jump *label182 notEqual *tmp177 false
+  568 jump *label182 equal .FOUR_UNITS false
   569 label *label183
   570 sensor *tmp178 .UNIT_S1 @totalItems
   571 sensor *tmp179 .UNIT_S2 @totalItems
-    * op lessThan *tmp180 *tmp178 *tmp179
-    * jump *label180 equal *tmp180 false
+  572 jump *label180 greaterThanEq *tmp178 *tmp179
   573 label *label182
   574 set *tmp181 true
   575 jump *label181 always
   576 label *label180
   577 set *tmp181 false
   578 label *label181
   579 set .SUPPLY_S_FIRST *tmp181
-    * op equal *tmp182 .FOUR_UNITS false
-    * jump *label186 notEqual *tmp182 false
+  580 jump *label186 equal .FOUR_UNITS false
   581 label *label187
   582 sensor *tmp183 .UNIT_P1 @totalItems
   583 sensor *tmp184 .UNIT_P2 @totalItems
-    * op lessThan *tmp185 *tmp183 *tmp184
-    * jump *label184 equal *tmp185 false
+  584 jump *label184 greaterThanEq *tmp183 *tmp184
   585 label *label186
   586 set *tmp186 true
   587 jump *label185 always
   588 label *label184
   589 set *tmp186 false
   590 label *label185
   591 set .SUPPLY_P_FIRST *tmp186
   592 op add :unitCheck @time 5000
   593 label *label188
   594 sensor *tmp188 switch1 @enabled
   595 jump *label190 equal *tmp188 false
   596 set :start @time
   597 print " === [gold]Supplying Overdrive Dome[] === "
   598 print "\n"
   599 print "\n"
   600 print "Unit type: [green]"
   601 print .TYPE
   602 print "["
   603 print "]"
   604 print "\n"
   605 set :printDomeStatus:item @silicon
   606 set :printDomeStatus:text "\n[green]Silicon[] status:\n"
   607 print :printDomeStatus:text
   608 sensor :printDomeStatus:level dome1 :printDomeStatus:item
-    * op greaterThan *tmp190 :printDomeStatus:level 3
-    * jump *label192 equal *tmp190 false
+  609 jump *label192 lessThanEq :printDomeStatus:level 3
   610 print "  dome:  [green]"
   611 print :printDomeStatus:level
   612 print "["
   613 print "]"
   614 print "\n"
   615 jump *label193 always
   616 label *label192
   617 print "  dome:  [coral]"
   618 print :printDomeStatus:level
   619 print "["
   620 print "]"
   621 print "\n"
   622 label *label193
   623 label *label191
   624 set :processUnit:unit .UNIT_S1
   625 set :processUnit:item @silicon
   626 set :processUnit:group .GROUP1
   627 set :processUnit:supply .SUPPLY_S_FIRST
   628 set :rebindUnit.4:currentUnit :processUnit:unit
-    * op notEqual *tmp193 :rebindUnit.4:currentUnit null
-    * jump *label196 equal *tmp193 false
+  629 jump *label196 equal :rebindUnit.4:currentUnit null
   630 ubind :rebindUnit.4:currentUnit
   631 sensor *tmp195 @unit @dead
-    * op equal *tmp196 *tmp195 0
-    * jump *label198 equal *tmp196 false
+  632 jump *label198 notEqual *tmp195 0
   633 label *label201
   634 sensor *tmp197 @unit @controller
-    * op equal *tmp198 *tmp197 @this
-    * jump *label198 equal *tmp198 false
+  635 jump *label198 notEqual *tmp197 @this
   636 jump *label200 always
   637 label *label200
   638 jump *label195 always
   639 jump *label199 always
   640 label *label198
   641 label *label199
   642 jump *label197 always
   643 label *label196
   644 label *label197
   645 ubind .TYPE
   646 set :rebindUnit.4:firstUnit @unit
-    * op notEqual *tmp200 :rebindUnit.4:firstUnit null
-    * jump *label202 equal *tmp200 false
+  647 jump *label202 equal :rebindUnit.4:firstUnit null
   648 label *label204
   649 sensor *tmp202 @unit @controlled
-    * op equal *tmp203 *tmp202 0
-    * jump *label207 equal *tmp203 false
+  650 jump *label207 notEqual *tmp202 0
   651 jump *label195 always
   652 jump *label208 always
   653 label *label207
   654 label *label208
   655 ubind .TYPE
   656 label *label205
-    * op notEqual *tmp205 @unit :rebindUnit.4:firstUnit
-    * jump *label206 equal *tmp205 false
+  657 jump *label206 equal @unit :rebindUnit.4:firstUnit
   658 label *label209
   659 sensor *tmp206 :rebindUnit.4:firstUnit @dead
-    * op equal *tmp207 *tmp206 0
-    * jump *label204 notEqual *tmp207 false
+  660 jump *label204 equal *tmp206 0
   661 label *label206
   662 jump *label203 always
   663 label *label202
   664 label *label203
   665 end
   666 label *label195
   667 sensor :processUnit:state @unit @flag
   668 set :processUnit:distance -1
   669 set :processUnit:color "gold"
-    * op lessThan *tmp209 :processUnit:state 2
-    * jump *label212 notEqual *tmp209 false
+  670 jump *label212 lessThan :processUnit:state 2
   671 label *label213
-    * op greaterThan *tmp210 :processUnit:state 3
-    * jump *label210 equal *tmp210 false
+  672 jump *label210 lessThanEq :processUnit:state 3
   673 label *label212
   674 sensor *tmp212 @unit @firstItem
-    * op equal *tmp213 *tmp212 :processUnit:item
-    * jump *label214 equal *tmp213 false
+  675 jump *label214 notEqual *tmp212 :processUnit:item
   676 set :processUnit:state 3
   677 jump *label215 always
   678 label *label214
   679 sensor *tmp215 @unit @totalItems
-    * op equal *tmp216 *tmp215 0
-    * jump *label216 equal *tmp216 false
+  680 jump *label216 notEqual *tmp215 0
   681 set :processUnit:state 2
   682 jump *label217 always
   683 label *label216
   684 set .MSG ", initializing\n"
   685 ucontrol approach .CORE_X .CORE_Y 6
   686 ucontrol within .CORE_X .CORE_Y 8 *tmp218
   687 jump *label218 equal *tmp218 false
   688 ucontrol itemDrop .CORE .UNIT_CAPACITY
   689 jump *label219 always
   690 label *label218
   691 label *label219
   692 label *label217
   693 label *label215
   694 jump *label211 always
   695 label *label210
   696 label *label211
-    * op equal *tmp220 :processUnit:state 2
-    * jump *label220 equal *tmp220 false
+  697 jump *label220 notEqual :processUnit:state 2
   698 ucontrol within .CORE_X .CORE_Y 8 *tmp222
   699 jump *label222 equal *tmp222 false
   700 ucontrol itemTake .CORE :processUnit:item .UNIT_CAPACITY
   701 sensor *tmp224 @unit @totalItems
-    * op greaterThanEq *tmp225 *tmp224 .UNIT_CAPACITY
-    * jump *label224 equal *tmp225 false
+  702 jump *label224 lessThan *tmp224 .UNIT_CAPACITY
   703 ucontrol approach .DOME_X .DOME_Y 6
   704 set :processUnit:state 3
   705 jump *label225 always
   706 label *label224
   707 set .MSG ", loading\n"
   708 label *label225
   709 jump *label223 always
   710 label *label222
   711 ucontrol approach .CORE_X .CORE_Y 6
   712 set .MSG ", fetching in [gold]"
   713 sensor *tmp227 @unit @x
   714 op sub *tmp228 .CORE_X *tmp227
   715 sensor *tmp229 @unit @y
   716 op sub *tmp230 .CORE_Y *tmp229
   717 op len *tmp231 *tmp228 *tmp230
   718 op idiv *tmp232 *tmp231 .SPEED_TENTHS
   719 op div :processUnit:distance *tmp232 10
   720 label *label223
   721 jump *label221 always
   722 label *label220
   723 label *label221
-    * op equal *tmp234 :processUnit:state 3
-    * jump *label226 equal *tmp234 false
+  724 jump *label226 notEqual :processUnit:state 3
   725 ucontrol within .DOME_X .DOME_Y 8 *tmp236
   726 jump *label228 equal *tmp236 false
   727 jump *label230 equal :processUnit:supply false
   728 ucontrol itemDrop dome1 .UNIT_CAPACITY
   729 set .MSG ", supplying\n"
   730 jump *label231 always
   731 label *label230
   732 ucontrol approach .DOME_X .DOME_Y 6
   733 set .MSG ", waiting\n"
   734 label *label231
   735 sensor *tmp239 @unit @totalItems
-    * op lessThanEq *tmp240 *tmp239 0
-    * jump *label232 equal *tmp240 false
+  736 jump *label232 greaterThan *tmp239 0
   737 ucontrol approach .CORE_X .CORE_Y 6
   738 set :processUnit:state 2
   739 jump *label233 always
   740 label *label232
   741 label *label233
   742 jump *label229 always
   743 label *label228
   744 ucontrol approach .DOME_X .DOME_Y 6
   745 set .MSG ", returning in [gold]"
   746 sensor *tmp242 @unit @x
   747 op sub *tmp243 .DOME_X *tmp242
   748 sensor *tmp244 @unit @y
   749 op sub *tmp245 .DOME_Y *tmp244
   750 op len *tmp246 *tmp243 *tmp245
   751 op idiv *tmp247 *tmp246 .SPEED_TENTHS
 
   753 label *label229
   754 jump *label227 always
   755 label *label226
   756 label *label227
   757 ucontrol flag :processUnit:state
   758 sensor *tmp249 @unit @totalItems
   759 print "  "
   760 print :processUnit:group
   761 print ":"
   762 print " ["
   763 print :processUnit:color
   764 print "]"
   765 print *tmp249
   766 print "["
   767 print "]"
-    * op greaterThanEq *tmp250 :processUnit:distance 0
-    * jump *label234 equal *tmp250 false
+  768 jump *label234 lessThan :processUnit:distance 0
   769 print .MSG
   770 print :processUnit:distance
   771 print "["
   772 print "] sec"
   773 print "\n"
   774 jump *label235 always
   775 label *label234
   776 print .MSG
   777 label *label235
   778 set :processUnit:unit @unit
   779 label *label194
   780 set .UNIT_S1 :processUnit:unit
   781 jump *label236 equal .FOUR_UNITS false
   782 op equal *tmp253 .SUPPLY_S_FIRST false
   783 set :processUnit.1:unit .UNIT_S2
   784 set :processUnit.1:item @silicon
   785 set :processUnit.1:group .GROUP2
   786 set :processUnit.1:supply *tmp253
   787 set :rebindUnit.5:currentUnit :processUnit.1:unit
-    * op notEqual *tmp255 :rebindUnit.5:currentUnit null
-    * jump *label240 equal *tmp255 false
+  788 jump *label240 equal :rebindUnit.5:currentUnit null
   789 ubind :rebindUnit.5:currentUnit
   790 sensor *tmp257 @unit @dead
-    * op equal *tmp258 *tmp257 0
-    * jump *label242 equal *tmp258 false
+  791 jump *label242 notEqual *tmp257 0
   792 label *label245
   793 sensor *tmp259 @unit @controller
-    * op equal *tmp260 *tmp259 @this
-    * jump *label242 equal *tmp260 false
+  794 jump *label242 notEqual *tmp259 @this
   795 jump *label244 always
   796 label *label244
   797 jump *label239 always
   798 jump *label243 always
   799 label *label242
   800 label *label243
   801 jump *label241 always
   802 label *label240
   803 label *label241
   804 ubind .TYPE
   805 set :rebindUnit.5:firstUnit @unit
-    * op notEqual *tmp262 :rebindUnit.5:firstUnit null
-    * jump *label246 equal *tmp262 false
+  806 jump *label246 equal :rebindUnit.5:firstUnit null
   807 label *label248
   808 sensor *tmp264 @unit @controlled
-    * op equal *tmp265 *tmp264 0
-    * jump *label251 equal *tmp265 false
+  809 jump *label251 notEqual *tmp264 0
   810 jump *label239 always
   811 jump *label252 always
   812 label *label251
   813 label *label252
   814 ubind .TYPE
   815 label *label249
-    * op notEqual *tmp267 @unit :rebindUnit.5:firstUnit
-    * jump *label250 equal *tmp267 false
+  816 jump *label250 equal @unit :rebindUnit.5:firstUnit
   817 label *label253
   818 sensor *tmp268 :rebindUnit.5:firstUnit @dead
-    * op equal *tmp269 *tmp268 0
-    * jump *label248 notEqual *tmp269 false
+  819 jump *label248 equal *tmp268 0
   820 label *label250
   821 jump *label247 always
   822 label *label246
   823 label *label247
   824 end
   825 label *label239
   826 sensor :processUnit.1:state @unit @flag
   827 set :processUnit.1:distance -1
   828 set :processUnit.1:color "gold"
-    * op lessThan *tmp271 :processUnit.1:state 2
-    * jump *label256 notEqual *tmp271 false
+  829 jump *label256 lessThan :processUnit.1:state 2
   830 label *label257
-    * op greaterThan *tmp272 :processUnit.1:state 3
-    * jump *label254 equal *tmp272 false
+  831 jump *label254 lessThanEq :processUnit.1:state 3
   832 label *label256
   833 sensor *tmp274 @unit @firstItem
-    * op equal *tmp275 *tmp274 :processUnit.1:item
-    * jump *label258 equal *tmp275 false
+  834 jump *label258 notEqual *tmp274 :processUnit.1:item
   835 set :processUnit.1:state 3
   836 jump *label259 always
   837 label *label258
   838 sensor *tmp277 @unit @totalItems
-    * op equal *tmp278 *tmp277 0
-    * jump *label260 equal *tmp278 false
+  839 jump *label260 notEqual *tmp277 0
   840 set :processUnit.1:state 2
   841 jump *label261 always
   842 label *label260
   843 set .MSG ", initializing\n"
   844 ucontrol approach .CORE_X .CORE_Y 6
   845 ucontrol within .CORE_X .CORE_Y 8 *tmp280
   846 jump *label262 equal *tmp280 false
   847 ucontrol itemDrop .CORE .UNIT_CAPACITY
   848 jump *label263 always
   849 label *label262
   850 label *label263
   851 label *label261
   852 label *label259
   853 jump *label255 always
   854 label *label254
   855 label *label255
-    * op equal *tmp282 :processUnit.1:state 2
-    * jump *label264 equal *tmp282 false
+  856 jump *label264 notEqual :processUnit.1:state 2
   857 ucontrol within .CORE_X .CORE_Y 8 *tmp284
   858 jump *label266 equal *tmp284 false
   859 ucontrol itemTake .CORE :processUnit.1:item .UNIT_CAPACITY
   860 sensor *tmp286 @unit @totalItems
-    * op greaterThanEq *tmp287 *tmp286 .UNIT_CAPACITY
-    * jump *label268 equal *tmp287 false
+  861 jump *label268 lessThan *tmp286 .UNIT_CAPACITY
   862 ucontrol approach .DOME_X .DOME_Y 6
   863 set :processUnit.1:state 3
   864 jump *label269 always
   865 label *label268
   866 set .MSG ", loading\n"
   867 label *label269
   868 jump *label267 always
   869 label *label266
   870 ucontrol approach .CORE_X .CORE_Y 6
   871 set .MSG ", fetching in [gold]"
   872 sensor *tmp289 @unit @x
   873 op sub *tmp290 .CORE_X *tmp289
   874 sensor *tmp291 @unit @y
   875 op sub *tmp292 .CORE_Y *tmp291
   876 op len *tmp293 *tmp290 *tmp292
   877 op idiv *tmp294 *tmp293 .SPEED_TENTHS
   878 op div :processUnit.1:distance *tmp294 10
   879 label *label267
   880 jump *label265 always
   881 label *label264
   882 label *label265
-    * op equal *tmp296 :processUnit.1:state 3
-    * jump *label270 equal *tmp296 false
+  883 jump *label270 notEqual :processUnit.1:state 3
   884 ucontrol within .DOME_X .DOME_Y 8 *tmp298
   885 jump *label272 equal *tmp298 false
   886 jump *label274 equal :processUnit.1:supply false
   887 ucontrol itemDrop dome1 .UNIT_CAPACITY
   888 set .MSG ", supplying\n"
   889 jump *label275 always
   890 label *label274
   891 ucontrol approach .DOME_X .DOME_Y 6
   892 set .MSG ", waiting\n"
   893 label *label275
   894 sensor *tmp301 @unit @totalItems
-    * op lessThanEq *tmp302 *tmp301 0
-    * jump *label276 equal *tmp302 false
+  895 jump *label276 greaterThan *tmp301 0
   896 ucontrol approach .CORE_X .CORE_Y 6
   897 set :processUnit.1:state 2
   898 jump *label277 always
   899 label *label276
   900 label *label277
   901 jump *label273 always
   902 label *label272
   903 ucontrol approach .DOME_X .DOME_Y 6
   904 set .MSG ", returning in [gold]"
   905 sensor *tmp304 @unit @x
   906 op sub *tmp305 .DOME_X *tmp304
   907 sensor *tmp306 @unit @y
   908 op sub *tmp307 .DOME_Y *tmp306
   909 op len *tmp308 *tmp305 *tmp307
   910 op idiv *tmp309 *tmp308 .SPEED_TENTHS
 
   912 label *label273
   913 jump *label271 always
   914 label *label270
   915 label *label271
   916 ucontrol flag :processUnit.1:state
   917 sensor *tmp311 @unit @totalItems
   918 print "  "
   919 print :processUnit.1:group
   920 print ":"
   921 print " ["
   922 print :processUnit.1:color
   923 print "]"
   924 print *tmp311
   925 print "["
   926 print "]"
-    * op greaterThanEq *tmp312 :processUnit.1:distance 0
-    * jump *label278 equal *tmp312 false
+  927 jump *label278 lessThan :processUnit.1:distance 0
   928 print .MSG
   929 print :processUnit.1:distance
   930 print "["
   931 print "] sec"
   932 print "\n"
   933 jump *label279 always
   934 label *label278
   935 print .MSG
   936 label *label279
   937 set :processUnit.1:unit @unit
   938 label *label238
   939 set .UNIT_S2 :processUnit.1:unit
   940 jump *label280 equal .SUPPLY_S_FIRST false
   941 sensor *tmp315 .UNIT_S1 @totalItems
   942 op greaterThan *tmp314 *tmp315 0
   943 jump *label281 always
   944 label *label280
   945 sensor *tmp317 .UNIT_S2 @totalItems
   946 op equal *tmp314 *tmp317 0
   947 label *label281
   948 set .SUPPLY_S_FIRST *tmp314
   949 jump *label237 always
   950 label *label236
   951 label *label237
   952 set :printDomeStatus.1:item @phase-fabric
   953 set :printDomeStatus.1:text "\n[green]Phase fabric[] status:\n"
   954 print :printDomeStatus.1:text
   955 sensor :printDomeStatus.1:level dome1 :printDomeStatus.1:item
-    * op greaterThan *tmp320 :printDomeStatus.1:level 3
-    * jump *label283 equal *tmp320 false
+  956 jump *label283 lessThanEq :printDomeStatus.1:level 3
   957 print "  dome:  [green]"
   958 print :printDomeStatus.1:level
   959 print "["
   960 print "]"
   961 print "\n"
   962 jump *label284 always
   963 label *label283
   964 print "  dome:  [coral]"
   965 print :printDomeStatus.1:level
   966 print "["
   967 print "]"
   968 print "\n"
   969 label *label284
   970 label *label282
   971 set :processUnit.2:unit .UNIT_P1
   972 set :processUnit.2:item @phase-fabric
   973 set :processUnit.2:group .GROUP1
   974 set :processUnit.2:supply .SUPPLY_P_FIRST
   975 set :rebindUnit.6:currentUnit :processUnit.2:unit
-    * op notEqual *tmp323 :rebindUnit.6:currentUnit null
-    * jump *label287 equal *tmp323 false
+  976 jump *label287 equal :rebindUnit.6:currentUnit null
   977 ubind :rebindUnit.6:currentUnit
   978 sensor *tmp325 @unit @dead
-    * op equal *tmp326 *tmp325 0
-    * jump *label289 equal *tmp326 false
+  979 jump *label289 notEqual *tmp325 0
   980 label *label292
   981 sensor *tmp327 @unit @controller
-    * op equal *tmp328 *tmp327 @this
-    * jump *label289 equal *tmp328 false
+  982 jump *label289 notEqual *tmp327 @this
   983 jump *label291 always
   984 label *label291
   985 jump *label286 always
   986 jump *label290 always
   987 label *label289
   988 label *label290
   989 jump *label288 always
   990 label *label287
   991 label *label288
   992 ubind .TYPE
   993 set :rebindUnit.6:firstUnit @unit
-    * op notEqual *tmp330 :rebindUnit.6:firstUnit null
-    * jump *label293 equal *tmp330 false
+  994 jump *label293 equal :rebindUnit.6:firstUnit null
   995 label *label295
   996 sensor *tmp332 @unit @controlled
-    * op equal *tmp333 *tmp332 0
-    * jump *label298 equal *tmp333 false
+  997 jump *label298 notEqual *tmp332 0
   998 jump *label286 always
   999 jump *label299 always
  1000 label *label298
  1001 label *label299
  1002 ubind .TYPE
  1003 label *label296
-    * op notEqual *tmp335 @unit :rebindUnit.6:firstUnit
-    * jump *label297 equal *tmp335 false
+ 1004 jump *label297 equal @unit :rebindUnit.6:firstUnit
  1005 label *label300
  1006 sensor *tmp336 :rebindUnit.6:firstUnit @dead
-    * op equal *tmp337 *tmp336 0
-    * jump *label295 notEqual *tmp337 false
+ 1007 jump *label295 equal *tmp336 0
  1008 label *label297
  1009 jump *label294 always
  1010 label *label293
  1011 label *label294
  1012 end
  1013 label *label286
  1014 sensor :processUnit.2:state @unit @flag
  1015 set :processUnit.2:distance -1
  1016 set :processUnit.2:color "gold"
-    * op lessThan *tmp339 :processUnit.2:state 2
-    * jump *label303 notEqual *tmp339 false
+ 1017 jump *label303 lessThan :processUnit.2:state 2
  1018 label *label304
-    * op greaterThan *tmp340 :processUnit.2:state 3
-    * jump *label301 equal *tmp340 false
+ 1019 jump *label301 lessThanEq :processUnit.2:state 3
  1020 label *label303
  1021 sensor *tmp342 @unit @firstItem
-    * op equal *tmp343 *tmp342 :processUnit.2:item
-    * jump *label305 equal *tmp343 false
+ 1022 jump *label305 notEqual *tmp342 :processUnit.2:item
  1023 set :processUnit.2:state 3
  1024 jump *label306 always
  1025 label *label305
  1026 sensor *tmp345 @unit @totalItems
-    * op equal *tmp346 *tmp345 0
-    * jump *label307 equal *tmp346 false
+ 1027 jump *label307 notEqual *tmp345 0
  1028 set :processUnit.2:state 2
  1029 jump *label308 always
  1030 label *label307
  1031 set .MSG ", initializing\n"
  1032 ucontrol approach .CORE_X .CORE_Y 6
  1033 ucontrol within .CORE_X .CORE_Y 8 *tmp348
  1034 jump *label309 equal *tmp348 false
  1035 ucontrol itemDrop .CORE .UNIT_CAPACITY
  1036 jump *label310 always
  1037 label *label309
  1038 label *label310
  1039 label *label308
  1040 label *label306
  1041 jump *label302 always
  1042 label *label301
  1043 label *label302
-    * op equal *tmp350 :processUnit.2:state 2
-    * jump *label311 equal *tmp350 false
+ 1044 jump *label311 notEqual :processUnit.2:state 2
  1045 ucontrol within .CORE_X .CORE_Y 8 *tmp352
  1046 jump *label313 equal *tmp352 false
  1047 ucontrol itemTake .CORE :processUnit.2:item .UNIT_CAPACITY
  1048 sensor *tmp354 @unit @totalItems
-    * op greaterThanEq *tmp355 *tmp354 .UNIT_CAPACITY
-    * jump *label315 equal *tmp355 false
+ 1049 jump *label315 lessThan *tmp354 .UNIT_CAPACITY
  1050 ucontrol approach .DOME_X .DOME_Y 6
  1051 set :processUnit.2:state 3
  1052 jump *label316 always
  1053 label *label315
  1054 set .MSG ", loading\n"
  1055 label *label316
  1056 jump *label314 always
  1057 label *label313
  1058 ucontrol approach .CORE_X .CORE_Y 6
  1059 set .MSG ", fetching in [gold]"
  1060 sensor *tmp357 @unit @x
  1061 op sub *tmp358 .CORE_X *tmp357
  1062 sensor *tmp359 @unit @y
  1063 op sub *tmp360 .CORE_Y *tmp359
  1064 op len *tmp361 *tmp358 *tmp360
  1065 op idiv *tmp362 *tmp361 .SPEED_TENTHS
  1066 op div :processUnit.2:distance *tmp362 10
  1067 label *label314
  1068 jump *label312 always
  1069 label *label311
  1070 label *label312
-    * op equal *tmp364 :processUnit.2:state 3
-    * jump *label317 equal *tmp364 false
+ 1071 jump *label317 notEqual :processUnit.2:state 3
  1072 ucontrol within .DOME_X .DOME_Y 8 *tmp366
  1073 jump *label319 equal *tmp366 false
  1074 jump *label321 equal :processUnit.2:supply false
  1075 ucontrol itemDrop dome1 .UNIT_CAPACITY
  1076 set .MSG ", supplying\n"
  1077 jump *label322 always
  1078 label *label321
  1079 ucontrol approach .DOME_X .DOME_Y 6
  1080 set .MSG ", waiting\n"
  1081 label *label322
  1082 sensor *tmp369 @unit @totalItems
-    * op lessThanEq *tmp370 *tmp369 0
-    * jump *label323 equal *tmp370 false
+ 1083 jump *label323 greaterThan *tmp369 0
  1084 ucontrol approach .CORE_X .CORE_Y 6
  1085 set :processUnit.2:state 2
  1086 jump *label324 always
  1087 label *label323
  1088 label *label324
  1089 jump *label320 always
  1090 label *label319
  1091 ucontrol approach .DOME_X .DOME_Y 6
  1092 set .MSG ", returning in [gold]"
  1093 sensor *tmp372 @unit @x
  1094 op sub *tmp373 .DOME_X *tmp372
  1095 sensor *tmp374 @unit @y
  1096 op sub *tmp375 .DOME_Y *tmp374
  1097 op len *tmp376 *tmp373 *tmp375
  1098 op idiv *tmp377 *tmp376 .SPEED_TENTHS
 
  1100 label *label320
  1101 jump *label318 always
  1102 label *label317
  1103 label *label318
  1104 ucontrol flag :processUnit.2:state
  1105 sensor *tmp379 @unit @totalItems
  1106 print "  "
  1107 print :processUnit.2:group
  1108 print ":"
  1109 print " ["
  1110 print :processUnit.2:color
  1111 print "]"
  1112 print *tmp379
  1113 print "["
  1114 print "]"
-    * op greaterThanEq *tmp380 :processUnit.2:distance 0
-    * jump *label325 equal *tmp380 false
+ 1115 jump *label325 lessThan :processUnit.2:distance 0
  1116 print .MSG
  1117 print :processUnit.2:distance
  1118 print "["
  1119 print "] sec"
  1120 print "\n"
  1121 jump *label326 always
  1122 label *label325
  1123 print .MSG
  1124 label *label326
  1125 set :processUnit.2:unit @unit
  1126 label *label285
  1127 set .UNIT_P1 :processUnit.2:unit
  1128 jump *label327 equal .FOUR_UNITS false
  1129 op equal *tmp383 .SUPPLY_P_FIRST false
  1130 set :processUnit.3:unit .UNIT_P2
  1131 set :processUnit.3:item @phase-fabric
  1132 set :processUnit.3:group .GROUP2
  1133 set :processUnit.3:supply *tmp383
  1134 set :rebindUnit.7:currentUnit :processUnit.3:unit
-    * op notEqual *tmp385 :rebindUnit.7:currentUnit null
-    * jump *label331 equal *tmp385 false
+ 1135 jump *label331 equal :rebindUnit.7:currentUnit null
  1136 ubind :rebindUnit.7:currentUnit
  1137 sensor *tmp387 @unit @dead
-    * op equal *tmp388 *tmp387 0
-    * jump *label333 equal *tmp388 false
+ 1138 jump *label333 notEqual *tmp387 0
  1139 label *label336
  1140 sensor *tmp389 @unit @controller
-    * op equal *tmp390 *tmp389 @this
-    * jump *label333 equal *tmp390 false
+ 1141 jump *label333 notEqual *tmp389 @this
  1142 jump *label335 always
  1143 label *label335
  1144 jump *label330 always
  1145 jump *label334 always
  1146 label *label333
  1147 label *label334
  1148 jump *label332 always
  1149 label *label331
  1150 label *label332
  1151 ubind .TYPE
  1152 set :rebindUnit.7:firstUnit @unit
-    * op notEqual *tmp392 :rebindUnit.7:firstUnit null
-    * jump *label337 equal *tmp392 false
+ 1153 jump *label337 equal :rebindUnit.7:firstUnit null
  1154 label *label339
  1155 sensor *tmp394 @unit @controlled
-    * op equal *tmp395 *tmp394 0
-    * jump *label342 equal *tmp395 false
+ 1156 jump *label342 notEqual *tmp394 0
  1157 jump *label330 always
  1158 jump *label343 always
  1159 label *label342
  1160 label *label343
  1161 ubind .TYPE
  1162 label *label340
-    * op notEqual *tmp397 @unit :rebindUnit.7:firstUnit
-    * jump *label341 equal *tmp397 false
+ 1163 jump *label341 equal @unit :rebindUnit.7:firstUnit
  1164 label *label344
  1165 sensor *tmp398 :rebindUnit.7:firstUnit @dead
-    * op equal *tmp399 *tmp398 0
-    * jump *label339 notEqual *tmp399 false
+ 1166 jump *label339 equal *tmp398 0
  1167 label *label341
  1168 jump *label338 always
  1169 label *label337
  1170 label *label338
  1171 end
  1172 label *label330
  1173 sensor :processUnit.3:state @unit @flag
  1174 set :processUnit.3:distance -1
  1175 set :processUnit.3:color "gold"
-    * op lessThan *tmp401 :processUnit.3:state 2
-    * jump *label347 notEqual *tmp401 false
+ 1176 jump *label347 lessThan :processUnit.3:state 2
  1177 label *label348
-    * op greaterThan *tmp402 :processUnit.3:state 3
-    * jump *label345 equal *tmp402 false
+ 1178 jump *label345 lessThanEq :processUnit.3:state 3
  1179 label *label347
  1180 sensor *tmp404 @unit @firstItem
-    * op equal *tmp405 *tmp404 :processUnit.3:item
-    * jump *label349 equal *tmp405 false
+ 1181 jump *label349 notEqual *tmp404 :processUnit.3:item
  1182 set :processUnit.3:state 3
  1183 jump *label350 always
  1184 label *label349
  1185 sensor *tmp407 @unit @totalItems
-    * op equal *tmp408 *tmp407 0
-    * jump *label351 equal *tmp408 false
+ 1186 jump *label351 notEqual *tmp407 0
  1187 set :processUnit.3:state 2
  1188 jump *label352 always
  1189 label *label351
  1190 set .MSG ", initializing\n"
  1191 ucontrol approach .CORE_X .CORE_Y 6
  1192 ucontrol within .CORE_X .CORE_Y 8 *tmp410
  1193 jump *label353 equal *tmp410 false
  1194 ucontrol itemDrop .CORE .UNIT_CAPACITY
  1195 jump *label354 always
  1196 label *label353
  1197 label *label354
  1198 label *label352
  1199 label *label350
  1200 jump *label346 always
  1201 label *label345
  1202 label *label346
-    * op equal *tmp412 :processUnit.3:state 2
-    * jump *label355 equal *tmp412 false
+ 1203 jump *label355 notEqual :processUnit.3:state 2
  1204 ucontrol within .CORE_X .CORE_Y 8 *tmp414
  1205 jump *label357 equal *tmp414 false
  1206 ucontrol itemTake .CORE :processUnit.3:item .UNIT_CAPACITY
  1207 sensor *tmp416 @unit @totalItems
-    * op greaterThanEq *tmp417 *tmp416 .UNIT_CAPACITY
-    * jump *label359 equal *tmp417 false
+ 1208 jump *label359 lessThan *tmp416 .UNIT_CAPACITY
  1209 ucontrol approach .DOME_X .DOME_Y 6
  1210 set :processUnit.3:state 3
  1211 jump *label360 always
  1212 label *label359
  1213 set .MSG ", loading\n"
  1214 label *label360
  1215 jump *label358 always
  1216 label *label357
  1217 ucontrol approach .CORE_X .CORE_Y 6
  1218 set .MSG ", fetching in [gold]"
  1219 sensor *tmp419 @unit @x
  1220 op sub *tmp420 .CORE_X *tmp419
  1221 sensor *tmp421 @unit @y
  1222 op sub *tmp422 .CORE_Y *tmp421
  1223 op len *tmp423 *tmp420 *tmp422
  1224 op idiv *tmp424 *tmp423 .SPEED_TENTHS
  1225 op div :processUnit.3:distance *tmp424 10
  1226 label *label358
  1227 jump *label356 always
  1228 label *label355
  1229 label *label356
-    * op equal *tmp426 :processUnit.3:state 3
-    * jump *label361 equal *tmp426 false
+ 1230 jump *label361 notEqual :processUnit.3:state 3
  1231 ucontrol within .DOME_X .DOME_Y 8 *tmp428
  1232 jump *label363 equal *tmp428 false
  1233 jump *label365 equal :processUnit.3:supply false
  1234 ucontrol itemDrop dome1 .UNIT_CAPACITY
  1235 set .MSG ", supplying\n"
  1236 jump *label366 always
  1237 label *label365
  1238 ucontrol approach .DOME_X .DOME_Y 6
  1239 set .MSG ", waiting\n"
  1240 label *label366
  1241 sensor *tmp431 @unit @totalItems
-    * op lessThanEq *tmp432 *tmp431 0
-    * jump *label367 equal *tmp432 false
+ 1242 jump *label367 greaterThan *tmp431 0
  1243 ucontrol approach .CORE_X .CORE_Y 6
  1244 set :processUnit.3:state 2
  1245 jump *label368 always
  1246 label *label367
  1247 label *label368
  1248 jump *label364 always
  1249 label *label363
  1250 ucontrol approach .DOME_X .DOME_Y 6
  1251 set .MSG ", returning in [gold]"
  1252 sensor *tmp434 @unit @x
  1253 op sub *tmp435 .DOME_X *tmp434
  1254 sensor *tmp436 @unit @y
  1255 op sub *tmp437 .DOME_Y *tmp436
  1256 op len *tmp438 *tmp435 *tmp437
  1257 op idiv *tmp439 *tmp438 .SPEED_TENTHS
 
  1259 label *label364
  1260 jump *label362 always
  1261 label *label361
  1262 label *label362
  1263 ucontrol flag :processUnit.3:state
  1264 sensor *tmp441 @unit @totalItems
  1265 print "  "
  1266 print :processUnit.3:group
  1267 print ":"
  1268 print " ["
  1269 print :processUnit.3:color
  1270 print "]"
  1271 print *tmp441
  1272 print "["
  1273 print "]"
-    * op greaterThanEq *tmp442 :processUnit.3:distance 0
-    * jump *label369 equal *tmp442 false
+ 1274 jump *label369 lessThan :processUnit.3:distance 0
  1275 print .MSG
  1276 print :processUnit.3:distance
  1277 print "["
  1278 print "] sec"
  1279 print "\n"
  1280 jump *label370 always
  1281 label *label369
  1282 print .MSG
  1283 label *label370
  1284 set :processUnit.3:unit @unit
  1285 label *label329
  1286 set .UNIT_P2 :processUnit.3:unit
  1287 jump *label371 equal .SUPPLY_P_FIRST false
  1288 sensor *tmp445 .UNIT_P1 @totalItems
  1289 op greaterThan *tmp444 *tmp445 0
 
  1292 sensor *tmp447 .UNIT_P2 @totalItems
  1293 op equal *tmp444 *tmp447 0
  1294 label *label372
  1295 set .SUPPLY_P_FIRST *tmp444
  1296 jump *label328 always
  1297 label *label327
  1298 label *label328
  1299 op sub *tmp449 @time :start
  1300 op floor *tmp450 *tmp449
  1301 print "\n"
  1302 print "[lightgray]Loop time: "
  1303 print *tmp450
  1304 print " "
  1305 print "ms"
  1306 printflush message1
-    * op notEqual *tmp451 .TYPE UNIT_TYPE
-    * jump *label373 equal *tmp451 false
+ 1307 jump *label373 equal .TYPE UNIT_TYPE
  1308 label *label376
-    * op greaterThan *tmp452 :unitCheck @time
-    * jump *label373 equal *tmp452 false
+ 1309 jump *label373 lessThanEq :unitCheck @time
  1310 jump *label375 always
  1311 label *label375
  1312 set :areUnitsAvailable.2:type UNIT_TYPE
  1313 set :areUnitsAvailable.2:output false
  1314 set :areUnitsAvailable.2:free 0
  1315 set :areUnitsAvailable.2:occupied 0
  1316 set :areUnitsAvailable.2:needed 0
  1317 ubind :areUnitsAvailable.2:type
  1318 set :areUnitsAvailable.2:firstUnit @unit
-    * op notEqual *tmp455 :areUnitsAvailable.2:firstUnit null
-    * jump *label380 equal *tmp455 false
+ 1319 jump *label380 equal :areUnitsAvailable.2:firstUnit null
  1320 set :needsFourUnits.3:unit @unit
  1321 op sub *tmp458 .DOME_X .CORE_X
  1322 op sub *tmp459 .DOME_Y .CORE_Y
  1323 op len *tmp460 *tmp458 *tmp459
  1324 op mul *tmp461 2 *tmp460
  1325 sensor *tmp462 :needsFourUnits.3:unit @speed
  1326 op div :needsFourUnits.3:travel_time *tmp461 *tmp462
  1327 op greaterThanEq *tmp457 :needsFourUnits.3:travel_time 47
  1328 jump *label384 always
  1329 set *tmp457 null
  1330 label *label384
  1331 jump *label382 equal *tmp457 false
  1332 set *tmp465 4
  1333 jump *label383 always
  1334 label *label382
  1335 set *tmp465 2
  1336 label *label383
  1337 set :areUnitsAvailable.2:needed *tmp465
  1338 label *label385
  1339 sensor *tmp466 @unit @controlled
-    * op equal *tmp467 *tmp466 0
-    * jump *label390 notEqual *tmp467 false
+ 1340 jump *label390 equal *tmp466 0
  1341 label *label391
  1342 sensor *tmp468 @unit @controller
-    * op equal *tmp469 *tmp468 @this
-    * jump *label388 equal *tmp469 false
+ 1343 jump *label388 notEqual *tmp468 @this
  1344 label *label390
  1345 op add :areUnitsAvailable.2:free :areUnitsAvailable.2:free 1
-    * op greaterThanEq *tmp471 :areUnitsAvailable.2:free :areUnitsAvailable.2:needed
-    * jump *label392 equal *tmp471 false
+ 1346 jump *label392 lessThan :areUnitsAvailable.2:free :areUnitsAvailable.2:needed
  1347 set *tmp454 true
  1348 jump *label379 always
  1349 jump *label393 always
  1350 label *label392
  1351 label *label393
  1352 jump *label389 always
  1353 label *label388
  1354 op add :areUnitsAvailable.2:occupied :areUnitsAvailable.2:occupied 1
  1355 label *label389
  1356 ubind :areUnitsAvailable.2:type
  1357 label *label386
-    * op notEqual *tmp474 @unit :areUnitsAvailable.2:firstUnit
-    * jump *label387 equal *tmp474 false
+ 1358 jump *label387 equal @unit :areUnitsAvailable.2:firstUnit
  1359 label *label394
  1360 sensor *tmp475 :areUnitsAvailable.2:firstUnit @dead
-    * op equal *tmp476 *tmp475 0
-    * jump *label385 notEqual *tmp476 false
+ 1361 jump *label385 equal *tmp475 0
  1362 label *label387
  1363 jump *label381 always
  1364 label *label380
  1365 label *label381
  1366 jump *label395 equal :areUnitsAvailable.2:output false
  1367 print :areUnitsAvailable.2:type
  1368 print ":"
  1369 print " occupied: "
  1370 print :areUnitsAvailable.2:occupied
  1371 print ","
  1372 print " free: "
  1373 print :areUnitsAvailable.2:free
-    * op greaterThan *tmp478 :areUnitsAvailable.2:needed 0
-    * jump *label397 equal *tmp478 false
+ 1374 jump *label397 lessThanEq :areUnitsAvailable.2:needed 0
  1375 print ", needed: "
  1376 print :areUnitsAvailable.2:needed
  1377 jump *label398 always
  1378 label *label397
  1379 label *label398
  1380 print "\n"
  1381 jump *label396 always
  1382 label *label395
  1383 label *label396
  1384 set *tmp454 false
  1385 jump *label379 always
  1386 set *tmp454 null
  1387 label *label379
  1388 jump *label377 equal *tmp454 false
  1389 jump *label190 always
 
  1413 setaddr *tmp482 *label406
  1414 label *label400
  1415 ubind :free.1:unit
  1416 ucontrol flag 0
  1417 ucontrol unbind
  1418 label *label401
  1419 multijump *tmp482 0 0 (m:marker3)
  1420 multilabel *label406 (m:marker3)
  1421 label *label402
  1422 label *label399
  1423 label *label1
  1424 end
  1425 label *label0
  1426 ubind :locateCore:type
  1427 sensor *tmp483 @unit @controlled
-    * op equal *tmp484 *tmp483 0
-    * jump *label410 notEqual *tmp484 false
+ 1428 jump *label410 equal *tmp483 0
  1429 label *label411
  1430 sensor *tmp485 @unit @controller
-    * op equal *tmp486 *tmp485 @this
-    * jump *label408 equal *tmp486 false
+ 1431 jump *label408 notEqual *tmp485 @this
  1432 label *label410
  1433 ulocate building core false @copper *tmp489 *tmp490 *tmp491 .CORE
  1434 jump *label409 always
  1435 label *label408
  1436 label *label409
  1437 set :locateCore*retval .CORE
  1438 label *label407
  1439 return :locateCore*retaddr
  1440 end

Modifications by #14: Iterated phase, Single Step Elimination, pass 1, iteration 1 (-91 instructions):
 
    22 jump *label9 always
    23 multilabel *label13 (m:marker0)
    24 set :locateDomeAndCore:type @mega
    25 setaddr *tmp1 *label14
    26 jump *label9 always
    27 multilabel *label14 (m:marker0)
    28 set :locateDomeAndCore:type @mono
    29 setaddr *tmp1 *label15
    30 label *label9
    31 set :locateCore:type :locateDomeAndCore:type
    32 setaddr :locateCore*retaddr *label18 (h:*label18)
    33 call *label0 *invalid :locateCore*retval (m:*label18) (h:*label18)
    34 label *label18
    35 jump *label16 equal :locateCore*retval false
    36 jump *label2 always
-    * jump *label17 always
    37 label *label16
    38 label *label17
    39 label *label10
    40 multijump *tmp1 0 0 (m:marker0)
    41 multilabel *label15 (m:marker0)
    42 label *label11
    43 label *label7
    44 jump *label6 always
    45 label *label8
    46 label *label2
    47 sensor .CORE_X .CORE @x
    48 sensor .CORE_Y .CORE @y
    49 sensor .DOME_X dome1 @x
    50 sensor .DOME_Y dome1 @y
    51 label *label19
 
    86 label *label31
    87 set *tmp21 2
    88 label *label32
    89 set :areUnitsAvailable:needed *tmp21
    90 label *label34
    91 sensor *tmp22 @unit @controlled
    92 jump *label39 equal *tmp22 0
    93 label *label40
    94 sensor *tmp24 @unit @controller
    95 jump *label37 notEqual *tmp24 @this
    96 label *label39
    97 op add :areUnitsAvailable:free :areUnitsAvailable:free 1
    98 jump *label41 lessThan :areUnitsAvailable:free :areUnitsAvailable:needed
    99 set *tmp10 true
   100 jump *label28 always
-    * jump *label42 always
   101 label *label41
   102 label *label42
   103 jump *label38 always
   104 label *label37
   105 op add :areUnitsAvailable:occupied :areUnitsAvailable:occupied 1
   106 label *label38
   107 ubind :areUnitsAvailable:type
   108 label *label35
   109 jump *label36 equal @unit :areUnitsAvailable:firstUnit
   110 label *label43
   111 sensor *tmp31 :areUnitsAvailable:firstUnit @dead
   112 jump *label34 equal *tmp31 0
   113 label *label36
-    * jump *label30 always
   114 label *label29
   115 label *label30
   116 jump *label44 equal :areUnitsAvailable:output false
   117 print :areUnitsAvailable:type
   118 print ":"
   119 print " occupied: "
   120 print :areUnitsAvailable:occupied
   121 print ","
   122 print " free: "
   123 print :areUnitsAvailable:free
   124 jump *label46 lessThanEq :areUnitsAvailable:needed 0
   125 print ", needed: "
   126 print :areUnitsAvailable:needed
-    * jump *label47 always
   127 label *label46
   128 label *label47
   129 print "\n"
-    * jump *label45 always
   130 label *label44
   131 label *label45
   132 set *tmp10 false
   133 jump *label28 always
   134 set *tmp10 null
   135 label *label28
   136 jump *label26 equal *tmp10 false
   137 set *tmp9 UNIT_TYPE
   138 jump *label22 always
-    * jump *label27 always
   139 label *label26
   140 label *label27
   141 set :chooseUnitType:type @flare
   142 setaddr *tmp37 *label51
   143 jump *label48 always
   144 multilabel *label51 (m:marker1)
   145 set :chooseUnitType:type @poly
   146 setaddr *tmp37 *label52
   147 jump *label48 always
   148 multilabel *label52 (m:marker1)
   149 set :chooseUnitType:type @mega
   150 setaddr *tmp37 *label53
   151 jump *label48 always
   152 multilabel *label53 (m:marker1)
   153 set :chooseUnitType:type @mono
 
   179 label *label62
   180 set *tmp51 2
   181 label *label63
   182 set :areUnitsAvailable.1:needed *tmp51
   183 label *label65
   184 sensor *tmp52 @unit @controlled
   185 jump *label70 equal *tmp52 0
   186 label *label71
   187 sensor *tmp54 @unit @controller
   188 jump *label68 notEqual *tmp54 @this
   189 label *label70
   190 op add :areUnitsAvailable.1:free :areUnitsAvailable.1:free 1
   191 jump *label72 lessThan :areUnitsAvailable.1:free :areUnitsAvailable.1:needed
   192 set *tmp40 true
   193 jump *label59 always
-    * jump *label73 always
   194 label *label72
   195 label *label73
   196 jump *label69 always
   197 label *label68
   198 op add :areUnitsAvailable.1:occupied :areUnitsAvailable.1:occupied 1
   199 label *label69
   200 ubind :areUnitsAvailable.1:type
   201 label *label66
   202 jump *label67 equal @unit :areUnitsAvailable.1:firstUnit
   203 label *label74
   204 sensor *tmp61 :areUnitsAvailable.1:firstUnit @dead
   205 jump *label65 equal *tmp61 0
   206 label *label67
-    * jump *label61 always
   207 label *label60
   208 label *label61
   209 jump *label75 equal :areUnitsAvailable.1:output false
   210 print :areUnitsAvailable.1:type
   211 print ":"
   212 print " occupied: "
   213 print :areUnitsAvailable.1:occupied
   214 print ","
   215 print " free: "
   216 print :areUnitsAvailable.1:free
   217 jump *label77 lessThanEq :areUnitsAvailable.1:needed 0
   218 print ", needed: "
   219 print :areUnitsAvailable.1:needed
-    * jump *label78 always
   220 label *label77
   221 label *label78
   222 print "\n"
-    * jump *label76 always
   223 label *label75
   224 label *label76
   225 set *tmp40 false
   226 jump *label59 always
   227 set *tmp40 null
   228 label *label59
   229 jump *label57 equal *tmp40 false
   230 printflush null
   231 set *tmp9 :chooseUnitType:type
   232 jump *label22 always
-    * jump *label58 always
   233 label *label57
   234 label *label58
-    * jump *label56 always
   235 label *label55
   236 label *label56
   237 label *label49
   238 multijump *tmp37 0 0 (m:marker1)
   239 multilabel *label54 (m:marker1)
   240 label *label50
   241 printflush message1
   242 label *label24
   243 jump *label23 always
   244 label *label25
   245 set *tmp9 null
   246 label *label22
   247 set .TYPE *tmp9
   248 print "[gold]Binding units..."
   249 printflush message1
   250 set .UNIT_P2 null
   251 set .UNIT_S2 .UNIT_P2
   252 set .UNIT_P1 .UNIT_S2
   253 set .UNIT_S1 .UNIT_P1
   254 set :rebindUnits:count 0
   255 ubind .TYPE
   256 set :rebindUnits:firstUnit @unit
   257 jump *label80 notEqual :rebindUnits:firstUnit null
   258 end
-    * jump *label81 always
   259 label *label80
   260 label *label81
   261 label *label82
   262 sensor *tmp70 @unit @controller
   263 jump *label85 notEqual *tmp70 @this
   264 op add :rebindUnits:count :rebindUnits:count 1
   265 ucontrol flag 1
   266 set .UNIT_S2 .UNIT_P2
   267 set .UNIT_P2 .UNIT_S1
   268 set .UNIT_S1 .UNIT_P1
   269 set .UNIT_P1 @unit
   270 jump *label87 equal .UNIT_S2 null
   271 jump *label84 always
-    * jump *label88 always
   272 label *label87
   273 label *label88
-    * jump *label86 always
   274 label *label85
   275 label *label86
   276 ubind .TYPE
   277 label *label83
   278 jump *label84 equal @unit :rebindUnits:firstUnit
   279 label *label89
   280 sensor *tmp77 :rebindUnits:firstUnit @dead
   281 jump *label82 equal *tmp77 0
   282 label *label84
-    * jump *label79 always
   283 label *label79
   284 set :acquireUnit:currentUnit .UNIT_S1
   285 set :rebindUnit:currentUnit :acquireUnit:currentUnit
   286 jump *label92 equal :rebindUnit:currentUnit null
   287 ubind :rebindUnit:currentUnit
   288 sensor *tmp83 @unit @dead
   289 jump *label94 notEqual *tmp83 0
   290 label *label97
   291 sensor *tmp85 @unit @controller
   292 jump *label94 notEqual *tmp85 @this
-    * jump *label96 always
   293 label *label96
   294 jump *label91 always
-    * jump *label95 always
   295 label *label94
   296 label *label95
-    * jump *label93 always
   297 label *label92
   298 label *label93
   299 ubind .TYPE
   300 set :rebindUnit:firstUnit @unit
   301 jump *label98 equal :rebindUnit:firstUnit null
   302 label *label100
   303 sensor *tmp90 @unit @controlled
   304 jump *label103 notEqual *tmp90 0
   305 jump *label91 always
-    * jump *label104 always
   306 label *label103
   307 label *label104
   308 ubind .TYPE
   309 label *label101
   310 jump *label102 equal @unit :rebindUnit:firstUnit
   311 label *label105
   312 sensor *tmp94 :rebindUnit:firstUnit @dead
   313 jump *label100 equal *tmp94 0
   314 label *label102
-    * jump *label99 always
   315 label *label98
   316 label *label99
   317 end
   318 label *label91
   319 ucontrol flag 1
   320 set *tmp79 @unit
   321 jump *label90 always
   322 set *tmp79 null
   323 label *label90
   324 set .UNIT_S1 *tmp79
   325 set :acquireUnit.1:currentUnit .UNIT_P1
   326 set :rebindUnit.1:currentUnit :acquireUnit.1:currentUnit
   327 jump *label108 equal :rebindUnit.1:currentUnit null
   328 ubind :rebindUnit.1:currentUnit
   329 sensor *tmp100 @unit @dead
   330 jump *label110 notEqual *tmp100 0
   331 label *label113
   332 sensor *tmp102 @unit @controller
   333 jump *label110 notEqual *tmp102 @this
-    * jump *label112 always
   334 label *label112
   335 jump *label107 always
-    * jump *label111 always
   336 label *label110
   337 label *label111
-    * jump *label109 always
   338 label *label108
   339 label *label109
   340 ubind .TYPE
   341 set :rebindUnit.1:firstUnit @unit
   342 jump *label114 equal :rebindUnit.1:firstUnit null
   343 label *label116
   344 sensor *tmp107 @unit @controlled
   345 jump *label119 notEqual *tmp107 0
   346 jump *label107 always
-    * jump *label120 always
   347 label *label119
   348 label *label120
   349 ubind .TYPE
   350 label *label117
   351 jump *label118 equal @unit :rebindUnit.1:firstUnit
   352 label *label121
   353 sensor *tmp111 :rebindUnit.1:firstUnit @dead
   354 jump *label116 equal *tmp111 0
   355 label *label118
-    * jump *label115 always
   356 label *label114
   357 label *label115
   358 end
   359 label *label107
   360 ucontrol flag 1
   361 set *tmp96 @unit
   362 jump *label106 always
   363 set *tmp96 null
   364 label *label106
   365 set .UNIT_P1 *tmp96
   366 sensor *tmp113 .UNIT_S1 @firstItem
   367 jump *label124 equal *tmp113 @phase-fabric
   368 label *label125
   369 sensor *tmp115 .UNIT_P1 @firstItem
   370 jump *label122 notEqual *tmp115 @silicon
   371 label *label124
   372 set :swap:t .UNIT_S1
   373 set .UNIT_S1 .UNIT_P1
   374 set .UNIT_P1 :swap:t
   375 label *label126
-    * jump *label123 always
   376 label *label122
   377 label *label123
   378 sensor .UNIT_CAPACITY .UNIT_S1 @itemCapacity
   379 sensor .SPEED .UNIT_S1 @speed
   380 op div .SPEED_TENTHS .SPEED 10
   381 jump *label127 strictNotEqual .SPEED null
   382 stop
-    * jump *label128 always
   383 label *label127
   384 label *label128
   385 set :needsFourUnits.2:unit .UNIT_S1
   386 op sub *tmp124 .DOME_X .CORE_X
   387 op sub *tmp125 .DOME_Y .CORE_Y
   388 op len *tmp126 *tmp124 *tmp125
   389 op mul *tmp127 2 *tmp126
   390 sensor *tmp128 :needsFourUnits.2:unit @speed
   391 op div :needsFourUnits.2:travel_time *tmp127 *tmp128
   392 op greaterThanEq *tmp123 :needsFourUnits.2:travel_time 47
   393 jump *label129 always
   394 set *tmp123 null
   395 label *label129
   396 set .FOUR_UNITS *tmp123
   397 jump *label130 equal .FOUR_UNITS false
   398 set :acquireUnit.2:currentUnit .UNIT_S2
   399 set :rebindUnit.2:currentUnit :acquireUnit.2:currentUnit
   400 jump *label134 equal :rebindUnit.2:currentUnit null
   401 ubind :rebindUnit.2:currentUnit
   402 sensor *tmp136 @unit @dead
   403 jump *label136 notEqual *tmp136 0
   404 label *label139
   405 sensor *tmp138 @unit @controller
   406 jump *label136 notEqual *tmp138 @this
-    * jump *label138 always
   407 label *label138
   408 jump *label133 always
-    * jump *label137 always
   409 label *label136
   410 label *label137
-    * jump *label135 always
   411 label *label134
   412 label *label135
   413 ubind .TYPE
   414 set :rebindUnit.2:firstUnit @unit
   415 jump *label140 equal :rebindUnit.2:firstUnit null
   416 label *label142
   417 sensor *tmp143 @unit @controlled
   418 jump *label145 notEqual *tmp143 0
   419 jump *label133 always
-    * jump *label146 always
   420 label *label145
   421 label *label146
   422 ubind .TYPE
   423 label *label143
   424 jump *label144 equal @unit :rebindUnit.2:firstUnit
   425 label *label147
   426 sensor *tmp147 :rebindUnit.2:firstUnit @dead
   427 jump *label142 equal *tmp147 0
   428 label *label144
-    * jump *label141 always
   429 label *label140
   430 label *label141
   431 end
   432 label *label133
   433 ucontrol flag 1
   434 set *tmp132 @unit
   435 jump *label132 always
   436 set *tmp132 null
   437 label *label132
   438 set .UNIT_S2 *tmp132
   439 set :acquireUnit.3:currentUnit .UNIT_P2
   440 set :rebindUnit.3:currentUnit :acquireUnit.3:currentUnit
   441 jump *label150 equal :rebindUnit.3:currentUnit null
   442 ubind :rebindUnit.3:currentUnit
   443 sensor *tmp153 @unit @dead
   444 jump *label152 notEqual *tmp153 0
   445 label *label155
   446 sensor *tmp155 @unit @controller
   447 jump *label152 notEqual *tmp155 @this
-    * jump *label154 always
   448 label *label154
   449 jump *label149 always
-    * jump *label153 always
   450 label *label152
   451 label *label153
-    * jump *label151 always
   452 label *label150
   453 label *label151
   454 ubind .TYPE
   455 set :rebindUnit.3:firstUnit @unit
   456 jump *label156 equal :rebindUnit.3:firstUnit null
   457 label *label158
   458 sensor *tmp160 @unit @controlled
   459 jump *label161 notEqual *tmp160 0
   460 jump *label149 always
-    * jump *label162 always
   461 label *label161
   462 label *label162
   463 ubind .TYPE
   464 label *label159
   465 jump *label160 equal @unit :rebindUnit.3:firstUnit
   466 label *label163
   467 sensor *tmp164 :rebindUnit.3:firstUnit @dead
   468 jump *label158 equal *tmp164 0
   469 label *label160
-    * jump *label157 always
   470 label *label156
   471 label *label157
   472 end
   473 label *label149
   474 ucontrol flag 1
   475 set *tmp149 @unit
   476 jump *label148 always
   477 set *tmp149 null
   478 label *label148
   479 set .UNIT_P2 *tmp149
   480 sensor *tmp166 .UNIT_S1 @firstItem
   481 jump *label164 notEqual *tmp166 @phase-fabric
   482 label *label167
   483 sensor *tmp168 .UNIT_P2 @firstItem
   484 jump *label164 equal *tmp168 @phase-fabric
-    * jump *label166 always
   485 label *label166
   486 set :swap.1:t .UNIT_S1
   487 set .UNIT_S1 .UNIT_P2
   488 set .UNIT_P2 :swap.1:t
   489 label *label168
-    * jump *label165 always
   490 label *label164
   491 label *label165
   492 sensor *tmp171 .UNIT_S2 @firstItem
   493 jump *label171 equal *tmp171 @phase-fabric
   494 label *label172
   495 sensor *tmp173 .UNIT_P2 @firstItem
   496 jump *label169 notEqual *tmp173 @silicon
   497 label *label171
   498 set :swap.2:t .UNIT_S2
   499 set .UNIT_S2 .UNIT_P2
   500 set .UNIT_P2 :swap.2:t
   501 label *label173
-    * jump *label170 always
   502 label *label169
   503 label *label170
   504 set .GROUP1 "unit  1"
   505 set .GROUP2 "unit 2"
   506 jump *label131 always
   507 label *label130
   508 set :free:unit .UNIT_S2
   509 setaddr *tmp176 *label178
   510 jump *label175 always
   511 multilabel *label178 (m:marker2)
   512 set :free:unit .UNIT_P2
   513 setaddr *tmp176 *label179
   514 label *label175
   515 ubind :free:unit
   516 ucontrol flag 0
 
   580 print "\n"
   581 label *label193
   582 label *label191
   583 set :processUnit:unit .UNIT_S1
   584 set :processUnit:item @silicon
   585 set :processUnit:group .GROUP1
   586 set :processUnit:supply .SUPPLY_S_FIRST
   587 set :rebindUnit.4:currentUnit :processUnit:unit
   588 jump *label196 equal :rebindUnit.4:currentUnit null
   589 ubind :rebindUnit.4:currentUnit
   590 sensor *tmp195 @unit @dead
   591 jump *label198 notEqual *tmp195 0
   592 label *label201
   593 sensor *tmp197 @unit @controller
   594 jump *label198 notEqual *tmp197 @this
-    * jump *label200 always
   595 label *label200
   596 jump *label195 always
-    * jump *label199 always
   597 label *label198
   598 label *label199
-    * jump *label197 always
   599 label *label196
   600 label *label197
   601 ubind .TYPE
   602 set :rebindUnit.4:firstUnit @unit
   603 jump *label202 equal :rebindUnit.4:firstUnit null
   604 label *label204
   605 sensor *tmp202 @unit @controlled
   606 jump *label207 notEqual *tmp202 0
   607 jump *label195 always
-    * jump *label208 always
   608 label *label207
   609 label *label208
   610 ubind .TYPE
   611 label *label205
   612 jump *label206 equal @unit :rebindUnit.4:firstUnit
   613 label *label209
   614 sensor *tmp206 :rebindUnit.4:firstUnit @dead
   615 jump *label204 equal *tmp206 0
   616 label *label206
-    * jump *label203 always
   617 label *label202
   618 label *label203
   619 end
   620 label *label195
   621 sensor :processUnit:state @unit @flag
   622 set :processUnit:distance -1
   623 set :processUnit:color "gold"
   624 jump *label212 lessThan :processUnit:state 2
   625 label *label213
   626 jump *label210 lessThanEq :processUnit:state 3
   627 label *label212
   628 sensor *tmp212 @unit @firstItem
   629 jump *label214 notEqual *tmp212 :processUnit:item
   630 set :processUnit:state 3
   631 jump *label215 always
   632 label *label214
   633 sensor *tmp215 @unit @totalItems
   634 jump *label216 notEqual *tmp215 0
   635 set :processUnit:state 2
   636 jump *label217 always
   637 label *label216
   638 set .MSG ", initializing\n"
   639 ucontrol approach .CORE_X .CORE_Y 6
   640 ucontrol within .CORE_X .CORE_Y 8 *tmp218
   641 jump *label218 equal *tmp218 false
   642 ucontrol itemDrop .CORE .UNIT_CAPACITY
-    * jump *label219 always
   643 label *label218
   644 label *label219
   645 label *label217
   646 label *label215
-    * jump *label211 always
   647 label *label210
   648 label *label211
   649 jump *label220 notEqual :processUnit:state 2
   650 ucontrol within .CORE_X .CORE_Y 8 *tmp222
   651 jump *label222 equal *tmp222 false
   652 ucontrol itemTake .CORE :processUnit:item .UNIT_CAPACITY
   653 sensor *tmp224 @unit @totalItems
   654 jump *label224 lessThan *tmp224 .UNIT_CAPACITY
   655 ucontrol approach .DOME_X .DOME_Y 6
   656 set :processUnit:state 3
   657 jump *label225 always
   658 label *label224
   659 set .MSG ", loading\n"
   660 label *label225
   661 jump *label223 always
   662 label *label222
   663 ucontrol approach .CORE_X .CORE_Y 6
   664 set .MSG ", fetching in [gold]"
   665 sensor *tmp227 @unit @x
   666 op sub *tmp228 .CORE_X *tmp227
   667 sensor *tmp229 @unit @y
   668 op sub *tmp230 .CORE_Y *tmp229
   669 op len *tmp231 *tmp228 *tmp230
   670 op idiv *tmp232 *tmp231 .SPEED_TENTHS
   671 op div :processUnit:distance *tmp232 10
   672 label *label223
-    * jump *label221 always
   673 label *label220
   674 label *label221
   675 jump *label226 notEqual :processUnit:state 3
   676 ucontrol within .DOME_X .DOME_Y 8 *tmp236
   677 jump *label228 equal *tmp236 false
   678 jump *label230 equal :processUnit:supply false
   679 ucontrol itemDrop dome1 .UNIT_CAPACITY
   680 set .MSG ", supplying\n"
   681 jump *label231 always
   682 label *label230
   683 ucontrol approach .DOME_X .DOME_Y 6
   684 set .MSG ", waiting\n"
   685 label *label231
   686 sensor *tmp239 @unit @totalItems
   687 jump *label232 greaterThan *tmp239 0
   688 ucontrol approach .CORE_X .CORE_Y 6
   689 set :processUnit:state 2
-    * jump *label233 always
   690 label *label232
   691 label *label233
   692 jump *label229 always
   693 label *label228
   694 ucontrol approach .DOME_X .DOME_Y 6
   695 set .MSG ", returning in [gold]"
   696 sensor *tmp242 @unit @x
   697 op sub *tmp243 .DOME_X *tmp242
   698 sensor *tmp244 @unit @y
   699 op sub *tmp245 .DOME_Y *tmp244
   700 op len *tmp246 *tmp243 *tmp245
   701 op idiv *tmp247 *tmp246 .SPEED_TENTHS
   702 op div :processUnit:distance *tmp247 10
   703 label *label229
-    * jump *label227 always
   704 label *label226
   705 label *label227
   706 ucontrol flag :processUnit:state
   707 sensor *tmp249 @unit @totalItems
   708 print "  "
   709 print :processUnit:group
   710 print ":"
   711 print " ["
   712 print :processUnit:color
   713 print "]"
   714 print *tmp249
   715 print "["
   716 print "]"
   717 jump *label234 lessThan :processUnit:distance 0
   718 print .MSG
 
   729 set .UNIT_S1 :processUnit:unit
   730 jump *label236 equal .FOUR_UNITS false
   731 op equal *tmp253 .SUPPLY_S_FIRST false
   732 set :processUnit.1:unit .UNIT_S2
   733 set :processUnit.1:item @silicon
   734 set :processUnit.1:group .GROUP2
   735 set :processUnit.1:supply *tmp253
   736 set :rebindUnit.5:currentUnit :processUnit.1:unit
   737 jump *label240 equal :rebindUnit.5:currentUnit null
   738 ubind :rebindUnit.5:currentUnit
   739 sensor *tmp257 @unit @dead
   740 jump *label242 notEqual *tmp257 0
   741 label *label245
   742 sensor *tmp259 @unit @controller
   743 jump *label242 notEqual *tmp259 @this
-    * jump *label244 always
   744 label *label244
   745 jump *label239 always
-    * jump *label243 always
   746 label *label242
   747 label *label243
-    * jump *label241 always
   748 label *label240
   749 label *label241
   750 ubind .TYPE
   751 set :rebindUnit.5:firstUnit @unit
   752 jump *label246 equal :rebindUnit.5:firstUnit null
   753 label *label248
   754 sensor *tmp264 @unit @controlled
   755 jump *label251 notEqual *tmp264 0
   756 jump *label239 always
-    * jump *label252 always
   757 label *label251
   758 label *label252
   759 ubind .TYPE
   760 label *label249
   761 jump *label250 equal @unit :rebindUnit.5:firstUnit
   762 label *label253
   763 sensor *tmp268 :rebindUnit.5:firstUnit @dead
   764 jump *label248 equal *tmp268 0
   765 label *label250
-    * jump *label247 always
   766 label *label246
   767 label *label247
   768 end
   769 label *label239
   770 sensor :processUnit.1:state @unit @flag
   771 set :processUnit.1:distance -1
   772 set :processUnit.1:color "gold"
   773 jump *label256 lessThan :processUnit.1:state 2
   774 label *label257
   775 jump *label254 lessThanEq :processUnit.1:state 3
   776 label *label256
   777 sensor *tmp274 @unit @firstItem
   778 jump *label258 notEqual *tmp274 :processUnit.1:item
   779 set :processUnit.1:state 3
   780 jump *label259 always
   781 label *label258
   782 sensor *tmp277 @unit @totalItems
   783 jump *label260 notEqual *tmp277 0
   784 set :processUnit.1:state 2
   785 jump *label261 always
   786 label *label260
   787 set .MSG ", initializing\n"
   788 ucontrol approach .CORE_X .CORE_Y 6
   789 ucontrol within .CORE_X .CORE_Y 8 *tmp280
   790 jump *label262 equal *tmp280 false
   791 ucontrol itemDrop .CORE .UNIT_CAPACITY
-    * jump *label263 always
   792 label *label262
   793 label *label263
   794 label *label261
   795 label *label259
-    * jump *label255 always
   796 label *label254
   797 label *label255
   798 jump *label264 notEqual :processUnit.1:state 2
   799 ucontrol within .CORE_X .CORE_Y 8 *tmp284
   800 jump *label266 equal *tmp284 false
   801 ucontrol itemTake .CORE :processUnit.1:item .UNIT_CAPACITY
   802 sensor *tmp286 @unit @totalItems
   803 jump *label268 lessThan *tmp286 .UNIT_CAPACITY
   804 ucontrol approach .DOME_X .DOME_Y 6
   805 set :processUnit.1:state 3
   806 jump *label269 always
   807 label *label268
   808 set .MSG ", loading\n"
   809 label *label269
   810 jump *label267 always
   811 label *label266
   812 ucontrol approach .CORE_X .CORE_Y 6
   813 set .MSG ", fetching in [gold]"
   814 sensor *tmp289 @unit @x
   815 op sub *tmp290 .CORE_X *tmp289
   816 sensor *tmp291 @unit @y
   817 op sub *tmp292 .CORE_Y *tmp291
   818 op len *tmp293 *tmp290 *tmp292
   819 op idiv *tmp294 *tmp293 .SPEED_TENTHS
   820 op div :processUnit.1:distance *tmp294 10
   821 label *label267
-    * jump *label265 always
   822 label *label264
   823 label *label265
   824 jump *label270 notEqual :processUnit.1:state 3
   825 ucontrol within .DOME_X .DOME_Y 8 *tmp298
   826 jump *label272 equal *tmp298 false
   827 jump *label274 equal :processUnit.1:supply false
   828 ucontrol itemDrop dome1 .UNIT_CAPACITY
   829 set .MSG ", supplying\n"
   830 jump *label275 always
   831 label *label274
   832 ucontrol approach .DOME_X .DOME_Y 6
   833 set .MSG ", waiting\n"
   834 label *label275
   835 sensor *tmp301 @unit @totalItems
   836 jump *label276 greaterThan *tmp301 0
   837 ucontrol approach .CORE_X .CORE_Y 6
   838 set :processUnit.1:state 2
-    * jump *label277 always
   839 label *label276
   840 label *label277
   841 jump *label273 always
   842 label *label272
   843 ucontrol approach .DOME_X .DOME_Y 6
   844 set .MSG ", returning in [gold]"
   845 sensor *tmp304 @unit @x
   846 op sub *tmp305 .DOME_X *tmp304
   847 sensor *tmp306 @unit @y
   848 op sub *tmp307 .DOME_Y *tmp306
   849 op len *tmp308 *tmp305 *tmp307
   850 op idiv *tmp309 *tmp308 .SPEED_TENTHS
   851 op div :processUnit.1:distance *tmp309 10
   852 label *label273
-    * jump *label271 always
   853 label *label270
   854 label *label271
   855 ucontrol flag :processUnit.1:state
   856 sensor *tmp311 @unit @totalItems
   857 print "  "
   858 print :processUnit.1:group
   859 print ":"
   860 print " ["
   861 print :processUnit.1:color
   862 print "]"
   863 print *tmp311
   864 print "["
   865 print "]"
   866 jump *label278 lessThan :processUnit.1:distance 0
   867 print .MSG
 
   873 label *label278
   874 print .MSG
   875 label *label279
   876 set :processUnit.1:unit @unit
   877 label *label238
   878 set .UNIT_S2 :processUnit.1:unit
   879 jump *label280 equal .SUPPLY_S_FIRST false
   880 sensor *tmp315 .UNIT_S1 @totalItems
   881 op greaterThan *tmp314 *tmp315 0
   882 jump *label281 always
   883 label *label280
   884 sensor *tmp317 .UNIT_S2 @totalItems
   885 op equal *tmp314 *tmp317 0
   886 label *label281
   887 set .SUPPLY_S_FIRST *tmp314
-    * jump *label237 always
   888 label *label236
   889 label *label237
   890 set :printDomeStatus.1:item @phase-fabric
   891 set :printDomeStatus.1:text "\n[green]Phase fabric[] status:\n"
   892 print :printDomeStatus.1:text
   893 sensor :printDomeStatus.1:level dome1 :printDomeStatus.1:item
   894 jump *label283 lessThanEq :printDomeStatus.1:level 3
   895 print "  dome:  [green]"
   896 print :printDomeStatus.1:level
   897 print "["
   898 print "]"
   899 print "\n"
   900 jump *label284 always
   901 label *label283
   902 print "  dome:  [coral]"
 
   906 print "\n"
   907 label *label284
   908 label *label282
   909 set :processUnit.2:unit .UNIT_P1
   910 set :processUnit.2:item @phase-fabric
   911 set :processUnit.2:group .GROUP1
   912 set :processUnit.2:supply .SUPPLY_P_FIRST
   913 set :rebindUnit.6:currentUnit :processUnit.2:unit
   914 jump *label287 equal :rebindUnit.6:currentUnit null
   915 ubind :rebindUnit.6:currentUnit
   916 sensor *tmp325 @unit @dead
   917 jump *label289 notEqual *tmp325 0
   918 label *label292
   919 sensor *tmp327 @unit @controller
   920 jump *label289 notEqual *tmp327 @this
-    * jump *label291 always
   921 label *label291
   922 jump *label286 always
-    * jump *label290 always
   923 label *label289
   924 label *label290
-    * jump *label288 always
   925 label *label287
   926 label *label288
   927 ubind .TYPE
   928 set :rebindUnit.6:firstUnit @unit
   929 jump *label293 equal :rebindUnit.6:firstUnit null
   930 label *label295
   931 sensor *tmp332 @unit @controlled
   932 jump *label298 notEqual *tmp332 0
   933 jump *label286 always
-    * jump *label299 always
   934 label *label298
   935 label *label299
   936 ubind .TYPE
   937 label *label296
   938 jump *label297 equal @unit :rebindUnit.6:firstUnit
   939 label *label300
   940 sensor *tmp336 :rebindUnit.6:firstUnit @dead
   941 jump *label295 equal *tmp336 0
   942 label *label297
-    * jump *label294 always
   943 label *label293
   944 label *label294
   945 end
   946 label *label286
   947 sensor :processUnit.2:state @unit @flag
   948 set :processUnit.2:distance -1
   949 set :processUnit.2:color "gold"
   950 jump *label303 lessThan :processUnit.2:state 2
   951 label *label304
   952 jump *label301 lessThanEq :processUnit.2:state 3
   953 label *label303
   954 sensor *tmp342 @unit @firstItem
   955 jump *label305 notEqual *tmp342 :processUnit.2:item
   956 set :processUnit.2:state 3
   957 jump *label306 always
   958 label *label305
   959 sensor *tmp345 @unit @totalItems
   960 jump *label307 notEqual *tmp345 0
   961 set :processUnit.2:state 2
   962 jump *label308 always
   963 label *label307
   964 set .MSG ", initializing\n"
   965 ucontrol approach .CORE_X .CORE_Y 6
   966 ucontrol within .CORE_X .CORE_Y 8 *tmp348
   967 jump *label309 equal *tmp348 false
   968 ucontrol itemDrop .CORE .UNIT_CAPACITY
-    * jump *label310 always
   969 label *label309
   970 label *label310
   971 label *label308
   972 label *label306
-    * jump *label302 always
   973 label *label301
   974 label *label302
   975 jump *label311 notEqual :processUnit.2:state 2
   976 ucontrol within .CORE_X .CORE_Y 8 *tmp352
   977 jump *label313 equal *tmp352 false
   978 ucontrol itemTake .CORE :processUnit.2:item .UNIT_CAPACITY
   979 sensor *tmp354 @unit @totalItems
   980 jump *label315 lessThan *tmp354 .UNIT_CAPACITY
   981 ucontrol approach .DOME_X .DOME_Y 6
   982 set :processUnit.2:state 3
   983 jump *label316 always
   984 label *label315
   985 set .MSG ", loading\n"
   986 label *label316
   987 jump *label314 always
   988 label *label313
   989 ucontrol approach .CORE_X .CORE_Y 6
   990 set .MSG ", fetching in [gold]"
   991 sensor *tmp357 @unit @x
   992 op sub *tmp358 .CORE_X *tmp357
   993 sensor *tmp359 @unit @y
   994 op sub *tmp360 .CORE_Y *tmp359
   995 op len *tmp361 *tmp358 *tmp360
   996 op idiv *tmp362 *tmp361 .SPEED_TENTHS
   997 op div :processUnit.2:distance *tmp362 10
   998 label *label314
-    * jump *label312 always
   999 label *label311
  1000 label *label312
  1001 jump *label317 notEqual :processUnit.2:state 3
  1002 ucontrol within .DOME_X .DOME_Y 8 *tmp366
  1003 jump *label319 equal *tmp366 false
  1004 jump *label321 equal :processUnit.2:supply false
  1005 ucontrol itemDrop dome1 .UNIT_CAPACITY
  1006 set .MSG ", supplying\n"
  1007 jump *label322 always
  1008 label *label321
  1009 ucontrol approach .DOME_X .DOME_Y 6
  1010 set .MSG ", waiting\n"
  1011 label *label322
  1012 sensor *tmp369 @unit @totalItems
  1013 jump *label323 greaterThan *tmp369 0
  1014 ucontrol approach .CORE_X .CORE_Y 6
  1015 set :processUnit.2:state 2
-    * jump *label324 always
  1016 label *label323
  1017 label *label324
  1018 jump *label320 always
  1019 label *label319
  1020 ucontrol approach .DOME_X .DOME_Y 6
  1021 set .MSG ", returning in [gold]"
  1022 sensor *tmp372 @unit @x
  1023 op sub *tmp373 .DOME_X *tmp372
  1024 sensor *tmp374 @unit @y
  1025 op sub *tmp375 .DOME_Y *tmp374
  1026 op len *tmp376 *tmp373 *tmp375
  1027 op idiv *tmp377 *tmp376 .SPEED_TENTHS
  1028 op div :processUnit.2:distance *tmp377 10
  1029 label *label320
-    * jump *label318 always
  1030 label *label317
  1031 label *label318
  1032 ucontrol flag :processUnit.2:state
  1033 sensor *tmp379 @unit @totalItems
  1034 print "  "
  1035 print :processUnit.2:group
  1036 print ":"
  1037 print " ["
  1038 print :processUnit.2:color
  1039 print "]"
  1040 print *tmp379
  1041 print "["
  1042 print "]"
  1043 jump *label325 lessThan :processUnit.2:distance 0
  1044 print .MSG
 
  1055 set .UNIT_P1 :processUnit.2:unit
  1056 jump *label327 equal .FOUR_UNITS false
  1057 op equal *tmp383 .SUPPLY_P_FIRST false
  1058 set :processUnit.3:unit .UNIT_P2
  1059 set :processUnit.3:item @phase-fabric
  1060 set :processUnit.3:group .GROUP2
  1061 set :processUnit.3:supply *tmp383
  1062 set :rebindUnit.7:currentUnit :processUnit.3:unit
  1063 jump *label331 equal :rebindUnit.7:currentUnit null
  1064 ubind :rebindUnit.7:currentUnit
  1065 sensor *tmp387 @unit @dead
  1066 jump *label333 notEqual *tmp387 0
  1067 label *label336
  1068 sensor *tmp389 @unit @controller
  1069 jump *label333 notEqual *tmp389 @this
-    * jump *label335 always
  1070 label *label335
  1071 jump *label330 always
-    * jump *label334 always
  1072 label *label333
  1073 label *label334
-    * jump *label332 always
  1074 label *label331
  1075 label *label332
  1076 ubind .TYPE
  1077 set :rebindUnit.7:firstUnit @unit
  1078 jump *label337 equal :rebindUnit.7:firstUnit null
  1079 label *label339
  1080 sensor *tmp394 @unit @controlled
  1081 jump *label342 notEqual *tmp394 0
  1082 jump *label330 always
-    * jump *label343 always
  1083 label *label342
  1084 label *label343
  1085 ubind .TYPE
  1086 label *label340
  1087 jump *label341 equal @unit :rebindUnit.7:firstUnit
  1088 label *label344
  1089 sensor *tmp398 :rebindUnit.7:firstUnit @dead
  1090 jump *label339 equal *tmp398 0
  1091 label *label341
-    * jump *label338 always
  1092 label *label337
  1093 label *label338
  1094 end
  1095 label *label330
  1096 sensor :processUnit.3:state @unit @flag
  1097 set :processUnit.3:distance -1
  1098 set :processUnit.3:color "gold"
  1099 jump *label347 lessThan :processUnit.3:state 2
  1100 label *label348
  1101 jump *label345 lessThanEq :processUnit.3:state 3
  1102 label *label347
  1103 sensor *tmp404 @unit @firstItem
  1104 jump *label349 notEqual *tmp404 :processUnit.3:item
  1105 set :processUnit.3:state 3
  1106 jump *label350 always
  1107 label *label349
  1108 sensor *tmp407 @unit @totalItems
  1109 jump *label351 notEqual *tmp407 0
  1110 set :processUnit.3:state 2
  1111 jump *label352 always
  1112 label *label351
  1113 set .MSG ", initializing\n"
  1114 ucontrol approach .CORE_X .CORE_Y 6
  1115 ucontrol within .CORE_X .CORE_Y 8 *tmp410
  1116 jump *label353 equal *tmp410 false
  1117 ucontrol itemDrop .CORE .UNIT_CAPACITY
-    * jump *label354 always
  1118 label *label353
  1119 label *label354
  1120 label *label352
  1121 label *label350
-    * jump *label346 always
  1122 label *label345
  1123 label *label346
  1124 jump *label355 notEqual :processUnit.3:state 2
  1125 ucontrol within .CORE_X .CORE_Y 8 *tmp414
  1126 jump *label357 equal *tmp414 false
  1127 ucontrol itemTake .CORE :processUnit.3:item .UNIT_CAPACITY
  1128 sensor *tmp416 @unit @totalItems
  1129 jump *label359 lessThan *tmp416 .UNIT_CAPACITY
  1130 ucontrol approach .DOME_X .DOME_Y 6
  1131 set :processUnit.3:state 3
  1132 jump *label360 always
  1133 label *label359
  1134 set .MSG ", loading\n"
  1135 label *label360
  1136 jump *label358 always
  1137 label *label357
  1138 ucontrol approach .CORE_X .CORE_Y 6
  1139 set .MSG ", fetching in [gold]"
  1140 sensor *tmp419 @unit @x
  1141 op sub *tmp420 .CORE_X *tmp419
  1142 sensor *tmp421 @unit @y
  1143 op sub *tmp422 .CORE_Y *tmp421
  1144 op len *tmp423 *tmp420 *tmp422
  1145 op idiv *tmp424 *tmp423 .SPEED_TENTHS
  1146 op div :processUnit.3:distance *tmp424 10
  1147 label *label358
-    * jump *label356 always
  1148 label *label355
  1149 label *label356
  1150 jump *label361 notEqual :processUnit.3:state 3
  1151 ucontrol within .DOME_X .DOME_Y 8 *tmp428
  1152 jump *label363 equal *tmp428 false
  1153 jump *label365 equal :processUnit.3:supply false
  1154 ucontrol itemDrop dome1 .UNIT_CAPACITY
  1155 set .MSG ", supplying\n"
  1156 jump *label366 always
  1157 label *label365
  1158 ucontrol approach .DOME_X .DOME_Y 6
  1159 set .MSG ", waiting\n"
  1160 label *label366
  1161 sensor *tmp431 @unit @totalItems
  1162 jump *label367 greaterThan *tmp431 0
  1163 ucontrol approach .CORE_X .CORE_Y 6
  1164 set :processUnit.3:state 2
-    * jump *label368 always
  1165 label *label367
  1166 label *label368
  1167 jump *label364 always
  1168 label *label363
  1169 ucontrol approach .DOME_X .DOME_Y 6
  1170 set .MSG ", returning in [gold]"
  1171 sensor *tmp434 @unit @x
  1172 op sub *tmp435 .DOME_X *tmp434
  1173 sensor *tmp436 @unit @y
  1174 op sub *tmp437 .DOME_Y *tmp436
  1175 op len *tmp438 *tmp435 *tmp437
  1176 op idiv *tmp439 *tmp438 .SPEED_TENTHS
  1177 op div :processUnit.3:distance *tmp439 10
  1178 label *label364
-    * jump *label362 always
  1179 label *label361
  1180 label *label362
  1181 ucontrol flag :processUnit.3:state
  1182 sensor *tmp441 @unit @totalItems
  1183 print "  "
  1184 print :processUnit.3:group
  1185 print ":"
  1186 print " ["
  1187 print :processUnit.3:color
  1188 print "]"
  1189 print *tmp441
  1190 print "["
  1191 print "]"
  1192 jump *label369 lessThan :processUnit.3:distance 0
  1193 print .MSG
 
  1199 label *label369
  1200 print .MSG
  1201 label *label370
  1202 set :processUnit.3:unit @unit
  1203 label *label329
  1204 set .UNIT_P2 :processUnit.3:unit
  1205 jump *label371 equal .SUPPLY_P_FIRST false
  1206 sensor *tmp445 .UNIT_P1 @totalItems
  1207 op greaterThan *tmp444 *tmp445 0
  1208 jump *label372 always
  1209 label *label371
  1210 sensor *tmp447 .UNIT_P2 @totalItems
  1211 op equal *tmp444 *tmp447 0
  1212 label *label372
  1213 set .SUPPLY_P_FIRST *tmp444
-    * jump *label328 always
  1214 label *label327
  1215 label *label328
  1216 op sub *tmp449 @time :start
  1217 op floor *tmp450 *tmp449
  1218 print "\n"
  1219 print "[lightgray]Loop time: "
  1220 print *tmp450
  1221 print " "
  1222 print "ms"
  1223 printflush message1
  1224 jump *label373 equal .TYPE UNIT_TYPE
  1225 label *label376
  1226 jump *label373 lessThanEq :unitCheck @time
-    * jump *label375 always
  1227 label *label375
  1228 set :areUnitsAvailable.2:type UNIT_TYPE
  1229 set :areUnitsAvailable.2:output false
  1230 set :areUnitsAvailable.2:free 0
  1231 set :areUnitsAvailable.2:occupied 0
  1232 set :areUnitsAvailable.2:needed 0
  1233 ubind :areUnitsAvailable.2:type
  1234 set :areUnitsAvailable.2:firstUnit @unit
  1235 jump *label380 equal :areUnitsAvailable.2:firstUnit null
  1236 set :needsFourUnits.3:unit @unit
  1237 op sub *tmp458 .DOME_X .CORE_X
  1238 op sub *tmp459 .DOME_Y .CORE_Y
  1239 op len *tmp460 *tmp458 *tmp459
  1240 op mul *tmp461 2 *tmp460
  1241 sensor *tmp462 :needsFourUnits.3:unit @speed
 
  1250 label *label382
  1251 set *tmp465 2
  1252 label *label383
  1253 set :areUnitsAvailable.2:needed *tmp465
  1254 label *label385
  1255 sensor *tmp466 @unit @controlled
  1256 jump *label390 equal *tmp466 0
  1257 label *label391
  1258 sensor *tmp468 @unit @controller
  1259 jump *label388 notEqual *tmp468 @this
  1260 label *label390
  1261 op add :areUnitsAvailable.2:free :areUnitsAvailable.2:free 1
  1262 jump *label392 lessThan :areUnitsAvailable.2:free :areUnitsAvailable.2:needed
  1263 set *tmp454 true
  1264 jump *label379 always
-    * jump *label393 always
  1265 label *label392
  1266 label *label393
  1267 jump *label389 always
  1268 label *label388
  1269 op add :areUnitsAvailable.2:occupied :areUnitsAvailable.2:occupied 1
  1270 label *label389
  1271 ubind :areUnitsAvailable.2:type
  1272 label *label386
  1273 jump *label387 equal @unit :areUnitsAvailable.2:firstUnit
  1274 label *label394
  1275 sensor *tmp475 :areUnitsAvailable.2:firstUnit @dead
  1276 jump *label385 equal *tmp475 0
  1277 label *label387
-    * jump *label381 always
  1278 label *label380
  1279 label *label381
  1280 jump *label395 equal :areUnitsAvailable.2:output false
  1281 print :areUnitsAvailable.2:type
  1282 print ":"
  1283 print " occupied: "
  1284 print :areUnitsAvailable.2:occupied
  1285 print ","
  1286 print " free: "
  1287 print :areUnitsAvailable.2:free
  1288 jump *label397 lessThanEq :areUnitsAvailable.2:needed 0
  1289 print ", needed: "
  1290 print :areUnitsAvailable.2:needed
-    * jump *label398 always
  1291 label *label397
  1292 label *label398
  1293 print "\n"
-    * jump *label396 always
  1294 label *label395
  1295 label *label396
  1296 set *tmp454 false
  1297 jump *label379 always
  1298 set *tmp454 null
  1299 label *label379
  1300 jump *label377 equal *tmp454 false
  1301 jump *label190 always
-    * jump *label378 always
  1302 label *label377
  1303 label *label378
  1304 op add :unitCheck @time 5000
-    * jump *label374 always
  1305 label *label373
  1306 label *label374
  1307 label *label189
  1308 jump *label188 always
  1309 label *label190
  1310 set :free.1:unit .UNIT_S1
  1311 setaddr *tmp482 *label403
  1312 jump *label400 always
  1313 multilabel *label403 (m:marker3)
  1314 set :free.1:unit .UNIT_P1
  1315 setaddr *tmp482 *label404
  1316 jump *label400 always
  1317 multilabel *label404 (m:marker3)
  1318 set :free.1:unit .UNIT_S2
  1319 setaddr *tmp482 *label405
 
  1329 multijump *tmp482 0 0 (m:marker3)
  1330 multilabel *label406 (m:marker3)
  1331 label *label402
  1332 label *label399
  1333 label *label1
  1334 end
  1335 label *label0
  1336 ubind :locateCore:type
  1337 sensor *tmp483 @unit @controlled
  1338 jump *label410 equal *tmp483 0
  1339 label *label411
  1340 sensor *tmp485 @unit @controller
  1341 jump *label408 notEqual *tmp485 @this
  1342 label *label410
  1343 ulocate building core false @copper *tmp489 *tmp490 *tmp491 .CORE
-    * jump *label409 always
  1344 label *label408
  1345 label *label409
  1346 set :locateCore*retval .CORE
  1347 label *label407
  1348 return :locateCore*retaddr
  1349 end

Modifications by #16: Iterated phase, Data Flow Optimization, pass 1, iteration 1 (-11 instructions):
 
    54 print "[coral]Activate switch to begin supplying overdrive dome..."
    55 print "\n"
    56 printflush message1
    57 label *label20
    58 jump *label19 always
    59 label *label21
    60 label *label23
    61 printflush null
    62 print "[gold]Looking for suitable unit type:[]"
    63 print "\n"
    64 set :areUnitsAvailable:type UNIT_TYPE
    65 set :areUnitsAvailable:output true
    66 set :areUnitsAvailable:free 0
    67 set :areUnitsAvailable:occupied 0
    68 set :areUnitsAvailable:needed 0
-    * ubind :areUnitsAvailable:type
+   69 ubind UNIT_TYPE
    70 set :areUnitsAvailable:firstUnit @unit
    71 jump *label29 equal :areUnitsAvailable:firstUnit null
    72 set :needsFourUnits:unit @unit
    73 op sub *tmp14 .DOME_X .CORE_X
    74 op sub *tmp15 .DOME_Y .CORE_Y
    75 op len *tmp16 *tmp14 *tmp15
    76 op mul *tmp17 2 *tmp16
    77 sensor *tmp18 :needsFourUnits:unit @speed
    78 op div :needsFourUnits:travel_time *tmp17 *tmp18
    79 op greaterThanEq *tmp13 :needsFourUnits:travel_time 47
    80 jump *label33 always
-    * set *tmp13 null
    81 label *label33
    82 jump *label31 equal *tmp13 false
    83 set *tmp21 4
    84 jump *label32 always
    85 label *label31
    86 set *tmp21 2
    87 label *label32
    88 set :areUnitsAvailable:needed *tmp21
    89 label *label34
    90 sensor *tmp22 @unit @controlled
    91 jump *label39 equal *tmp22 0
    92 label *label40
    93 sensor *tmp24 @unit @controller
    94 jump *label37 notEqual *tmp24 @this
    95 label *label39
    96 op add :areUnitsAvailable:free :areUnitsAvailable:free 1
-    * jump *label41 lessThan :areUnitsAvailable:free :areUnitsAvailable:needed
+   97 jump *label41 lessThan :areUnitsAvailable:free *tmp21
    98 set *tmp10 true
    99 jump *label28 always
   100 label *label41
   101 label *label42
   102 jump *label38 always
   103 label *label37
   104 op add :areUnitsAvailable:occupied :areUnitsAvailable:occupied 1
   105 label *label38
-    * ubind :areUnitsAvailable:type
+  106 ubind UNIT_TYPE
   107 label *label35
   108 jump *label36 equal @unit :areUnitsAvailable:firstUnit
   109 label *label43
   110 sensor *tmp31 :areUnitsAvailable:firstUnit @dead
   111 jump *label34 equal *tmp31 0
   112 label *label36
   113 label *label29
   114 label *label30
-    * jump *label44 equal :areUnitsAvailable:output false
-    * print :areUnitsAvailable:type
+  115 jump *label44 equal true false
+  116 print UNIT_TYPE
   117 print ":"
   118 print " occupied: "
   119 print :areUnitsAvailable:occupied
   120 print ","
   121 print " free: "
   122 print :areUnitsAvailable:free
   123 jump *label46 lessThanEq :areUnitsAvailable:needed 0
   124 print ", needed: "
   125 print :areUnitsAvailable:needed
   126 label *label46
   127 label *label47
   128 print "\n"
   129 label *label44
   130 label *label45
   131 set *tmp10 false
   132 jump *label28 always
-    * set *tmp10 null
   133 label *label28
   134 jump *label26 equal *tmp10 false
   135 set *tmp9 UNIT_TYPE
   136 jump *label22 always
   137 label *label26
   138 label *label27
   139 set :chooseUnitType:type @flare
   140 setaddr *tmp37 *label51
   141 jump *label48 always
   142 multilabel *label51 (m:marker1)
   143 set :chooseUnitType:type @poly
   144 setaddr *tmp37 *label52
   145 jump *label48 always
   146 multilabel *label52 (m:marker1)
   147 set :chooseUnitType:type @mega
   148 setaddr *tmp37 *label53
   149 jump *label48 always
   150 multilabel *label53 (m:marker1)
   151 set :chooseUnitType:type @mono
   152 setaddr *tmp37 *label54
   153 label *label48
   154 jump *label55 equal :chooseUnitType:type UNIT_TYPE
   155 set :areUnitsAvailable.1:type :chooseUnitType:type
   156 set :areUnitsAvailable.1:output true
   157 set :areUnitsAvailable.1:free 0
   158 set :areUnitsAvailable.1:occupied 0
   159 set :areUnitsAvailable.1:needed 0
-    * ubind :areUnitsAvailable.1:type
+  160 ubind :chooseUnitType:type
   161 set :areUnitsAvailable.1:firstUnit @unit
   162 jump *label60 equal :areUnitsAvailable.1:firstUnit null
   163 set :needsFourUnits.1:unit @unit
   164 op sub *tmp44 .DOME_X .CORE_X
   165 op sub *tmp45 .DOME_Y .CORE_Y
   166 op len *tmp46 *tmp44 *tmp45
   167 op mul *tmp47 2 *tmp46
   168 sensor *tmp48 :needsFourUnits.1:unit @speed
   169 op div :needsFourUnits.1:travel_time *tmp47 *tmp48
   170 op greaterThanEq *tmp43 :needsFourUnits.1:travel_time 47
   171 jump *label64 always
-    * set *tmp43 null
   172 label *label64
   173 jump *label62 equal *tmp43 false
   174 set *tmp51 4
   175 jump *label63 always
   176 label *label62
   177 set *tmp51 2
   178 label *label63
   179 set :areUnitsAvailable.1:needed *tmp51
   180 label *label65
   181 sensor *tmp52 @unit @controlled
   182 jump *label70 equal *tmp52 0
   183 label *label71
   184 sensor *tmp54 @unit @controller
   185 jump *label68 notEqual *tmp54 @this
   186 label *label70
   187 op add :areUnitsAvailable.1:free :areUnitsAvailable.1:free 1
-    * jump *label72 lessThan :areUnitsAvailable.1:free :areUnitsAvailable.1:needed
+  188 jump *label72 lessThan :areUnitsAvailable.1:free *tmp51
   189 set *tmp40 true
   190 jump *label59 always
   191 label *label72
   192 label *label73
   193 jump *label69 always
   194 label *label68
   195 op add :areUnitsAvailable.1:occupied :areUnitsAvailable.1:occupied 1
   196 label *label69
-    * ubind :areUnitsAvailable.1:type
+  197 ubind :chooseUnitType:type
   198 label *label66
   199 jump *label67 equal @unit :areUnitsAvailable.1:firstUnit
   200 label *label74
   201 sensor *tmp61 :areUnitsAvailable.1:firstUnit @dead
   202 jump *label65 equal *tmp61 0
   203 label *label67
   204 label *label60
   205 label *label61
-    * jump *label75 equal :areUnitsAvailable.1:output false
-    * print :areUnitsAvailable.1:type
+  206 jump *label75 equal true false
+  207 print :chooseUnitType:type
   208 print ":"
   209 print " occupied: "
   210 print :areUnitsAvailable.1:occupied
   211 print ","
   212 print " free: "
   213 print :areUnitsAvailable.1:free
   214 jump *label77 lessThanEq :areUnitsAvailable.1:needed 0
   215 print ", needed: "
   216 print :areUnitsAvailable.1:needed
   217 label *label77
   218 label *label78
   219 print "\n"
   220 label *label75
   221 label *label76
   222 set *tmp40 false
   223 jump *label59 always
-    * set *tmp40 null
   224 label *label59
   225 jump *label57 equal *tmp40 false
   226 printflush null
   227 set *tmp9 :chooseUnitType:type
   228 jump *label22 always
   229 label *label57
   230 label *label58
   231 label *label55
   232 label *label56
   233 label *label49
   234 multijump *tmp37 0 0 (m:marker1)
   235 multilabel *label54 (m:marker1)
   236 label *label50
   237 printflush message1
   238 label *label24
   239 jump *label23 always
   240 label *label25
   241 set *tmp9 null
   242 label *label22
   243 set .TYPE *tmp9
   244 print "[gold]Binding units..."
   245 printflush message1
   246 set .UNIT_P2 null
-    * set .UNIT_S2 .UNIT_P2
-    * set .UNIT_P1 .UNIT_S2
-    * set .UNIT_S1 .UNIT_P1
+  247 set .UNIT_S2 null
+  248 set .UNIT_P1 .UNIT_P2
+  249 set .UNIT_S1 .UNIT_S2
   250 set :rebindUnits:count 0
-    * ubind .TYPE
+  251 ubind *tmp9
   252 set :rebindUnits:firstUnit @unit
   253 jump *label80 notEqual :rebindUnits:firstUnit null
   254 end
   255 label *label80
   256 label *label81
   257 label *label82
   258 sensor *tmp70 @unit @controller
   259 jump *label85 notEqual *tmp70 @this
   260 op add :rebindUnits:count :rebindUnits:count 1
   261 ucontrol flag 1
   262 set .UNIT_S2 .UNIT_P2
   263 set .UNIT_P2 .UNIT_S1
   264 set .UNIT_S1 .UNIT_P1
   265 set .UNIT_P1 @unit
   266 jump *label87 equal .UNIT_S2 null
   267 jump *label84 always
   268 label *label87
   269 label *label88
   270 label *label85
   271 label *label86
-    * ubind .TYPE
+  272 ubind *tmp9
   273 label *label83
   274 jump *label84 equal @unit :rebindUnits:firstUnit
   275 label *label89
   276 sensor *tmp77 :rebindUnits:firstUnit @dead
   277 jump *label82 equal *tmp77 0
   278 label *label84
   279 label *label79
   280 set :acquireUnit:currentUnit .UNIT_S1
-    * set :rebindUnit:currentUnit :acquireUnit:currentUnit
-    * jump *label92 equal :rebindUnit:currentUnit null
-    * ubind :rebindUnit:currentUnit
+  281 set :rebindUnit:currentUnit .UNIT_S1
+  282 jump *label92 equal :acquireUnit:currentUnit null
+  283 ubind :acquireUnit:currentUnit
   284 sensor *tmp83 @unit @dead
   285 jump *label94 notEqual *tmp83 0
   286 label *label97
   287 sensor *tmp85 @unit @controller
   288 jump *label94 notEqual *tmp85 @this
   289 label *label96
   290 jump *label91 always
   291 label *label94
   292 label *label95
   293 label *label92
   294 label *label93
-    * ubind .TYPE
+  295 ubind *tmp9
   296 set :rebindUnit:firstUnit @unit
   297 jump *label98 equal :rebindUnit:firstUnit null
   298 label *label100
   299 sensor *tmp90 @unit @controlled
   300 jump *label103 notEqual *tmp90 0
   301 jump *label91 always
   302 label *label103
   303 label *label104
-    * ubind .TYPE
+  304 ubind *tmp9
   305 label *label101
   306 jump *label102 equal @unit :rebindUnit:firstUnit
   307 label *label105
   308 sensor *tmp94 :rebindUnit:firstUnit @dead
   309 jump *label100 equal *tmp94 0
   310 label *label102
   311 label *label98
   312 label *label99
   313 end
   314 label *label91
   315 ucontrol flag 1
   316 set *tmp79 @unit
   317 jump *label90 always
-    * set *tmp79 null
   318 label *label90
   319 set .UNIT_S1 *tmp79
   320 set :acquireUnit.1:currentUnit .UNIT_P1
-    * set :rebindUnit.1:currentUnit :acquireUnit.1:currentUnit
-    * jump *label108 equal :rebindUnit.1:currentUnit null
-    * ubind :rebindUnit.1:currentUnit
+  321 set :rebindUnit.1:currentUnit .UNIT_P1
+  322 jump *label108 equal :acquireUnit.1:currentUnit null
+  323 ubind :acquireUnit.1:currentUnit
   324 sensor *tmp100 @unit @dead
   325 jump *label110 notEqual *tmp100 0
   326 label *label113
   327 sensor *tmp102 @unit @controller
   328 jump *label110 notEqual *tmp102 @this
   329 label *label112
   330 jump *label107 always
   331 label *label110
   332 label *label111
   333 label *label108
   334 label *label109
-    * ubind .TYPE
+  335 ubind *tmp9
   336 set :rebindUnit.1:firstUnit @unit
   337 jump *label114 equal :rebindUnit.1:firstUnit null
   338 label *label116
   339 sensor *tmp107 @unit @controlled
   340 jump *label119 notEqual *tmp107 0
   341 jump *label107 always
   342 label *label119
   343 label *label120
-    * ubind .TYPE
+  344 ubind *tmp9
   345 label *label117
   346 jump *label118 equal @unit :rebindUnit.1:firstUnit
   347 label *label121
   348 sensor *tmp111 :rebindUnit.1:firstUnit @dead
   349 jump *label116 equal *tmp111 0
   350 label *label118
   351 label *label114
   352 label *label115
   353 end
   354 label *label107
   355 ucontrol flag 1
   356 set *tmp96 @unit
   357 jump *label106 always
-    * set *tmp96 null
   358 label *label106
   359 set .UNIT_P1 *tmp96
-    * sensor *tmp113 .UNIT_S1 @firstItem
+  360 sensor *tmp113 *tmp79 @firstItem
   361 jump *label124 equal *tmp113 @phase-fabric
   362 label *label125
-    * sensor *tmp115 .UNIT_P1 @firstItem
+  363 sensor *tmp115 *tmp96 @firstItem
   364 jump *label122 notEqual *tmp115 @silicon
   365 label *label124
-    * set :swap:t .UNIT_S1
-    * set .UNIT_S1 .UNIT_P1
+  366 set :swap:t *tmp79
+  367 set .UNIT_S1 *tmp96
   368 set .UNIT_P1 :swap:t
   369 label *label126
   370 label *label122
   371 label *label123
   372 sensor .UNIT_CAPACITY .UNIT_S1 @itemCapacity
   373 sensor .SPEED .UNIT_S1 @speed
   374 op div .SPEED_TENTHS .SPEED 10
   375 jump *label127 strictNotEqual .SPEED null
   376 stop
   377 label *label127
   378 label *label128
   379 set :needsFourUnits.2:unit .UNIT_S1
   380 op sub *tmp124 .DOME_X .CORE_X
   381 op sub *tmp125 .DOME_Y .CORE_Y
   382 op len *tmp126 *tmp124 *tmp125
   383 op mul *tmp127 2 *tmp126
-    * sensor *tmp128 :needsFourUnits.2:unit @speed
-    * op div :needsFourUnits.2:travel_time *tmp127 *tmp128
+  384 sensor *tmp128 .UNIT_S1 @speed
+  385 op div :needsFourUnits.2:travel_time *tmp127 .SPEED
   386 op greaterThanEq *tmp123 :needsFourUnits.2:travel_time 47
   387 jump *label129 always
-    * set *tmp123 null
   388 label *label129
   389 set .FOUR_UNITS *tmp123
-    * jump *label130 equal .FOUR_UNITS false
+  390 jump *label130 equal *tmp123 false
   391 set :acquireUnit.2:currentUnit .UNIT_S2
-    * set :rebindUnit.2:currentUnit :acquireUnit.2:currentUnit
-    * jump *label134 equal :rebindUnit.2:currentUnit null
-    * ubind :rebindUnit.2:currentUnit
+  392 set :rebindUnit.2:currentUnit .UNIT_S2
+  393 jump *label134 equal :acquireUnit.2:currentUnit null
+  394 ubind :acquireUnit.2:currentUnit
   395 sensor *tmp136 @unit @dead
   396 jump *label136 notEqual *tmp136 0
   397 label *label139
   398 sensor *tmp138 @unit @controller
   399 jump *label136 notEqual *tmp138 @this
   400 label *label138
   401 jump *label133 always
   402 label *label136
   403 label *label137
   404 label *label134
   405 label *label135
-    * ubind .TYPE
+  406 ubind *tmp9
   407 set :rebindUnit.2:firstUnit @unit
   408 jump *label140 equal :rebindUnit.2:firstUnit null
   409 label *label142
   410 sensor *tmp143 @unit @controlled
   411 jump *label145 notEqual *tmp143 0
   412 jump *label133 always
   413 label *label145
   414 label *label146
-    * ubind .TYPE
+  415 ubind *tmp9
   416 label *label143
   417 jump *label144 equal @unit :rebindUnit.2:firstUnit
   418 label *label147
   419 sensor *tmp147 :rebindUnit.2:firstUnit @dead
   420 jump *label142 equal *tmp147 0
   421 label *label144
   422 label *label140
   423 label *label141
   424 end
   425 label *label133
   426 ucontrol flag 1
   427 set *tmp132 @unit
   428 jump *label132 always
-    * set *tmp132 null
   429 label *label132
   430 set .UNIT_S2 *tmp132
   431 set :acquireUnit.3:currentUnit .UNIT_P2
-    * set :rebindUnit.3:currentUnit :acquireUnit.3:currentUnit
-    * jump *label150 equal :rebindUnit.3:currentUnit null
-    * ubind :rebindUnit.3:currentUnit
+  432 set :rebindUnit.3:currentUnit .UNIT_P2
+  433 jump *label150 equal :acquireUnit.3:currentUnit null
+  434 ubind :acquireUnit.3:currentUnit
   435 sensor *tmp153 @unit @dead
   436 jump *label152 notEqual *tmp153 0
   437 label *label155
   438 sensor *tmp155 @unit @controller
   439 jump *label152 notEqual *tmp155 @this
   440 label *label154
   441 jump *label149 always
   442 label *label152
   443 label *label153
   444 label *label150
   445 label *label151
-    * ubind .TYPE
+  446 ubind *tmp9
   447 set :rebindUnit.3:firstUnit @unit
   448 jump *label156 equal :rebindUnit.3:firstUnit null
   449 label *label158
   450 sensor *tmp160 @unit @controlled
   451 jump *label161 notEqual *tmp160 0
   452 jump *label149 always
   453 label *label161
   454 label *label162
-    * ubind .TYPE
+  455 ubind *tmp9
   456 label *label159
   457 jump *label160 equal @unit :rebindUnit.3:firstUnit
   458 label *label163
   459 sensor *tmp164 :rebindUnit.3:firstUnit @dead
   460 jump *label158 equal *tmp164 0
   461 label *label160
   462 label *label156
   463 label *label157
   464 end
   465 label *label149
   466 ucontrol flag 1
   467 set *tmp149 @unit
   468 jump *label148 always
-    * set *tmp149 null
   469 label *label148
   470 set .UNIT_P2 *tmp149
   471 sensor *tmp166 .UNIT_S1 @firstItem
   472 jump *label164 notEqual *tmp166 @phase-fabric
   473 label *label167
-    * sensor *tmp168 .UNIT_P2 @firstItem
+  474 sensor *tmp168 *tmp149 @firstItem
   475 jump *label164 equal *tmp168 @phase-fabric
   476 label *label166
   477 set :swap.1:t .UNIT_S1
-    * set .UNIT_S1 .UNIT_P2
+  478 set .UNIT_S1 *tmp149
   479 set .UNIT_P2 :swap.1:t
   480 label *label168
   481 label *label164
   482 label *label165
-    * sensor *tmp171 .UNIT_S2 @firstItem
+  483 sensor *tmp171 *tmp132 @firstItem
   484 jump *label171 equal *tmp171 @phase-fabric
   485 label *label172
   486 sensor *tmp173 .UNIT_P2 @firstItem
   487 jump *label169 notEqual *tmp173 @silicon
   488 label *label171
-    * set :swap.2:t .UNIT_S2
+  489 set :swap.2:t *tmp132
   490 set .UNIT_S2 .UNIT_P2
   491 set .UNIT_P2 :swap.2:t
   492 label *label173
   493 label *label169
   494 label *label170
   495 set .GROUP1 "unit  1"
   496 set .GROUP2 "unit 2"
   497 jump *label131 always
   498 label *label130
   499 set :free:unit .UNIT_S2
   500 setaddr *tmp176 *label178
   501 jump *label175 always
   502 multilabel *label178 (m:marker2)
   503 set :free:unit .UNIT_P2
   504 setaddr *tmp176 *label179
   505 label *label175
   506 ubind :free:unit
   507 ucontrol flag 0
   508 ucontrol unbind
   509 label *label176
   510 multijump *tmp176 0 0 (m:marker2)
   511 multilabel *label179 (m:marker2)
   512 label *label177
   513 label *label174
   514 set .UNIT_P2 null
-    * set .UNIT_S2 .UNIT_P2
+  515 set .UNIT_S2 null
   516 set .GROUP1 "unit"
   517 label *label131
-    * jump *label182 equal .FOUR_UNITS false
+  518 jump *label182 equal *tmp123 false
   519 label *label183
   520 sensor *tmp178 .UNIT_S1 @totalItems
   521 sensor *tmp179 .UNIT_S2 @totalItems
   522 jump *label180 greaterThanEq *tmp178 *tmp179
   523 label *label182
   524 set *tmp181 true
   525 jump *label181 always
   526 label *label180
   527 set *tmp181 false
   528 label *label181
   529 set .SUPPLY_S_FIRST *tmp181
-    * jump *label186 equal .FOUR_UNITS false
+  530 jump *label186 equal *tmp123 false
   531 label *label187
   532 sensor *tmp183 .UNIT_P1 @totalItems
   533 sensor *tmp184 .UNIT_P2 @totalItems
   534 jump *label184 greaterThanEq *tmp183 *tmp184
   535 label *label186
   536 set *tmp186 true
   537 jump *label185 always
   538 label *label184
   539 set *tmp186 false
   540 label *label185
   541 set .SUPPLY_P_FIRST *tmp186
   542 op add :unitCheck @time 5000
   543 label *label188
   544 sensor *tmp188 switch1 @enabled
   545 jump *label190 equal *tmp188 false
   546 set :start @time
   547 print " === [gold]Supplying Overdrive Dome[] === "
   548 print "\n"
   549 print "\n"
   550 print "Unit type: [green]"
-    * print .TYPE
+  551 print *tmp9
   552 print "["
   553 print "]"
   554 print "\n"
   555 set :printDomeStatus:item @silicon
   556 set :printDomeStatus:text "\n[green]Silicon[] status:\n"
-    * print :printDomeStatus:text
-    * sensor :printDomeStatus:level dome1 :printDomeStatus:item
+  557 print "\n[green]Silicon[] status:\n"
+  558 sensor :printDomeStatus:level dome1 @silicon
   559 jump *label192 lessThanEq :printDomeStatus:level 3
   560 print "  dome:  [green]"
   561 print :printDomeStatus:level
   562 print "["
   563 print "]"
   564 print "\n"
   565 jump *label193 always
   566 label *label192
   567 print "  dome:  [coral]"
   568 print :printDomeStatus:level
   569 print "["
   570 print "]"
   571 print "\n"
   572 label *label193
   573 label *label191
   574 set :processUnit:unit .UNIT_S1
   575 set :processUnit:item @silicon
   576 set :processUnit:group .GROUP1
   577 set :processUnit:supply .SUPPLY_S_FIRST
-    * set :rebindUnit.4:currentUnit :processUnit:unit
-    * jump *label196 equal :rebindUnit.4:currentUnit null
-    * ubind :rebindUnit.4:currentUnit
+  578 set :rebindUnit.4:currentUnit .UNIT_S1
+  579 jump *label196 equal :processUnit:unit null
+  580 ubind :processUnit:unit
   581 sensor *tmp195 @unit @dead
   582 jump *label198 notEqual *tmp195 0
   583 label *label201
   584 sensor *tmp197 @unit @controller
   585 jump *label198 notEqual *tmp197 @this
   586 label *label200
   587 jump *label195 always
   588 label *label198
   589 label *label199
   590 label *label196
   591 label *label197
-    * ubind .TYPE
+  592 ubind *tmp9
   593 set :rebindUnit.4:firstUnit @unit
   594 jump *label202 equal :rebindUnit.4:firstUnit null
   595 label *label204
   596 sensor *tmp202 @unit @controlled
   597 jump *label207 notEqual *tmp202 0
   598 jump *label195 always
   599 label *label207
   600 label *label208
-    * ubind .TYPE
+  601 ubind *tmp9
   602 label *label205
   603 jump *label206 equal @unit :rebindUnit.4:firstUnit
   604 label *label209
   605 sensor *tmp206 :rebindUnit.4:firstUnit @dead
   606 jump *label204 equal *tmp206 0
   607 label *label206
   608 label *label202
   609 label *label203
   610 end
   611 label *label195
   612 sensor :processUnit:state @unit @flag
   613 set :processUnit:distance -1
   614 set :processUnit:color "gold"
   615 jump *label212 lessThan :processUnit:state 2
   616 label *label213
   617 jump *label210 lessThanEq :processUnit:state 3
   618 label *label212
   619 sensor *tmp212 @unit @firstItem
-    * jump *label214 notEqual *tmp212 :processUnit:item
+  620 jump *label214 notEqual *tmp212 @silicon
   621 set :processUnit:state 3
   622 jump *label215 always
   623 label *label214
   624 sensor *tmp215 @unit @totalItems
   625 jump *label216 notEqual *tmp215 0
   626 set :processUnit:state 2
   627 jump *label217 always
   628 label *label216
   629 set .MSG ", initializing\n"
   630 ucontrol approach .CORE_X .CORE_Y 6
   631 ucontrol within .CORE_X .CORE_Y 8 *tmp218
   632 jump *label218 equal *tmp218 false
   633 ucontrol itemDrop .CORE .UNIT_CAPACITY
   634 label *label218
   635 label *label219
   636 label *label217
   637 label *label215
   638 label *label210
   639 label *label211
   640 jump *label220 notEqual :processUnit:state 2
   641 ucontrol within .CORE_X .CORE_Y 8 *tmp222
   642 jump *label222 equal *tmp222 false
-    * ucontrol itemTake .CORE :processUnit:item .UNIT_CAPACITY
+  643 ucontrol itemTake .CORE @silicon .UNIT_CAPACITY
   644 sensor *tmp224 @unit @totalItems
   645 jump *label224 lessThan *tmp224 .UNIT_CAPACITY
   646 ucontrol approach .DOME_X .DOME_Y 6
   647 set :processUnit:state 3
   648 jump *label225 always
   649 label *label224
   650 set .MSG ", loading\n"
   651 label *label225
   652 jump *label223 always
   653 label *label222
   654 ucontrol approach .CORE_X .CORE_Y 6
   655 set .MSG ", fetching in [gold]"
   656 sensor *tmp227 @unit @x
   657 op sub *tmp228 .CORE_X *tmp227
   658 sensor *tmp229 @unit @y
   659 op sub *tmp230 .CORE_Y *tmp229
   660 op len *tmp231 *tmp228 *tmp230
   661 op idiv *tmp232 *tmp231 .SPEED_TENTHS
   662 op div :processUnit:distance *tmp232 10
   663 label *label223
   664 label *label220
   665 label *label221
   666 jump *label226 notEqual :processUnit:state 3
   667 ucontrol within .DOME_X .DOME_Y 8 *tmp236
   668 jump *label228 equal *tmp236 false
-    * jump *label230 equal :processUnit:supply false
+  669 jump *label230 equal .SUPPLY_S_FIRST false
   670 ucontrol itemDrop dome1 .UNIT_CAPACITY
   671 set .MSG ", supplying\n"
   672 jump *label231 always
   673 label *label230
   674 ucontrol approach .DOME_X .DOME_Y 6
   675 set .MSG ", waiting\n"
   676 label *label231
   677 sensor *tmp239 @unit @totalItems
   678 jump *label232 greaterThan *tmp239 0
   679 ucontrol approach .CORE_X .CORE_Y 6
   680 set :processUnit:state 2
   681 label *label232
   682 label *label233
   683 jump *label229 always
   684 label *label228
   685 ucontrol approach .DOME_X .DOME_Y 6
   686 set .MSG ", returning in [gold]"
   687 sensor *tmp242 @unit @x
   688 op sub *tmp243 .DOME_X *tmp242
   689 sensor *tmp244 @unit @y
   690 op sub *tmp245 .DOME_Y *tmp244
   691 op len *tmp246 *tmp243 *tmp245
   692 op idiv *tmp247 *tmp246 .SPEED_TENTHS
   693 op div :processUnit:distance *tmp247 10
   694 label *label229
   695 label *label226
   696 label *label227
   697 ucontrol flag :processUnit:state
   698 sensor *tmp249 @unit @totalItems
   699 print "  "
-    * print :processUnit:group
+  700 print .GROUP1
   701 print ":"
   702 print " ["
-    * print :processUnit:color
+  703 print "gold"
   704 print "]"
   705 print *tmp249
   706 print "["
   707 print "]"
   708 jump *label234 lessThan :processUnit:distance 0
   709 print .MSG
   710 print :processUnit:distance
   711 print "["
   712 print "] sec"
   713 print "\n"
   714 jump *label235 always
   715 label *label234
   716 print .MSG
   717 label *label235
   718 set :processUnit:unit @unit
   719 label *label194
   720 set .UNIT_S1 :processUnit:unit
-    * jump *label236 equal .FOUR_UNITS false
+  721 jump *label236 equal *tmp123 false
   722 op equal *tmp253 .SUPPLY_S_FIRST false
   723 set :processUnit.1:unit .UNIT_S2
   724 set :processUnit.1:item @silicon
   725 set :processUnit.1:group .GROUP2
   726 set :processUnit.1:supply *tmp253
-    * set :rebindUnit.5:currentUnit :processUnit.1:unit
-    * jump *label240 equal :rebindUnit.5:currentUnit null
-    * ubind :rebindUnit.5:currentUnit
+  727 set :rebindUnit.5:currentUnit .UNIT_S2
+  728 jump *label240 equal :processUnit.1:unit null
+  729 ubind :processUnit.1:unit
   730 sensor *tmp257 @unit @dead
   731 jump *label242 notEqual *tmp257 0
   732 label *label245
   733 sensor *tmp259 @unit @controller
   734 jump *label242 notEqual *tmp259 @this
   735 label *label244
   736 jump *label239 always
   737 label *label242
   738 label *label243
   739 label *label240
   740 label *label241
-    * ubind .TYPE
+  741 ubind *tmp9
   742 set :rebindUnit.5:firstUnit @unit
   743 jump *label246 equal :rebindUnit.5:firstUnit null
   744 label *label248
   745 sensor *tmp264 @unit @controlled
   746 jump *label251 notEqual *tmp264 0
   747 jump *label239 always
   748 label *label251
   749 label *label252
-    * ubind .TYPE
+  750 ubind *tmp9
   751 label *label249
   752 jump *label250 equal @unit :rebindUnit.5:firstUnit
   753 label *label253
   754 sensor *tmp268 :rebindUnit.5:firstUnit @dead
   755 jump *label248 equal *tmp268 0
   756 label *label250
   757 label *label246
   758 label *label247
   759 end
   760 label *label239
   761 sensor :processUnit.1:state @unit @flag
   762 set :processUnit.1:distance -1
   763 set :processUnit.1:color "gold"
   764 jump *label256 lessThan :processUnit.1:state 2
   765 label *label257
   766 jump *label254 lessThanEq :processUnit.1:state 3
   767 label *label256
   768 sensor *tmp274 @unit @firstItem
-    * jump *label258 notEqual *tmp274 :processUnit.1:item
+  769 jump *label258 notEqual *tmp274 @silicon
   770 set :processUnit.1:state 3
   771 jump *label259 always
   772 label *label258
   773 sensor *tmp277 @unit @totalItems
   774 jump *label260 notEqual *tmp277 0
   775 set :processUnit.1:state 2
   776 jump *label261 always
   777 label *label260
   778 set .MSG ", initializing\n"
   779 ucontrol approach .CORE_X .CORE_Y 6
   780 ucontrol within .CORE_X .CORE_Y 8 *tmp280
   781 jump *label262 equal *tmp280 false
   782 ucontrol itemDrop .CORE .UNIT_CAPACITY
   783 label *label262
   784 label *label263
   785 label *label261
   786 label *label259
   787 label *label254
   788 label *label255
   789 jump *label264 notEqual :processUnit.1:state 2
   790 ucontrol within .CORE_X .CORE_Y 8 *tmp284
   791 jump *label266 equal *tmp284 false
-    * ucontrol itemTake .CORE :processUnit.1:item .UNIT_CAPACITY
+  792 ucontrol itemTake .CORE @silicon .UNIT_CAPACITY
   793 sensor *tmp286 @unit @totalItems
   794 jump *label268 lessThan *tmp286 .UNIT_CAPACITY
   795 ucontrol approach .DOME_X .DOME_Y 6
   796 set :processUnit.1:state 3
   797 jump *label269 always
   798 label *label268
   799 set .MSG ", loading\n"
   800 label *label269
   801 jump *label267 always
   802 label *label266
   803 ucontrol approach .CORE_X .CORE_Y 6
   804 set .MSG ", fetching in [gold]"
   805 sensor *tmp289 @unit @x
   806 op sub *tmp290 .CORE_X *tmp289
   807 sensor *tmp291 @unit @y
   808 op sub *tmp292 .CORE_Y *tmp291
   809 op len *tmp293 *tmp290 *tmp292
   810 op idiv *tmp294 *tmp293 .SPEED_TENTHS
   811 op div :processUnit.1:distance *tmp294 10
   812 label *label267
   813 label *label264
   814 label *label265
   815 jump *label270 notEqual :processUnit.1:state 3
   816 ucontrol within .DOME_X .DOME_Y 8 *tmp298
   817 jump *label272 equal *tmp298 false
-    * jump *label274 equal :processUnit.1:supply false
+  818 jump *label274 equal *tmp253 false
   819 ucontrol itemDrop dome1 .UNIT_CAPACITY
   820 set .MSG ", supplying\n"
   821 jump *label275 always
   822 label *label274
   823 ucontrol approach .DOME_X .DOME_Y 6
   824 set .MSG ", waiting\n"
   825 label *label275
   826 sensor *tmp301 @unit @totalItems
   827 jump *label276 greaterThan *tmp301 0
   828 ucontrol approach .CORE_X .CORE_Y 6
   829 set :processUnit.1:state 2
   830 label *label276
   831 label *label277
   832 jump *label273 always
   833 label *label272
   834 ucontrol approach .DOME_X .DOME_Y 6
   835 set .MSG ", returning in [gold]"
   836 sensor *tmp304 @unit @x
   837 op sub *tmp305 .DOME_X *tmp304
   838 sensor *tmp306 @unit @y
   839 op sub *tmp307 .DOME_Y *tmp306
   840 op len *tmp308 *tmp305 *tmp307
   841 op idiv *tmp309 *tmp308 .SPEED_TENTHS
   842 op div :processUnit.1:distance *tmp309 10
   843 label *label273
   844 label *label270
   845 label *label271
   846 ucontrol flag :processUnit.1:state
   847 sensor *tmp311 @unit @totalItems
   848 print "  "
-    * print :processUnit.1:group
+  849 print .GROUP2
   850 print ":"
   851 print " ["
-    * print :processUnit.1:color
+  852 print "gold"
   853 print "]"
   854 print *tmp311
   855 print "["
   856 print "]"
   857 jump *label278 lessThan :processUnit.1:distance 0
   858 print .MSG
   859 print :processUnit.1:distance
   860 print "["
   861 print "] sec"
   862 print "\n"
   863 jump *label279 always
   864 label *label278
   865 print .MSG
   866 label *label279
   867 set :processUnit.1:unit @unit
   868 label *label238
   869 set .UNIT_S2 :processUnit.1:unit
   870 jump *label280 equal .SUPPLY_S_FIRST false
-    * sensor *tmp315 .UNIT_S1 @totalItems
+  871 sensor *tmp315 :processUnit:unit @totalItems
   872 op greaterThan *tmp314 *tmp315 0
   873 jump *label281 always
   874 label *label280
-    * sensor *tmp317 .UNIT_S2 @totalItems
+  875 sensor *tmp317 :processUnit.1:unit @totalItems
   876 op equal *tmp314 *tmp317 0
   877 label *label281
   878 set .SUPPLY_S_FIRST *tmp314
   879 label *label236
   880 label *label237
   881 set :printDomeStatus.1:item @phase-fabric
   882 set :printDomeStatus.1:text "\n[green]Phase fabric[] status:\n"
-    * print :printDomeStatus.1:text
-    * sensor :printDomeStatus.1:level dome1 :printDomeStatus.1:item
+  883 print "\n[green]Phase fabric[] status:\n"
+  884 sensor :printDomeStatus.1:level dome1 @phase-fabric
   885 jump *label283 lessThanEq :printDomeStatus.1:level 3
   886 print "  dome:  [green]"
   887 print :printDomeStatus.1:level
   888 print "["
   889 print "]"
   890 print "\n"
   891 jump *label284 always
   892 label *label283
   893 print "  dome:  [coral]"
   894 print :printDomeStatus.1:level
   895 print "["
   896 print "]"
   897 print "\n"
   898 label *label284
   899 label *label282
   900 set :processUnit.2:unit .UNIT_P1
   901 set :processUnit.2:item @phase-fabric
   902 set :processUnit.2:group .GROUP1
   903 set :processUnit.2:supply .SUPPLY_P_FIRST
-    * set :rebindUnit.6:currentUnit :processUnit.2:unit
-    * jump *label287 equal :rebindUnit.6:currentUnit null
-    * ubind :rebindUnit.6:currentUnit
+  904 set :rebindUnit.6:currentUnit .UNIT_P1
+  905 jump *label287 equal :processUnit.2:unit null
+  906 ubind :processUnit.2:unit
   907 sensor *tmp325 @unit @dead
   908 jump *label289 notEqual *tmp325 0
   909 label *label292
   910 sensor *tmp327 @unit @controller
   911 jump *label289 notEqual *tmp327 @this
   912 label *label291
   913 jump *label286 always
   914 label *label289
   915 label *label290
   916 label *label287
   917 label *label288
-    * ubind .TYPE
+  918 ubind *tmp9
   919 set :rebindUnit.6:firstUnit @unit
   920 jump *label293 equal :rebindUnit.6:firstUnit null
   921 label *label295
   922 sensor *tmp332 @unit @controlled
   923 jump *label298 notEqual *tmp332 0
   924 jump *label286 always
   925 label *label298
   926 label *label299
-    * ubind .TYPE
+  927 ubind *tmp9
   928 label *label296
   929 jump *label297 equal @unit :rebindUnit.6:firstUnit
   930 label *label300
   931 sensor *tmp336 :rebindUnit.6:firstUnit @dead
   932 jump *label295 equal *tmp336 0
   933 label *label297
   934 label *label293
   935 label *label294
   936 end
   937 label *label286
   938 sensor :processUnit.2:state @unit @flag
   939 set :processUnit.2:distance -1
   940 set :processUnit.2:color "gold"
   941 jump *label303 lessThan :processUnit.2:state 2
   942 label *label304
   943 jump *label301 lessThanEq :processUnit.2:state 3
   944 label *label303
   945 sensor *tmp342 @unit @firstItem
-    * jump *label305 notEqual *tmp342 :processUnit.2:item
+  946 jump *label305 notEqual *tmp342 @phase-fabric
   947 set :processUnit.2:state 3
   948 jump *label306 always
   949 label *label305
   950 sensor *tmp345 @unit @totalItems
   951 jump *label307 notEqual *tmp345 0
   952 set :processUnit.2:state 2
   953 jump *label308 always
   954 label *label307
   955 set .MSG ", initializing\n"
   956 ucontrol approach .CORE_X .CORE_Y 6
   957 ucontrol within .CORE_X .CORE_Y 8 *tmp348
   958 jump *label309 equal *tmp348 false
   959 ucontrol itemDrop .CORE .UNIT_CAPACITY
   960 label *label309
   961 label *label310
   962 label *label308
   963 label *label306
   964 label *label301
   965 label *label302
   966 jump *label311 notEqual :processUnit.2:state 2
   967 ucontrol within .CORE_X .CORE_Y 8 *tmp352
   968 jump *label313 equal *tmp352 false
-    * ucontrol itemTake .CORE :processUnit.2:item .UNIT_CAPACITY
+  969 ucontrol itemTake .CORE @phase-fabric .UNIT_CAPACITY
   970 sensor *tmp354 @unit @totalItems
   971 jump *label315 lessThan *tmp354 .UNIT_CAPACITY
   972 ucontrol approach .DOME_X .DOME_Y 6
   973 set :processUnit.2:state 3
   974 jump *label316 always
   975 label *label315
   976 set .MSG ", loading\n"
   977 label *label316
   978 jump *label314 always
   979 label *label313
   980 ucontrol approach .CORE_X .CORE_Y 6
   981 set .MSG ", fetching in [gold]"
   982 sensor *tmp357 @unit @x
   983 op sub *tmp358 .CORE_X *tmp357
   984 sensor *tmp359 @unit @y
   985 op sub *tmp360 .CORE_Y *tmp359
   986 op len *tmp361 *tmp358 *tmp360
   987 op idiv *tmp362 *tmp361 .SPEED_TENTHS
   988 op div :processUnit.2:distance *tmp362 10
   989 label *label314
   990 label *label311
   991 label *label312
   992 jump *label317 notEqual :processUnit.2:state 3
   993 ucontrol within .DOME_X .DOME_Y 8 *tmp366
   994 jump *label319 equal *tmp366 false
-    * jump *label321 equal :processUnit.2:supply false
+  995 jump *label321 equal .SUPPLY_P_FIRST false
   996 ucontrol itemDrop dome1 .UNIT_CAPACITY
   997 set .MSG ", supplying\n"
   998 jump *label322 always
   999 label *label321
  1000 ucontrol approach .DOME_X .DOME_Y 6
  1001 set .MSG ", waiting\n"
  1002 label *label322
  1003 sensor *tmp369 @unit @totalItems
  1004 jump *label323 greaterThan *tmp369 0
  1005 ucontrol approach .CORE_X .CORE_Y 6
  1006 set :processUnit.2:state 2
  1007 label *label323
  1008 label *label324
  1009 jump *label320 always
  1010 label *label319
  1011 ucontrol approach .DOME_X .DOME_Y 6
  1012 set .MSG ", returning in [gold]"
  1013 sensor *tmp372 @unit @x
  1014 op sub *tmp373 .DOME_X *tmp372
  1015 sensor *tmp374 @unit @y
  1016 op sub *tmp375 .DOME_Y *tmp374
  1017 op len *tmp376 *tmp373 *tmp375
  1018 op idiv *tmp377 *tmp376 .SPEED_TENTHS
  1019 op div :processUnit.2:distance *tmp377 10
  1020 label *label320
  1021 label *label317
  1022 label *label318
  1023 ucontrol flag :processUnit.2:state
  1024 sensor *tmp379 @unit @totalItems
  1025 print "  "
-    * print :processUnit.2:group
+ 1026 print .GROUP1
  1027 print ":"
  1028 print " ["
-    * print :processUnit.2:color
+ 1029 print "gold"
  1030 print "]"
  1031 print *tmp379
  1032 print "["
  1033 print "]"
  1034 jump *label325 lessThan :processUnit.2:distance 0
  1035 print .MSG
  1036 print :processUnit.2:distance
  1037 print "["
  1038 print "] sec"
  1039 print "\n"
  1040 jump *label326 always
  1041 label *label325
  1042 print .MSG
  1043 label *label326
  1044 set :processUnit.2:unit @unit
  1045 label *label285
  1046 set .UNIT_P1 :processUnit.2:unit
-    * jump *label327 equal .FOUR_UNITS false
+ 1047 jump *label327 equal *tmp123 false
  1048 op equal *tmp383 .SUPPLY_P_FIRST false
  1049 set :processUnit.3:unit .UNIT_P2
  1050 set :processUnit.3:item @phase-fabric
  1051 set :processUnit.3:group .GROUP2
  1052 set :processUnit.3:supply *tmp383
-    * set :rebindUnit.7:currentUnit :processUnit.3:unit
-    * jump *label331 equal :rebindUnit.7:currentUnit null
-    * ubind :rebindUnit.7:currentUnit
+ 1053 set :rebindUnit.7:currentUnit .UNIT_P2
+ 1054 jump *label331 equal :processUnit.3:unit null
+ 1055 ubind :processUnit.3:unit
  1056 sensor *tmp387 @unit @dead
  1057 jump *label333 notEqual *tmp387 0
  1058 label *label336
  1059 sensor *tmp389 @unit @controller
  1060 jump *label333 notEqual *tmp389 @this
  1061 label *label335
  1062 jump *label330 always
  1063 label *label333
  1064 label *label334
  1065 label *label331
  1066 label *label332
-    * ubind .TYPE
+ 1067 ubind *tmp9
  1068 set :rebindUnit.7:firstUnit @unit
  1069 jump *label337 equal :rebindUnit.7:firstUnit null
  1070 label *label339
  1071 sensor *tmp394 @unit @controlled
  1072 jump *label342 notEqual *tmp394 0
  1073 jump *label330 always
  1074 label *label342
  1075 label *label343
-    * ubind .TYPE
+ 1076 ubind *tmp9
  1077 label *label340
  1078 jump *label341 equal @unit :rebindUnit.7:firstUnit
  1079 label *label344
  1080 sensor *tmp398 :rebindUnit.7:firstUnit @dead
  1081 jump *label339 equal *tmp398 0
  1082 label *label341
  1083 label *label337
  1084 label *label338
  1085 end
  1086 label *label330
  1087 sensor :processUnit.3:state @unit @flag
  1088 set :processUnit.3:distance -1
  1089 set :processUnit.3:color "gold"
  1090 jump *label347 lessThan :processUnit.3:state 2
  1091 label *label348
  1092 jump *label345 lessThanEq :processUnit.3:state 3
  1093 label *label347
  1094 sensor *tmp404 @unit @firstItem
-    * jump *label349 notEqual *tmp404 :processUnit.3:item
+ 1095 jump *label349 notEqual *tmp404 @phase-fabric
  1096 set :processUnit.3:state 3
  1097 jump *label350 always
  1098 label *label349
  1099 sensor *tmp407 @unit @totalItems
  1100 jump *label351 notEqual *tmp407 0
  1101 set :processUnit.3:state 2
  1102 jump *label352 always
  1103 label *label351
  1104 set .MSG ", initializing\n"
  1105 ucontrol approach .CORE_X .CORE_Y 6
  1106 ucontrol within .CORE_X .CORE_Y 8 *tmp410
  1107 jump *label353 equal *tmp410 false
  1108 ucontrol itemDrop .CORE .UNIT_CAPACITY
  1109 label *label353
  1110 label *label354
  1111 label *label352
  1112 label *label350
  1113 label *label345
  1114 label *label346
  1115 jump *label355 notEqual :processUnit.3:state 2
  1116 ucontrol within .CORE_X .CORE_Y 8 *tmp414
  1117 jump *label357 equal *tmp414 false
-    * ucontrol itemTake .CORE :processUnit.3:item .UNIT_CAPACITY
+ 1118 ucontrol itemTake .CORE @phase-fabric .UNIT_CAPACITY
  1119 sensor *tmp416 @unit @totalItems
  1120 jump *label359 lessThan *tmp416 .UNIT_CAPACITY
  1121 ucontrol approach .DOME_X .DOME_Y 6
  1122 set :processUnit.3:state 3
  1123 jump *label360 always
  1124 label *label359
  1125 set .MSG ", loading\n"
  1126 label *label360
  1127 jump *label358 always
  1128 label *label357
  1129 ucontrol approach .CORE_X .CORE_Y 6
  1130 set .MSG ", fetching in [gold]"
  1131 sensor *tmp419 @unit @x
  1132 op sub *tmp420 .CORE_X *tmp419
  1133 sensor *tmp421 @unit @y
  1134 op sub *tmp422 .CORE_Y *tmp421
  1135 op len *tmp423 *tmp420 *tmp422
  1136 op idiv *tmp424 *tmp423 .SPEED_TENTHS
  1137 op div :processUnit.3:distance *tmp424 10
  1138 label *label358
  1139 label *label355
  1140 label *label356
  1141 jump *label361 notEqual :processUnit.3:state 3
  1142 ucontrol within .DOME_X .DOME_Y 8 *tmp428
  1143 jump *label363 equal *tmp428 false
-    * jump *label365 equal :processUnit.3:supply false
+ 1144 jump *label365 equal *tmp383 false
  1145 ucontrol itemDrop dome1 .UNIT_CAPACITY
  1146 set .MSG ", supplying\n"
  1147 jump *label366 always
  1148 label *label365
  1149 ucontrol approach .DOME_X .DOME_Y 6
  1150 set .MSG ", waiting\n"
  1151 label *label366
  1152 sensor *tmp431 @unit @totalItems
  1153 jump *label367 greaterThan *tmp431 0
  1154 ucontrol approach .CORE_X .CORE_Y 6
  1155 set :processUnit.3:state 2
  1156 label *label367
  1157 label *label368
  1158 jump *label364 always
  1159 label *label363
  1160 ucontrol approach .DOME_X .DOME_Y 6
  1161 set .MSG ", returning in [gold]"
  1162 sensor *tmp434 @unit @x
  1163 op sub *tmp435 .DOME_X *tmp434
  1164 sensor *tmp436 @unit @y
  1165 op sub *tmp437 .DOME_Y *tmp436
  1166 op len *tmp438 *tmp435 *tmp437
  1167 op idiv *tmp439 *tmp438 .SPEED_TENTHS
  1168 op div :processUnit.3:distance *tmp439 10
  1169 label *label364
  1170 label *label361
  1171 label *label362
  1172 ucontrol flag :processUnit.3:state
  1173 sensor *tmp441 @unit @totalItems
  1174 print "  "
-    * print :processUnit.3:group
+ 1175 print .GROUP2
  1176 print ":"
  1177 print " ["
-    * print :processUnit.3:color
+ 1178 print "gold"
  1179 print "]"
  1180 print *tmp441
  1181 print "["
  1182 print "]"
  1183 jump *label369 lessThan :processUnit.3:distance 0
  1184 print .MSG
  1185 print :processUnit.3:distance
  1186 print "["
  1187 print "] sec"
  1188 print "\n"
  1189 jump *label370 always
  1190 label *label369
  1191 print .MSG
  1192 label *label370
  1193 set :processUnit.3:unit @unit
  1194 label *label329
  1195 set .UNIT_P2 :processUnit.3:unit
  1196 jump *label371 equal .SUPPLY_P_FIRST false
-    * sensor *tmp445 .UNIT_P1 @totalItems
+ 1197 sensor *tmp445 :processUnit.2:unit @totalItems
  1198 op greaterThan *tmp444 *tmp445 0
  1199 jump *label372 always
  1200 label *label371
-    * sensor *tmp447 .UNIT_P2 @totalItems
+ 1201 sensor *tmp447 :processUnit.3:unit @totalItems
  1202 op equal *tmp444 *tmp447 0
  1203 label *label372
  1204 set .SUPPLY_P_FIRST *tmp444
  1205 label *label327
  1206 label *label328
  1207 op sub *tmp449 @time :start
  1208 op floor *tmp450 *tmp449
  1209 print "\n"
  1210 print "[lightgray]Loop time: "
  1211 print *tmp450
  1212 print " "
  1213 print "ms"
  1214 printflush message1
-    * jump *label373 equal .TYPE UNIT_TYPE
+ 1215 jump *label373 equal *tmp9 UNIT_TYPE
  1216 label *label376
  1217 jump *label373 lessThanEq :unitCheck @time
  1218 label *label375
  1219 set :areUnitsAvailable.2:type UNIT_TYPE
  1220 set :areUnitsAvailable.2:output false
  1221 set :areUnitsAvailable.2:free 0
  1222 set :areUnitsAvailable.2:occupied 0
  1223 set :areUnitsAvailable.2:needed 0
-    * ubind :areUnitsAvailable.2:type
+ 1224 ubind UNIT_TYPE
  1225 set :areUnitsAvailable.2:firstUnit @unit
  1226 jump *label380 equal :areUnitsAvailable.2:firstUnit null
  1227 set :needsFourUnits.3:unit @unit
  1228 op sub *tmp458 .DOME_X .CORE_X
  1229 op sub *tmp459 .DOME_Y .CORE_Y
-    * op len *tmp460 *tmp458 *tmp459
-    * op mul *tmp461 2 *tmp460
+ 1230 op len *tmp460 *tmp124 *tmp125
+ 1231 op mul *tmp461 2 *tmp126
  1232 sensor *tmp462 :needsFourUnits.3:unit @speed
-    * op div :needsFourUnits.3:travel_time *tmp461 *tmp462
+ 1233 op div :needsFourUnits.3:travel_time *tmp127 *tmp462
  1234 op greaterThanEq *tmp457 :needsFourUnits.3:travel_time 47
  1235 jump *label384 always
-    * set *tmp457 null
  1236 label *label384
  1237 jump *label382 equal *tmp457 false
  1238 set *tmp465 4
  1239 jump *label383 always
  1240 label *label382
  1241 set *tmp465 2
  1242 label *label383
  1243 set :areUnitsAvailable.2:needed *tmp465
  1244 label *label385
  1245 sensor *tmp466 @unit @controlled
  1246 jump *label390 equal *tmp466 0
  1247 label *label391
  1248 sensor *tmp468 @unit @controller
  1249 jump *label388 notEqual *tmp468 @this
  1250 label *label390
  1251 op add :areUnitsAvailable.2:free :areUnitsAvailable.2:free 1
-    * jump *label392 lessThan :areUnitsAvailable.2:free :areUnitsAvailable.2:needed
+ 1252 jump *label392 lessThan :areUnitsAvailable.2:free *tmp465
  1253 set *tmp454 true
  1254 jump *label379 always
  1255 label *label392
  1256 label *label393
  1257 jump *label389 always
  1258 label *label388
  1259 op add :areUnitsAvailable.2:occupied :areUnitsAvailable.2:occupied 1
  1260 label *label389
-    * ubind :areUnitsAvailable.2:type
+ 1261 ubind UNIT_TYPE
  1262 label *label386
  1263 jump *label387 equal @unit :areUnitsAvailable.2:firstUnit
  1264 label *label394
  1265 sensor *tmp475 :areUnitsAvailable.2:firstUnit @dead
  1266 jump *label385 equal *tmp475 0
  1267 label *label387
  1268 label *label380
  1269 label *label381
-    * jump *label395 equal :areUnitsAvailable.2:output false
-    * print :areUnitsAvailable.2:type
+ 1270 jump *label395 equal false false
+ 1271 print UNIT_TYPE
  1272 print ":"
  1273 print " occupied: "
  1274 print :areUnitsAvailable.2:occupied
  1275 print ","
  1276 print " free: "
  1277 print :areUnitsAvailable.2:free
  1278 jump *label397 lessThanEq :areUnitsAvailable.2:needed 0
  1279 print ", needed: "
  1280 print :areUnitsAvailable.2:needed
  1281 label *label397
  1282 label *label398
  1283 print "\n"
  1284 label *label395
  1285 label *label396
  1286 set *tmp454 false
  1287 jump *label379 always
-    * set *tmp454 null
  1288 label *label379
  1289 jump *label377 equal *tmp454 false
  1290 jump *label190 always
  1291 label *label377
  1292 label *label378
  1293 op add :unitCheck @time 5000
  1294 label *label373
  1295 label *label374
  1296 label *label189
  1297 jump *label188 always
  1298 label *label190
  1299 set :free.1:unit .UNIT_S1
  1300 setaddr *tmp482 *label403
  1301 jump *label400 always
  1302 multilabel *label403 (m:marker3)

Modifications by #17: Iterated phase, Data Flow Optimization, pass 1, iteration 2 (-42 instructions):
 
    49 sensor .DOME_X dome1 @x
    50 sensor .DOME_Y dome1 @y
    51 label *label19
    52 sensor *tmp7 switch1 @enabled
    53 jump *label21 notEqual *tmp7 false
    54 print "[coral]Activate switch to begin supplying overdrive dome..."
    55 print "\n"
    56 printflush message1
    57 label *label20
    58 jump *label19 always
    59 label *label21
    60 label *label23
    61 printflush null
    62 print "[gold]Looking for suitable unit type:[]"
    63 print "\n"
-    * set :areUnitsAvailable:type UNIT_TYPE
-    * set :areUnitsAvailable:output true
    64 set :areUnitsAvailable:free 0
    65 set :areUnitsAvailable:occupied 0
    66 set :areUnitsAvailable:needed 0
    67 ubind UNIT_TYPE
    68 set :areUnitsAvailable:firstUnit @unit
    69 jump *label29 equal :areUnitsAvailable:firstUnit null
    70 set :needsFourUnits:unit @unit
    71 op sub *tmp14 .DOME_X .CORE_X
    72 op sub *tmp15 .DOME_Y .CORE_Y
    73 op len *tmp16 *tmp14 *tmp15
    74 op mul *tmp17 2 *tmp16
    75 sensor *tmp18 :needsFourUnits:unit @speed
    76 op div :needsFourUnits:travel_time *tmp17 *tmp18
    77 op greaterThanEq *tmp13 :needsFourUnits:travel_time 47
    78 jump *label33 always
 
   138 setaddr *tmp37 *label51
   139 jump *label48 always
   140 multilabel *label51 (m:marker1)
   141 set :chooseUnitType:type @poly
   142 setaddr *tmp37 *label52
   143 jump *label48 always
   144 multilabel *label52 (m:marker1)
   145 set :chooseUnitType:type @mega
   146 setaddr *tmp37 *label53
   147 jump *label48 always
   148 multilabel *label53 (m:marker1)
   149 set :chooseUnitType:type @mono
   150 setaddr *tmp37 *label54
   151 label *label48
   152 jump *label55 equal :chooseUnitType:type UNIT_TYPE
-    * set :areUnitsAvailable.1:type :chooseUnitType:type
-    * set :areUnitsAvailable.1:output true
   153 set :areUnitsAvailable.1:free 0
   154 set :areUnitsAvailable.1:occupied 0
   155 set :areUnitsAvailable.1:needed 0
   156 ubind :chooseUnitType:type
   157 set :areUnitsAvailable.1:firstUnit @unit
   158 jump *label60 equal :areUnitsAvailable.1:firstUnit null
   159 set :needsFourUnits.1:unit @unit
   160 op sub *tmp44 .DOME_X .CORE_X
   161 op sub *tmp45 .DOME_Y .CORE_Y
   162 op len *tmp46 *tmp44 *tmp45
   163 op mul *tmp47 2 *tmp46
   164 sensor *tmp48 :needsFourUnits.1:unit @speed
   165 op div :needsFourUnits.1:travel_time *tmp47 *tmp48
   166 op greaterThanEq *tmp43 :needsFourUnits.1:travel_time 47
   167 jump *label64 always
 
   224 jump *label22 always
   225 label *label57
   226 label *label58
   227 label *label55
   228 label *label56
   229 label *label49
   230 multijump *tmp37 0 0 (m:marker1)
   231 multilabel *label54 (m:marker1)
   232 label *label50
   233 printflush message1
   234 label *label24
   235 jump *label23 always
   236 label *label25
   237 set *tmp9 null
   238 label *label22
-    * set .TYPE *tmp9
   239 print "[gold]Binding units..."
   240 printflush message1
   241 set .UNIT_P2 null
   242 set .UNIT_S2 null
-    * set .UNIT_P1 .UNIT_P2
-    * set .UNIT_S1 .UNIT_S2
+  243 set .UNIT_P1 null
+  244 set .UNIT_S1 null
   245 set :rebindUnits:count 0
   246 ubind *tmp9
   247 set :rebindUnits:firstUnit @unit
   248 jump *label80 notEqual :rebindUnits:firstUnit null
   249 end
   250 label *label80
   251 label *label81
   252 label *label82
   253 sensor *tmp70 @unit @controller
   254 jump *label85 notEqual *tmp70 @this
   255 op add :rebindUnits:count :rebindUnits:count 1
   256 ucontrol flag 1
   257 set .UNIT_S2 .UNIT_P2
   258 set .UNIT_P2 .UNIT_S1
   259 set .UNIT_S1 .UNIT_P1
 
   261 jump *label87 equal .UNIT_S2 null
   262 jump *label84 always
   263 label *label87
   264 label *label88
   265 label *label85
   266 label *label86
   267 ubind *tmp9
   268 label *label83
   269 jump *label84 equal @unit :rebindUnits:firstUnit
   270 label *label89
   271 sensor *tmp77 :rebindUnits:firstUnit @dead
   272 jump *label82 equal *tmp77 0
   273 label *label84
   274 label *label79
   275 set :acquireUnit:currentUnit .UNIT_S1
-    * set :rebindUnit:currentUnit .UNIT_S1
-    * jump *label92 equal :acquireUnit:currentUnit null
-    * ubind :acquireUnit:currentUnit
+  276 jump *label92 equal .UNIT_S1 null
+  277 ubind .UNIT_S1
   278 sensor *tmp83 @unit @dead
   279 jump *label94 notEqual *tmp83 0
   280 label *label97
   281 sensor *tmp85 @unit @controller
   282 jump *label94 notEqual *tmp85 @this
   283 label *label96
   284 jump *label91 always
   285 label *label94
   286 label *label95
   287 label *label92
   288 label *label93
   289 ubind *tmp9
   290 set :rebindUnit:firstUnit @unit
   291 jump *label98 equal :rebindUnit:firstUnit null
   292 label *label100
 
   300 jump *label102 equal @unit :rebindUnit:firstUnit
   301 label *label105
   302 sensor *tmp94 :rebindUnit:firstUnit @dead
   303 jump *label100 equal *tmp94 0
   304 label *label102
   305 label *label98
   306 label *label99
   307 end
   308 label *label91
   309 ucontrol flag 1
   310 set *tmp79 @unit
   311 jump *label90 always
   312 label *label90
   313 set .UNIT_S1 *tmp79
   314 set :acquireUnit.1:currentUnit .UNIT_P1
-    * set :rebindUnit.1:currentUnit .UNIT_P1
-    * jump *label108 equal :acquireUnit.1:currentUnit null
-    * ubind :acquireUnit.1:currentUnit
+  315 jump *label108 equal .UNIT_P1 null
+  316 ubind .UNIT_P1
   317 sensor *tmp100 @unit @dead
   318 jump *label110 notEqual *tmp100 0
   319 label *label113
   320 sensor *tmp102 @unit @controller
   321 jump *label110 notEqual *tmp102 @this
   322 label *label112
   323 jump *label107 always
   324 label *label110
   325 label *label111
   326 label *label108
   327 label *label109
   328 ubind *tmp9
   329 set :rebindUnit.1:firstUnit @unit
   330 jump *label114 equal :rebindUnit.1:firstUnit null
   331 label *label116
 
   346 end
   347 label *label107
   348 ucontrol flag 1
   349 set *tmp96 @unit
   350 jump *label106 always
   351 label *label106
   352 set .UNIT_P1 *tmp96
   353 sensor *tmp113 *tmp79 @firstItem
   354 jump *label124 equal *tmp113 @phase-fabric
   355 label *label125
   356 sensor *tmp115 *tmp96 @firstItem
   357 jump *label122 notEqual *tmp115 @silicon
   358 label *label124
   359 set :swap:t *tmp79
   360 set .UNIT_S1 *tmp96
-    * set .UNIT_P1 :swap:t
+  361 set .UNIT_P1 *tmp79
   362 label *label126
   363 label *label122
   364 label *label123
   365 sensor .UNIT_CAPACITY .UNIT_S1 @itemCapacity
   366 sensor .SPEED .UNIT_S1 @speed
   367 op div .SPEED_TENTHS .SPEED 10
   368 jump *label127 strictNotEqual .SPEED null
   369 stop
   370 label *label127
   371 label *label128
-    * set :needsFourUnits.2:unit .UNIT_S1
   372 op sub *tmp124 .DOME_X .CORE_X
   373 op sub *tmp125 .DOME_Y .CORE_Y
   374 op len *tmp126 *tmp124 *tmp125
   375 op mul *tmp127 2 *tmp126
-    * sensor *tmp128 .UNIT_S1 @speed
   376 op div :needsFourUnits.2:travel_time *tmp127 .SPEED
   377 op greaterThanEq *tmp123 :needsFourUnits.2:travel_time 47
   378 jump *label129 always
   379 label *label129
-    * set .FOUR_UNITS *tmp123
   380 jump *label130 equal *tmp123 false
   381 set :acquireUnit.2:currentUnit .UNIT_S2
-    * set :rebindUnit.2:currentUnit .UNIT_S2
-    * jump *label134 equal :acquireUnit.2:currentUnit null
-    * ubind :acquireUnit.2:currentUnit
+  382 jump *label134 equal .UNIT_S2 null
+  383 ubind .UNIT_S2
   384 sensor *tmp136 @unit @dead
   385 jump *label136 notEqual *tmp136 0
   386 label *label139
   387 sensor *tmp138 @unit @controller
   388 jump *label136 notEqual *tmp138 @this
   389 label *label138
   390 jump *label133 always
   391 label *label136
   392 label *label137
   393 label *label134
   394 label *label135
   395 ubind *tmp9
   396 set :rebindUnit.2:firstUnit @unit
   397 jump *label140 equal :rebindUnit.2:firstUnit null
   398 label *label142
 
   406 jump *label144 equal @unit :rebindUnit.2:firstUnit
   407 label *label147
   408 sensor *tmp147 :rebindUnit.2:firstUnit @dead
   409 jump *label142 equal *tmp147 0
   410 label *label144
   411 label *label140
   412 label *label141
   413 end
   414 label *label133
   415 ucontrol flag 1
   416 set *tmp132 @unit
   417 jump *label132 always
   418 label *label132
   419 set .UNIT_S2 *tmp132
   420 set :acquireUnit.3:currentUnit .UNIT_P2
-    * set :rebindUnit.3:currentUnit .UNIT_P2
-    * jump *label150 equal :acquireUnit.3:currentUnit null
-    * ubind :acquireUnit.3:currentUnit
+  421 jump *label150 equal .UNIT_P2 null
+  422 ubind .UNIT_P2
   423 sensor *tmp153 @unit @dead
   424 jump *label152 notEqual *tmp153 0
   425 label *label155
   426 sensor *tmp155 @unit @controller
   427 jump *label152 notEqual *tmp155 @this
   428 label *label154
   429 jump *label149 always
   430 label *label152
   431 label *label153
   432 label *label150
   433 label *label151
   434 ubind *tmp9
   435 set :rebindUnit.3:firstUnit @unit
   436 jump *label156 equal :rebindUnit.3:firstUnit null
   437 label *label158
 
   464 label *label166
   465 set :swap.1:t .UNIT_S1
   466 set .UNIT_S1 *tmp149
   467 set .UNIT_P2 :swap.1:t
   468 label *label168
   469 label *label164
   470 label *label165
   471 sensor *tmp171 *tmp132 @firstItem
   472 jump *label171 equal *tmp171 @phase-fabric
   473 label *label172
   474 sensor *tmp173 .UNIT_P2 @firstItem
   475 jump *label169 notEqual *tmp173 @silicon
   476 label *label171
   477 set :swap.2:t *tmp132
   478 set .UNIT_S2 .UNIT_P2
-    * set .UNIT_P2 :swap.2:t
+  479 set .UNIT_P2 *tmp132
   480 label *label173
   481 label *label169
   482 label *label170
   483 set .GROUP1 "unit  1"
   484 set .GROUP2 "unit 2"
   485 jump *label131 always
   486 label *label130
   487 set :free:unit .UNIT_S2
   488 setaddr *tmp176 *label178
   489 jump *label175 always
   490 multilabel *label178 (m:marker2)
   491 set :free:unit .UNIT_P2
   492 setaddr *tmp176 *label179
   493 label *label175
   494 ubind :free:unit
 
   528 label *label185
   529 set .SUPPLY_P_FIRST *tmp186
   530 op add :unitCheck @time 5000
   531 label *label188
   532 sensor *tmp188 switch1 @enabled
   533 jump *label190 equal *tmp188 false
   534 set :start @time
   535 print " === [gold]Supplying Overdrive Dome[] === "
   536 print "\n"
   537 print "\n"
   538 print "Unit type: [green]"
   539 print *tmp9
   540 print "["
   541 print "]"
   542 print "\n"
-    * set :printDomeStatus:item @silicon
-    * set :printDomeStatus:text "\n[green]Silicon[] status:\n"
   543 print "\n[green]Silicon[] status:\n"
   544 sensor :printDomeStatus:level dome1 @silicon
   545 jump *label192 lessThanEq :printDomeStatus:level 3
   546 print "  dome:  [green]"
   547 print :printDomeStatus:level
   548 print "["
   549 print "]"
   550 print "\n"
   551 jump *label193 always
   552 label *label192
   553 print "  dome:  [coral]"
   554 print :printDomeStatus:level
   555 print "["
   556 print "]"
   557 print "\n"
   558 label *label193
   559 label *label191
   560 set :processUnit:unit .UNIT_S1
-    * set :processUnit:item @silicon
-    * set :processUnit:group .GROUP1
-    * set :processUnit:supply .SUPPLY_S_FIRST
-    * set :rebindUnit.4:currentUnit .UNIT_S1
-    * jump *label196 equal :processUnit:unit null
-    * ubind :processUnit:unit
+  561 jump *label196 equal .UNIT_S1 null
+  562 ubind .UNIT_S1
   563 sensor *tmp195 @unit @dead
   564 jump *label198 notEqual *tmp195 0
   565 label *label201
   566 sensor *tmp197 @unit @controller
   567 jump *label198 notEqual *tmp197 @this
   568 label *label200
   569 jump *label195 always
   570 label *label198
   571 label *label199
   572 label *label196
   573 label *label197
   574 ubind *tmp9
   575 set :rebindUnit.4:firstUnit @unit
   576 jump *label202 equal :rebindUnit.4:firstUnit null
   577 label *label204
 
   581 label *label207
   582 label *label208
   583 ubind *tmp9
   584 label *label205
   585 jump *label206 equal @unit :rebindUnit.4:firstUnit
   586 label *label209
   587 sensor *tmp206 :rebindUnit.4:firstUnit @dead
   588 jump *label204 equal *tmp206 0
   589 label *label206
   590 label *label202
   591 label *label203
   592 end
   593 label *label195
   594 sensor :processUnit:state @unit @flag
   595 set :processUnit:distance -1
-    * set :processUnit:color "gold"
   596 jump *label212 lessThan :processUnit:state 2
   597 label *label213
   598 jump *label210 lessThanEq :processUnit:state 3
   599 label *label212
   600 sensor *tmp212 @unit @firstItem
   601 jump *label214 notEqual *tmp212 @silicon
   602 set :processUnit:state 3
   603 jump *label215 always
   604 label *label214
   605 sensor *tmp215 @unit @totalItems
   606 jump *label216 notEqual *tmp215 0
   607 set :processUnit:state 2
   608 jump *label217 always
   609 label *label216
   610 set .MSG ", initializing\n"
 
   690 print .MSG
   691 print :processUnit:distance
   692 print "["
   693 print "] sec"
   694 print "\n"
   695 jump *label235 always
   696 label *label234
   697 print .MSG
   698 label *label235
   699 set :processUnit:unit @unit
   700 label *label194
   701 set .UNIT_S1 :processUnit:unit
   702 jump *label236 equal *tmp123 false
   703 op equal *tmp253 .SUPPLY_S_FIRST false
   704 set :processUnit.1:unit .UNIT_S2
-    * set :processUnit.1:item @silicon
-    * set :processUnit.1:group .GROUP2
-    * set :processUnit.1:supply *tmp253
-    * set :rebindUnit.5:currentUnit .UNIT_S2
-    * jump *label240 equal :processUnit.1:unit null
-    * ubind :processUnit.1:unit
+  705 jump *label240 equal .UNIT_S2 null
+  706 ubind .UNIT_S2
   707 sensor *tmp257 @unit @dead
   708 jump *label242 notEqual *tmp257 0
   709 label *label245
   710 sensor *tmp259 @unit @controller
   711 jump *label242 notEqual *tmp259 @this
   712 label *label244
   713 jump *label239 always
   714 label *label242
   715 label *label243
   716 label *label240
   717 label *label241
   718 ubind *tmp9
   719 set :rebindUnit.5:firstUnit @unit
   720 jump *label246 equal :rebindUnit.5:firstUnit null
   721 label *label248
 
   725 label *label251
   726 label *label252
   727 ubind *tmp9
   728 label *label249
   729 jump *label250 equal @unit :rebindUnit.5:firstUnit
   730 label *label253
   731 sensor *tmp268 :rebindUnit.5:firstUnit @dead
   732 jump *label248 equal *tmp268 0
   733 label *label250
   734 label *label246
   735 label *label247
   736 end
   737 label *label239
   738 sensor :processUnit.1:state @unit @flag
   739 set :processUnit.1:distance -1
-    * set :processUnit.1:color "gold"
   740 jump *label256 lessThan :processUnit.1:state 2
   741 label *label257
   742 jump *label254 lessThanEq :processUnit.1:state 3
   743 label *label256
   744 sensor *tmp274 @unit @firstItem
   745 jump *label258 notEqual *tmp274 @silicon
   746 set :processUnit.1:state 3
   747 jump *label259 always
   748 label *label258
   749 sensor *tmp277 @unit @totalItems
   750 jump *label260 notEqual *tmp277 0
   751 set :processUnit.1:state 2
   752 jump *label261 always
   753 label *label260
   754 set .MSG ", initializing\n"
 
   842 label *label279
   843 set :processUnit.1:unit @unit
   844 label *label238
   845 set .UNIT_S2 :processUnit.1:unit
   846 jump *label280 equal .SUPPLY_S_FIRST false
   847 sensor *tmp315 :processUnit:unit @totalItems
   848 op greaterThan *tmp314 *tmp315 0
   849 jump *label281 always
   850 label *label280
   851 sensor *tmp317 :processUnit.1:unit @totalItems
   852 op equal *tmp314 *tmp317 0
   853 label *label281
   854 set .SUPPLY_S_FIRST *tmp314
   855 label *label236
   856 label *label237
-    * set :printDomeStatus.1:item @phase-fabric
-    * set :printDomeStatus.1:text "\n[green]Phase fabric[] status:\n"
   857 print "\n[green]Phase fabric[] status:\n"
   858 sensor :printDomeStatus.1:level dome1 @phase-fabric
   859 jump *label283 lessThanEq :printDomeStatus.1:level 3
   860 print "  dome:  [green]"
   861 print :printDomeStatus.1:level
   862 print "["
   863 print "]"
   864 print "\n"
   865 jump *label284 always
   866 label *label283
   867 print "  dome:  [coral]"
   868 print :printDomeStatus.1:level
   869 print "["
   870 print "]"
   871 print "\n"
   872 label *label284
   873 label *label282
   874 set :processUnit.2:unit .UNIT_P1
-    * set :processUnit.2:item @phase-fabric
-    * set :processUnit.2:group .GROUP1
-    * set :processUnit.2:supply .SUPPLY_P_FIRST
-    * set :rebindUnit.6:currentUnit .UNIT_P1
-    * jump *label287 equal :processUnit.2:unit null
-    * ubind :processUnit.2:unit
+  875 jump *label287 equal .UNIT_P1 null
+  876 ubind .UNIT_P1
   877 sensor *tmp325 @unit @dead
   878 jump *label289 notEqual *tmp325 0
   879 label *label292
   880 sensor *tmp327 @unit @controller
   881 jump *label289 notEqual *tmp327 @this
   882 label *label291
   883 jump *label286 always
   884 label *label289
   885 label *label290
   886 label *label287
   887 label *label288
   888 ubind *tmp9
   889 set :rebindUnit.6:firstUnit @unit
   890 jump *label293 equal :rebindUnit.6:firstUnit null
   891 label *label295
 
   895 label *label298
   896 label *label299
   897 ubind *tmp9
   898 label *label296
   899 jump *label297 equal @unit :rebindUnit.6:firstUnit
   900 label *label300
   901 sensor *tmp336 :rebindUnit.6:firstUnit @dead
   902 jump *label295 equal *tmp336 0
   903 label *label297
   904 label *label293
   905 label *label294
   906 end
   907 label *label286
   908 sensor :processUnit.2:state @unit @flag
   909 set :processUnit.2:distance -1
-    * set :processUnit.2:color "gold"
   910 jump *label303 lessThan :processUnit.2:state 2
   911 label *label304
   912 jump *label301 lessThanEq :processUnit.2:state 3
   913 label *label303
   914 sensor *tmp342 @unit @firstItem
   915 jump *label305 notEqual *tmp342 @phase-fabric
   916 set :processUnit.2:state 3
   917 jump *label306 always
   918 label *label305
   919 sensor *tmp345 @unit @totalItems
   920 jump *label307 notEqual *tmp345 0
   921 set :processUnit.2:state 2
   922 jump *label308 always
   923 label *label307
   924 set .MSG ", initializing\n"
 
  1004 print .MSG
  1005 print :processUnit.2:distance
  1006 print "["
  1007 print "] sec"
  1008 print "\n"
  1009 jump *label326 always
  1010 label *label325
  1011 print .MSG
  1012 label *label326
  1013 set :processUnit.2:unit @unit
  1014 label *label285
  1015 set .UNIT_P1 :processUnit.2:unit
  1016 jump *label327 equal *tmp123 false
  1017 op equal *tmp383 .SUPPLY_P_FIRST false
  1018 set :processUnit.3:unit .UNIT_P2
-    * set :processUnit.3:item @phase-fabric
-    * set :processUnit.3:group .GROUP2
-    * set :processUnit.3:supply *tmp383
-    * set :rebindUnit.7:currentUnit .UNIT_P2
-    * jump *label331 equal :processUnit.3:unit null
-    * ubind :processUnit.3:unit
+ 1019 jump *label331 equal .UNIT_P2 null
+ 1020 ubind .UNIT_P2
  1021 sensor *tmp387 @unit @dead
  1022 jump *label333 notEqual *tmp387 0
  1023 label *label336
  1024 sensor *tmp389 @unit @controller
  1025 jump *label333 notEqual *tmp389 @this
  1026 label *label335
  1027 jump *label330 always
  1028 label *label333
  1029 label *label334
  1030 label *label331
  1031 label *label332
  1032 ubind *tmp9
  1033 set :rebindUnit.7:firstUnit @unit
  1034 jump *label337 equal :rebindUnit.7:firstUnit null
  1035 label *label339
 
  1039 label *label342
  1040 label *label343
  1041 ubind *tmp9
  1042 label *label340
  1043 jump *label341 equal @unit :rebindUnit.7:firstUnit
  1044 label *label344
  1045 sensor *tmp398 :rebindUnit.7:firstUnit @dead
  1046 jump *label339 equal *tmp398 0
  1047 label *label341
  1048 label *label337
  1049 label *label338
  1050 end
  1051 label *label330
  1052 sensor :processUnit.3:state @unit @flag
  1053 set :processUnit.3:distance -1
-    * set :processUnit.3:color "gold"
  1054 jump *label347 lessThan :processUnit.3:state 2
  1055 label *label348
  1056 jump *label345 lessThanEq :processUnit.3:state 3
  1057 label *label347
  1058 sensor *tmp404 @unit @firstItem
  1059 jump *label349 notEqual *tmp404 @phase-fabric
  1060 set :processUnit.3:state 3
  1061 jump *label350 always
  1062 label *label349
  1063 sensor *tmp407 @unit @totalItems
  1064 jump *label351 notEqual *tmp407 0
  1065 set :processUnit.3:state 2
  1066 jump *label352 always
  1067 label *label351
  1068 set .MSG ", initializing\n"
 
  1168 set .SUPPLY_P_FIRST *tmp444
  1169 label *label327
  1170 label *label328
  1171 op sub *tmp449 @time :start
  1172 op floor *tmp450 *tmp449
  1173 print "\n"
  1174 print "[lightgray]Loop time: "
  1175 print *tmp450
  1176 print " "
  1177 print "ms"
  1178 printflush message1
  1179 jump *label373 equal *tmp9 UNIT_TYPE
  1180 label *label376
  1181 jump *label373 lessThanEq :unitCheck @time
  1182 label *label375
-    * set :areUnitsAvailable.2:type UNIT_TYPE
-    * set :areUnitsAvailable.2:output false
  1183 set :areUnitsAvailable.2:free 0
  1184 set :areUnitsAvailable.2:occupied 0
  1185 set :areUnitsAvailable.2:needed 0
  1186 ubind UNIT_TYPE
  1187 set :areUnitsAvailable.2:firstUnit @unit
  1188 jump *label380 equal :areUnitsAvailable.2:firstUnit null
  1189 set :needsFourUnits.3:unit @unit
-    * op sub *tmp458 .DOME_X .CORE_X
-    * op sub *tmp459 .DOME_Y .CORE_Y
-    * op len *tmp460 *tmp124 *tmp125
-    * op mul *tmp461 2 *tmp126
  1190 sensor *tmp462 :needsFourUnits.3:unit @speed
  1191 op div :needsFourUnits.3:travel_time *tmp127 *tmp462
  1192 op greaterThanEq *tmp457 :needsFourUnits.3:travel_time 47
  1193 jump *label384 always
  1194 label *label384
  1195 jump *label382 equal *tmp457 false
  1196 set *tmp465 4
  1197 jump *label383 always
  1198 label *label382
  1199 set *tmp465 2
  1200 label *label383
  1201 set :areUnitsAvailable.2:needed *tmp465
  1202 label *label385
  1203 sensor *tmp466 @unit @controlled
  1204 jump *label390 equal *tmp466 0

Modifications by #18: Iterated phase, Data Flow Optimization, pass 1, iteration 3 (-10 instructions):
 
   260 set .UNIT_P1 @unit
   261 jump *label87 equal .UNIT_S2 null
   262 jump *label84 always
   263 label *label87
   264 label *label88
   265 label *label85
   266 label *label86
   267 ubind *tmp9
   268 label *label83
   269 jump *label84 equal @unit :rebindUnits:firstUnit
   270 label *label89
   271 sensor *tmp77 :rebindUnits:firstUnit @dead
   272 jump *label82 equal *tmp77 0
   273 label *label84
   274 label *label79
-    * set :acquireUnit:currentUnit .UNIT_S1
   275 jump *label92 equal .UNIT_S1 null
   276 ubind .UNIT_S1
   277 sensor *tmp83 @unit @dead
   278 jump *label94 notEqual *tmp83 0
   279 label *label97
   280 sensor *tmp85 @unit @controller
   281 jump *label94 notEqual *tmp85 @this
   282 label *label96
   283 jump *label91 always
   284 label *label94
   285 label *label95
   286 label *label92
   287 label *label93
   288 ubind *tmp9
   289 set :rebindUnit:firstUnit @unit
 
   298 label *label101
   299 jump *label102 equal @unit :rebindUnit:firstUnit
   300 label *label105
   301 sensor *tmp94 :rebindUnit:firstUnit @dead
   302 jump *label100 equal *tmp94 0
   303 label *label102
   304 label *label98
   305 label *label99
   306 end
   307 label *label91
   308 ucontrol flag 1
   309 set *tmp79 @unit
   310 jump *label90 always
   311 label *label90
   312 set .UNIT_S1 *tmp79
-    * set :acquireUnit.1:currentUnit .UNIT_P1
   313 jump *label108 equal .UNIT_P1 null
   314 ubind .UNIT_P1
   315 sensor *tmp100 @unit @dead
   316 jump *label110 notEqual *tmp100 0
   317 label *label113
   318 sensor *tmp102 @unit @controller
   319 jump *label110 notEqual *tmp102 @this
   320 label *label112
   321 jump *label107 always
   322 label *label110
   323 label *label111
   324 label *label108
   325 label *label109
   326 ubind *tmp9
   327 set :rebindUnit.1:firstUnit @unit
 
   342 label *label114
   343 label *label115
   344 end
   345 label *label107
   346 ucontrol flag 1
   347 set *tmp96 @unit
   348 jump *label106 always
   349 label *label106
   350 set .UNIT_P1 *tmp96
   351 sensor *tmp113 *tmp79 @firstItem
   352 jump *label124 equal *tmp113 @phase-fabric
   353 label *label125
   354 sensor *tmp115 *tmp96 @firstItem
   355 jump *label122 notEqual *tmp115 @silicon
   356 label *label124
-    * set :swap:t *tmp79
   357 set .UNIT_S1 *tmp96
   358 set .UNIT_P1 *tmp79
   359 label *label126
   360 label *label122
   361 label *label123
   362 sensor .UNIT_CAPACITY .UNIT_S1 @itemCapacity
   363 sensor .SPEED .UNIT_S1 @speed
   364 op div .SPEED_TENTHS .SPEED 10
   365 jump *label127 strictNotEqual .SPEED null
   366 stop
   367 label *label127
   368 label *label128
   369 op sub *tmp124 .DOME_X .CORE_X
   370 op sub *tmp125 .DOME_Y .CORE_Y
   371 op len *tmp126 *tmp124 *tmp125
   372 op mul *tmp127 2 *tmp126
   373 op div :needsFourUnits.2:travel_time *tmp127 .SPEED
   374 op greaterThanEq *tmp123 :needsFourUnits.2:travel_time 47
   375 jump *label129 always
   376 label *label129
   377 jump *label130 equal *tmp123 false
-    * set :acquireUnit.2:currentUnit .UNIT_S2
   378 jump *label134 equal .UNIT_S2 null
   379 ubind .UNIT_S2
   380 sensor *tmp136 @unit @dead
   381 jump *label136 notEqual *tmp136 0
   382 label *label139
   383 sensor *tmp138 @unit @controller
   384 jump *label136 notEqual *tmp138 @this
   385 label *label138
   386 jump *label133 always
   387 label *label136
   388 label *label137
   389 label *label134
   390 label *label135
   391 ubind *tmp9
   392 set :rebindUnit.2:firstUnit @unit
 
   401 label *label143
   402 jump *label144 equal @unit :rebindUnit.2:firstUnit
   403 label *label147
   404 sensor *tmp147 :rebindUnit.2:firstUnit @dead
   405 jump *label142 equal *tmp147 0
   406 label *label144
   407 label *label140
   408 label *label141
   409 end
   410 label *label133
   411 ucontrol flag 1
   412 set *tmp132 @unit
   413 jump *label132 always
   414 label *label132
   415 set .UNIT_S2 *tmp132
-    * set :acquireUnit.3:currentUnit .UNIT_P2
   416 jump *label150 equal .UNIT_P2 null
   417 ubind .UNIT_P2
   418 sensor *tmp153 @unit @dead
   419 jump *label152 notEqual *tmp153 0
   420 label *label155
   421 sensor *tmp155 @unit @controller
   422 jump *label152 notEqual *tmp155 @this
   423 label *label154
   424 jump *label149 always
   425 label *label152
   426 label *label153
   427 label *label150
   428 label *label151
   429 ubind *tmp9
   430 set :rebindUnit.3:firstUnit @unit
 
   457 sensor *tmp168 *tmp149 @firstItem
   458 jump *label164 equal *tmp168 @phase-fabric
   459 label *label166
   460 set :swap.1:t .UNIT_S1
   461 set .UNIT_S1 *tmp149
   462 set .UNIT_P2 :swap.1:t
   463 label *label168
   464 label *label164
   465 label *label165
   466 sensor *tmp171 *tmp132 @firstItem
   467 jump *label171 equal *tmp171 @phase-fabric
   468 label *label172
   469 sensor *tmp173 .UNIT_P2 @firstItem
   470 jump *label169 notEqual *tmp173 @silicon
   471 label *label171
-    * set :swap.2:t *tmp132
   472 set .UNIT_S2 .UNIT_P2
   473 set .UNIT_P2 *tmp132
   474 label *label173
   475 label *label169
   476 label *label170
   477 set .GROUP1 "unit  1"
   478 set .GROUP2 "unit 2"
   479 jump *label131 always
   480 label *label130
   481 set :free:unit .UNIT_S2
   482 setaddr *tmp176 *label178
   483 jump *label175 always
   484 multilabel *label178 (m:marker2)
   485 set :free:unit .UNIT_P2
   486 setaddr *tmp176 *label179
 
   539 jump *label192 lessThanEq :printDomeStatus:level 3
   540 print "  dome:  [green]"
   541 print :printDomeStatus:level
   542 print "["
   543 print "]"
   544 print "\n"
   545 jump *label193 always
   546 label *label192
   547 print "  dome:  [coral]"
   548 print :printDomeStatus:level
   549 print "["
   550 print "]"
   551 print "\n"
   552 label *label193
   553 label *label191
-    * set :processUnit:unit .UNIT_S1
   554 jump *label196 equal .UNIT_S1 null
   555 ubind .UNIT_S1
   556 sensor *tmp195 @unit @dead
   557 jump *label198 notEqual *tmp195 0
   558 label *label201
   559 sensor *tmp197 @unit @controller
   560 jump *label198 notEqual *tmp197 @this
   561 label *label200
   562 jump *label195 always
   563 label *label198
   564 label *label199
   565 label *label196
   566 label *label197
   567 ubind *tmp9
   568 set :rebindUnit.4:firstUnit @unit
 
   682 jump *label234 lessThan :processUnit:distance 0
   683 print .MSG
   684 print :processUnit:distance
   685 print "["
   686 print "] sec"
   687 print "\n"
   688 jump *label235 always
   689 label *label234
   690 print .MSG
   691 label *label235
   692 set :processUnit:unit @unit
   693 label *label194
   694 set .UNIT_S1 :processUnit:unit
   695 jump *label236 equal *tmp123 false
   696 op equal *tmp253 .SUPPLY_S_FIRST false
-    * set :processUnit.1:unit .UNIT_S2
   697 jump *label240 equal .UNIT_S2 null
   698 ubind .UNIT_S2
   699 sensor *tmp257 @unit @dead
   700 jump *label242 notEqual *tmp257 0
   701 label *label245
   702 sensor *tmp259 @unit @controller
   703 jump *label242 notEqual *tmp259 @this
   704 label *label244
   705 jump *label239 always
   706 label *label242
   707 label *label243
   708 label *label240
   709 label *label241
   710 ubind *tmp9
   711 set :rebindUnit.5:firstUnit @unit
 
   851 jump *label283 lessThanEq :printDomeStatus.1:level 3
   852 print "  dome:  [green]"
   853 print :printDomeStatus.1:level
   854 print "["
   855 print "]"
   856 print "\n"
   857 jump *label284 always
   858 label *label283
   859 print "  dome:  [coral]"
   860 print :printDomeStatus.1:level
   861 print "["
   862 print "]"
   863 print "\n"
   864 label *label284
   865 label *label282
-    * set :processUnit.2:unit .UNIT_P1
   866 jump *label287 equal .UNIT_P1 null
   867 ubind .UNIT_P1
   868 sensor *tmp325 @unit @dead
   869 jump *label289 notEqual *tmp325 0
   870 label *label292
   871 sensor *tmp327 @unit @controller
   872 jump *label289 notEqual *tmp327 @this
   873 label *label291
   874 jump *label286 always
   875 label *label289
   876 label *label290
   877 label *label287
   878 label *label288
   879 ubind *tmp9
   880 set :rebindUnit.6:firstUnit @unit
 
   994 jump *label325 lessThan :processUnit.2:distance 0
   995 print .MSG
   996 print :processUnit.2:distance
   997 print "["
   998 print "] sec"
   999 print "\n"
  1000 jump *label326 always
  1001 label *label325
  1002 print .MSG
  1003 label *label326
  1004 set :processUnit.2:unit @unit
  1005 label *label285
  1006 set .UNIT_P1 :processUnit.2:unit
  1007 jump *label327 equal *tmp123 false
  1008 op equal *tmp383 .SUPPLY_P_FIRST false
-    * set :processUnit.3:unit .UNIT_P2
  1009 jump *label331 equal .UNIT_P2 null
  1010 ubind .UNIT_P2
  1011 sensor *tmp387 @unit @dead
  1012 jump *label333 notEqual *tmp387 0
  1013 label *label336
  1014 sensor *tmp389 @unit @controller
  1015 jump *label333 notEqual *tmp389 @this
  1016 label *label335
  1017 jump *label330 always
  1018 label *label333
  1019 label *label334
  1020 label *label331
  1021 label *label332
  1022 ubind *tmp9
  1023 set :rebindUnit.7:firstUnit @unit

Modifications by #24: Iterated phase, Loop Rotation, pass 1, iteration 1:
     0 set *id "name: Overdrive dome supply\nversion: v0.1.0"
     1 remark "This is the preferred unit type to use for bringing in supplies."
     2 remark "If no units of this type exist, we'll try using other types."
     3 set UNIT_TYPE @flare
     4 remark "Do not modify anything below this line."
     5 label *label3
     6 jump *label5 notEqual dome1 null
+    7 label *label412
     8 print "[gold]Waiting for an overdrive dome to be connected..."
     9 printflush message1
    10 label *label4
-    * jump *label3 always
+   11 jump *label412 equal dome1 null
    12 label *label5
    13 print "[gold]Locating core..."
    14 printflush message1
    15 set .CORE null
    16 label *label6
    17 set :locateDomeAndCore:type @flare
    18 setaddr *tmp1 *label12
    19 jump *label9 always
    20 multilabel *label12 (m:marker0)
    21 set :locateDomeAndCore:type @poly
    22 setaddr *tmp1 *label13
    23 jump *label9 always
    24 multilabel *label13 (m:marker0)
    25 set :locateDomeAndCore:type @mega
    26 setaddr *tmp1 *label14
 
    93 jump *label37 notEqual *tmp24 @this
    94 label *label39
    95 op add :areUnitsAvailable:free :areUnitsAvailable:free 1
    96 jump *label41 lessThan :areUnitsAvailable:free *tmp21
    97 set *tmp10 true
    98 jump *label28 always
    99 label *label41
   100 label *label42
   101 jump *label38 always
   102 label *label37
   103 op add :areUnitsAvailable:occupied :areUnitsAvailable:occupied 1
   104 label *label38
   105 ubind UNIT_TYPE
   106 label *label35
   107 jump *label36 equal @unit :areUnitsAvailable:firstUnit
-    * label *label43
   108 sensor *tmp31 :areUnitsAvailable:firstUnit @dead
   109 jump *label34 equal *tmp31 0
   110 label *label36
   111 label *label29
   112 label *label30
   113 jump *label44 equal true false
   114 print UNIT_TYPE
   115 print ":"
   116 print " occupied: "
   117 print :areUnitsAvailable:occupied
   118 print ","
   119 print " free: "
   120 print :areUnitsAvailable:free
   121 jump *label46 lessThanEq :areUnitsAvailable:needed 0
   122 print ", needed: "
 
   181 jump *label68 notEqual *tmp54 @this
   182 label *label70
   183 op add :areUnitsAvailable.1:free :areUnitsAvailable.1:free 1
   184 jump *label72 lessThan :areUnitsAvailable.1:free *tmp51
   185 set *tmp40 true
   186 jump *label59 always
   187 label *label72
   188 label *label73
   189 jump *label69 always
   190 label *label68
   191 op add :areUnitsAvailable.1:occupied :areUnitsAvailable.1:occupied 1
   192 label *label69
   193 ubind :chooseUnitType:type
   194 label *label66
   195 jump *label67 equal @unit :areUnitsAvailable.1:firstUnit
-    * label *label74
   196 sensor *tmp61 :areUnitsAvailable.1:firstUnit @dead
   197 jump *label65 equal *tmp61 0
   198 label *label67
   199 label *label60
   200 label *label61
   201 jump *label75 equal true false
   202 print :chooseUnitType:type
   203 print ":"
   204 print " occupied: "
   205 print :areUnitsAvailable.1:occupied
   206 print ","
   207 print " free: "
   208 print :areUnitsAvailable.1:free
   209 jump *label77 lessThanEq :areUnitsAvailable.1:needed 0
   210 print ", needed: "
 
   254 op add :rebindUnits:count :rebindUnits:count 1
   255 ucontrol flag 1
   256 set .UNIT_S2 .UNIT_P2
   257 set .UNIT_P2 .UNIT_S1
   258 set .UNIT_S1 .UNIT_P1
   259 set .UNIT_P1 @unit
   260 jump *label87 equal .UNIT_S2 null
   261 jump *label84 always
   262 label *label87
   263 label *label88
   264 label *label85
   265 label *label86
   266 ubind *tmp9
   267 label *label83
   268 jump *label84 equal @unit :rebindUnits:firstUnit
-    * label *label89
   269 sensor *tmp77 :rebindUnits:firstUnit @dead
   270 jump *label82 equal *tmp77 0
   271 label *label84
   272 label *label79
   273 jump *label92 equal .UNIT_S1 null
   274 ubind .UNIT_S1
   275 sensor *tmp83 @unit @dead
   276 jump *label94 notEqual *tmp83 0
   277 label *label97
   278 sensor *tmp85 @unit @controller
   279 jump *label94 notEqual *tmp85 @this
   280 label *label96
   281 jump *label91 always
   282 label *label94
   283 label *label95
   284 label *label92
   285 label *label93
   286 ubind *tmp9
   287 set :rebindUnit:firstUnit @unit
   288 jump *label98 equal :rebindUnit:firstUnit null
   289 label *label100
   290 sensor *tmp90 @unit @controlled
   291 jump *label103 notEqual *tmp90 0
   292 jump *label91 always
   293 label *label103
   294 label *label104
   295 ubind *tmp9
   296 label *label101
   297 jump *label102 equal @unit :rebindUnit:firstUnit
-    * label *label105
   298 sensor *tmp94 :rebindUnit:firstUnit @dead
   299 jump *label100 equal *tmp94 0
   300 label *label102
   301 label *label98
   302 label *label99
   303 end
   304 label *label91
   305 ucontrol flag 1
   306 set *tmp79 @unit
   307 jump *label90 always
   308 label *label90
   309 set .UNIT_S1 *tmp79
   310 jump *label108 equal .UNIT_P1 null
   311 ubind .UNIT_P1
   312 sensor *tmp100 @unit @dead
 
   320 label *label111
   321 label *label108
   322 label *label109
   323 ubind *tmp9
   324 set :rebindUnit.1:firstUnit @unit
   325 jump *label114 equal :rebindUnit.1:firstUnit null
   326 label *label116
   327 sensor *tmp107 @unit @controlled
   328 jump *label119 notEqual *tmp107 0
   329 jump *label107 always
   330 label *label119
   331 label *label120
   332 ubind *tmp9
   333 label *label117
   334 jump *label118 equal @unit :rebindUnit.1:firstUnit
-    * label *label121
   335 sensor *tmp111 :rebindUnit.1:firstUnit @dead
   336 jump *label116 equal *tmp111 0
   337 label *label118
   338 label *label114
   339 label *label115
   340 end
   341 label *label107
   342 ucontrol flag 1
   343 set *tmp96 @unit
   344 jump *label106 always
   345 label *label106
   346 set .UNIT_P1 *tmp96
   347 sensor *tmp113 *tmp79 @firstItem
   348 jump *label124 equal *tmp113 @phase-fabric
   349 label *label125
 
   384 label *label137
   385 label *label134
   386 label *label135
   387 ubind *tmp9
   388 set :rebindUnit.2:firstUnit @unit
   389 jump *label140 equal :rebindUnit.2:firstUnit null
   390 label *label142
   391 sensor *tmp143 @unit @controlled
   392 jump *label145 notEqual *tmp143 0
   393 jump *label133 always
   394 label *label145
   395 label *label146
   396 ubind *tmp9
   397 label *label143
   398 jump *label144 equal @unit :rebindUnit.2:firstUnit
-    * label *label147
   399 sensor *tmp147 :rebindUnit.2:firstUnit @dead
   400 jump *label142 equal *tmp147 0
   401 label *label144
   402 label *label140
   403 label *label141
   404 end
   405 label *label133
   406 ucontrol flag 1
   407 set *tmp132 @unit
   408 jump *label132 always
   409 label *label132
   410 set .UNIT_S2 *tmp132
   411 jump *label150 equal .UNIT_P2 null
   412 ubind .UNIT_P2
   413 sensor *tmp153 @unit @dead
 
   421 label *label153
   422 label *label150
   423 label *label151
   424 ubind *tmp9
   425 set :rebindUnit.3:firstUnit @unit
   426 jump *label156 equal :rebindUnit.3:firstUnit null
   427 label *label158
   428 sensor *tmp160 @unit @controlled
   429 jump *label161 notEqual *tmp160 0
   430 jump *label149 always
   431 label *label161
   432 label *label162
   433 ubind *tmp9
   434 label *label159
   435 jump *label160 equal @unit :rebindUnit.3:firstUnit
-    * label *label163
   436 sensor *tmp164 :rebindUnit.3:firstUnit @dead
   437 jump *label158 equal *tmp164 0
   438 label *label160
   439 label *label156
   440 label *label157
   441 end
   442 label *label149
   443 ucontrol flag 1
   444 set *tmp149 @unit
   445 jump *label148 always
   446 label *label148
   447 set .UNIT_P2 *tmp149
   448 sensor *tmp166 .UNIT_S1 @firstItem
   449 jump *label164 notEqual *tmp166 @phase-fabric
   450 label *label167
 
   558 label *label199
   559 label *label196
   560 label *label197
   561 ubind *tmp9
   562 set :rebindUnit.4:firstUnit @unit
   563 jump *label202 equal :rebindUnit.4:firstUnit null
   564 label *label204
   565 sensor *tmp202 @unit @controlled
   566 jump *label207 notEqual *tmp202 0
   567 jump *label195 always
   568 label *label207
   569 label *label208
   570 ubind *tmp9
   571 label *label205
   572 jump *label206 equal @unit :rebindUnit.4:firstUnit
-    * label *label209
   573 sensor *tmp206 :rebindUnit.4:firstUnit @dead
   574 jump *label204 equal *tmp206 0
   575 label *label206
   576 label *label202
   577 label *label203
   578 end
   579 label *label195
   580 sensor :processUnit:state @unit @flag
   581 set :processUnit:distance -1
   582 jump *label212 lessThan :processUnit:state 2
   583 label *label213
   584 jump *label210 lessThanEq :processUnit:state 3
   585 label *label212
   586 sensor *tmp212 @unit @firstItem
   587 jump *label214 notEqual *tmp212 @silicon
 
   700 label *label243
   701 label *label240
   702 label *label241
   703 ubind *tmp9
   704 set :rebindUnit.5:firstUnit @unit
   705 jump *label246 equal :rebindUnit.5:firstUnit null
   706 label *label248
   707 sensor *tmp264 @unit @controlled
   708 jump *label251 notEqual *tmp264 0
   709 jump *label239 always
   710 label *label251
   711 label *label252
   712 ubind *tmp9
   713 label *label249
   714 jump *label250 equal @unit :rebindUnit.5:firstUnit
-    * label *label253
   715 sensor *tmp268 :rebindUnit.5:firstUnit @dead
   716 jump *label248 equal *tmp268 0
   717 label *label250
   718 label *label246
   719 label *label247
   720 end
   721 label *label239
   722 sensor :processUnit.1:state @unit @flag
   723 set :processUnit.1:distance -1
   724 jump *label256 lessThan :processUnit.1:state 2
   725 label *label257
   726 jump *label254 lessThanEq :processUnit.1:state 3
   727 label *label256
   728 sensor *tmp274 @unit @firstItem
   729 jump *label258 notEqual *tmp274 @silicon
 
   868 label *label290
   869 label *label287
   870 label *label288
   871 ubind *tmp9
   872 set :rebindUnit.6:firstUnit @unit
   873 jump *label293 equal :rebindUnit.6:firstUnit null
   874 label *label295
   875 sensor *tmp332 @unit @controlled
   876 jump *label298 notEqual *tmp332 0
   877 jump *label286 always
   878 label *label298
   879 label *label299
   880 ubind *tmp9
   881 label *label296
   882 jump *label297 equal @unit :rebindUnit.6:firstUnit
-    * label *label300
   883 sensor *tmp336 :rebindUnit.6:firstUnit @dead
   884 jump *label295 equal *tmp336 0
   885 label *label297
   886 label *label293
   887 label *label294
   888 end
   889 label *label286
   890 sensor :processUnit.2:state @unit @flag
   891 set :processUnit.2:distance -1
   892 jump *label303 lessThan :processUnit.2:state 2
   893 label *label304
   894 jump *label301 lessThanEq :processUnit.2:state 3
   895 label *label303
   896 sensor *tmp342 @unit @firstItem
   897 jump *label305 notEqual *tmp342 @phase-fabric
 
  1010 label *label334
  1011 label *label331
  1012 label *label332
  1013 ubind *tmp9
  1014 set :rebindUnit.7:firstUnit @unit
  1015 jump *label337 equal :rebindUnit.7:firstUnit null
  1016 label *label339
  1017 sensor *tmp394 @unit @controlled
  1018 jump *label342 notEqual *tmp394 0
  1019 jump *label330 always
  1020 label *label342
  1021 label *label343
  1022 ubind *tmp9
  1023 label *label340
  1024 jump *label341 equal @unit :rebindUnit.7:firstUnit
-    * label *label344
  1025 sensor *tmp398 :rebindUnit.7:firstUnit @dead
  1026 jump *label339 equal *tmp398 0
  1027 label *label341
  1028 label *label337
  1029 label *label338
  1030 end
  1031 label *label330
  1032 sensor :processUnit.3:state @unit @flag
  1033 set :processUnit.3:distance -1
  1034 jump *label347 lessThan :processUnit.3:state 2
  1035 label *label348
  1036 jump *label345 lessThanEq :processUnit.3:state 3
  1037 label *label347
  1038 sensor *tmp404 @unit @firstItem
  1039 jump *label349 notEqual *tmp404 @phase-fabric
 
  1187 jump *label388 notEqual *tmp468 @this
  1188 label *label390
  1189 op add :areUnitsAvailable.2:free :areUnitsAvailable.2:free 1
  1190 jump *label392 lessThan :areUnitsAvailable.2:free *tmp465
  1191 set *tmp454 true
  1192 jump *label379 always
  1193 label *label392
  1194 label *label393
  1195 jump *label389 always
  1196 label *label388
  1197 op add :areUnitsAvailable.2:occupied :areUnitsAvailable.2:occupied 1
  1198 label *label389
  1199 ubind UNIT_TYPE
  1200 label *label386
  1201 jump *label387 equal @unit :areUnitsAvailable.2:firstUnit
-    * label *label394
  1202 sensor *tmp475 :areUnitsAvailable.2:firstUnit @dead
  1203 jump *label385 equal *tmp475 0
  1204 label *label387
  1205 label *label380
  1206 label *label381
  1207 jump *label395 equal false false
  1208 print UNIT_TYPE
  1209 print ":"
  1210 print " occupied: "
  1211 print :areUnitsAvailable.2:occupied
  1212 print ","
  1213 print " free: "
  1214 print :areUnitsAvailable.2:free
  1215 jump *label397 lessThanEq :areUnitsAvailable.2:needed 0
  1216 print ", needed: "

Modifications by #27: Iterated phase, Boolean Optimization, pass 1, iteration 1 (-2 instructions):
 
    76 sensor *tmp18 :needsFourUnits:unit @speed
    77 op div :needsFourUnits:travel_time *tmp17 *tmp18
    78 op greaterThanEq *tmp13 :needsFourUnits:travel_time 47
    79 jump *label33 always
    80 label *label33
    81 jump *label31 equal *tmp13 false
    82 set *tmp21 4
    83 jump *label32 always
    84 label *label31
    85 set *tmp21 2
    86 label *label32
    87 set :areUnitsAvailable:needed *tmp21
    88 label *label34
    89 sensor *tmp22 @unit @controlled
    90 jump *label39 equal *tmp22 0
-    * label *label40
    91 sensor *tmp24 @unit @controller
    92 jump *label37 notEqual *tmp24 @this
    93 label *label39
    94 op add :areUnitsAvailable:free :areUnitsAvailable:free 1
    95 jump *label41 lessThan :areUnitsAvailable:free *tmp21
    96 set *tmp10 true
    97 jump *label28 always
    98 label *label41
    99 label *label42
   100 jump *label38 always
   101 label *label37
   102 op add :areUnitsAvailable:occupied :areUnitsAvailable:occupied 1
   103 label *label38
   104 ubind UNIT_TYPE
   105 label *label35
 
   163 sensor *tmp48 :needsFourUnits.1:unit @speed
   164 op div :needsFourUnits.1:travel_time *tmp47 *tmp48
   165 op greaterThanEq *tmp43 :needsFourUnits.1:travel_time 47
   166 jump *label64 always
   167 label *label64
   168 jump *label62 equal *tmp43 false
   169 set *tmp51 4
   170 jump *label63 always
   171 label *label62
   172 set *tmp51 2
   173 label *label63
   174 set :areUnitsAvailable.1:needed *tmp51
   175 label *label65
   176 sensor *tmp52 @unit @controlled
   177 jump *label70 equal *tmp52 0
-    * label *label71
   178 sensor *tmp54 @unit @controller
   179 jump *label68 notEqual *tmp54 @this
   180 label *label70
   181 op add :areUnitsAvailable.1:free :areUnitsAvailable.1:free 1
   182 jump *label72 lessThan :areUnitsAvailable.1:free *tmp51
   183 set *tmp40 true
   184 jump *label59 always
   185 label *label72
   186 label *label73
   187 jump *label69 always
   188 label *label68
   189 op add :areUnitsAvailable.1:occupied :areUnitsAvailable.1:occupied 1
   190 label *label69
   191 ubind :chooseUnitType:type
   192 label *label66
 
   260 label *label87
   261 label *label88
   262 label *label85
   263 label *label86
   264 ubind *tmp9
   265 label *label83
   266 jump *label84 equal @unit :rebindUnits:firstUnit
   267 sensor *tmp77 :rebindUnits:firstUnit @dead
   268 jump *label82 equal *tmp77 0
   269 label *label84
   270 label *label79
   271 jump *label92 equal .UNIT_S1 null
   272 ubind .UNIT_S1
   273 sensor *tmp83 @unit @dead
   274 jump *label94 notEqual *tmp83 0
-    * label *label97
   275 sensor *tmp85 @unit @controller
   276 jump *label94 notEqual *tmp85 @this
-    * label *label96
   277 jump *label91 always
   278 label *label94
   279 label *label95
   280 label *label92
   281 label *label93
   282 ubind *tmp9
   283 set :rebindUnit:firstUnit @unit
   284 jump *label98 equal :rebindUnit:firstUnit null
   285 label *label100
   286 sensor *tmp90 @unit @controlled
   287 jump *label103 notEqual *tmp90 0
   288 jump *label91 always
   289 label *label103
   290 label *label104
   291 ubind *tmp9
 
   295 jump *label100 equal *tmp94 0
   296 label *label102
   297 label *label98
   298 label *label99
   299 end
   300 label *label91
   301 ucontrol flag 1
   302 set *tmp79 @unit
   303 jump *label90 always
   304 label *label90
   305 set .UNIT_S1 *tmp79
   306 jump *label108 equal .UNIT_P1 null
   307 ubind .UNIT_P1
   308 sensor *tmp100 @unit @dead
   309 jump *label110 notEqual *tmp100 0
-    * label *label113
   310 sensor *tmp102 @unit @controller
   311 jump *label110 notEqual *tmp102 @this
-    * label *label112
   312 jump *label107 always
   313 label *label110
   314 label *label111
   315 label *label108
   316 label *label109
   317 ubind *tmp9
   318 set :rebindUnit.1:firstUnit @unit
   319 jump *label114 equal :rebindUnit.1:firstUnit null
   320 label *label116
   321 sensor *tmp107 @unit @controlled
   322 jump *label119 notEqual *tmp107 0
   323 jump *label107 always
   324 label *label119
   325 label *label120
   326 ubind *tmp9
 
   328 jump *label118 equal @unit :rebindUnit.1:firstUnit
   329 sensor *tmp111 :rebindUnit.1:firstUnit @dead
   330 jump *label116 equal *tmp111 0
   331 label *label118
   332 label *label114
   333 label *label115
   334 end
   335 label *label107
   336 ucontrol flag 1
   337 set *tmp96 @unit
   338 jump *label106 always
   339 label *label106
   340 set .UNIT_P1 *tmp96
   341 sensor *tmp113 *tmp79 @firstItem
   342 jump *label124 equal *tmp113 @phase-fabric
-    * label *label125
   343 sensor *tmp115 *tmp96 @firstItem
   344 jump *label122 notEqual *tmp115 @silicon
   345 label *label124
   346 set .UNIT_S1 *tmp96
   347 set .UNIT_P1 *tmp79
   348 label *label126
   349 label *label122
   350 label *label123
   351 sensor .UNIT_CAPACITY .UNIT_S1 @itemCapacity
   352 sensor .SPEED .UNIT_S1 @speed
   353 op div .SPEED_TENTHS .SPEED 10
   354 jump *label127 strictNotEqual .SPEED null
   355 stop
   356 label *label127
   357 label *label128
   358 op sub *tmp124 .DOME_X .CORE_X
   359 op sub *tmp125 .DOME_Y .CORE_Y
   360 op len *tmp126 *tmp124 *tmp125
   361 op mul *tmp127 2 *tmp126
   362 op div :needsFourUnits.2:travel_time *tmp127 .SPEED
   363 op greaterThanEq *tmp123 :needsFourUnits.2:travel_time 47
   364 jump *label129 always
   365 label *label129
   366 jump *label130 equal *tmp123 false
   367 jump *label134 equal .UNIT_S2 null
   368 ubind .UNIT_S2
   369 sensor *tmp136 @unit @dead
   370 jump *label136 notEqual *tmp136 0
-    * label *label139
   371 sensor *tmp138 @unit @controller
   372 jump *label136 notEqual *tmp138 @this
-    * label *label138
   373 jump *label133 always
   374 label *label136
   375 label *label137
   376 label *label134
   377 label *label135
   378 ubind *tmp9
   379 set :rebindUnit.2:firstUnit @unit
   380 jump *label140 equal :rebindUnit.2:firstUnit null
   381 label *label142
   382 sensor *tmp143 @unit @controlled
   383 jump *label145 notEqual *tmp143 0
   384 jump *label133 always
   385 label *label145
   386 label *label146
   387 ubind *tmp9
 
   391 jump *label142 equal *tmp147 0
   392 label *label144
   393 label *label140
   394 label *label141
   395 end
   396 label *label133
   397 ucontrol flag 1
   398 set *tmp132 @unit
   399 jump *label132 always
   400 label *label132
   401 set .UNIT_S2 *tmp132
   402 jump *label150 equal .UNIT_P2 null
   403 ubind .UNIT_P2
   404 sensor *tmp153 @unit @dead
   405 jump *label152 notEqual *tmp153 0
-    * label *label155
   406 sensor *tmp155 @unit @controller
   407 jump *label152 notEqual *tmp155 @this
-    * label *label154
   408 jump *label149 always
   409 label *label152
   410 label *label153
   411 label *label150
   412 label *label151
   413 ubind *tmp9
   414 set :rebindUnit.3:firstUnit @unit
   415 jump *label156 equal :rebindUnit.3:firstUnit null
   416 label *label158
   417 sensor *tmp160 @unit @controlled
   418 jump *label161 notEqual *tmp160 0
   419 jump *label149 always
   420 label *label161
   421 label *label162
   422 ubind *tmp9
 
   424 jump *label160 equal @unit :rebindUnit.3:firstUnit
   425 sensor *tmp164 :rebindUnit.3:firstUnit @dead
   426 jump *label158 equal *tmp164 0
   427 label *label160
   428 label *label156
   429 label *label157
   430 end
   431 label *label149
   432 ucontrol flag 1
   433 set *tmp149 @unit
   434 jump *label148 always
   435 label *label148
   436 set .UNIT_P2 *tmp149
   437 sensor *tmp166 .UNIT_S1 @firstItem
   438 jump *label164 notEqual *tmp166 @phase-fabric
-    * label *label167
   439 sensor *tmp168 *tmp149 @firstItem
   440 jump *label164 equal *tmp168 @phase-fabric
-    * label *label166
   441 set :swap.1:t .UNIT_S1
   442 set .UNIT_S1 *tmp149
   443 set .UNIT_P2 :swap.1:t
   444 label *label168
   445 label *label164
   446 label *label165
   447 sensor *tmp171 *tmp132 @firstItem
   448 jump *label171 equal *tmp171 @phase-fabric
-    * label *label172
   449 sensor *tmp173 .UNIT_P2 @firstItem
   450 jump *label169 notEqual *tmp173 @silicon
   451 label *label171
   452 set .UNIT_S2 .UNIT_P2
   453 set .UNIT_P2 *tmp132
   454 label *label173
   455 label *label169
   456 label *label170
   457 set .GROUP1 "unit  1"
   458 set .GROUP2 "unit 2"
   459 jump *label131 always
   460 label *label130
   461 set :free:unit .UNIT_S2
   462 setaddr *tmp176 *label178
   463 jump *label175 always
 
   465 set :free:unit .UNIT_P2
   466 setaddr *tmp176 *label179
   467 label *label175
   468 ubind :free:unit
   469 ucontrol flag 0
   470 ucontrol unbind
   471 label *label176
   472 multijump *tmp176 0 0 (m:marker2)
   473 multilabel *label179 (m:marker2)
   474 label *label177
   475 label *label174
   476 set .UNIT_P2 null
   477 set .UNIT_S2 null
   478 set .GROUP1 "unit"
   479 label *label131
-    * jump *label182 equal *tmp123 false
-    * label *label183
-    * sensor *tmp178 .UNIT_S1 @totalItems
-    * sensor *tmp179 .UNIT_S2 @totalItems
-    * jump *label180 greaterThanEq *tmp178 *tmp179
+  480 jump *label180 notEqual *tmp123 false
   481 label *label182
   482 set *tmp181 true
   483 jump *label181 always
   484 label *label180
-    * set *tmp181 false
+  485 sensor *tmp178 .UNIT_S1 @totalItems
+  486 sensor *tmp179 .UNIT_S2 @totalItems
+  487 op lessThan *tmp181 *tmp178 *tmp179
   488 label *label181
   489 set .SUPPLY_S_FIRST *tmp181
-    * jump *label186 equal *tmp123 false
-    * label *label187
-    * sensor *tmp183 .UNIT_P1 @totalItems
-    * sensor *tmp184 .UNIT_P2 @totalItems
-    * jump *label184 greaterThanEq *tmp183 *tmp184
+  490 jump *label184 notEqual *tmp123 false
   491 label *label186
   492 set *tmp186 true
   493 jump *label185 always
   494 label *label184
-    * set *tmp186 false
+  495 sensor *tmp183 .UNIT_P1 @totalItems
+  496 sensor *tmp184 .UNIT_P2 @totalItems
+  497 op lessThan *tmp186 *tmp183 *tmp184
   498 label *label185
   499 set .SUPPLY_P_FIRST *tmp186
   500 op add :unitCheck @time 5000
   501 label *label188
   502 sensor *tmp188 switch1 @enabled
   503 jump *label190 equal *tmp188 false
   504 set :start @time
   505 print " === [gold]Supplying Overdrive Dome[] === "
   506 print "\n"
   507 print "\n"
   508 print "Unit type: [green]"
   509 print *tmp9
   510 print "["
   511 print "]"
   512 print "\n"
 
   519 print "]"
   520 print "\n"
   521 jump *label193 always
   522 label *label192
   523 print "  dome:  [coral]"
   524 print :printDomeStatus:level
   525 print "["
   526 print "]"
   527 print "\n"
   528 label *label193
   529 label *label191
   530 jump *label196 equal .UNIT_S1 null
   531 ubind .UNIT_S1
   532 sensor *tmp195 @unit @dead
   533 jump *label198 notEqual *tmp195 0
-    * label *label201
   534 sensor *tmp197 @unit @controller
   535 jump *label198 notEqual *tmp197 @this
-    * label *label200
   536 jump *label195 always
   537 label *label198
   538 label *label199
   539 label *label196
   540 label *label197
   541 ubind *tmp9
   542 set :rebindUnit.4:firstUnit @unit
   543 jump *label202 equal :rebindUnit.4:firstUnit null
   544 label *label204
   545 sensor *tmp202 @unit @controlled
   546 jump *label207 notEqual *tmp202 0
   547 jump *label195 always
   548 label *label207
   549 label *label208
   550 ubind *tmp9
   551 label *label205
   552 jump *label206 equal @unit :rebindUnit.4:firstUnit
   553 sensor *tmp206 :rebindUnit.4:firstUnit @dead
   554 jump *label204 equal *tmp206 0
   555 label *label206
   556 label *label202
   557 label *label203
   558 end
   559 label *label195
   560 sensor :processUnit:state @unit @flag
   561 set :processUnit:distance -1
   562 jump *label212 lessThan :processUnit:state 2
-    * label *label213
   563 jump *label210 lessThanEq :processUnit:state 3
   564 label *label212
   565 sensor *tmp212 @unit @firstItem
   566 jump *label214 notEqual *tmp212 @silicon
   567 set :processUnit:state 3
   568 jump *label215 always
   569 label *label214
   570 sensor *tmp215 @unit @totalItems
   571 jump *label216 notEqual *tmp215 0
   572 set :processUnit:state 2
   573 jump *label217 always
   574 label *label216
   575 set .MSG ", initializing\n"
   576 ucontrol approach .CORE_X .CORE_Y 6
   577 ucontrol within .CORE_X .CORE_Y 8 *tmp218
 
   658 print "] sec"
   659 print "\n"
   660 jump *label235 always
   661 label *label234
   662 print .MSG
   663 label *label235
   664 set :processUnit:unit @unit
   665 label *label194
   666 set .UNIT_S1 :processUnit:unit
   667 jump *label236 equal *tmp123 false
   668 op equal *tmp253 .SUPPLY_S_FIRST false
   669 jump *label240 equal .UNIT_S2 null
   670 ubind .UNIT_S2
   671 sensor *tmp257 @unit @dead
   672 jump *label242 notEqual *tmp257 0
-    * label *label245
   673 sensor *tmp259 @unit @controller
   674 jump *label242 notEqual *tmp259 @this
-    * label *label244
   675 jump *label239 always
   676 label *label242
   677 label *label243
   678 label *label240
   679 label *label241
   680 ubind *tmp9
   681 set :rebindUnit.5:firstUnit @unit
   682 jump *label246 equal :rebindUnit.5:firstUnit null
   683 label *label248
   684 sensor *tmp264 @unit @controlled
   685 jump *label251 notEqual *tmp264 0
   686 jump *label239 always
   687 label *label251
   688 label *label252
   689 ubind *tmp9
   690 label *label249
   691 jump *label250 equal @unit :rebindUnit.5:firstUnit
   692 sensor *tmp268 :rebindUnit.5:firstUnit @dead
   693 jump *label248 equal *tmp268 0
   694 label *label250
   695 label *label246
   696 label *label247
   697 end
   698 label *label239
   699 sensor :processUnit.1:state @unit @flag
   700 set :processUnit.1:distance -1
   701 jump *label256 lessThan :processUnit.1:state 2
-    * label *label257
   702 jump *label254 lessThanEq :processUnit.1:state 3
   703 label *label256
   704 sensor *tmp274 @unit @firstItem
   705 jump *label258 notEqual *tmp274 @silicon
   706 set :processUnit.1:state 3
   707 jump *label259 always
   708 label *label258
   709 sensor *tmp277 @unit @totalItems
   710 jump *label260 notEqual *tmp277 0
   711 set :processUnit.1:state 2
   712 jump *label261 always
   713 label *label260
   714 set .MSG ", initializing\n"
   715 ucontrol approach .CORE_X .CORE_Y 6
   716 ucontrol within .CORE_X .CORE_Y 8 *tmp280
 
   823 print "]"
   824 print "\n"
   825 jump *label284 always
   826 label *label283
   827 print "  dome:  [coral]"
   828 print :printDomeStatus.1:level
   829 print "["
   830 print "]"
   831 print "\n"
   832 label *label284
   833 label *label282
   834 jump *label287 equal .UNIT_P1 null
   835 ubind .UNIT_P1
   836 sensor *tmp325 @unit @dead
   837 jump *label289 notEqual *tmp325 0
-    * label *label292
   838 sensor *tmp327 @unit @controller
   839 jump *label289 notEqual *tmp327 @this
-    * label *label291
   840 jump *label286 always
   841 label *label289
   842 label *label290
   843 label *label287
   844 label *label288
   845 ubind *tmp9
   846 set :rebindUnit.6:firstUnit @unit
   847 jump *label293 equal :rebindUnit.6:firstUnit null
   848 label *label295
   849 sensor *tmp332 @unit @controlled
   850 jump *label298 notEqual *tmp332 0
   851 jump *label286 always
   852 label *label298
   853 label *label299
   854 ubind *tmp9
   855 label *label296
   856 jump *label297 equal @unit :rebindUnit.6:firstUnit
   857 sensor *tmp336 :rebindUnit.6:firstUnit @dead
   858 jump *label295 equal *tmp336 0
   859 label *label297
   860 label *label293
   861 label *label294
   862 end
   863 label *label286
   864 sensor :processUnit.2:state @unit @flag
   865 set :processUnit.2:distance -1
   866 jump *label303 lessThan :processUnit.2:state 2
-    * label *label304
   867 jump *label301 lessThanEq :processUnit.2:state 3
   868 label *label303
   869 sensor *tmp342 @unit @firstItem
   870 jump *label305 notEqual *tmp342 @phase-fabric
   871 set :processUnit.2:state 3
   872 jump *label306 always
   873 label *label305
   874 sensor *tmp345 @unit @totalItems
   875 jump *label307 notEqual *tmp345 0
   876 set :processUnit.2:state 2
   877 jump *label308 always
   878 label *label307
   879 set .MSG ", initializing\n"
   880 ucontrol approach .CORE_X .CORE_Y 6
   881 ucontrol within .CORE_X .CORE_Y 8 *tmp348
 
   962 print "] sec"
   963 print "\n"
   964 jump *label326 always
   965 label *label325
   966 print .MSG
   967 label *label326
   968 set :processUnit.2:unit @unit
   969 label *label285
   970 set .UNIT_P1 :processUnit.2:unit
   971 jump *label327 equal *tmp123 false
   972 op equal *tmp383 .SUPPLY_P_FIRST false
   973 jump *label331 equal .UNIT_P2 null
   974 ubind .UNIT_P2
   975 sensor *tmp387 @unit @dead
   976 jump *label333 notEqual *tmp387 0
-    * label *label336
   977 sensor *tmp389 @unit @controller
   978 jump *label333 notEqual *tmp389 @this
-    * label *label335
   979 jump *label330 always
   980 label *label333
   981 label *label334
   982 label *label331
   983 label *label332
   984 ubind *tmp9
   985 set :rebindUnit.7:firstUnit @unit
   986 jump *label337 equal :rebindUnit.7:firstUnit null
   987 label *label339
   988 sensor *tmp394 @unit @controlled
   989 jump *label342 notEqual *tmp394 0
   990 jump *label330 always
   991 label *label342
   992 label *label343
   993 ubind *tmp9
   994 label *label340
   995 jump *label341 equal @unit :rebindUnit.7:firstUnit
   996 sensor *tmp398 :rebindUnit.7:firstUnit @dead
   997 jump *label339 equal *tmp398 0
   998 label *label341
   999 label *label337
  1000 label *label338
  1001 end
  1002 label *label330
  1003 sensor :processUnit.3:state @unit @flag
  1004 set :processUnit.3:distance -1
  1005 jump *label347 lessThan :processUnit.3:state 2
-    * label *label348
  1006 jump *label345 lessThanEq :processUnit.3:state 3
  1007 label *label347
  1008 sensor *tmp404 @unit @firstItem
  1009 jump *label349 notEqual *tmp404 @phase-fabric
  1010 set :processUnit.3:state 3
  1011 jump *label350 always
  1012 label *label349
  1013 sensor *tmp407 @unit @totalItems
  1014 jump *label351 notEqual *tmp407 0
  1015 set :processUnit.3:state 2
  1016 jump *label352 always
  1017 label *label351
  1018 set .MSG ", initializing\n"
  1019 ucontrol approach .CORE_X .CORE_Y 6
  1020 ucontrol within .CORE_X .CORE_Y 8 *tmp410
 
  1115 sensor *tmp447 :processUnit.3:unit @totalItems
  1116 op equal *tmp444 *tmp447 0
  1117 label *label372
  1118 set .SUPPLY_P_FIRST *tmp444
  1119 label *label327
  1120 label *label328
  1121 op sub *tmp449 @time :start
  1122 op floor *tmp450 *tmp449
  1123 print "\n"
  1124 print "[lightgray]Loop time: "
  1125 print *tmp450
  1126 print " "
  1127 print "ms"
  1128 printflush message1
  1129 jump *label373 equal *tmp9 UNIT_TYPE
-    * label *label376
  1130 jump *label373 lessThanEq :unitCheck @time
-    * label *label375
  1131 set :areUnitsAvailable.2:free 0
  1132 set :areUnitsAvailable.2:occupied 0
  1133 set :areUnitsAvailable.2:needed 0
  1134 ubind UNIT_TYPE
  1135 set :areUnitsAvailable.2:firstUnit @unit
  1136 jump *label380 equal :areUnitsAvailable.2:firstUnit null
  1137 set :needsFourUnits.3:unit @unit
  1138 sensor *tmp462 :needsFourUnits.3:unit @speed
  1139 op div :needsFourUnits.3:travel_time *tmp127 *tmp462
  1140 op greaterThanEq *tmp457 :needsFourUnits.3:travel_time 47
  1141 jump *label384 always
  1142 label *label384
  1143 jump *label382 equal *tmp457 false
  1144 set *tmp465 4
  1145 jump *label383 always
  1146 label *label382
  1147 set *tmp465 2
  1148 label *label383
  1149 set :areUnitsAvailable.2:needed *tmp465
  1150 label *label385
  1151 sensor *tmp466 @unit @controlled
  1152 jump *label390 equal *tmp466 0
-    * label *label391
  1153 sensor *tmp468 @unit @controller
  1154 jump *label388 notEqual *tmp468 @this
  1155 label *label390
  1156 op add :areUnitsAvailable.2:free :areUnitsAvailable.2:free 1
  1157 jump *label392 lessThan :areUnitsAvailable.2:free *tmp465
  1158 set *tmp454 true
  1159 jump *label379 always
  1160 label *label392
  1161 label *label393
  1162 jump *label389 always
  1163 label *label388
  1164 op add :areUnitsAvailable.2:occupied :areUnitsAvailable.2:occupied 1
  1165 label *label389
  1166 ubind UNIT_TYPE
  1167 label *label386
 
  1217 label *label400
  1218 ubind :free.1:unit
  1219 ucontrol flag 0
  1220 ucontrol unbind
  1221 label *label401
  1222 multijump *tmp482 0 0 (m:marker3)
  1223 multilabel *label406 (m:marker3)
  1224 label *label402
  1225 label *label399
  1226 label *label1
  1227 end
  1228 label *label0
  1229 ubind :locateCore:type
  1230 sensor *tmp483 @unit @controlled
  1231 jump *label410 equal *tmp483 0
-    * label *label411
  1232 sensor *tmp485 @unit @controller
  1233 jump *label408 notEqual *tmp485 @this
  1234 label *label410
  1235 ulocate building core false @copper *tmp489 *tmp490 *tmp491 .CORE
  1236 label *label408
  1237 label *label409
  1238 set :locateCore*retval .CORE
  1239 label *label407
  1240 return :locateCore*retaddr
  1241 end

Modifications by #29: Iterated phase, If Expression Optimization, pass 1, iteration 1 (-4 instructions):
 
   466 setaddr *tmp176 *label179
   467 label *label175
   468 ubind :free:unit
   469 ucontrol flag 0
   470 ucontrol unbind
   471 label *label176
   472 multijump *tmp176 0 0 (m:marker2)
   473 multilabel *label179 (m:marker2)
   474 label *label177
   475 label *label174
   476 set .UNIT_P2 null
   477 set .UNIT_S2 null
   478 set .GROUP1 "unit"
   479 label *label131
   480 jump *label180 notEqual *tmp123 false
-    * set *tmp181 true
+  481 set .SUPPLY_S_FIRST true
   482 jump *label181 always
   483 label *label180
   484 sensor *tmp178 .UNIT_S1 @totalItems
   485 sensor *tmp179 .UNIT_S2 @totalItems
-    * op lessThan *tmp181 *tmp178 *tmp179
+  486 op lessThan .SUPPLY_S_FIRST *tmp178 *tmp179
   487 label *label181
-    * set .SUPPLY_S_FIRST *tmp181
   488 jump *label184 notEqual *tmp123 false
-    * set *tmp186 true
+  489 set .SUPPLY_P_FIRST true
   490 jump *label185 always
   491 label *label184
   492 sensor *tmp183 .UNIT_P1 @totalItems
   493 sensor *tmp184 .UNIT_P2 @totalItems
-    * op lessThan *tmp186 *tmp183 *tmp184
+  494 op lessThan .SUPPLY_P_FIRST *tmp183 *tmp184
   495 label *label185
-    * set .SUPPLY_P_FIRST *tmp186
   496 op add :unitCheck @time 5000
   497 label *label188
   498 sensor *tmp188 switch1 @enabled
   499 jump *label190 equal *tmp188 false
   500 set :start @time
   501 print " === [gold]Supplying Overdrive Dome[] === "
   502 print "\n"
   503 print "\n"
   504 print "Unit type: [green]"
   505 print *tmp9
   506 print "["
   507 print "]"
   508 print "\n"
   509 print "\n[green]Silicon[] status:\n"
   510 sensor :printDomeStatus:level dome1 @silicon
 
   789 jump *label278 lessThan :processUnit.1:distance 0
   790 print .MSG
   791 print :processUnit.1:distance
   792 print "["
   793 print "] sec"
   794 print "\n"
   795 jump *label279 always
   796 label *label278
   797 print .MSG
   798 label *label279
   799 set :processUnit.1:unit @unit
   800 label *label238
   801 set .UNIT_S2 :processUnit.1:unit
   802 jump *label280 equal .SUPPLY_S_FIRST false
   803 sensor *tmp315 :processUnit:unit @totalItems
-    * op greaterThan *tmp314 *tmp315 0
+  804 op greaterThan .SUPPLY_S_FIRST *tmp315 0
   805 jump *label281 always
   806 label *label280
   807 sensor *tmp317 :processUnit.1:unit @totalItems
-    * op equal *tmp314 *tmp317 0
+  808 op equal .SUPPLY_S_FIRST *tmp317 0
   809 label *label281
-    * set .SUPPLY_S_FIRST *tmp314
   810 label *label236
   811 label *label237
   812 print "\n[green]Phase fabric[] status:\n"
   813 sensor :printDomeStatus.1:level dome1 @phase-fabric
   814 jump *label283 lessThanEq :printDomeStatus.1:level 3
   815 print "  dome:  [green]"
   816 print :printDomeStatus.1:level
   817 print "["
   818 print "]"
   819 print "\n"
   820 jump *label284 always
   821 label *label283
   822 print "  dome:  [coral]"
   823 print :printDomeStatus.1:level
   824 print "["
 
  1092 jump *label369 lessThan :processUnit.3:distance 0
  1093 print .MSG
  1094 print :processUnit.3:distance
  1095 print "["
  1096 print "] sec"
  1097 print "\n"
  1098 jump *label370 always
  1099 label *label369
  1100 print .MSG
  1101 label *label370
  1102 set :processUnit.3:unit @unit
  1103 label *label329
  1104 set .UNIT_P2 :processUnit.3:unit
  1105 jump *label371 equal .SUPPLY_P_FIRST false
  1106 sensor *tmp445 :processUnit.2:unit @totalItems
-    * op greaterThan *tmp444 *tmp445 0
+ 1107 op greaterThan .SUPPLY_P_FIRST *tmp445 0
  1108 jump *label372 always
  1109 label *label371
  1110 sensor *tmp447 :processUnit.3:unit @totalItems
-    * op equal *tmp444 *tmp447 0
+ 1111 op equal .SUPPLY_P_FIRST *tmp447 0
  1112 label *label372
-    * set .SUPPLY_P_FIRST *tmp444
  1113 label *label327
  1114 label *label328
  1115 op sub *tmp449 @time :start
  1116 op floor *tmp450 *tmp449
  1117 print "\n"
  1118 print "[lightgray]Loop time: "
  1119 print *tmp450
  1120 print " "
  1121 print "ms"
  1122 printflush message1
  1123 jump *label373 equal *tmp9 UNIT_TYPE
  1124 jump *label373 lessThanEq :unitCheck @time
  1125 set :areUnitsAvailable.2:free 0
  1126 set :areUnitsAvailable.2:occupied 0
  1127 set :areUnitsAvailable.2:needed 0

Modifications by Unroll iteration loop at line 402:5 (+1 instructions):
 
  1182 label *label395
  1183 label *label396
  1184 set *tmp454 false
  1185 jump *label379 always
  1186 label *label379
  1187 jump *label377 equal *tmp454 false
  1188 jump *label190 always
  1189 label *label377
  1190 label *label378
  1191 op add :unitCheck @time 5000
  1192 label *label373
  1193 label *label374
  1194 label *label189
  1195 jump *label188 always
  1196 label *label190
-    * set :free.1:unit .UNIT_S1
-    * setaddr *tmp482 *label403
-    * jump *label400 always
-    * multilabel *label403 (m:marker3)
-    * set :free.1:unit .UNIT_P1
-    * setaddr *tmp482 *label404
-    * jump *label400 always
-    * multilabel *label404 (m:marker3)
-    * set :free.1:unit .UNIT_S2
-    * setaddr *tmp482 *label405
-    * jump *label400 always
-    * multilabel *label405 (m:marker3)
-    * set :free.1:unit .UNIT_P2
-    * setaddr *tmp482 *label406
-    * label *label400
-    * ubind :free.1:unit
-    * ucontrol flag 0
-    * ucontrol unbind
-    * label *label401
-    * multijump *tmp482 0 0 (m:marker3)
-    * multilabel *label406 (m:marker3)
-    * label *label402
+ 1197 set :free.1:unit .UNIT_S1
+ 1198 label *label415
+ 1199 ubind :free.1:unit
+ 1200 ucontrol flag 0
+ 1201 ucontrol unbind
+ 1202 label *label416
+ 1203 set :free.1:unit .UNIT_P1
+ 1204 label *label419
+ 1205 ubind :free.1:unit
+ 1206 ucontrol flag 0
+ 1207 ucontrol unbind
+ 1208 label *label420
+ 1209 set :free.1:unit .UNIT_S2
+ 1210 label *label423
+ 1211 ubind :free.1:unit
+ 1212 ucontrol flag 0
+ 1213 ucontrol unbind
+ 1214 label *label424
+ 1215 set :free.1:unit .UNIT_P2
+ 1216 label *label427
+ 1217 ubind :free.1:unit
+ 1218 ucontrol flag 0
+ 1219 ucontrol unbind
+ 1220 label *label428
+ 1221 label *label402
  1222 label *label399
  1223 label *label1
  1224 end
  1225 label *label0
  1226 ubind :locateCore:type
  1227 sensor *tmp483 @unit @controlled
  1228 jump *label410 equal *tmp483 0
  1229 sensor *tmp485 @unit @controller
  1230 jump *label408 notEqual *tmp485 @this
  1231 label *label410
  1232 ulocate building core false @copper *tmp489 *tmp490 *tmp491 .CORE
  1233 label *label408
  1234 label *label409
  1235 set :locateCore*retval .CORE
  1236 label *label407

Modifications by #36: Iterated phase, Data Flow Optimization, pass 1, iteration 1:
 
  1184 set *tmp454 false
  1185 jump *label379 always
  1186 label *label379
  1187 jump *label377 equal *tmp454 false
  1188 jump *label190 always
  1189 label *label377
  1190 label *label378
  1191 op add :unitCheck @time 5000
  1192 label *label373
  1193 label *label374
  1194 label *label189
  1195 jump *label188 always
  1196 label *label190
  1197 set :free.1:unit .UNIT_S1
  1198 label *label415
-    * ubind :free.1:unit
+ 1199 ubind .UNIT_S1
  1200 ucontrol flag 0
  1201 ucontrol unbind
  1202 label *label416
  1203 set :free.1:unit .UNIT_P1
  1204 label *label419
-    * ubind :free.1:unit
+ 1205 ubind .UNIT_P1
  1206 ucontrol flag 0
  1207 ucontrol unbind
  1208 label *label420
  1209 set :free.1:unit .UNIT_S2
  1210 label *label423
-    * ubind :free.1:unit
+ 1211 ubind .UNIT_S2
  1212 ucontrol flag 0
  1213 ucontrol unbind
  1214 label *label424
  1215 set :free.1:unit .UNIT_P2
  1216 label *label427
-    * ubind :free.1:unit
+ 1217 ubind .UNIT_P2
  1218 ucontrol flag 0
  1219 ucontrol unbind
  1220 label *label428
  1221 label *label402
  1222 label *label399
  1223 label *label1
  1224 end
  1225 label *label0
  1226 ubind :locateCore:type
  1227 sensor *tmp483 @unit @controlled
  1228 jump *label410 equal *tmp483 0
  1229 sensor *tmp485 @unit @controller
  1230 jump *label408 notEqual *tmp485 @this
  1231 label *label410
  1232 ulocate building core false @copper *tmp489 *tmp490 *tmp491 .CORE

Modifications by #37: Iterated phase, Data Flow Optimization, pass 1, iteration 2 (-4 instructions):
 
  1182 label *label395
  1183 label *label396
  1184 set *tmp454 false
  1185 jump *label379 always
  1186 label *label379
  1187 jump *label377 equal *tmp454 false
  1188 jump *label190 always
  1189 label *label377
  1190 label *label378
  1191 op add :unitCheck @time 5000
  1192 label *label373
  1193 label *label374
  1194 label *label189
  1195 jump *label188 always
  1196 label *label190
-    * set :free.1:unit .UNIT_S1
  1197 label *label415
  1198 ubind .UNIT_S1
  1199 ucontrol flag 0
  1200 ucontrol unbind
  1201 label *label416
-    * set :free.1:unit .UNIT_P1
  1202 label *label419
  1203 ubind .UNIT_P1
  1204 ucontrol flag 0
  1205 ucontrol unbind
  1206 label *label420
-    * set :free.1:unit .UNIT_S2
  1207 label *label423
  1208 ubind .UNIT_S2
  1209 ucontrol flag 0
  1210 ucontrol unbind
  1211 label *label424
-    * set :free.1:unit .UNIT_P2
  1212 label *label427
  1213 ubind .UNIT_P2
  1214 ucontrol flag 0
  1215 ucontrol unbind
  1216 label *label428
  1217 label *label402
  1218 label *label399
  1219 label *label1
  1220 end
  1221 label *label0
  1222 ubind :locateCore:type
  1223 sensor *tmp483 @unit @controlled
  1224 jump *label410 equal *tmp483 0
  1225 sensor *tmp485 @unit @controller
  1226 jump *label408 notEqual *tmp485 @this

Modifications by Unroll iteration loop at line 402:5 (-1 instructions):
 
   446 label *label165
   447 sensor *tmp171 *tmp132 @firstItem
   448 jump *label171 equal *tmp171 @phase-fabric
   449 sensor *tmp173 .UNIT_P2 @firstItem
   450 jump *label169 notEqual *tmp173 @silicon
   451 label *label171
   452 set .UNIT_S2 .UNIT_P2
   453 set .UNIT_P2 *tmp132
   454 label *label173
   455 label *label169
   456 label *label170
   457 set .GROUP1 "unit  1"
   458 set .GROUP2 "unit 2"
   459 jump *label131 always
   460 label *label130
-    * set :free:unit .UNIT_S2
-    * setaddr *tmp176 *label178
-    * jump *label175 always
-    * multilabel *label178 (m:marker2)
-    * set :free:unit .UNIT_P2
-    * setaddr *tmp176 *label179
-    * label *label175
-    * ubind :free:unit
-    * ucontrol flag 0
-    * ucontrol unbind
-    * label *label176
-    * multijump *tmp176 0 0 (m:marker2)
-    * multilabel *label179 (m:marker2)
-    * label *label177
+  461 set :free:unit .UNIT_S2
+  462 label *label432
+  463 ubind :free:unit
+  464 ucontrol flag 0
+  465 ucontrol unbind
+  466 label *label433
+  467 set :free:unit .UNIT_P2
+  468 label *label436
+  469 ubind :free:unit
+  470 ucontrol flag 0
+  471 ucontrol unbind
+  472 label *label437
+  473 label *label177
   474 label *label174
   475 set .UNIT_P2 null
   476 set .UNIT_S2 null
   477 set .GROUP1 "unit"
   478 label *label131
   479 jump *label180 notEqual *tmp123 false
   480 set .SUPPLY_S_FIRST true
   481 jump *label181 always
   482 label *label180
   483 sensor *tmp178 .UNIT_S1 @totalItems
   484 sensor *tmp179 .UNIT_S2 @totalItems
   485 op lessThan .SUPPLY_S_FIRST *tmp178 *tmp179
   486 label *label181
   487 jump *label184 notEqual *tmp123 false
   488 set .SUPPLY_P_FIRST true

Modifications by #43: Iterated phase, Data Flow Optimization, pass 1, iteration 1:
 
   448 jump *label171 equal *tmp171 @phase-fabric
   449 sensor *tmp173 .UNIT_P2 @firstItem
   450 jump *label169 notEqual *tmp173 @silicon
   451 label *label171
   452 set .UNIT_S2 .UNIT_P2
   453 set .UNIT_P2 *tmp132
   454 label *label173
   455 label *label169
   456 label *label170
   457 set .GROUP1 "unit  1"
   458 set .GROUP2 "unit 2"
   459 jump *label131 always
   460 label *label130
   461 set :free:unit .UNIT_S2
   462 label *label432
-    * ubind :free:unit
+  463 ubind .UNIT_S2
   464 ucontrol flag 0
   465 ucontrol unbind
   466 label *label433
   467 set :free:unit .UNIT_P2
   468 label *label436
-    * ubind :free:unit
+  469 ubind .UNIT_P2
   470 ucontrol flag 0
   471 ucontrol unbind
   472 label *label437
   473 label *label177
   474 label *label174
   475 set .UNIT_P2 null
   476 set .UNIT_S2 null
   477 set .GROUP1 "unit"
   478 label *label131
   479 jump *label180 notEqual *tmp123 false
   480 set .SUPPLY_S_FIRST true
   481 jump *label181 always
   482 label *label180
   483 sensor *tmp178 .UNIT_S1 @totalItems
   484 sensor *tmp179 .UNIT_S2 @totalItems

Modifications by #44: Iterated phase, Data Flow Optimization, pass 1, iteration 2 (-2 instructions):
 
   446 label *label165
   447 sensor *tmp171 *tmp132 @firstItem
   448 jump *label171 equal *tmp171 @phase-fabric
   449 sensor *tmp173 .UNIT_P2 @firstItem
   450 jump *label169 notEqual *tmp173 @silicon
   451 label *label171
   452 set .UNIT_S2 .UNIT_P2
   453 set .UNIT_P2 *tmp132
   454 label *label173
   455 label *label169
   456 label *label170
   457 set .GROUP1 "unit  1"
   458 set .GROUP2 "unit 2"
   459 jump *label131 always
   460 label *label130
-    * set :free:unit .UNIT_S2
   461 label *label432
   462 ubind .UNIT_S2
   463 ucontrol flag 0
   464 ucontrol unbind
   465 label *label433
-    * set :free:unit .UNIT_P2
   466 label *label436
   467 ubind .UNIT_P2
   468 ucontrol flag 0
   469 ucontrol unbind
   470 label *label437
   471 label *label177
   472 label *label174
   473 set .UNIT_P2 null
   474 set .UNIT_S2 null
   475 set .GROUP1 "unit"
   476 label *label131
   477 jump *label180 notEqual *tmp123 false
   478 set .SUPPLY_S_FIRST true
   479 jump *label181 always
   480 label *label180

Modifications by Unroll iteration loop at line 172:9 (+7 instructions):
 
     2 remark "If no units of this type exist, we'll try using other types."
     3 set UNIT_TYPE @flare
     4 remark "Do not modify anything below this line."
     5 label *label3
     6 jump *label5 notEqual dome1 null
     7 label *label412
     8 print "[gold]Waiting for an overdrive dome to be connected..."
     9 printflush message1
    10 label *label4
    11 jump *label412 equal dome1 null
    12 label *label5
    13 print "[gold]Locating core..."
    14 printflush message1
    15 set .CORE null
    16 label *label6
-    * set :locateDomeAndCore:type @flare
-    * setaddr *tmp1 *label12
-    * jump *label9 always
-    * multilabel *label12 (m:marker0)
-    * set :locateDomeAndCore:type @poly
-    * setaddr *tmp1 *label13
-    * jump *label9 always
-    * multilabel *label13 (m:marker0)
-    * set :locateDomeAndCore:type @mega
-    * setaddr *tmp1 *label14
-    * jump *label9 always
-    * multilabel *label14 (m:marker0)
-    * set :locateDomeAndCore:type @mono
-    * setaddr *tmp1 *label15
-    * label *label9
-    * set :locateCore:type :locateDomeAndCore:type
-    * setaddr :locateCore*retaddr *label18 (h:*label18)
-    * call *label0 *invalid :locateCore*retval (m:*label18) (h:*label18)
-    * label *label18
-    * jump *label16 equal :locateCore*retval false
-    * jump *label2 always
-    * label *label16
-    * label *label17
-    * label *label10
-    * multijump *tmp1 0 0 (m:marker0)
-    * multilabel *label15 (m:marker0)
-    * label *label11
+   17 set :locateDomeAndCore:type @flare
+   18 label *label441
+   19 set :locateCore:type :locateDomeAndCore:type
+   20 setaddr :locateCore*retaddr *label442 (h:*label442)
+   21 call *label0 *invalid :locateCore*retval (m:*label442) (h:*label442)
+   22 label *label442
+   23 jump *label443 equal :locateCore*retval false
+   24 jump *label2 always
+   25 label *label443
+   26 label *label444
+   27 label *label445
+   28 set :locateDomeAndCore:type @poly
+   29 label *label448
+   30 set :locateCore:type :locateDomeAndCore:type
+   31 setaddr :locateCore*retaddr *label449 (h:*label449)
+   32 call *label0 *invalid :locateCore*retval (m:*label449) (h:*label449)
+   33 label *label449
+   34 jump *label450 equal :locateCore*retval false
+   35 jump *label2 always
+   36 label *label450
+   37 label *label451
+   38 label *label452
+   39 set :locateDomeAndCore:type @mega
+   40 label *label455
+   41 set :locateCore:type :locateDomeAndCore:type
+   42 setaddr :locateCore*retaddr *label456 (h:*label456)
+   43 call *label0 *invalid :locateCore*retval (m:*label456) (h:*label456)
+   44 label *label456
+   45 jump *label457 equal :locateCore*retval false
+   46 jump *label2 always
+   47 label *label457
+   48 label *label458
+   49 label *label459
+   50 set :locateDomeAndCore:type @mono
+   51 label *label462
+   52 set :locateCore:type :locateDomeAndCore:type
+   53 setaddr :locateCore*retaddr *label463 (h:*label463)
+   54 call *label0 *invalid :locateCore*retval (m:*label463) (h:*label463)
+   55 label *label463
+   56 jump *label464 equal :locateCore*retval false
+   57 jump *label2 always
+   58 label *label464
+   59 label *label465
+   60 label *label466
+   61 label *label11
    62 label *label7
    63 jump *label6 always
    64 label *label8
    65 label *label2
    66 sensor .CORE_X .CORE @x
    67 sensor .CORE_Y .CORE @y
    68 sensor .DOME_X dome1 @x
    69 sensor .DOME_Y dome1 @y
    70 label *label19
    71 sensor *tmp7 switch1 @enabled
    72 jump *label21 notEqual *tmp7 false
    73 print "[coral]Activate switch to begin supplying overdrive dome..."
    74 print "\n"
    75 printflush message1
    76 label *label20

Modifications by #50: Iterated phase, Data Flow Optimization, pass 1, iteration 1:
 
     4 remark "Do not modify anything below this line."
     5 label *label3
     6 jump *label5 notEqual dome1 null
     7 label *label412
     8 print "[gold]Waiting for an overdrive dome to be connected..."
     9 printflush message1
    10 label *label4
    11 jump *label412 equal dome1 null
    12 label *label5
    13 print "[gold]Locating core..."
    14 printflush message1
    15 set .CORE null
    16 label *label6
    17 set :locateDomeAndCore:type @flare
    18 label *label441
-    * set :locateCore:type :locateDomeAndCore:type
+   19 set :locateCore:type @flare
    20 setaddr :locateCore*retaddr *label442 (h:*label442)
    21 call *label0 *invalid :locateCore*retval (m:*label442) (h:*label442)
    22 label *label442
    23 jump *label443 equal :locateCore*retval false
    24 jump *label2 always
    25 label *label443
    26 label *label444
    27 label *label445
    28 set :locateDomeAndCore:type @poly
    29 label *label448
-    * set :locateCore:type :locateDomeAndCore:type
+   30 set :locateCore:type @poly
    31 setaddr :locateCore*retaddr *label449 (h:*label449)
    32 call *label0 *invalid :locateCore*retval (m:*label449) (h:*label449)
    33 label *label449
    34 jump *label450 equal :locateCore*retval false
    35 jump *label2 always
    36 label *label450
    37 label *label451
    38 label *label452
    39 set :locateDomeAndCore:type @mega
    40 label *label455
-    * set :locateCore:type :locateDomeAndCore:type
+   41 set :locateCore:type @mega
    42 setaddr :locateCore*retaddr *label456 (h:*label456)
    43 call *label0 *invalid :locateCore*retval (m:*label456) (h:*label456)
    44 label *label456
    45 jump *label457 equal :locateCore*retval false
    46 jump *label2 always
    47 label *label457
    48 label *label458
    49 label *label459
    50 set :locateDomeAndCore:type @mono
    51 label *label462
-    * set :locateCore:type :locateDomeAndCore:type
+   52 set :locateCore:type @mono
    53 setaddr :locateCore*retaddr *label463 (h:*label463)
    54 call *label0 *invalid :locateCore*retval (m:*label463) (h:*label463)
    55 label *label463
    56 jump *label464 equal :locateCore*retval false
    57 jump *label2 always
    58 label *label464
    59 label *label465
    60 label *label466
    61 label *label11
    62 label *label7
    63 jump *label6 always
    64 label *label8
    65 label *label2
    66 sensor .CORE_X .CORE @x
    67 sensor .CORE_Y .CORE @y

Modifications by #51: Iterated phase, Data Flow Optimization, pass 1, iteration 2 (-4 instructions):
 
     2 remark "If no units of this type exist, we'll try using other types."
     3 set UNIT_TYPE @flare
     4 remark "Do not modify anything below this line."
     5 label *label3
     6 jump *label5 notEqual dome1 null
     7 label *label412
     8 print "[gold]Waiting for an overdrive dome to be connected..."
     9 printflush message1
    10 label *label4
    11 jump *label412 equal dome1 null
    12 label *label5
    13 print "[gold]Locating core..."
    14 printflush message1
    15 set .CORE null
    16 label *label6
-    * set :locateDomeAndCore:type @flare
    17 label *label441
    18 set :locateCore:type @flare
    19 setaddr :locateCore*retaddr *label442 (h:*label442)
    20 call *label0 *invalid :locateCore*retval (m:*label442) (h:*label442)
    21 label *label442
    22 jump *label443 equal :locateCore*retval false
    23 jump *label2 always
    24 label *label443
    25 label *label444
    26 label *label445
-    * set :locateDomeAndCore:type @poly
    27 label *label448
    28 set :locateCore:type @poly
    29 setaddr :locateCore*retaddr *label449 (h:*label449)
    30 call *label0 *invalid :locateCore*retval (m:*label449) (h:*label449)
    31 label *label449
    32 jump *label450 equal :locateCore*retval false
    33 jump *label2 always
    34 label *label450
    35 label *label451
    36 label *label452
-    * set :locateDomeAndCore:type @mega
    37 label *label455
    38 set :locateCore:type @mega
    39 setaddr :locateCore*retaddr *label456 (h:*label456)
    40 call *label0 *invalid :locateCore*retval (m:*label456) (h:*label456)
    41 label *label456
    42 jump *label457 equal :locateCore*retval false
    43 jump *label2 always
    44 label *label457
    45 label *label458
    46 label *label459
-    * set :locateDomeAndCore:type @mono
    47 label *label462
    48 set :locateCore:type @mono
    49 setaddr :locateCore*retaddr *label463 (h:*label463)
    50 call *label0 *invalid :locateCore*retval (m:*label463) (h:*label463)
    51 label *label463
    52 jump *label464 equal :locateCore*retval false
    53 jump *label2 always
    54 label *label464
    55 label *label465
    56 label *label466
    57 label *label11
    58 label *label7
    59 jump *label6 always
    60 label *label8
    61 label *label2

Modifications by Full loop rotation at line 57:5 (+1 instructions):
 
    54 label *label464
    55 label *label465
    56 label *label466
    57 label *label11
    58 label *label7
    59 jump *label6 always
    60 label *label8
    61 label *label2
    62 sensor .CORE_X .CORE @x
    63 sensor .CORE_Y .CORE @y
    64 sensor .DOME_X dome1 @x
    65 sensor .DOME_Y dome1 @y
    66 label *label19
    67 sensor *tmp7 switch1 @enabled
    68 jump *label21 notEqual *tmp7 false
+   69 label *label470
    70 print "[coral]Activate switch to begin supplying overdrive dome..."
    71 print "\n"
    72 printflush message1
    73 label *label20
-    * jump *label19 always
+   74 sensor *tmp7 switch1 @enabled
+   75 jump *label470 equal *tmp7 false
    76 label *label21
    77 label *label23
    78 printflush null
    79 print "[gold]Looking for suitable unit type:[]"
    80 print "\n"
    81 set :areUnitsAvailable:free 0
    82 set :areUnitsAvailable:occupied 0
    83 set :areUnitsAvailable:needed 0
    84 ubind UNIT_TYPE
    85 set :areUnitsAvailable:firstUnit @unit
    86 jump *label29 equal :areUnitsAvailable:firstUnit null
    87 set :needsFourUnits:unit @unit
    88 op sub *tmp14 .DOME_X .CORE_X
    89 op sub *tmp15 .DOME_Y .CORE_Y
    90 op len *tmp16 *tmp14 *tmp15

Modifications by Full loop rotation at line 122:5 (+1 instructions):
 
   498 sensor *tmp179 .UNIT_S2 @totalItems
   499 op lessThan .SUPPLY_S_FIRST *tmp178 *tmp179
   500 label *label181
   501 jump *label184 notEqual *tmp123 false
   502 set .SUPPLY_P_FIRST true
   503 jump *label185 always
   504 label *label184
   505 sensor *tmp183 .UNIT_P1 @totalItems
   506 sensor *tmp184 .UNIT_P2 @totalItems
   507 op lessThan .SUPPLY_P_FIRST *tmp183 *tmp184
   508 label *label185
   509 op add :unitCheck @time 5000
   510 label *label188
   511 sensor *tmp188 switch1 @enabled
   512 jump *label190 equal *tmp188 false
+  513 label *label471
   514 set :start @time
   515 print " === [gold]Supplying Overdrive Dome[] === "
   516 print "\n"
   517 print "\n"
   518 print "Unit type: [green]"
   519 print *tmp9
   520 print "["
   521 print "]"
   522 print "\n"
   523 print "\n[green]Silicon[] status:\n"
   524 sensor :printDomeStatus:level dome1 @silicon
   525 jump *label192 lessThanEq :printDomeStatus:level 3
   526 print "  dome:  [green]"
   527 print :printDomeStatus:level
   528 print "["
 
  1194 label *label398
  1195 print "\n"
  1196 label *label395
  1197 label *label396
  1198 set *tmp454 false
  1199 jump *label379 always
  1200 label *label379
  1201 jump *label377 equal *tmp454 false
  1202 jump *label190 always
  1203 label *label377
  1204 label *label378
  1205 op add :unitCheck @time 5000
  1206 label *label373
  1207 label *label374
  1208 label *label189
-    * jump *label188 always
+ 1209 sensor *tmp188 switch1 @enabled
+ 1210 jump *label471 notEqual *tmp188 false
  1211 label *label190
  1212 label *label415
  1213 ubind .UNIT_S1
  1214 ucontrol flag 0
  1215 ucontrol unbind
  1216 label *label416
  1217 label *label419
  1218 ubind .UNIT_P1
  1219 ucontrol flag 0
  1220 ucontrol unbind
  1221 label *label420
  1222 label *label423
  1223 ubind .UNIT_S2
  1224 ucontrol flag 0
  1225 ucontrol unbind

Modifications by Unroll iteration loop at line 204:9 (+151 instructions):
 
   137 print ", needed: "
   138 print :areUnitsAvailable:needed
   139 label *label46
   140 label *label47
   141 print "\n"
   142 label *label44
   143 label *label45
   144 set *tmp10 false
   145 jump *label28 always
   146 label *label28
   147 jump *label26 equal *tmp10 false
   148 set *tmp9 UNIT_TYPE
   149 jump *label22 always
   150 label *label26
   151 label *label27
-    * set :chooseUnitType:type @flare
-    * setaddr *tmp37 *label51
-    * jump *label48 always
-    * multilabel *label51 (m:marker1)
-    * set :chooseUnitType:type @poly
-    * setaddr *tmp37 *label52
-    * jump *label48 always
-    * multilabel *label52 (m:marker1)
-    * set :chooseUnitType:type @mega
-    * setaddr *tmp37 *label53
-    * jump *label48 always
-    * multilabel *label53 (m:marker1)
-    * set :chooseUnitType:type @mono
-    * setaddr *tmp37 *label54
-    * label *label48
-    * jump *label55 equal :chooseUnitType:type UNIT_TYPE
-    * set :areUnitsAvailable.1:free 0
-    * set :areUnitsAvailable.1:occupied 0
-    * set :areUnitsAvailable.1:needed 0
-    * ubind :chooseUnitType:type
-    * set :areUnitsAvailable.1:firstUnit @unit
-    * jump *label60 equal :areUnitsAvailable.1:firstUnit null
-    * set :needsFourUnits.1:unit @unit
-    * op sub *tmp44 .DOME_X .CORE_X
-    * op sub *tmp45 .DOME_Y .CORE_Y
-    * op len *tmp46 *tmp44 *tmp45
-    * op mul *tmp47 2 *tmp46
-    * sensor *tmp48 :needsFourUnits.1:unit @speed
-    * op div :needsFourUnits.1:travel_time *tmp47 *tmp48
-    * op greaterThanEq *tmp43 :needsFourUnits.1:travel_time 47
-    * jump *label64 always
-    * label *label64
-    * jump *label62 equal *tmp43 false
-    * set *tmp51 4
-    * jump *label63 always
-    * label *label62
-    * set *tmp51 2
-    * label *label63
-    * set :areUnitsAvailable.1:needed *tmp51
-    * label *label65
-    * sensor *tmp52 @unit @controlled
-    * jump *label70 equal *tmp52 0
-    * sensor *tmp54 @unit @controller
-    * jump *label68 notEqual *tmp54 @this
-    * label *label70
-    * op add :areUnitsAvailable.1:free :areUnitsAvailable.1:free 1
-    * jump *label72 lessThan :areUnitsAvailable.1:free *tmp51
-    * set *tmp40 true
-    * jump *label59 always
-    * label *label72
-    * label *label73
-    * jump *label69 always
-    * label *label68
-    * op add :areUnitsAvailable.1:occupied :areUnitsAvailable.1:occupied 1
-    * label *label69
-    * ubind :chooseUnitType:type
-    * label *label66
-    * jump *label67 equal @unit :areUnitsAvailable.1:firstUnit
-    * sensor *tmp61 :areUnitsAvailable.1:firstUnit @dead
-    * jump *label65 equal *tmp61 0
-    * label *label67
-    * label *label60
-    * label *label61
-    * jump *label75 equal true false
-    * print :chooseUnitType:type
-    * print ":"
-    * print " occupied: "
-    * print :areUnitsAvailable.1:occupied
-    * print ","
-    * print " free: "
-    * print :areUnitsAvailable.1:free
-    * jump *label77 lessThanEq :areUnitsAvailable.1:needed 0
-    * print ", needed: "
-    * print :areUnitsAvailable.1:needed
-    * label *label77
-    * label *label78
-    * print "\n"
-    * label *label75
-    * label *label76
-    * set *tmp40 false
-    * jump *label59 always
-    * label *label59
-    * jump *label57 equal *tmp40 false
-    * printflush null
-    * set *tmp9 :chooseUnitType:type
-    * jump *label22 always
-    * label *label57
-    * label *label58
-    * label *label55
-    * label *label56
-    * label *label49
-    * multijump *tmp37 0 0 (m:marker1)
-    * multilabel *label54 (m:marker1)
-    * label *label50
+  152 set :chooseUnitType:type @flare
+  153 label *label472
+  154 jump *label493 equal :chooseUnitType:type UNIT_TYPE
+  155 set :areUnitsAvailable.1:free 0
+  156 set :areUnitsAvailable.1:occupied 0
+  157 set :areUnitsAvailable.1:needed 0
+  158 ubind :chooseUnitType:type
+  159 set :areUnitsAvailable.1:firstUnit @unit
+  160 jump *label484 equal :areUnitsAvailable.1:firstUnit null
+  161 set :needsFourUnits.1:unit @unit
+  162 op sub *tmp44 .DOME_X .CORE_X
+  163 op sub *tmp45 .DOME_Y .CORE_Y
+  164 op len *tmp46 *tmp44 *tmp45
+  165 op mul *tmp47 2 *tmp46
+  166 sensor *tmp48 :needsFourUnits.1:unit @speed
+  167 op div :needsFourUnits.1:travel_time *tmp47 *tmp48
+  168 op greaterThanEq *tmp43 :needsFourUnits.1:travel_time 47
+  169 jump *label473 always
+  170 label *label473
+  171 jump *label474 equal *tmp43 false
+  172 set *tmp51 4
+  173 jump *label475 always
+  174 label *label474
+  175 set *tmp51 2
+  176 label *label475
+  177 set :areUnitsAvailable.1:needed *tmp51
+  178 label *label476
+  179 sensor *tmp52 @unit @controlled
+  180 jump *label477 equal *tmp52 0
+  181 sensor *tmp54 @unit @controller
+  182 jump *label480 notEqual *tmp54 @this
+  183 label *label477
+  184 op add :areUnitsAvailable.1:free :areUnitsAvailable.1:free 1
+  185 jump *label478 lessThan :areUnitsAvailable.1:free *tmp51
+  186 set *tmp40 true
+  187 jump *label490 always
+  188 label *label478
+  189 label *label479
+  190 jump *label481 always
+  191 label *label480
+  192 op add :areUnitsAvailable.1:occupied :areUnitsAvailable.1:occupied 1
+  193 label *label481
+  194 ubind :chooseUnitType:type
+  195 label *label482
+  196 jump *label483 equal @unit :areUnitsAvailable.1:firstUnit
+  197 sensor *tmp61 :areUnitsAvailable.1:firstUnit @dead
+  198 jump *label476 equal *tmp61 0
+  199 label *label483
+  200 label *label484
+  201 label *label485
+  202 jump *label488 equal true false
+  203 print :chooseUnitType:type
+  204 print ":"
+  205 print " occupied: "
+  206 print :areUnitsAvailable.1:occupied
+  207 print ","
+  208 print " free: "
+  209 print :areUnitsAvailable.1:free
+  210 jump *label486 lessThanEq :areUnitsAvailable.1:needed 0
+  211 print ", needed: "
+  212 print :areUnitsAvailable.1:needed
+  213 label *label486
+  214 label *label487
+  215 print "\n"
+  216 label *label488
+  217 label *label489
+  218 set *tmp40 false
+  219 jump *label490 always
+  220 label *label490
+  221 jump *label491 equal *tmp40 false
+  222 printflush null
+  223 set *tmp9 :chooseUnitType:type
+  224 jump *label22 always
+  225 label *label491
+  226 label *label492
+  227 label *label493
+  228 label *label494
+  229 label *label495
+  230 set :chooseUnitType:type @poly
+  231 label *label498
+  232 jump *label519 equal :chooseUnitType:type UNIT_TYPE
+  233 set :areUnitsAvailable.1:free 0
+  234 set :areUnitsAvailable.1:occupied 0
+  235 set :areUnitsAvailable.1:needed 0
+  236 ubind :chooseUnitType:type
+  237 set :areUnitsAvailable.1:firstUnit @unit
+  238 jump *label510 equal :areUnitsAvailable.1:firstUnit null
+  239 set :needsFourUnits.1:unit @unit
+  240 op sub *tmp44 .DOME_X .CORE_X
+  241 op sub *tmp45 .DOME_Y .CORE_Y
+  242 op len *tmp46 *tmp44 *tmp45
+  243 op mul *tmp47 2 *tmp46
+  244 sensor *tmp48 :needsFourUnits.1:unit @speed
+  245 op div :needsFourUnits.1:travel_time *tmp47 *tmp48
+  246 op greaterThanEq *tmp43 :needsFourUnits.1:travel_time 47
+  247 jump *label499 always
+  248 label *label499
+  249 jump *label500 equal *tmp43 false
+  250 set *tmp51 4
+  251 jump *label501 always
+  252 label *label500
+  253 set *tmp51 2
+  254 label *label501
+  255 set :areUnitsAvailable.1:needed *tmp51
+  256 label *label502
+  257 sensor *tmp52 @unit @controlled
+  258 jump *label503 equal *tmp52 0
+  259 sensor *tmp54 @unit @controller
+  260 jump *label506 notEqual *tmp54 @this
+  261 label *label503
+  262 op add :areUnitsAvailable.1:free :areUnitsAvailable.1:free 1
+  263 jump *label504 lessThan :areUnitsAvailable.1:free *tmp51
+  264 set *tmp40 true
+  265 jump *label516 always
+  266 label *label504
+  267 label *label505
+  268 jump *label507 always
+  269 label *label506
+  270 op add :areUnitsAvailable.1:occupied :areUnitsAvailable.1:occupied 1
+  271 label *label507
+  272 ubind :chooseUnitType:type
+  273 label *label508
+  274 jump *label509 equal @unit :areUnitsAvailable.1:firstUnit
+  275 sensor *tmp61 :areUnitsAvailable.1:firstUnit @dead
+  276 jump *label502 equal *tmp61 0
+  277 label *label509
+  278 label *label510
+  279 label *label511
+  280 jump *label514 equal true false
+  281 print :chooseUnitType:type
+  282 print ":"
+  283 print " occupied: "
+  284 print :areUnitsAvailable.1:occupied
+  285 print ","
+  286 print " free: "
+  287 print :areUnitsAvailable.1:free
+  288 jump *label512 lessThanEq :areUnitsAvailable.1:needed 0
+  289 print ", needed: "
+  290 print :areUnitsAvailable.1:needed
+  291 label *label512
+  292 label *label513
+  293 print "\n"
+  294 label *label514
+  295 label *label515
+  296 set *tmp40 false
+  297 jump *label516 always
+  298 label *label516
+  299 jump *label517 equal *tmp40 false
+  300 printflush null
+  301 set *tmp9 :chooseUnitType:type
+  302 jump *label22 always
+  303 label *label517
+  304 label *label518
+  305 label *label519
+  306 label *label520
+  307 label *label521
+  308 set :chooseUnitType:type @mega
+  309 label *label524
+  310 jump *label545 equal :chooseUnitType:type UNIT_TYPE
+  311 set :areUnitsAvailable.1:free 0
+  312 set :areUnitsAvailable.1:occupied 0
+  313 set :areUnitsAvailable.1:needed 0
+  314 ubind :chooseUnitType:type
+  315 set :areUnitsAvailable.1:firstUnit @unit
+  316 jump *label536 equal :areUnitsAvailable.1:firstUnit null
+  317 set :needsFourUnits.1:unit @unit
+  318 op sub *tmp44 .DOME_X .CORE_X
+  319 op sub *tmp45 .DOME_Y .CORE_Y
+  320 op len *tmp46 *tmp44 *tmp45
+  321 op mul *tmp47 2 *tmp46
+  322 sensor *tmp48 :needsFourUnits.1:unit @speed
+  323 op div :needsFourUnits.1:travel_time *tmp47 *tmp48
+  324 op greaterThanEq *tmp43 :needsFourUnits.1:travel_time 47
+  325 jump *label525 always
+  326 label *label525
+  327 jump *label526 equal *tmp43 false
+  328 set *tmp51 4
+  329 jump *label527 always
+  330 label *label526
+  331 set *tmp51 2
+  332 label *label527
+  333 set :areUnitsAvailable.1:needed *tmp51
+  334 label *label528
+  335 sensor *tmp52 @unit @controlled
+  336 jump *label529 equal *tmp52 0
+  337 sensor *tmp54 @unit @controller
+  338 jump *label532 notEqual *tmp54 @this
+  339 label *label529
+  340 op add :areUnitsAvailable.1:free :areUnitsAvailable.1:free 1
+  341 jump *label530 lessThan :areUnitsAvailable.1:free *tmp51
+  342 set *tmp40 true
+  343 jump *label542 always
+  344 label *label530
+  345 label *label531
+  346 jump *label533 always
+  347 label *label532
+  348 op add :areUnitsAvailable.1:occupied :areUnitsAvailable.1:occupied 1
+  349 label *label533
+  350 ubind :chooseUnitType:type
+  351 label *label534
+  352 jump *label535 equal @unit :areUnitsAvailable.1:firstUnit
+  353 sensor *tmp61 :areUnitsAvailable.1:firstUnit @dead
+  354 jump *label528 equal *tmp61 0
+  355 label *label535
+  356 label *label536
+  357 label *label537
+  358 jump *label540 equal true false
+  359 print :chooseUnitType:type
+  360 print ":"
+  361 print " occupied: "
+  362 print :areUnitsAvailable.1:occupied
+  363 print ","
+  364 print " free: "
+  365 print :areUnitsAvailable.1:free
+  366 jump *label538 lessThanEq :areUnitsAvailable.1:needed 0
+  367 print ", needed: "
+  368 print :areUnitsAvailable.1:needed
+  369 label *label538
+  370 label *label539
+  371 print "\n"
+  372 label *label540
+  373 label *label541
+  374 set *tmp40 false
+  375 jump *label542 always
+  376 label *label542
+  377 jump *label543 equal *tmp40 false
+  378 printflush null
+  379 set *tmp9 :chooseUnitType:type
+  380 jump *label22 always
+  381 label *label543
+  382 label *label544
+  383 label *label545
+  384 label *label546
+  385 label *label547
+  386 set :chooseUnitType:type @mono
+  387 label *label550
+  388 jump *label571 equal :chooseUnitType:type UNIT_TYPE
+  389 set :areUnitsAvailable.1:free 0
+  390 set :areUnitsAvailable.1:occupied 0
+  391 set :areUnitsAvailable.1:needed 0
+  392 ubind :chooseUnitType:type
+  393 set :areUnitsAvailable.1:firstUnit @unit
+  394 jump *label562 equal :areUnitsAvailable.1:firstUnit null
+  395 set :needsFourUnits.1:unit @unit
+  396 op sub *tmp44 .DOME_X .CORE_X
+  397 op sub *tmp45 .DOME_Y .CORE_Y
+  398 op len *tmp46 *tmp44 *tmp45
+  399 op mul *tmp47 2 *tmp46
+  400 sensor *tmp48 :needsFourUnits.1:unit @speed
+  401 op div :needsFourUnits.1:travel_time *tmp47 *tmp48
+  402 op greaterThanEq *tmp43 :needsFourUnits.1:travel_time 47
+  403 jump *label551 always
+  404 label *label551
+  405 jump *label552 equal *tmp43 false
+  406 set *tmp51 4
+  407 jump *label553 always
+  408 label *label552
+  409 set *tmp51 2
+  410 label *label553
+  411 set :areUnitsAvailable.1:needed *tmp51
+  412 label *label554
+  413 sensor *tmp52 @unit @controlled
+  414 jump *label555 equal *tmp52 0
+  415 sensor *tmp54 @unit @controller
+  416 jump *label558 notEqual *tmp54 @this
+  417 label *label555
+  418 op add :areUnitsAvailable.1:free :areUnitsAvailable.1:free 1
+  419 jump *label556 lessThan :areUnitsAvailable.1:free *tmp51
+  420 set *tmp40 true
+  421 jump *label568 always
+  422 label *label556
+  423 label *label557
+  424 jump *label559 always
+  425 label *label558
+  426 op add :areUnitsAvailable.1:occupied :areUnitsAvailable.1:occupied 1
+  427 label *label559
+  428 ubind :chooseUnitType:type
+  429 label *label560
+  430 jump *label561 equal @unit :areUnitsAvailable.1:firstUnit
+  431 sensor *tmp61 :areUnitsAvailable.1:firstUnit @dead
+  432 jump *label554 equal *tmp61 0
+  433 label *label561
+  434 label *label562
+  435 label *label563
+  436 jump *label566 equal true false
+  437 print :chooseUnitType:type
+  438 print ":"
+  439 print " occupied: "
+  440 print :areUnitsAvailable.1:occupied
+  441 print ","
+  442 print " free: "
+  443 print :areUnitsAvailable.1:free
+  444 jump *label564 lessThanEq :areUnitsAvailable.1:needed 0
+  445 print ", needed: "
+  446 print :areUnitsAvailable.1:needed
+  447 label *label564
+  448 label *label565
+  449 print "\n"
+  450 label *label566
+  451 label *label567
+  452 set *tmp40 false
+  453 jump *label568 always
+  454 label *label568
+  455 jump *label569 equal *tmp40 false
+  456 printflush null
+  457 set *tmp9 :chooseUnitType:type
+  458 jump *label22 always
+  459 label *label569
+  460 label *label570
+  461 label *label571
+  462 label *label572
+  463 label *label573
+  464 label *label50
   465 printflush message1
   466 label *label24
   467 jump *label23 always
   468 label *label25
   469 set *tmp9 null
   470 label *label22
   471 print "[gold]Binding units..."
   472 printflush message1
   473 set .UNIT_P2 null
   474 set .UNIT_S2 null
   475 set .UNIT_P1 null
   476 set .UNIT_S1 null
   477 set :rebindUnits:count 0
   478 ubind *tmp9
   479 set :rebindUnits:firstUnit @unit

Modifications by #67: Iterated phase, Data Flow Optimization, pass 1, iteration 1:
 
   139 label *label46
   140 label *label47
   141 print "\n"
   142 label *label44
   143 label *label45
   144 set *tmp10 false
   145 jump *label28 always
   146 label *label28
   147 jump *label26 equal *tmp10 false
   148 set *tmp9 UNIT_TYPE
   149 jump *label22 always
   150 label *label26
   151 label *label27
   152 set :chooseUnitType:type @flare
   153 label *label472
-    * jump *label493 equal :chooseUnitType:type UNIT_TYPE
+  154 jump *label493 equal @flare UNIT_TYPE
   155 set :areUnitsAvailable.1:free 0
   156 set :areUnitsAvailable.1:occupied 0
   157 set :areUnitsAvailable.1:needed 0
-    * ubind :chooseUnitType:type
+  158 ubind @flare
   159 set :areUnitsAvailable.1:firstUnit @unit
   160 jump *label484 equal :areUnitsAvailable.1:firstUnit null
   161 set :needsFourUnits.1:unit @unit
   162 op sub *tmp44 .DOME_X .CORE_X
   163 op sub *tmp45 .DOME_Y .CORE_Y
   164 op len *tmp46 *tmp44 *tmp45
   165 op mul *tmp47 2 *tmp46
   166 sensor *tmp48 :needsFourUnits.1:unit @speed
   167 op div :needsFourUnits.1:travel_time *tmp47 *tmp48
   168 op greaterThanEq *tmp43 :needsFourUnits.1:travel_time 47
   169 jump *label473 always
   170 label *label473
   171 jump *label474 equal *tmp43 false
   172 set *tmp51 4
   173 jump *label475 always
 
   179 sensor *tmp52 @unit @controlled
   180 jump *label477 equal *tmp52 0
   181 sensor *tmp54 @unit @controller
   182 jump *label480 notEqual *tmp54 @this
   183 label *label477
   184 op add :areUnitsAvailable.1:free :areUnitsAvailable.1:free 1
   185 jump *label478 lessThan :areUnitsAvailable.1:free *tmp51
   186 set *tmp40 true
   187 jump *label490 always
   188 label *label478
   189 label *label479
   190 jump *label481 always
   191 label *label480
   192 op add :areUnitsAvailable.1:occupied :areUnitsAvailable.1:occupied 1
   193 label *label481
-    * ubind :chooseUnitType:type
+  194 ubind @flare
   195 label *label482
   196 jump *label483 equal @unit :areUnitsAvailable.1:firstUnit
   197 sensor *tmp61 :areUnitsAvailable.1:firstUnit @dead
   198 jump *label476 equal *tmp61 0
   199 label *label483
   200 label *label484
   201 label *label485
   202 jump *label488 equal true false
-    * print :chooseUnitType:type
+  203 print @flare
   204 print ":"
   205 print " occupied: "
   206 print :areUnitsAvailable.1:occupied
   207 print ","
   208 print " free: "
   209 print :areUnitsAvailable.1:free
   210 jump *label486 lessThanEq :areUnitsAvailable.1:needed 0
   211 print ", needed: "
   212 print :areUnitsAvailable.1:needed
   213 label *label486
   214 label *label487
   215 print "\n"
   216 label *label488
   217 label *label489
   218 set *tmp40 false
   219 jump *label490 always
   220 label *label490
   221 jump *label491 equal *tmp40 false
   222 printflush null
-    * set *tmp9 :chooseUnitType:type
+  223 set *tmp9 @flare
   224 jump *label22 always
   225 label *label491
   226 label *label492
   227 label *label493
   228 label *label494
   229 label *label495
   230 set :chooseUnitType:type @poly
   231 label *label498
-    * jump *label519 equal :chooseUnitType:type UNIT_TYPE
+  232 jump *label519 equal @poly UNIT_TYPE
   233 set :areUnitsAvailable.1:free 0
   234 set :areUnitsAvailable.1:occupied 0
   235 set :areUnitsAvailable.1:needed 0
-    * ubind :chooseUnitType:type
+  236 ubind @poly
   237 set :areUnitsAvailable.1:firstUnit @unit
   238 jump *label510 equal :areUnitsAvailable.1:firstUnit null
   239 set :needsFourUnits.1:unit @unit
   240 op sub *tmp44 .DOME_X .CORE_X
   241 op sub *tmp45 .DOME_Y .CORE_Y
   242 op len *tmp46 *tmp44 *tmp45
   243 op mul *tmp47 2 *tmp46
   244 sensor *tmp48 :needsFourUnits.1:unit @speed
   245 op div :needsFourUnits.1:travel_time *tmp47 *tmp48
   246 op greaterThanEq *tmp43 :needsFourUnits.1:travel_time 47
   247 jump *label499 always
   248 label *label499
   249 jump *label500 equal *tmp43 false
   250 set *tmp51 4
   251 jump *label501 always
 
   257 sensor *tmp52 @unit @controlled
   258 jump *label503 equal *tmp52 0
   259 sensor *tmp54 @unit @controller
   260 jump *label506 notEqual *tmp54 @this
   261 label *label503
   262 op add :areUnitsAvailable.1:free :areUnitsAvailable.1:free 1
   263 jump *label504 lessThan :areUnitsAvailable.1:free *tmp51
   264 set *tmp40 true
   265 jump *label516 always
   266 label *label504
   267 label *label505
   268 jump *label507 always
   269 label *label506
   270 op add :areUnitsAvailable.1:occupied :areUnitsAvailable.1:occupied 1
   271 label *label507
-    * ubind :chooseUnitType:type
+  272 ubind @poly
   273 label *label508
   274 jump *label509 equal @unit :areUnitsAvailable.1:firstUnit
   275 sensor *tmp61 :areUnitsAvailable.1:firstUnit @dead
   276 jump *label502 equal *tmp61 0
   277 label *label509
   278 label *label510
   279 label *label511
   280 jump *label514 equal true false
-    * print :chooseUnitType:type
+  281 print @poly
   282 print ":"
   283 print " occupied: "
   284 print :areUnitsAvailable.1:occupied
   285 print ","
   286 print " free: "
   287 print :areUnitsAvailable.1:free
   288 jump *label512 lessThanEq :areUnitsAvailable.1:needed 0
   289 print ", needed: "
   290 print :areUnitsAvailable.1:needed
   291 label *label512
   292 label *label513
   293 print "\n"
   294 label *label514
   295 label *label515
   296 set *tmp40 false
   297 jump *label516 always
   298 label *label516
   299 jump *label517 equal *tmp40 false
   300 printflush null
-    * set *tmp9 :chooseUnitType:type
+  301 set *tmp9 @poly
   302 jump *label22 always
   303 label *label517
   304 label *label518
   305 label *label519
   306 label *label520
   307 label *label521
   308 set :chooseUnitType:type @mega
   309 label *label524
-    * jump *label545 equal :chooseUnitType:type UNIT_TYPE
+  310 jump *label545 equal @mega UNIT_TYPE
   311 set :areUnitsAvailable.1:free 0
   312 set :areUnitsAvailable.1:occupied 0
   313 set :areUnitsAvailable.1:needed 0
-    * ubind :chooseUnitType:type
+  314 ubind @mega
   315 set :areUnitsAvailable.1:firstUnit @unit
   316 jump *label536 equal :areUnitsAvailable.1:firstUnit null
   317 set :needsFourUnits.1:unit @unit
   318 op sub *tmp44 .DOME_X .CORE_X
   319 op sub *tmp45 .DOME_Y .CORE_Y
   320 op len *tmp46 *tmp44 *tmp45
   321 op mul *tmp47 2 *tmp46
   322 sensor *tmp48 :needsFourUnits.1:unit @speed
   323 op div :needsFourUnits.1:travel_time *tmp47 *tmp48
   324 op greaterThanEq *tmp43 :needsFourUnits.1:travel_time 47
   325 jump *label525 always
   326 label *label525
   327 jump *label526 equal *tmp43 false
   328 set *tmp51 4
   329 jump *label527 always
 
   335 sensor *tmp52 @unit @controlled
   336 jump *label529 equal *tmp52 0
   337 sensor *tmp54 @unit @controller
   338 jump *label532 notEqual *tmp54 @this
   339 label *label529
   340 op add :areUnitsAvailable.1:free :areUnitsAvailable.1:free 1
   341 jump *label530 lessThan :areUnitsAvailable.1:free *tmp51
   342 set *tmp40 true
   343 jump *label542 always
   344 label *label530
   345 label *label531
   346 jump *label533 always
   347 label *label532
   348 op add :areUnitsAvailable.1:occupied :areUnitsAvailable.1:occupied 1
   349 label *label533
-    * ubind :chooseUnitType:type
+  350 ubind @mega
   351 label *label534
   352 jump *label535 equal @unit :areUnitsAvailable.1:firstUnit
   353 sensor *tmp61 :areUnitsAvailable.1:firstUnit @dead
   354 jump *label528 equal *tmp61 0
   355 label *label535
   356 label *label536
   357 label *label537
   358 jump *label540 equal true false
-    * print :chooseUnitType:type
+  359 print @mega
   360 print ":"
   361 print " occupied: "
   362 print :areUnitsAvailable.1:occupied
   363 print ","
   364 print " free: "
   365 print :areUnitsAvailable.1:free
   366 jump *label538 lessThanEq :areUnitsAvailable.1:needed 0
   367 print ", needed: "
   368 print :areUnitsAvailable.1:needed
   369 label *label538
   370 label *label539
   371 print "\n"
   372 label *label540
   373 label *label541
   374 set *tmp40 false
   375 jump *label542 always
   376 label *label542
   377 jump *label543 equal *tmp40 false
   378 printflush null
-    * set *tmp9 :chooseUnitType:type
+  379 set *tmp9 @mega
   380 jump *label22 always
   381 label *label543
   382 label *label544
   383 label *label545
   384 label *label546
   385 label *label547
   386 set :chooseUnitType:type @mono
   387 label *label550
-    * jump *label571 equal :chooseUnitType:type UNIT_TYPE
+  388 jump *label571 equal @mono UNIT_TYPE
   389 set :areUnitsAvailable.1:free 0
   390 set :areUnitsAvailable.1:occupied 0
   391 set :areUnitsAvailable.1:needed 0
-    * ubind :chooseUnitType:type
+  392 ubind @mono
   393 set :areUnitsAvailable.1:firstUnit @unit
   394 jump *label562 equal :areUnitsAvailable.1:firstUnit null
   395 set :needsFourUnits.1:unit @unit
   396 op sub *tmp44 .DOME_X .CORE_X
   397 op sub *tmp45 .DOME_Y .CORE_Y
   398 op len *tmp46 *tmp44 *tmp45
   399 op mul *tmp47 2 *tmp46
   400 sensor *tmp48 :needsFourUnits.1:unit @speed
   401 op div :needsFourUnits.1:travel_time *tmp47 *tmp48
   402 op greaterThanEq *tmp43 :needsFourUnits.1:travel_time 47
   403 jump *label551 always
   404 label *label551
   405 jump *label552 equal *tmp43 false
   406 set *tmp51 4
   407 jump *label553 always
 
   413 sensor *tmp52 @unit @controlled
   414 jump *label555 equal *tmp52 0
   415 sensor *tmp54 @unit @controller
   416 jump *label558 notEqual *tmp54 @this
   417 label *label555
   418 op add :areUnitsAvailable.1:free :areUnitsAvailable.1:free 1
   419 jump *label556 lessThan :areUnitsAvailable.1:free *tmp51
   420 set *tmp40 true
   421 jump *label568 always
   422 label *label556
   423 label *label557
   424 jump *label559 always
   425 label *label558
   426 op add :areUnitsAvailable.1:occupied :areUnitsAvailable.1:occupied 1
   427 label *label559
-    * ubind :chooseUnitType:type
+  428 ubind @mono
   429 label *label560
   430 jump *label561 equal @unit :areUnitsAvailable.1:firstUnit
   431 sensor *tmp61 :areUnitsAvailable.1:firstUnit @dead
   432 jump *label554 equal *tmp61 0
   433 label *label561
   434 label *label562
   435 label *label563
   436 jump *label566 equal true false
-    * print :chooseUnitType:type
+  437 print @mono
   438 print ":"
   439 print " occupied: "
   440 print :areUnitsAvailable.1:occupied
   441 print ","
   442 print " free: "
   443 print :areUnitsAvailable.1:free
   444 jump *label564 lessThanEq :areUnitsAvailable.1:needed 0
   445 print ", needed: "
   446 print :areUnitsAvailable.1:needed
   447 label *label564
   448 label *label565
   449 print "\n"
   450 label *label566
   451 label *label567
   452 set *tmp40 false
   453 jump *label568 always
   454 label *label568
   455 jump *label569 equal *tmp40 false
   456 printflush null
-    * set *tmp9 :chooseUnitType:type
+  457 set *tmp9 @mono
   458 jump *label22 always
   459 label *label569
   460 label *label570
   461 label *label571
   462 label *label572
   463 label *label573
   464 label *label50
   465 printflush message1
   466 label *label24
   467 jump *label23 always
   468 label *label25
   469 set *tmp9 null
   470 label *label22
   471 print "[gold]Binding units..."
   472 printflush message1

Modifications by #68: Iterated phase, Data Flow Optimization, pass 1, iteration 2 (-4 instructions):
 
   137 print ", needed: "
   138 print :areUnitsAvailable:needed
   139 label *label46
   140 label *label47
   141 print "\n"
   142 label *label44
   143 label *label45
   144 set *tmp10 false
   145 jump *label28 always
   146 label *label28
   147 jump *label26 equal *tmp10 false
   148 set *tmp9 UNIT_TYPE
   149 jump *label22 always
   150 label *label26
   151 label *label27
-    * set :chooseUnitType:type @flare
   152 label *label472
   153 jump *label493 equal @flare UNIT_TYPE
   154 set :areUnitsAvailable.1:free 0
   155 set :areUnitsAvailable.1:occupied 0
   156 set :areUnitsAvailable.1:needed 0
   157 ubind @flare
   158 set :areUnitsAvailable.1:firstUnit @unit
   159 jump *label484 equal :areUnitsAvailable.1:firstUnit null
   160 set :needsFourUnits.1:unit @unit
   161 op sub *tmp44 .DOME_X .CORE_X
   162 op sub *tmp45 .DOME_Y .CORE_Y
   163 op len *tmp46 *tmp44 *tmp45
   164 op mul *tmp47 2 *tmp46
   165 sensor *tmp48 :needsFourUnits.1:unit @speed
   166 op div :needsFourUnits.1:travel_time *tmp47 *tmp48
 
   214 print "\n"
   215 label *label488
   216 label *label489
   217 set *tmp40 false
   218 jump *label490 always
   219 label *label490
   220 jump *label491 equal *tmp40 false
   221 printflush null
   222 set *tmp9 @flare
   223 jump *label22 always
   224 label *label491
   225 label *label492
   226 label *label493
   227 label *label494
   228 label *label495
-    * set :chooseUnitType:type @poly
   229 label *label498
   230 jump *label519 equal @poly UNIT_TYPE
   231 set :areUnitsAvailable.1:free 0
   232 set :areUnitsAvailable.1:occupied 0
   233 set :areUnitsAvailable.1:needed 0
   234 ubind @poly
   235 set :areUnitsAvailable.1:firstUnit @unit
   236 jump *label510 equal :areUnitsAvailable.1:firstUnit null
   237 set :needsFourUnits.1:unit @unit
   238 op sub *tmp44 .DOME_X .CORE_X
   239 op sub *tmp45 .DOME_Y .CORE_Y
   240 op len *tmp46 *tmp44 *tmp45
   241 op mul *tmp47 2 *tmp46
   242 sensor *tmp48 :needsFourUnits.1:unit @speed
   243 op div :needsFourUnits.1:travel_time *tmp47 *tmp48
 
   291 print "\n"
   292 label *label514
   293 label *label515
   294 set *tmp40 false
   295 jump *label516 always
   296 label *label516
   297 jump *label517 equal *tmp40 false
   298 printflush null
   299 set *tmp9 @poly
   300 jump *label22 always
   301 label *label517
   302 label *label518
   303 label *label519
   304 label *label520
   305 label *label521
-    * set :chooseUnitType:type @mega
   306 label *label524
   307 jump *label545 equal @mega UNIT_TYPE
   308 set :areUnitsAvailable.1:free 0
   309 set :areUnitsAvailable.1:occupied 0
   310 set :areUnitsAvailable.1:needed 0
   311 ubind @mega
   312 set :areUnitsAvailable.1:firstUnit @unit
   313 jump *label536 equal :areUnitsAvailable.1:firstUnit null
   314 set :needsFourUnits.1:unit @unit
   315 op sub *tmp44 .DOME_X .CORE_X
   316 op sub *tmp45 .DOME_Y .CORE_Y
   317 op len *tmp46 *tmp44 *tmp45
   318 op mul *tmp47 2 *tmp46
   319 sensor *tmp48 :needsFourUnits.1:unit @speed
   320 op div :needsFourUnits.1:travel_time *tmp47 *tmp48
 
   368 print "\n"
   369 label *label540
   370 label *label541
   371 set *tmp40 false
   372 jump *label542 always
   373 label *label542
   374 jump *label543 equal *tmp40 false
   375 printflush null
   376 set *tmp9 @mega
   377 jump *label22 always
   378 label *label543
   379 label *label544
   380 label *label545
   381 label *label546
   382 label *label547
-    * set :chooseUnitType:type @mono
   383 label *label550
   384 jump *label571 equal @mono UNIT_TYPE
   385 set :areUnitsAvailable.1:free 0
   386 set :areUnitsAvailable.1:occupied 0
   387 set :areUnitsAvailable.1:needed 0
   388 ubind @mono
   389 set :areUnitsAvailable.1:firstUnit @unit
   390 jump *label562 equal :areUnitsAvailable.1:firstUnit null
   391 set :needsFourUnits.1:unit @unit
   392 op sub *tmp44 .DOME_X .CORE_X
   393 op sub *tmp45 .DOME_Y .CORE_Y
   394 op len *tmp46 *tmp44 *tmp45
   395 op mul *tmp47 2 *tmp46
   396 sensor *tmp48 :needsFourUnits.1:unit @speed
   397 op div :needsFourUnits.1:travel_time *tmp47 *tmp48

Modifications by #71: Iterated phase, Jump Normalization, pass 2, iteration 1 (-5 instructions):
 
   113 jump *label28 always
   114 label *label41
   115 label *label42
   116 jump *label38 always
   117 label *label37
   118 op add :areUnitsAvailable:occupied :areUnitsAvailable:occupied 1
   119 label *label38
   120 ubind UNIT_TYPE
   121 label *label35
   122 jump *label36 equal @unit :areUnitsAvailable:firstUnit
   123 sensor *tmp31 :areUnitsAvailable:firstUnit @dead
   124 jump *label34 equal *tmp31 0
   125 label *label36
   126 label *label29
   127 label *label30
-    * jump *label44 equal true false
   128 print UNIT_TYPE
   129 print ":"
   130 print " occupied: "
   131 print :areUnitsAvailable:occupied
   132 print ","
   133 print " free: "
   134 print :areUnitsAvailable:free
   135 jump *label46 lessThanEq :areUnitsAvailable:needed 0
   136 print ", needed: "
   137 print :areUnitsAvailable:needed
   138 label *label46
   139 label *label47
   140 print "\n"
   141 label *label44
   142 label *label45
 
   185 jump *label490 always
   186 label *label478
   187 label *label479
   188 jump *label481 always
   189 label *label480
   190 op add :areUnitsAvailable.1:occupied :areUnitsAvailable.1:occupied 1
   191 label *label481
   192 ubind @flare
   193 label *label482
   194 jump *label483 equal @unit :areUnitsAvailable.1:firstUnit
   195 sensor *tmp61 :areUnitsAvailable.1:firstUnit @dead
   196 jump *label476 equal *tmp61 0
   197 label *label483
   198 label *label484
   199 label *label485
-    * jump *label488 equal true false
   200 print @flare
   201 print ":"
   202 print " occupied: "
   203 print :areUnitsAvailable.1:occupied
   204 print ","
   205 print " free: "
   206 print :areUnitsAvailable.1:free
   207 jump *label486 lessThanEq :areUnitsAvailable.1:needed 0
   208 print ", needed: "
   209 print :areUnitsAvailable.1:needed
   210 label *label486
   211 label *label487
   212 print "\n"
   213 label *label488
   214 label *label489
 
   261 jump *label516 always
   262 label *label504
   263 label *label505
   264 jump *label507 always
   265 label *label506
   266 op add :areUnitsAvailable.1:occupied :areUnitsAvailable.1:occupied 1
   267 label *label507
   268 ubind @poly
   269 label *label508
   270 jump *label509 equal @unit :areUnitsAvailable.1:firstUnit
   271 sensor *tmp61 :areUnitsAvailable.1:firstUnit @dead
   272 jump *label502 equal *tmp61 0
   273 label *label509
   274 label *label510
   275 label *label511
-    * jump *label514 equal true false
   276 print @poly
   277 print ":"
   278 print " occupied: "
   279 print :areUnitsAvailable.1:occupied
   280 print ","
   281 print " free: "
   282 print :areUnitsAvailable.1:free
   283 jump *label512 lessThanEq :areUnitsAvailable.1:needed 0
   284 print ", needed: "
   285 print :areUnitsAvailable.1:needed
   286 label *label512
   287 label *label513
   288 print "\n"
   289 label *label514
   290 label *label515
 
   337 jump *label542 always
   338 label *label530
   339 label *label531
   340 jump *label533 always
   341 label *label532
   342 op add :areUnitsAvailable.1:occupied :areUnitsAvailable.1:occupied 1
   343 label *label533
   344 ubind @mega
   345 label *label534
   346 jump *label535 equal @unit :areUnitsAvailable.1:firstUnit
   347 sensor *tmp61 :areUnitsAvailable.1:firstUnit @dead
   348 jump *label528 equal *tmp61 0
   349 label *label535
   350 label *label536
   351 label *label537
-    * jump *label540 equal true false
   352 print @mega
   353 print ":"
   354 print " occupied: "
   355 print :areUnitsAvailable.1:occupied
   356 print ","
   357 print " free: "
   358 print :areUnitsAvailable.1:free
   359 jump *label538 lessThanEq :areUnitsAvailable.1:needed 0
   360 print ", needed: "
   361 print :areUnitsAvailable.1:needed
   362 label *label538
   363 label *label539
   364 print "\n"
   365 label *label540
   366 label *label541
 
   413 jump *label568 always
   414 label *label556
   415 label *label557
   416 jump *label559 always
   417 label *label558
   418 op add :areUnitsAvailable.1:occupied :areUnitsAvailable.1:occupied 1
   419 label *label559
   420 ubind @mono
   421 label *label560
   422 jump *label561 equal @unit :areUnitsAvailable.1:firstUnit
   423 sensor *tmp61 :areUnitsAvailable.1:firstUnit @dead
   424 jump *label554 equal *tmp61 0
   425 label *label561
   426 label *label562
   427 label *label563
-    * jump *label566 equal true false
   428 print @mono
   429 print ":"
   430 print " occupied: "
   431 print :areUnitsAvailable.1:occupied
   432 print ","
   433 print " free: "
   434 print :areUnitsAvailable.1:free
   435 jump *label564 lessThanEq :areUnitsAvailable.1:needed 0
   436 print ", needed: "
   437 print :areUnitsAvailable.1:needed
   438 label *label564
   439 label *label565
   440 print "\n"
   441 label *label566
   442 label *label567
 
  1377 jump *label379 always
  1378 label *label392
  1379 label *label393
  1380 jump *label389 always
  1381 label *label388
  1382 op add :areUnitsAvailable.2:occupied :areUnitsAvailable.2:occupied 1
  1383 label *label389
  1384 ubind UNIT_TYPE
  1385 label *label386
  1386 jump *label387 equal @unit :areUnitsAvailable.2:firstUnit
  1387 sensor *tmp475 :areUnitsAvailable.2:firstUnit @dead
  1388 jump *label385 equal *tmp475 0
  1389 label *label387
  1390 label *label380
  1391 label *label381
-    * jump *label395 equal false false
+ 1392 jump *label395 always
  1393 print UNIT_TYPE
  1394 print ":"
  1395 print " occupied: "
  1396 print :areUnitsAvailable.2:occupied
  1397 print ","
  1398 print " free: "
  1399 print :areUnitsAvailable.2:free
  1400 jump *label397 lessThanEq :areUnitsAvailable.2:needed 0
  1401 print ", needed: "
  1402 print :areUnitsAvailable.2:needed
  1403 label *label397
  1404 label *label398
  1405 print "\n"
  1406 label *label395
  1407 label *label396

Modifications by #73: Iterated phase, Condition Optimization, pass 2, iteration 1 (-4 instructions):
 
    79 print "[gold]Looking for suitable unit type:[]"
    80 print "\n"
    81 set :areUnitsAvailable:free 0
    82 set :areUnitsAvailable:occupied 0
    83 set :areUnitsAvailable:needed 0
    84 ubind UNIT_TYPE
    85 set :areUnitsAvailable:firstUnit @unit
    86 jump *label29 equal :areUnitsAvailable:firstUnit null
    87 set :needsFourUnits:unit @unit
    88 op sub *tmp14 .DOME_X .CORE_X
    89 op sub *tmp15 .DOME_Y .CORE_Y
    90 op len *tmp16 *tmp14 *tmp15
    91 op mul *tmp17 2 *tmp16
    92 sensor *tmp18 :needsFourUnits:unit @speed
    93 op div :needsFourUnits:travel_time *tmp17 *tmp18
-    * op greaterThanEq *tmp13 :needsFourUnits:travel_time 47
    94 jump *label33 always
    95 label *label33
-    * jump *label31 equal *tmp13 false
+   96 jump *label31 lessThan :needsFourUnits:travel_time 47
    97 set *tmp21 4
    98 jump *label32 always
    99 label *label31
   100 set *tmp21 2
   101 label *label32
   102 set :areUnitsAvailable:needed *tmp21
   103 label *label34
   104 sensor *tmp22 @unit @controlled
   105 jump *label39 equal *tmp22 0
   106 sensor *tmp24 @unit @controller
   107 jump *label37 notEqual *tmp24 @this
   108 label *label39
   109 op add :areUnitsAvailable:free :areUnitsAvailable:free 1
   110 jump *label41 lessThan :areUnitsAvailable:free *tmp21
   111 set *tmp10 true
 
   153 set :areUnitsAvailable.1:occupied 0
   154 set :areUnitsAvailable.1:needed 0
   155 ubind @flare
   156 set :areUnitsAvailable.1:firstUnit @unit
   157 jump *label484 equal :areUnitsAvailable.1:firstUnit null
   158 set :needsFourUnits.1:unit @unit
   159 op sub *tmp44 .DOME_X .CORE_X
   160 op sub *tmp45 .DOME_Y .CORE_Y
   161 op len *tmp46 *tmp44 *tmp45
   162 op mul *tmp47 2 *tmp46
   163 sensor *tmp48 :needsFourUnits.1:unit @speed
   164 op div :needsFourUnits.1:travel_time *tmp47 *tmp48
   165 op greaterThanEq *tmp43 :needsFourUnits.1:travel_time 47
   166 jump *label473 always
   167 label *label473
-    * jump *label474 equal *tmp43 false
+  168 jump *label474 lessThan :needsFourUnits.1:travel_time 47
   169 set *tmp51 4
   170 jump *label475 always
   171 label *label474
   172 set *tmp51 2
   173 label *label475
   174 set :areUnitsAvailable.1:needed *tmp51
   175 label *label476
   176 sensor *tmp52 @unit @controlled
   177 jump *label477 equal *tmp52 0
   178 sensor *tmp54 @unit @controller
   179 jump *label480 notEqual *tmp54 @this
   180 label *label477
   181 op add :areUnitsAvailable.1:free :areUnitsAvailable.1:free 1
   182 jump *label478 lessThan :areUnitsAvailable.1:free *tmp51
   183 set *tmp40 true
 
   229 set :areUnitsAvailable.1:occupied 0
   230 set :areUnitsAvailable.1:needed 0
   231 ubind @poly
   232 set :areUnitsAvailable.1:firstUnit @unit
   233 jump *label510 equal :areUnitsAvailable.1:firstUnit null
   234 set :needsFourUnits.1:unit @unit
   235 op sub *tmp44 .DOME_X .CORE_X
   236 op sub *tmp45 .DOME_Y .CORE_Y
   237 op len *tmp46 *tmp44 *tmp45
   238 op mul *tmp47 2 *tmp46
   239 sensor *tmp48 :needsFourUnits.1:unit @speed
   240 op div :needsFourUnits.1:travel_time *tmp47 *tmp48
   241 op greaterThanEq *tmp43 :needsFourUnits.1:travel_time 47
   242 jump *label499 always
   243 label *label499
-    * jump *label500 equal *tmp43 false
+  244 jump *label500 lessThan :needsFourUnits.1:travel_time 47
   245 set *tmp51 4
   246 jump *label501 always
   247 label *label500
   248 set *tmp51 2
   249 label *label501
   250 set :areUnitsAvailable.1:needed *tmp51
   251 label *label502
   252 sensor *tmp52 @unit @controlled
   253 jump *label503 equal *tmp52 0
   254 sensor *tmp54 @unit @controller
   255 jump *label506 notEqual *tmp54 @this
   256 label *label503
   257 op add :areUnitsAvailable.1:free :areUnitsAvailable.1:free 1
   258 jump *label504 lessThan :areUnitsAvailable.1:free *tmp51
   259 set *tmp40 true
 
   305 set :areUnitsAvailable.1:occupied 0
   306 set :areUnitsAvailable.1:needed 0
   307 ubind @mega
   308 set :areUnitsAvailable.1:firstUnit @unit
   309 jump *label536 equal :areUnitsAvailable.1:firstUnit null
   310 set :needsFourUnits.1:unit @unit
   311 op sub *tmp44 .DOME_X .CORE_X
   312 op sub *tmp45 .DOME_Y .CORE_Y
   313 op len *tmp46 *tmp44 *tmp45
   314 op mul *tmp47 2 *tmp46
   315 sensor *tmp48 :needsFourUnits.1:unit @speed
   316 op div :needsFourUnits.1:travel_time *tmp47 *tmp48
   317 op greaterThanEq *tmp43 :needsFourUnits.1:travel_time 47
   318 jump *label525 always
   319 label *label525
-    * jump *label526 equal *tmp43 false
+  320 jump *label526 lessThan :needsFourUnits.1:travel_time 47
   321 set *tmp51 4
   322 jump *label527 always
   323 label *label526
   324 set *tmp51 2
   325 label *label527
   326 set :areUnitsAvailable.1:needed *tmp51
   327 label *label528
   328 sensor *tmp52 @unit @controlled
   329 jump *label529 equal *tmp52 0
   330 sensor *tmp54 @unit @controller
   331 jump *label532 notEqual *tmp54 @this
   332 label *label529
   333 op add :areUnitsAvailable.1:free :areUnitsAvailable.1:free 1
   334 jump *label530 lessThan :areUnitsAvailable.1:free *tmp51
   335 set *tmp40 true
 
   381 set :areUnitsAvailable.1:occupied 0
   382 set :areUnitsAvailable.1:needed 0
   383 ubind @mono
   384 set :areUnitsAvailable.1:firstUnit @unit
   385 jump *label562 equal :areUnitsAvailable.1:firstUnit null
   386 set :needsFourUnits.1:unit @unit
   387 op sub *tmp44 .DOME_X .CORE_X
   388 op sub *tmp45 .DOME_Y .CORE_Y
   389 op len *tmp46 *tmp44 *tmp45
   390 op mul *tmp47 2 *tmp46
   391 sensor *tmp48 :needsFourUnits.1:unit @speed
   392 op div :needsFourUnits.1:travel_time *tmp47 *tmp48
   393 op greaterThanEq *tmp43 :needsFourUnits.1:travel_time 47
   394 jump *label551 always
   395 label *label551
-    * jump *label552 equal *tmp43 false
+  396 jump *label552 lessThan :needsFourUnits.1:travel_time 47
   397 set *tmp51 4
   398 jump *label553 always
   399 label *label552
   400 set *tmp51 2
   401 label *label553
   402 set :areUnitsAvailable.1:needed *tmp51
   403 label *label554
   404 sensor *tmp52 @unit @controlled
   405 jump *label555 equal *tmp52 0
   406 sensor *tmp54 @unit @controller
   407 jump *label558 notEqual *tmp54 @this
   408 label *label555
   409 op add :areUnitsAvailable.1:free :areUnitsAvailable.1:free 1
   410 jump *label556 lessThan :areUnitsAvailable.1:free *tmp51
   411 set *tmp40 true
 
   576 sensor .UNIT_CAPACITY .UNIT_S1 @itemCapacity
   577 sensor .SPEED .UNIT_S1 @speed
   578 op div .SPEED_TENTHS .SPEED 10
   579 jump *label127 strictNotEqual .SPEED null
   580 stop
   581 label *label127
   582 label *label128
   583 op sub *tmp124 .DOME_X .CORE_X
   584 op sub *tmp125 .DOME_Y .CORE_Y
   585 op len *tmp126 *tmp124 *tmp125
   586 op mul *tmp127 2 *tmp126
   587 op div :needsFourUnits.2:travel_time *tmp127 .SPEED
   588 op greaterThanEq *tmp123 :needsFourUnits.2:travel_time 47
   589 jump *label129 always
   590 label *label129
-    * jump *label130 equal *tmp123 false
+  591 jump *label130 lessThan :needsFourUnits.2:travel_time 47
   592 jump *label134 equal .UNIT_S2 null
   593 ubind .UNIT_S2
   594 sensor *tmp136 @unit @dead
   595 jump *label136 notEqual *tmp136 0
   596 sensor *tmp138 @unit @controller
   597 jump *label136 notEqual *tmp138 @this
   598 jump *label133 always
   599 label *label136
   600 label *label137
   601 label *label134
   602 label *label135
   603 ubind *tmp9
   604 set :rebindUnit.2:firstUnit @unit
   605 jump *label140 equal :rebindUnit.2:firstUnit null
   606 label *label142
 
   872 print "]"
   873 jump *label234 lessThan :processUnit:distance 0
   874 print .MSG
   875 print :processUnit:distance
   876 print "["
   877 print "] sec"
   878 print "\n"
   879 jump *label235 always
   880 label *label234
   881 print .MSG
   882 label *label235
   883 set :processUnit:unit @unit
   884 label *label194
   885 set .UNIT_S1 :processUnit:unit
   886 jump *label236 equal *tmp123 false
-    * op equal *tmp253 .SUPPLY_S_FIRST false
   887 jump *label240 equal .UNIT_S2 null
   888 ubind .UNIT_S2
   889 sensor *tmp257 @unit @dead
   890 jump *label242 notEqual *tmp257 0
   891 sensor *tmp259 @unit @controller
   892 jump *label242 notEqual *tmp259 @this
   893 jump *label239 always
   894 label *label242
   895 label *label243
   896 label *label240
   897 label *label241
   898 ubind *tmp9
   899 set :rebindUnit.5:firstUnit @unit
   900 jump *label246 equal :rebindUnit.5:firstUnit null
   901 label *label248
 
   957 ucontrol approach .CORE_X .CORE_Y 6
   958 set .MSG ", fetching in [gold]"
   959 sensor *tmp289 @unit @x
   960 op sub *tmp290 .CORE_X *tmp289
   961 sensor *tmp291 @unit @y
   962 op sub *tmp292 .CORE_Y *tmp291
   963 op len *tmp293 *tmp290 *tmp292
   964 op idiv *tmp294 *tmp293 .SPEED_TENTHS
   965 op div :processUnit.1:distance *tmp294 10
   966 label *label267
   967 label *label264
   968 label *label265
   969 jump *label270 notEqual :processUnit.1:state 3
   970 ucontrol within .DOME_X .DOME_Y 8 *tmp298
   971 jump *label272 equal *tmp298 false
-    * jump *label274 equal *tmp253 false
+  972 jump *label274 notEqual .SUPPLY_S_FIRST false
   973 ucontrol itemDrop dome1 .UNIT_CAPACITY
   974 set .MSG ", supplying\n"
   975 jump *label275 always
   976 label *label274
   977 ucontrol approach .DOME_X .DOME_Y 6
   978 set .MSG ", waiting\n"
   979 label *label275
   980 sensor *tmp301 @unit @totalItems
   981 jump *label276 greaterThan *tmp301 0
   982 ucontrol approach .CORE_X .CORE_Y 6
   983 set :processUnit.1:state 2
   984 label *label276
   985 label *label277
   986 jump *label273 always
   987 label *label272
 
  1174 print "]"
  1175 jump *label325 lessThan :processUnit.2:distance 0
  1176 print .MSG
  1177 print :processUnit.2:distance
  1178 print "["
  1179 print "] sec"
  1180 print "\n"
  1181 jump *label326 always
  1182 label *label325
  1183 print .MSG
  1184 label *label326
  1185 set :processUnit.2:unit @unit
  1186 label *label285
  1187 set .UNIT_P1 :processUnit.2:unit
  1188 jump *label327 equal *tmp123 false
-    * op equal *tmp383 .SUPPLY_P_FIRST false
  1189 jump *label331 equal .UNIT_P2 null
  1190 ubind .UNIT_P2
  1191 sensor *tmp387 @unit @dead
  1192 jump *label333 notEqual *tmp387 0
  1193 sensor *tmp389 @unit @controller
  1194 jump *label333 notEqual *tmp389 @this
  1195 jump *label330 always
  1196 label *label333
  1197 label *label334
  1198 label *label331
  1199 label *label332
  1200 ubind *tmp9
  1201 set :rebindUnit.7:firstUnit @unit
  1202 jump *label337 equal :rebindUnit.7:firstUnit null
  1203 label *label339
 
  1259 ucontrol approach .CORE_X .CORE_Y 6
  1260 set .MSG ", fetching in [gold]"
  1261 sensor *tmp419 @unit @x
  1262 op sub *tmp420 .CORE_X *tmp419
  1263 sensor *tmp421 @unit @y
  1264 op sub *tmp422 .CORE_Y *tmp421
  1265 op len *tmp423 *tmp420 *tmp422
  1266 op idiv *tmp424 *tmp423 .SPEED_TENTHS
  1267 op div :processUnit.3:distance *tmp424 10
  1268 label *label358
  1269 label *label355
  1270 label *label356
  1271 jump *label361 notEqual :processUnit.3:state 3
  1272 ucontrol within .DOME_X .DOME_Y 8 *tmp428
  1273 jump *label363 equal *tmp428 false
-    * jump *label365 equal *tmp383 false
+ 1274 jump *label365 notEqual .SUPPLY_P_FIRST false
  1275 ucontrol itemDrop dome1 .UNIT_CAPACITY
  1276 set .MSG ", supplying\n"
  1277 jump *label366 always
  1278 label *label365
  1279 ucontrol approach .DOME_X .DOME_Y 6
  1280 set .MSG ", waiting\n"
  1281 label *label366
  1282 sensor *tmp431 @unit @totalItems
  1283 jump *label367 greaterThan *tmp431 0
  1284 ucontrol approach .CORE_X .CORE_Y 6
  1285 set :processUnit.3:state 2
  1286 label *label367
  1287 label *label368
  1288 jump *label364 always
  1289 label *label363
 
  1340 print *tmp450
  1341 print " "
  1342 print "ms"
  1343 printflush message1
  1344 jump *label373 equal *tmp9 UNIT_TYPE
  1345 jump *label373 lessThanEq :unitCheck @time
  1346 set :areUnitsAvailable.2:free 0
  1347 set :areUnitsAvailable.2:occupied 0
  1348 set :areUnitsAvailable.2:needed 0
  1349 ubind UNIT_TYPE
  1350 set :areUnitsAvailable.2:firstUnit @unit
  1351 jump *label380 equal :areUnitsAvailable.2:firstUnit null
  1352 set :needsFourUnits.3:unit @unit
  1353 sensor *tmp462 :needsFourUnits.3:unit @speed
  1354 op div :needsFourUnits.3:travel_time *tmp127 *tmp462
-    * op greaterThanEq *tmp457 :needsFourUnits.3:travel_time 47
  1355 jump *label384 always
  1356 label *label384
-    * jump *label382 equal *tmp457 false
+ 1357 jump *label382 lessThan :needsFourUnits.3:travel_time 47
  1358 set *tmp465 4
  1359 jump *label383 always
  1360 label *label382
  1361 set *tmp465 2
  1362 label *label383
  1363 set :areUnitsAvailable.2:needed *tmp465
  1364 label *label385
  1365 sensor *tmp466 @unit @controlled
  1366 jump *label390 equal *tmp466 0
  1367 sensor *tmp468 @unit @controller
  1368 jump *label388 notEqual *tmp468 @this
  1369 label *label390
  1370 op add :areUnitsAvailable.2:free :areUnitsAvailable.2:free 1
  1371 jump *label392 lessThan :areUnitsAvailable.2:free *tmp465
  1372 set *tmp454 true

Modifications by #75: Iterated phase, Single Step Elimination, pass 2, iteration 1 (-17 instructions):
 
    79 print "[gold]Looking for suitable unit type:[]"
    80 print "\n"
    81 set :areUnitsAvailable:free 0
    82 set :areUnitsAvailable:occupied 0
    83 set :areUnitsAvailable:needed 0
    84 ubind UNIT_TYPE
    85 set :areUnitsAvailable:firstUnit @unit
    86 jump *label29 equal :areUnitsAvailable:firstUnit null
    87 set :needsFourUnits:unit @unit
    88 op sub *tmp14 .DOME_X .CORE_X
    89 op sub *tmp15 .DOME_Y .CORE_Y
    90 op len *tmp16 *tmp14 *tmp15
    91 op mul *tmp17 2 *tmp16
    92 sensor *tmp18 :needsFourUnits:unit @speed
    93 op div :needsFourUnits:travel_time *tmp17 *tmp18
-    * jump *label33 always
    94 label *label33
    95 jump *label31 lessThan :needsFourUnits:travel_time 47
    96 set *tmp21 4
    97 jump *label32 always
    98 label *label31
    99 set *tmp21 2
   100 label *label32
   101 set :areUnitsAvailable:needed *tmp21
   102 label *label34
   103 sensor *tmp22 @unit @controlled
   104 jump *label39 equal *tmp22 0
   105 sensor *tmp24 @unit @controller
   106 jump *label37 notEqual *tmp24 @this
   107 label *label39
   108 op add :areUnitsAvailable:free :areUnitsAvailable:free 1
 
   127 print ":"
   128 print " occupied: "
   129 print :areUnitsAvailable:occupied
   130 print ","
   131 print " free: "
   132 print :areUnitsAvailable:free
   133 jump *label46 lessThanEq :areUnitsAvailable:needed 0
   134 print ", needed: "
   135 print :areUnitsAvailable:needed
   136 label *label46
   137 label *label47
   138 print "\n"
   139 label *label44
   140 label *label45
   141 set *tmp10 false
-    * jump *label28 always
   142 label *label28
   143 jump *label26 equal *tmp10 false
   144 set *tmp9 UNIT_TYPE
   145 jump *label22 always
   146 label *label26
   147 label *label27
   148 label *label472
   149 jump *label493 equal @flare UNIT_TYPE
   150 set :areUnitsAvailable.1:free 0
   151 set :areUnitsAvailable.1:occupied 0
   152 set :areUnitsAvailable.1:needed 0
   153 ubind @flare
   154 set :areUnitsAvailable.1:firstUnit @unit
   155 jump *label484 equal :areUnitsAvailable.1:firstUnit null
   156 set :needsFourUnits.1:unit @unit
   157 op sub *tmp44 .DOME_X .CORE_X
   158 op sub *tmp45 .DOME_Y .CORE_Y
   159 op len *tmp46 *tmp44 *tmp45
   160 op mul *tmp47 2 *tmp46
   161 sensor *tmp48 :needsFourUnits.1:unit @speed
   162 op div :needsFourUnits.1:travel_time *tmp47 *tmp48
   163 op greaterThanEq *tmp43 :needsFourUnits.1:travel_time 47
-    * jump *label473 always
   164 label *label473
   165 jump *label474 lessThan :needsFourUnits.1:travel_time 47
   166 set *tmp51 4
   167 jump *label475 always
   168 label *label474
   169 set *tmp51 2
   170 label *label475
   171 set :areUnitsAvailable.1:needed *tmp51
   172 label *label476
   173 sensor *tmp52 @unit @controlled
   174 jump *label477 equal *tmp52 0
   175 sensor *tmp54 @unit @controller
   176 jump *label480 notEqual *tmp54 @this
   177 label *label477
   178 op add :areUnitsAvailable.1:free :areUnitsAvailable.1:free 1
 
   197 print ":"
   198 print " occupied: "
   199 print :areUnitsAvailable.1:occupied
   200 print ","
   201 print " free: "
   202 print :areUnitsAvailable.1:free
   203 jump *label486 lessThanEq :areUnitsAvailable.1:needed 0
   204 print ", needed: "
   205 print :areUnitsAvailable.1:needed
   206 label *label486
   207 label *label487
   208 print "\n"
   209 label *label488
   210 label *label489
   211 set *tmp40 false
-    * jump *label490 always
   212 label *label490
   213 jump *label491 equal *tmp40 false
   214 printflush null
   215 set *tmp9 @flare
   216 jump *label22 always
   217 label *label491
   218 label *label492
   219 label *label493
   220 label *label494
   221 label *label495
   222 label *label498
   223 jump *label519 equal @poly UNIT_TYPE
   224 set :areUnitsAvailable.1:free 0
   225 set :areUnitsAvailable.1:occupied 0
   226 set :areUnitsAvailable.1:needed 0
   227 ubind @poly
   228 set :areUnitsAvailable.1:firstUnit @unit
   229 jump *label510 equal :areUnitsAvailable.1:firstUnit null
   230 set :needsFourUnits.1:unit @unit
   231 op sub *tmp44 .DOME_X .CORE_X
   232 op sub *tmp45 .DOME_Y .CORE_Y
   233 op len *tmp46 *tmp44 *tmp45
   234 op mul *tmp47 2 *tmp46
   235 sensor *tmp48 :needsFourUnits.1:unit @speed
   236 op div :needsFourUnits.1:travel_time *tmp47 *tmp48
   237 op greaterThanEq *tmp43 :needsFourUnits.1:travel_time 47
-    * jump *label499 always
   238 label *label499
   239 jump *label500 lessThan :needsFourUnits.1:travel_time 47
   240 set *tmp51 4
   241 jump *label501 always
   242 label *label500
   243 set *tmp51 2
   244 label *label501
   245 set :areUnitsAvailable.1:needed *tmp51
   246 label *label502
   247 sensor *tmp52 @unit @controlled
   248 jump *label503 equal *tmp52 0
   249 sensor *tmp54 @unit @controller
   250 jump *label506 notEqual *tmp54 @this
   251 label *label503
   252 op add :areUnitsAvailable.1:free :areUnitsAvailable.1:free 1
 
   271 print ":"
   272 print " occupied: "
   273 print :areUnitsAvailable.1:occupied
   274 print ","
   275 print " free: "
   276 print :areUnitsAvailable.1:free
   277 jump *label512 lessThanEq :areUnitsAvailable.1:needed 0
   278 print ", needed: "
   279 print :areUnitsAvailable.1:needed
   280 label *label512
   281 label *label513
   282 print "\n"
   283 label *label514
   284 label *label515
   285 set *tmp40 false
-    * jump *label516 always
   286 label *label516
   287 jump *label517 equal *tmp40 false
   288 printflush null
   289 set *tmp9 @poly
   290 jump *label22 always
   291 label *label517
   292 label *label518
   293 label *label519
   294 label *label520
   295 label *label521
   296 label *label524
   297 jump *label545 equal @mega UNIT_TYPE
   298 set :areUnitsAvailable.1:free 0
   299 set :areUnitsAvailable.1:occupied 0
   300 set :areUnitsAvailable.1:needed 0
   301 ubind @mega
   302 set :areUnitsAvailable.1:firstUnit @unit
   303 jump *label536 equal :areUnitsAvailable.1:firstUnit null
   304 set :needsFourUnits.1:unit @unit
   305 op sub *tmp44 .DOME_X .CORE_X
   306 op sub *tmp45 .DOME_Y .CORE_Y
   307 op len *tmp46 *tmp44 *tmp45
   308 op mul *tmp47 2 *tmp46
   309 sensor *tmp48 :needsFourUnits.1:unit @speed
   310 op div :needsFourUnits.1:travel_time *tmp47 *tmp48
   311 op greaterThanEq *tmp43 :needsFourUnits.1:travel_time 47
-    * jump *label525 always
   312 label *label525
   313 jump *label526 lessThan :needsFourUnits.1:travel_time 47
   314 set *tmp51 4
   315 jump *label527 always
   316 label *label526
   317 set *tmp51 2
   318 label *label527
   319 set :areUnitsAvailable.1:needed *tmp51
   320 label *label528
   321 sensor *tmp52 @unit @controlled
   322 jump *label529 equal *tmp52 0
   323 sensor *tmp54 @unit @controller
   324 jump *label532 notEqual *tmp54 @this
   325 label *label529
   326 op add :areUnitsAvailable.1:free :areUnitsAvailable.1:free 1
 
   345 print ":"
   346 print " occupied: "
   347 print :areUnitsAvailable.1:occupied
   348 print ","
   349 print " free: "
   350 print :areUnitsAvailable.1:free
   351 jump *label538 lessThanEq :areUnitsAvailable.1:needed 0
   352 print ", needed: "
   353 print :areUnitsAvailable.1:needed
   354 label *label538
   355 label *label539
   356 print "\n"
   357 label *label540
   358 label *label541
   359 set *tmp40 false
-    * jump *label542 always
   360 label *label542
   361 jump *label543 equal *tmp40 false
   362 printflush null
   363 set *tmp9 @mega
   364 jump *label22 always
   365 label *label543
   366 label *label544
   367 label *label545
   368 label *label546
   369 label *label547
   370 label *label550
   371 jump *label571 equal @mono UNIT_TYPE
   372 set :areUnitsAvailable.1:free 0
   373 set :areUnitsAvailable.1:occupied 0
   374 set :areUnitsAvailable.1:needed 0
   375 ubind @mono
   376 set :areUnitsAvailable.1:firstUnit @unit
   377 jump *label562 equal :areUnitsAvailable.1:firstUnit null
   378 set :needsFourUnits.1:unit @unit
   379 op sub *tmp44 .DOME_X .CORE_X
   380 op sub *tmp45 .DOME_Y .CORE_Y
   381 op len *tmp46 *tmp44 *tmp45
   382 op mul *tmp47 2 *tmp46
   383 sensor *tmp48 :needsFourUnits.1:unit @speed
   384 op div :needsFourUnits.1:travel_time *tmp47 *tmp48
   385 op greaterThanEq *tmp43 :needsFourUnits.1:travel_time 47
-    * jump *label551 always
   386 label *label551
   387 jump *label552 lessThan :needsFourUnits.1:travel_time 47
   388 set *tmp51 4
   389 jump *label553 always
   390 label *label552
   391 set *tmp51 2
   392 label *label553
   393 set :areUnitsAvailable.1:needed *tmp51
   394 label *label554
   395 sensor *tmp52 @unit @controlled
   396 jump *label555 equal *tmp52 0
   397 sensor *tmp54 @unit @controller
   398 jump *label558 notEqual *tmp54 @this
   399 label *label555
   400 op add :areUnitsAvailable.1:free :areUnitsAvailable.1:free 1
 
   419 print ":"
   420 print " occupied: "
   421 print :areUnitsAvailable.1:occupied
   422 print ","
   423 print " free: "
   424 print :areUnitsAvailable.1:free
   425 jump *label564 lessThanEq :areUnitsAvailable.1:needed 0
   426 print ", needed: "
   427 print :areUnitsAvailable.1:needed
   428 label *label564
   429 label *label565
   430 print "\n"
   431 label *label566
   432 label *label567
   433 set *tmp40 false
-    * jump *label568 always
   434 label *label568
   435 jump *label569 equal *tmp40 false
   436 printflush null
   437 set *tmp9 @mono
   438 jump *label22 always
   439 label *label569
   440 label *label570
   441 label *label571
   442 label *label572
   443 label *label573
   444 label *label50
   445 printflush message1
   446 label *label24
   447 jump *label23 always
   448 label *label25
 
   503 jump *label91 always
   504 label *label103
   505 label *label104
   506 ubind *tmp9
   507 label *label101
   508 jump *label102 equal @unit :rebindUnit:firstUnit
   509 sensor *tmp94 :rebindUnit:firstUnit @dead
   510 jump *label100 equal *tmp94 0
   511 label *label102
   512 label *label98
   513 label *label99
   514 end
   515 label *label91
   516 ucontrol flag 1
   517 set *tmp79 @unit
-    * jump *label90 always
   518 label *label90
   519 set .UNIT_S1 *tmp79
   520 jump *label108 equal .UNIT_P1 null
   521 ubind .UNIT_P1
   522 sensor *tmp100 @unit @dead
   523 jump *label110 notEqual *tmp100 0
   524 sensor *tmp102 @unit @controller
   525 jump *label110 notEqual *tmp102 @this
   526 jump *label107 always
   527 label *label110
   528 label *label111
   529 label *label108
   530 label *label109
   531 ubind *tmp9
   532 set :rebindUnit.1:firstUnit @unit
 
   537 jump *label107 always
   538 label *label119
   539 label *label120
   540 ubind *tmp9
   541 label *label117
   542 jump *label118 equal @unit :rebindUnit.1:firstUnit
   543 sensor *tmp111 :rebindUnit.1:firstUnit @dead
   544 jump *label116 equal *tmp111 0
   545 label *label118
   546 label *label114
   547 label *label115
   548 end
   549 label *label107
   550 ucontrol flag 1
   551 set *tmp96 @unit
-    * jump *label106 always
   552 label *label106
   553 set .UNIT_P1 *tmp96
   554 sensor *tmp113 *tmp79 @firstItem
   555 jump *label124 equal *tmp113 @phase-fabric
   556 sensor *tmp115 *tmp96 @firstItem
   557 jump *label122 notEqual *tmp115 @silicon
   558 label *label124
   559 set .UNIT_S1 *tmp96
   560 set .UNIT_P1 *tmp79
   561 label *label126
   562 label *label122
   563 label *label123
   564 sensor .UNIT_CAPACITY .UNIT_S1 @itemCapacity
   565 sensor .SPEED .UNIT_S1 @speed
   566 op div .SPEED_TENTHS .SPEED 10
   567 jump *label127 strictNotEqual .SPEED null
   568 stop
   569 label *label127
   570 label *label128
   571 op sub *tmp124 .DOME_X .CORE_X
   572 op sub *tmp125 .DOME_Y .CORE_Y
   573 op len *tmp126 *tmp124 *tmp125
   574 op mul *tmp127 2 *tmp126
   575 op div :needsFourUnits.2:travel_time *tmp127 .SPEED
   576 op greaterThanEq *tmp123 :needsFourUnits.2:travel_time 47
-    * jump *label129 always
   577 label *label129
   578 jump *label130 lessThan :needsFourUnits.2:travel_time 47
   579 jump *label134 equal .UNIT_S2 null
   580 ubind .UNIT_S2
   581 sensor *tmp136 @unit @dead
   582 jump *label136 notEqual *tmp136 0
   583 sensor *tmp138 @unit @controller
   584 jump *label136 notEqual *tmp138 @this
   585 jump *label133 always
   586 label *label136
   587 label *label137
   588 label *label134
   589 label *label135
   590 ubind *tmp9
   591 set :rebindUnit.2:firstUnit @unit
 
   596 jump *label133 always
   597 label *label145
   598 label *label146
   599 ubind *tmp9
   600 label *label143
   601 jump *label144 equal @unit :rebindUnit.2:firstUnit
   602 sensor *tmp147 :rebindUnit.2:firstUnit @dead
   603 jump *label142 equal *tmp147 0
   604 label *label144
   605 label *label140
   606 label *label141
   607 end
   608 label *label133
   609 ucontrol flag 1
   610 set *tmp132 @unit
-    * jump *label132 always
   611 label *label132
   612 set .UNIT_S2 *tmp132
   613 jump *label150 equal .UNIT_P2 null
   614 ubind .UNIT_P2
   615 sensor *tmp153 @unit @dead
   616 jump *label152 notEqual *tmp153 0
   617 sensor *tmp155 @unit @controller
   618 jump *label152 notEqual *tmp155 @this
   619 jump *label149 always
   620 label *label152
   621 label *label153
   622 label *label150
   623 label *label151
   624 ubind *tmp9
   625 set :rebindUnit.3:firstUnit @unit
 
   630 jump *label149 always
   631 label *label161
   632 label *label162
   633 ubind *tmp9
   634 label *label159
   635 jump *label160 equal @unit :rebindUnit.3:firstUnit
   636 sensor *tmp164 :rebindUnit.3:firstUnit @dead
   637 jump *label158 equal *tmp164 0
   638 label *label160
   639 label *label156
   640 label *label157
   641 end
   642 label *label149
   643 ucontrol flag 1
   644 set *tmp149 @unit
-    * jump *label148 always
   645 label *label148
   646 set .UNIT_P2 *tmp149
   647 sensor *tmp166 .UNIT_S1 @firstItem
   648 jump *label164 notEqual *tmp166 @phase-fabric
   649 sensor *tmp168 *tmp149 @firstItem
   650 jump *label164 equal *tmp168 @phase-fabric
   651 set :swap.1:t .UNIT_S1
   652 set .UNIT_S1 *tmp149
   653 set .UNIT_P2 :swap.1:t
   654 label *label168
   655 label *label164
   656 label *label165
   657 sensor *tmp171 *tmp132 @firstItem
   658 jump *label171 equal *tmp171 @phase-fabric
   659 sensor *tmp173 .UNIT_P2 @firstItem
 
  1325 print *tmp450
  1326 print " "
  1327 print "ms"
  1328 printflush message1
  1329 jump *label373 equal *tmp9 UNIT_TYPE
  1330 jump *label373 lessThanEq :unitCheck @time
  1331 set :areUnitsAvailable.2:free 0
  1332 set :areUnitsAvailable.2:occupied 0
  1333 set :areUnitsAvailable.2:needed 0
  1334 ubind UNIT_TYPE
  1335 set :areUnitsAvailable.2:firstUnit @unit
  1336 jump *label380 equal :areUnitsAvailable.2:firstUnit null
  1337 set :needsFourUnits.3:unit @unit
  1338 sensor *tmp462 :needsFourUnits.3:unit @speed
  1339 op div :needsFourUnits.3:travel_time *tmp127 *tmp462
-    * jump *label384 always
  1340 label *label384
  1341 jump *label382 lessThan :needsFourUnits.3:travel_time 47
  1342 set *tmp465 4
  1343 jump *label383 always
  1344 label *label382
  1345 set *tmp465 2
  1346 label *label383
  1347 set :areUnitsAvailable.2:needed *tmp465
  1348 label *label385
  1349 sensor *tmp466 @unit @controlled
  1350 jump *label390 equal *tmp466 0
  1351 sensor *tmp468 @unit @controller
  1352 jump *label388 notEqual *tmp468 @this
  1353 label *label390
  1354 op add :areUnitsAvailable.2:free :areUnitsAvailable.2:free 1
 
  1374 print ":"
  1375 print " occupied: "
  1376 print :areUnitsAvailable.2:occupied
  1377 print ","
  1378 print " free: "
  1379 print :areUnitsAvailable.2:free
  1380 jump *label397 lessThanEq :areUnitsAvailable.2:needed 0
  1381 print ", needed: "
  1382 print :areUnitsAvailable.2:needed
  1383 label *label397
  1384 label *label398
  1385 print "\n"
  1386 label *label395
  1387 label *label396
  1388 set *tmp454 false
-    * jump *label379 always
  1389 label *label379
  1390 jump *label377 equal *tmp454 false
  1391 jump *label190 always
  1392 label *label377
  1393 label *label378
  1394 op add :unitCheck @time 5000
  1395 label *label373
  1396 label *label374
  1397 label *label189
  1398 sensor *tmp188 switch1 @enabled
  1399 jump *label471 notEqual *tmp188 false
  1400 label *label190
  1401 label *label415
  1402 ubind .UNIT_S1
  1403 ucontrol flag 0

Modifications by #77: Iterated phase, Data Flow Optimization, pass 2, iteration 1 (-6 instructions):
 
   148 label *label472
   149 jump *label493 equal @flare UNIT_TYPE
   150 set :areUnitsAvailable.1:free 0
   151 set :areUnitsAvailable.1:occupied 0
   152 set :areUnitsAvailable.1:needed 0
   153 ubind @flare
   154 set :areUnitsAvailable.1:firstUnit @unit
   155 jump *label484 equal :areUnitsAvailable.1:firstUnit null
   156 set :needsFourUnits.1:unit @unit
   157 op sub *tmp44 .DOME_X .CORE_X
   158 op sub *tmp45 .DOME_Y .CORE_Y
   159 op len *tmp46 *tmp44 *tmp45
   160 op mul *tmp47 2 *tmp46
   161 sensor *tmp48 :needsFourUnits.1:unit @speed
   162 op div :needsFourUnits.1:travel_time *tmp47 *tmp48
-    * op greaterThanEq *tmp43 :needsFourUnits.1:travel_time 47
   163 label *label473
   164 jump *label474 lessThan :needsFourUnits.1:travel_time 47
   165 set *tmp51 4
   166 jump *label475 always
   167 label *label474
   168 set *tmp51 2
   169 label *label475
   170 set :areUnitsAvailable.1:needed *tmp51
   171 label *label476
   172 sensor *tmp52 @unit @controlled
   173 jump *label477 equal *tmp52 0
   174 sensor *tmp54 @unit @controller
   175 jump *label480 notEqual *tmp54 @this
   176 label *label477
   177 op add :areUnitsAvailable.1:free :areUnitsAvailable.1:free 1
 
   221 label *label498
   222 jump *label519 equal @poly UNIT_TYPE
   223 set :areUnitsAvailable.1:free 0
   224 set :areUnitsAvailable.1:occupied 0
   225 set :areUnitsAvailable.1:needed 0
   226 ubind @poly
   227 set :areUnitsAvailable.1:firstUnit @unit
   228 jump *label510 equal :areUnitsAvailable.1:firstUnit null
   229 set :needsFourUnits.1:unit @unit
   230 op sub *tmp44 .DOME_X .CORE_X
   231 op sub *tmp45 .DOME_Y .CORE_Y
   232 op len *tmp46 *tmp44 *tmp45
   233 op mul *tmp47 2 *tmp46
   234 sensor *tmp48 :needsFourUnits.1:unit @speed
   235 op div :needsFourUnits.1:travel_time *tmp47 *tmp48
-    * op greaterThanEq *tmp43 :needsFourUnits.1:travel_time 47
   236 label *label499
   237 jump *label500 lessThan :needsFourUnits.1:travel_time 47
   238 set *tmp51 4
   239 jump *label501 always
   240 label *label500
   241 set *tmp51 2
   242 label *label501
   243 set :areUnitsAvailable.1:needed *tmp51
   244 label *label502
   245 sensor *tmp52 @unit @controlled
   246 jump *label503 equal *tmp52 0
   247 sensor *tmp54 @unit @controller
   248 jump *label506 notEqual *tmp54 @this
   249 label *label503
   250 op add :areUnitsAvailable.1:free :areUnitsAvailable.1:free 1
 
   294 label *label524
   295 jump *label545 equal @mega UNIT_TYPE
   296 set :areUnitsAvailable.1:free 0
   297 set :areUnitsAvailable.1:occupied 0
   298 set :areUnitsAvailable.1:needed 0
   299 ubind @mega
   300 set :areUnitsAvailable.1:firstUnit @unit
   301 jump *label536 equal :areUnitsAvailable.1:firstUnit null
   302 set :needsFourUnits.1:unit @unit
   303 op sub *tmp44 .DOME_X .CORE_X
   304 op sub *tmp45 .DOME_Y .CORE_Y
   305 op len *tmp46 *tmp44 *tmp45
   306 op mul *tmp47 2 *tmp46
   307 sensor *tmp48 :needsFourUnits.1:unit @speed
   308 op div :needsFourUnits.1:travel_time *tmp47 *tmp48
-    * op greaterThanEq *tmp43 :needsFourUnits.1:travel_time 47
   309 label *label525
   310 jump *label526 lessThan :needsFourUnits.1:travel_time 47
   311 set *tmp51 4
   312 jump *label527 always
   313 label *label526
   314 set *tmp51 2
   315 label *label527
   316 set :areUnitsAvailable.1:needed *tmp51
   317 label *label528
   318 sensor *tmp52 @unit @controlled
   319 jump *label529 equal *tmp52 0
   320 sensor *tmp54 @unit @controller
   321 jump *label532 notEqual *tmp54 @this
   322 label *label529
   323 op add :areUnitsAvailable.1:free :areUnitsAvailable.1:free 1
 
   367 label *label550
   368 jump *label571 equal @mono UNIT_TYPE
   369 set :areUnitsAvailable.1:free 0
   370 set :areUnitsAvailable.1:occupied 0
   371 set :areUnitsAvailable.1:needed 0
   372 ubind @mono
   373 set :areUnitsAvailable.1:firstUnit @unit
   374 jump *label562 equal :areUnitsAvailable.1:firstUnit null
   375 set :needsFourUnits.1:unit @unit
   376 op sub *tmp44 .DOME_X .CORE_X
   377 op sub *tmp45 .DOME_Y .CORE_Y
   378 op len *tmp46 *tmp44 *tmp45
   379 op mul *tmp47 2 *tmp46
   380 sensor *tmp48 :needsFourUnits.1:unit @speed
   381 op div :needsFourUnits.1:travel_time *tmp47 *tmp48
-    * op greaterThanEq *tmp43 :needsFourUnits.1:travel_time 47
   382 label *label551
   383 jump *label552 lessThan :needsFourUnits.1:travel_time 47
   384 set *tmp51 4
   385 jump *label553 always
   386 label *label552
   387 set *tmp51 2
   388 label *label553
   389 set :areUnitsAvailable.1:needed *tmp51
   390 label *label554
   391 sensor *tmp52 @unit @controlled
   392 jump *label555 equal *tmp52 0
   393 sensor *tmp54 @unit @controller
   394 jump *label558 notEqual *tmp54 @this
   395 label *label555
   396 op add :areUnitsAvailable.1:free :areUnitsAvailable.1:free 1
 
  1314 label *label372
  1315 label *label327
  1316 label *label328
  1317 op sub *tmp449 @time :start
  1318 op floor *tmp450 *tmp449
  1319 print "\n"
  1320 print "[lightgray]Loop time: "
  1321 print *tmp450
  1322 print " "
  1323 print "ms"
  1324 printflush message1
  1325 jump *label373 equal *tmp9 UNIT_TYPE
  1326 jump *label373 lessThanEq :unitCheck @time
  1327 set :areUnitsAvailable.2:free 0
  1328 set :areUnitsAvailable.2:occupied 0
-    * set :areUnitsAvailable.2:needed 0
  1329 ubind UNIT_TYPE
  1330 set :areUnitsAvailable.2:firstUnit @unit
  1331 jump *label380 equal :areUnitsAvailable.2:firstUnit null
  1332 set :needsFourUnits.3:unit @unit
  1333 sensor *tmp462 :needsFourUnits.3:unit @speed
  1334 op div :needsFourUnits.3:travel_time *tmp127 *tmp462
  1335 label *label384
  1336 jump *label382 lessThan :needsFourUnits.3:travel_time 47
  1337 set *tmp465 4
  1338 jump *label383 always
  1339 label *label382
  1340 set *tmp465 2
  1341 label *label383
-    * set :areUnitsAvailable.2:needed *tmp465
  1342 label *label385
  1343 sensor *tmp466 @unit @controlled
  1344 jump *label390 equal *tmp466 0
  1345 sensor *tmp468 @unit @controller
  1346 jump *label388 notEqual *tmp468 @this
  1347 label *label390
  1348 op add :areUnitsAvailable.2:free :areUnitsAvailable.2:free 1
  1349 jump *label392 lessThan :areUnitsAvailable.2:free *tmp465
  1350 set *tmp454 true
  1351 jump *label379 always
  1352 label *label392
  1353 label *label393
  1354 jump *label389 always
  1355 label *label388
  1356 op add :areUnitsAvailable.2:occupied :areUnitsAvailable.2:occupied 1

Modifications by #86: Iterated phase, Boolean Optimization, pass 2, iteration 1 (-18 instructions):
 
    72 printflush message1
    73 label *label20
    74 sensor *tmp7 switch1 @enabled
    75 jump *label470 equal *tmp7 false
    76 label *label21
    77 label *label23
    78 printflush null
    79 print "[gold]Looking for suitable unit type:[]"
    80 print "\n"
    81 set :areUnitsAvailable:free 0
    82 set :areUnitsAvailable:occupied 0
    83 set :areUnitsAvailable:needed 0
    84 ubind UNIT_TYPE
    85 set :areUnitsAvailable:firstUnit @unit
    86 jump *label29 equal :areUnitsAvailable:firstUnit null
-    * set :needsFourUnits:unit @unit
-    * op sub *tmp14 .DOME_X .CORE_X
-    * op sub *tmp15 .DOME_Y .CORE_Y
-    * op len *tmp16 *tmp14 *tmp15
-    * op mul *tmp17 2 *tmp16
-    * sensor *tmp18 :needsFourUnits:unit @speed
-    * op div :needsFourUnits:travel_time *tmp17 *tmp18
-    * label *label33
-    * jump *label31 lessThan :needsFourUnits:travel_time 47
-    * set *tmp21 4
-    * jump *label32 always
-    * label *label31
-    * set *tmp21 2
-    * label *label32
+   87 set :needsFourUnits:unit @unit
+   88 op sub *tmp14 .DOME_X .CORE_X
+   89 op sub *tmp15 .DOME_Y .CORE_Y
+   90 op len *tmp16 *tmp14 *tmp15
+   91 op mul *tmp17 2 *tmp16
+   92 sensor *tmp18 :needsFourUnits:unit @speed
+   93 op div :needsFourUnits:travel_time *tmp17 *tmp18
+   94 label *label577
+   95 select *tmp21 greaterThanEq :needsFourUnits:travel_time 47 4 2
    96 set :areUnitsAvailable:needed *tmp21
    97 label *label34
    98 sensor *tmp22 @unit @controlled
    99 jump *label39 equal *tmp22 0
   100 sensor *tmp24 @unit @controller
   101 jump *label37 notEqual *tmp24 @this
   102 label *label39
   103 op add :areUnitsAvailable:free :areUnitsAvailable:free 1
   104 jump *label41 lessThan :areUnitsAvailable:free *tmp21
   105 set *tmp10 true
   106 jump *label28 always
   107 label *label41
   108 label *label42
   109 jump *label38 always
   110 label *label37
 
   136 set *tmp10 false
   137 label *label28
   138 jump *label26 equal *tmp10 false
   139 set *tmp9 UNIT_TYPE
   140 jump *label22 always
   141 label *label26
   142 label *label27
   143 label *label472
   144 jump *label493 equal @flare UNIT_TYPE
   145 set :areUnitsAvailable.1:free 0
   146 set :areUnitsAvailable.1:occupied 0
   147 set :areUnitsAvailable.1:needed 0
   148 ubind @flare
   149 set :areUnitsAvailable.1:firstUnit @unit
   150 jump *label484 equal :areUnitsAvailable.1:firstUnit null
-    * set :needsFourUnits.1:unit @unit
-    * op sub *tmp44 .DOME_X .CORE_X
-    * op sub *tmp45 .DOME_Y .CORE_Y
-    * op len *tmp46 *tmp44 *tmp45
-    * op mul *tmp47 2 *tmp46
-    * sensor *tmp48 :needsFourUnits.1:unit @speed
-    * op div :needsFourUnits.1:travel_time *tmp47 *tmp48
-    * label *label473
-    * jump *label474 lessThan :needsFourUnits.1:travel_time 47
-    * set *tmp51 4
-    * jump *label475 always
-    * label *label474
-    * set *tmp51 2
-    * label *label475
+  151 set :needsFourUnits.1:unit @unit
+  152 op sub *tmp44 .DOME_X .CORE_X
+  153 op sub *tmp45 .DOME_Y .CORE_Y
+  154 op len *tmp46 *tmp44 *tmp45
+  155 op mul *tmp47 2 *tmp46
+  156 sensor *tmp48 :needsFourUnits.1:unit @speed
+  157 op div :needsFourUnits.1:travel_time *tmp47 *tmp48
+  158 label *label578
+  159 select *tmp51 greaterThanEq :needsFourUnits.1:travel_time 47 4 2
   160 set :areUnitsAvailable.1:needed *tmp51
   161 label *label476
   162 sensor *tmp52 @unit @controlled
   163 jump *label477 equal *tmp52 0
   164 sensor *tmp54 @unit @controller
   165 jump *label480 notEqual *tmp54 @this
   166 label *label477
   167 op add :areUnitsAvailable.1:free :areUnitsAvailable.1:free 1
   168 jump *label478 lessThan :areUnitsAvailable.1:free *tmp51
   169 set *tmp40 true
   170 jump *label490 always
   171 label *label478
   172 label *label479
   173 jump *label481 always
   174 label *label480
 
   204 set *tmp9 @flare
   205 jump *label22 always
   206 label *label491
   207 label *label492
   208 label *label493
   209 label *label494
   210 label *label495
   211 label *label498
   212 jump *label519 equal @poly UNIT_TYPE
   213 set :areUnitsAvailable.1:free 0
   214 set :areUnitsAvailable.1:occupied 0
   215 set :areUnitsAvailable.1:needed 0
   216 ubind @poly
   217 set :areUnitsAvailable.1:firstUnit @unit
   218 jump *label510 equal :areUnitsAvailable.1:firstUnit null
-    * set :needsFourUnits.1:unit @unit
-    * op sub *tmp44 .DOME_X .CORE_X
-    * op sub *tmp45 .DOME_Y .CORE_Y
-    * op len *tmp46 *tmp44 *tmp45
-    * op mul *tmp47 2 *tmp46
-    * sensor *tmp48 :needsFourUnits.1:unit @speed
-    * op div :needsFourUnits.1:travel_time *tmp47 *tmp48
-    * label *label499
-    * jump *label500 lessThan :needsFourUnits.1:travel_time 47
-    * set *tmp51 4
-    * jump *label501 always
-    * label *label500
-    * set *tmp51 2
-    * label *label501
+  219 set :needsFourUnits.1:unit @unit
+  220 op sub *tmp44 .DOME_X .CORE_X
+  221 op sub *tmp45 .DOME_Y .CORE_Y
+  222 op len *tmp46 *tmp44 *tmp45
+  223 op mul *tmp47 2 *tmp46
+  224 sensor *tmp48 :needsFourUnits.1:unit @speed
+  225 op div :needsFourUnits.1:travel_time *tmp47 *tmp48
+  226 label *label579
+  227 select *tmp51 greaterThanEq :needsFourUnits.1:travel_time 47 4 2
   228 set :areUnitsAvailable.1:needed *tmp51
   229 label *label502
   230 sensor *tmp52 @unit @controlled
   231 jump *label503 equal *tmp52 0
   232 sensor *tmp54 @unit @controller
   233 jump *label506 notEqual *tmp54 @this
   234 label *label503
   235 op add :areUnitsAvailable.1:free :areUnitsAvailable.1:free 1
   236 jump *label504 lessThan :areUnitsAvailable.1:free *tmp51
   237 set *tmp40 true
   238 jump *label516 always
   239 label *label504
   240 label *label505
   241 jump *label507 always
   242 label *label506
 
   272 set *tmp9 @poly
   273 jump *label22 always
   274 label *label517
   275 label *label518
   276 label *label519
   277 label *label520
   278 label *label521
   279 label *label524
   280 jump *label545 equal @mega UNIT_TYPE
   281 set :areUnitsAvailable.1:free 0
   282 set :areUnitsAvailable.1:occupied 0
   283 set :areUnitsAvailable.1:needed 0
   284 ubind @mega
   285 set :areUnitsAvailable.1:firstUnit @unit
   286 jump *label536 equal :areUnitsAvailable.1:firstUnit null
-    * set :needsFourUnits.1:unit @unit
-    * op sub *tmp44 .DOME_X .CORE_X
-    * op sub *tmp45 .DOME_Y .CORE_Y
-    * op len *tmp46 *tmp44 *tmp45
-    * op mul *tmp47 2 *tmp46
-    * sensor *tmp48 :needsFourUnits.1:unit @speed
-    * op div :needsFourUnits.1:travel_time *tmp47 *tmp48
-    * label *label525
-    * jump *label526 lessThan :needsFourUnits.1:travel_time 47
-    * set *tmp51 4
-    * jump *label527 always
-    * label *label526
-    * set *tmp51 2
-    * label *label527
+  287 set :needsFourUnits.1:unit @unit
+  288 op sub *tmp44 .DOME_X .CORE_X
+  289 op sub *tmp45 .DOME_Y .CORE_Y
+  290 op len *tmp46 *tmp44 *tmp45
+  291 op mul *tmp47 2 *tmp46
+  292 sensor *tmp48 :needsFourUnits.1:unit @speed
+  293 op div :needsFourUnits.1:travel_time *tmp47 *tmp48
+  294 label *label580
+  295 select *tmp51 greaterThanEq :needsFourUnits.1:travel_time 47 4 2
   296 set :areUnitsAvailable.1:needed *tmp51
   297 label *label528
   298 sensor *tmp52 @unit @controlled
   299 jump *label529 equal *tmp52 0
   300 sensor *tmp54 @unit @controller
   301 jump *label532 notEqual *tmp54 @this
   302 label *label529
   303 op add :areUnitsAvailable.1:free :areUnitsAvailable.1:free 1
   304 jump *label530 lessThan :areUnitsAvailable.1:free *tmp51
   305 set *tmp40 true
   306 jump *label542 always
   307 label *label530
   308 label *label531
   309 jump *label533 always
   310 label *label532
 
   340 set *tmp9 @mega
   341 jump *label22 always
   342 label *label543
   343 label *label544
   344 label *label545
   345 label *label546
   346 label *label547
   347 label *label550
   348 jump *label571 equal @mono UNIT_TYPE
   349 set :areUnitsAvailable.1:free 0
   350 set :areUnitsAvailable.1:occupied 0
   351 set :areUnitsAvailable.1:needed 0
   352 ubind @mono
   353 set :areUnitsAvailable.1:firstUnit @unit
   354 jump *label562 equal :areUnitsAvailable.1:firstUnit null
-    * set :needsFourUnits.1:unit @unit
-    * op sub *tmp44 .DOME_X .CORE_X
-    * op sub *tmp45 .DOME_Y .CORE_Y
-    * op len *tmp46 *tmp44 *tmp45
-    * op mul *tmp47 2 *tmp46
-    * sensor *tmp48 :needsFourUnits.1:unit @speed
-    * op div :needsFourUnits.1:travel_time *tmp47 *tmp48
-    * label *label551
-    * jump *label552 lessThan :needsFourUnits.1:travel_time 47
-    * set *tmp51 4
-    * jump *label553 always
-    * label *label552
-    * set *tmp51 2
-    * label *label553
+  355 set :needsFourUnits.1:unit @unit
+  356 op sub *tmp44 .DOME_X .CORE_X
+  357 op sub *tmp45 .DOME_Y .CORE_Y
+  358 op len *tmp46 *tmp44 *tmp45
+  359 op mul *tmp47 2 *tmp46
+  360 sensor *tmp48 :needsFourUnits.1:unit @speed
+  361 op div :needsFourUnits.1:travel_time *tmp47 *tmp48
+  362 label *label581
+  363 select *tmp51 greaterThanEq :needsFourUnits.1:travel_time 47 4 2
   364 set :areUnitsAvailable.1:needed *tmp51
   365 label *label554
   366 sensor *tmp52 @unit @controlled
   367 jump *label555 equal *tmp52 0
   368 sensor *tmp54 @unit @controller
   369 jump *label558 notEqual *tmp54 @this
   370 label *label555
   371 op add :areUnitsAvailable.1:free :areUnitsAvailable.1:free 1
   372 jump *label556 lessThan :areUnitsAvailable.1:free *tmp51
   373 set *tmp40 true
   374 jump *label568 always
   375 label *label556
   376 label *label557
   377 jump *label559 always
   378 label *label558
 
  1292 op sub *tmp449 @time :start
  1293 op floor *tmp450 *tmp449
  1294 print "\n"
  1295 print "[lightgray]Loop time: "
  1296 print *tmp450
  1297 print " "
  1298 print "ms"
  1299 printflush message1
  1300 jump *label373 equal *tmp9 UNIT_TYPE
  1301 jump *label373 lessThanEq :unitCheck @time
  1302 set :areUnitsAvailable.2:free 0
  1303 set :areUnitsAvailable.2:occupied 0
  1304 ubind UNIT_TYPE
  1305 set :areUnitsAvailable.2:firstUnit @unit
  1306 jump *label380 equal :areUnitsAvailable.2:firstUnit null
-    * set :needsFourUnits.3:unit @unit
-    * sensor *tmp462 :needsFourUnits.3:unit @speed
-    * op div :needsFourUnits.3:travel_time *tmp127 *tmp462
-    * label *label384
-    * jump *label382 lessThan :needsFourUnits.3:travel_time 47
-    * set *tmp465 4
-    * jump *label383 always
-    * label *label382
-    * set *tmp465 2
-    * label *label383
+ 1307 set :needsFourUnits.3:unit @unit
+ 1308 sensor *tmp462 :needsFourUnits.3:unit @speed
+ 1309 op div :needsFourUnits.3:travel_time *tmp127 *tmp462
+ 1310 label *label582
+ 1311 select *tmp465 greaterThanEq :needsFourUnits.3:travel_time 47 4 2
  1312 label *label385
  1313 sensor *tmp466 @unit @controlled
  1314 jump *label390 equal *tmp466 0
  1315 sensor *tmp468 @unit @controller
  1316 jump *label388 notEqual *tmp468 @this
  1317 label *label390
  1318 op add :areUnitsAvailable.2:free :areUnitsAvailable.2:free 1
  1319 jump *label392 lessThan :areUnitsAvailable.2:free *tmp465
  1320 set *tmp454 true
  1321 jump *label379 always
  1322 label *label392
  1323 label *label393
  1324 jump *label389 always
  1325 label *label388
  1326 op add :areUnitsAvailable.2:occupied :areUnitsAvailable.2:occupied 1

Modifications by #109: Jumps phase, Unreachable Code Elimination, pass 4, iteration 1 (-13 instructions):
     0 set *id "name: Overdrive dome supply\nversion: v0.1.0"
     1 remark "This is the preferred unit type to use for bringing in supplies."
     2 remark "If no units of this type exist, we'll try using other types."
     3 set UNIT_TYPE @flare
     4 remark "Do not modify anything below this line."
-    * label *label3
     5 jump *label5 notEqual dome1 null
     6 label *label412
     7 print "[gold]Waiting for an overdrive dome to be connected..."
     8 printflush message1
-    * label *label4
     9 jump *label412 equal dome1 null
    10 label *label5
    11 print "[gold]Locating core..."
    12 printflush message1
    13 set .CORE null
    14 label *label6
-    * label *label441
    15 set :locateCore:type @flare
    16 setaddr :locateCore*retaddr *label442 (h:*label442)
    17 call *label0 *invalid :locateCore*retval (m:*label442) (h:*label442)
    18 label *label442
    19 jump *label443 equal :locateCore*retval false
    20 jump *label2 always
    21 label *label443
-    * label *label444
-    * label *label445
-    * label *label448
    22 set :locateCore:type @poly
    23 setaddr :locateCore*retaddr *label449 (h:*label449)
    24 call *label0 *invalid :locateCore*retval (m:*label449) (h:*label449)
    25 label *label449
    26 jump *label450 equal :locateCore*retval false
    27 jump *label2 always
    28 label *label450
-    * label *label451
-    * label *label452
-    * label *label455
    29 set :locateCore:type @mega
    30 setaddr :locateCore*retaddr *label456 (h:*label456)
    31 call *label0 *invalid :locateCore*retval (m:*label456) (h:*label456)
    32 label *label456
    33 jump *label457 equal :locateCore*retval false
    34 jump *label2 always
    35 label *label457
-    * label *label458
-    * label *label459
-    * label *label462
    36 set :locateCore:type @mono
    37 setaddr :locateCore*retaddr *label463 (h:*label463)
    38 call *label0 *invalid :locateCore*retval (m:*label463) (h:*label463)
    39 label *label463
    40 jump *label464 equal :locateCore*retval false
    41 jump *label2 always
    42 label *label464
-    * label *label465
-    * label *label466
-    * label *label11
-    * label *label7
    43 jump *label6 always
-    * label *label8
    44 label *label2
    45 sensor .CORE_X .CORE @x
    46 sensor .CORE_Y .CORE @y
    47 sensor .DOME_X dome1 @x
    48 sensor .DOME_Y dome1 @y
-    * label *label19
    49 sensor *tmp7 switch1 @enabled
    50 jump *label21 notEqual *tmp7 false
    51 label *label470
    52 print "[coral]Activate switch to begin supplying overdrive dome..."
    53 print "\n"
    54 printflush message1
-    * label *label20
    55 sensor *tmp7 switch1 @enabled
    56 jump *label470 equal *tmp7 false
    57 label *label21
    58 label *label23
    59 printflush null
    60 print "[gold]Looking for suitable unit type:[]"
    61 print "\n"
    62 set :areUnitsAvailable:free 0
    63 set :areUnitsAvailable:occupied 0
    64 set :areUnitsAvailable:needed 0
    65 ubind UNIT_TYPE
    66 set :areUnitsAvailable:firstUnit @unit
    67 jump *label29 equal :areUnitsAvailable:firstUnit null
    68 set :needsFourUnits:unit @unit
    69 op sub *tmp14 .DOME_X .CORE_X
    70 op sub *tmp15 .DOME_Y .CORE_Y
    71 op len *tmp16 *tmp14 *tmp15
    72 op mul *tmp17 2 *tmp16
    73 sensor *tmp18 :needsFourUnits:unit @speed
    74 op div :needsFourUnits:travel_time *tmp17 *tmp18
-    * label *label577
    75 select *tmp21 greaterThanEq :needsFourUnits:travel_time 47 4 2
    76 set :areUnitsAvailable:needed *tmp21
    77 label *label34
    78 sensor *tmp22 @unit @controlled
    79 jump *label39 equal *tmp22 0
    80 sensor *tmp24 @unit @controller
    81 jump *label37 notEqual *tmp24 @this
    82 label *label39
    83 op add :areUnitsAvailable:free :areUnitsAvailable:free 1
    84 jump *label41 lessThan :areUnitsAvailable:free *tmp21
    85 set *tmp10 true
    86 jump *label28 always
    87 label *label41
-    * label *label42
    88 jump *label38 always
    89 label *label37
    90 op add :areUnitsAvailable:occupied :areUnitsAvailable:occupied 1
    91 label *label38
    92 ubind UNIT_TYPE
-    * label *label35
    93 jump *label36 equal @unit :areUnitsAvailable:firstUnit
    94 sensor *tmp31 :areUnitsAvailable:firstUnit @dead
    95 jump *label34 equal *tmp31 0
    96 label *label36
    97 label *label29
-    * label *label30
    98 print UNIT_TYPE
    99 print ":"
   100 print " occupied: "
   101 print :areUnitsAvailable:occupied
   102 print ","
   103 print " free: "
   104 print :areUnitsAvailable:free
   105 jump *label46 lessThanEq :areUnitsAvailable:needed 0
   106 print ", needed: "
   107 print :areUnitsAvailable:needed
   108 label *label46
-    * label *label47
   109 print "\n"
-    * label *label44
-    * label *label45
   110 set *tmp10 false
   111 label *label28
   112 jump *label26 equal *tmp10 false
   113 set *tmp9 UNIT_TYPE
   114 jump *label22 always
   115 label *label26
-    * label *label27
-    * label *label472
   116 jump *label493 equal @flare UNIT_TYPE
   117 set :areUnitsAvailable.1:free 0
   118 set :areUnitsAvailable.1:occupied 0
   119 set :areUnitsAvailable.1:needed 0
   120 ubind @flare
   121 set :areUnitsAvailable.1:firstUnit @unit
   122 jump *label484 equal :areUnitsAvailable.1:firstUnit null
   123 set :needsFourUnits.1:unit @unit
   124 op sub *tmp44 .DOME_X .CORE_X
   125 op sub *tmp45 .DOME_Y .CORE_Y
   126 op len *tmp46 *tmp44 *tmp45
   127 op mul *tmp47 2 *tmp46
   128 sensor *tmp48 :needsFourUnits.1:unit @speed
   129 op div :needsFourUnits.1:travel_time *tmp47 *tmp48
-    * label *label578
   130 select *tmp51 greaterThanEq :needsFourUnits.1:travel_time 47 4 2
   131 set :areUnitsAvailable.1:needed *tmp51
   132 label *label476
   133 sensor *tmp52 @unit @controlled
   134 jump *label477 equal *tmp52 0
   135 sensor *tmp54 @unit @controller
   136 jump *label480 notEqual *tmp54 @this
   137 label *label477
   138 op add :areUnitsAvailable.1:free :areUnitsAvailable.1:free 1
   139 jump *label478 lessThan :areUnitsAvailable.1:free *tmp51
   140 set *tmp40 true
   141 jump *label490 always
   142 label *label478
-    * label *label479
   143 jump *label481 always
   144 label *label480
   145 op add :areUnitsAvailable.1:occupied :areUnitsAvailable.1:occupied 1
   146 label *label481
   147 ubind @flare
-    * label *label482
   148 jump *label483 equal @unit :areUnitsAvailable.1:firstUnit
   149 sensor *tmp61 :areUnitsAvailable.1:firstUnit @dead
   150 jump *label476 equal *tmp61 0
   151 label *label483
   152 label *label484
-    * label *label485
   153 print @flare
   154 print ":"
   155 print " occupied: "
   156 print :areUnitsAvailable.1:occupied
   157 print ","
   158 print " free: "
   159 print :areUnitsAvailable.1:free
   160 jump *label486 lessThanEq :areUnitsAvailable.1:needed 0
   161 print ", needed: "
   162 print :areUnitsAvailable.1:needed
   163 label *label486
-    * label *label487
   164 print "\n"
-    * label *label488
-    * label *label489
   165 set *tmp40 false
   166 label *label490
   167 jump *label491 equal *tmp40 false
   168 printflush null
   169 set *tmp9 @flare
   170 jump *label22 always
   171 label *label491
-    * label *label492
   172 label *label493
-    * label *label494
-    * label *label495
-    * label *label498
   173 jump *label519 equal @poly UNIT_TYPE
   174 set :areUnitsAvailable.1:free 0
   175 set :areUnitsAvailable.1:occupied 0
   176 set :areUnitsAvailable.1:needed 0
   177 ubind @poly
   178 set :areUnitsAvailable.1:firstUnit @unit
   179 jump *label510 equal :areUnitsAvailable.1:firstUnit null
   180 set :needsFourUnits.1:unit @unit
   181 op sub *tmp44 .DOME_X .CORE_X
   182 op sub *tmp45 .DOME_Y .CORE_Y
   183 op len *tmp46 *tmp44 *tmp45
   184 op mul *tmp47 2 *tmp46
   185 sensor *tmp48 :needsFourUnits.1:unit @speed
   186 op div :needsFourUnits.1:travel_time *tmp47 *tmp48
-    * label *label579
   187 select *tmp51 greaterThanEq :needsFourUnits.1:travel_time 47 4 2
   188 set :areUnitsAvailable.1:needed *tmp51
   189 label *label502
   190 sensor *tmp52 @unit @controlled
   191 jump *label503 equal *tmp52 0
   192 sensor *tmp54 @unit @controller
   193 jump *label506 notEqual *tmp54 @this
   194 label *label503
   195 op add :areUnitsAvailable.1:free :areUnitsAvailable.1:free 1
   196 jump *label504 lessThan :areUnitsAvailable.1:free *tmp51
   197 set *tmp40 true
   198 jump *label516 always
   199 label *label504
-    * label *label505
   200 jump *label507 always
   201 label *label506
   202 op add :areUnitsAvailable.1:occupied :areUnitsAvailable.1:occupied 1
   203 label *label507
   204 ubind @poly
-    * label *label508
   205 jump *label509 equal @unit :areUnitsAvailable.1:firstUnit
   206 sensor *tmp61 :areUnitsAvailable.1:firstUnit @dead
   207 jump *label502 equal *tmp61 0
   208 label *label509
   209 label *label510
-    * label *label511
   210 print @poly
   211 print ":"
   212 print " occupied: "
   213 print :areUnitsAvailable.1:occupied
   214 print ","
   215 print " free: "
   216 print :areUnitsAvailable.1:free
   217 jump *label512 lessThanEq :areUnitsAvailable.1:needed 0
   218 print ", needed: "
   219 print :areUnitsAvailable.1:needed
   220 label *label512
-    * label *label513
   221 print "\n"
-    * label *label514
-    * label *label515
   222 set *tmp40 false
   223 label *label516
   224 jump *label517 equal *tmp40 false
   225 printflush null
   226 set *tmp9 @poly
   227 jump *label22 always
   228 label *label517
-    * label *label518
   229 label *label519
-    * label *label520
-    * label *label521
-    * label *label524
   230 jump *label545 equal @mega UNIT_TYPE
   231 set :areUnitsAvailable.1:free 0
   232 set :areUnitsAvailable.1:occupied 0
   233 set :areUnitsAvailable.1:needed 0
   234 ubind @mega
   235 set :areUnitsAvailable.1:firstUnit @unit
   236 jump *label536 equal :areUnitsAvailable.1:firstUnit null
   237 set :needsFourUnits.1:unit @unit
   238 op sub *tmp44 .DOME_X .CORE_X
   239 op sub *tmp45 .DOME_Y .CORE_Y
   240 op len *tmp46 *tmp44 *tmp45
   241 op mul *tmp47 2 *tmp46
   242 sensor *tmp48 :needsFourUnits.1:unit @speed
   243 op div :needsFourUnits.1:travel_time *tmp47 *tmp48
-    * label *label580
   244 select *tmp51 greaterThanEq :needsFourUnits.1:travel_time 47 4 2
   245 set :areUnitsAvailable.1:needed *tmp51
   246 label *label528
   247 sensor *tmp52 @unit @controlled
   248 jump *label529 equal *tmp52 0
   249 sensor *tmp54 @unit @controller
   250 jump *label532 notEqual *tmp54 @this
   251 label *label529
   252 op add :areUnitsAvailable.1:free :areUnitsAvailable.1:free 1
   253 jump *label530 lessThan :areUnitsAvailable.1:free *tmp51
   254 set *tmp40 true
   255 jump *label542 always
   256 label *label530
-    * label *label531
   257 jump *label533 always
   258 label *label532
   259 op add :areUnitsAvailable.1:occupied :areUnitsAvailable.1:occupied 1
   260 label *label533
   261 ubind @mega
-    * label *label534
   262 jump *label535 equal @unit :areUnitsAvailable.1:firstUnit
   263 sensor *tmp61 :areUnitsAvailable.1:firstUnit @dead
   264 jump *label528 equal *tmp61 0
   265 label *label535
   266 label *label536
-    * label *label537
   267 print @mega
   268 print ":"
   269 print " occupied: "
   270 print :areUnitsAvailable.1:occupied
   271 print ","
   272 print " free: "
   273 print :areUnitsAvailable.1:free
   274 jump *label538 lessThanEq :areUnitsAvailable.1:needed 0
   275 print ", needed: "
   276 print :areUnitsAvailable.1:needed
   277 label *label538
-    * label *label539
   278 print "\n"
-    * label *label540
-    * label *label541
   279 set *tmp40 false
   280 label *label542
   281 jump *label543 equal *tmp40 false
   282 printflush null
   283 set *tmp9 @mega
   284 jump *label22 always
   285 label *label543
-    * label *label544
   286 label *label545
-    * label *label546
-    * label *label547
-    * label *label550
   287 jump *label571 equal @mono UNIT_TYPE
   288 set :areUnitsAvailable.1:free 0
   289 set :areUnitsAvailable.1:occupied 0
   290 set :areUnitsAvailable.1:needed 0
   291 ubind @mono
   292 set :areUnitsAvailable.1:firstUnit @unit
   293 jump *label562 equal :areUnitsAvailable.1:firstUnit null
   294 set :needsFourUnits.1:unit @unit
   295 op sub *tmp44 .DOME_X .CORE_X
   296 op sub *tmp45 .DOME_Y .CORE_Y
   297 op len *tmp46 *tmp44 *tmp45
   298 op mul *tmp47 2 *tmp46
   299 sensor *tmp48 :needsFourUnits.1:unit @speed
   300 op div :needsFourUnits.1:travel_time *tmp47 *tmp48
-    * label *label581
   301 select *tmp51 greaterThanEq :needsFourUnits.1:travel_time 47 4 2
   302 set :areUnitsAvailable.1:needed *tmp51
   303 label *label554
   304 sensor *tmp52 @unit @controlled
   305 jump *label555 equal *tmp52 0
   306 sensor *tmp54 @unit @controller
   307 jump *label558 notEqual *tmp54 @this
   308 label *label555
   309 op add :areUnitsAvailable.1:free :areUnitsAvailable.1:free 1
   310 jump *label556 lessThan :areUnitsAvailable.1:free *tmp51
   311 set *tmp40 true
   312 jump *label568 always
   313 label *label556
-    * label *label557
   314 jump *label559 always
   315 label *label558
   316 op add :areUnitsAvailable.1:occupied :areUnitsAvailable.1:occupied 1
   317 label *label559
   318 ubind @mono
-    * label *label560
   319 jump *label561 equal @unit :areUnitsAvailable.1:firstUnit
   320 sensor *tmp61 :areUnitsAvailable.1:firstUnit @dead
   321 jump *label554 equal *tmp61 0
   322 label *label561
   323 label *label562
-    * label *label563
   324 print @mono
   325 print ":"
   326 print " occupied: "
   327 print :areUnitsAvailable.1:occupied
   328 print ","
   329 print " free: "
   330 print :areUnitsAvailable.1:free
   331 jump *label564 lessThanEq :areUnitsAvailable.1:needed 0
   332 print ", needed: "
   333 print :areUnitsAvailable.1:needed
   334 label *label564
-    * label *label565
   335 print "\n"
-    * label *label566
-    * label *label567
   336 set *tmp40 false
   337 label *label568
   338 jump *label569 equal *tmp40 false
   339 printflush null
   340 set *tmp9 @mono
   341 jump *label22 always
   342 label *label569
-    * label *label570
   343 label *label571
-    * label *label572
-    * label *label573
-    * label *label50
   344 printflush message1
-    * label *label24
   345 jump *label23 always
-    * label *label25
-    * set *tmp9 null
   346 label *label22
   347 print "[gold]Binding units..."
   348 printflush message1
   349 set .UNIT_P2 null
   350 set .UNIT_S2 null
   351 set .UNIT_P1 null
   352 set .UNIT_S1 null
   353 set :rebindUnits:count 0
   354 ubind *tmp9
   355 set :rebindUnits:firstUnit @unit
   356 jump *label80 notEqual :rebindUnits:firstUnit null
   357 end
   358 label *label80
-    * label *label81
   359 label *label82
   360 sensor *tmp70 @unit @controller
   361 jump *label85 notEqual *tmp70 @this
   362 op add :rebindUnits:count :rebindUnits:count 1
   363 ucontrol flag 1
   364 set .UNIT_S2 .UNIT_P2
   365 set .UNIT_P2 .UNIT_S1
   366 set .UNIT_S1 .UNIT_P1
   367 set .UNIT_P1 @unit
   368 jump *label87 equal .UNIT_S2 null
   369 jump *label84 always
   370 label *label87
-    * label *label88
   371 label *label85
-    * label *label86
   372 ubind *tmp9
-    * label *label83
   373 jump *label84 equal @unit :rebindUnits:firstUnit
   374 sensor *tmp77 :rebindUnits:firstUnit @dead
   375 jump *label82 equal *tmp77 0
   376 label *label84
-    * label *label79
   377 jump *label92 equal .UNIT_S1 null
   378 ubind .UNIT_S1
   379 sensor *tmp83 @unit @dead
   380 jump *label94 notEqual *tmp83 0
   381 sensor *tmp85 @unit @controller
   382 jump *label94 notEqual *tmp85 @this
   383 jump *label91 always
   384 label *label94
-    * label *label95
   385 label *label92
-    * label *label93
   386 ubind *tmp9
   387 set :rebindUnit:firstUnit @unit
   388 jump *label98 equal :rebindUnit:firstUnit null
   389 label *label100
   390 sensor *tmp90 @unit @controlled
   391 jump *label103 notEqual *tmp90 0
   392 jump *label91 always
   393 label *label103
-    * label *label104
   394 ubind *tmp9
-    * label *label101
   395 jump *label102 equal @unit :rebindUnit:firstUnit
   396 sensor *tmp94 :rebindUnit:firstUnit @dead
   397 jump *label100 equal *tmp94 0
   398 label *label102
   399 label *label98
-    * label *label99
   400 end
   401 label *label91
   402 ucontrol flag 1
   403 set *tmp79 @unit
-    * label *label90
   404 set .UNIT_S1 *tmp79
   405 jump *label108 equal .UNIT_P1 null
   406 ubind .UNIT_P1
   407 sensor *tmp100 @unit @dead
   408 jump *label110 notEqual *tmp100 0
   409 sensor *tmp102 @unit @controller
   410 jump *label110 notEqual *tmp102 @this
   411 jump *label107 always
   412 label *label110
-    * label *label111
   413 label *label108
-    * label *label109
   414 ubind *tmp9
   415 set :rebindUnit.1:firstUnit @unit
   416 jump *label114 equal :rebindUnit.1:firstUnit null
   417 label *label116
   418 sensor *tmp107 @unit @controlled
   419 jump *label119 notEqual *tmp107 0
   420 jump *label107 always
   421 label *label119
-    * label *label120
   422 ubind *tmp9
-    * label *label117
   423 jump *label118 equal @unit :rebindUnit.1:firstUnit
   424 sensor *tmp111 :rebindUnit.1:firstUnit @dead
   425 jump *label116 equal *tmp111 0
   426 label *label118
   427 label *label114
-    * label *label115
   428 end
   429 label *label107
   430 ucontrol flag 1
   431 set *tmp96 @unit
-    * label *label106
   432 set .UNIT_P1 *tmp96
   433 sensor *tmp113 *tmp79 @firstItem
   434 jump *label124 equal *tmp113 @phase-fabric
   435 sensor *tmp115 *tmp96 @firstItem
   436 jump *label122 notEqual *tmp115 @silicon
   437 label *label124
   438 set .UNIT_S1 *tmp96
   439 set .UNIT_P1 *tmp79
-    * label *label126
   440 label *label122
-    * label *label123
   441 sensor .UNIT_CAPACITY .UNIT_S1 @itemCapacity
   442 sensor .SPEED .UNIT_S1 @speed
   443 op div .SPEED_TENTHS .SPEED 10
   444 jump *label127 strictNotEqual .SPEED null
   445 stop
   446 label *label127
-    * label *label128
   447 op sub *tmp124 .DOME_X .CORE_X
   448 op sub *tmp125 .DOME_Y .CORE_Y
   449 op len *tmp126 *tmp124 *tmp125
   450 op mul *tmp127 2 *tmp126
   451 op div :needsFourUnits.2:travel_time *tmp127 .SPEED
   452 op greaterThanEq *tmp123 :needsFourUnits.2:travel_time 47
-    * label *label129
   453 jump *label130 lessThan :needsFourUnits.2:travel_time 47
   454 jump *label134 equal .UNIT_S2 null
   455 ubind .UNIT_S2
   456 sensor *tmp136 @unit @dead
   457 jump *label136 notEqual *tmp136 0
   458 sensor *tmp138 @unit @controller
   459 jump *label136 notEqual *tmp138 @this
   460 jump *label133 always
   461 label *label136
-    * label *label137
   462 label *label134
-    * label *label135
   463 ubind *tmp9
   464 set :rebindUnit.2:firstUnit @unit
   465 jump *label140 equal :rebindUnit.2:firstUnit null
   466 label *label142
   467 sensor *tmp143 @unit @controlled
   468 jump *label145 notEqual *tmp143 0
   469 jump *label133 always
   470 label *label145
-    * label *label146
   471 ubind *tmp9
-    * label *label143
   472 jump *label144 equal @unit :rebindUnit.2:firstUnit
   473 sensor *tmp147 :rebindUnit.2:firstUnit @dead
   474 jump *label142 equal *tmp147 0
   475 label *label144
   476 label *label140
-    * label *label141
   477 end
   478 label *label133
   479 ucontrol flag 1
   480 set *tmp132 @unit
-    * label *label132
   481 set .UNIT_S2 *tmp132
   482 jump *label150 equal .UNIT_P2 null
   483 ubind .UNIT_P2
   484 sensor *tmp153 @unit @dead
   485 jump *label152 notEqual *tmp153 0
   486 sensor *tmp155 @unit @controller
   487 jump *label152 notEqual *tmp155 @this
   488 jump *label149 always
   489 label *label152
-    * label *label153
   490 label *label150
-    * label *label151
   491 ubind *tmp9
   492 set :rebindUnit.3:firstUnit @unit
   493 jump *label156 equal :rebindUnit.3:firstUnit null
   494 label *label158
   495 sensor *tmp160 @unit @controlled
   496 jump *label161 notEqual *tmp160 0
   497 jump *label149 always
   498 label *label161
-    * label *label162
   499 ubind *tmp9
-    * label *label159
   500 jump *label160 equal @unit :rebindUnit.3:firstUnit
   501 sensor *tmp164 :rebindUnit.3:firstUnit @dead
   502 jump *label158 equal *tmp164 0
   503 label *label160
   504 label *label156
-    * label *label157
   505 end
   506 label *label149
   507 ucontrol flag 1
   508 set *tmp149 @unit
-    * label *label148
   509 set .UNIT_P2 *tmp149
   510 sensor *tmp166 .UNIT_S1 @firstItem
   511 jump *label164 notEqual *tmp166 @phase-fabric
   512 sensor *tmp168 *tmp149 @firstItem
   513 jump *label164 equal *tmp168 @phase-fabric
   514 set :swap.1:t .UNIT_S1
   515 set .UNIT_S1 *tmp149
   516 set .UNIT_P2 :swap.1:t
-    * label *label168
   517 label *label164
-    * label *label165
   518 sensor *tmp171 *tmp132 @firstItem
   519 jump *label171 equal *tmp171 @phase-fabric
   520 sensor *tmp173 .UNIT_P2 @firstItem
   521 jump *label169 notEqual *tmp173 @silicon
   522 label *label171
   523 set .UNIT_S2 .UNIT_P2
   524 set .UNIT_P2 *tmp132
-    * label *label173
   525 label *label169
-    * label *label170
   526 set .GROUP1 "unit  1"
   527 set .GROUP2 "unit 2"
   528 jump *label131 always
   529 label *label130
-    * label *label432
   530 ubind .UNIT_S2
   531 ucontrol flag 0
   532 ucontrol unbind
-    * label *label433
-    * label *label436
   533 ubind .UNIT_P2
   534 ucontrol flag 0
   535 ucontrol unbind
-    * label *label437
-    * label *label177
-    * label *label174
   536 set .UNIT_P2 null
   537 set .UNIT_S2 null
   538 set .GROUP1 "unit"
   539 label *label131
   540 jump *label180 notEqual *tmp123 false
   541 set .SUPPLY_S_FIRST true
   542 jump *label181 always
   543 label *label180
   544 sensor *tmp178 .UNIT_S1 @totalItems
   545 sensor *tmp179 .UNIT_S2 @totalItems
   546 op lessThan .SUPPLY_S_FIRST *tmp178 *tmp179
   547 label *label181
   548 jump *label184 notEqual *tmp123 false
   549 set .SUPPLY_P_FIRST true
   550 jump *label185 always
   551 label *label184
   552 sensor *tmp183 .UNIT_P1 @totalItems
   553 sensor *tmp184 .UNIT_P2 @totalItems
   554 op lessThan .SUPPLY_P_FIRST *tmp183 *tmp184
   555 label *label185
   556 op add :unitCheck @time 5000
-    * label *label188
   557 sensor *tmp188 switch1 @enabled
   558 jump *label190 equal *tmp188 false
   559 label *label471
   560 set :start @time
   561 print " === [gold]Supplying Overdrive Dome[] === "
   562 print "\n"
   563 print "\n"
   564 print "Unit type: [green]"
   565 print *tmp9
   566 print "["
   567 print "]"
   568 print "\n"
   569 print "\n[green]Silicon[] status:\n"
   570 sensor :printDomeStatus:level dome1 @silicon
   571 jump *label192 lessThanEq :printDomeStatus:level 3
   572 print "  dome:  [green]"
   573 print :printDomeStatus:level
   574 print "["
   575 print "]"
   576 print "\n"
   577 jump *label193 always
   578 label *label192
   579 print "  dome:  [coral]"
   580 print :printDomeStatus:level
   581 print "["
   582 print "]"
   583 print "\n"
   584 label *label193
-    * label *label191
   585 jump *label196 equal .UNIT_S1 null
   586 ubind .UNIT_S1
   587 sensor *tmp195 @unit @dead
   588 jump *label198 notEqual *tmp195 0
   589 sensor *tmp197 @unit @controller
   590 jump *label198 notEqual *tmp197 @this
   591 jump *label195 always
   592 label *label198
-    * label *label199
   593 label *label196
-    * label *label197
   594 ubind *tmp9
   595 set :rebindUnit.4:firstUnit @unit
   596 jump *label202 equal :rebindUnit.4:firstUnit null
   597 label *label204
   598 sensor *tmp202 @unit @controlled
   599 jump *label207 notEqual *tmp202 0
   600 jump *label195 always
   601 label *label207
-    * label *label208
   602 ubind *tmp9
-    * label *label205
   603 jump *label206 equal @unit :rebindUnit.4:firstUnit
   604 sensor *tmp206 :rebindUnit.4:firstUnit @dead
   605 jump *label204 equal *tmp206 0
   606 label *label206
   607 label *label202
-    * label *label203
   608 end
   609 label *label195
   610 sensor :processUnit:state @unit @flag
   611 set :processUnit:distance -1
   612 jump *label212 lessThan :processUnit:state 2
   613 jump *label210 lessThanEq :processUnit:state 3
   614 label *label212
   615 sensor *tmp212 @unit @firstItem
   616 jump *label214 notEqual *tmp212 @silicon
   617 set :processUnit:state 3
   618 jump *label215 always
   619 label *label214
   620 sensor *tmp215 @unit @totalItems
   621 jump *label216 notEqual *tmp215 0
   622 set :processUnit:state 2
   623 jump *label217 always
   624 label *label216
   625 set .MSG ", initializing\n"
   626 ucontrol approach .CORE_X .CORE_Y 6
   627 ucontrol within .CORE_X .CORE_Y 8 *tmp218
   628 jump *label218 equal *tmp218 false
   629 ucontrol itemDrop .CORE .UNIT_CAPACITY
   630 label *label218
-    * label *label219
   631 label *label217
   632 label *label215
   633 label *label210
-    * label *label211
   634 jump *label220 notEqual :processUnit:state 2
   635 ucontrol within .CORE_X .CORE_Y 8 *tmp222
   636 jump *label222 equal *tmp222 false
   637 ucontrol itemTake .CORE @silicon .UNIT_CAPACITY
   638 sensor *tmp224 @unit @totalItems
   639 jump *label224 lessThan *tmp224 .UNIT_CAPACITY
   640 ucontrol approach .DOME_X .DOME_Y 6
   641 set :processUnit:state 3
   642 jump *label225 always
   643 label *label224
   644 set .MSG ", loading\n"
   645 label *label225
   646 jump *label223 always
   647 label *label222
   648 ucontrol approach .CORE_X .CORE_Y 6
   649 set .MSG ", fetching in [gold]"
   650 sensor *tmp227 @unit @x
   651 op sub *tmp228 .CORE_X *tmp227
   652 sensor *tmp229 @unit @y
   653 op sub *tmp230 .CORE_Y *tmp229
   654 op len *tmp231 *tmp228 *tmp230
   655 op idiv *tmp232 *tmp231 .SPEED_TENTHS
   656 op div :processUnit:distance *tmp232 10
   657 label *label223
   658 label *label220
-    * label *label221
   659 jump *label226 notEqual :processUnit:state 3
   660 ucontrol within .DOME_X .DOME_Y 8 *tmp236
   661 jump *label228 equal *tmp236 false
   662 jump *label230 equal .SUPPLY_S_FIRST false
   663 ucontrol itemDrop dome1 .UNIT_CAPACITY
   664 set .MSG ", supplying\n"
   665 jump *label231 always
   666 label *label230
   667 ucontrol approach .DOME_X .DOME_Y 6
   668 set .MSG ", waiting\n"
   669 label *label231
   670 sensor *tmp239 @unit @totalItems
   671 jump *label232 greaterThan *tmp239 0
   672 ucontrol approach .CORE_X .CORE_Y 6
   673 set :processUnit:state 2
   674 label *label232
-    * label *label233
   675 jump *label229 always
   676 label *label228
   677 ucontrol approach .DOME_X .DOME_Y 6
   678 set .MSG ", returning in [gold]"
   679 sensor *tmp242 @unit @x
   680 op sub *tmp243 .DOME_X *tmp242
   681 sensor *tmp244 @unit @y
   682 op sub *tmp245 .DOME_Y *tmp244
   683 op len *tmp246 *tmp243 *tmp245
   684 op idiv *tmp247 *tmp246 .SPEED_TENTHS
   685 op div :processUnit:distance *tmp247 10
   686 label *label229
   687 label *label226
-    * label *label227
   688 ucontrol flag :processUnit:state
   689 sensor *tmp249 @unit @totalItems
   690 print "  "
   691 print .GROUP1
   692 print ":"
   693 print " ["
   694 print "gold"
   695 print "]"
   696 print *tmp249
   697 print "["
   698 print "]"
   699 jump *label234 lessThan :processUnit:distance 0
   700 print .MSG
   701 print :processUnit:distance
   702 print "["
   703 print "] sec"
   704 print "\n"
   705 jump *label235 always
   706 label *label234
   707 print .MSG
   708 label *label235
   709 set :processUnit:unit @unit
-    * label *label194
   710 set .UNIT_S1 :processUnit:unit
   711 jump *label236 equal *tmp123 false
   712 jump *label240 equal .UNIT_S2 null
   713 ubind .UNIT_S2
   714 sensor *tmp257 @unit @dead
   715 jump *label242 notEqual *tmp257 0
   716 sensor *tmp259 @unit @controller
   717 jump *label242 notEqual *tmp259 @this
   718 jump *label239 always
   719 label *label242
-    * label *label243
   720 label *label240
-    * label *label241
   721 ubind *tmp9
   722 set :rebindUnit.5:firstUnit @unit
   723 jump *label246 equal :rebindUnit.5:firstUnit null
   724 label *label248
   725 sensor *tmp264 @unit @controlled
   726 jump *label251 notEqual *tmp264 0
   727 jump *label239 always
   728 label *label251
-    * label *label252
   729 ubind *tmp9
-    * label *label249
   730 jump *label250 equal @unit :rebindUnit.5:firstUnit
   731 sensor *tmp268 :rebindUnit.5:firstUnit @dead
   732 jump *label248 equal *tmp268 0
   733 label *label250
   734 label *label246
-    * label *label247
   735 end
   736 label *label239
   737 sensor :processUnit.1:state @unit @flag
   738 set :processUnit.1:distance -1
   739 jump *label256 lessThan :processUnit.1:state 2
   740 jump *label254 lessThanEq :processUnit.1:state 3
   741 label *label256
   742 sensor *tmp274 @unit @firstItem
   743 jump *label258 notEqual *tmp274 @silicon
   744 set :processUnit.1:state 3
   745 jump *label259 always
   746 label *label258
   747 sensor *tmp277 @unit @totalItems
   748 jump *label260 notEqual *tmp277 0
   749 set :processUnit.1:state 2
   750 jump *label261 always
   751 label *label260
   752 set .MSG ", initializing\n"
   753 ucontrol approach .CORE_X .CORE_Y 6
   754 ucontrol within .CORE_X .CORE_Y 8 *tmp280
   755 jump *label262 equal *tmp280 false
   756 ucontrol itemDrop .CORE .UNIT_CAPACITY
   757 label *label262
-    * label *label263
   758 label *label261
   759 label *label259
   760 label *label254
-    * label *label255
   761 jump *label264 notEqual :processUnit.1:state 2
   762 ucontrol within .CORE_X .CORE_Y 8 *tmp284
   763 jump *label266 equal *tmp284 false
   764 ucontrol itemTake .CORE @silicon .UNIT_CAPACITY
   765 sensor *tmp286 @unit @totalItems
   766 jump *label268 lessThan *tmp286 .UNIT_CAPACITY
   767 ucontrol approach .DOME_X .DOME_Y 6
   768 set :processUnit.1:state 3
   769 jump *label269 always
   770 label *label268
   771 set .MSG ", loading\n"
   772 label *label269
   773 jump *label267 always
   774 label *label266
   775 ucontrol approach .CORE_X .CORE_Y 6
   776 set .MSG ", fetching in [gold]"
   777 sensor *tmp289 @unit @x
   778 op sub *tmp290 .CORE_X *tmp289
   779 sensor *tmp291 @unit @y
   780 op sub *tmp292 .CORE_Y *tmp291
   781 op len *tmp293 *tmp290 *tmp292
   782 op idiv *tmp294 *tmp293 .SPEED_TENTHS
   783 op div :processUnit.1:distance *tmp294 10
   784 label *label267
   785 label *label264
-    * label *label265
   786 jump *label270 notEqual :processUnit.1:state 3
   787 ucontrol within .DOME_X .DOME_Y 8 *tmp298
   788 jump *label272 equal *tmp298 false
   789 jump *label274 notEqual .SUPPLY_S_FIRST false
   790 ucontrol itemDrop dome1 .UNIT_CAPACITY
   791 set .MSG ", supplying\n"
   792 jump *label275 always
   793 label *label274
   794 ucontrol approach .DOME_X .DOME_Y 6
   795 set .MSG ", waiting\n"
   796 label *label275
   797 sensor *tmp301 @unit @totalItems
   798 jump *label276 greaterThan *tmp301 0
   799 ucontrol approach .CORE_X .CORE_Y 6
   800 set :processUnit.1:state 2
   801 label *label276
-    * label *label277
   802 jump *label273 always
   803 label *label272
   804 ucontrol approach .DOME_X .DOME_Y 6
   805 set .MSG ", returning in [gold]"
   806 sensor *tmp304 @unit @x
   807 op sub *tmp305 .DOME_X *tmp304
   808 sensor *tmp306 @unit @y
   809 op sub *tmp307 .DOME_Y *tmp306
   810 op len *tmp308 *tmp305 *tmp307
   811 op idiv *tmp309 *tmp308 .SPEED_TENTHS
   812 op div :processUnit.1:distance *tmp309 10
   813 label *label273
   814 label *label270
-    * label *label271
   815 ucontrol flag :processUnit.1:state
   816 sensor *tmp311 @unit @totalItems
   817 print "  "
   818 print .GROUP2
   819 print ":"
   820 print " ["
   821 print "gold"
   822 print "]"
   823 print *tmp311
   824 print "["
   825 print "]"
   826 jump *label278 lessThan :processUnit.1:distance 0
   827 print .MSG
   828 print :processUnit.1:distance
   829 print "["
   830 print "] sec"
   831 print "\n"
   832 jump *label279 always
   833 label *label278
   834 print .MSG
   835 label *label279
   836 set :processUnit.1:unit @unit
-    * label *label238
   837 set .UNIT_S2 :processUnit.1:unit
   838 jump *label280 equal .SUPPLY_S_FIRST false
   839 sensor *tmp315 :processUnit:unit @totalItems
   840 op greaterThan .SUPPLY_S_FIRST *tmp315 0
   841 jump *label281 always
   842 label *label280
   843 sensor *tmp317 :processUnit.1:unit @totalItems
   844 op equal .SUPPLY_S_FIRST *tmp317 0
   845 label *label281
   846 label *label236
-    * label *label237
   847 print "\n[green]Phase fabric[] status:\n"
   848 sensor :printDomeStatus.1:level dome1 @phase-fabric
   849 jump *label283 lessThanEq :printDomeStatus.1:level 3
   850 print "  dome:  [green]"
   851 print :printDomeStatus.1:level
   852 print "["
   853 print "]"
   854 print "\n"
   855 jump *label284 always
   856 label *label283
   857 print "  dome:  [coral]"
   858 print :printDomeStatus.1:level
   859 print "["
   860 print "]"
   861 print "\n"
   862 label *label284
-    * label *label282
   863 jump *label287 equal .UNIT_P1 null
   864 ubind .UNIT_P1
   865 sensor *tmp325 @unit @dead
   866 jump *label289 notEqual *tmp325 0
   867 sensor *tmp327 @unit @controller
   868 jump *label289 notEqual *tmp327 @this
   869 jump *label286 always
   870 label *label289
-    * label *label290
   871 label *label287
-    * label *label288
   872 ubind *tmp9
   873 set :rebindUnit.6:firstUnit @unit
   874 jump *label293 equal :rebindUnit.6:firstUnit null
   875 label *label295
   876 sensor *tmp332 @unit @controlled
   877 jump *label298 notEqual *tmp332 0
   878 jump *label286 always
   879 label *label298
-    * label *label299
   880 ubind *tmp9
-    * label *label296
   881 jump *label297 equal @unit :rebindUnit.6:firstUnit
   882 sensor *tmp336 :rebindUnit.6:firstUnit @dead
   883 jump *label295 equal *tmp336 0
   884 label *label297
   885 label *label293
-    * label *label294
   886 end
   887 label *label286
   888 sensor :processUnit.2:state @unit @flag
   889 set :processUnit.2:distance -1
   890 jump *label303 lessThan :processUnit.2:state 2
   891 jump *label301 lessThanEq :processUnit.2:state 3
   892 label *label303
   893 sensor *tmp342 @unit @firstItem
   894 jump *label305 notEqual *tmp342 @phase-fabric
   895 set :processUnit.2:state 3
   896 jump *label306 always
   897 label *label305
   898 sensor *tmp345 @unit @totalItems
   899 jump *label307 notEqual *tmp345 0
   900 set :processUnit.2:state 2
   901 jump *label308 always
   902 label *label307
   903 set .MSG ", initializing\n"
   904 ucontrol approach .CORE_X .CORE_Y 6
   905 ucontrol within .CORE_X .CORE_Y 8 *tmp348
   906 jump *label309 equal *tmp348 false
   907 ucontrol itemDrop .CORE .UNIT_CAPACITY
   908 label *label309
-    * label *label310
   909 label *label308
   910 label *label306
   911 label *label301
-    * label *label302
   912 jump *label311 notEqual :processUnit.2:state 2
   913 ucontrol within .CORE_X .CORE_Y 8 *tmp352
   914 jump *label313 equal *tmp352 false
   915 ucontrol itemTake .CORE @phase-fabric .UNIT_CAPACITY
   916 sensor *tmp354 @unit @totalItems
   917 jump *label315 lessThan *tmp354 .UNIT_CAPACITY
   918 ucontrol approach .DOME_X .DOME_Y 6
   919 set :processUnit.2:state 3
   920 jump *label316 always
   921 label *label315
   922 set .MSG ", loading\n"
   923 label *label316
   924 jump *label314 always
   925 label *label313
   926 ucontrol approach .CORE_X .CORE_Y 6
   927 set .MSG ", fetching in [gold]"
   928 sensor *tmp357 @unit @x
   929 op sub *tmp358 .CORE_X *tmp357
   930 sensor *tmp359 @unit @y
   931 op sub *tmp360 .CORE_Y *tmp359
   932 op len *tmp361 *tmp358 *tmp360
   933 op idiv *tmp362 *tmp361 .SPEED_TENTHS
   934 op div :processUnit.2:distance *tmp362 10
   935 label *label314
   936 label *label311
-    * label *label312
   937 jump *label317 notEqual :processUnit.2:state 3
   938 ucontrol within .DOME_X .DOME_Y 8 *tmp366
   939 jump *label319 equal *tmp366 false
   940 jump *label321 equal .SUPPLY_P_FIRST false
   941 ucontrol itemDrop dome1 .UNIT_CAPACITY
   942 set .MSG ", supplying\n"
   943 jump *label322 always
   944 label *label321
   945 ucontrol approach .DOME_X .DOME_Y 6
   946 set .MSG ", waiting\n"
   947 label *label322
   948 sensor *tmp369 @unit @totalItems
   949 jump *label323 greaterThan *tmp369 0
   950 ucontrol approach .CORE_X .CORE_Y 6
   951 set :processUnit.2:state 2
   952 label *label323
-    * label *label324
   953 jump *label320 always
   954 label *label319
   955 ucontrol approach .DOME_X .DOME_Y 6
   956 set .MSG ", returning in [gold]"
   957 sensor *tmp372 @unit @x
   958 op sub *tmp373 .DOME_X *tmp372
   959 sensor *tmp374 @unit @y
   960 op sub *tmp375 .DOME_Y *tmp374
   961 op len *tmp376 *tmp373 *tmp375
   962 op idiv *tmp377 *tmp376 .SPEED_TENTHS
   963 op div :processUnit.2:distance *tmp377 10
   964 label *label320
   965 label *label317
-    * label *label318
   966 ucontrol flag :processUnit.2:state
   967 sensor *tmp379 @unit @totalItems
   968 print "  "
   969 print .GROUP1
   970 print ":"
   971 print " ["
   972 print "gold"
   973 print "]"
   974 print *tmp379
   975 print "["
   976 print "]"
   977 jump *label325 lessThan :processUnit.2:distance 0
   978 print .MSG
   979 print :processUnit.2:distance
   980 print "["
   981 print "] sec"
   982 print "\n"
   983 jump *label326 always
   984 label *label325
   985 print .MSG
   986 label *label326
   987 set :processUnit.2:unit @unit
-    * label *label285
   988 set .UNIT_P1 :processUnit.2:unit
   989 jump *label327 equal *tmp123 false
   990 jump *label331 equal .UNIT_P2 null
   991 ubind .UNIT_P2
   992 sensor *tmp387 @unit @dead
   993 jump *label333 notEqual *tmp387 0
   994 sensor *tmp389 @unit @controller
   995 jump *label333 notEqual *tmp389 @this
   996 jump *label330 always
   997 label *label333
-    * label *label334
   998 label *label331
-    * label *label332
   999 ubind *tmp9
  1000 set :rebindUnit.7:firstUnit @unit
  1001 jump *label337 equal :rebindUnit.7:firstUnit null
  1002 label *label339
  1003 sensor *tmp394 @unit @controlled
  1004 jump *label342 notEqual *tmp394 0
  1005 jump *label330 always
  1006 label *label342
-    * label *label343
  1007 ubind *tmp9
-    * label *label340
  1008 jump *label341 equal @unit :rebindUnit.7:firstUnit
  1009 sensor *tmp398 :rebindUnit.7:firstUnit @dead
  1010 jump *label339 equal *tmp398 0
  1011 label *label341
  1012 label *label337
-    * label *label338
  1013 end
  1014 label *label330
  1015 sensor :processUnit.3:state @unit @flag
  1016 set :processUnit.3:distance -1
  1017 jump *label347 lessThan :processUnit.3:state 2
  1018 jump *label345 lessThanEq :processUnit.3:state 3
  1019 label *label347
  1020 sensor *tmp404 @unit @firstItem
  1021 jump *label349 notEqual *tmp404 @phase-fabric
  1022 set :processUnit.3:state 3
  1023 jump *label350 always
  1024 label *label349
  1025 sensor *tmp407 @unit @totalItems
  1026 jump *label351 notEqual *tmp407 0
  1027 set :processUnit.3:state 2
  1028 jump *label352 always
  1029 label *label351
  1030 set .MSG ", initializing\n"
  1031 ucontrol approach .CORE_X .CORE_Y 6
  1032 ucontrol within .CORE_X .CORE_Y 8 *tmp410
  1033 jump *label353 equal *tmp410 false
  1034 ucontrol itemDrop .CORE .UNIT_CAPACITY
  1035 label *label353
-    * label *label354
  1036 label *label352
  1037 label *label350
  1038 label *label345
-    * label *label346
  1039 jump *label355 notEqual :processUnit.3:state 2
  1040 ucontrol within .CORE_X .CORE_Y 8 *tmp414
  1041 jump *label357 equal *tmp414 false
  1042 ucontrol itemTake .CORE @phase-fabric .UNIT_CAPACITY
  1043 sensor *tmp416 @unit @totalItems
  1044 jump *label359 lessThan *tmp416 .UNIT_CAPACITY
  1045 ucontrol approach .DOME_X .DOME_Y 6
  1046 set :processUnit.3:state 3
  1047 jump *label360 always
  1048 label *label359
  1049 set .MSG ", loading\n"
  1050 label *label360
  1051 jump *label358 always
  1052 label *label357
  1053 ucontrol approach .CORE_X .CORE_Y 6
  1054 set .MSG ", fetching in [gold]"
  1055 sensor *tmp419 @unit @x
  1056 op sub *tmp420 .CORE_X *tmp419
  1057 sensor *tmp421 @unit @y
  1058 op sub *tmp422 .CORE_Y *tmp421
  1059 op len *tmp423 *tmp420 *tmp422
  1060 op idiv *tmp424 *tmp423 .SPEED_TENTHS
  1061 op div :processUnit.3:distance *tmp424 10
  1062 label *label358
  1063 label *label355
-    * label *label356
  1064 jump *label361 notEqual :processUnit.3:state 3
  1065 ucontrol within .DOME_X .DOME_Y 8 *tmp428
  1066 jump *label363 equal *tmp428 false
  1067 jump *label365 notEqual .SUPPLY_P_FIRST false
  1068 ucontrol itemDrop dome1 .UNIT_CAPACITY
  1069 set .MSG ", supplying\n"
  1070 jump *label366 always
  1071 label *label365
  1072 ucontrol approach .DOME_X .DOME_Y 6
  1073 set .MSG ", waiting\n"
  1074 label *label366
  1075 sensor *tmp431 @unit @totalItems
  1076 jump *label367 greaterThan *tmp431 0
  1077 ucontrol approach .CORE_X .CORE_Y 6
  1078 set :processUnit.3:state 2
  1079 label *label367
-    * label *label368
  1080 jump *label364 always
  1081 label *label363
  1082 ucontrol approach .DOME_X .DOME_Y 6
  1083 set .MSG ", returning in [gold]"
  1084 sensor *tmp434 @unit @x
  1085 op sub *tmp435 .DOME_X *tmp434
  1086 sensor *tmp436 @unit @y
  1087 op sub *tmp437 .DOME_Y *tmp436
  1088 op len *tmp438 *tmp435 *tmp437
  1089 op idiv *tmp439 *tmp438 .SPEED_TENTHS
  1090 op div :processUnit.3:distance *tmp439 10
  1091 label *label364
  1092 label *label361
-    * label *label362
  1093 ucontrol flag :processUnit.3:state
  1094 sensor *tmp441 @unit @totalItems
  1095 print "  "
  1096 print .GROUP2
  1097 print ":"
  1098 print " ["
  1099 print "gold"
  1100 print "]"
  1101 print *tmp441
  1102 print "["
  1103 print "]"
  1104 jump *label369 lessThan :processUnit.3:distance 0
  1105 print .MSG
  1106 print :processUnit.3:distance
  1107 print "["
  1108 print "] sec"
  1109 print "\n"
  1110 jump *label370 always
  1111 label *label369
  1112 print .MSG
  1113 label *label370
  1114 set :processUnit.3:unit @unit
-    * label *label329
  1115 set .UNIT_P2 :processUnit.3:unit
  1116 jump *label371 equal .SUPPLY_P_FIRST false
  1117 sensor *tmp445 :processUnit.2:unit @totalItems
  1118 op greaterThan .SUPPLY_P_FIRST *tmp445 0
  1119 jump *label372 always
  1120 label *label371
  1121 sensor *tmp447 :processUnit.3:unit @totalItems
  1122 op equal .SUPPLY_P_FIRST *tmp447 0
  1123 label *label372
  1124 label *label327
-    * label *label328
  1125 op sub *tmp449 @time :start
  1126 op floor *tmp450 *tmp449
  1127 print "\n"
  1128 print "[lightgray]Loop time: "
  1129 print *tmp450
  1130 print " "
  1131 print "ms"
  1132 printflush message1
  1133 jump *label373 equal *tmp9 UNIT_TYPE
  1134 jump *label373 lessThanEq :unitCheck @time
  1135 set :areUnitsAvailable.2:free 0
  1136 set :areUnitsAvailable.2:occupied 0
  1137 ubind UNIT_TYPE
  1138 set :areUnitsAvailable.2:firstUnit @unit
  1139 jump *label380 equal :areUnitsAvailable.2:firstUnit null
  1140 set :needsFourUnits.3:unit @unit
  1141 sensor *tmp462 :needsFourUnits.3:unit @speed
  1142 op div :needsFourUnits.3:travel_time *tmp127 *tmp462
-    * label *label582
  1143 select *tmp465 greaterThanEq :needsFourUnits.3:travel_time 47 4 2
  1144 label *label385
  1145 sensor *tmp466 @unit @controlled
  1146 jump *label390 equal *tmp466 0
  1147 sensor *tmp468 @unit @controller
  1148 jump *label388 notEqual *tmp468 @this
  1149 label *label390
  1150 op add :areUnitsAvailable.2:free :areUnitsAvailable.2:free 1
  1151 jump *label392 lessThan :areUnitsAvailable.2:free *tmp465
  1152 set *tmp454 true
  1153 jump *label379 always
  1154 label *label392
-    * label *label393
  1155 jump *label389 always
  1156 label *label388
  1157 op add :areUnitsAvailable.2:occupied :areUnitsAvailable.2:occupied 1
  1158 label *label389
  1159 ubind UNIT_TYPE
-    * label *label386
  1160 jump *label387 equal @unit :areUnitsAvailable.2:firstUnit
  1161 sensor *tmp475 :areUnitsAvailable.2:firstUnit @dead
  1162 jump *label385 equal *tmp475 0
  1163 label *label387
  1164 label *label380
-    * label *label381
  1165 jump *label395 always
-    * print UNIT_TYPE
-    * print ":"
-    * print " occupied: "
-    * print :areUnitsAvailable.2:occupied
-    * print ","
-    * print " free: "
-    * print :areUnitsAvailable.2:free
-    * jump *label397 lessThanEq :areUnitsAvailable.2:needed 0
-    * print ", needed: "
-    * print :areUnitsAvailable.2:needed
-    * label *label397
-    * label *label398
-    * print "\n"
  1166 label *label395
-    * label *label396
  1167 set *tmp454 false
  1168 label *label379
  1169 jump *label377 equal *tmp454 false
  1170 jump *label190 always
  1171 label *label377
-    * label *label378
  1172 op add :unitCheck @time 5000
  1173 label *label373
-    * label *label374
-    * label *label189
  1174 sensor *tmp188 switch1 @enabled
  1175 jump *label471 notEqual *tmp188 false
  1176 label *label190
-    * label *label415
  1177 ubind .UNIT_S1
  1178 ucontrol flag 0
  1179 ucontrol unbind
-    * label *label416
-    * label *label419
  1180 ubind .UNIT_P1
  1181 ucontrol flag 0
  1182 ucontrol unbind
-    * label *label420
-    * label *label423
  1183 ubind .UNIT_S2
  1184 ucontrol flag 0
  1185 ucontrol unbind
-    * label *label424
-    * label *label427
  1186 ubind .UNIT_P2
  1187 ucontrol flag 0
  1188 ucontrol unbind
-    * label *label428
-    * label *label402
-    * label *label399
-    * label *label1
  1189 end
  1190 label *label0
  1191 ubind :locateCore:type
  1192 sensor *tmp483 @unit @controlled
  1193 jump *label410 equal *tmp483 0
  1194 sensor *tmp485 @unit @controller
  1195 jump *label408 notEqual *tmp485 @this
  1196 label *label410
  1197 ulocate building core false @copper *tmp489 *tmp490 *tmp491 .CORE
  1198 label *label408
-    * label *label409
  1199 set :locateCore*retval .CORE
-    * label *label407
  1200 return :locateCore*retaddr
-    * end

Modifications by #111: Jumps phase, Jump Straightening, pass 4, iteration 1 (-22 instructions):
 
     4 remark "Do not modify anything below this line."
     5 jump *label5 notEqual dome1 null
     6 label *label412
     7 print "[gold]Waiting for an overdrive dome to be connected..."
     8 printflush message1
     9 jump *label412 equal dome1 null
    10 label *label5
    11 print "[gold]Locating core..."
    12 printflush message1
    13 set .CORE null
    14 label *label6
    15 set :locateCore:type @flare
    16 setaddr :locateCore*retaddr *label442 (h:*label442)
    17 call *label0 *invalid :locateCore*retval (m:*label442) (h:*label442)
    18 label *label442
-    * jump *label443 equal :locateCore*retval false
-    * jump *label2 always
+   19 jump *label2 notEqual :locateCore*retval false
    20 label *label443
    21 set :locateCore:type @poly
    22 setaddr :locateCore*retaddr *label449 (h:*label449)
    23 call *label0 *invalid :locateCore*retval (m:*label449) (h:*label449)
    24 label *label449
-    * jump *label450 equal :locateCore*retval false
-    * jump *label2 always
+   25 jump *label2 notEqual :locateCore*retval false
    26 label *label450
    27 set :locateCore:type @mega
    28 setaddr :locateCore*retaddr *label456 (h:*label456)
    29 call *label0 *invalid :locateCore*retval (m:*label456) (h:*label456)
    30 label *label456
-    * jump *label457 equal :locateCore*retval false
-    * jump *label2 always
+   31 jump *label2 notEqual :locateCore*retval false
    32 label *label457
    33 set :locateCore:type @mono
    34 setaddr :locateCore*retaddr *label463 (h:*label463)
    35 call *label0 *invalid :locateCore*retval (m:*label463) (h:*label463)
    36 label *label463
-    * jump *label464 equal :locateCore*retval false
-    * jump *label2 always
+   37 jump *label2 notEqual :locateCore*retval false
    38 label *label464
    39 jump *label6 always
    40 label *label2
    41 sensor .CORE_X .CORE @x
    42 sensor .CORE_Y .CORE @y
    43 sensor .DOME_X dome1 @x
    44 sensor .DOME_Y dome1 @y
    45 sensor *tmp7 switch1 @enabled
    46 jump *label21 notEqual *tmp7 false
    47 label *label470
    48 print "[coral]Activate switch to begin supplying overdrive dome..."
    49 print "\n"
    50 printflush message1
    51 sensor *tmp7 switch1 @enabled
    52 jump *label470 equal *tmp7 false
 
   349 set :rebindUnits:count 0
   350 ubind *tmp9
   351 set :rebindUnits:firstUnit @unit
   352 jump *label80 notEqual :rebindUnits:firstUnit null
   353 end
   354 label *label80
   355 label *label82
   356 sensor *tmp70 @unit @controller
   357 jump *label85 notEqual *tmp70 @this
   358 op add :rebindUnits:count :rebindUnits:count 1
   359 ucontrol flag 1
   360 set .UNIT_S2 .UNIT_P2
   361 set .UNIT_P2 .UNIT_S1
   362 set .UNIT_S1 .UNIT_P1
   363 set .UNIT_P1 @unit
-    * jump *label87 equal .UNIT_S2 null
-    * jump *label84 always
+  364 jump *label84 notEqual .UNIT_S2 null
   365 label *label87
   366 label *label85
   367 ubind *tmp9
   368 jump *label84 equal @unit :rebindUnits:firstUnit
   369 sensor *tmp77 :rebindUnits:firstUnit @dead
   370 jump *label82 equal *tmp77 0
   371 label *label84
   372 jump *label92 equal .UNIT_S1 null
   373 ubind .UNIT_S1
   374 sensor *tmp83 @unit @dead
   375 jump *label94 notEqual *tmp83 0
   376 sensor *tmp85 @unit @controller
-    * jump *label94 notEqual *tmp85 @this
-    * jump *label91 always
+  377 jump *label91 equal *tmp85 @this
   378 label *label94
   379 label *label92
   380 ubind *tmp9
   381 set :rebindUnit:firstUnit @unit
   382 jump *label98 equal :rebindUnit:firstUnit null
   383 label *label100
   384 sensor *tmp90 @unit @controlled
-    * jump *label103 notEqual *tmp90 0
-    * jump *label91 always
+  385 jump *label91 equal *tmp90 0
   386 label *label103
   387 ubind *tmp9
   388 jump *label102 equal @unit :rebindUnit:firstUnit
   389 sensor *tmp94 :rebindUnit:firstUnit @dead
   390 jump *label100 equal *tmp94 0
   391 label *label102
   392 label *label98
   393 end
   394 label *label91
   395 ucontrol flag 1
   396 set *tmp79 @unit
   397 set .UNIT_S1 *tmp79
   398 jump *label108 equal .UNIT_P1 null
   399 ubind .UNIT_P1
   400 sensor *tmp100 @unit @dead
   401 jump *label110 notEqual *tmp100 0
   402 sensor *tmp102 @unit @controller
-    * jump *label110 notEqual *tmp102 @this
-    * jump *label107 always
+  403 jump *label107 equal *tmp102 @this
   404 label *label110
   405 label *label108
   406 ubind *tmp9
   407 set :rebindUnit.1:firstUnit @unit
   408 jump *label114 equal :rebindUnit.1:firstUnit null
   409 label *label116
   410 sensor *tmp107 @unit @controlled
-    * jump *label119 notEqual *tmp107 0
-    * jump *label107 always
+  411 jump *label107 equal *tmp107 0
   412 label *label119
   413 ubind *tmp9
   414 jump *label118 equal @unit :rebindUnit.1:firstUnit
   415 sensor *tmp111 :rebindUnit.1:firstUnit @dead
   416 jump *label116 equal *tmp111 0
   417 label *label118
   418 label *label114
   419 end
   420 label *label107
   421 ucontrol flag 1
   422 set *tmp96 @unit
   423 set .UNIT_P1 *tmp96
   424 sensor *tmp113 *tmp79 @firstItem
   425 jump *label124 equal *tmp113 @phase-fabric
   426 sensor *tmp115 *tmp96 @firstItem
 
   435 jump *label127 strictNotEqual .SPEED null
   436 stop
   437 label *label127
   438 op sub *tmp124 .DOME_X .CORE_X
   439 op sub *tmp125 .DOME_Y .CORE_Y
   440 op len *tmp126 *tmp124 *tmp125
   441 op mul *tmp127 2 *tmp126
   442 op div :needsFourUnits.2:travel_time *tmp127 .SPEED
   443 op greaterThanEq *tmp123 :needsFourUnits.2:travel_time 47
   444 jump *label130 lessThan :needsFourUnits.2:travel_time 47
   445 jump *label134 equal .UNIT_S2 null
   446 ubind .UNIT_S2
   447 sensor *tmp136 @unit @dead
   448 jump *label136 notEqual *tmp136 0
   449 sensor *tmp138 @unit @controller
-    * jump *label136 notEqual *tmp138 @this
-    * jump *label133 always
+  450 jump *label133 equal *tmp138 @this
   451 label *label136
   452 label *label134
   453 ubind *tmp9
   454 set :rebindUnit.2:firstUnit @unit
   455 jump *label140 equal :rebindUnit.2:firstUnit null
   456 label *label142
   457 sensor *tmp143 @unit @controlled
-    * jump *label145 notEqual *tmp143 0
-    * jump *label133 always
+  458 jump *label133 equal *tmp143 0
   459 label *label145
   460 ubind *tmp9
   461 jump *label144 equal @unit :rebindUnit.2:firstUnit
   462 sensor *tmp147 :rebindUnit.2:firstUnit @dead
   463 jump *label142 equal *tmp147 0
   464 label *label144
   465 label *label140
   466 end
   467 label *label133
   468 ucontrol flag 1
   469 set *tmp132 @unit
   470 set .UNIT_S2 *tmp132
   471 jump *label150 equal .UNIT_P2 null
   472 ubind .UNIT_P2
   473 sensor *tmp153 @unit @dead
   474 jump *label152 notEqual *tmp153 0
   475 sensor *tmp155 @unit @controller
-    * jump *label152 notEqual *tmp155 @this
-    * jump *label149 always
+  476 jump *label149 equal *tmp155 @this
   477 label *label152
   478 label *label150
   479 ubind *tmp9
   480 set :rebindUnit.3:firstUnit @unit
   481 jump *label156 equal :rebindUnit.3:firstUnit null
   482 label *label158
   483 sensor *tmp160 @unit @controlled
-    * jump *label161 notEqual *tmp160 0
-    * jump *label149 always
+  484 jump *label149 equal *tmp160 0
   485 label *label161
   486 ubind *tmp9
   487 jump *label160 equal @unit :rebindUnit.3:firstUnit
   488 sensor *tmp164 :rebindUnit.3:firstUnit @dead
   489 jump *label158 equal *tmp164 0
   490 label *label160
   491 label *label156
   492 end
   493 label *label149
   494 ucontrol flag 1
   495 set *tmp149 @unit
   496 set .UNIT_P2 *tmp149
   497 sensor *tmp166 .UNIT_S1 @firstItem
   498 jump *label164 notEqual *tmp166 @phase-fabric
   499 sensor *tmp168 *tmp149 @firstItem
 
   562 print "]"
   563 print "\n"
   564 jump *label193 always
   565 label *label192
   566 print "  dome:  [coral]"
   567 print :printDomeStatus:level
   568 print "["
   569 print "]"
   570 print "\n"
   571 label *label193
   572 jump *label196 equal .UNIT_S1 null
   573 ubind .UNIT_S1
   574 sensor *tmp195 @unit @dead
   575 jump *label198 notEqual *tmp195 0
   576 sensor *tmp197 @unit @controller
-    * jump *label198 notEqual *tmp197 @this
-    * jump *label195 always
+  577 jump *label195 equal *tmp197 @this
   578 label *label198
   579 label *label196
   580 ubind *tmp9
   581 set :rebindUnit.4:firstUnit @unit
   582 jump *label202 equal :rebindUnit.4:firstUnit null
   583 label *label204
   584 sensor *tmp202 @unit @controlled
-    * jump *label207 notEqual *tmp202 0
-    * jump *label195 always
+  585 jump *label195 equal *tmp202 0
   586 label *label207
   587 ubind *tmp9
   588 jump *label206 equal @unit :rebindUnit.4:firstUnit
   589 sensor *tmp206 :rebindUnit.4:firstUnit @dead
   590 jump *label204 equal *tmp206 0
   591 label *label206
   592 label *label202
   593 end
   594 label *label195
   595 sensor :processUnit:state @unit @flag
   596 set :processUnit:distance -1
   597 jump *label212 lessThan :processUnit:state 2
   598 jump *label210 lessThanEq :processUnit:state 3
   599 label *label212
   600 sensor *tmp212 @unit @firstItem
 
   687 print "["
   688 print "] sec"
   689 print "\n"
   690 jump *label235 always
   691 label *label234
   692 print .MSG
   693 label *label235
   694 set :processUnit:unit @unit
   695 set .UNIT_S1 :processUnit:unit
   696 jump *label236 equal *tmp123 false
   697 jump *label240 equal .UNIT_S2 null
   698 ubind .UNIT_S2
   699 sensor *tmp257 @unit @dead
   700 jump *label242 notEqual *tmp257 0
   701 sensor *tmp259 @unit @controller
-    * jump *label242 notEqual *tmp259 @this
-    * jump *label239 always
+  702 jump *label239 equal *tmp259 @this
   703 label *label242
   704 label *label240
   705 ubind *tmp9
   706 set :rebindUnit.5:firstUnit @unit
   707 jump *label246 equal :rebindUnit.5:firstUnit null
   708 label *label248
   709 sensor *tmp264 @unit @controlled
-    * jump *label251 notEqual *tmp264 0
-    * jump *label239 always
+  710 jump *label239 equal *tmp264 0
   711 label *label251
   712 ubind *tmp9
   713 jump *label250 equal @unit :rebindUnit.5:firstUnit
   714 sensor *tmp268 :rebindUnit.5:firstUnit @dead
   715 jump *label248 equal *tmp268 0
   716 label *label250
   717 label *label246
   718 end
   719 label *label239
   720 sensor :processUnit.1:state @unit @flag
   721 set :processUnit.1:distance -1
   722 jump *label256 lessThan :processUnit.1:state 2
   723 jump *label254 lessThanEq :processUnit.1:state 3
   724 label *label256
   725 sensor *tmp274 @unit @firstItem
 
   836 print "]"
   837 print "\n"
   838 jump *label284 always
   839 label *label283
   840 print "  dome:  [coral]"
   841 print :printDomeStatus.1:level
   842 print "["
   843 print "]"
   844 print "\n"
   845 label *label284
   846 jump *label287 equal .UNIT_P1 null
   847 ubind .UNIT_P1
   848 sensor *tmp325 @unit @dead
   849 jump *label289 notEqual *tmp325 0
   850 sensor *tmp327 @unit @controller
-    * jump *label289 notEqual *tmp327 @this
-    * jump *label286 always
+  851 jump *label286 equal *tmp327 @this
   852 label *label289
   853 label *label287
   854 ubind *tmp9
   855 set :rebindUnit.6:firstUnit @unit
   856 jump *label293 equal :rebindUnit.6:firstUnit null
   857 label *label295
   858 sensor *tmp332 @unit @controlled
-    * jump *label298 notEqual *tmp332 0
-    * jump *label286 always
+  859 jump *label286 equal *tmp332 0
   860 label *label298
   861 ubind *tmp9
   862 jump *label297 equal @unit :rebindUnit.6:firstUnit
   863 sensor *tmp336 :rebindUnit.6:firstUnit @dead
   864 jump *label295 equal *tmp336 0
   865 label *label297
   866 label *label293
   867 end
   868 label *label286
   869 sensor :processUnit.2:state @unit @flag
   870 set :processUnit.2:distance -1
   871 jump *label303 lessThan :processUnit.2:state 2
   872 jump *label301 lessThanEq :processUnit.2:state 3
   873 label *label303
   874 sensor *tmp342 @unit @firstItem
 
   961 print "["
   962 print "] sec"
   963 print "\n"
   964 jump *label326 always
   965 label *label325
   966 print .MSG
   967 label *label326
   968 set :processUnit.2:unit @unit
   969 set .UNIT_P1 :processUnit.2:unit
   970 jump *label327 equal *tmp123 false
   971 jump *label331 equal .UNIT_P2 null
   972 ubind .UNIT_P2
   973 sensor *tmp387 @unit @dead
   974 jump *label333 notEqual *tmp387 0
   975 sensor *tmp389 @unit @controller
-    * jump *label333 notEqual *tmp389 @this
-    * jump *label330 always
+  976 jump *label330 equal *tmp389 @this
   977 label *label333
   978 label *label331
   979 ubind *tmp9
   980 set :rebindUnit.7:firstUnit @unit
   981 jump *label337 equal :rebindUnit.7:firstUnit null
   982 label *label339
   983 sensor *tmp394 @unit @controlled
-    * jump *label342 notEqual *tmp394 0
-    * jump *label330 always
+  984 jump *label330 equal *tmp394 0
   985 label *label342
   986 ubind *tmp9
   987 jump *label341 equal @unit :rebindUnit.7:firstUnit
   988 sensor *tmp398 :rebindUnit.7:firstUnit @dead
   989 jump *label339 equal *tmp398 0
   990 label *label341
   991 label *label337
   992 end
   993 label *label330
   994 sensor :processUnit.3:state @unit @flag
   995 set :processUnit.3:distance -1
   996 jump *label347 lessThan :processUnit.3:state 2
   997 jump *label345 lessThanEq :processUnit.3:state 3
   998 label *label347
   999 sensor *tmp404 @unit @firstItem
 
  1133 label *label392
  1134 jump *label389 always
  1135 label *label388
  1136 op add :areUnitsAvailable.2:occupied :areUnitsAvailable.2:occupied 1
  1137 label *label389
  1138 ubind UNIT_TYPE
  1139 jump *label387 equal @unit :areUnitsAvailable.2:firstUnit
  1140 sensor *tmp475 :areUnitsAvailable.2:firstUnit @dead
  1141 jump *label385 equal *tmp475 0
  1142 label *label387
  1143 label *label380
  1144 jump *label395 always
  1145 label *label395
  1146 set *tmp454 false
  1147 label *label379
-    * jump *label377 equal *tmp454 false
-    * jump *label190 always
+ 1148 jump *label190 notEqual *tmp454 false
  1149 label *label377
  1150 op add :unitCheck @time 5000
  1151 label *label373
  1152 sensor *tmp188 switch1 @enabled
  1153 jump *label471 notEqual *tmp188 false
  1154 label *label190
  1155 ubind .UNIT_S1
  1156 ucontrol flag 0
  1157 ucontrol unbind
  1158 ubind .UNIT_P1
  1159 ucontrol flag 0
  1160 ucontrol unbind
  1161 ubind .UNIT_S2
  1162 ucontrol flag 0
  1163 ucontrol unbind

Modifications by #114: Jumps phase, Jump Threading, pass 4, iteration 1:
+    0 label __start__
     1 set *id "name: Overdrive dome supply\nversion: v0.1.0"
     2 remark "This is the preferred unit type to use for bringing in supplies."
     3 remark "If no units of this type exist, we'll try using other types."
     4 set UNIT_TYPE @flare
     5 remark "Do not modify anything below this line."
     6 jump *label5 notEqual dome1 null
     7 label *label412
     8 print "[gold]Waiting for an overdrive dome to be connected..."
     9 printflush message1
    10 jump *label412 equal dome1 null
    11 label *label5
    12 print "[gold]Locating core..."
    13 printflush message1
    14 set .CORE null
    15 label *label6
 
    62 op sub *tmp14 .DOME_X .CORE_X
    63 op sub *tmp15 .DOME_Y .CORE_Y
    64 op len *tmp16 *tmp14 *tmp15
    65 op mul *tmp17 2 *tmp16
    66 sensor *tmp18 :needsFourUnits:unit @speed
    67 op div :needsFourUnits:travel_time *tmp17 *tmp18
    68 select *tmp21 greaterThanEq :needsFourUnits:travel_time 47 4 2
    69 set :areUnitsAvailable:needed *tmp21
    70 label *label34
    71 sensor *tmp22 @unit @controlled
    72 jump *label39 equal *tmp22 0
    73 sensor *tmp24 @unit @controller
    74 jump *label37 notEqual *tmp24 @this
    75 label *label39
    76 op add :areUnitsAvailable:free :areUnitsAvailable:free 1
-    * jump *label41 lessThan :areUnitsAvailable:free *tmp21
+   77 jump *label38 lessThan :areUnitsAvailable:free *tmp21
    78 set *tmp10 true
    79 jump *label28 always
    80 label *label41
    81 jump *label38 always
    82 label *label37
    83 op add :areUnitsAvailable:occupied :areUnitsAvailable:occupied 1
    84 label *label38
    85 ubind UNIT_TYPE
    86 jump *label36 equal @unit :areUnitsAvailable:firstUnit
    87 sensor *tmp31 :areUnitsAvailable:firstUnit @dead
    88 jump *label34 equal *tmp31 0
    89 label *label36
    90 label *label29
    91 print UNIT_TYPE
    92 print ":"
 
   117 op sub *tmp44 .DOME_X .CORE_X
   118 op sub *tmp45 .DOME_Y .CORE_Y
   119 op len *tmp46 *tmp44 *tmp45
   120 op mul *tmp47 2 *tmp46
   121 sensor *tmp48 :needsFourUnits.1:unit @speed
   122 op div :needsFourUnits.1:travel_time *tmp47 *tmp48
   123 select *tmp51 greaterThanEq :needsFourUnits.1:travel_time 47 4 2
   124 set :areUnitsAvailable.1:needed *tmp51
   125 label *label476
   126 sensor *tmp52 @unit @controlled
   127 jump *label477 equal *tmp52 0
   128 sensor *tmp54 @unit @controller
   129 jump *label480 notEqual *tmp54 @this
   130 label *label477
   131 op add :areUnitsAvailable.1:free :areUnitsAvailable.1:free 1
-    * jump *label478 lessThan :areUnitsAvailable.1:free *tmp51
+  132 jump *label481 lessThan :areUnitsAvailable.1:free *tmp51
   133 set *tmp40 true
   134 jump *label490 always
   135 label *label478
   136 jump *label481 always
   137 label *label480
   138 op add :areUnitsAvailable.1:occupied :areUnitsAvailable.1:occupied 1
   139 label *label481
   140 ubind @flare
   141 jump *label483 equal @unit :areUnitsAvailable.1:firstUnit
   142 sensor *tmp61 :areUnitsAvailable.1:firstUnit @dead
   143 jump *label476 equal *tmp61 0
   144 label *label483
   145 label *label484
   146 print @flare
   147 print ":"
 
   174 op sub *tmp44 .DOME_X .CORE_X
   175 op sub *tmp45 .DOME_Y .CORE_Y
   176 op len *tmp46 *tmp44 *tmp45
   177 op mul *tmp47 2 *tmp46
   178 sensor *tmp48 :needsFourUnits.1:unit @speed
   179 op div :needsFourUnits.1:travel_time *tmp47 *tmp48
   180 select *tmp51 greaterThanEq :needsFourUnits.1:travel_time 47 4 2
   181 set :areUnitsAvailable.1:needed *tmp51
   182 label *label502
   183 sensor *tmp52 @unit @controlled
   184 jump *label503 equal *tmp52 0
   185 sensor *tmp54 @unit @controller
   186 jump *label506 notEqual *tmp54 @this
   187 label *label503
   188 op add :areUnitsAvailable.1:free :areUnitsAvailable.1:free 1
-    * jump *label504 lessThan :areUnitsAvailable.1:free *tmp51
+  189 jump *label507 lessThan :areUnitsAvailable.1:free *tmp51
   190 set *tmp40 true
   191 jump *label516 always
   192 label *label504
   193 jump *label507 always
   194 label *label506
   195 op add :areUnitsAvailable.1:occupied :areUnitsAvailable.1:occupied 1
   196 label *label507
   197 ubind @poly
   198 jump *label509 equal @unit :areUnitsAvailable.1:firstUnit
   199 sensor *tmp61 :areUnitsAvailable.1:firstUnit @dead
   200 jump *label502 equal *tmp61 0
   201 label *label509
   202 label *label510
   203 print @poly
   204 print ":"
 
   231 op sub *tmp44 .DOME_X .CORE_X
   232 op sub *tmp45 .DOME_Y .CORE_Y
   233 op len *tmp46 *tmp44 *tmp45
   234 op mul *tmp47 2 *tmp46
   235 sensor *tmp48 :needsFourUnits.1:unit @speed
   236 op div :needsFourUnits.1:travel_time *tmp47 *tmp48
   237 select *tmp51 greaterThanEq :needsFourUnits.1:travel_time 47 4 2
   238 set :areUnitsAvailable.1:needed *tmp51
   239 label *label528
   240 sensor *tmp52 @unit @controlled
   241 jump *label529 equal *tmp52 0
   242 sensor *tmp54 @unit @controller
   243 jump *label532 notEqual *tmp54 @this
   244 label *label529
   245 op add :areUnitsAvailable.1:free :areUnitsAvailable.1:free 1
-    * jump *label530 lessThan :areUnitsAvailable.1:free *tmp51
+  246 jump *label533 lessThan :areUnitsAvailable.1:free *tmp51
   247 set *tmp40 true
   248 jump *label542 always
   249 label *label530
   250 jump *label533 always
   251 label *label532
   252 op add :areUnitsAvailable.1:occupied :areUnitsAvailable.1:occupied 1
   253 label *label533
   254 ubind @mega
   255 jump *label535 equal @unit :areUnitsAvailable.1:firstUnit
   256 sensor *tmp61 :areUnitsAvailable.1:firstUnit @dead
   257 jump *label528 equal *tmp61 0
   258 label *label535
   259 label *label536
   260 print @mega
   261 print ":"
 
   288 op sub *tmp44 .DOME_X .CORE_X
   289 op sub *tmp45 .DOME_Y .CORE_Y
   290 op len *tmp46 *tmp44 *tmp45
   291 op mul *tmp47 2 *tmp46
   292 sensor *tmp48 :needsFourUnits.1:unit @speed
   293 op div :needsFourUnits.1:travel_time *tmp47 *tmp48
   294 select *tmp51 greaterThanEq :needsFourUnits.1:travel_time 47 4 2
   295 set :areUnitsAvailable.1:needed *tmp51
   296 label *label554
   297 sensor *tmp52 @unit @controlled
   298 jump *label555 equal *tmp52 0
   299 sensor *tmp54 @unit @controller
   300 jump *label558 notEqual *tmp54 @this
   301 label *label555
   302 op add :areUnitsAvailable.1:free :areUnitsAvailable.1:free 1
-    * jump *label556 lessThan :areUnitsAvailable.1:free *tmp51
+  303 jump *label559 lessThan :areUnitsAvailable.1:free *tmp51
   304 set *tmp40 true
   305 jump *label568 always
   306 label *label556
   307 jump *label559 always
   308 label *label558
   309 op add :areUnitsAvailable.1:occupied :areUnitsAvailable.1:occupied 1
   310 label *label559
   311 ubind @mono
   312 jump *label561 equal @unit :areUnitsAvailable.1:firstUnit
   313 sensor *tmp61 :areUnitsAvailable.1:firstUnit @dead
   314 jump *label554 equal *tmp61 0
   315 label *label561
   316 label *label562
   317 print @mono
   318 print ":"
 
   363 ubind *tmp9
   364 jump *label84 equal @unit :rebindUnits:firstUnit
   365 sensor *tmp77 :rebindUnits:firstUnit @dead
   366 jump *label82 equal *tmp77 0
   367 label *label84
   368 jump *label92 equal .UNIT_S1 null
   369 ubind .UNIT_S1
   370 sensor *tmp83 @unit @dead
   371 jump *label94 notEqual *tmp83 0
   372 sensor *tmp85 @unit @controller
   373 jump *label91 equal *tmp85 @this
   374 label *label94
   375 label *label92
   376 ubind *tmp9
   377 set :rebindUnit:firstUnit @unit
-    * jump *label98 equal :rebindUnit:firstUnit null
+  378 jump __start__ equal :rebindUnit:firstUnit null
   379 label *label100
   380 sensor *tmp90 @unit @controlled
   381 jump *label91 equal *tmp90 0
   382 ubind *tmp9
-    * jump *label102 equal @unit :rebindUnit:firstUnit
+  383 jump __start__ equal @unit :rebindUnit:firstUnit
   384 sensor *tmp94 :rebindUnit:firstUnit @dead
   385 jump *label100 equal *tmp94 0
   386 label *label102
   387 label *label98
   388 end
   389 label *label91
   390 ucontrol flag 1
   391 set *tmp79 @unit
   392 set .UNIT_S1 *tmp79
   393 jump *label108 equal .UNIT_P1 null
   394 ubind .UNIT_P1
   395 sensor *tmp100 @unit @dead
   396 jump *label110 notEqual *tmp100 0
   397 sensor *tmp102 @unit @controller
   398 jump *label107 equal *tmp102 @this
   399 label *label110
   400 label *label108
   401 ubind *tmp9
   402 set :rebindUnit.1:firstUnit @unit
-    * jump *label114 equal :rebindUnit.1:firstUnit null
+  403 jump __start__ equal :rebindUnit.1:firstUnit null
   404 label *label116
   405 sensor *tmp107 @unit @controlled
   406 jump *label107 equal *tmp107 0
   407 ubind *tmp9
-    * jump *label118 equal @unit :rebindUnit.1:firstUnit
+  408 jump __start__ equal @unit :rebindUnit.1:firstUnit
   409 sensor *tmp111 :rebindUnit.1:firstUnit @dead
   410 jump *label116 equal *tmp111 0
   411 label *label118
   412 label *label114
   413 end
   414 label *label107
   415 ucontrol flag 1
   416 set *tmp96 @unit
   417 set .UNIT_P1 *tmp96
   418 sensor *tmp113 *tmp79 @firstItem
   419 jump *label124 equal *tmp113 @phase-fabric
   420 sensor *tmp115 *tmp96 @firstItem
   421 jump *label122 notEqual *tmp115 @silicon
   422 label *label124
   423 set .UNIT_S1 *tmp96
 
   434 op len *tmp126 *tmp124 *tmp125
   435 op mul *tmp127 2 *tmp126
   436 op div :needsFourUnits.2:travel_time *tmp127 .SPEED
   437 op greaterThanEq *tmp123 :needsFourUnits.2:travel_time 47
   438 jump *label130 lessThan :needsFourUnits.2:travel_time 47
   439 jump *label134 equal .UNIT_S2 null
   440 ubind .UNIT_S2
   441 sensor *tmp136 @unit @dead
   442 jump *label136 notEqual *tmp136 0
   443 sensor *tmp138 @unit @controller
   444 jump *label133 equal *tmp138 @this
   445 label *label136
   446 label *label134
   447 ubind *tmp9
   448 set :rebindUnit.2:firstUnit @unit
-    * jump *label140 equal :rebindUnit.2:firstUnit null
+  449 jump __start__ equal :rebindUnit.2:firstUnit null
   450 label *label142
   451 sensor *tmp143 @unit @controlled
   452 jump *label133 equal *tmp143 0
   453 ubind *tmp9
-    * jump *label144 equal @unit :rebindUnit.2:firstUnit
+  454 jump __start__ equal @unit :rebindUnit.2:firstUnit
   455 sensor *tmp147 :rebindUnit.2:firstUnit @dead
   456 jump *label142 equal *tmp147 0
   457 label *label144
   458 label *label140
   459 end
   460 label *label133
   461 ucontrol flag 1
   462 set *tmp132 @unit
   463 set .UNIT_S2 *tmp132
   464 jump *label150 equal .UNIT_P2 null
   465 ubind .UNIT_P2
   466 sensor *tmp153 @unit @dead
   467 jump *label152 notEqual *tmp153 0
   468 sensor *tmp155 @unit @controller
   469 jump *label149 equal *tmp155 @this
   470 label *label152
   471 label *label150
   472 ubind *tmp9
   473 set :rebindUnit.3:firstUnit @unit
-    * jump *label156 equal :rebindUnit.3:firstUnit null
+  474 jump __start__ equal :rebindUnit.3:firstUnit null
   475 label *label158
   476 sensor *tmp160 @unit @controlled
   477 jump *label149 equal *tmp160 0
   478 ubind *tmp9
-    * jump *label160 equal @unit :rebindUnit.3:firstUnit
+  479 jump __start__ equal @unit :rebindUnit.3:firstUnit
   480 sensor *tmp164 :rebindUnit.3:firstUnit @dead
   481 jump *label158 equal *tmp164 0
   482 label *label160
   483 label *label156
   484 end
   485 label *label149
   486 ucontrol flag 1
   487 set *tmp149 @unit
   488 set .UNIT_P2 *tmp149
   489 sensor *tmp166 .UNIT_S1 @firstItem
   490 jump *label164 notEqual *tmp166 @phase-fabric
   491 sensor *tmp168 *tmp149 @firstItem
   492 jump *label164 equal *tmp168 @phase-fabric
   493 set :swap.1:t .UNIT_S1
   494 set .UNIT_S1 *tmp149
 
   559 print :printDomeStatus:level
   560 print "["
   561 print "]"
   562 print "\n"
   563 label *label193
   564 jump *label196 equal .UNIT_S1 null
   565 ubind .UNIT_S1
   566 sensor *tmp195 @unit @dead
   567 jump *label198 notEqual *tmp195 0
   568 sensor *tmp197 @unit @controller
   569 jump *label195 equal *tmp197 @this
   570 label *label198
   571 label *label196
   572 ubind *tmp9
   573 set :rebindUnit.4:firstUnit @unit
-    * jump *label202 equal :rebindUnit.4:firstUnit null
+  574 jump __start__ equal :rebindUnit.4:firstUnit null
   575 label *label204
   576 sensor *tmp202 @unit @controlled
   577 jump *label195 equal *tmp202 0
   578 ubind *tmp9
-    * jump *label206 equal @unit :rebindUnit.4:firstUnit
+  579 jump __start__ equal @unit :rebindUnit.4:firstUnit
   580 sensor *tmp206 :rebindUnit.4:firstUnit @dead
   581 jump *label204 equal *tmp206 0
   582 label *label206
   583 label *label202
   584 end
   585 label *label195
   586 sensor :processUnit:state @unit @flag
   587 set :processUnit:distance -1
   588 jump *label212 lessThan :processUnit:state 2
   589 jump *label210 lessThanEq :processUnit:state 3
   590 label *label212
   591 sensor *tmp212 @unit @firstItem
   592 jump *label214 notEqual *tmp212 @silicon
   593 set :processUnit:state 3
   594 jump *label215 always
 
   603 ucontrol within .CORE_X .CORE_Y 8 *tmp218
   604 jump *label218 equal *tmp218 false
   605 ucontrol itemDrop .CORE .UNIT_CAPACITY
   606 label *label218
   607 label *label217
   608 label *label215
   609 label *label210
   610 jump *label220 notEqual :processUnit:state 2
   611 ucontrol within .CORE_X .CORE_Y 8 *tmp222
   612 jump *label222 equal *tmp222 false
   613 ucontrol itemTake .CORE @silicon .UNIT_CAPACITY
   614 sensor *tmp224 @unit @totalItems
   615 jump *label224 lessThan *tmp224 .UNIT_CAPACITY
   616 ucontrol approach .DOME_X .DOME_Y 6
   617 set :processUnit:state 3
-    * jump *label225 always
+  618 jump *label223 always
   619 label *label224
   620 set .MSG ", loading\n"
   621 label *label225
   622 jump *label223 always
   623 label *label222
   624 ucontrol approach .CORE_X .CORE_Y 6
   625 set .MSG ", fetching in [gold]"
   626 sensor *tmp227 @unit @x
   627 op sub *tmp228 .CORE_X *tmp227
   628 sensor *tmp229 @unit @y
   629 op sub *tmp230 .CORE_Y *tmp229
   630 op len *tmp231 *tmp228 *tmp230
   631 op idiv *tmp232 *tmp231 .SPEED_TENTHS
   632 op div :processUnit:distance *tmp232 10
   633 label *label223
   634 label *label220
   635 jump *label226 notEqual :processUnit:state 3
   636 ucontrol within .DOME_X .DOME_Y 8 *tmp236
   637 jump *label228 equal *tmp236 false
   638 jump *label230 equal .SUPPLY_S_FIRST false
   639 ucontrol itemDrop dome1 .UNIT_CAPACITY
   640 set .MSG ", supplying\n"
   641 jump *label231 always
   642 label *label230
   643 ucontrol approach .DOME_X .DOME_Y 6
   644 set .MSG ", waiting\n"
   645 label *label231
   646 sensor *tmp239 @unit @totalItems
-    * jump *label232 greaterThan *tmp239 0
+  647 jump *label229 greaterThan *tmp239 0
   648 ucontrol approach .CORE_X .CORE_Y 6
   649 set :processUnit:state 2
   650 label *label232
   651 jump *label229 always
   652 label *label228
   653 ucontrol approach .DOME_X .DOME_Y 6
   654 set .MSG ", returning in [gold]"
   655 sensor *tmp242 @unit @x
   656 op sub *tmp243 .DOME_X *tmp242
   657 sensor *tmp244 @unit @y
   658 op sub *tmp245 .DOME_Y *tmp244
   659 op len *tmp246 *tmp243 *tmp245
   660 op idiv *tmp247 *tmp246 .SPEED_TENTHS
   661 op div :processUnit:distance *tmp247 10
   662 label *label229
 
   683 print .MSG
   684 label *label235
   685 set :processUnit:unit @unit
   686 set .UNIT_S1 :processUnit:unit
   687 jump *label236 equal *tmp123 false
   688 jump *label240 equal .UNIT_S2 null
   689 ubind .UNIT_S2
   690 sensor *tmp257 @unit @dead
   691 jump *label242 notEqual *tmp257 0
   692 sensor *tmp259 @unit @controller
   693 jump *label239 equal *tmp259 @this
   694 label *label242
   695 label *label240
   696 ubind *tmp9
   697 set :rebindUnit.5:firstUnit @unit
-    * jump *label246 equal :rebindUnit.5:firstUnit null
+  698 jump __start__ equal :rebindUnit.5:firstUnit null
   699 label *label248
   700 sensor *tmp264 @unit @controlled
   701 jump *label239 equal *tmp264 0
   702 ubind *tmp9
-    * jump *label250 equal @unit :rebindUnit.5:firstUnit
+  703 jump __start__ equal @unit :rebindUnit.5:firstUnit
   704 sensor *tmp268 :rebindUnit.5:firstUnit @dead
   705 jump *label248 equal *tmp268 0
   706 label *label250
   707 label *label246
   708 end
   709 label *label239
   710 sensor :processUnit.1:state @unit @flag
   711 set :processUnit.1:distance -1
   712 jump *label256 lessThan :processUnit.1:state 2
   713 jump *label254 lessThanEq :processUnit.1:state 3
   714 label *label256
   715 sensor *tmp274 @unit @firstItem
   716 jump *label258 notEqual *tmp274 @silicon
   717 set :processUnit.1:state 3
   718 jump *label259 always
 
   727 ucontrol within .CORE_X .CORE_Y 8 *tmp280
   728 jump *label262 equal *tmp280 false
   729 ucontrol itemDrop .CORE .UNIT_CAPACITY
   730 label *label262
   731 label *label261
   732 label *label259
   733 label *label254
   734 jump *label264 notEqual :processUnit.1:state 2
   735 ucontrol within .CORE_X .CORE_Y 8 *tmp284
   736 jump *label266 equal *tmp284 false
   737 ucontrol itemTake .CORE @silicon .UNIT_CAPACITY
   738 sensor *tmp286 @unit @totalItems
   739 jump *label268 lessThan *tmp286 .UNIT_CAPACITY
   740 ucontrol approach .DOME_X .DOME_Y 6
   741 set :processUnit.1:state 3
-    * jump *label269 always
+  742 jump *label267 always
   743 label *label268
   744 set .MSG ", loading\n"
   745 label *label269
   746 jump *label267 always
   747 label *label266
   748 ucontrol approach .CORE_X .CORE_Y 6
   749 set .MSG ", fetching in [gold]"
   750 sensor *tmp289 @unit @x
   751 op sub *tmp290 .CORE_X *tmp289
   752 sensor *tmp291 @unit @y
   753 op sub *tmp292 .CORE_Y *tmp291
   754 op len *tmp293 *tmp290 *tmp292
   755 op idiv *tmp294 *tmp293 .SPEED_TENTHS
   756 op div :processUnit.1:distance *tmp294 10
   757 label *label267
   758 label *label264
   759 jump *label270 notEqual :processUnit.1:state 3
   760 ucontrol within .DOME_X .DOME_Y 8 *tmp298
   761 jump *label272 equal *tmp298 false
   762 jump *label274 notEqual .SUPPLY_S_FIRST false
   763 ucontrol itemDrop dome1 .UNIT_CAPACITY
   764 set .MSG ", supplying\n"
   765 jump *label275 always
   766 label *label274
   767 ucontrol approach .DOME_X .DOME_Y 6
   768 set .MSG ", waiting\n"
   769 label *label275
   770 sensor *tmp301 @unit @totalItems
-    * jump *label276 greaterThan *tmp301 0
+  771 jump *label273 greaterThan *tmp301 0
   772 ucontrol approach .CORE_X .CORE_Y 6
   773 set :processUnit.1:state 2
   774 label *label276
   775 jump *label273 always
   776 label *label272
   777 ucontrol approach .DOME_X .DOME_Y 6
   778 set .MSG ", returning in [gold]"
   779 sensor *tmp304 @unit @x
   780 op sub *tmp305 .DOME_X *tmp304
   781 sensor *tmp306 @unit @y
   782 op sub *tmp307 .DOME_Y *tmp306
   783 op len *tmp308 *tmp305 *tmp307
   784 op idiv *tmp309 *tmp308 .SPEED_TENTHS
   785 op div :processUnit.1:distance *tmp309 10
   786 label *label273
 
   831 print :printDomeStatus.1:level
   832 print "["
   833 print "]"
   834 print "\n"
   835 label *label284
   836 jump *label287 equal .UNIT_P1 null
   837 ubind .UNIT_P1
   838 sensor *tmp325 @unit @dead
   839 jump *label289 notEqual *tmp325 0
   840 sensor *tmp327 @unit @controller
   841 jump *label286 equal *tmp327 @this
   842 label *label289
   843 label *label287
   844 ubind *tmp9
   845 set :rebindUnit.6:firstUnit @unit
-    * jump *label293 equal :rebindUnit.6:firstUnit null
+  846 jump __start__ equal :rebindUnit.6:firstUnit null
   847 label *label295
   848 sensor *tmp332 @unit @controlled
   849 jump *label286 equal *tmp332 0
   850 ubind *tmp9
-    * jump *label297 equal @unit :rebindUnit.6:firstUnit
+  851 jump __start__ equal @unit :rebindUnit.6:firstUnit
   852 sensor *tmp336 :rebindUnit.6:firstUnit @dead
   853 jump *label295 equal *tmp336 0
   854 label *label297
   855 label *label293
   856 end
   857 label *label286
   858 sensor :processUnit.2:state @unit @flag
   859 set :processUnit.2:distance -1
   860 jump *label303 lessThan :processUnit.2:state 2
   861 jump *label301 lessThanEq :processUnit.2:state 3
   862 label *label303
   863 sensor *tmp342 @unit @firstItem
   864 jump *label305 notEqual *tmp342 @phase-fabric
   865 set :processUnit.2:state 3
   866 jump *label306 always
 
   875 ucontrol within .CORE_X .CORE_Y 8 *tmp348
   876 jump *label309 equal *tmp348 false
   877 ucontrol itemDrop .CORE .UNIT_CAPACITY
   878 label *label309
   879 label *label308
   880 label *label306
   881 label *label301
   882 jump *label311 notEqual :processUnit.2:state 2
   883 ucontrol within .CORE_X .CORE_Y 8 *tmp352
   884 jump *label313 equal *tmp352 false
   885 ucontrol itemTake .CORE @phase-fabric .UNIT_CAPACITY
   886 sensor *tmp354 @unit @totalItems
   887 jump *label315 lessThan *tmp354 .UNIT_CAPACITY
   888 ucontrol approach .DOME_X .DOME_Y 6
   889 set :processUnit.2:state 3
-    * jump *label316 always
+  890 jump *label314 always
   891 label *label315
   892 set .MSG ", loading\n"
   893 label *label316
   894 jump *label314 always
   895 label *label313
   896 ucontrol approach .CORE_X .CORE_Y 6
   897 set .MSG ", fetching in [gold]"
   898 sensor *tmp357 @unit @x
   899 op sub *tmp358 .CORE_X *tmp357
   900 sensor *tmp359 @unit @y
   901 op sub *tmp360 .CORE_Y *tmp359
   902 op len *tmp361 *tmp358 *tmp360
   903 op idiv *tmp362 *tmp361 .SPEED_TENTHS
   904 op div :processUnit.2:distance *tmp362 10
   905 label *label314
   906 label *label311
   907 jump *label317 notEqual :processUnit.2:state 3
   908 ucontrol within .DOME_X .DOME_Y 8 *tmp366
   909 jump *label319 equal *tmp366 false
   910 jump *label321 equal .SUPPLY_P_FIRST false
   911 ucontrol itemDrop dome1 .UNIT_CAPACITY
   912 set .MSG ", supplying\n"
   913 jump *label322 always
   914 label *label321
   915 ucontrol approach .DOME_X .DOME_Y 6
   916 set .MSG ", waiting\n"
   917 label *label322
   918 sensor *tmp369 @unit @totalItems
-    * jump *label323 greaterThan *tmp369 0
+  919 jump *label320 greaterThan *tmp369 0
   920 ucontrol approach .CORE_X .CORE_Y 6
   921 set :processUnit.2:state 2
   922 label *label323
   923 jump *label320 always
   924 label *label319
   925 ucontrol approach .DOME_X .DOME_Y 6
   926 set .MSG ", returning in [gold]"
   927 sensor *tmp372 @unit @x
   928 op sub *tmp373 .DOME_X *tmp372
   929 sensor *tmp374 @unit @y
   930 op sub *tmp375 .DOME_Y *tmp374
   931 op len *tmp376 *tmp373 *tmp375
   932 op idiv *tmp377 *tmp376 .SPEED_TENTHS
   933 op div :processUnit.2:distance *tmp377 10
   934 label *label320
 
   955 print .MSG
   956 label *label326
   957 set :processUnit.2:unit @unit
   958 set .UNIT_P1 :processUnit.2:unit
   959 jump *label327 equal *tmp123 false
   960 jump *label331 equal .UNIT_P2 null
   961 ubind .UNIT_P2
   962 sensor *tmp387 @unit @dead
   963 jump *label333 notEqual *tmp387 0
   964 sensor *tmp389 @unit @controller
   965 jump *label330 equal *tmp389 @this
   966 label *label333
   967 label *label331
   968 ubind *tmp9
   969 set :rebindUnit.7:firstUnit @unit
-    * jump *label337 equal :rebindUnit.7:firstUnit null
+  970 jump __start__ equal :rebindUnit.7:firstUnit null
   971 label *label339
   972 sensor *tmp394 @unit @controlled
   973 jump *label330 equal *tmp394 0
   974 ubind *tmp9
-    * jump *label341 equal @unit :rebindUnit.7:firstUnit
+  975 jump __start__ equal @unit :rebindUnit.7:firstUnit
   976 sensor *tmp398 :rebindUnit.7:firstUnit @dead
   977 jump *label339 equal *tmp398 0
   978 label *label341
   979 label *label337
   980 end
   981 label *label330
   982 sensor :processUnit.3:state @unit @flag
   983 set :processUnit.3:distance -1
   984 jump *label347 lessThan :processUnit.3:state 2
   985 jump *label345 lessThanEq :processUnit.3:state 3
   986 label *label347
   987 sensor *tmp404 @unit @firstItem
   988 jump *label349 notEqual *tmp404 @phase-fabric
   989 set :processUnit.3:state 3
   990 jump *label350 always
 
   999 ucontrol within .CORE_X .CORE_Y 8 *tmp410
  1000 jump *label353 equal *tmp410 false
  1001 ucontrol itemDrop .CORE .UNIT_CAPACITY
  1002 label *label353
  1003 label *label352
  1004 label *label350
  1005 label *label345
  1006 jump *label355 notEqual :processUnit.3:state 2
  1007 ucontrol within .CORE_X .CORE_Y 8 *tmp414
  1008 jump *label357 equal *tmp414 false
  1009 ucontrol itemTake .CORE @phase-fabric .UNIT_CAPACITY
  1010 sensor *tmp416 @unit @totalItems
  1011 jump *label359 lessThan *tmp416 .UNIT_CAPACITY
  1012 ucontrol approach .DOME_X .DOME_Y 6
  1013 set :processUnit.3:state 3
-    * jump *label360 always
+ 1014 jump *label358 always
  1015 label *label359
  1016 set .MSG ", loading\n"
  1017 label *label360
  1018 jump *label358 always
  1019 label *label357
  1020 ucontrol approach .CORE_X .CORE_Y 6
  1021 set .MSG ", fetching in [gold]"
  1022 sensor *tmp419 @unit @x
  1023 op sub *tmp420 .CORE_X *tmp419
  1024 sensor *tmp421 @unit @y
  1025 op sub *tmp422 .CORE_Y *tmp421
  1026 op len *tmp423 *tmp420 *tmp422
  1027 op idiv *tmp424 *tmp423 .SPEED_TENTHS
  1028 op div :processUnit.3:distance *tmp424 10
  1029 label *label358
  1030 label *label355
  1031 jump *label361 notEqual :processUnit.3:state 3
  1032 ucontrol within .DOME_X .DOME_Y 8 *tmp428
  1033 jump *label363 equal *tmp428 false
  1034 jump *label365 notEqual .SUPPLY_P_FIRST false
  1035 ucontrol itemDrop dome1 .UNIT_CAPACITY
  1036 set .MSG ", supplying\n"
  1037 jump *label366 always
  1038 label *label365
  1039 ucontrol approach .DOME_X .DOME_Y 6
  1040 set .MSG ", waiting\n"
  1041 label *label366
  1042 sensor *tmp431 @unit @totalItems
-    * jump *label367 greaterThan *tmp431 0
+ 1043 jump *label364 greaterThan *tmp431 0
  1044 ucontrol approach .CORE_X .CORE_Y 6
  1045 set :processUnit.3:state 2
  1046 label *label367
  1047 jump *label364 always
  1048 label *label363
  1049 ucontrol approach .DOME_X .DOME_Y 6
  1050 set .MSG ", returning in [gold]"
  1051 sensor *tmp434 @unit @x
  1052 op sub *tmp435 .DOME_X *tmp434
  1053 sensor *tmp436 @unit @y
  1054 op sub *tmp437 .DOME_Y *tmp436
  1055 op len *tmp438 *tmp435 *tmp437
  1056 op idiv *tmp439 *tmp438 .SPEED_TENTHS
  1057 op div :processUnit.3:distance *tmp439 10
  1058 label *label364
 
  1091 label *label327
  1092 op sub *tmp449 @time :start
  1093 op floor *tmp450 *tmp449
  1094 print "\n"
  1095 print "[lightgray]Loop time: "
  1096 print *tmp450
  1097 print " "
  1098 print "ms"
  1099 printflush message1
  1100 jump *label373 equal *tmp9 UNIT_TYPE
  1101 jump *label373 lessThanEq :unitCheck @time
  1102 set :areUnitsAvailable.2:free 0
  1103 set :areUnitsAvailable.2:occupied 0
  1104 ubind UNIT_TYPE
  1105 set :areUnitsAvailable.2:firstUnit @unit
-    * jump *label380 equal :areUnitsAvailable.2:firstUnit null
+ 1106 jump *label395 equal :areUnitsAvailable.2:firstUnit null
  1107 set :needsFourUnits.3:unit @unit
  1108 sensor *tmp462 :needsFourUnits.3:unit @speed
  1109 op div :needsFourUnits.3:travel_time *tmp127 *tmp462
  1110 select *tmp465 greaterThanEq :needsFourUnits.3:travel_time 47 4 2
  1111 label *label385
  1112 sensor *tmp466 @unit @controlled
  1113 jump *label390 equal *tmp466 0
  1114 sensor *tmp468 @unit @controller
  1115 jump *label388 notEqual *tmp468 @this
  1116 label *label390
  1117 op add :areUnitsAvailable.2:free :areUnitsAvailable.2:free 1
-    * jump *label392 lessThan :areUnitsAvailable.2:free *tmp465
+ 1118 jump *label389 lessThan :areUnitsAvailable.2:free *tmp465
  1119 set *tmp454 true
  1120 jump *label379 always
  1121 label *label392
  1122 jump *label389 always
  1123 label *label388
  1124 op add :areUnitsAvailable.2:occupied :areUnitsAvailable.2:occupied 1
  1125 label *label389
  1126 ubind UNIT_TYPE
-    * jump *label387 equal @unit :areUnitsAvailable.2:firstUnit
+ 1127 jump *label395 equal @unit :areUnitsAvailable.2:firstUnit
  1128 sensor *tmp475 :areUnitsAvailable.2:firstUnit @dead
  1129 jump *label385 equal *tmp475 0
  1130 label *label387
  1131 label *label380
  1132 jump *label395 always
  1133 label *label395
  1134 set *tmp454 false
  1135 label *label379
  1136 jump *label190 notEqual *tmp454 false
  1137 op add :unitCheck @time 5000
  1138 label *label373
  1139 sensor *tmp188 switch1 @enabled
  1140 jump *label471 notEqual *tmp188 false
  1141 label *label190
  1142 ubind .UNIT_S1

Modifications by #116: Jumps phase, Single Step Elimination, pass 4, iteration 1 (-1 instructions):
 
  1085 sensor *tmp468 @unit @controller
  1086 jump *label388 notEqual *tmp468 @this
  1087 label *label390
  1088 op add :areUnitsAvailable.2:free :areUnitsAvailable.2:free 1
  1089 jump *label389 lessThan :areUnitsAvailable.2:free *tmp465
  1090 set *tmp454 true
  1091 jump *label379 always
  1092 jump *label389 always
  1093 label *label388
  1094 op add :areUnitsAvailable.2:occupied :areUnitsAvailable.2:occupied 1
  1095 label *label389
  1096 ubind UNIT_TYPE
  1097 jump *label395 equal @unit :areUnitsAvailable.2:firstUnit
  1098 sensor *tmp475 :areUnitsAvailable.2:firstUnit @dead
  1099 jump *label385 equal *tmp475 0
-    * jump *label395 always
  1100 label *label395
  1101 set *tmp454 false
  1102 label *label379
  1103 jump *label190 notEqual *tmp454 false
  1104 op add :unitCheck @time 5000
  1105 label *label373
  1106 sensor *tmp188 switch1 @enabled
  1107 jump *label471 notEqual *tmp188 false
  1108 label *label190
  1109 ubind .UNIT_S1
  1110 ucontrol flag 0
  1111 ucontrol unbind
  1112 ubind .UNIT_P1
  1113 ucontrol flag 0
  1114 ucontrol unbind

Modifications by #119: Jumps phase, Unreachable Code Elimination, pass 5, iteration 1 (-6 instructions):
 
    65 op mul *tmp17 2 *tmp16
    66 sensor *tmp18 :needsFourUnits:unit @speed
    67 op div :needsFourUnits:travel_time *tmp17 *tmp18
    68 select *tmp21 greaterThanEq :needsFourUnits:travel_time 47 4 2
    69 set :areUnitsAvailable:needed *tmp21
    70 label *label34
    71 sensor *tmp22 @unit @controlled
    72 jump *label39 equal *tmp22 0
    73 sensor *tmp24 @unit @controller
    74 jump *label37 notEqual *tmp24 @this
    75 label *label39
    76 op add :areUnitsAvailable:free :areUnitsAvailable:free 1
    77 jump *label38 lessThan :areUnitsAvailable:free *tmp21
    78 set *tmp10 true
    79 jump *label28 always
-    * jump *label38 always
    80 label *label37
    81 op add :areUnitsAvailable:occupied :areUnitsAvailable:occupied 1
    82 label *label38
    83 ubind UNIT_TYPE
    84 jump *label36 equal @unit :areUnitsAvailable:firstUnit
    85 sensor *tmp31 :areUnitsAvailable:firstUnit @dead
    86 jump *label34 equal *tmp31 0
    87 label *label36
    88 label *label29
    89 print UNIT_TYPE
    90 print ":"
    91 print " occupied: "
    92 print :areUnitsAvailable:occupied
    93 print ","
    94 print " free: "
 
   118 op mul *tmp47 2 *tmp46
   119 sensor *tmp48 :needsFourUnits.1:unit @speed
   120 op div :needsFourUnits.1:travel_time *tmp47 *tmp48
   121 select *tmp51 greaterThanEq :needsFourUnits.1:travel_time 47 4 2
   122 set :areUnitsAvailable.1:needed *tmp51
   123 label *label476
   124 sensor *tmp52 @unit @controlled
   125 jump *label477 equal *tmp52 0
   126 sensor *tmp54 @unit @controller
   127 jump *label480 notEqual *tmp54 @this
   128 label *label477
   129 op add :areUnitsAvailable.1:free :areUnitsAvailable.1:free 1
   130 jump *label481 lessThan :areUnitsAvailable.1:free *tmp51
   131 set *tmp40 true
   132 jump *label490 always
-    * jump *label481 always
   133 label *label480
   134 op add :areUnitsAvailable.1:occupied :areUnitsAvailable.1:occupied 1
   135 label *label481
   136 ubind @flare
   137 jump *label483 equal @unit :areUnitsAvailable.1:firstUnit
   138 sensor *tmp61 :areUnitsAvailable.1:firstUnit @dead
   139 jump *label476 equal *tmp61 0
   140 label *label483
   141 label *label484
   142 print @flare
   143 print ":"
   144 print " occupied: "
   145 print :areUnitsAvailable.1:occupied
   146 print ","
   147 print " free: "
 
   173 op mul *tmp47 2 *tmp46
   174 sensor *tmp48 :needsFourUnits.1:unit @speed
   175 op div :needsFourUnits.1:travel_time *tmp47 *tmp48
   176 select *tmp51 greaterThanEq :needsFourUnits.1:travel_time 47 4 2
   177 set :areUnitsAvailable.1:needed *tmp51
   178 label *label502
   179 sensor *tmp52 @unit @controlled
   180 jump *label503 equal *tmp52 0
   181 sensor *tmp54 @unit @controller
   182 jump *label506 notEqual *tmp54 @this
   183 label *label503
   184 op add :areUnitsAvailable.1:free :areUnitsAvailable.1:free 1
   185 jump *label507 lessThan :areUnitsAvailable.1:free *tmp51
   186 set *tmp40 true
   187 jump *label516 always
-    * jump *label507 always
   188 label *label506
   189 op add :areUnitsAvailable.1:occupied :areUnitsAvailable.1:occupied 1
   190 label *label507
   191 ubind @poly
   192 jump *label509 equal @unit :areUnitsAvailable.1:firstUnit
   193 sensor *tmp61 :areUnitsAvailable.1:firstUnit @dead
   194 jump *label502 equal *tmp61 0
   195 label *label509
   196 label *label510
   197 print @poly
   198 print ":"
   199 print " occupied: "
   200 print :areUnitsAvailable.1:occupied
   201 print ","
   202 print " free: "
 
   228 op mul *tmp47 2 *tmp46
   229 sensor *tmp48 :needsFourUnits.1:unit @speed
   230 op div :needsFourUnits.1:travel_time *tmp47 *tmp48
   231 select *tmp51 greaterThanEq :needsFourUnits.1:travel_time 47 4 2
   232 set :areUnitsAvailable.1:needed *tmp51
   233 label *label528
   234 sensor *tmp52 @unit @controlled
   235 jump *label529 equal *tmp52 0
   236 sensor *tmp54 @unit @controller
   237 jump *label532 notEqual *tmp54 @this
   238 label *label529
   239 op add :areUnitsAvailable.1:free :areUnitsAvailable.1:free 1
   240 jump *label533 lessThan :areUnitsAvailable.1:free *tmp51
   241 set *tmp40 true
   242 jump *label542 always
-    * jump *label533 always
   243 label *label532
   244 op add :areUnitsAvailable.1:occupied :areUnitsAvailable.1:occupied 1
   245 label *label533
   246 ubind @mega
   247 jump *label535 equal @unit :areUnitsAvailable.1:firstUnit
   248 sensor *tmp61 :areUnitsAvailable.1:firstUnit @dead
   249 jump *label528 equal *tmp61 0
   250 label *label535
   251 label *label536
   252 print @mega
   253 print ":"
   254 print " occupied: "
   255 print :areUnitsAvailable.1:occupied
   256 print ","
   257 print " free: "
 
   283 op mul *tmp47 2 *tmp46
   284 sensor *tmp48 :needsFourUnits.1:unit @speed
   285 op div :needsFourUnits.1:travel_time *tmp47 *tmp48
   286 select *tmp51 greaterThanEq :needsFourUnits.1:travel_time 47 4 2
   287 set :areUnitsAvailable.1:needed *tmp51
   288 label *label554
   289 sensor *tmp52 @unit @controlled
   290 jump *label555 equal *tmp52 0
   291 sensor *tmp54 @unit @controller
   292 jump *label558 notEqual *tmp54 @this
   293 label *label555
   294 op add :areUnitsAvailable.1:free :areUnitsAvailable.1:free 1
   295 jump *label559 lessThan :areUnitsAvailable.1:free *tmp51
   296 set *tmp40 true
   297 jump *label568 always
-    * jump *label559 always
   298 label *label558
   299 op add :areUnitsAvailable.1:occupied :areUnitsAvailable.1:occupied 1
   300 label *label559
   301 ubind @mono
   302 jump *label561 equal @unit :areUnitsAvailable.1:firstUnit
   303 sensor *tmp61 :areUnitsAvailable.1:firstUnit @dead
   304 jump *label554 equal *tmp61 0
   305 label *label561
   306 label *label562
   307 print @mono
   308 print ":"
   309 print " occupied: "
   310 print :areUnitsAvailable.1:occupied
   311 print ","
   312 print " free: "
 
  1072 jump *label395 equal :areUnitsAvailable.2:firstUnit null
  1073 set :needsFourUnits.3:unit @unit
  1074 sensor *tmp462 :needsFourUnits.3:unit @speed
  1075 op div :needsFourUnits.3:travel_time *tmp127 *tmp462
  1076 select *tmp465 greaterThanEq :needsFourUnits.3:travel_time 47 4 2
  1077 label *label385
  1078 sensor *tmp466 @unit @controlled
  1079 jump *label390 equal *tmp466 0
  1080 sensor *tmp468 @unit @controller
  1081 jump *label388 notEqual *tmp468 @this
  1082 label *label390
  1083 op add :areUnitsAvailable.2:free :areUnitsAvailable.2:free 1
  1084 jump *label389 lessThan :areUnitsAvailable.2:free *tmp465
  1085 set *tmp454 true
  1086 jump *label379 always
-    * jump *label389 always
  1087 label *label388
  1088 op add :areUnitsAvailable.2:occupied :areUnitsAvailable.2:occupied 1
  1089 label *label389
  1090 ubind UNIT_TYPE
  1091 jump *label395 equal @unit :areUnitsAvailable.2:firstUnit
  1092 sensor *tmp475 :areUnitsAvailable.2:firstUnit @dead
  1093 jump *label385 equal *tmp475 0
  1094 label *label395
  1095 set *tmp454 false
  1096 label *label379
  1097 jump *label190 notEqual *tmp454 false
  1098 op add :unitCheck @time 5000
  1099 label *label373
  1100 sensor *tmp188 switch1 @enabled
  1101 jump *label471 notEqual *tmp188 false

Modifications by #121: Jumps phase, Jump Straightening, pass 5, iteration 1 (-1 instructions):
 
    20 jump *label2 notEqual :locateCore*retval false
    21 set :locateCore:type @poly
    22 setaddr :locateCore*retaddr *label449 (h:*label449)
    23 call *label0 *invalid :locateCore*retval (m:*label449) (h:*label449)
    24 label *label449
    25 jump *label2 notEqual :locateCore*retval false
    26 set :locateCore:type @mega
    27 setaddr :locateCore*retaddr *label456 (h:*label456)
    28 call *label0 *invalid :locateCore*retval (m:*label456) (h:*label456)
    29 label *label456
    30 jump *label2 notEqual :locateCore*retval false
    31 set :locateCore:type @mono
    32 setaddr :locateCore*retaddr *label463 (h:*label463)
    33 call *label0 *invalid :locateCore*retval (m:*label463) (h:*label463)
    34 label *label463
-    * jump *label2 notEqual :locateCore*retval false
-    * jump *label6 always
+   35 jump *label6 equal :locateCore*retval false
    36 label *label2
    37 sensor .CORE_X .CORE @x
    38 sensor .CORE_Y .CORE @y
    39 sensor .DOME_X dome1 @x
    40 sensor .DOME_Y dome1 @y
    41 sensor *tmp7 switch1 @enabled
    42 jump *label21 notEqual *tmp7 false
    43 label *label470
    44 print "[coral]Activate switch to begin supplying overdrive dome..."
    45 print "\n"
    46 printflush message1
    47 sensor *tmp7 switch1 @enabled
    48 jump *label470 equal *tmp7 false
    49 label *label21
    50 label *label23

Modifications by #136: Final phase, Temp Variables Elimination, iteration 1:
 
  1107 ucontrol unbind
  1108 ubind .UNIT_S2
  1109 ucontrol flag 0
  1110 ucontrol unbind
  1111 ubind .UNIT_P2
  1112 ucontrol flag 0
  1113 ucontrol unbind
  1114 end
  1115 label *label0
  1116 ubind :locateCore:type
  1117 sensor *tmp483 @unit @controlled
  1118 jump *label410 equal *tmp483 0
  1119 sensor *tmp485 @unit @controller
  1120 jump *label408 notEqual *tmp485 @this
  1121 label *label410
-    * ulocate building core false @copper *tmp489 *tmp490 *tmp491 .CORE
+ 1122 ulocate building core false @copper 0 0 0 .CORE
  1123 label *label408
  1124 set :locateCore*retval .CORE
  1125 return :locateCore*retaddr

Modifications by #138: Final phase, Print Merging, iteration 1 (-75 instructions):
 
    29 label *label456
    30 jump *label2 notEqual :locateCore*retval false
    31 set :locateCore:type @mono
    32 setaddr :locateCore*retaddr *label463 (h:*label463)
    33 call *label0 *invalid :locateCore*retval (m:*label463) (h:*label463)
    34 label *label463
    35 jump *label6 equal :locateCore*retval false
    36 label *label2
    37 sensor .CORE_X .CORE @x
    38 sensor .CORE_Y .CORE @y
    39 sensor .DOME_X dome1 @x
    40 sensor .DOME_Y dome1 @y
    41 sensor *tmp7 switch1 @enabled
    42 jump *label21 notEqual *tmp7 false
    43 label *label470
-    * print "[coral]Activate switch to begin supplying overdrive dome..."
-    * print "\n"
+   44 print "[coral]Activate switch to begin supplying overdrive dome...\n"
    45 printflush message1
    46 sensor *tmp7 switch1 @enabled
    47 jump *label470 equal *tmp7 false
    48 label *label21
    49 label *label23
    50 printflush null
-    * print "[gold]Looking for suitable unit type:[]"
-    * print "\n"
+   51 print "[gold]Looking for suitable unit type:[]\n"
    52 set :areUnitsAvailable:free 0
    53 set :areUnitsAvailable:occupied 0
    54 set :areUnitsAvailable:needed 0
    55 ubind UNIT_TYPE
    56 set :areUnitsAvailable:firstUnit @unit
    57 jump *label29 equal :areUnitsAvailable:firstUnit null
    58 set :needsFourUnits:unit @unit
    59 op sub *tmp14 .DOME_X .CORE_X
    60 op sub *tmp15 .DOME_Y .CORE_Y
    61 op len *tmp16 *tmp14 *tmp15
    62 op mul *tmp17 2 *tmp16
    63 sensor *tmp18 :needsFourUnits:unit @speed
    64 op div :needsFourUnits:travel_time *tmp17 *tmp18
    65 select *tmp21 greaterThanEq :needsFourUnits:travel_time 47 4 2
    66 set :areUnitsAvailable:needed *tmp21
 
    72 label *label39
    73 op add :areUnitsAvailable:free :areUnitsAvailable:free 1
    74 jump *label38 lessThan :areUnitsAvailable:free *tmp21
    75 set *tmp10 true
    76 jump *label28 always
    77 label *label37
    78 op add :areUnitsAvailable:occupied :areUnitsAvailable:occupied 1
    79 label *label38
    80 ubind UNIT_TYPE
    81 jump *label36 equal @unit :areUnitsAvailable:firstUnit
    82 sensor *tmp31 :areUnitsAvailable:firstUnit @dead
    83 jump *label34 equal *tmp31 0
    84 label *label36
    85 label *label29
    86 print UNIT_TYPE
-    * print ":"
-    * print " occupied: "
-    * print :areUnitsAvailable:occupied
-    * print ","
-    * print " free: "
+   87 print ": occupied: {0}, free: "
+   88 format :areUnitsAvailable:occupied
    89 print :areUnitsAvailable:free
    90 jump *label46 lessThanEq :areUnitsAvailable:needed 0
    91 print ", needed: "
    92 print :areUnitsAvailable:needed
    93 label *label46
    94 print "\n"
    95 set *tmp10 false
    96 label *label28
    97 jump *label26 equal *tmp10 false
    98 set *tmp9 UNIT_TYPE
    99 jump *label22 always
   100 label *label26
   101 jump *label493 equal @flare UNIT_TYPE
   102 set :areUnitsAvailable.1:free 0
   103 set :areUnitsAvailable.1:occupied 0
 
   121 jump *label480 notEqual *tmp54 @this
   122 label *label477
   123 op add :areUnitsAvailable.1:free :areUnitsAvailable.1:free 1
   124 jump *label481 lessThan :areUnitsAvailable.1:free *tmp51
   125 set *tmp40 true
   126 jump *label490 always
   127 label *label480
   128 op add :areUnitsAvailable.1:occupied :areUnitsAvailable.1:occupied 1
   129 label *label481
   130 ubind @flare
   131 jump *label483 equal @unit :areUnitsAvailable.1:firstUnit
   132 sensor *tmp61 :areUnitsAvailable.1:firstUnit @dead
   133 jump *label476 equal *tmp61 0
   134 label *label483
   135 label *label484
-    * print @flare
-    * print ":"
-    * print " occupied: "
-    * print :areUnitsAvailable.1:occupied
-    * print ","
-    * print " free: "
+  136 print "flare: occupied: {0}, free: "
+  137 format :areUnitsAvailable.1:occupied
   138 print :areUnitsAvailable.1:free
   139 jump *label486 lessThanEq :areUnitsAvailable.1:needed 0
   140 print ", needed: "
   141 print :areUnitsAvailable.1:needed
   142 label *label486
   143 print "\n"
   144 set *tmp40 false
   145 label *label490
   146 jump *label491 equal *tmp40 false
   147 printflush null
   148 set *tmp9 @flare
   149 jump *label22 always
   150 label *label491
   151 label *label493
   152 jump *label519 equal @poly UNIT_TYPE
 
   172 jump *label506 notEqual *tmp54 @this
   173 label *label503
   174 op add :areUnitsAvailable.1:free :areUnitsAvailable.1:free 1
   175 jump *label507 lessThan :areUnitsAvailable.1:free *tmp51
   176 set *tmp40 true
   177 jump *label516 always
   178 label *label506
   179 op add :areUnitsAvailable.1:occupied :areUnitsAvailable.1:occupied 1
   180 label *label507
   181 ubind @poly
   182 jump *label509 equal @unit :areUnitsAvailable.1:firstUnit
   183 sensor *tmp61 :areUnitsAvailable.1:firstUnit @dead
   184 jump *label502 equal *tmp61 0
   185 label *label509
   186 label *label510
-    * print @poly
-    * print ":"
-    * print " occupied: "
-    * print :areUnitsAvailable.1:occupied
-    * print ","
-    * print " free: "
+  187 print "poly: occupied: {0}, free: "
+  188 format :areUnitsAvailable.1:occupied
   189 print :areUnitsAvailable.1:free
   190 jump *label512 lessThanEq :areUnitsAvailable.1:needed 0
   191 print ", needed: "
   192 print :areUnitsAvailable.1:needed
   193 label *label512
   194 print "\n"
   195 set *tmp40 false
   196 label *label516
   197 jump *label517 equal *tmp40 false
   198 printflush null
   199 set *tmp9 @poly
   200 jump *label22 always
   201 label *label517
   202 label *label519
   203 jump *label545 equal @mega UNIT_TYPE
 
   223 jump *label532 notEqual *tmp54 @this
   224 label *label529
   225 op add :areUnitsAvailable.1:free :areUnitsAvailable.1:free 1
   226 jump *label533 lessThan :areUnitsAvailable.1:free *tmp51
   227 set *tmp40 true
   228 jump *label542 always
   229 label *label532
   230 op add :areUnitsAvailable.1:occupied :areUnitsAvailable.1:occupied 1
   231 label *label533
   232 ubind @mega
   233 jump *label535 equal @unit :areUnitsAvailable.1:firstUnit
   234 sensor *tmp61 :areUnitsAvailable.1:firstUnit @dead
   235 jump *label528 equal *tmp61 0
   236 label *label535
   237 label *label536
-    * print @mega
-    * print ":"
-    * print " occupied: "
-    * print :areUnitsAvailable.1:occupied
-    * print ","
-    * print " free: "
+  238 print "mega: occupied: {0}, free: "
+  239 format :areUnitsAvailable.1:occupied
   240 print :areUnitsAvailable.1:free
   241 jump *label538 lessThanEq :areUnitsAvailable.1:needed 0
   242 print ", needed: "
   243 print :areUnitsAvailable.1:needed
   244 label *label538
   245 print "\n"
   246 set *tmp40 false
   247 label *label542
   248 jump *label543 equal *tmp40 false
   249 printflush null
   250 set *tmp9 @mega
   251 jump *label22 always
   252 label *label543
   253 label *label545
   254 jump *label571 equal @mono UNIT_TYPE
 
   274 jump *label558 notEqual *tmp54 @this
   275 label *label555
   276 op add :areUnitsAvailable.1:free :areUnitsAvailable.1:free 1
   277 jump *label559 lessThan :areUnitsAvailable.1:free *tmp51
   278 set *tmp40 true
   279 jump *label568 always
   280 label *label558
   281 op add :areUnitsAvailable.1:occupied :areUnitsAvailable.1:occupied 1
   282 label *label559
   283 ubind @mono
   284 jump *label561 equal @unit :areUnitsAvailable.1:firstUnit
   285 sensor *tmp61 :areUnitsAvailable.1:firstUnit @dead
   286 jump *label554 equal *tmp61 0
   287 label *label561
   288 label *label562
-    * print @mono
-    * print ":"
-    * print " occupied: "
-    * print :areUnitsAvailable.1:occupied
-    * print ","
-    * print " free: "
+  289 print "mono: occupied: {0}, free: "
+  290 format :areUnitsAvailable.1:occupied
   291 print :areUnitsAvailable.1:free
   292 jump *label564 lessThanEq :areUnitsAvailable.1:needed 0
   293 print ", needed: "
   294 print :areUnitsAvailable.1:needed
   295 label *label564
   296 print "\n"
   297 set *tmp40 false
   298 label *label568
   299 jump *label569 equal *tmp40 false
   300 printflush null
   301 set *tmp9 @mono
   302 jump *label22 always
   303 label *label569
   304 label *label571
   305 printflush message1
 
   485 op lessThan .SUPPLY_S_FIRST *tmp178 *tmp179
   486 label *label181
   487 jump *label184 notEqual *tmp123 false
   488 set .SUPPLY_P_FIRST true
   489 jump *label185 always
   490 label *label184
   491 sensor *tmp183 .UNIT_P1 @totalItems
   492 sensor *tmp184 .UNIT_P2 @totalItems
   493 op lessThan .SUPPLY_P_FIRST *tmp183 *tmp184
   494 label *label185
   495 op add :unitCheck @time 5000
   496 sensor *tmp188 switch1 @enabled
   497 jump *label190 equal *tmp188 false
   498 label *label471
   499 set :start @time
-    * print " === [gold]Supplying Overdrive Dome[] === "
-    * print "\n"
-    * print "\n"
-    * print "Unit type: [green]"
-    * print *tmp9
-    * print "["
-    * print "]"
-    * print "\n"
-    * print "\n[green]Silicon[] status:\n"
+  500 print " === [gold]Supplying Overdrive Dome[] === \n\nUnit type: [green]{0}[]\n\n[green]Silicon[] status:\n"
+  501 format *tmp9
   502 sensor :printDomeStatus:level dome1 @silicon
   503 jump *label192 lessThanEq :printDomeStatus:level 3
-    * print "  dome:  [green]"
-    * print :printDomeStatus:level
-    * print "["
-    * print "]"
-    * print "\n"
+  504 print "  dome:  [green]{0}[]\n"
+  505 format :printDomeStatus:level
   506 jump *label193 always
   507 label *label192
-    * print "  dome:  [coral]"
-    * print :printDomeStatus:level
-    * print "["
-    * print "]"
-    * print "\n"
+  508 print "  dome:  [coral]{0}[]\n"
+  509 format :printDomeStatus:level
   510 label *label193
   511 jump *label196 equal .UNIT_S1 null
   512 ubind .UNIT_S1
   513 sensor *tmp195 @unit @dead
   514 jump *label198 notEqual *tmp195 0
   515 sensor *tmp197 @unit @controller
   516 jump *label195 equal *tmp197 @this
   517 label *label198
   518 label *label196
   519 ubind *tmp9
   520 set :rebindUnit.4:firstUnit @unit
   521 jump __start__ equal :rebindUnit.4:firstUnit null
   522 label *label204
   523 sensor *tmp202 @unit @controlled
   524 jump *label195 equal *tmp202 0
 
   594 jump *label229 always
   595 label *label228
   596 ucontrol approach .DOME_X .DOME_Y 6
   597 set .MSG ", returning in [gold]"
   598 sensor *tmp242 @unit @x
   599 op sub *tmp243 .DOME_X *tmp242
   600 sensor *tmp244 @unit @y
   601 op sub *tmp245 .DOME_Y *tmp244
   602 op len *tmp246 *tmp243 *tmp245
   603 op idiv *tmp247 *tmp246 .SPEED_TENTHS
   604 op div :processUnit:distance *tmp247 10
   605 label *label229
   606 label *label226
   607 ucontrol flag :processUnit:state
   608 sensor *tmp249 @unit @totalItems
-    * print "  "
-    * print .GROUP1
-    * print ":"
-    * print " ["
-    * print "gold"
-    * print "]"
-    * print *tmp249
-    * print "["
-    * print "]"
+  609 print "  {0}: [gold]{0}[]"
+  610 format .GROUP1
+  611 format *tmp249
   612 jump *label234 lessThan :processUnit:distance 0
   613 print .MSG
   614 print :processUnit:distance
-    * print "["
-    * print "] sec"
-    * print "\n"
+  615 print "[] sec\n"
   616 jump *label235 always
   617 label *label234
   618 print .MSG
   619 label *label235
   620 set :processUnit:unit @unit
   621 set .UNIT_S1 :processUnit:unit
   622 jump *label236 equal *tmp123 false
   623 jump *label240 equal .UNIT_S2 null
   624 ubind .UNIT_S2
   625 sensor *tmp257 @unit @dead
   626 jump *label242 notEqual *tmp257 0
   627 sensor *tmp259 @unit @controller
   628 jump *label239 equal *tmp259 @this
   629 label *label242
   630 label *label240
 
   706 jump *label273 always
   707 label *label272
   708 ucontrol approach .DOME_X .DOME_Y 6
   709 set .MSG ", returning in [gold]"
   710 sensor *tmp304 @unit @x
   711 op sub *tmp305 .DOME_X *tmp304
   712 sensor *tmp306 @unit @y
   713 op sub *tmp307 .DOME_Y *tmp306
   714 op len *tmp308 *tmp305 *tmp307
   715 op idiv *tmp309 *tmp308 .SPEED_TENTHS
   716 op div :processUnit.1:distance *tmp309 10
   717 label *label273
   718 label *label270
   719 ucontrol flag :processUnit.1:state
   720 sensor *tmp311 @unit @totalItems
-    * print "  "
-    * print .GROUP2
-    * print ":"
-    * print " ["
-    * print "gold"
-    * print "]"
-    * print *tmp311
-    * print "["
-    * print "]"
+  721 print "  {0}: [gold]{0}[]"
+  722 format .GROUP2
+  723 format *tmp311
   724 jump *label278 lessThan :processUnit.1:distance 0
   725 print .MSG
   726 print :processUnit.1:distance
-    * print "["
-    * print "] sec"
-    * print "\n"
+  727 print "[] sec\n"
   728 jump *label279 always
   729 label *label278
   730 print .MSG
   731 label *label279
   732 set :processUnit.1:unit @unit
   733 set .UNIT_S2 :processUnit.1:unit
   734 jump *label280 equal .SUPPLY_S_FIRST false
   735 sensor *tmp315 :processUnit:unit @totalItems
   736 op greaterThan .SUPPLY_S_FIRST *tmp315 0
   737 jump *label281 always
   738 label *label280
   739 sensor *tmp317 :processUnit.1:unit @totalItems
   740 op equal .SUPPLY_S_FIRST *tmp317 0
   741 label *label281
   742 label *label236
   743 print "\n[green]Phase fabric[] status:\n"
   744 sensor :printDomeStatus.1:level dome1 @phase-fabric
   745 jump *label283 lessThanEq :printDomeStatus.1:level 3
-    * print "  dome:  [green]"
-    * print :printDomeStatus.1:level
-    * print "["
-    * print "]"
-    * print "\n"
+  746 print "  dome:  [green]{0}[]\n"
+  747 format :printDomeStatus.1:level
   748 jump *label284 always
   749 label *label283
-    * print "  dome:  [coral]"
-    * print :printDomeStatus.1:level
-    * print "["
-    * print "]"
-    * print "\n"
+  750 print "  dome:  [coral]{0}[]\n"
+  751 format :printDomeStatus.1:level
   752 label *label284
   753 jump *label287 equal .UNIT_P1 null
   754 ubind .UNIT_P1
   755 sensor *tmp325 @unit @dead
   756 jump *label289 notEqual *tmp325 0
   757 sensor *tmp327 @unit @controller
   758 jump *label286 equal *tmp327 @this
   759 label *label289
   760 label *label287
   761 ubind *tmp9
   762 set :rebindUnit.6:firstUnit @unit
   763 jump __start__ equal :rebindUnit.6:firstUnit null
   764 label *label295
   765 sensor *tmp332 @unit @controlled
   766 jump *label286 equal *tmp332 0
 
   836 jump *label320 always
   837 label *label319
   838 ucontrol approach .DOME_X .DOME_Y 6
   839 set .MSG ", returning in [gold]"
   840 sensor *tmp372 @unit @x
   841 op sub *tmp373 .DOME_X *tmp372
   842 sensor *tmp374 @unit @y
   843 op sub *tmp375 .DOME_Y *tmp374
   844 op len *tmp376 *tmp373 *tmp375
   845 op idiv *tmp377 *tmp376 .SPEED_TENTHS
   846 op div :processUnit.2:distance *tmp377 10
   847 label *label320
   848 label *label317
   849 ucontrol flag :processUnit.2:state
   850 sensor *tmp379 @unit @totalItems
-    * print "  "
-    * print .GROUP1
-    * print ":"
-    * print " ["
-    * print "gold"
-    * print "]"
-    * print *tmp379
-    * print "["
-    * print "]"
+  851 print "  {0}: [gold]{0}[]"
+  852 format .GROUP1
+  853 format *tmp379
   854 jump *label325 lessThan :processUnit.2:distance 0
   855 print .MSG
   856 print :processUnit.2:distance
-    * print "["
-    * print "] sec"
-    * print "\n"
+  857 print "[] sec\n"
   858 jump *label326 always
   859 label *label325
   860 print .MSG
   861 label *label326
   862 set :processUnit.2:unit @unit
   863 set .UNIT_P1 :processUnit.2:unit
   864 jump *label327 equal *tmp123 false
   865 jump *label331 equal .UNIT_P2 null
   866 ubind .UNIT_P2
   867 sensor *tmp387 @unit @dead
   868 jump *label333 notEqual *tmp387 0
   869 sensor *tmp389 @unit @controller
   870 jump *label330 equal *tmp389 @this
   871 label *label333
   872 label *label331
 
   948 jump *label364 always
   949 label *label363
   950 ucontrol approach .DOME_X .DOME_Y 6
   951 set .MSG ", returning in [gold]"
   952 sensor *tmp434 @unit @x
   953 op sub *tmp435 .DOME_X *tmp434
   954 sensor *tmp436 @unit @y
   955 op sub *tmp437 .DOME_Y *tmp436
   956 op len *tmp438 *tmp435 *tmp437
   957 op idiv *tmp439 *tmp438 .SPEED_TENTHS
   958 op div :processUnit.3:distance *tmp439 10
   959 label *label364
   960 label *label361
   961 ucontrol flag :processUnit.3:state
   962 sensor *tmp441 @unit @totalItems
-    * print "  "
-    * print .GROUP2
-    * print ":"
-    * print " ["
-    * print "gold"
-    * print "]"
-    * print *tmp441
-    * print "["
-    * print "]"
+  963 print "  {0}: [gold]{0}[]"
+  964 format .GROUP2
+  965 format *tmp441
   966 jump *label369 lessThan :processUnit.3:distance 0
   967 print .MSG
   968 print :processUnit.3:distance
-    * print "["
-    * print "] sec"
-    * print "\n"
+  969 print "[] sec\n"
   970 jump *label370 always
   971 label *label369
   972 print .MSG
   973 label *label370
   974 set :processUnit.3:unit @unit
   975 set .UNIT_P2 :processUnit.3:unit
   976 jump *label371 equal .SUPPLY_P_FIRST false
   977 sensor *tmp445 :processUnit.2:unit @totalItems
   978 op greaterThan .SUPPLY_P_FIRST *tmp445 0
   979 jump *label372 always
   980 label *label371
   981 sensor *tmp447 :processUnit.3:unit @totalItems
   982 op equal .SUPPLY_P_FIRST *tmp447 0
   983 label *label372
   984 label *label327
   985 op sub *tmp449 @time :start
   986 op floor *tmp450 *tmp449
-    * print "\n"
-    * print "[lightgray]Loop time: "
-    * print *tmp450
-    * print " "
-    * print "ms"
+  987 print "\n[lightgray]Loop time: {0} ms"
+  988 format *tmp450
   989 printflush message1
   990 jump *label373 equal *tmp9 UNIT_TYPE
   991 jump *label373 lessThanEq :unitCheck @time
   992 set :areUnitsAvailable.2:free 0
   993 set :areUnitsAvailable.2:occupied 0
   994 ubind UNIT_TYPE
   995 set :areUnitsAvailable.2:firstUnit @unit
   996 jump *label395 equal :areUnitsAvailable.2:firstUnit null
   997 set :needsFourUnits.3:unit @unit
   998 sensor *tmp462 :needsFourUnits.3:unit @speed
   999 op div :needsFourUnits.3:travel_time *tmp127 *tmp462
  1000 select *tmp465 greaterThanEq :needsFourUnits.3:travel_time 47 4 2
  1001 label *label385
  1002 sensor *tmp466 @unit @controlled
  1003 jump *label390 equal *tmp466 0

Code size and number of instantiations by function:
  Size  Times  AvgSize  Function
   288     4x     72,0  inline void processUnit(in out unit, in item, in group, in supply)
   172     6x     28,7  inline def areUnitsAvailable(in type, in output)
   128     8x     16,0  inline def rebindUnit(in currentUnit)
    95     1x     95,0  <no function>
    38     7x      5,4  inline def needsFourUnits(in unit)
    27     1x     27,0  inline def chooseUnitType()
    23     1x     23,0  inline void locateDomeAndCore()
    22     1x     22,0  inline def rebindUnits()
    18     1x     18,0  inline void free(in units...)
    15     2x      7,5  inline void printDomeStatus(in item, in text)
     9     1x      9,0  noinline def locateCore(in type)
     8     4x      2,0  inline def acquireUnit(in currentUnit)
     7     3x      2,3  inline void swap(a, b)

Runtime error at instruction #8: 'print "[gold]Waiting for an overdrive dome to be connected..."':
Execution step limit of 100,000 exceeded.

Emulator output (100,000 steps, 833.35 sec):
[gold]Waiting for an overdrive dome to be connected...
[--- Previous segment repeated 33 331,00 times ---]
