  1222 instructions before optimizations.
   112 instructions eliminated by Temp Variables Elimination (3 passes, 7 iterations).
     3 instructions eliminated by Case Expression Optimization.
   135 instructions eliminated by Dead Code Elimination (8 iterations).
     5 instructions eliminated by Jump Normalization (2 passes, 6 iterations).
    78 instructions eliminated by Condition Optimization (2 passes, 8 iterations).
    53 instructions eliminated by Single Step Elimination (3 passes, 9 iterations).
     2 instructions eliminated by Expression Optimization (2 passes, 3 iterations).
    34 instructions eliminated by Boolean Optimization (7 iterations).
       1 short-circuited expressions optimized using selects.
       10 fully-evaluated expressions optimized using selects.
     2 instructions eliminated by If Expression Optimization (3 iterations).
    29 instructions eliminated by Data Flow Optimization (2 passes, 11 iterations).
     1 loops improved by Loop Hoisting.
     2 instructions added by Loop Rotation (3 iterations).
       11 loop conditions were partially rotated.
    15 instructions eliminated by Case Switching (6 iterations).
     1 case expressions converted to fast dispatch by Case Switching.
    26 instructions eliminated by Jump Straightening (2 passes, 8 iterations).
     6 instructions updated by Jump Threading.
     2 instructions eliminated by Unreachable Code Elimination (3 iterations).
    79 instructions eliminated by Print Merging.
   649 instructions after optimizations.

Pass 1: speed optimization selection (cost limit 243):
  * Full loop rotation at line 156:9                             size    +1, benefit      325.0, efficiency    325.000 (+1 instructions)
    Partial loop rotation at line 169:13                         size    +1, benefit      156.3, efficiency    156.250
  o Fast-dispatch case at line 704:5                             size   -15, benefit       46.9, efficiency   Infinity

Pass 1: speed optimization selection (cost limit 242):
  * Partial loop rotation at line 169:13                         size    +1, benefit      156.3, efficiency    156.250 (+1 instructions)
  o Fast-dispatch case at line 704:5                             size   -15, benefit       46.9, efficiency   Infinity

Pass 1: speed optimization selection (cost limit 241):
  * Fast-dispatch case at line 704:5                             size   -15, benefit       46.9, efficiency   Infinity (-15 instructions)

Modifications by Initial phase, Case Expression Optimization, iteration 1 (-3 instructions):
 
   115 getlink *tmp25 :n
   116 set :block *tmp25
   117 sensor *tmp27 :block @type
-    * set *tmp28 *tmp27
-    * jump *label31 equal *tmp28 @vault
-    * jump *label31 equal *tmp28 @container
+  118 jump *label31 equal *tmp27 @vault
+  119 jump *label31 equal *tmp27 @container
   120 jump *label30 always
   121 label *label31
   122 set .CONTAINER :block
 
   564 set .LAST_ITEM .ITEM
   565 set :itemTypeToIcon:itemType .ITEM
   566 sensor *tmp155 :itemTypeToIcon:itemType @id
-    * set *tmp156 *tmp155
-    * jump *label110 equal *tmp156 14
+  567 jump *label110 equal *tmp155 14
   568 jump *label109 always
   569 label *label110
   570 set *tmp154 "[]"
   571 jump *label108 always
   572 label *label109
-    * jump *label112 equal *tmp156 5
+  573 jump *label112 equal *tmp155 5
   574 jump *label111 always
   575 label *label112
   576 set *tmp154 "[]"
   577 jump *label108 always
   578 label *label111
-    * jump *label114 equal *tmp156 0
+  579 jump *label114 equal *tmp155 0
   580 jump *label113 always
   581 label *label114
   582 set *tmp154 "[]"
   583 jump *label108 always
   584 label *label113
-    * jump *label116 equal *tmp156 3
+  585 jump *label116 equal *tmp155 3
   586 jump *label115 always
   587 label *label116
   588 set *tmp154 "[]"
   589 jump *label108 always
   590 label *label115
-    * jump *label118 equal *tmp156 1
+  591 jump *label118 equal *tmp155 1
   592 jump *label117 always
   593 label *label118
   594 set *tmp154 "[]"
   595 jump *label108 always
   596 label *label117
-    * jump *label120 equal *tmp156 2
+  597 jump *label120 equal *tmp155 2
   598 jump *label119 always
   599 label *label120
   600 set *tmp154 "[]"
   601 jump *label108 always
   602 label *label119
-    * jump *label122 equal *tmp156 11
+  603 jump *label122 equal *tmp155 11
   604 jump *label121 always
   605 label *label122
   606 set *tmp154 "[]"
   607 jump *label108 always
   608 label *label121
-    * jump *label124 equal *tmp156 10
+  609 jump *label124 equal *tmp155 10
   610 jump *label123 always
   611 label *label124
   612 set *tmp154 "[]"
   613 jump *label108 always
   614 label *label123
-    * jump *label126 equal *tmp156 15
+  615 jump *label126 equal *tmp155 15
   616 jump *label125 always
   617 label *label126
   618 set *tmp154 "[]"
   619 jump *label108 always
   620 label *label125
-    * jump *label128 equal *tmp156 4
+  621 jump *label128 equal *tmp155 4
   622 jump *label127 always
   623 label *label128
   624 set *tmp154 "[]"
   625 jump *label108 always
   626 label *label127
-    * jump *label130 equal *tmp156 8
+  627 jump *label130 equal *tmp155 8
   628 jump *label129 always
   629 label *label130
   630 set *tmp154 "[]"
   631 jump *label108 always
   632 label *label129
-    * jump *label132 equal *tmp156 9
+  633 jump *label132 equal *tmp155 9
   634 jump *label131 always
   635 label *label132
   636 set *tmp154 "[]"
   637 jump *label108 always
   638 label *label131
-    * jump *label134 equal *tmp156 13
+  639 jump *label134 equal *tmp155 13
   640 jump *label133 always
   641 label *label134
   642 set *tmp154 "[]"
   643 jump *label108 always
   644 label *label133
-    * jump *label136 equal *tmp156 12
+  645 jump *label136 equal *tmp155 12
   646 jump *label135 always
   647 label *label136
   648 set *tmp154 "[]"
   649 jump *label108 always
   650 label *label135
-    * jump *label138 equal *tmp156 7
+  651 jump *label138 equal *tmp155 7
   652 jump *label137 always
   653 label *label138
   654 set *tmp154 "[]"
   655 jump *label108 always
   656 label *label137
-    * jump *label140 equal *tmp156 6
+  657 jump *label140 equal *tmp155 6
   658 jump *label139 always
   659 label *label140
   660 set *tmp154 "[]"
 
   857 getlink *tmp237 :findAnotherContainer:n
   858 set :findAnotherContainer:block *tmp237
   859 sensor *tmp239 :findAnotherContainer:block @type
-    * set *tmp240 *tmp239
-    * jump *label173 equal *tmp240 @vault
-    * jump *label173 equal *tmp240 @container
+  860 jump *label173 equal *tmp239 @vault
+  861 jump *label173 equal *tmp239 @container
   862 jump *label172 always
   863 label *label173
   864 op add .CONTAINERS .CONTAINERS 1

Modifications by Initial phase, Dead Code Elimination, iteration 1 (-90 instructions):
 
    79 op lessThan *tmp16 :state 6
    80 op land *tmp17 *tmp15 *tmp16
    81 op add .TARGET .TARGET *tmp17
-    * set *tmp13 .TARGET
    82 jump *label21 always
    83 label *label20
-    * set *tmp13 null
    84 label *label21
    85 ubind UNIT
    86 label *label18
 
   120 set .CONTAINER :block
   121 op add .CONTAINERS .CONTAINERS 1
   122 set .CONTAINER_INDEX :n
-    * set *tmp26 .CONTAINER_INDEX
   123 jump *label29 always
   124 label *label30
-    * set *tmp26 null
   125 label *label29
   126 label *label27
   127 jump *label26 always
 
   130 jump *label32 equal *tmp29 false
   131 print "[salmon]No vault or container."
   132 printflush message1
-    * set *tmp30 null
   133 jump *label33 always
   134 label *label32
   135 jump *label25 always
-    * set *tmp30 null
   136 label *label33
   137 label *label24
   138 jump *label23 always
 
   152 ulocate building core false @copper .CORE_X .CORE_Y *tmp38 *tmp37
   153 set .CORE *tmp37
   154 ucontrol flag .S_UNUSED
-    * set *tmp36 null
   155 jump *label40 always
   156 label *label39
-    * set *tmp36 null
   157 label *label40
   158 label *label37
   159 jump *label36 always
 
   161 set .DISCARD_UNIT_MAX_ITEMS .UNIT_CAPACITY
   162 op equal *tmp39 DROP_TO_AIR false
   163 set .DROP_TO_CORE *tmp39
-    * set *tmp32 .DROP_TO_CORE
   164 jump *label35 always
   165 label *label34
   166 printflush message2
 
   240 label *label59
   241 set *tmp60 null
   242 label *label60
-    * set *tmp49 *tmp60
   243 jump *label53 always
   244 label *label52
-    * set *tmp49 null
   245 label *label53
   246 ucontrol flag .S_UNUSED
   247 label *label42
 
   255 label *label62
   256 set .DISCARD_UNIT_MAX_ITEMS *tmp61
   257 set .DROP_TO_CORE false
-    * set *tmp32 .DROP_TO_CORE
   258 label *label35
   259 set .SORTER sorter1
   260 sensor *tmp62 .SORTER @type
 
   273 jump *label68 equal *tmp65 false
   274 print "Block found: "
   275 print .SORTER
-    * set *tmp66 .SORTER
   276 jump *label69 always
   277 label *label68
-    * set *tmp66 null
   278 label *label69
   279 printflush message1
   280 set .SORTER sorter1
 
   316 set *tmp80 " from vault #"
   317 label *label73
   318 set .DIRECTION *tmp80
-    * set *tmp69 .DIRECTION
   319 jump *label71 always
   320 label *label70
   321 op greaterThan *tmp81 LINK_ID 0
 
   352 set *tmp94 " to vault #"
   353 label *label75
   354 set .DIRECTION *tmp94
-    * set *tmp69 .DIRECTION
   355 label *label71
   356 op equal *tmp95 LINK_ID 0
   357 jump *label76 equal *tmp95 false
 
   436 set :corr_per_min 0
   437 set .SPEED_UNIT_TXT "[])/min"
   438 set .AUTO_ALLOCATION_TXT "\n=== [gold]Gathering statistics[] ==="
-    * set *tmp125 .AUTO_ALLOCATION_TXT
   439 jump *label83 always
   440 label *label82
   441 set .CORR_SIGN "[]"
   442 set :corr_per_min ""
   443 set .SPEED_UNIT_TXT "/min"
   444 set .AUTO_ALLOCATION_TXT ""
-    * set *tmp125 .AUTO_ALLOCATION_TXT
   445 label *label83
   446 label *label84
   447 jump *label86 equal true false
 
   470 set :corr_per_min ""
   471 set .SPEED_UNIT_TXT "/min"
   472 set .WAIT_LIMIT 30000
-    * set *tmp128 .WAIT_LIMIT
   473 jump *label91 always
   474 label *label90
-    * set *tmp128 null
   475 label *label91
   476 sensor *tmp132 switch2 @enabled
   477 jump *label92 equal *tmp132 false
 
   485 set .CORR_SIGN "[]([green]+"
   486 set :corr_per_min 0
   487 set .SPEED_UNIT_TXT "[])/min"
-    * set *tmp136 .SPEED_UNIT_TXT
   488 jump *label95 always
   489 label *label94
   490 set .EFF_AUTO_ALLOCATION false
 
   502 set *tmp140 ""
   503 label *label97
   504 set .AUTO_ALLOCATION_TXT *tmp140
-    * set *tmp136 .AUTO_ALLOCATION_TXT
   505 label *label95
   506 set .WAIT_LIMIT 30000
-    * set *tmp133 .WAIT_LIMIT
   507 jump *label93 always
   508 label *label92
-    * set *tmp133 null
   509 label *label93
   510 sensor *tmp141 :first_unit @dead
   511 op equal *tmp142 *tmp141 0
 
   516 op equal *tmp146 :active 0
   517 jump *label100 equal *tmp146 false
   518 print "\n[salmon]No active units.[]"
-    * set *tmp147 "\n[salmon]No active units.[]"
   519 jump *label101 always
   520 label *label100
-    * set *tmp147 null
   521 label *label101
   522 printflush message2
   523 set .STATE_LIMIT 6
 
   644 set :last_level *tmp157
   645 set :min_level 999999
   646 set :max_level 0
-    * set *tmp150 :max_level
   647 jump *label103 always
   648 label *label102
-    * set *tmp150 null
   649 label *label103
   650 sensor *tmp158 .CONTAINER .ITEM
   651 set :container_items *tmp158
 
   753 op add *tmp206 *tmp205 :total_flow_1
   754 op div *tmp207 *tmp206 3
   755 set :total_flow_per_ms *tmp207
-    * set *tmp204 :total_flow_per_ms
   756 jump *label160 always
   757 label *label159
-    * set *tmp204 null
   758 label *label160
   759 op div *tmp208 :total_flow_per_ms :items_per_ms_unit
   760 op add *tmp209 *tmp208 .INC_OVERALLOCATION
 
   773 op lessThanEq *tmp217 :new_change 0
   774 op mul *tmp218 *tmp217 .DEC_MAX
   775 set .DEC_LIMIT *tmp218
-    * set *tmp203 .DEC_LIMIT
   776 jump *label156 always
   777 label *label155
   778 op idiv *tmp219 :wait_time .WAIT_LIMIT
 
   783 op mul *tmp223 *tmp222 .INC_MAX
   784 set .INC_LIMIT *tmp223
   785 set .DEC_LIMIT .DEC_MAX
-    * set *tmp203 .DEC_LIMIT
   786 label *label156
   787 op add *tmp224 :active :new_change
   788 op max *tmp225 *tmp224 1
   789 set .TARGET *tmp225
-    * set *tmp197 .TARGET
   790 jump *label150 always
   791 label *label149
   792 set .INC_LIMIT 0
   793 set .DEC_LIMIT 0
-    * set *tmp197 .DEC_LIMIT
   794 label *label150
   795 set :min_level 999999
   796 set :max_level 0
-    * set *tmp178 :max_level
   797 jump *label146 always
   798 label *label145
-    * set *tmp178 null
   799 label *label146
   800 op greaterThan *tmp226 .CONTAINERS 1
   801 jump *label161 equal *tmp226 false
 
   838 label *label174
   839 set *tmp243 null
   840 label *label175
-    * set *tmp238 *tmp243
   841 jump *label171 always
   842 label *label172
-    * set *tmp238 null
   843 label *label171
   844 label *label169
   845 jump *label168 always
 
   847 op equal *tmp244 .CONTAINERS 0
   848 jump *label176 equal *tmp244 false
   849 set .CONTAINER @this
-    * set *tmp245 .CONTAINER
   850 jump *label177 always
   851 label *label176
   852 set .DST .CONTAINER
 
   877 set .MESSAGE "[salmon]Container filled up, switching...[]\n"
   878 op add *tmp261 @tick 600
   879 set .MESSAGE_TIMEOUT *tmp261
-    * set *tmp245 .MESSAGE_TIMEOUT
   880 label *label177
   881 set *tmp233 :findAnotherContainer:min_level
   882 jump *label167 always
 
   889 label *label165
   890 set *tmp232 null
   891 label *label166
-    * set *tmp228 *tmp232
   892 jump *label162 always
   893 label *label161
-    * set *tmp228 null
   894 label *label162
   895 set :wait_time 0
   896 set :remote_wait_time 0
 
   902 label *label178
   903 set *tmp263 null
   904 label *label179
-    * set *tmp167 *tmp263
   905 jump *label142 always
   906 label *label141
-    * set *tmp167 null
   907 label *label142
   908 print .MESSAGE
   909 print "Moving [green]"
 
   928 print ")"
   929 print " [gold]+"
   930 print :items_in_transit
-    * set *tmp267 null
   931 jump *label183 always
   932 label *label182
   933 print "\n"
 
   941 print ")"
   942 print " [gold]+"
   943 print :items_in_transit
-    * set *tmp267 null
   944 label *label183
   945 op greaterThan *tmp268 .CHANGE 0
   946 jump *label184 equal *tmp268 false
 
   950 label *label184
   951 set *tmp269 null
   952 label *label185
-    * set *tmp265 *tmp269
   953 jump *label181 always
   954 label *label180
-    * set *tmp265 null
   955 label *label181
   956 print "\n"
   957 print "[]Local items: [gold]"
 
   962 print .LOCAL_MARGIN
   963 print "["
   964 print "])"
-    * set *tmp271 null
   965 jump *label187 always
   966 label *label186
-    * set *tmp271 null
   967 label *label187
   968 jump *label188 equal .SHOW_REMOTE_LEVEL false
   969 sensor *tmp273 .CORE .ITEM
 
   982 label *label190
   983 set *tmp275 null
   984 label *label191
-    * set *tmp272 *tmp275
   985 jump *label189 always
   986 label *label188
-    * set *tmp272 null
   987 label *label189
   988 op greaterThan *tmp276 .TARGET 0
   989 jump *label192 equal *tmp276 false
 
  1007 print :elapsed_str
  1008 print "["
  1009 print "] s"
-    * set *tmp278 null
  1010 jump *label195 always
  1011 label *label194
  1012 print "\n"
 
  1014 print :elapsed_str
  1015 print "["
  1016 print "] s"
-    * set *tmp278 null
  1017 label *label195
  1018 print "\n"
  1019 print "Total wait time: [green]"
  1020 print :wait_time_str
  1021 print "["
  1022 print "] s"
-    * set *tmp277 null
  1023 jump *label193 always
  1024 label *label192
-    * set *tmp277 null
  1025 label *label193
  1026 print "\n"
  1027 print "[lightgray]Loop: "
 
  1039 op notEqual *tmp281 *tmp280 0
  1040 jump *label196 equal *tmp281 false
  1041 jump *label86 always
-    * set *tmp282 null
  1042 jump *label197 always
  1043 label *label196
-    * set *tmp282 null
  1044 label *label197
  1045 sensor *tmp283 .DST @dead
  1046 op notEqual *tmp284 *tmp283 0
  1047 jump *label198 equal *tmp284 false
  1048 jump *label86 always
-    * set *tmp285 null
  1049 jump *label199 always
  1050 label *label198
-    * set *tmp285 null
  1051 label *label199
  1052 sensor *tmp286 .SORTER @dead
  1053 op notEqual *tmp287 *tmp286 0
  1054 jump *label200 equal *tmp287 false
  1055 jump *label86 always
-    * set *tmp288 null
  1056 jump *label201 always
  1057 label *label200
-    * set *tmp288 null
  1058 label *label201
  1059 getlink *tmp289 .CONTAINER_INDEX
  1060 op notEqual *tmp290 .CONTAINER *tmp289
 
  1065 label *label202
  1066 set *tmp291 null
  1067 label *label203
-    * set *tmp145 *tmp291
  1068 jump *label99 always
  1069 label *label98
-    * set *tmp145 null
  1070 label *label99
  1071 op greaterThan *tmp292 .CHANGE 0
  1072 jump *label204 equal *tmp292 false
 
  1080 label *label206
  1081 set *tmp296 null
  1082 label *label207
-    * set *tmp293 *tmp296
  1083 jump *label205 always
  1084 label *label204
-    * set *tmp293 null
  1085 label *label205
  1086 sensor *tmp297 @unit @controller
  1087 op equal *tmp298 *tmp297 @this
 
  1112 label *label214
  1113 set *tmp308 null
  1114 label *label215
-    * set *tmp306 *tmp308
  1115 jump *label213 always
  1116 label *label212
-    * set *tmp306 null
  1117 label *label213
  1118 op equal *tmp312 :state 1
  1119 jump *label218 equal *tmp312 false
 
  1136 ucontrol within .CORE_X .CORE_Y 8 *tmp321
  1137 jump *label226 equal *tmp321 false
  1138 ucontrol itemDrop .CORE .UNIT_CAPACITY
-    * set *tmp322 null
  1139 jump *label227 always
  1140 label *label226
-    * set *tmp322 null
  1141 label *label227
  1142 print "[]"
  1143 print "\n"
 
  1153 label *label223
  1154 set *tmp316 *tmp319
  1155 label *label221
-    * set *tmp313 *tmp316
  1156 jump *label219 always
  1157 label *label218
-    * set *tmp313 null
  1158 label *label219
  1159 op equal *tmp323 :state 2
  1160 jump *label228 equal *tmp323 false
 
  1188 label *label232
  1189 set *tmp326 *tmp327
  1190 label *label231
-    * set *tmp324 *tmp326
  1191 jump *label229 always
  1192 label *label228
-    * set *tmp324 null
  1193 label *label229
  1194 op equal *tmp335 :state 3
  1195 jump *label233 equal *tmp335 false
 
  1199 op greaterThanEq *tmp339 :max_load .LOAD_PACK
  1200 jump *label235 equal *tmp339 false
  1201 ucontrol itemTake .SRC .ITEM :max_load
-    * set *tmp340 null
  1202 jump *label236 always
  1203 label *label235
-    * set *tmp340 null
  1204 label *label236
  1205 sensor *tmp341 @unit @totalItems
  1206 op greaterThanEq *tmp342 *tmp341 .UNIT_CAPACITY
 
  1218 op add :remote_wait_time :remote_wait_time *tmp344
  1219 set *tmp343 :remote_wait_time
  1220 label *label238
-    * set *tmp336 *tmp343
  1221 jump *label234 always
  1222 label *label233
-    * set *tmp336 null
  1223 label *label234
  1224 op equal *tmp345 :state 4
  1225 jump *label239 equal *tmp345 false
 
  1256 label *label243
  1257 set *tmp348 *tmp350
  1258 label *label242
-    * set *tmp346 *tmp348
  1259 jump *label240 always
  1260 label *label239
-    * set *tmp346 null
  1261 label *label240
  1262 op equal *tmp358 :state 5
  1263 jump *label244 equal *tmp358 false
 
  1267 op greaterThanEq *tmp362 :max_drop .DROP_PACK
  1268 jump *label246 equal *tmp362 false
  1269 ucontrol itemDrop .DST :max_drop
-    * set *tmp363 null
  1270 jump *label247 always
  1271 label *label246
-    * set *tmp363 null
  1272 label *label247
  1273 sensor *tmp364 @unit @totalItems
  1274 op lessThanEq *tmp365 *tmp364 0
 
  1308 op add :remote_wait_time :remote_wait_time *tmp375
  1309 set *tmp366 :remote_wait_time
  1310 label *label249
-    * set *tmp359 *tmp366
  1311 jump *label245 always
  1312 label *label244
-    * set *tmp359 null
  1313 label *label245
  1314 sensor *tmp376 @unit @totalItems
  1315 set :items *tmp376
 
  1341 set :items *tmp385
  1342 set *tmp381 :items
  1343 label *label256
-    * set *tmp380 *tmp381
  1344 jump *label254 always
  1345 label *label253
-    * set *tmp380 null
  1346 label *label254
  1347 op lessThanEq *tmp386 :items .PARK_ITEM_LIMIT
  1348 jump *label259 equal *tmp386 false
 
  1353 label *label259
  1354 set *tmp387 null
  1355 label *label260
-    * set *tmp378 *tmp387
  1356 jump *label252 always
  1357 label *label251
  1358 op add :active :active 1
-    * set *tmp378 :active
  1359 label *label252
  1360 print :items
  1361 print .ITEM_ICON
 
  1365 label *label210
  1366 set *tmp302 null
  1367 label *label211
-    * set *tmp299 *tmp302
  1368 jump *label209 always
  1369 label *label208
-    * set *tmp299 null
  1370 label *label209
  1371 label *label85
  1372 jump *label84 always

Modifications by Initial phase, Dead Code Elimination, iteration 2 (-34 instructions):
 
   235 print "is not a vault!"
   236 printflush message2
   237 set .CORE null
-    * set *tmp60 .CORE
   238 jump *label60 always
   239 label *label59
-    * set *tmp60 null
   240 label *label60
   241 jump *label53 always
   242 label *label52
 
   831 set :findAnotherContainer:min_level :findAnotherContainer:level
   832 set .CONTAINER :findAnotherContainer:block
   833 set .CONTAINER_INDEX :findAnotherContainer:n
-    * set *tmp243 .CONTAINER_INDEX
   834 jump *label175 always
   835 label *label174
-    * set *tmp243 null
   836 label *label175
   837 jump *label171 always
   838 label *label172
 
   880 label *label167
   881 set :this_level *tmp233
   882 set :last_level :this_level
-    * set *tmp232 :last_level
   883 jump *label166 always
   884 label *label165
-    * set *tmp232 null
   885 label *label166
   886 jump *label162 always
   887 label *label161
 
   891 op greaterThanEq *tmp262 @tick .MESSAGE_TIMEOUT
   892 jump *label178 equal *tmp262 false
   893 set .MESSAGE ""
-    * set *tmp263 .MESSAGE
   894 jump *label179 always
   895 label *label178
-    * set *tmp263 null
   896 label *label179
   897 jump *label142 always
   898 label *label141
 
   937 op greaterThan *tmp268 .CHANGE 0
   938 jump *label184 equal *tmp268 false
   939 print "\n[][salmon]Cannot acquire additional units![]"
-    * set *tmp269 "\n[][salmon]Cannot acquire additional units![]"
   940 jump *label185 always
   941 label *label184
-    * set *tmp269 null
   942 label *label185
   943 jump *label181 always
   944 label *label180
 
   967 print .REMOTE_MARGIN
   968 print "["
   969 print "])"
-    * set *tmp275 null
   970 jump *label191 always
   971 label *label190
-    * set *tmp275 null
   972 label *label191
   973 jump *label189 always
   974 label *label188
 
  1048 op notEqual *tmp290 .CONTAINER *tmp289
  1049 jump *label202 equal *tmp290 false
  1050 jump *label86 always
-    * set *tmp291 null
  1051 jump *label203 always
  1052 label *label202
-    * set *tmp291 null
  1053 label *label203
  1054 jump *label99 always
  1055 label *label98
 
  1061 jump *label206 equal *tmp295 false
  1062 op sub .CHANGE .CHANGE 1
  1063 ucontrol flag 1
-    * set *tmp296 null
  1064 jump *label207 always
  1065 label *label206
-    * set *tmp296 null
  1066 label *label207
  1067 jump *label205 always
  1068 label *label204
 
  1091 label *label216
  1092 set *tmp311 null
  1093 label *label217
-    * set *tmp308 *tmp311
  1094 jump *label215 always
  1095 label *label214
-    * set *tmp308 null
  1096 label *label215
  1097 jump *label213 always
  1098 label *label212
 
  1103 op equal *tmp315 *tmp314 0
  1104 jump *label220 equal *tmp315 false
  1105 set :state 2
-    * set *tmp316 :state
  1106 jump *label221 always
  1107 label *label220
  1108 sensor *tmp317 @unit @firstItem
 
  1132 label *label225
  1133 set *tmp319 *tmp320
  1134 label *label223
-    * set *tmp316 *tmp319
  1135 label *label221
  1136 jump *label219 always
  1137 label *label218
 
  1142 ucontrol within .SRC_X .SRC_Y 8 *tmp325
  1143 jump *label230 equal *tmp325 false
  1144 set :state 3
-    * set *tmp326 :state
  1145 jump *label231 always
  1146 label *label230
  1147 set :printUnitInfo:name "source"
 
  1165 print " [green]"
  1166 set *tmp327 null
  1167 label *label232
-    * set *tmp326 *tmp327
  1168 label *label231
  1169 jump *label229 always
  1170 label *label228
 
  1184 op greaterThanEq *tmp342 *tmp341 .UNIT_CAPACITY
  1185 jump *label237 equal *tmp342 false
  1186 set :state 4
-    * set *tmp343 :state
  1187 jump *label238 always
  1188 label *label237
  1189 print "[]"
 
  1193 op add :wait_time :wait_time :loop_time_ms
  1194 op mul *tmp344 :loop_time_ms .SRC_REMOTE_WAIT
  1195 op add :remote_wait_time :remote_wait_time *tmp344
-    * set *tmp343 :remote_wait_time
  1196 label *label238
  1197 jump *label234 always
  1198 label *label233
 
  1206 op add :transferred :transferred *tmp349
  1207 op add :transfers :transfers 1
  1208 set :state 5
-    * set *tmp348 :state
  1209 jump *label242 always
  1210 label *label241
  1211 set :printUnitInfo.1:name "destination"
 
  1229 print " [green]"
  1230 set *tmp350 null
  1231 label *label243
-    * set *tmp348 *tmp350
  1232 label *label242
  1233 jump *label240 always
  1234 label *label239
 
  1270 print " [green]"
  1271 set *tmp367 null
  1272 label *label250
-    * set *tmp366 *tmp367
  1273 jump *label249 always
  1274 label *label248
  1275 print "[]"
 
  1279 op add :wait_time :wait_time :loop_time_ms
  1280 op mul *tmp375 :loop_time_ms .DST_REMOTE_WAIT
  1281 op add :remote_wait_time :remote_wait_time *tmp375
-    * set *tmp366 :remote_wait_time
  1282 label *label249
  1283 jump *label245 always
  1284 label *label244
 
  1305 label *label257
  1306 set *tmp383 null
  1307 label *label258
-    * set *tmp381 *tmp383
  1308 jump *label256 always
  1309 label *label255
  1310 ucontrol itemDrop @air .UNIT_CAPACITY
  1311 sensor *tmp385 @unit @totalItems
  1312 set :items *tmp385
-    * set *tmp381 :items
  1313 label *label256
  1314 jump *label254 always
  1315 label *label253
 
  1318 jump *label259 equal *tmp386 false
  1319 ucontrol move .PARK_X .PARK_Y
  1320 set :state .S_UNUSED
-    * set *tmp387 :state
  1321 jump *label260 always
  1322 label *label259
-    * set *tmp387 null
  1323 label *label260
  1324 jump *label252 always
  1325 label *label251
 
  1328 print :items
  1329 print .ITEM_ICON
  1330 ucontrol flag :state
-    * set *tmp302 null
  1331 jump *label211 always
  1332 label *label210
-    * set *tmp302 null
  1333 label *label211
  1334 jump *label209 always
  1335 label *label208

Modifications by Initial phase, Dead Code Elimination, iteration 3 (-9 instructions):
 
  1086 jump *label216 equal *tmp310 false
  1087 op add .CHANGE .CHANGE 1
  1088 set :state 6
-    * set *tmp311 :state
  1089 jump *label217 always
  1090 label *label216
-    * set *tmp311 null
  1091 label *label217
  1092 jump *label215 always
  1093 label *label214
 
  1107 op equal *tmp318 *tmp317 .ITEM
  1108 jump *label222 equal *tmp318 false
  1109 set :state 4
-    * set *tmp319 :state
  1110 jump *label223 always
  1111 label *label222
  1112 jump *label224 equal .DROP_TO_CORE false
 
  1127 set :state 2
  1128 set *tmp320 :state
  1129 label *label225
-    * set *tmp319 *tmp320
  1130 label *label223
  1131 label *label221
  1132 jump *label219 always
 
  1159 print :printUnitInfo:name
  1160 print ":"
  1161 print " [green]"
-    * set *tmp327 null
  1162 label *label232
  1163 label *label231
  1164 jump *label229 always
 
  1222 print :printUnitInfo.1:name
  1223 print ":"
  1224 print " [green]"
-    * set *tmp350 null
  1225 label *label243
  1226 label *label242
  1227 jump *label240 always
 
  1262 print :printUnitInfo.2:name
  1263 print ":"
  1264 print " [green]"
-    * set *tmp367 null
  1265 label *label250
  1266 jump *label249 always
  1267 label *label248
 
  1293 ucontrol itemDrop .CORE .UNIT_CAPACITY
  1294 sensor *tmp384 @unit @totalItems
  1295 set :items *tmp384
-    * set *tmp383 :items
  1296 jump *label258 always
  1297 label *label257
-    * set *tmp383 null
  1298 label *label258
  1299 jump *label256 always
  1300 label *label255

Modifications by Initial phase, Dead Code Elimination, iteration 4 (-2 instructions):
 
  1120 print "[]"
  1121 print "\n"
  1122 print "Unloading previous items: [green]"
-    * set *tmp320 null
  1123 jump *label225 always
  1124 label *label224
  1125 ucontrol itemDrop @air .UNIT_CAPACITY
  1126 set :state 2
-    * set *tmp320 :state
  1127 label *label225
  1128 label *label223
  1129 label *label221

Modifications by Initial phase, Temp Variables Elimination, iteration 1 (-107 instructions):
 
    24 printflush null
    25 label *label13
    26 set .MESSAGE ""
-    * op max *tmp0 LOCAL_LIMIT 20
-    * set .EFF_LOCAL_LIMIT *tmp0
-    * op max *tmp1 REMOTE_LIMIT 20
-    * set .EFF_REMOTE_LIMIT *tmp1
+   27 op max .EFF_LOCAL_LIMIT LOCAL_LIMIT 20
+   28 op max .EFF_REMOTE_LIMIT REMOTE_LIMIT 20
    29 set .EFF_AUTO_ALLOCATION AUTO_ALLOCATION
    30 set .TRIGGER_LEVEL 0.9
-    * op mul *tmp2 -1 HOUSEKEEPING
-    * set .S_UNUSED *tmp2
+   31 op mul .S_UNUSED -1 HOUSEKEEPING
    32 set .STATE_LIMIT null
    33 set .ITEM_ICON .STATE_LIMIT
    34 set .ITEM .ITEM_ICON
 
    37 set .CONTAINER_INDEX .CORE_X
    38 set .LOOPS 1
    39 op mul *tmp3 .LOOPS 1000
-    * op div *tmp4 *tmp3 60
-    * set .LOOPS_TICKS_TO_MS *tmp4
+   40 op div .LOOPS_TICKS_TO_MS *tmp3 60
    41 set .INC_OVERALLOCATION OVERALLOCATION_LOW
-    * op add *tmp5 1 OVERALLOCATION_HIGH
-    * set .DEC_OVERALLOCATION *tmp5
+   42 op add .DEC_OVERALLOCATION 1 OVERALLOCATION_HIGH
    43 set .TRIGGER_BOOST 2
    44 set .INC_MAX 6
    45 set .DEC_MAX -1
 
    58 label *label16
    59 set :first_unit @unit
    60 sensor *tmp7 @unit @speed
-    * op div *tmp8 *tmp7 10
-    * set .SPEED_SEC *tmp8
+   61 op div .SPEED_SEC *tmp7 10
    62 sensor *tmp9 @unit @speed
-    * op div *tmp10 *tmp9 1000
-    * set .SPEED *tmp10
+   63 op div .SPEED *tmp9 1000
    64 set .TARGET 0
    65 label *label17
    66 sensor *tmp11 @unit @controller
    67 op equal *tmp12 *tmp11 @this
    68 jump *label20 equal *tmp12 false
-    * sensor *tmp14 @unit @flag
-    * set :state *tmp14
+   69 sensor :state @unit @flag
    70 op greaterThanEq *tmp15 :state 1
    71 op lessThan *tmp16 :state 6
    72 op land *tmp17 *tmp15 *tmp16
 
    88 set :active .TARGET
    89 set .DEC_LIMIT 0
    90 set .INC_LIMIT 0
-    * sensor *tmp21 @unit @itemCapacity
-    * set .UNIT_CAPACITY *tmp21
+   91 sensor .UNIT_CAPACITY @unit @itemCapacity
    92 set :first_unit null
    93 label *label23
    94 jump *label25 equal true false
    95 set .CONTAINER null
    96 set .CONTAINERS 0
-    * set *tmp22 @links
-    * set :n *tmp22
+   97 set :n @links
    98 label *label26
    99 op greaterThan *tmp23 :n 0
   100 jump *label28 equal *tmp23 false
-    * op sub *tmp24 :n 1
-    * set :n *tmp24
-    * getlink *tmp25 :n
-    * set :block *tmp25
+  101 op sub :n :n 1
+  102 getlink :block :n
   103 sensor *tmp27 :block @type
   104 jump *label31 equal *tmp27 @vault
   105 jump *label31 equal *tmp27 @container
 
   137 sensor *tmp34 @unit @controlled
   138 op equal *tmp35 *tmp34 0
   139 jump *label39 equal *tmp35 false
-    * ulocate building core false @copper .CORE_X .CORE_Y *tmp38 *tmp37
-    * set .CORE *tmp37
+  140 ulocate building core false @copper .CORE_X .CORE_Y *tmp38 .CORE
   141 ucontrol flag .S_UNUSED
   142 jump *label40 always
   143 label *label39
 
   146 jump *label36 always
   147 label *label38
   148 set .DISCARD_UNIT_MAX_ITEMS .UNIT_CAPACITY
-    * op equal *tmp39 DROP_TO_AIR false
-    * set .DROP_TO_CORE *tmp39
+  149 op equal .DROP_TO_CORE DROP_TO_AIR false
   150 jump *label35 always
   151 label *label34
   152 printflush message2
 
   158 label *label41
   159 op equal *tmp40 .CORE null
   160 jump *label43 equal *tmp40 false
-    * op add *tmp41 99999900 LINK_ID
-    * set .QUERY_FLAG *tmp41
+  161 op add .QUERY_FLAG 99999900 LINK_ID
   162 set :flag .QUERY_FLAG
   163 ubind UNIT
   164 label *label44
 
   180 jump *label50 always
   181 label *label50
   182 ucontrol stop
-    * sensor *tmp47 @unit @flag
-    * set :flag *tmp47
+  183 sensor :flag @unit @flag
   184 label *label48
   185 jump *label47 always
   186 label *label49
   187 op notEqual *tmp48 :flag .QUERY_FLAG
   188 jump *label52 equal *tmp48 false
-    * op idiv *tmp50 :flag 100
-    * set :position *tmp50
-    * op mod *tmp51 :position @mapw
-    * set .CORE_X *tmp51
-    * op idiv *tmp52 :position @mapw
-    * set .CORE_Y *tmp52
+  189 op idiv :position :flag 100
+  190 op mod .CORE_X :position @mapw
+  191 op idiv .CORE_Y :position @mapw
   192 label *label54
   193 sensor *tmp53 @unit @dead
   194 op equal *tmp54 *tmp53 0
 
   203 label *label55
   204 jump *label54 always
   205 label *label56
-    * ucontrol getBlock .CORE_X .CORE_Y :b_type *tmp57 *tmp58
-    * set .CORE *tmp57
+  206 ucontrol getBlock .CORE_X .CORE_Y :b_type .CORE *tmp58
   207 op notEqual *tmp59 :b_type @vault
   208 jump *label59 equal *tmp59 false
   209 print "[salmon]Building at "
 
   235 set .DROP_TO_CORE false
   236 label *label35
   237 set .SORTER sorter1
-    * sensor *tmp62 .SORTER @type
-    * set :sorter_type *tmp62
+  238 sensor :sorter_type .SORTER @type
   239 label *label63
   240 op notEqual *tmp63 :sorter_type @sorter
   241 jump *label65 equal *tmp63 false
 
   255 label *label69
   256 printflush message1
   257 set .SORTER sorter1
-    * sensor *tmp67 .SORTER @type
-    * set :sorter_type *tmp67
+  258 sensor :sorter_type .SORTER @type
   259 label *label64
   260 jump *label63 always
   261 label *label65
 
   264 set .SHOW_REMOTE_LEVEL true
   265 set .SRC .CORE
   266 set .DST .CONTAINER
-    * sensor *tmp70 .SRC @itemCapacity
-    * set :src_capacity *tmp70
-    * sensor *tmp71 .DST @itemCapacity
-    * set :dst_capacity *tmp71
+  267 sensor :src_capacity .SRC @itemCapacity
+  268 sensor :dst_capacity .DST @itemCapacity
   269 op sub *tmp72 100 .EFF_REMOTE_LIMIT
   270 op mul *tmp73 :src_capacity *tmp72
-    * op idiv *tmp74 *tmp73 100
-    * set .LOAD_LEVEL *tmp74
+  271 op idiv .LOAD_LEVEL *tmp73 100
   272 op mul *tmp75 :dst_capacity .EFF_LOCAL_LIMIT
-    * op idiv *tmp76 *tmp75 100
-    * set .DROP_LEVEL *tmp76
+  273 op idiv .DROP_LEVEL *tmp75 100
   274 set .LOCAL_MARGIN .DROP_LEVEL
   275 set .REMOTE_MARGIN .LOAD_LEVEL
   276 op sub *tmp77 1 .TRIGGER_LEVEL
-    * op mul *tmp78 :dst_capacity *tmp77
-    * set .LOW_LEVEL_TRIGGER *tmp78
+  277 op mul .LOW_LEVEL_TRIGGER :dst_capacity *tmp77
   278 set .HIGH_LEVEL_TRIGGER :dst_capacity
   279 set .FLOW_CORR_SIGN 1
   280 set .SRC_REMOTE_WAIT 1
 
   289 set .DIRECTION *tmp80
   290 jump *label71 always
   291 label *label70
-    * op greaterThan *tmp81 LINK_ID 0
-    * set .SHOW_REMOTE_LEVEL *tmp81
+  292 op greaterThan .SHOW_REMOTE_LEVEL LINK_ID 0
   293 set .SRC .CONTAINER
   294 set .DST .CORE
-    * sensor *tmp82 .SRC @itemCapacity
-    * set :src_capacity *tmp82
-    * sensor *tmp83 .DST @itemCapacity
-    * set :dst_capacity *tmp83
+  295 sensor :src_capacity .SRC @itemCapacity
+  296 sensor :dst_capacity .DST @itemCapacity
   297 op sub *tmp84 100 .EFF_LOCAL_LIMIT
   298 op mul *tmp85 :src_capacity *tmp84
-    * op idiv *tmp86 *tmp85 100
-    * set .LOAD_LEVEL *tmp86
+  299 op idiv .LOAD_LEVEL *tmp85 100
   300 op mul *tmp87 :dst_capacity .EFF_REMOTE_LIMIT
   301 op idiv *tmp88 *tmp87 100
   302 op equal *tmp89 LINK_ID 0
   303 op mul *tmp90 *tmp89 .UNIT_CAPACITY
-    * op add *tmp91 *tmp88 *tmp90
-    * set .DROP_LEVEL *tmp91
+  304 op add .DROP_LEVEL *tmp88 *tmp90
   305 set .LOCAL_MARGIN .LOAD_LEVEL
   306 set .REMOTE_MARGIN .DROP_LEVEL
-    * op mul *tmp92 :src_capacity .TRIGGER_LEVEL
-    * set .HIGH_LEVEL_TRIGGER *tmp92
+  307 op mul .HIGH_LEVEL_TRIGGER :src_capacity .TRIGGER_LEVEL
   308 set .LOW_LEVEL_TRIGGER 0
   309 set .FLOW_CORR_SIGN -1
   310 set .SRC_REMOTE_WAIT 0
 
   327 label *label77
   328 set .LINK_TXT *tmp96
   329 op sub *tmp97 :src_capacity .LOAD_LEVEL
-    * op min *tmp98 .UNIT_CAPACITY *tmp97
-    * set .LOAD_PACK *tmp98
-    * op min *tmp99 .UNIT_CAPACITY .DROP_LEVEL
-    * set .DROP_PACK *tmp99
-    * sensor *tmp100 .SRC @x
-    * set .SRC_X *tmp100
-    * sensor *tmp101 .SRC @y
-    * set .SRC_Y *tmp101
-    * sensor *tmp102 .DST @x
-    * set .DST_X *tmp102
-    * sensor *tmp103 .DST @y
-    * set .DST_Y *tmp103
+  330 op min .LOAD_PACK .UNIT_CAPACITY *tmp97
+  331 op min .DROP_PACK .UNIT_CAPACITY .DROP_LEVEL
+  332 sensor .SRC_X .SRC @x
+  333 sensor .SRC_Y .SRC @y
+  334 sensor .DST_X .DST @x
+  335 sensor .DST_Y .DST @y
   336 op sub *tmp104 .DST_X .SRC_X
   337 op sub *tmp105 .DST_Y .SRC_Y
   338 op len *tmp106 *tmp104 *tmp105
   339 op sub *tmp107 *tmp106 6
-    * op sub *tmp108 *tmp107 8
-    * set .DISTANCE *tmp108
+  340 op sub .DISTANCE *tmp107 8
   341 op max *tmp109 .DISTANCE 10
   342 op mul *tmp110 2 *tmp109
-    * op div *tmp111 *tmp110 .SPEED
-    * set .TRAVEL_TIME *tmp111
+  343 op div .TRAVEL_TIME *tmp110 .SPEED
   344 sensor *tmp112 .CONTAINER @x
   345 op lessThan *tmp113 *tmp112 .CORE_X
   346 jump *label78 equal *tmp113 false
 
   349 label *label78
   350 set *tmp114 -15
   351 label *label79
-    * op add *tmp115 .CORE_X *tmp114
-    * set .PARK_X *tmp115
+  352 op add .PARK_X .CORE_X *tmp114
   353 sensor *tmp116 .CONTAINER @y
   354 op lessThan *tmp117 *tmp116 .CORE_Y
   355 jump *label80 equal *tmp117 false
 
   358 label *label80
   359 set *tmp118 -15
   360 label *label81
-    * op add *tmp119 .CORE_Y *tmp118
-    * set .PARK_Y *tmp119
+  361 op add .PARK_Y .CORE_Y *tmp118
   362 op equal *tmp120 LINK_ID 0
-    * op mul *tmp121 *tmp120 .UNIT_CAPACITY
-    * set .PARK_ITEM_LIMIT *tmp121
-    * set *tmp122 @tick
-    * set .TRANSFER_START *tmp122
-    * op sub *tmp123 @tick 60
-    * set .LOOP_START *tmp123
+  363 op mul .PARK_ITEM_LIMIT *tmp120 .UNIT_CAPACITY
+  364 set .TRANSFER_START @tick
+  365 op sub .LOOP_START @tick 60
   366 set .LAST_ITEM @mono
-    * op add *tmp124 @tick 600
-    * set .MESSAGE_TIMEOUT *tmp124
+  367 op add .MESSAGE_TIMEOUT @tick 600
   368 set .WAIT_LIMIT 30000
   369 set :items_in_transit 0
   370 set :items_per_min_unit "--"
 
   415 set .EFF_AUTO_ALLOCATION false
   416 set .AUTO_ALLOCATION_TXT ""
   417 op add *tmp130 .TARGET 1
-    * op min *tmp131 *tmp130 MAX_UNITS
-    * set .TARGET *tmp131
+  418 op min .TARGET *tmp130 MAX_UNITS
   419 set .CORR_SIGN "[]"
   420 set :corr_per_min ""
   421 set .SPEED_UNIT_TXT "/min"
 
   439 label *label94
   440 set .EFF_AUTO_ALLOCATION false
   441 op sub *tmp137 .TARGET 1
-    * op max *tmp138 *tmp137 0
-    * set .TARGET *tmp138
+  442 op max .TARGET *tmp137 0
   443 set .CORR_SIGN "[]"
   444 set :corr_per_min ""
   445 set .SPEED_UNIT_TXT "/min"
 
   457 label *label92
   458 label *label93
   459 sensor *tmp141 :first_unit @dead
-    * op equal *tmp142 *tmp141 0
-    * set :alive *tmp142
+  460 op equal :alive *tmp141 0
   461 op equal *tmp143 @unit :first_unit
   462 op lessThanEq *tmp144 :alive *tmp143
   463 jump *label98 equal *tmp144 false
 
   469 label *label101
   470 printflush message2
   471 set .STATE_LIMIT 6
-    * sensor *tmp148 .SORTER @config
-    * set .ITEM *tmp148
+  472 sensor .ITEM .SORTER @config
   473 op notEqual *tmp149 .ITEM .LAST_ITEM
   474 jump *label102 equal *tmp149 false
   475 label *label104
 
   477 jump *label106 equal *tmp151 false
   478 print "[salmon]No item type selected for transport.[]"
   479 printflush message1
-    * sensor *tmp152 .SORTER @config
-    * set .ITEM *tmp152
+  480 sensor .ITEM .SORTER @config
   481 label *label105
   482 jump *label104 always
   483 label *label106
 
   586 label *label107
   587 set .ITEM_ICON *tmp153
   588 set .STATE_LIMIT 1
-    * sensor *tmp157 .CONTAINER .ITEM
-    * set :last_level *tmp157
+  589 sensor :last_level .CONTAINER .ITEM
   590 set :min_level 999999
   591 set :max_level 0
   592 jump *label103 always
   593 label *label102
   594 label *label103
-    * sensor *tmp158 .CONTAINER .ITEM
-    * set :container_items *tmp158
-    * op min *tmp159 :min_level :container_items
-    * set :min_level *tmp159
-    * op max *tmp160 :max_level :container_items
-    * set :max_level *tmp160
-    * op sub *tmp161 @tick .LOOP_START
-    * set :loop_time *tmp161
-    * set *tmp162 @tick
-    * set .LOOP_START *tmp162
+  595 sensor :container_items .CONTAINER .ITEM
+  596 op min :min_level :min_level :container_items
+  597 op max :max_level :max_level :container_items
+  598 op sub :loop_time @tick .LOOP_START
+  599 set .LOOP_START @tick
   600 op mul *tmp163 :loop_time 100
-    * op idiv *tmp164 *tmp163 6
-    * set :loop_time_ms *tmp164
+  601 op idiv :loop_time_ms *tmp163 6
   602 op greaterThanEq *tmp165 :transfers :active
   603 jump *label143 notEqual *tmp165 false
   604 label *label144
 
   608 label *label143
   609 op div *tmp168 :wait_time 100
   610 op ceil *tmp169 *tmp168
-    * op div *tmp170 *tmp169 10
-    * set :wait_time_str *tmp170
-    * op sub *tmp171 @tick .TRANSFER_START
-    * set :elapsed_ticks *tmp171
-    * set *tmp172 @tick
-    * set .TRANSFER_START *tmp172
-    * op div *tmp173 :elapsed_ticks 0.06
-    * set :elapsed_ms *tmp173
+  611 op div :wait_time_str *tmp169 10
+  612 op sub :elapsed_ticks @tick .TRANSFER_START
+  613 set .TRANSFER_START @tick
+  614 op div :elapsed_ms :elapsed_ticks 0.06
   615 op idiv *tmp174 :elapsed_ms 100
-    * op div *tmp175 *tmp174 10
-    * set :elapsed_str *tmp175
-    * op div *tmp176 :transferred :elapsed_ms
-    * set :items_per_ms *tmp176
-    * op idiv *tmp177 :items_per_ms 0.000016666666666666667
-    * set :items_per_min *tmp177
+  616 op div :elapsed_str *tmp174 10
+  617 op div :items_per_ms :transferred :elapsed_ms
+  618 op idiv :items_per_min :items_per_ms 0.000016666666666666667
   619 set :transferred 0
   620 set :transfers 0
   621 jump *label145 equal .EFF_AUTO_ALLOCATION false
   622 set .AUTO_ALLOCATION_TXT "\n=== [gold]Unit auto allocation[] ==="
   623 op mul *tmp179 .LOOPS_TICKS_TO_MS :loop_time
-    * op add *tmp180 .TRAVEL_TIME *tmp179
-    * set :turnaround_ms *tmp180
-    * op mul *tmp181 :turnaround_ms .DEC_OVERALLOCATION
-    * set .WAIT_LIMIT *tmp181
+  624 op add :turnaround_ms .TRAVEL_TIME *tmp179
+  625 op mul .WAIT_LIMIT :turnaround_ms .DEC_OVERALLOCATION
   626 op idiv *tmp182 :turnaround_ms 100
-    * op div *tmp183 *tmp182 10
-    * set :turnaround_str *tmp183
-    * op div *tmp184 .UNIT_CAPACITY :turnaround_ms
-    * set :items_per_ms_unit *tmp184
+  627 op div :turnaround_str *tmp182 10
+  628 op div :items_per_ms_unit .UNIT_CAPACITY :turnaround_ms
   629 op mul *tmp185 :items_per_ms_unit 60000
-    * op floor *tmp186 *tmp185
-    * set :items_per_min_unit *tmp186
+  630 op floor :items_per_min_unit *tmp185
   631 op add *tmp187 :min_level :max_level
-    * op div *tmp188 *tmp187 2
-    * set :this_level *tmp188
+  632 op div :this_level *tmp187 2
   633 op sub *tmp189 :last_level :this_level
-    * op mul *tmp190 *tmp189 .FLOW_CORR_SIGN
-    * set :corr *tmp190
-    * op div *tmp191 :corr :elapsed_ms
-    * set :corr_per_ms *tmp191
+  634 op mul :corr *tmp189 .FLOW_CORR_SIGN
+  635 op div :corr_per_ms :corr :elapsed_ms
   636 set :last_level :this_level
-    * op add *tmp192 :items_per_ms :corr_per_ms
-    * set :total_flow_per_ms *tmp192
+  637 op add :total_flow_per_ms :items_per_ms :corr_per_ms
   638 op mul *tmp193 60000 :corr_per_ms
-    * op floor *tmp194 *tmp193
-    * set :corr_per_min *tmp194
+  639 op floor :corr_per_min *tmp193
   640 op greaterThanEq *tmp195 :corr_per_min 0
   641 jump *label147 equal *tmp195 false
   642 set *tmp196 "[]([green]+"
 
   673 set :total_flow_1 :total_flow_per_ms
   674 op add *tmp205 :total_flow_3 :total_flow_2
   675 op add *tmp206 *tmp205 :total_flow_1
-    * op div *tmp207 *tmp206 3
-    * set :total_flow_per_ms *tmp207
+  676 op div :total_flow_per_ms *tmp206 3
   677 jump *label160 always
   678 label *label159
   679 label *label160
   680 op div *tmp208 :total_flow_per_ms :items_per_ms_unit
   681 op add *tmp209 *tmp208 .INC_OVERALLOCATION
-    * op ceil *tmp210 *tmp209
-    * set :new_target *tmp210
-    * op mul *tmp211 .TRIGGER_BOOST :trigger
-    * set :level_boost *tmp211
+  682 op ceil :new_target *tmp209
+  683 op mul :level_boost .TRIGGER_BOOST :trigger
   684 op add *tmp212 :new_target :level_boost
-    * op min *tmp213 *tmp212 MAX_UNITS
-    * set :new_target *tmp213
+  685 op min :new_target *tmp212 MAX_UNITS
   686 op sub *tmp214 :new_target :active
   687 op max *tmp215 *tmp214 0
-    * op min *tmp216 *tmp215 .INC_LIMIT
-    * set :new_change *tmp216
+  688 op min :new_change *tmp215 .INC_LIMIT
   689 set .INC_LIMIT .INC_MAX
   690 op lessThanEq *tmp217 :new_change 0
-    * op mul *tmp218 *tmp217 .DEC_MAX
-    * set .DEC_LIMIT *tmp218
+  691 op mul .DEC_LIMIT *tmp217 .DEC_MAX
   692 jump *label156 always
   693 label *label155
   694 op idiv *tmp219 :wait_time .WAIT_LIMIT
   695 op mul *tmp220 -1 *tmp219
-    * op max *tmp221 *tmp220 .DEC_LIMIT
-    * set :new_change *tmp221
+  696 op max :new_change *tmp220 .DEC_LIMIT
   697 op greaterThanEq *tmp222 :new_change 0
-    * op mul *tmp223 *tmp222 .INC_MAX
-    * set .INC_LIMIT *tmp223
+  698 op mul .INC_LIMIT *tmp222 .INC_MAX
   699 set .DEC_LIMIT .DEC_MAX
   700 label *label156
   701 op add *tmp224 :active :new_change
-    * op max *tmp225 *tmp224 1
-    * set .TARGET *tmp225
+  702 op max .TARGET *tmp224 1
   703 jump *label150 always
   704 label *label149
   705 set .INC_LIMIT 0
 
   718 jump *label163 always
   719 label *label163
   720 sensor *tmp229 .DST .ITEM
-    * op sub *tmp230 .DROP_LEVEL *tmp229
-    * set :max_drop *tmp230
+  721 op sub :max_drop .DROP_LEVEL *tmp229
   722 op lessThan *tmp231 :max_drop .DROP_PACK
   723 jump *label165 equal *tmp231 false
   724 set :findAnotherContainer:min_level 999999
   725 set .CONTAINERS 0
-    * set *tmp234 @links
-    * set :findAnotherContainer:n *tmp234
+  726 set :findAnotherContainer:n @links
   727 label *label168
   728 op greaterThan *tmp235 :findAnotherContainer:n 0
   729 jump *label170 equal *tmp235 false
-    * op sub *tmp236 :findAnotherContainer:n 1
-    * set :findAnotherContainer:n *tmp236
-    * getlink *tmp237 :findAnotherContainer:n
-    * set :findAnotherContainer:block *tmp237
+  730 op sub :findAnotherContainer:n :findAnotherContainer:n 1
+  731 getlink :findAnotherContainer:block :findAnotherContainer:n
   732 sensor *tmp239 :findAnotherContainer:block @type
   733 jump *label173 equal *tmp239 @vault
   734 jump *label173 equal *tmp239 @container
   735 jump *label172 always
   736 label *label173
   737 op add .CONTAINERS .CONTAINERS 1
-    * sensor *tmp241 :findAnotherContainer:block .ITEM
-    * set :findAnotherContainer:level *tmp241
+  738 sensor :findAnotherContainer:level :findAnotherContainer:block .ITEM
   739 op lessThan *tmp242 :findAnotherContainer:level :findAnotherContainer:min_level
   740 jump *label174 equal *tmp242 false
   741 set :findAnotherContainer:min_level :findAnotherContainer:level
 
   756 jump *label177 always
   757 label *label176
   758 set .DST .CONTAINER
-    * sensor *tmp246 .DST @itemCapacity
-    * set :findAnotherContainer:dst_capacity *tmp246
+  759 sensor :findAnotherContainer:dst_capacity .DST @itemCapacity
   760 op mul *tmp247 :findAnotherContainer:dst_capacity .EFF_LOCAL_LIMIT
-    * op idiv *tmp248 *tmp247 100
-    * set .DROP_LEVEL *tmp248
+  761 op idiv .DROP_LEVEL *tmp247 100
   762 set .LOCAL_MARGIN .DROP_LEVEL
   763 op sub *tmp249 1 .TRIGGER_LEVEL
-    * op mul *tmp250 :findAnotherContainer:dst_capacity *tmp249
-    * set .LOW_LEVEL_TRIGGER *tmp250
+  764 op mul .LOW_LEVEL_TRIGGER :findAnotherContainer:dst_capacity *tmp249
   765 set .HIGH_LEVEL_TRIGGER :findAnotherContainer:dst_capacity
-    * sensor *tmp251 .DST @x
-    * set .DST_X *tmp251
-    * sensor *tmp252 .DST @y
-    * set .DST_Y *tmp252
+  766 sensor .DST_X .DST @x
+  767 sensor .DST_Y .DST @y
   768 op sub *tmp253 .DST_X .SRC_X
   769 op sub *tmp254 .DST_Y .SRC_Y
   770 op len *tmp255 *tmp253 *tmp254
   771 op sub *tmp256 *tmp255 6
-    * op sub *tmp257 *tmp256 8
-    * set .DISTANCE *tmp257
+  772 op sub .DISTANCE *tmp256 8
   773 op max *tmp258 .DISTANCE 10
   774 op mul *tmp259 2 *tmp258
-    * op div *tmp260 *tmp259 .SPEED
-    * set .TRAVEL_TIME *tmp260
+  775 op div .TRAVEL_TIME *tmp259 .SPEED
   776 set .MESSAGE "[salmon]Container filled up, switching...[]\n"
-    * op add *tmp261 @tick 600
-    * set .MESSAGE_TIMEOUT *tmp261
+  777 op add .MESSAGE_TIMEOUT @tick 600
   778 label *label177
   779 set *tmp233 :findAnotherContainer:min_level
   780 jump *label167 always
 
   858 label *label186
   859 label *label187
   860 jump *label188 equal .SHOW_REMOTE_LEVEL false
-    * sensor *tmp273 .CORE .ITEM
-    * set :remote_level *tmp273
+  861 sensor :remote_level .CORE .ITEM
   862 print "\n"
   863 print "[]Remote items: [gold]"
   864 print :remote_level
 
   918 print " "
   919 print "ms"
   920 printflush message1
-    * op sub *tmp279 .TARGET :active
-    * set .CHANGE *tmp279
+  921 op sub .CHANGE .TARGET :active
   922 set :active 0
   923 set :first_unit @unit
   924 set :items_in_transit 0
 
   970 sensor *tmp297 @unit @controller
   971 op equal *tmp298 *tmp297 @this
   972 jump *label208 equal *tmp298 false
-    * sensor *tmp300 @unit @flag
-    * set :state *tmp300
+  973 sensor :state @unit @flag
   974 op notEqual *tmp301 :state .S_UNUSED
   975 jump *label210 equal *tmp301 false
   976 op max *tmp303 :state 1
-    * op min *tmp304 *tmp303 .STATE_LIMIT
-    * set :state *tmp304
+  977 op min :state *tmp303 .STATE_LIMIT
   978 op lessThan *tmp305 .CHANGE 0
   979 jump *label212 equal *tmp305 false
   980 op notEqual *tmp307 :state 6
 
  1063 op equal *tmp335 :state 3
  1064 jump *label233 equal *tmp335 false
  1065 sensor *tmp337 .SRC .ITEM
-    * op sub *tmp338 *tmp337 .LOAD_LEVEL
-    * set :max_load *tmp338
+ 1066 op sub :max_load *tmp337 .LOAD_LEVEL
  1067 op greaterThanEq *tmp339 :max_load .LOAD_PACK
  1068 jump *label235 equal *tmp339 false
  1069 ucontrol itemTake .SRC .ITEM :max_load
 
  1125 op equal *tmp358 :state 5
  1126 jump *label244 equal *tmp358 false
  1127 sensor *tmp360 .DST .ITEM
-    * op sub *tmp361 .DROP_LEVEL *tmp360
-    * set :max_drop *tmp361
+ 1128 op sub :max_drop .DROP_LEVEL *tmp360
  1129 op greaterThanEq *tmp362 :max_drop .DROP_PACK
  1130 jump *label246 equal *tmp362 false
  1131 ucontrol itemDrop .DST :max_drop
 
  1170 jump *label245 always
  1171 label *label244
  1172 label *label245
-    * sensor *tmp376 @unit @totalItems
-    * set :items *tmp376
+ 1173 sensor :items @unit @totalItems
  1174 op add :items_in_transit :items_in_transit :items
  1175 op equal *tmp377 :state 6
  1176 jump *label251 equal *tmp377 false
 
  1184 ucontrol within .CORE_X .CORE_Y 8 *tmp382
  1185 jump *label257 equal *tmp382 false
  1186 ucontrol itemDrop .CORE .UNIT_CAPACITY
-    * sensor *tmp384 @unit @totalItems
-    * set :items *tmp384
+ 1187 sensor :items @unit @totalItems
  1188 jump *label258 always
  1189 label *label257
  1190 label *label258
  1191 jump *label256 always
  1192 label *label255
  1193 ucontrol itemDrop @air .UNIT_CAPACITY
-    * sensor *tmp385 @unit @totalItems
-    * set :items *tmp385
+ 1194 sensor :items @unit @totalItems
  1195 label *label256
  1196 jump *label254 always
  1197 label *label253

Modifications by Iterated phase, Jump Normalization, pass 1, iteration 1 (-2 instructions):
 
    91 sensor .UNIT_CAPACITY @unit @itemCapacity
    92 set :first_unit null
    93 label *label23
-    * jump *label25 equal true false
    94 set .CONTAINER null
    95 set .CONTAINERS 0
    96 set :n @links
 
   394 set .AUTO_ALLOCATION_TXT ""
   395 label *label83
   396 label *label84
-    * jump *label86 equal true false
   397 ubind UNIT
   398 label *label87
   399 op equal *tmp126 @unit null

Modifications by Iterated phase, Jump Straightening, pass 1, iteration 1 (-22 instructions):
 
    81 label *label22
    82 sensor *tmp19 :first_unit @dead
    83 op equal *tmp20 *tmp19 0
-    * jump *label19 equal *tmp20 false
-    * jump *label17 always
+   84 jump *label17 notEqual *tmp20 false
    85 label *label19
    86 set .CHANGE 0
    87 set :active .TARGET
 
   100 getlink :block :n
   101 sensor *tmp27 :block @type
   102 jump *label31 equal *tmp27 @vault
-    * jump *label31 equal *tmp27 @container
-    * jump *label30 always
+  103 jump *label30 notEqual *tmp27 @container
   104 label *label31
   105 set .CONTAINER :block
   106 op add .CONTAINERS .CONTAINERS 1
 
   480 set .LAST_ITEM .ITEM
   481 set :itemTypeToIcon:itemType .ITEM
   482 sensor *tmp155 :itemTypeToIcon:itemType @id
-    * jump *label110 equal *tmp155 14
-    * jump *label109 always
+  483 jump *label109 notEqual *tmp155 14
   484 label *label110
   485 set *tmp154 "[]"
   486 jump *label108 always
   487 label *label109
-    * jump *label112 equal *tmp155 5
-    * jump *label111 always
+  488 jump *label111 notEqual *tmp155 5
   489 label *label112
   490 set *tmp154 "[]"
   491 jump *label108 always
   492 label *label111
-    * jump *label114 equal *tmp155 0
-    * jump *label113 always
+  493 jump *label113 notEqual *tmp155 0
   494 label *label114
   495 set *tmp154 "[]"
   496 jump *label108 always
   497 label *label113
-    * jump *label116 equal *tmp155 3
-    * jump *label115 always
+  498 jump *label115 notEqual *tmp155 3
   499 label *label116
   500 set *tmp154 "[]"
   501 jump *label108 always
   502 label *label115
-    * jump *label118 equal *tmp155 1
-    * jump *label117 always
+  503 jump *label117 notEqual *tmp155 1
   504 label *label118
   505 set *tmp154 "[]"
   506 jump *label108 always
   507 label *label117
-    * jump *label120 equal *tmp155 2
-    * jump *label119 always
+  508 jump *label119 notEqual *tmp155 2
   509 label *label120
   510 set *tmp154 "[]"
   511 jump *label108 always
   512 label *label119
-    * jump *label122 equal *tmp155 11
-    * jump *label121 always
+  513 jump *label121 notEqual *tmp155 11
   514 label *label122
   515 set *tmp154 "[]"
   516 jump *label108 always
   517 label *label121
-    * jump *label124 equal *tmp155 10
-    * jump *label123 always
+  518 jump *label123 notEqual *tmp155 10
   519 label *label124
   520 set *tmp154 "[]"
   521 jump *label108 always
   522 label *label123
-    * jump *label126 equal *tmp155 15
-    * jump *label125 always
+  523 jump *label125 notEqual *tmp155 15
   524 label *label126
   525 set *tmp154 "[]"
   526 jump *label108 always
   527 label *label125
-    * jump *label128 equal *tmp155 4
-    * jump *label127 always
+  528 jump *label127 notEqual *tmp155 4
   529 label *label128
   530 set *tmp154 "[]"
   531 jump *label108 always
   532 label *label127
-    * jump *label130 equal *tmp155 8
-    * jump *label129 always
+  533 jump *label129 notEqual *tmp155 8
   534 label *label130
   535 set *tmp154 "[]"
   536 jump *label108 always
   537 label *label129
-    * jump *label132 equal *tmp155 9
-    * jump *label131 always
+  538 jump *label131 notEqual *tmp155 9
   539 label *label132
   540 set *tmp154 "[]"
   541 jump *label108 always
   542 label *label131
-    * jump *label134 equal *tmp155 13
-    * jump *label133 always
+  543 jump *label133 notEqual *tmp155 13
   544 label *label134
   545 set *tmp154 "[]"
   546 jump *label108 always
   547 label *label133
-    * jump *label136 equal *tmp155 12
-    * jump *label135 always
+  548 jump *label135 notEqual *tmp155 12
   549 label *label136
   550 set *tmp154 "[]"
   551 jump *label108 always
   552 label *label135
-    * jump *label138 equal *tmp155 7
-    * jump *label137 always
+  553 jump *label137 notEqual *tmp155 7
   554 label *label138
   555 set *tmp154 "[]"
   556 jump *label108 always
   557 label *label137
-    * jump *label140 equal *tmp155 6
-    * jump *label139 always
+  558 jump *label139 notEqual *tmp155 6
   559 label *label140
   560 set *tmp154 "[]"
   561 jump *label108 always
 
   583 jump *label143 notEqual *tmp165 false
   584 label *label144
   585 op greaterThan *tmp166 :wait_time .WAIT_LIMIT
-    * jump *label143 notEqual *tmp166 false
-    * jump *label141 always
+  586 jump *label141 equal *tmp166 false
   587 label *label143
   588 op div *tmp168 :wait_time 100
   589 op ceil *tmp169 *tmp168
 
   630 jump *label153 notEqual *tmp198 false
   631 label *label154
   632 op greaterThan *tmp199 :max_level .HIGH_LEVEL_TRIGGER
-    * jump *label153 notEqual *tmp199 false
-    * jump *label151 always
+  633 jump *label151 equal *tmp199 false
   634 label *label153
   635 set *tmp200 true
   636 jump *label152 always
 
   642 jump *label157 notEqual *tmp201 false
   643 label *label158
   644 op greaterThan *tmp202 :trigger :remote_wait_time
-    * jump *label157 notEqual *tmp202 false
-    * jump *label155 always
+  645 jump *label155 equal *tmp202 false
   646 label *label157
   647 jump *label159 equal STABILIZATION false
   648 set :total_flow_3 :total_flow_2
 
   708 getlink :findAnotherContainer:block :findAnotherContainer:n
   709 sensor *tmp239 :findAnotherContainer:block @type
   710 jump *label173 equal *tmp239 @vault
-    * jump *label173 equal *tmp239 @container
-    * jump *label172 always
+  711 jump *label172 notEqual *tmp239 @container
   712 label *label173
   713 op add .CONTAINERS .CONTAINERS 1
   714 sensor :findAnotherContainer:level :findAnotherContainer:block .ITEM

Modifications by Iterated phase, Condition Optimization, pass 1, iteration 1 (-78 instructions):
 
    45 set .DEC_MAX -1
    46 ubind UNIT
    47 label *label14
-    * op equal *tmp6 @unit null
-    * jump *label16 equal *tmp6 false
+   48 jump *label16 notEqual @unit null
    49 print "[salmon]No unit of type "
    50 print UNIT
    51 print " "
 
    63 set .TARGET 0
    64 label *label17
    65 sensor *tmp11 @unit @controller
-    * op equal *tmp12 *tmp11 @this
-    * jump *label20 equal *tmp12 false
+   66 jump *label20 notEqual *tmp11 @this
    67 sensor :state @unit @flag
    68 op greaterThanEq *tmp15 :state 1
    69 op lessThan *tmp16 :state 6
 
    74 label *label21
    75 ubind UNIT
    76 label *label18
-    * op notEqual *tmp18 @unit :first_unit
-    * jump *label19 equal *tmp18 false
+   77 jump *label19 equal @unit :first_unit
    78 label *label22
    79 sensor *tmp19 :first_unit @dead
-    * op equal *tmp20 *tmp19 0
-    * jump *label17 notEqual *tmp20 false
+   80 jump *label17 equal *tmp19 0
    81 label *label19
    82 set .CHANGE 0
    83 set :active .TARGET
 
    90 set .CONTAINERS 0
    91 set :n @links
    92 label *label26
-    * op greaterThan *tmp23 :n 0
-    * jump *label28 equal *tmp23 false
+   93 jump *label28 lessThanEq :n 0
    94 op sub :n :n 1
    95 getlink :block :n
    96 sensor *tmp27 :block @type
 
   106 label *label27
   107 jump *label26 always
   108 label *label28
-    * op equal *tmp29 .CONTAINER null
-    * jump *label32 equal *tmp29 false
+  109 jump *label32 notEqual .CONTAINER null
   110 print "[salmon]No vault or container."
   111 printflush message1
   112 jump *label33 always
 
   117 jump *label23 always
   118 label *label25
   119 set .CORE null
-    * op equal *tmp31 LINK_ID 0
-    * jump *label34 equal *tmp31 false
+  120 jump *label34 notEqual LINK_ID 0
   121 label *label36
-    * op equal *tmp33 .CORE null
-    * jump *label38 equal *tmp33 false
+  122 jump *label38 notEqual .CORE null
   123 print "[green]Locating core..."
   124 printflush message1
   125 ubind UNIT
   126 sensor *tmp34 @unit @controlled
-    * op equal *tmp35 *tmp34 0
-    * jump *label39 equal *tmp35 false
+  127 jump *label39 notEqual *tmp34 0
   128 ulocate building core false @copper .CORE_X .CORE_Y *tmp38 .CORE
   129 ucontrol flag .S_UNUSED
   130 jump *label40 always
 
   144 print ".."
   145 printflush message1
   146 label *label41
-    * op equal *tmp40 .CORE null
-    * jump *label43 equal *tmp40 false
+  147 jump *label43 notEqual .CORE null
   148 op add .QUERY_FLAG 99999900 LINK_ID
   149 set :flag .QUERY_FLAG
   150 ubind UNIT
   151 label *label44
   152 sensor *tmp42 @unit @controlled
-    * op notEqual *tmp43 *tmp42 0
-    * jump *label46 equal *tmp43 false
+  153 jump *label46 equal *tmp42 0
   154 ubind UNIT
   155 label *label45
   156 jump *label44 always
   157 label *label46
   158 ucontrol flag :flag
   159 label *label47
-    * op equal *tmp44 :flag .QUERY_FLAG
-    * jump *label49 equal *tmp44 false
+  160 jump *label49 notEqual :flag .QUERY_FLAG
   161 label *label51
   162 sensor *tmp45 @unit @dead
-    * op equal *tmp46 *tmp45 0
-    * jump *label49 equal *tmp46 false
+  163 jump *label49 notEqual *tmp45 0
   164 jump *label50 always
   165 label *label50
   166 ucontrol stop
 
   168 label *label48
   169 jump *label47 always
   170 label *label49
-    * op notEqual *tmp48 :flag .QUERY_FLAG
-    * jump *label52 equal *tmp48 false
+  171 jump *label52 equal :flag .QUERY_FLAG
   172 op idiv :position :flag 100
   173 op mod .CORE_X :position @mapw
   174 op idiv .CORE_Y :position @mapw
   175 label *label54
   176 sensor *tmp53 @unit @dead
-    * op equal *tmp54 *tmp53 0
-    * jump *label56 equal *tmp54 false
+  177 jump *label56 notEqual *tmp53 0
   178 label *label58
   179 ucontrol within .CORE_X .CORE_Y 8 *tmp55
-    * op equal *tmp56 *tmp55 false
-    * jump *label56 equal *tmp56 false
+  180 jump *label56 notEqual *tmp55 false
   181 jump *label57 always
   182 label *label57
   183 ucontrol approach .CORE_X .CORE_Y 6
 
   185 jump *label54 always
   186 label *label56
   187 ucontrol getBlock .CORE_X .CORE_Y :b_type .CORE *tmp58
-    * op notEqual *tmp59 :b_type @vault
-    * jump *label59 equal *tmp59 false
+  188 jump *label59 equal :b_type @vault
   189 print "[salmon]Building at "
   190 print .CORE_X
   191 print ","
 
   217 set .SORTER sorter1
   218 sensor :sorter_type .SORTER @type
   219 label *label63
-    * op notEqual *tmp63 :sorter_type @sorter
-    * jump *label65 equal *tmp63 false
+  220 jump *label65 equal :sorter_type @sorter
   221 label *label67
-    * op notEqual *tmp64 :sorter_type @inverted-sorter
-    * jump *label65 equal *tmp64 false
+  222 jump *label65 equal :sorter_type @inverted-sorter
   223 jump *label66 always
   224 label *label66
   225 print "[salmon]Block sorter1 is neither a sorter, nor an inverted sorter."
   226 print "\n"
-    * op notEqual *tmp65 .SORTER null
-    * jump *label68 equal *tmp65 false
+  227 jump *label68 equal .SORTER null
   228 print "Block found: "
   229 print .SORTER
   230 jump *label69 always
 
   236 label *label64
   237 jump *label63 always
   238 label *label65
-    * op equal *tmp68 :sorter_type @sorter
-    * jump *label70 equal *tmp68 false
+  239 jump *label70 notEqual :sorter_type @sorter
   240 set .SHOW_REMOTE_LEVEL true
   241 set .SRC .CORE
   242 set .DST .CONTAINER
 
   255 set .FLOW_CORR_SIGN 1
   256 set .SRC_REMOTE_WAIT 1
   257 set .DST_REMOTE_WAIT 0
-    * op equal *tmp79 LINK_ID 0
-    * jump *label72 equal *tmp79 false
+  258 jump *label72 notEqual LINK_ID 0
   259 set *tmp80 " from core"
   260 jump *label73 always
   261 label *label72
 
   284 set .FLOW_CORR_SIGN -1
   285 set .SRC_REMOTE_WAIT 0
   286 set .DST_REMOTE_WAIT 1
-    * op equal *tmp93 LINK_ID 0
-    * jump *label74 equal *tmp93 false
+  287 jump *label74 notEqual LINK_ID 0
   288 set *tmp94 " to core"
   289 jump *label75 always
   290 label *label74
 
   292 label *label75
   293 set .DIRECTION *tmp94
   294 label *label71
-    * op equal *tmp95 LINK_ID 0
-    * jump *label76 equal *tmp95 false
+  295 jump *label76 notEqual LINK_ID 0
   296 set *tmp96 ""
   297 jump *label77 always
   298 label *label76
 
   315 op mul *tmp110 2 *tmp109
   316 op div .TRAVEL_TIME *tmp110 .SPEED
   317 sensor *tmp112 .CONTAINER @x
-    * op lessThan *tmp113 *tmp112 .CORE_X
-    * jump *label78 equal *tmp113 false
+  318 jump *label78 greaterThanEq *tmp112 .CORE_X
   319 set *tmp114 15
   320 jump *label79 always
   321 label *label78
 
   323 label *label79
   324 op add .PARK_X .CORE_X *tmp114
   325 sensor *tmp116 .CONTAINER @y
-    * op lessThan *tmp117 *tmp116 .CORE_Y
-    * jump *label80 equal *tmp117 false
+  326 jump *label80 greaterThanEq *tmp116 .CORE_Y
   327 set *tmp118 15
   328 jump *label81 always
   329 label *label80
 
   368 label *label84
   369 ubind UNIT
   370 label *label87
-    * op equal *tmp126 @unit null
-    * jump *label89 equal *tmp126 false
+  371 jump *label89 notEqual @unit null
   372 print "No unit of type "
   373 print UNIT
   374 print " "
 
   395 sensor *tmp132 switch2 @enabled
   396 jump *label92 equal *tmp132 false
   397 control enabled switch2 false
-    * op lessThan *tmp135 .TARGET 1
-    * jump *label94 equal *tmp135 false
+  398 jump *label94 greaterThanEq .TARGET 1
   399 set .EFF_AUTO_ALLOCATION true
   400 set .TARGET 1
   401 set .DEC_LIMIT 0
 
   411 set .CORR_SIGN "[]"
   412 set :corr_per_min ""
   413 set .SPEED_UNIT_TXT "/min"
-    * op equal *tmp139 .TARGET 0
-    * jump *label96 equal *tmp139 false
+  414 jump *label96 notEqual .TARGET 0
   415 set *tmp140 "\n=== [salmon]Transport deactivated[] ==="
   416 jump *label97 always
   417 label *label96
 
   426 sensor *tmp141 :first_unit @dead
   427 op equal :alive *tmp141 0
   428 op equal *tmp143 @unit :first_unit
-    * op lessThanEq *tmp144 :alive *tmp143
-    * jump *label98 equal *tmp144 false
-    * op equal *tmp146 :active 0
-    * jump *label100 equal *tmp146 false
+  429 jump *label98 greaterThan :alive *tmp143
+  430 jump *label100 notEqual :active 0
   431 print "\n[salmon]No active units.[]"
   432 jump *label101 always
   433 label *label100
 
   435 printflush message2
   436 set .STATE_LIMIT 6
   437 sensor .ITEM .SORTER @config
-    * op notEqual *tmp149 .ITEM .LAST_ITEM
-    * jump *label102 equal *tmp149 false
+  438 jump *label102 equal .ITEM .LAST_ITEM
   439 label *label104
-    * op equal *tmp151 .ITEM null
-    * jump *label106 equal *tmp151 false
+  440 jump *label106 notEqual .ITEM null
   441 print "[salmon]No item type selected for transport.[]"
   442 printflush message1
   443 sensor .ITEM .SORTER @config
 
   546 set .LOOP_START @tick
   547 op mul *tmp163 :loop_time 100
   548 op idiv :loop_time_ms *tmp163 6
-    * op greaterThanEq *tmp165 :transfers :active
-    * jump *label143 notEqual *tmp165 false
+  549 jump *label143 greaterThanEq :transfers :active
   550 label *label144
-    * op greaterThan *tmp166 :wait_time .WAIT_LIMIT
-    * jump *label141 equal *tmp166 false
+  551 jump *label141 lessThanEq :wait_time .WAIT_LIMIT
   552 label *label143
   553 op div *tmp168 :wait_time 100
   554 op ceil *tmp169 *tmp168
 
   581 op add :total_flow_per_ms :items_per_ms :corr_per_ms
   582 op mul *tmp193 60000 :corr_per_ms
   583 op floor :corr_per_min *tmp193
-    * op greaterThanEq *tmp195 :corr_per_min 0
-    * jump *label147 equal *tmp195 false
+  584 jump *label147 lessThan :corr_per_min 0
   585 set *tmp196 "[]([green]+"
   586 jump *label148 always
   587 label *label147
 
   590 set .CORR_SIGN *tmp196
   591 set .SPEED_UNIT_TXT "[])/min"
   592 jump *label149 equal :alive false
-    * op lessThan *tmp198 :min_level .LOW_LEVEL_TRIGGER
-    * jump *label153 notEqual *tmp198 false
+  593 jump *label153 lessThan :min_level .LOW_LEVEL_TRIGGER
   594 label *label154
-    * op greaterThan *tmp199 :max_level .HIGH_LEVEL_TRIGGER
-    * jump *label151 equal *tmp199 false
+  595 jump *label151 lessThanEq :max_level .HIGH_LEVEL_TRIGGER
   596 label *label153
   597 set *tmp200 true
   598 jump *label152 always
 
   600 set *tmp200 false
   601 label *label152
   602 set :trigger *tmp200
-    * op equal *tmp201 :wait_time 0
-    * jump *label157 notEqual *tmp201 false
+  603 jump *label157 equal :wait_time 0
   604 label *label158
-    * op greaterThan *tmp202 :trigger :remote_wait_time
-    * jump *label155 equal *tmp202 false
+  605 jump *label155 lessThanEq :trigger :remote_wait_time
   606 label *label157
   607 jump *label159 equal STABILIZATION false
   608 set :total_flow_3 :total_flow_2
 
   647 jump *label146 always
   648 label *label145
   649 label *label146
-    * op greaterThan *tmp226 .CONTAINERS 1
-    * jump *label161 equal *tmp226 false
+  650 jump *label161 lessThanEq .CONTAINERS 1
   651 label *label164
-    * op equal *tmp227 .SRC .CORE
-    * jump *label161 equal *tmp227 false
+  652 jump *label161 notEqual .SRC .CORE
   653 jump *label163 always
   654 label *label163
   655 sensor *tmp229 .DST .ITEM
   656 op sub :max_drop .DROP_LEVEL *tmp229
-    * op lessThan *tmp231 :max_drop .DROP_PACK
-    * jump *label165 equal *tmp231 false
+  657 jump *label165 greaterThanEq :max_drop .DROP_PACK
   658 set :findAnotherContainer:min_level 999999
   659 set .CONTAINERS 0
   660 set :findAnotherContainer:n @links
   661 label *label168
-    * op greaterThan *tmp235 :findAnotherContainer:n 0
-    * jump *label170 equal *tmp235 false
+  662 jump *label170 lessThanEq :findAnotherContainer:n 0
   663 op sub :findAnotherContainer:n :findAnotherContainer:n 1
   664 getlink :findAnotherContainer:block :findAnotherContainer:n
   665 sensor *tmp239 :findAnotherContainer:block @type
 
   668 label *label173
   669 op add .CONTAINERS .CONTAINERS 1
   670 sensor :findAnotherContainer:level :findAnotherContainer:block .ITEM
-    * op lessThan *tmp242 :findAnotherContainer:level :findAnotherContainer:min_level
-    * jump *label174 equal *tmp242 false
+  671 jump *label174 greaterThanEq :findAnotherContainer:level :findAnotherContainer:min_level
   672 set :findAnotherContainer:min_level :findAnotherContainer:level
   673 set .CONTAINER :findAnotherContainer:block
   674 set .CONTAINER_INDEX :findAnotherContainer:n
 
   681 label *label169
   682 jump *label168 always
   683 label *label170
-    * op equal *tmp244 .CONTAINERS 0
-    * jump *label176 equal *tmp244 false
+  684 jump *label176 notEqual .CONTAINERS 0
   685 set .CONTAINER @this
   686 jump *label177 always
   687 label *label176
 
   720 label *label162
   721 set :wait_time 0
   722 set :remote_wait_time 0
-    * op greaterThanEq *tmp262 @tick .MESSAGE_TIMEOUT
-    * jump *label178 equal *tmp262 false
+  723 jump *label178 lessThan @tick .MESSAGE_TIMEOUT
   724 set .MESSAGE ""
   725 jump *label179 always
   726 label *label178
 
   736 print .DIRECTION
   737 print .LINK_TXT
   738 print .AUTO_ALLOCATION_TXT
-    * op greaterThan *tmp264 .TARGET 0
-    * jump *label180 equal *tmp264 false
-    * op greaterThanEq *tmp266 :active .TARGET
-    * jump *label182 equal *tmp266 false
+  739 jump *label180 lessThanEq .TARGET 0
+  740 jump *label182 lessThan :active .TARGET
   741 print "\n"
   742 print "Using [green]"
   743 print :active
 
   763 print " [gold]+"
   764 print :items_in_transit
   765 label *label183
-    * op greaterThan *tmp268 .CHANGE 0
-    * jump *label184 equal *tmp268 false
+  766 jump *label184 lessThanEq .CHANGE 0
   767 print "\n[][salmon]Cannot acquire additional units![]"
   768 jump *label185 always
   769 label *label184
 
   774 print "\n"
   775 print "[]Local items: [gold]"
   776 print :container_items
-    * op lessThan *tmp270 .EFF_LOCAL_LIMIT 100
-    * jump *label186 equal *tmp270 false
+  777 jump *label186 greaterThanEq .EFF_LOCAL_LIMIT 100
   778 print "[] (limit [orange]"
   779 print .LOCAL_MARGIN
   780 print "["
 
   787 print "\n"
   788 print "[]Remote items: [gold]"
   789 print :remote_level
-    * op lessThan *tmp274 .EFF_REMOTE_LIMIT 100
-    * jump *label190 equal *tmp274 false
+  790 jump *label190 greaterThanEq .EFF_REMOTE_LIMIT 100
   791 print "[] (limit [orange]"
   792 print .REMOTE_MARGIN
   793 print "["
 
   798 jump *label189 always
   799 label *label188
   800 label *label189
-    * op greaterThan *tmp276 .TARGET 0
-    * jump *label192 equal *tmp276 false
+  801 jump *label192 lessThanEq .TARGET 0
   802 print "\n"
   803 print "[]Speed: [green]"
   804 print :items_per_min
 
   847 set :items_in_transit 0
   848 print "Unit status:"
   849 sensor *tmp280 .SRC @dead
-    * op notEqual *tmp281 *tmp280 0
-    * jump *label196 equal *tmp281 false
+  850 jump *label196 equal *tmp280 0
   851 jump *label86 always
   852 jump *label197 always
   853 label *label196
   854 label *label197
   855 sensor *tmp283 .DST @dead
-    * op notEqual *tmp284 *tmp283 0
-    * jump *label198 equal *tmp284 false
+  856 jump *label198 equal *tmp283 0
   857 jump *label86 always
   858 jump *label199 always
   859 label *label198
   860 label *label199
   861 sensor *tmp286 .SORTER @dead
-    * op notEqual *tmp287 *tmp286 0
-    * jump *label200 equal *tmp287 false
+  862 jump *label200 equal *tmp286 0
   863 jump *label86 always
   864 jump *label201 always
   865 label *label200
   866 label *label201
   867 getlink *tmp289 .CONTAINER_INDEX
-    * op notEqual *tmp290 .CONTAINER *tmp289
-    * jump *label202 equal *tmp290 false
+  868 jump *label202 equal .CONTAINER *tmp289
   869 jump *label86 always
   870 jump *label203 always
   871 label *label202
 
   873 jump *label99 always
   874 label *label98
   875 label *label99
-    * op greaterThan *tmp292 .CHANGE 0
-    * jump *label204 equal *tmp292 false
+  876 jump *label204 lessThanEq .CHANGE 0
   877 sensor *tmp294 @unit @controlled
-    * op equal *tmp295 *tmp294 0
-    * jump *label206 equal *tmp295 false
+  878 jump *label206 notEqual *tmp294 0
   879 op sub .CHANGE .CHANGE 1
   880 ucontrol flag 1
   881 jump *label207 always
 
   885 label *label204
   886 label *label205
   887 sensor *tmp297 @unit @controller
-    * op equal *tmp298 *tmp297 @this
-    * jump *label208 equal *tmp298 false
+  888 jump *label208 notEqual *tmp297 @this
   889 sensor :state @unit @flag
-    * op notEqual *tmp301 :state .S_UNUSED
-    * jump *label210 equal *tmp301 false
+  890 jump *label210 equal :state .S_UNUSED
   891 op max *tmp303 :state 1
   892 op min :state *tmp303 .STATE_LIMIT
-    * op lessThan *tmp305 .CHANGE 0
-    * jump *label212 equal *tmp305 false
-    * op notEqual *tmp307 :state 6
-    * jump *label214 equal *tmp307 false
+  893 jump *label212 greaterThanEq .CHANGE 0
+  894 jump *label214 equal :state 6
   895 sensor *tmp309 @unit @totalItems
-    * op lessThanEq *tmp310 *tmp309 .DISCARD_UNIT_MAX_ITEMS
-    * jump *label216 equal *tmp310 false
+  896 jump *label216 greaterThan *tmp309 .DISCARD_UNIT_MAX_ITEMS
   897 op add .CHANGE .CHANGE 1
   898 set :state 6
   899 jump *label217 always
 
   905 jump *label213 always
   906 label *label212
   907 label *label213
-    * op equal *tmp312 :state 1
-    * jump *label218 equal *tmp312 false
+  908 jump *label218 notEqual :state 1
   909 sensor *tmp314 @unit @totalItems
-    * op equal *tmp315 *tmp314 0
-    * jump *label220 equal *tmp315 false
+  910 jump *label220 notEqual *tmp314 0
   911 set :state 2
   912 jump *label221 always
   913 label *label220
   914 sensor *tmp317 @unit @firstItem
-    * op equal *tmp318 *tmp317 .ITEM
-    * jump *label222 equal *tmp318 false
+  915 jump *label222 notEqual *tmp317 .ITEM
   916 set :state 4
   917 jump *label223 always
   918 label *label222
 
   937 jump *label219 always
   938 label *label218
   939 label *label219
-    * op equal *tmp323 :state 2
-    * jump *label228 equal *tmp323 false
+  940 jump *label228 notEqual :state 2
   941 ucontrol approach .SRC_X .SRC_Y 6
   942 ucontrol within .SRC_X .SRC_Y 8 *tmp325
   943 jump *label230 equal *tmp325 false
 
   968 jump *label229 always
   969 label *label228
   970 label *label229
-    * op equal *tmp335 :state 3
-    * jump *label233 equal *tmp335 false
+  971 jump *label233 notEqual :state 3
   972 sensor *tmp337 .SRC .ITEM
   973 op sub :max_load *tmp337 .LOAD_LEVEL
-    * op greaterThanEq *tmp339 :max_load .LOAD_PACK
-    * jump *label235 equal *tmp339 false
+  974 jump *label235 lessThan :max_load .LOAD_PACK
   975 ucontrol itemTake .SRC .ITEM :max_load
   976 jump *label236 always
   977 label *label235
   978 label *label236
   979 sensor *tmp341 @unit @totalItems
-    * op greaterThanEq *tmp342 *tmp341 .UNIT_CAPACITY
-    * jump *label237 equal *tmp342 false
+  980 jump *label237 lessThan *tmp341 .UNIT_CAPACITY
   981 set :state 4
   982 jump *label238 always
   983 label *label237
 
   992 jump *label234 always
   993 label *label233
   994 label *label234
-    * op equal *tmp345 :state 4
-    * jump *label239 equal *tmp345 false
+  995 jump *label239 notEqual :state 4
   996 ucontrol approach .DST_X .DST_Y 6
   997 ucontrol within .DST_X .DST_Y 8 *tmp347
   998 jump *label241 equal *tmp347 false
 
  1026 jump *label240 always
  1027 label *label239
  1028 label *label240
-    * op equal *tmp358 :state 5
-    * jump *label244 equal *tmp358 false
+ 1029 jump *label244 notEqual :state 5
  1030 sensor *tmp360 .DST .ITEM
  1031 op sub :max_drop .DROP_LEVEL *tmp360
-    * op greaterThanEq *tmp362 :max_drop .DROP_PACK
-    * jump *label246 equal *tmp362 false
+ 1032 jump *label246 lessThan :max_drop .DROP_PACK
  1033 ucontrol itemDrop .DST :max_drop
  1034 jump *label247 always
  1035 label *label246
  1036 label *label247
  1037 sensor *tmp364 @unit @totalItems
-    * op lessThanEq *tmp365 *tmp364 0
-    * jump *label248 equal *tmp365 false
+ 1038 jump *label248 greaterThan *tmp364 0
  1039 set :state 2
  1040 ucontrol approach .SRC_X .SRC_Y 6
  1041 set :printUnitInfo.2:name "source"
 
  1073 label *label245
  1074 sensor :items @unit @totalItems
  1075 op add :items_in_transit :items_in_transit :items
-    * op equal *tmp377 :state 6
-    * jump *label251 equal *tmp377 false
+ 1076 jump *label251 notEqual :state 6
  1077 print "[]"
  1078 print "\n"
  1079 print "Parking: [green]"
-    * op greaterThan *tmp379 :items 0
-    * jump *label253 equal *tmp379 false
+ 1080 jump *label253 lessThanEq :items 0
  1081 jump *label255 equal .DROP_TO_CORE false
  1082 ucontrol approach .CORE_X .CORE_Y 6
  1083 ucontrol within .CORE_X .CORE_Y 8 *tmp382
 
  1095 jump *label254 always
  1096 label *label253
  1097 label *label254
-    * op lessThanEq *tmp386 :items .PARK_ITEM_LIMIT
-    * jump *label259 equal *tmp386 false
+ 1098 jump *label259 greaterThan :items .PARK_ITEM_LIMIT
  1099 ucontrol move .PARK_X .PARK_Y
  1100 set :state .S_UNUSED
  1101 jump *label260 always

Modifications by Iterated phase, Single Step Elimination, pass 1, iteration 1 (-51 instructions):
 
    69 op lessThan *tmp16 :state 6
    70 op land *tmp17 *tmp15 *tmp16
    71 op add .TARGET .TARGET *tmp17
-    * jump *label21 always
    72 label *label20
    73 label *label21
    74 ubind UNIT
 
    99 set .CONTAINER :block
   100 op add .CONTAINERS .CONTAINERS 1
   101 set .CONTAINER_INDEX :n
-    * jump *label29 always
   102 label *label30
   103 label *label29
   104 label *label27
 
   125 jump *label39 notEqual *tmp34 0
   126 ulocate building core false @copper .CORE_X .CORE_Y *tmp38 .CORE
   127 ucontrol flag .S_UNUSED
-    * jump *label40 always
   128 label *label39
   129 label *label40
   130 label *label37
 
   158 label *label51
   159 sensor *tmp45 @unit @dead
   160 jump *label49 notEqual *tmp45 0
-    * jump *label50 always
   161 label *label50
   162 ucontrol stop
   163 sensor :flag @unit @flag
 
   174 label *label58
   175 ucontrol within .CORE_X .CORE_Y 8 *tmp55
   176 jump *label56 notEqual *tmp55 false
-    * jump *label57 always
   177 label *label57
   178 ucontrol approach .CORE_X .CORE_Y 6
   179 label *label55
 
   190 print "is not a vault!"
   191 printflush message2
   192 set .CORE null
-    * jump *label60 always
   193 label *label59
   194 label *label60
-    * jump *label53 always
   195 label *label52
   196 label *label53
   197 ucontrol flag .S_UNUSED
 
   213 jump *label65 equal :sorter_type @sorter
   214 label *label67
   215 jump *label65 equal :sorter_type @inverted-sorter
-    * jump *label66 always
   216 label *label66
   217 print "[salmon]Block sorter1 is neither a sorter, nor an inverted sorter."
   218 print "\n"
   219 jump *label68 equal .SORTER null
   220 print "Block found: "
   221 print .SORTER
-    * jump *label69 always
   222 label *label68
   223 label *label69
   224 printflush message1
 
   380 set :corr_per_min ""
   381 set .SPEED_UNIT_TXT "/min"
   382 set .WAIT_LIMIT 30000
-    * jump *label91 always
   383 label *label90
   384 label *label91
   385 sensor *tmp132 switch2 @enabled
 
   410 set .AUTO_ALLOCATION_TXT *tmp140
   411 label *label95
   412 set .WAIT_LIMIT 30000
-    * jump *label93 always
   413 label *label92
   414 label *label93
   415 sensor *tmp141 :first_unit @dead
 
   418 jump *label98 greaterThan :alive *tmp143
   419 jump *label100 notEqual :active 0
   420 print "\n[salmon]No active units.[]"
-    * jump *label101 always
   421 label *label100
   422 label *label101
   423 printflush message2
 
   524 sensor :last_level .CONTAINER .ITEM
   525 set :min_level 999999
   526 set :max_level 0
-    * jump *label103 always
   527 label *label102
   528 label *label103
   529 sensor :container_items .CONTAINER .ITEM
 
   598 op add *tmp205 :total_flow_3 :total_flow_2
   599 op add *tmp206 *tmp205 :total_flow_1
   600 op div :total_flow_per_ms *tmp206 3
-    * jump *label160 always
   601 label *label159
   602 label *label160
   603 op div *tmp208 :total_flow_per_ms :items_per_ms_unit
 
   630 label *label150
   631 set :min_level 999999
   632 set :max_level 0
-    * jump *label146 always
   633 label *label145
   634 label *label146
   635 jump *label161 lessThanEq .CONTAINERS 1
   636 label *label164
   637 jump *label161 notEqual .SRC .CORE
-    * jump *label163 always
   638 label *label163
   639 sensor *tmp229 .DST .ITEM
   640 op sub :max_drop .DROP_LEVEL *tmp229
 
   656 set :findAnotherContainer:min_level :findAnotherContainer:level
   657 set .CONTAINER :findAnotherContainer:block
   658 set .CONTAINER_INDEX :findAnotherContainer:n
-    * jump *label175 always
   659 label *label174
   660 label *label175
-    * jump *label171 always
   661 label *label172
   662 label *label171
   663 label *label169
 
   694 label *label167
   695 set :this_level *tmp233
   696 set :last_level :this_level
-    * jump *label166 always
   697 label *label165
   698 label *label166
-    * jump *label162 always
   699 label *label161
   700 label *label162
   701 set :wait_time 0
   702 set :remote_wait_time 0
   703 jump *label178 lessThan @tick .MESSAGE_TIMEOUT
   704 set .MESSAGE ""
-    * jump *label179 always
   705 label *label178
   706 label *label179
-    * jump *label142 always
   707 label *label141
   708 label *label142
   709 print .MESSAGE
 
   743 label *label183
   744 jump *label184 lessThanEq .CHANGE 0
   745 print "\n[][salmon]Cannot acquire additional units![]"
-    * jump *label185 always
   746 label *label184
   747 label *label185
-    * jump *label181 always
   748 label *label180
   749 label *label181
   750 print "\n"
 
   755 print .LOCAL_MARGIN
   756 print "["
   757 print "])"
-    * jump *label187 always
   758 label *label186
   759 label *label187
   760 jump *label188 equal .SHOW_REMOTE_LEVEL false
 
   767 print .REMOTE_MARGIN
   768 print "["
   769 print "])"
-    * jump *label191 always
   770 label *label190
   771 label *label191
-    * jump *label189 always
   772 label *label188
   773 label *label189
   774 jump *label192 lessThanEq .TARGET 0
 
   805 print :wait_time_str
   806 print "["
   807 print "] s"
-    * jump *label193 always
   808 label *label192
   809 label *label193
   810 print "\n"
 
   821 sensor *tmp280 .SRC @dead
   822 jump *label196 equal *tmp280 0
   823 jump *label86 always
-    * jump *label197 always
   824 label *label196
   825 label *label197
   826 sensor *tmp283 .DST @dead
   827 jump *label198 equal *tmp283 0
   828 jump *label86 always
-    * jump *label199 always
   829 label *label198
   830 label *label199
   831 sensor *tmp286 .SORTER @dead
   832 jump *label200 equal *tmp286 0
   833 jump *label86 always
-    * jump *label201 always
   834 label *label200
   835 label *label201
   836 getlink *tmp289 .CONTAINER_INDEX
   837 jump *label202 equal .CONTAINER *tmp289
   838 jump *label86 always
-    * jump *label203 always
   839 label *label202
   840 label *label203
-    * jump *label99 always
   841 label *label98
   842 label *label99
   843 jump *label204 lessThanEq .CHANGE 0
 
   845 jump *label206 notEqual *tmp294 0
   846 op sub .CHANGE .CHANGE 1
   847 ucontrol flag 1
-    * jump *label207 always
   848 label *label206
   849 label *label207
-    * jump *label205 always
   850 label *label204
   851 label *label205
   852 sensor *tmp297 @unit @controller
 
   861 jump *label216 greaterThan *tmp309 .DISCARD_UNIT_MAX_ITEMS
   862 op add .CHANGE .CHANGE 1
   863 set :state 6
-    * jump *label217 always
   864 label *label216
   865 label *label217
-    * jump *label215 always
   866 label *label214
   867 label *label215
-    * jump *label213 always
   868 label *label212
   869 label *label213
   870 jump *label218 notEqual :state 1
 
   883 ucontrol within .CORE_X .CORE_Y 8 *tmp321
   884 jump *label226 equal *tmp321 false
   885 ucontrol itemDrop .CORE .UNIT_CAPACITY
-    * jump *label227 always
   886 label *label226
   887 label *label227
   888 print "[]"
 
   895 label *label225
   896 label *label223
   897 label *label221
-    * jump *label219 always
   898 label *label218
   899 label *label219
   900 jump *label228 notEqual :state 2
 
   925 print " [green]"
   926 label *label232
   927 label *label231
-    * jump *label229 always
   928 label *label228
   929 label *label229
   930 jump *label233 notEqual :state 3
 
   932 op sub :max_load *tmp337 .LOAD_LEVEL
   933 jump *label235 lessThan :max_load .LOAD_PACK
   934 ucontrol itemTake .SRC .ITEM :max_load
-    * jump *label236 always
   935 label *label235
   936 label *label236
   937 sensor *tmp341 @unit @totalItems
 
   947 op mul *tmp344 :loop_time_ms .SRC_REMOTE_WAIT
   948 op add :remote_wait_time :remote_wait_time *tmp344
   949 label *label238
-    * jump *label234 always
   950 label *label233
   951 label *label234
   952 jump *label239 notEqual :state 4
 
   980 print " [green]"
   981 label *label243
   982 label *label242
-    * jump *label240 always
   983 label *label239
   984 label *label240
   985 jump *label244 notEqual :state 5
 
   987 op sub :max_drop .DROP_LEVEL *tmp360
   988 jump *label246 lessThan :max_drop .DROP_PACK
   989 ucontrol itemDrop .DST :max_drop
-    * jump *label247 always
   990 label *label246
   991 label *label247
   992 sensor *tmp364 @unit @totalItems
 
  1023 op mul *tmp375 :loop_time_ms .DST_REMOTE_WAIT
  1024 op add :remote_wait_time :remote_wait_time *tmp375
  1025 label *label249
-    * jump *label245 always
  1026 label *label244
  1027 label *label245
  1028 sensor :items @unit @totalItems
 
  1038 jump *label257 equal *tmp382 false
  1039 ucontrol itemDrop .CORE .UNIT_CAPACITY
  1040 sensor :items @unit @totalItems
-    * jump *label258 always
  1041 label *label257
  1042 label *label258
  1043 jump *label256 always
 
  1045 ucontrol itemDrop @air .UNIT_CAPACITY
  1046 sensor :items @unit @totalItems
  1047 label *label256
-    * jump *label254 always
  1048 label *label253
  1049 label *label254
  1050 jump *label259 greaterThan :items .PARK_ITEM_LIMIT
  1051 ucontrol move .PARK_X .PARK_Y
  1052 set :state .S_UNUSED
-    * jump *label260 always
  1053 label *label259
  1054 label *label260
  1055 jump *label252 always
 
  1059 print :items
  1060 print .ITEM_ICON
  1061 ucontrol flag :state
-    * jump *label211 always
  1062 label *label210
  1063 label *label211
-    * jump *label209 always
  1064 label *label208
  1065 label *label209
  1066 label *label85

Modifications by Iterated phase, Data Flow Optimization, pass 1, iteration 1 (-1 instructions):
 
    30 set .TRIGGER_LEVEL 0.9
    31 op mul .S_UNUSED -1 HOUSEKEEPING
    32 set .STATE_LIMIT null
-    * set .ITEM_ICON .STATE_LIMIT
-    * set .ITEM .ITEM_ICON
-    * set .CORE_Y .ITEM
-    * set .CORE_X .CORE_Y
-    * set .CONTAINER_INDEX .CORE_X
+   33 set .ITEM_ICON null
+   34 set .ITEM .STATE_LIMIT
+   35 set .CORE_Y .ITEM_ICON
+   36 set .CORE_X .ITEM
+   37 set .CONTAINER_INDEX .CORE_Y
    38 set .LOOPS 1
-    * op mul *tmp3 .LOOPS 1000
-    * op div .LOOPS_TICKS_TO_MS *tmp3 60
+   39 op mul *tmp3 1 1000
+   40 op div .LOOPS_TICKS_TO_MS 1000 60
    41 set .INC_OVERALLOCATION OVERALLOCATION_LOW
    42 op add .DEC_OVERALLOCATION 1 OVERALLOCATION_HIGH
    43 set .TRIGGER_BOOST 2
 
    59 sensor *tmp7 @unit @speed
    60 op div .SPEED_SEC *tmp7 10
    61 sensor *tmp9 @unit @speed
-    * op div .SPEED *tmp9 1000
+   62 op div .SPEED *tmp7 1000
    63 set .TARGET 0
    64 label *label17
    65 sensor *tmp11 @unit @controller
 
   152 label *label45
   153 jump *label44 always
   154 label *label46
-    * ucontrol flag :flag
+  155 ucontrol flag .QUERY_FLAG
   156 label *label47
   157 jump *label49 notEqual :flag .QUERY_FLAG
   158 label *label51
 
   208 set .DROP_TO_CORE false
   209 label *label35
   210 set .SORTER sorter1
-    * sensor :sorter_type .SORTER @type
+  211 sensor :sorter_type sorter1 @type
   212 label *label63
   213 jump *label65 equal :sorter_type @sorter
   214 label *label67
 
   223 label *label69
   224 printflush message1
   225 set .SORTER sorter1
-    * sensor :sorter_type .SORTER @type
+  226 sensor :sorter_type sorter1 @type
   227 label *label64
   228 jump *label63 always
   229 label *label65
 
   231 set .SHOW_REMOTE_LEVEL true
   232 set .SRC .CORE
   233 set .DST .CONTAINER
-    * sensor :src_capacity .SRC @itemCapacity
-    * sensor :dst_capacity .DST @itemCapacity
+  234 sensor :src_capacity .CORE @itemCapacity
+  235 sensor :dst_capacity .CONTAINER @itemCapacity
   236 op sub *tmp72 100 .EFF_REMOTE_LIMIT
   237 op mul *tmp73 :src_capacity *tmp72
   238 op idiv .LOAD_LEVEL *tmp73 100
 
   240 op idiv .DROP_LEVEL *tmp75 100
   241 set .LOCAL_MARGIN .DROP_LEVEL
   242 set .REMOTE_MARGIN .LOAD_LEVEL
-    * op sub *tmp77 1 .TRIGGER_LEVEL
-    * op mul .LOW_LEVEL_TRIGGER :dst_capacity *tmp77
+  243 op sub *tmp77 1 0.9
+  244 op mul .LOW_LEVEL_TRIGGER :dst_capacity 0.09999999999999998
   245 set .HIGH_LEVEL_TRIGGER :dst_capacity
   246 set .FLOW_CORR_SIGN 1
   247 set .SRC_REMOTE_WAIT 1
 
   258 op greaterThan .SHOW_REMOTE_LEVEL LINK_ID 0
   259 set .SRC .CONTAINER
   260 set .DST .CORE
-    * sensor :src_capacity .SRC @itemCapacity
-    * sensor :dst_capacity .DST @itemCapacity
+  261 sensor :src_capacity .CONTAINER @itemCapacity
+  262 sensor :dst_capacity .CORE @itemCapacity
   263 op sub *tmp84 100 .EFF_LOCAL_LIMIT
   264 op mul *tmp85 :src_capacity *tmp84
   265 op idiv .LOAD_LEVEL *tmp85 100
 
   270 op add .DROP_LEVEL *tmp88 *tmp90
   271 set .LOCAL_MARGIN .LOAD_LEVEL
   272 set .REMOTE_MARGIN .DROP_LEVEL
-    * op mul .HIGH_LEVEL_TRIGGER :src_capacity .TRIGGER_LEVEL
+  273 op mul .HIGH_LEVEL_TRIGGER :src_capacity 0.9
   274 set .LOW_LEVEL_TRIGGER 0
   275 set .FLOW_CORR_SIGN -1
   276 set .SRC_REMOTE_WAIT 0
 
   301 op sub *tmp105 .DST_Y .SRC_Y
   302 op len *tmp106 *tmp104 *tmp105
   303 op sub *tmp107 *tmp106 6
-    * op sub .DISTANCE *tmp107 8
+  304 op sub .DISTANCE *tmp106 14
   305 op max *tmp109 .DISTANCE 10
   306 op mul *tmp110 2 *tmp109
   307 op div .TRAVEL_TIME *tmp110 .SPEED
 
   335 set :elapsed_str "--"
   336 set :wait_time_str 0
   337 set :wait_time 0
-    * set :transfers :wait_time
-    * set :transferred :transfers
-    * set :total_flow_2 :transferred
-    * set :total_flow_1 :total_flow_2
-    * set :remote_wait_time :total_flow_1
-    * set :min_level :remote_wait_time
-    * set :max_level :min_level
-    * set :loop_time_ms :max_level
-    * set :last_level :loop_time_ms
-    * jump *label82 equal .EFF_AUTO_ALLOCATION false
+  338 set :transfers 0
+  339 set :transferred :wait_time
+  340 set :total_flow_2 :transfers
+  341 set :total_flow_1 :transferred
+  342 set :remote_wait_time :total_flow_2
+  343 set :min_level :total_flow_1
+  344 set :max_level :remote_wait_time
+  345 set :loop_time_ms :min_level
+  346 set :last_level :max_level
+  347 jump *label82 equal AUTO_ALLOCATION false
   348 set .CORR_SIGN "[]([green]+"
   349 set :corr_per_min 0
   350 set .SPEED_UNIT_TXT "[])/min"
 
   434 label *label106
   435 set .LAST_ITEM .ITEM
   436 set :itemTypeToIcon:itemType .ITEM
-    * sensor *tmp155 :itemTypeToIcon:itemType @id
+  437 sensor *tmp155 .ITEM @id
   438 jump *label109 notEqual *tmp155 14
   439 label *label110
   440 set *tmp154 "[]"
 
   519 label *label108
   520 set *tmp153 *tmp154
   521 label *label107
-    * set .ITEM_ICON *tmp153
+  522 set .ITEM_ICON *tmp154
   523 set .STATE_LIMIT 1
   524 sensor :last_level .CONTAINER .ITEM
   525 set :min_level 999999
 
   551 set :transfers 0
   552 jump *label145 equal .EFF_AUTO_ALLOCATION false
   553 set .AUTO_ALLOCATION_TXT "\n=== [gold]Unit auto allocation[] ==="
-    * op mul *tmp179 .LOOPS_TICKS_TO_MS :loop_time
+  554 op mul *tmp179 16.666666666666668 :loop_time
   555 op add :turnaround_ms .TRAVEL_TIME *tmp179
   556 op mul .WAIT_LIMIT :turnaround_ms .DEC_OVERALLOCATION
   557 op idiv *tmp182 :turnaround_ms 100
 
   589 set :trigger *tmp200
   590 jump *label157 equal :wait_time 0
   591 label *label158
-    * jump *label155 lessThanEq :trigger :remote_wait_time
+  592 jump *label155 lessThanEq *tmp200 :remote_wait_time
   593 label *label157
   594 jump *label159 equal STABILIZATION false
   595 set :total_flow_3 :total_flow_2
   596 set :total_flow_2 :total_flow_1
   597 set :total_flow_1 :total_flow_per_ms
   598 op add *tmp205 :total_flow_3 :total_flow_2
-    * op add *tmp206 *tmp205 :total_flow_1
+  599 op add *tmp206 *tmp205 :total_flow_per_ms
   600 op div :total_flow_per_ms *tmp206 3
   601 label *label159
   602 label *label160
   603 op div *tmp208 :total_flow_per_ms :items_per_ms_unit
-    * op add *tmp209 *tmp208 .INC_OVERALLOCATION
+  604 op add *tmp209 *tmp208 OVERALLOCATION_LOW
   605 op ceil :new_target *tmp209
-    * op mul :level_boost .TRIGGER_BOOST :trigger
+  606 op mul :level_boost 2 *tmp200
   607 op add *tmp212 :new_target :level_boost
   608 op min :new_target *tmp212 MAX_UNITS
   609 op sub *tmp214 :new_target :active
   610 op max *tmp215 *tmp214 0
   611 op min :new_change *tmp215 .INC_LIMIT
-    * set .INC_LIMIT .INC_MAX
+  612 set .INC_LIMIT 6
   613 op lessThanEq *tmp217 :new_change 0
-    * op mul .DEC_LIMIT *tmp217 .DEC_MAX
+  614 op mul .DEC_LIMIT *tmp217 -1
   615 jump *label156 always
   616 label *label155
   617 op idiv *tmp219 :wait_time .WAIT_LIMIT
   618 op mul *tmp220 -1 *tmp219
   619 op max :new_change *tmp220 .DEC_LIMIT
   620 op greaterThanEq *tmp222 :new_change 0
-    * op mul .INC_LIMIT *tmp222 .INC_MAX
-    * set .DEC_LIMIT .DEC_MAX
+  621 op mul .INC_LIMIT *tmp222 6
+  622 set .DEC_LIMIT -1
   623 label *label156
   624 op add *tmp224 :active :new_change
   625 op max .TARGET *tmp224 1
 
   668 jump *label177 always
   669 label *label176
   670 set .DST .CONTAINER
-    * sensor :findAnotherContainer:dst_capacity .DST @itemCapacity
+  671 sensor :findAnotherContainer:dst_capacity .CONTAINER @itemCapacity
   672 op mul *tmp247 :findAnotherContainer:dst_capacity .EFF_LOCAL_LIMIT
   673 op idiv .DROP_LEVEL *tmp247 100
   674 set .LOCAL_MARGIN .DROP_LEVEL
-    * op sub *tmp249 1 .TRIGGER_LEVEL
-    * op mul .LOW_LEVEL_TRIGGER :findAnotherContainer:dst_capacity *tmp249
+  675 op sub *tmp249 1 0.9
+  676 op mul .LOW_LEVEL_TRIGGER :findAnotherContainer:dst_capacity 0.09999999999999998
   677 set .HIGH_LEVEL_TRIGGER :findAnotherContainer:dst_capacity
-    * sensor .DST_X .DST @x
-    * sensor .DST_Y .DST @y
+  678 sensor .DST_X .CONTAINER @x
+  679 sensor .DST_Y .CONTAINER @y
   680 op sub *tmp253 .DST_X .SRC_X
   681 op sub *tmp254 .DST_Y .SRC_Y
   682 op len *tmp255 *tmp253 *tmp254
   683 op sub *tmp256 *tmp255 6
-    * op sub .DISTANCE *tmp256 8
+  684 op sub .DISTANCE *tmp255 14
   685 op max *tmp258 .DISTANCE 10
   686 op mul *tmp259 2 *tmp258
   687 op div .TRAVEL_TIME *tmp259 .SPEED
 
   690 label *label177
   691 set *tmp233 :findAnotherContainer:min_level
   692 jump *label167 always
-    * set *tmp233 null
   693 label *label167
-    * set :this_level *tmp233
-    * set :last_level :this_level
+  694 set :this_level :findAnotherContainer:min_level
+  695 set :last_level *tmp233
   696 label *label165
   697 label *label166
   698 label *label161
 
   711 print "["
   712 print "]"
   713 print .DIRECTION
-    * print .LINK_TXT
+  714 print *tmp96
   715 print .AUTO_ALLOCATION_TXT
   716 jump *label180 lessThanEq .TARGET 0
   717 jump *label182 lessThan :active .TARGET
 
   907 set :printUnitInfo:x .SRC_X
   908 set :printUnitInfo:y .SRC_Y
   909 sensor *tmp328 @unit @x
-    * op sub *tmp329 :printUnitInfo:x *tmp328
+  910 op sub *tmp329 .SRC_X *tmp328
   911 sensor *tmp330 @unit @y
-    * op sub *tmp331 :printUnitInfo:y *tmp330
+  912 op sub *tmp331 .SRC_Y *tmp330
   913 op len *tmp332 *tmp329 *tmp331
   914 op idiv *tmp333 *tmp332 .SPEED_SEC
   915 op div *tmp334 *tmp333 10
 
   919 print *tmp334
   920 print " "
   921 print "sec[] to "
-    * print :printUnitInfo:name
+  922 print "source"
   923 print ":"
   924 print " [green]"
   925 label *label232
 
   962 set :printUnitInfo.1:x .DST_X
   963 set :printUnitInfo.1:y .DST_Y
   964 sensor *tmp351 @unit @x
-    * op sub *tmp352 :printUnitInfo.1:x *tmp351
+  965 op sub *tmp352 .DST_X *tmp351
   966 sensor *tmp353 @unit @y
-    * op sub *tmp354 :printUnitInfo.1:y *tmp353
+  967 op sub *tmp354 .DST_Y *tmp353
   968 op len *tmp355 *tmp352 *tmp354
   969 op idiv *tmp356 *tmp355 .SPEED_SEC
   970 op div *tmp357 *tmp356 10
 
   974 print *tmp357
   975 print " "
   976 print "sec[] to "
-    * print :printUnitInfo.1:name
+  977 print "destination"
   978 print ":"
   979 print " [green]"
   980 label *label243
 
   996 set :printUnitInfo.2:x .SRC_X
   997 set :printUnitInfo.2:y .SRC_Y
   998 sensor *tmp368 @unit @x
-    * op sub *tmp369 :printUnitInfo.2:x *tmp368
+  999 op sub *tmp369 .SRC_X *tmp368
  1000 sensor *tmp370 @unit @y
-    * op sub *tmp371 :printUnitInfo.2:y *tmp370
+ 1001 op sub *tmp371 .SRC_Y *tmp370
  1002 op len *tmp372 *tmp369 *tmp371
  1003 op idiv *tmp373 *tmp372 .SPEED_SEC
  1004 op div *tmp374 *tmp373 10
 
  1008 print *tmp374
  1009 print " "
  1010 print "sec[] to "
-    * print :printUnitInfo.2:name
+ 1011 print "source"
  1012 print ":"
  1013 print " [green]"
  1014 label *label250

Modifications by Iterated phase, Data Flow Optimization, pass 1, iteration 2 (-27 instructions):
 
    27 op max .EFF_LOCAL_LIMIT LOCAL_LIMIT 20
    28 op max .EFF_REMOTE_LIMIT REMOTE_LIMIT 20
    29 set .EFF_AUTO_ALLOCATION AUTO_ALLOCATION
-    * set .TRIGGER_LEVEL 0.9
    30 op mul .S_UNUSED -1 HOUSEKEEPING
    31 set .STATE_LIMIT null
    32 set .ITEM_ICON null
-    * set .ITEM .STATE_LIMIT
-    * set .CORE_Y .ITEM_ICON
-    * set .CORE_X .ITEM
-    * set .CONTAINER_INDEX .CORE_Y
-    * set .LOOPS 1
-    * op mul *tmp3 1 1000
-    * op div .LOOPS_TICKS_TO_MS 1000 60
-    * set .INC_OVERALLOCATION OVERALLOCATION_LOW
+   33 set .ITEM null
+   34 set .CORE_Y null
+   35 set .CORE_X .STATE_LIMIT
+   36 set .CONTAINER_INDEX .ITEM_ICON
    37 op add .DEC_OVERALLOCATION 1 OVERALLOCATION_HIGH
-    * set .TRIGGER_BOOST 2
-    * set .INC_MAX 6
-    * set .DEC_MAX -1
    38 ubind UNIT
    39 label *label14
    40 jump *label16 notEqual @unit null
 
    50 set :first_unit @unit
    51 sensor *tmp7 @unit @speed
    52 op div .SPEED_SEC *tmp7 10
-    * sensor *tmp9 @unit @speed
    53 op div .SPEED *tmp7 1000
    54 set .TARGET 0
    55 label *label17
 
   231 op idiv .DROP_LEVEL *tmp75 100
   232 set .LOCAL_MARGIN .DROP_LEVEL
   233 set .REMOTE_MARGIN .LOAD_LEVEL
-    * op sub *tmp77 1 0.9
   234 op mul .LOW_LEVEL_TRIGGER :dst_capacity 0.09999999999999998
   235 set .HIGH_LEVEL_TRIGGER :dst_capacity
   236 set .FLOW_CORR_SIGN 1
 
   279 label *label76
   280 set *tmp96 LINK_ID
   281 label *label77
-    * set .LINK_TXT *tmp96
   282 op sub *tmp97 :src_capacity .LOAD_LEVEL
   283 op min .LOAD_PACK .UNIT_CAPACITY *tmp97
   284 op min .DROP_PACK .UNIT_CAPACITY .DROP_LEVEL
 
   289 op sub *tmp104 .DST_X .SRC_X
   290 op sub *tmp105 .DST_Y .SRC_Y
   291 op len *tmp106 *tmp104 *tmp105
-    * op sub *tmp107 *tmp106 6
   292 op sub .DISTANCE *tmp106 14
   293 op max *tmp109 .DISTANCE 10
   294 op mul *tmp110 2 *tmp109
 
   324 set :wait_time_str 0
   325 set :wait_time 0
   326 set :transfers 0
-    * set :transferred :wait_time
-    * set :total_flow_2 :transfers
-    * set :total_flow_1 :transferred
-    * set :remote_wait_time :total_flow_2
-    * set :min_level :total_flow_1
-    * set :max_level :remote_wait_time
-    * set :loop_time_ms :min_level
-    * set :last_level :max_level
+  327 set :transferred 0
+  328 set :total_flow_2 0
+  329 set :total_flow_1 :wait_time
+  330 set :remote_wait_time :transfers
+  331 set :min_level :transferred
+  332 set :max_level :total_flow_2
+  333 set :loop_time_ms :total_flow_1
+  334 set :last_level :remote_wait_time
   335 jump *label82 equal AUTO_ALLOCATION false
   336 set .CORR_SIGN "[]([green]+"
   337 set :corr_per_min 0
 
   421 jump *label104 always
   422 label *label106
   423 set .LAST_ITEM .ITEM
-    * set :itemTypeToIcon:itemType .ITEM
   424 sensor *tmp155 .ITEM @id
   425 jump *label109 notEqual *tmp155 14
   426 label *label110
 
   504 label *label139
   505 set *tmp154 null
   506 label *label108
-    * set *tmp153 *tmp154
   507 label *label107
   508 set .ITEM_ICON *tmp154
   509 set .STATE_LIMIT 1
 
   572 label *label151
   573 set *tmp200 false
   574 label *label152
-    * set :trigger *tmp200
   575 jump *label157 equal :wait_time 0
   576 label *label158
   577 jump *label155 lessThanEq *tmp200 :remote_wait_time
 
   657 op mul *tmp247 :findAnotherContainer:dst_capacity .EFF_LOCAL_LIMIT
   658 op idiv .DROP_LEVEL *tmp247 100
   659 set .LOCAL_MARGIN .DROP_LEVEL
-    * op sub *tmp249 1 0.9
   660 op mul .LOW_LEVEL_TRIGGER :findAnotherContainer:dst_capacity 0.09999999999999998
   661 set .HIGH_LEVEL_TRIGGER :findAnotherContainer:dst_capacity
   662 sensor .DST_X .CONTAINER @x
 
   664 op sub *tmp253 .DST_X .SRC_X
   665 op sub *tmp254 .DST_Y .SRC_Y
   666 op len *tmp255 *tmp253 *tmp254
-    * op sub *tmp256 *tmp255 6
   667 op sub .DISTANCE *tmp255 14
   668 op max *tmp258 .DISTANCE 10
   669 op mul *tmp259 2 *tmp258
 
   674 set *tmp233 :findAnotherContainer:min_level
   675 jump *label167 always
   676 label *label167
-    * set :this_level :findAnotherContainer:min_level
-    * set :last_level *tmp233
+  677 set :last_level :findAnotherContainer:min_level
   678 label *label165
   679 label *label166
   680 label *label161
 
   885 set :state 3
   886 jump *label231 always
   887 label *label230
-    * set :printUnitInfo:name "source"
-    * set :printUnitInfo:x .SRC_X
-    * set :printUnitInfo:y .SRC_Y
   888 sensor *tmp328 @unit @x
   889 op sub *tmp329 .SRC_X *tmp328
   890 sensor *tmp330 @unit @y
 
   937 set :state 5
   938 jump *label242 always
   939 label *label241
-    * set :printUnitInfo.1:name "destination"
-    * set :printUnitInfo.1:x .DST_X
-    * set :printUnitInfo.1:y .DST_Y
   940 sensor *tmp351 @unit @x
   941 op sub *tmp352 .DST_X *tmp351
   942 sensor *tmp353 @unit @y
 
   968 jump *label248 greaterThan *tmp364 0
   969 set :state 2
   970 ucontrol approach .SRC_X .SRC_Y 6
-    * set :printUnitInfo.2:name "source"
-    * set :printUnitInfo.2:x .SRC_X
-    * set :printUnitInfo.2:y .SRC_Y
   971 sensor *tmp368 @unit @x
   972 op sub *tmp369 .SRC_X *tmp368
   973 sensor *tmp370 @unit @y

Modifications by Iterated phase, Data Flow Optimization, pass 1, iteration 3 (-1 instructions):
 
    32 set .ITEM_ICON null
    33 set .ITEM null
    34 set .CORE_Y null
-    * set .CORE_X .STATE_LIMIT
-    * set .CONTAINER_INDEX .ITEM_ICON
+   35 set .CORE_X null
+   36 set .CONTAINER_INDEX null
    37 op add .DEC_OVERALLOCATION 1 OVERALLOCATION_HIGH
    38 ubind UNIT
    39 label *label14
 
   326 set :transfers 0
   327 set :transferred 0
   328 set :total_flow_2 0
-    * set :total_flow_1 :wait_time
-    * set :remote_wait_time :transfers
-    * set :min_level :transferred
-    * set :max_level :total_flow_2
-    * set :loop_time_ms :total_flow_1
-    * set :last_level :remote_wait_time
+  329 set :total_flow_1 0
+  330 set :remote_wait_time 0
+  331 set :min_level 0
+  332 set :max_level 0
+  333 set :loop_time_ms :wait_time
+  334 set :last_level :transfers
   335 jump *label82 equal AUTO_ALLOCATION false
   336 set .CORR_SIGN "[]([green]+"
   337 set :corr_per_min 0
 
   671 set .MESSAGE "[salmon]Container filled up, switching...[]\n"
   672 op add .MESSAGE_TIMEOUT @tick 600
   673 label *label177
-    * set *tmp233 :findAnotherContainer:min_level
   674 jump *label167 always
   675 label *label167
   676 set :last_level :findAnotherContainer:min_level

Modifications by Iterated phase, Data Flow Optimization, pass 1, iteration 4:
 
   330 set :remote_wait_time 0
   331 set :min_level 0
   332 set :max_level 0
-    * set :loop_time_ms :wait_time
-    * set :last_level :transfers
+  333 set :loop_time_ms 0
+  334 set :last_level 0
   335 jump *label82 equal AUTO_ALLOCATION false
   336 set .CORR_SIGN "[]([green]+"
   337 set :corr_per_min 0

Modifications by Iterated phase, Expression Optimization, pass 1, iteration 1 (-2 instructions):
 
   543 op idiv *tmp182 :turnaround_ms 100
   544 op div :turnaround_str *tmp182 10
   545 op div :items_per_ms_unit .UNIT_CAPACITY :turnaround_ms
-    * op mul *tmp185 :items_per_ms_unit 60000
-    * op floor :items_per_min_unit *tmp185
+  546 op idiv :items_per_min_unit :items_per_ms_unit 0.000016666666666666667
   547 op add *tmp187 :min_level :max_level
   548 op div :this_level *tmp187 2
   549 op sub *tmp189 :last_level :this_level
 
   551 op div :corr_per_ms :corr :elapsed_ms
   552 set :last_level :this_level
   553 op add :total_flow_per_ms :items_per_ms :corr_per_ms
-    * op mul *tmp193 60000 :corr_per_ms
-    * op floor :corr_per_min *tmp193
+  554 op idiv :corr_per_min :corr_per_ms 0.000016666666666666667
   555 jump *label147 lessThan :corr_per_min 0
   556 set *tmp196 "[]([green]+"
   557 jump *label148 always

Modifications by Iterated phase, Loop Hoisting, pass 1, iteration 1:
 
   131 print "."
   132 print ".."
   133 printflush message1
+  134 op add .QUERY_FLAG 99999900 LINK_ID
   135 label *label41
   136 jump *label43 notEqual .CORE null
-    * op add .QUERY_FLAG 99999900 LINK_ID
   137 set :flag .QUERY_FLAG
   138 ubind UNIT
   139 label *label44

Modifications by Iterated phase, Loop Rotation, pass 1, iteration 1:
 
    38 ubind UNIT
    39 label *label14
    40 jump *label16 notEqual @unit null
+   41 label *label261
    42 print "[salmon]No unit of type "
    43 print UNIT
    44 print " "
 
    46 printflush message1
    47 ubind UNIT
    48 label *label15
-    * jump *label14 always
+   49 jump *label261 equal @unit null
    50 label *label16
    51 set :first_unit @unit
    52 sensor *tmp7 @unit @speed
 
    66 ubind UNIT
    67 label *label18
    68 jump *label19 equal @unit :first_unit
-    * label *label22
    69 sensor *tmp19 :first_unit @dead
    70 jump *label17 equal *tmp19 0
    71 label *label19
 
    81 set :n @links
    82 label *label26
    83 jump *label28 lessThanEq :n 0
+   84 label *label262
    85 op sub :n :n 1
    86 getlink :block :n
    87 sensor *tmp27 :block @type
 
    94 label *label30
    95 label *label29
    96 label *label27
-    * jump *label26 always
+   97 jump *label262 greaterThan :n 0
    98 label *label28
    99 jump *label32 notEqual .CONTAINER null
   100 print "[salmon]No vault or container."
 
   110 jump *label34 notEqual LINK_ID 0
   111 label *label36
   112 jump *label38 notEqual .CORE null
+  113 label *label263
   114 print "[green]Locating core..."
   115 printflush message1
   116 ubind UNIT
 
   121 label *label39
   122 label *label40
   123 label *label37
-    * jump *label36 always
+  124 jump *label263 equal .CORE null
   125 label *label38
   126 set .DISCARD_UNIT_MAX_ITEMS .UNIT_CAPACITY
   127 op equal .DROP_TO_CORE DROP_TO_AIR false
 
   136 op add .QUERY_FLAG 99999900 LINK_ID
   137 label *label41
   138 jump *label43 notEqual .CORE null
+  139 label *label264
   140 set :flag .QUERY_FLAG
   141 ubind UNIT
   142 label *label44
 
   149 ucontrol flag .QUERY_FLAG
   150 label *label47
   151 jump *label49 notEqual :flag .QUERY_FLAG
-    * label *label51
+  152 label *label265
   153 sensor *tmp45 @unit @dead
   154 jump *label49 notEqual *tmp45 0
-    * label *label50
   155 ucontrol stop
   156 sensor :flag @unit @flag
   157 label *label48
-    * jump *label47 always
+  158 jump *label265 equal :flag .QUERY_FLAG
   159 label *label49
   160 jump *label52 equal :flag .QUERY_FLAG
   161 op idiv :position :flag 100
 
   164 label *label54
   165 sensor *tmp53 @unit @dead
   166 jump *label56 notEqual *tmp53 0
-    * label *label58
   167 ucontrol within .CORE_X .CORE_Y 8 *tmp55
   168 jump *label56 notEqual *tmp55 false
-    * label *label57
   169 ucontrol approach .CORE_X .CORE_Y 6
   170 label *label55
   171 jump *label54 always
 
   187 label *label53
   188 ucontrol flag .S_UNUSED
   189 label *label42
-    * jump *label41 always
+  190 jump *label264 equal .CORE null
   191 label *label43
   192 jump *label61 equal DROP_TO_AIR false
   193 set *tmp61 .UNIT_CAPACITY
 
   202 sensor :sorter_type sorter1 @type
   203 label *label63
   204 jump *label65 equal :sorter_type @sorter
-    * label *label67
+  205 label *label266
   206 jump *label65 equal :sorter_type @inverted-sorter
-    * label *label66
   207 print "[salmon]Block sorter1 is neither a sorter, nor an inverted sorter."
   208 print "\n"
   209 jump *label68 equal .SORTER null
 
   215 set .SORTER sorter1
   216 sensor :sorter_type sorter1 @type
   217 label *label64
-    * jump *label63 always
+  218 jump *label266 notEqual :sorter_type @sorter
   219 label *label65
   220 jump *label70 notEqual :sorter_type @sorter
   221 set .SHOW_REMOTE_LEVEL true
 
   347 ubind UNIT
   348 label *label87
   349 jump *label89 notEqual @unit null
+  350 label *label267
   351 print "No unit of type "
   352 print UNIT
   353 print " "
 
   355 printflush message1
   356 ubind UNIT
   357 label *label88
-    * jump *label87 always
+  358 jump *label267 equal @unit null
   359 label *label89
   360 sensor *tmp127 switch1 @enabled
   361 jump *label90 equal *tmp127 false
 
   414 jump *label102 equal .ITEM .LAST_ITEM
   415 label *label104
   416 jump *label106 notEqual .ITEM null
+  417 label *label268
   418 print "[salmon]No item type selected for transport.[]"
   419 printflush message1
   420 sensor .ITEM .SORTER @config
   421 label *label105
-    * jump *label104 always
+  422 jump *label268 equal .ITEM null
   423 label *label106
   424 set .LAST_ITEM .ITEM
   425 sensor *tmp155 .ITEM @id
 
   628 set :findAnotherContainer:n @links
   629 label *label168
   630 jump *label170 lessThanEq :findAnotherContainer:n 0
+  631 label *label269
   632 op sub :findAnotherContainer:n :findAnotherContainer:n 1
   633 getlink :findAnotherContainer:block :findAnotherContainer:n
   634 sensor *tmp239 :findAnotherContainer:block @type
 
   646 label *label172
   647 label *label171
   648 label *label169
-    * jump *label168 always
+  649 jump *label269 greaterThan :findAnotherContainer:n 0
   650 label *label170
   651 jump *label176 notEqual .CONTAINERS 0
   652 set .CONTAINER @this

Modifications by Iterated phase, Boolean Optimization, pass 1, iteration 1 (-34 instructions):
 
   189 label *label42
   190 jump *label264 equal .CORE null
   191 label *label43
-    * jump *label61 equal DROP_TO_AIR false
-    * set *tmp61 .UNIT_CAPACITY
-    * jump *label62 always
-    * label *label61
-    * set *tmp61 0
-    * label *label62
+  192 select *tmp61 notEqual DROP_TO_AIR false .UNIT_CAPACITY 0
   193 set .DISCARD_UNIT_MAX_ITEMS *tmp61
   194 set .DROP_TO_CORE false
   195 label *label35
 
   230 set .FLOW_CORR_SIGN 1
   231 set .SRC_REMOTE_WAIT 1
   232 set .DST_REMOTE_WAIT 0
-    * jump *label72 notEqual LINK_ID 0
-    * set *tmp80 " from core"
-    * jump *label73 always
-    * label *label72
-    * set *tmp80 " from vault #"
-    * label *label73
+  233 select *tmp80 equal LINK_ID 0 " from core" " from vault #"
   234 set .DIRECTION *tmp80
   235 jump *label71 always
   236 label *label70
 
   254 set .FLOW_CORR_SIGN -1
   255 set .SRC_REMOTE_WAIT 0
   256 set .DST_REMOTE_WAIT 1
-    * jump *label74 notEqual LINK_ID 0
-    * set *tmp94 " to core"
-    * jump *label75 always
-    * label *label74
-    * set *tmp94 " to vault #"
-    * label *label75
+  257 select *tmp94 equal LINK_ID 0 " to core" " to vault #"
   258 set .DIRECTION *tmp94
   259 label *label71
-    * jump *label76 notEqual LINK_ID 0
-    * set *tmp96 ""
-    * jump *label77 always
-    * label *label76
-    * set *tmp96 LINK_ID
-    * label *label77
+  260 select *tmp96 equal LINK_ID 0 "" LINK_ID
   261 op sub *tmp97 :src_capacity .LOAD_LEVEL
   262 op min .LOAD_PACK .UNIT_CAPACITY *tmp97
   263 op min .DROP_PACK .UNIT_CAPACITY .DROP_LEVEL
 
   272 op max *tmp109 .DISTANCE 10
   273 op mul *tmp110 2 *tmp109
   274 op div .TRAVEL_TIME *tmp110 .SPEED
-    * sensor *tmp112 .CONTAINER @x
-    * jump *label78 greaterThanEq *tmp112 .CORE_X
-    * set *tmp114 15
-    * jump *label79 always
-    * label *label78
-    * set *tmp114 -15
-    * label *label79
+  275 sensor *tmp112 .CONTAINER @x
+  276 select *tmp114 lessThan *tmp112 .CORE_X 15 -15
   277 op add .PARK_X .CORE_X *tmp114
-    * sensor *tmp116 .CONTAINER @y
-    * jump *label80 greaterThanEq *tmp116 .CORE_Y
-    * set *tmp118 15
-    * jump *label81 always
-    * label *label80
-    * set *tmp118 -15
-    * label *label81
+  278 sensor *tmp116 .CONTAINER @y
+  279 select *tmp118 lessThan *tmp116 .CORE_Y 15 -15
   280 op add .PARK_Y .CORE_Y *tmp118
   281 op equal *tmp120 LINK_ID 0
   282 op mul .PARK_ITEM_LIMIT *tmp120 .UNIT_CAPACITY
 
   301 set :max_level 0
   302 set :loop_time_ms 0
   303 set :last_level 0
-    * jump *label82 equal AUTO_ALLOCATION false
-    * set .CORR_SIGN "[]([green]+"
-    * set :corr_per_min 0
-    * set .SPEED_UNIT_TXT "[])/min"
-    * set .AUTO_ALLOCATION_TXT "\n=== [gold]Gathering statistics[] ==="
-    * jump *label83 always
-    * label *label82
-    * set .CORR_SIGN "[]"
-    * set :corr_per_min ""
-    * set .SPEED_UNIT_TXT "/min"
-    * set .AUTO_ALLOCATION_TXT ""
-    * label *label83
+  304 select .CORR_SIGN notEqual AUTO_ALLOCATION false "[]([green]+" "[]"
+  305 select :corr_per_min notEqual AUTO_ALLOCATION false 0 ""
+  306 select .SPEED_UNIT_TXT notEqual AUTO_ALLOCATION false "[])/min" "/min"
+  307 select .AUTO_ALLOCATION_TXT notEqual AUTO_ALLOCATION false "\n=== [gold]Gathering statistics[] ===" ""
   308 label *label84
   309 ubind UNIT
   310 label *label87
 
   351 set .CORR_SIGN "[]"
   352 set :corr_per_min ""
   353 set .SPEED_UNIT_TXT "/min"
-    * jump *label96 notEqual .TARGET 0
-    * set *tmp140 "\n=== [salmon]Transport deactivated[] ==="
-    * jump *label97 always
-    * label *label96
-    * set *tmp140 ""
-    * label *label97
+  354 select *tmp140 equal .TARGET 0 "\n=== [salmon]Transport deactivated[] ===" ""
   355 set .AUTO_ALLOCATION_TXT *tmp140
   356 label *label95
   357 set .WAIT_LIMIT 30000
 
   478 op mul *tmp163 :loop_time 100
   479 op idiv :loop_time_ms *tmp163 6
   480 jump *label143 greaterThanEq :transfers :active
-    * label *label144
   481 jump *label141 lessThanEq :wait_time .WAIT_LIMIT
   482 label *label143
   483 op div *tmp168 :wait_time 100
 
   509 set :last_level :this_level
   510 op add :total_flow_per_ms :items_per_ms :corr_per_ms
   511 op idiv :corr_per_min :corr_per_ms 0.000016666666666666667
-    * jump *label147 lessThan :corr_per_min 0
-    * set *tmp196 "[]([green]+"
-    * jump *label148 always
-    * label *label147
-    * set *tmp196 "[]([green]"
-    * label *label148
+  512 select *tmp196 greaterThanEq :corr_per_min 0 "[]([green]+" "[]([green]"
   513 set .CORR_SIGN *tmp196
   514 set .SPEED_UNIT_TXT "[])/min"
   515 jump *label149 equal :alive false
-    * jump *label153 lessThan :min_level .LOW_LEVEL_TRIGGER
-    * label *label154
-    * jump *label151 lessThanEq :max_level .HIGH_LEVEL_TRIGGER
-    * label *label153
-    * set *tmp200 true
-    * jump *label152 always
-    * label *label151
-    * set *tmp200 false
-    * label *label152
+  516 select *tmp390 lessThan :min_level .LOW_LEVEL_TRIGGER true false
+  517 select *tmp200 greaterThan :max_level .HIGH_LEVEL_TRIGGER true *tmp390
+  518 label *label270
   519 jump *label157 equal :wait_time 0
-    * label *label158
   520 jump *label155 lessThanEq *tmp200 :remote_wait_time
   521 label *label157
   522 jump *label159 equal STABILIZATION false
 
   561 label *label145
   562 label *label146
   563 jump *label161 lessThanEq .CONTAINERS 1
-    * label *label164
   564 jump *label161 notEqual .SRC .CORE
-    * label *label163
   565 sensor *tmp229 .DST .ITEM
   566 op sub :max_drop .DROP_LEVEL *tmp229
   567 jump *label165 greaterThanEq :max_drop .DROP_PACK
 
   622 label *label162
   623 set :wait_time 0
   624 set :remote_wait_time 0
-    * jump *label178 lessThan @tick .MESSAGE_TIMEOUT
-    * set .MESSAGE ""
-    * label *label178
-    * label *label179
+  625 select .MESSAGE greaterThanEq @tick .MESSAGE_TIMEOUT "" .MESSAGE
   626 label *label141
   627 label *label142
   628 print .MESSAGE

Modifications by Iterated phase, If Expression Optimization, pass 1, iteration 1 (-2 instructions):
 
   787 label *label212
   788 label *label213
   789 jump *label218 notEqual :state 1
+  790 set :state 2
   791 sensor *tmp314 @unit @totalItems
-    * jump *label220 notEqual *tmp314 0
-    * set :state 2
-    * jump *label221 always
+  792 jump *label221 equal *tmp314 0
   793 label *label220
+  794 set :state 4
   795 sensor *tmp317 @unit @firstItem
-    * jump *label222 notEqual *tmp317 .ITEM
-    * set :state 4
-    * jump *label223 always
+  796 jump *label223 equal *tmp317 .ITEM
   797 label *label222
   798 jump *label224 equal .DROP_TO_CORE false
   799 ucontrol approach .CORE_X .CORE_Y 6

Modifications by Full loop rotation at line 156:9 (+1 instructions):
 
   142 label *label44
   143 sensor *tmp42 @unit @controlled
   144 jump *label46 equal *tmp42 0
+  145 label *label271
   146 ubind UNIT
   147 label *label45
-    * jump *label44 always
+  148 sensor *tmp42 @unit @controlled
+  149 jump *label271 notEqual *tmp42 0
   150 label *label46
   151 ucontrol flag .QUERY_FLAG
   152 label *label47

Modifications by Iterated phase, Data Flow Optimization, pass 1, iteration 1:
 
   109 set .CORE null
   110 jump *label34 notEqual LINK_ID 0
   111 label *label36
-    * jump *label38 notEqual .CORE null
+  112 jump *label38 notEqual null null
   113 label *label263
   114 print "[green]Locating core..."
   115 printflush message1
 
   135 printflush message1
   136 op add .QUERY_FLAG 99999900 LINK_ID
   137 label *label41
-    * jump *label43 notEqual .CORE null
+  138 jump *label43 notEqual null null
   139 label *label264
   140 set :flag .QUERY_FLAG
   141 ubind UNIT
 
   150 label *label46
   151 ucontrol flag .QUERY_FLAG
   152 label *label47
-    * jump *label49 notEqual :flag .QUERY_FLAG
+  153 jump *label49 notEqual .QUERY_FLAG .QUERY_FLAG
   154 label *label265
   155 sensor *tmp45 @unit @dead
   156 jump *label49 notEqual *tmp45 0

Modifications by Partial loop rotation at line 169:13 (+1 instructions):
 
   166 label *label54
   167 sensor *tmp53 @unit @dead
   168 jump *label56 notEqual *tmp53 0
+  169 label *label272
   170 ucontrol within .CORE_X .CORE_Y 8 *tmp55
   171 jump *label56 notEqual *tmp55 false
   172 ucontrol approach .CORE_X .CORE_Y 6
   173 label *label55
-    * jump *label54 always
+  174 sensor *tmp53 @unit @dead
+  175 jump *label272 equal *tmp53 0
   176 label *label56
   177 ucontrol getBlock .CORE_X .CORE_Y :b_type .CORE *tmp58
   178 jump *label59 equal :b_type @vault

Modifications by Fast-dispatch case at line 704:5 (-15 instructions):
 
   384 label *label106
   385 set .LAST_ITEM .ITEM
   386 sensor *tmp155 .ITEM @id
-    * jump *label109 notEqual *tmp155 14
+  387 multijump *tmp155 0 0 (m:*label274)
+  388 multilabel *label291 (m:*label274)
+  389 label *label273
+  390 set *tmp154 null
+  391 jump *label108 always
+  392 multilabel *label289 (m:*label274)
   393 label *label110
   394 set *tmp154 "[]"
   395 jump *label108 always
   396 label *label109
-    * jump *label111 notEqual *tmp155 5
+  397 multilabel *label280 (m:*label274)
   398 label *label112
   399 set *tmp154 "[]"
   400 jump *label108 always
   401 label *label111
-    * jump *label113 notEqual *tmp155 0
+  402 multilabel *label275 (m:*label274)
   403 label *label114
   404 set *tmp154 "[]"
   405 jump *label108 always
   406 label *label113
-    * jump *label115 notEqual *tmp155 3
+  407 multilabel *label278 (m:*label274)
   408 label *label116
   409 set *tmp154 "[]"
   410 jump *label108 always
   411 label *label115
-    * jump *label117 notEqual *tmp155 1
+  412 multilabel *label276 (m:*label274)
   413 label *label118
   414 set *tmp154 "[]"
   415 jump *label108 always
   416 label *label117
-    * jump *label119 notEqual *tmp155 2
+  417 multilabel *label277 (m:*label274)
   418 label *label120
   419 set *tmp154 "[]"
   420 jump *label108 always
   421 label *label119
-    * jump *label121 notEqual *tmp155 11
+  422 multilabel *label286 (m:*label274)
   423 label *label122
   424 set *tmp154 "[]"
   425 jump *label108 always
   426 label *label121
-    * jump *label123 notEqual *tmp155 10
+  427 multilabel *label285 (m:*label274)
   428 label *label124
   429 set *tmp154 "[]"
   430 jump *label108 always
   431 label *label123
-    * jump *label125 notEqual *tmp155 15
+  432 multilabel *label290 (m:*label274)
   433 label *label126
   434 set *tmp154 "[]"
   435 jump *label108 always
   436 label *label125
-    * jump *label127 notEqual *tmp155 4
+  437 multilabel *label279 (m:*label274)
   438 label *label128
   439 set *tmp154 "[]"
   440 jump *label108 always
   441 label *label127
-    * jump *label129 notEqual *tmp155 8
+  442 multilabel *label283 (m:*label274)
   443 label *label130
   444 set *tmp154 "[]"
   445 jump *label108 always
   446 label *label129
-    * jump *label131 notEqual *tmp155 9
+  447 multilabel *label284 (m:*label274)
   448 label *label132
   449 set *tmp154 "[]"
   450 jump *label108 always
   451 label *label131
-    * jump *label133 notEqual *tmp155 13
+  452 multilabel *label288 (m:*label274)
   453 label *label134
   454 set *tmp154 "[]"
   455 jump *label108 always
   456 label *label133
-    * jump *label135 notEqual *tmp155 12
+  457 multilabel *label287 (m:*label274)
   458 label *label136
   459 set *tmp154 "[]"
   460 jump *label108 always
   461 label *label135
-    * jump *label137 notEqual *tmp155 7
+  462 multilabel *label282 (m:*label274)
   463 label *label138
   464 set *tmp154 "[]"
   465 jump *label108 always
   466 label *label137
-    * jump *label139 notEqual *tmp155 6
+  467 multilabel *label281 (m:*label274)
   468 label *label140
   469 set *tmp154 "[]"
-    * jump *label108 always
-    * label *label139
-    * set *tmp154 null
   470 label *label108
   471 label *label107
   472 set .ITEM_ICON *tmp154

Modifications by Iterated phase, Jump Normalization, pass 2, iteration 1 (-3 instructions):
 
   109 set .CORE null
   110 jump *label34 notEqual LINK_ID 0
   111 label *label36
-    * jump *label38 notEqual null null
   112 label *label263
   113 print "[green]Locating core..."
   114 printflush message1
 
   134 printflush message1
   135 op add .QUERY_FLAG 99999900 LINK_ID
   136 label *label41
-    * jump *label43 notEqual null null
   137 label *label264
   138 set :flag .QUERY_FLAG
   139 ubind UNIT
 
   148 label *label46
   149 ucontrol flag .QUERY_FLAG
   150 label *label47
-    * jump *label49 notEqual .QUERY_FLAG .QUERY_FLAG
   151 label *label265
   152 sensor *tmp45 @unit @dead
   153 jump *label49 notEqual *tmp45 0

Modifications by Iterated phase, Condition Optimization, pass 2, iteration 1:
 
   515 select *tmp196 greaterThanEq :corr_per_min 0 "[]([green]+" "[]([green]"
   516 set .CORR_SIGN *tmp196
   517 set .SPEED_UNIT_TXT "[])/min"
-    * jump *label149 equal :alive false
+  518 jump *label149 notEqual *tmp141 0
   519 select *tmp390 lessThan :min_level .LOW_LEVEL_TRIGGER true false
   520 select *tmp200 greaterThan :max_level .HIGH_LEVEL_TRIGGER true *tmp390
   521 label *label270

Modifications by Iterated phase, Single Step Elimination, pass 2, iteration 1 (-1 instructions):
 
   616 set .MESSAGE "[salmon]Container filled up, switching...[]\n"
   617 op add .MESSAGE_TIMEOUT @tick 600
   618 label *label177
-    * jump *label167 always
   619 label *label167
   620 set :last_level :findAnotherContainer:min_level
   621 label *label165

Modifications by Iterated phase, Expression Optimization, pass 2, iteration 1:
 
   516 set .CORR_SIGN *tmp196
   517 set .SPEED_UNIT_TXT "[])/min"
   518 jump *label149 notEqual *tmp141 0
-    * select *tmp390 lessThan :min_level .LOW_LEVEL_TRIGGER true false
+  519 op lessThan *tmp390 :min_level .LOW_LEVEL_TRIGGER
   520 select *tmp200 greaterThan :max_level .HIGH_LEVEL_TRIGGER true *tmp390
   521 label *label270
   522 jump *label157 equal :wait_time 0

Modifications by Iterated phase, Temp Variables Elimination, pass 2, iteration 1 (-5 instructions):
 
   190 label *label42
   191 jump *label264 equal .CORE null
   192 label *label43
-    * select *tmp61 notEqual DROP_TO_AIR false .UNIT_CAPACITY 0
-    * set .DISCARD_UNIT_MAX_ITEMS *tmp61
+  193 select .DISCARD_UNIT_MAX_ITEMS notEqual DROP_TO_AIR false .UNIT_CAPACITY 0
   194 set .DROP_TO_CORE false
   195 label *label35
   196 set .SORTER sorter1
 
   230 set .FLOW_CORR_SIGN 1
   231 set .SRC_REMOTE_WAIT 1
   232 set .DST_REMOTE_WAIT 0
-    * select *tmp80 equal LINK_ID 0 " from core" " from vault #"
-    * set .DIRECTION *tmp80
+  233 select .DIRECTION equal LINK_ID 0 " from core" " from vault #"
   234 jump *label71 always
   235 label *label70
   236 op greaterThan .SHOW_REMOTE_LEVEL LINK_ID 0
 
   253 set .FLOW_CORR_SIGN -1
   254 set .SRC_REMOTE_WAIT 0
   255 set .DST_REMOTE_WAIT 1
-    * select *tmp94 equal LINK_ID 0 " to core" " to vault #"
-    * set .DIRECTION *tmp94
+  256 select .DIRECTION equal LINK_ID 0 " to core" " to vault #"
   257 label *label71
   258 select *tmp96 equal LINK_ID 0 "" LINK_ID
   259 op sub *tmp97 :src_capacity .LOAD_LEVEL
 
   349 set .CORR_SIGN "[]"
   350 set :corr_per_min ""
   351 set .SPEED_UNIT_TXT "/min"
-    * select *tmp140 equal .TARGET 0 "\n=== [salmon]Transport deactivated[] ===" ""
-    * set .AUTO_ALLOCATION_TXT *tmp140
+  352 select .AUTO_ALLOCATION_TXT equal .TARGET 0 "\n=== [salmon]Transport deactivated[] ===" ""
   353 label *label95
   354 set .WAIT_LIMIT 30000
   355 label *label92
 
   508 set :last_level :this_level
   509 op add :total_flow_per_ms :items_per_ms :corr_per_ms
   510 op idiv :corr_per_min :corr_per_ms 0.000016666666666666667
-    * select *tmp196 greaterThanEq :corr_per_min 0 "[]([green]+" "[]([green]"
-    * set .CORR_SIGN *tmp196
+  511 select .CORR_SIGN greaterThanEq :corr_per_min 0 "[]([green]+" "[]([green]"
   512 set .SPEED_UNIT_TXT "[])/min"
   513 jump *label149 notEqual *tmp141 0
   514 op lessThan *tmp390 :min_level .LOW_LEVEL_TRIGGER

Modifications by Jumps phase, Jump Straightening, pass 4, iteration 1 (-4 instructions):
 
   650 set :items_in_transit 0
   651 print "Unit status:"
   652 sensor *tmp280 .SRC @dead
-    * jump *label196 equal *tmp280 0
-    * jump *label86 always
+  653 jump *label86 notEqual *tmp280 0
   654 label *label196
   655 sensor *tmp283 .DST @dead
-    * jump *label198 equal *tmp283 0
-    * jump *label86 always
+  656 jump *label86 notEqual *tmp283 0
   657 label *label198
   658 sensor *tmp286 .SORTER @dead
-    * jump *label200 equal *tmp286 0
-    * jump *label86 always
+  659 jump *label86 notEqual *tmp286 0
   660 label *label200
   661 getlink *tmp289 .CONTAINER_INDEX
-    * jump *label202 equal .CONTAINER *tmp289
-    * jump *label86 always
+  662 jump *label86 notEqual .CONTAINER *tmp289
   663 label *label202
   664 label *label98
   665 jump *label204 lessThanEq .CHANGE 0

Modifications by Jumps phase, Jump Threading, pass 4, iteration 1:
 
    88 label *label30
    89 jump *label262 greaterThan :n 0
    90 label *label28
-    * jump *label32 notEqual .CONTAINER null
+   91 jump *label25 notEqual .CONTAINER null
    92 print "[salmon]No vault or container."
    93 printflush message1
-    * jump *label33 always
+   94 jump *label23 always
    95 label *label32
    96 jump *label25 always
    97 label *label33
 
   666 label *label206
   667 label *label204
   668 sensor *tmp297 @unit @controller
-    * jump *label208 notEqual *tmp297 @this
+  669 jump *label84 notEqual *tmp297 @this
   670 sensor :state @unit @flag
-    * jump *label210 equal :state .S_UNUSED
+  671 jump *label84 equal :state .S_UNUSED
   672 op max *tmp303 :state 1
   673 op min :state *tmp303 .STATE_LIMIT
   674 jump *label212 greaterThanEq .CHANGE 0
 
   824 jump *label255 equal .DROP_TO_CORE false
   825 ucontrol approach .CORE_X .CORE_Y 6
   826 ucontrol within .CORE_X .CORE_Y 8 *tmp382
-    * jump *label257 equal *tmp382 false
+  827 jump *label256 equal *tmp382 false
   828 ucontrol itemDrop .CORE .UNIT_CAPACITY
   829 sensor :items @unit @totalItems
   830 label *label257
 
   834 sensor :items @unit @totalItems
   835 label *label256
   836 label *label253
-    * jump *label259 greaterThan :items .PARK_ITEM_LIMIT
+  837 jump *label252 greaterThan :items .PARK_ITEM_LIMIT
   838 ucontrol move .PARK_X .PARK_Y
   839 set :state .S_UNUSED
   840 label *label259

Modifications by Jumps phase, Single Step Elimination, pass 4, iteration 1 (-1 instructions):
 
   845 label *label86
   846 control enabled switch1 false
   847 control enabled switch2 false
-    * end

Modifications by Jumps phase, Unreachable Code Elimination, pass 5, iteration 1 (-2 instructions):
 
    92 print "[salmon]No vault or container."
    93 printflush message1
    94 jump *label23 always
-    * jump *label25 always
-    * jump *label23 always
    95 label *label25
    96 set .CORE null
    97 jump *label34 notEqual LINK_ID 0

Modifications by Final phase, Temp Variables Elimination, iteration 1:
 
   101 ubind UNIT
   102 sensor *tmp34 @unit @controlled
   103 jump *label39 notEqual *tmp34 0
-    * ulocate building core false @copper .CORE_X .CORE_Y *tmp38 .CORE
+  104 ulocate building core false @copper .CORE_X .CORE_Y 0 .CORE
   105 ucontrol flag .S_UNUSED
   106 label *label39
   107 jump *label263 equal .CORE null
 
   147 sensor *tmp53 @unit @dead
   148 jump *label272 equal *tmp53 0
   149 label *label56
-    * ucontrol getBlock .CORE_X .CORE_Y :b_type .CORE *tmp58
+  150 ucontrol getBlock .CORE_X .CORE_Y :b_type .CORE 0
   151 jump *label59 equal :b_type @vault
   152 print "[salmon]Building at "
   153 print .CORE_X

Modifications by Final phase, Print Merging, iteration 1 (-79 instructions):
 
    37 ubind UNIT
    38 jump *label16 notEqual @unit null
    39 label *label261
-    * print "[salmon]No unit of type "
-    * print UNIT
-    * print " "
-    * print "found."
+   40 print "[salmon]No unit of type {0} found."
+   41 format UNIT
    42 printflush message1
    43 ubind UNIT
    44 jump *label261 equal @unit null
 
   108 jump *label35 always
   109 label *label34
   110 printflush message2
-    * print "[green]Locating vault #"
-    * print LINK_ID
-    * print "."
-    * print ".."
+  111 print "[green]Locating vault #{0}..."
+  112 format LINK_ID
   113 printflush message1
   114 op add .QUERY_FLAG 99999900 LINK_ID
   115 label *label264
 
   145 label *label56
   146 ucontrol getBlock .CORE_X .CORE_Y :b_type .CORE 0
   147 jump *label59 equal :b_type @vault
-    * print "[salmon]Building at "
-    * print .CORE_X
-    * print ","
-    * print " "
-    * print .CORE_Y
-    * print " "
-    * print "is not a vault!"
+  148 print "[salmon]Building at {0}, {0} is not a vault!"
+  149 format .CORE_X
+  150 format .CORE_Y
   151 printflush message2
   152 set .CORE null
   153 label *label59
 
   162 jump *label65 equal :sorter_type @sorter
   163 label *label266
   164 jump *label65 equal :sorter_type @inverted-sorter
-    * print "[salmon]Block sorter1 is neither a sorter, nor an inverted sorter."
-    * print "\n"
+  165 print "[salmon]Block sorter1 is neither a sorter, nor an inverted sorter.\n"
   166 jump *label68 equal .SORTER null
   167 print "Block found: "
   168 print .SORTER
 
   267 ubind UNIT
   268 jump *label89 notEqual @unit null
   269 label *label267
-    * print "No unit of type "
-    * print UNIT
-    * print " "
-    * print "found."
+  270 print "No unit of type {0} found."
+  271 format UNIT
   272 printflush message1
   273 ubind UNIT
   274 jump *label267 equal @unit null
 
   529 select .MESSAGE greaterThanEq @tick .MESSAGE_TIMEOUT "" .MESSAGE
   530 label *label141
   531 print .MESSAGE
-    * print "Moving [green]"
-    * print .ITEM
-    * print "["
-    * print "]"
+  532 print "Moving [green]{0}[]"
+  533 format .ITEM
   534 print .DIRECTION
   535 print *tmp96
   536 print .AUTO_ALLOCATION_TXT
   537 jump *label180 lessThanEq .TARGET 0
   538 jump *label182 lessThan :active .TARGET
-    * print "\n"
-    * print "Using [green]"
-    * print :active
-    * print "/"
-    * print .TARGET
-    * print "["
-    * print "] units ("
-    * print UNIT
-    * print ")"
-    * print " [gold]+"
+  539 print "\nUsing [green]{0}/{0}[] units ({0}) [gold]+"
+  540 format :active
+  541 format .TARGET
+  542 format UNIT
   543 print :items_in_transit
   544 jump *label183 always
   545 label *label182
-    * print "\n"
-    * print "Using [salmon]"
-    * print :active
-    * print "/"
-    * print .TARGET
-    * print "["
-    * print "] units ("
-    * print UNIT
-    * print ")"
-    * print " [gold]+"
+  546 print "\nUsing [salmon]{0}/{0}[] units ({0}) [gold]+"
+  547 format :active
+  548 format .TARGET
+  549 format UNIT
   550 print :items_in_transit
   551 label *label183
   552 jump *label184 lessThanEq .CHANGE 0
   553 print "\n[][salmon]Cannot acquire additional units![]"
   554 label *label184
   555 label *label180
-    * print "\n"
-    * print "[]Local items: [gold]"
+  556 print "\n[]Local items: [gold]"
   557 print :container_items
   558 jump *label186 greaterThanEq .EFF_LOCAL_LIMIT 100
-    * print "[] (limit [orange]"
-    * print .LOCAL_MARGIN
-    * print "["
-    * print "])"
+  559 print "[] (limit [orange]{0}[])"
+  560 format .LOCAL_MARGIN
   561 label *label186
   562 jump *label188 equal .SHOW_REMOTE_LEVEL false
   563 sensor :remote_level .CORE .ITEM
-    * print "\n"
-    * print "[]Remote items: [gold]"
+  564 print "\n[]Remote items: [gold]"
   565 print :remote_level
   566 jump *label190 greaterThanEq .EFF_REMOTE_LIMIT 100
-    * print "[] (limit [orange]"
-    * print .REMOTE_MARGIN
-    * print "["
-    * print "])"
+  567 print "[] (limit [orange]{0}[])"
+  568 format .REMOTE_MARGIN
   569 label *label190
   570 label *label188
   571 jump *label192 lessThanEq .TARGET 0
-    * print "\n"
-    * print "[]Speed: [green]"
+  572 print "\n[]Speed: [green]"
   573 print :items_per_min
   574 print .CORR_SIGN
   575 print :corr_per_min
   576 print .SPEED_UNIT_TXT
   577 jump *label194 equal .EFF_AUTO_ALLOCATION false
-    * print "\n"
-    * print "Unit throughput: [green]"
-    * print :items_per_min_unit
-    * print "["
-    * print "]/min"
-    * print "\n"
-    * print "Min/last round: [green]"
-    * print :turnaround_str
-    * print "["
-    * print "]/[green]"
-    * print :elapsed_str
-    * print "["
-    * print "] s"
+  578 print "\nUnit throughput: [green]{0}[]/min\nMin/last round: [green]{0}[]/[green]{0}[] s"
+  579 format :items_per_min_unit
+  580 format :turnaround_str
+  581 format :elapsed_str
   582 jump *label195 always
   583 label *label194
-    * print "\n"
-    * print "Last round: [green]"
-    * print :elapsed_str
-    * print "["
-    * print "] s"
+  584 print "\nLast round: [green]{0}[] s"
+  585 format :elapsed_str
   586 label *label195
-    * print "\n"
-    * print "Total wait time: [green]"
-    * print :wait_time_str
-    * print "["
-    * print "] s"
+  587 print "\nTotal wait time: [green]{0}[] s"
+  588 format :wait_time_str
   589 label *label192
-    * print "\n"
-    * print "[lightgray]Loop: "
-    * print :loop_time_ms
-    * print " "
-    * print "ms"
+  590 print "\n[lightgray]Loop: {0} ms"
+  591 format :loop_time_ms
   592 printflush message1
   593 op sub .CHANGE .TARGET :active
   594 set :active 0
 
   639 jump *label226 equal *tmp321 false
   640 ucontrol itemDrop .CORE .UNIT_CAPACITY
   641 label *label226
-    * print "[]"
-    * print "\n"
-    * print "Unloading previous items: [green]"
+  642 print "[]\nUnloading previous items: [green]"
   643 jump *label225 always
   644 label *label224
   645 ucontrol itemDrop @air .UNIT_CAPACITY
 
   662 op len *tmp332 *tmp329 *tmp331
   663 op idiv *tmp333 *tmp332 .SPEED_SEC
   664 op div *tmp334 *tmp333 10
-    * print "[]"
-    * print "\n"
-    * print "[gold]"
-    * print *tmp334
-    * print " "
-    * print "sec[] to "
-    * print "source"
-    * print ":"
-    * print " [green]"
+  665 print "[]\n[gold]{0} sec[] to source: [green]"
+  666 format *tmp334
   667 label *label231
   668 label *label228
   669 jump *label233 notEqual :state 3
 
   677 set :state 4
   678 jump *label238 always
   679 label *label237
-    * print "[]"
-    * print "\n"
-    * print "Waiting at source: [green]"
+  680 print "[]\nWaiting at source: [green]"
   681 ucontrol approach .SRC_X .SRC_Y 6
   682 op add :wait_time :wait_time :loop_time_ms
   683 op mul *tmp344 :loop_time_ms .SRC_REMOTE_WAIT
 
   701 op len *tmp355 *tmp352 *tmp354
   702 op idiv *tmp356 *tmp355 .SPEED_SEC
   703 op div *tmp357 *tmp356 10
-    * print "[]"
-    * print "\n"
-    * print "[gold]"
-    * print *tmp357
-    * print " "
-    * print "sec[] to "
-    * print "destination"
-    * print ":"
-    * print " [green]"
+  704 print "[]\n[gold]{0} sec[] to destination: [green]"
+  705 format *tmp357
   706 label *label242
   707 label *label239
   708 jump *label244 notEqual :state 5
 
   722 op len *tmp372 *tmp369 *tmp371
   723 op idiv *tmp373 *tmp372 .SPEED_SEC
   724 op div *tmp374 *tmp373 10
-    * print "[]"
-    * print "\n"
-    * print "[gold]"
-    * print *tmp374
-    * print " "
-    * print "sec[] to "
-    * print "source"
-    * print ":"
-    * print " [green]"
+  725 print "[]\n[gold]{0} sec[] to source: [green]"
+  726 format *tmp374
   727 jump *label249 always
   728 label *label248
-    * print "[]"
-    * print "\n"
-    * print "Waiting at destination: [green]"
+  729 print "[]\nWaiting at destination: [green]"
   730 ucontrol approach .DST_X .DST_Y 6
   731 op add :wait_time :wait_time :loop_time_ms
   732 op mul *tmp375 :loop_time_ms .DST_REMOTE_WAIT
 
   736 sensor :items @unit @totalItems
   737 op add :items_in_transit :items_in_transit :items
   738 jump *label251 notEqual :state 6
-    * print "[]"
-    * print "\n"
-    * print "Parking: [green]"
+  739 print "[]\nParking: [green]"
   740 jump *label253 lessThanEq :items 0
   741 jump *label255 equal .DROP_TO_CORE false
   742 ucontrol approach .CORE_X .CORE_Y 6

Code size and number of instantiations by function:
  Size  Times  AvgSize  Function
   549     1x    549,0  <no function>
    37     1x     37,0  def findAnotherContainer()
    35     1x     35,0  def itemTypeToIcon(in itemType)
    27     3x      9,0  inline def printUnitInfo(in name, in x, in y)
     1     1x      1,0  inline void printflush()

Runtime error at instruction #37: 'ubind UNIT':
Instruction 'ubind' not supported by Mindcode emulator.
Use the '#set err-unsupported-opcode = false;' directive to ignore this error.

Emulator output (39 steps, 0.33 sec):
Configurable options:Which unit type to use:Remote vault ID (1-99); if nonzero, items are moved to/from this vault instead of core:Start in auto allocation mode?Max units to use, in both manual and auto allocation modes:Leave discarded units with nonzero flag for housekeeping (flag-clearing) processor to pick them up:Drop superfluous items to air, even when there's a core:How much of local container capacity to use, in percents (20-100):How much of remote container capacity to use, in percents (20-100)Allocate at least this much more units than needed:Allocate at most this much more units than needed:Use average of last three flow rate values for better unit auto allocation stability:End of configurable options
