   466 instructions before optimizations.
    14 instructions eliminated by Temp Variables Elimination (2 passes, 7 iterations).
    76 instructions eliminated by Dead Code Elimination (7 iterations).
     5 instructions eliminated by Jump Normalization (5 iterations).
    41 instructions eliminated by Condition Optimization (6 iterations).
    38 instructions eliminated by Single Step Elimination (3 passes, 8 iterations).
    33 instructions eliminated by Data Flow Optimization (3 passes, 10 iterations).
    79 instructions added by Loop Unrolling (4 iterations).
     1 loops unrolled by Loop Unrolling.
    12 instructions eliminated by Jump Straightening (2 passes, 7 iterations).
    13 instructions updated by Jump Threading.
    16 instructions eliminated by Unreachable Code Elimination (2 iterations).
    32 instructions eliminated by Print Merging.
   278 instructions after optimizations.

Pass 1: speed optimization selection (cost limit 724):
  * Unroll iteration loop at line 87:9                           size  +101, benefit      375.0, efficiency      3.713 (+75 instructions)

Modifications by Initial phase, Dead Code Elimination, iteration 1 (-49 instructions):
 
    28 label *label15
    29 set *tmp1 true
    30 jump *label7 always
-    * set *tmp8 null
    31 jump *label14 always
    32 label *label13
    33 set *tmp9 :areUnitsAvailable:occupied
    34 op add :areUnitsAvailable:occupied :areUnitsAvailable:occupied 1
-    * set *tmp8 *tmp9
    35 label *label14
    36 ubind :areUnitsAvailable:type
    37 label *label11
 
    43 jump *label12 equal *tmp12 false
    44 jump *label10 always
    45 label *label12
-    * set *tmp3 null
    46 jump *label9 always
    47 label *label8
-    * set *tmp3 null
    48 label *label9
    49 jump *label18 equal :areUnitsAvailable:output false
    50 print :areUnitsAvailable:type
 
    52 print "occupied: "
    53 print :areUnitsAvailable:occupied
    54 print "\n"
-    * set *tmp13 null
    55 jump *label19 always
    56 label *label18
-    * set *tmp13 null
    57 label *label19
    58 set *tmp1 false
    59 jump *label7 always
 
    62 jump *label5 equal *tmp1 false
    63 set *tmp0 UNIT_TYPE
    64 jump *label1 always
-    * set *tmp14 null
    65 jump *label6 always
    66 label *label5
-    * set *tmp14 null
    67 label *label6
    68 set :chooseUnitType:type @flare
    69 setaddr *tmp15 *label23
 
   101 label *label39
   102 set *tmp18 true
   103 jump *label31 always
-    * set *tmp25 null
   104 jump *label38 always
   105 label *label37
   106 set *tmp26 :areUnitsAvailable.1:occupied
   107 op add :areUnitsAvailable.1:occupied :areUnitsAvailable.1:occupied 1
-    * set *tmp25 *tmp26
   108 label *label38
   109 ubind :areUnitsAvailable.1:type
   110 label *label35
 
   116 jump *label36 equal *tmp29 false
   117 jump *label34 always
   118 label *label36
-    * set *tmp20 null
   119 jump *label33 always
   120 label *label32
-    * set *tmp20 null
   121 label *label33
   122 jump *label42 equal :areUnitsAvailable.1:output false
   123 print :areUnitsAvailable.1:type
 
   125 print "occupied: "
   126 print :areUnitsAvailable.1:occupied
   127 print "\n"
-    * set *tmp30 null
   128 jump *label43 always
   129 label *label42
-    * set *tmp30 null
   130 label *label43
   131 set *tmp18 false
   132 jump *label31 always
 
   141 label *label29
   142 set *tmp31 null
   143 label *label30
-    * set *tmp17 *tmp31
   144 jump *label28 always
   145 label *label27
-    * set *tmp17 null
   146 label *label28
   147 label *label21
   148 multijump *tmp15 0 0 (m:marker0)
 
   166 op equal *tmp39 *tmp38 @this
   167 op land *tmp40 *tmp37 *tmp39
   168 jump *label48 equal *tmp40 false
-    * set *tmp33 :rebindUnit:currentUnit
   169 jump *label45 always
   170 set *tmp41 null
   171 jump *label49 always
   172 label *label48
   173 set *tmp41 null
   174 label *label49
-    * set *tmp35 *tmp41
   175 jump *label47 always
   176 label *label46
-    * set *tmp35 null
   177 label *label47
   178 ubind .unitType
   179 set :rebindUnit:firstUnit @unit
 
   183 sensor *tmp44 @unit @controlled
   184 op equal *tmp45 *tmp44 0
   185 jump *label55 equal *tmp45 false
-    * set *tmp33 @unit
   186 jump *label45 always
-    * set *tmp46 null
   187 jump *label56 always
   188 label *label55
-    * set *tmp46 null
   189 label *label56
   190 ubind .unitType
   191 label *label53
 
   197 jump *label54 equal *tmp49 false
   198 jump *label52 always
   199 label *label54
-    * set *tmp43 null
   200 jump *label51 always
   201 label *label50
-    * set *tmp43 null
   202 label *label51
   203 end
-    * set *tmp33 null
   204 label *label45
   205 ucontrol flag 1
   206 set *tmp32 @unit
 
   277 label *label71
   278 set *tmp77 null
   279 label *label72
-    * set *tmp71 *tmp77
   280 jump *label70 always
   281 label *label69
-    * set *tmp71 null
   282 label *label70
   283 ubind .unitType
   284 set :rebindUnit.1:firstUnit @unit
 
   290 jump *label78 equal *tmp81 false
   291 set *tmp69 @unit
   292 jump *label68 always
-    * set *tmp82 null
   293 jump *label79 always
   294 label *label78
-    * set *tmp82 null
   295 label *label79
   296 ubind .unitType
   297 label *label76
 
   303 jump *label77 equal *tmp85 false
   304 jump *label75 always
   305 label *label77
-    * set *tmp79 null
   306 jump *label74 always
   307 label *label73
-    * set *tmp79 null
   308 label *label74
   309 end
   310 set *tmp69 null
 
   348 label *label88
   349 set *tmp92 *tmp95
   350 label *label86
-    * set *tmp89 *tmp92
   351 jump *label82 always
   352 label *label81
-    * set *tmp89 null
   353 label *label82
   354 op equal *tmp98 :processUnit:state 2
   355 jump *label91 equal *tmp98 false
 
   382 set :processUnit:distance *tmp111
   383 set *tmp101 :processUnit:distance
   384 label *label94
-    * set *tmp99 *tmp101
   385 jump *label92 always
   386 label *label91
-    * set *tmp99 null
   387 label *label92
   388 op equal *tmp112 :processUnit:state 3
   389 jump *label97 equal *tmp112 false
 
   416 set :processUnit:distance *tmp125
   417 set *tmp115 :processUnit:distance
   418 label *label100
-    * set *tmp113 *tmp115
   419 jump *label98 always
   420 label *label97
-    * set *tmp113 null
   421 label *label98
   422 ucontrol flag :processUnit:state
   423 sensor *tmp126 @unit @totalItems
 
   431 print "["
   432 print "] sec"
   433 print "\n"
-    * set *tmp128 null
   434 jump *label104 always
   435 label *label103
   436 print .MSG
-    * set *tmp128 .MSG
   437 label *label104
   438 set *tmp68 @unit
   439 jump *label67 always
 
   479 label *label123
   480 set *tmp136 true
   481 jump *label115 always
-    * set *tmp143 null
   482 jump *label122 always
   483 label *label121
   484 set *tmp144 :areUnitsAvailable.2:occupied
   485 op add :areUnitsAvailable.2:occupied :areUnitsAvailable.2:occupied 1
-    * set *tmp143 *tmp144
   486 label *label122
   487 ubind :areUnitsAvailable.2:type
   488 label *label119
 
   494 jump *label120 equal *tmp147 false
   495 jump *label118 always
   496 label *label120
-    * set *tmp138 null
   497 jump *label117 always
   498 label *label116
-    * set *tmp138 null
   499 label *label117
   500 jump *label126 equal :areUnitsAvailable.2:output false
   501 print :areUnitsAvailable.2:type
 
   503 print "occupied: "
   504 print :areUnitsAvailable.2:occupied
   505 print "\n"
-    * set *tmp148 null
   506 jump *label127 always
   507 label *label126
-    * set *tmp148 null
   508 label *label127
   509 set *tmp136 false
   510 jump *label115 always
 
   512 label *label115
   513 jump *label113 equal *tmp136 false
   514 end
-    * set *tmp149 null
   515 jump *label114 always
   516 label *label113
-    * set *tmp149 null
   517 label *label114
   518 op add *tmp150 @time 5000
   519 set .unitCheck *tmp150
 
   524 label *label110
   525 set *tmp132 *tmp135
   526 label *label106
-    * set *tmp67 *tmp132
   527 jump *label66 always
   528 label *label65
-    * set *tmp67 null
   529 label *label66
   530 op sub *tmp151 @time :start
   531 op floor *tmp152 *tmp151

Modifications by Initial phase, Dead Code Elimination, iteration 2 (-17 instructions):
 
    30 jump *label7 always
    31 jump *label14 always
    32 label *label13
-    * set *tmp9 :areUnitsAvailable:occupied
    33 op add :areUnitsAvailable:occupied :areUnitsAvailable:occupied 1
    34 label *label14
    35 ubind :areUnitsAvailable:type
 
   102 jump *label31 always
   103 jump *label38 always
   104 label *label37
-    * set *tmp26 :areUnitsAvailable.1:occupied
   105 op add :areUnitsAvailable.1:occupied :areUnitsAvailable.1:occupied 1
   106 label *label38
   107 ubind :areUnitsAvailable.1:type
 
   134 printflush null
   135 set *tmp0 :chooseUnitType:type
   136 jump *label1 always
-    * set *tmp31 null
   137 jump *label30 always
   138 label *label29
-    * set *tmp31 null
   139 label *label30
   140 jump *label28 always
   141 label *label27
 
   163 op land *tmp40 *tmp37 *tmp39
   164 jump *label48 equal *tmp40 false
   165 jump *label45 always
-    * set *tmp41 null
   166 jump *label49 always
   167 label *label48
-    * set *tmp41 null
   168 label *label49
   169 jump *label47 always
   170 label *label46
 
   266 jump *label71 equal *tmp76 false
   267 set *tmp69 :rebindUnit.1:currentUnit
   268 jump *label68 always
-    * set *tmp77 null
   269 jump *label72 always
   270 label *label71
-    * set *tmp77 null
   271 label *label72
   272 jump *label70 always
   273 label *label69
 
   316 op equal *tmp91 *tmp90 @thorium
   317 jump *label85 equal *tmp91 false
   318 set :processUnit:state 3
-    * set *tmp92 :processUnit:state
   319 jump *label86 always
   320 label *label85
   321 sensor *tmp93 @unit @totalItems
 
   337 label *label90
   338 set *tmp95 *tmp97
   339 label *label88
-    * set *tmp92 *tmp95
   340 label *label86
   341 jump *label82 always
   342 label *label81
 
   357 set .MSG ", loading\n"
   358 set *tmp104 .MSG
   359 label *label96
-    * set *tmp101 *tmp104
   360 jump *label94 always
   361 label *label93
   362 ucontrol approach .coreX .coreY 6
 
   369 op idiv *tmp110 *tmp109 .speedTenths
   370 op div *tmp111 *tmp110 10
   371 set :processUnit:distance *tmp111
-    * set *tmp101 :processUnit:distance
   372 label *label94
   373 jump *label92 always
   374 label *label91
 
   389 label *label101
   390 set *tmp118 null
   391 label *label102
-    * set *tmp115 *tmp118
   392 jump *label100 always
   393 label *label99
   394 ucontrol approach .vaultX .vaultY 6
 
   401 op idiv *tmp124 *tmp123 .speedTenths
   402 op div *tmp125 *tmp124 10
   403 set :processUnit:distance *tmp125
-    * set *tmp115 :processUnit:distance
   404 label *label100
   405 jump *label98 always
   406 label *label97
 
   436 jump *label107 always
   437 label *label107
   438 ucontrol unbind
-    * set *tmp132 null
   439 jump *label106 always
   440 label *label105
   441 op notEqual *tmp133 .unitType UNIT_TYPE
 
   466 jump *label115 always
   467 jump *label122 always
   468 label *label121
-    * set *tmp144 :areUnitsAvailable.2:occupied
   469 op add :areUnitsAvailable.2:occupied :areUnitsAvailable.2:occupied 1
   470 label *label122
   471 ubind :areUnitsAvailable.2:type
 
   506 label *label109
   507 set *tmp135 null
   508 label *label110
-    * set *tmp132 *tmp135
   509 label *label106
   510 jump *label66 always
   511 label *label65

Modifications by Initial phase, Dead Code Elimination, iteration 3 (-8 instructions):
 
   322 op equal *tmp94 *tmp93 0
   323 jump *label87 equal *tmp94 false
   324 set :processUnit:state 2
-    * set *tmp95 :processUnit:state
   325 jump *label88 always
   326 label *label87
   327 set .MSG ", initializing\n"
 
   334 label *label89
   335 set *tmp97 null
   336 label *label90
-    * set *tmp95 *tmp97
   337 label *label88
   338 label *label86
   339 jump *label82 always
 
   349 jump *label95 equal *tmp103 false
   350 ucontrol approach .vaultX .vaultY 6
   351 set :processUnit:state 3
-    * set *tmp104 :processUnit:state
   352 jump *label96 always
   353 label *label95
   354 set .MSG ", loading\n"
-    * set *tmp104 .MSG
   355 label *label96
   356 jump *label94 always
   357 label *label93
 
   380 jump *label101 equal *tmp117 false
   381 ucontrol approach .coreX .coreY 6
   382 set :processUnit:state 2
-    * set *tmp118 :processUnit:state
   383 jump *label102 always
   384 label *label101
-    * set *tmp118 null
   385 label *label102
   386 jump *label100 always
   387 label *label99
 
   495 label *label114
   496 op add *tmp150 @time 5000
   497 set .unitCheck *tmp150
-    * set *tmp135 .unitCheck
   498 jump *label110 always
   499 label *label109
-    * set *tmp135 null
   500 label *label110
   501 label *label106
   502 jump *label66 always

Modifications by Initial phase, Dead Code Elimination, iteration 4 (-2 instructions):
 
   329 ucontrol within .coreX .coreY 8 *tmp96
   330 jump *label89 equal *tmp96 false
   331 ucontrol itemDrop .core .unitCapacity
-    * set *tmp97 null
   332 jump *label90 always
   333 label *label89
-    * set *tmp97 null
   334 label *label90
   335 label *label88
   336 label *label86

Modifications by Initial phase, Temp Variables Elimination, iteration 1 (-13 instructions):
 
   202 set *tmp32 null
   203 label *label44
   204 set .unit *tmp32
-    * sensor *tmp50 .unit @itemCapacity
-    * set .unitCapacity *tmp50
-    * sensor *tmp51 .unit @speed
-    * set .unitSpeed *tmp51
-    * op div *tmp52 .unitSpeed 10
-    * set .speedTenths *tmp52
+  205 sensor .unitCapacity .unit @itemCapacity
+  206 sensor .unitSpeed .unit @speed
+  207 op div .speedTenths .unitSpeed 10
   208 print "[gold]Locating core..."
   209 printflush message1
   210 label *label59
-    * ulocate building core false @copper *tmp55 *tmp56 *tmp57 *tmp54
-    * set :locateCore:core *tmp54
+  211 ulocate building core false @copper *tmp55 *tmp56 *tmp57 :locateCore:core
   212 label *label60
   213 op equal *tmp58 :locateCore:core null
   214 jump *label59 notEqual *tmp58 false
 
   218 set *tmp53 null
   219 label *label58
   220 set .core *tmp53
-    * sensor *tmp59 .core @x
-    * set .coreX *tmp59
-    * sensor *tmp60 .core @y
-    * set .coreY *tmp60
-    * sensor *tmp61 vault1 @x
-    * set .vaultX *tmp61
-    * sensor *tmp62 vault1 @y
-    * set .vaultY *tmp62
-    * op add *tmp63 @time 5000
-    * set .unitCheck *tmp63
+  221 sensor .coreX .core @x
+  222 sensor .coreY .core @y
+  223 sensor .vaultX vault1 @x
+  224 sensor .vaultY vault1 @y
+  225 op add .unitCheck @time 5000
   226 label *label62
   227 set :start @time
   228 print " === [gold]Supplying Power Plant[] === "
 
   293 set *tmp69 null
   294 label *label68
   295 set :processUnit:unit *tmp69
-    * sensor *tmp86 @unit @flag
-    * set :processUnit:state *tmp86
+  296 sensor :processUnit:state @unit @flag
   297 set :processUnit:distance -1
   298 op lessThan *tmp87 :processUnit:state 2
   299 jump *label83 notEqual *tmp87 false
 
   351 op sub *tmp108 .coreY *tmp107
   352 op len *tmp109 *tmp106 *tmp108
   353 op idiv *tmp110 *tmp109 .speedTenths
-    * op div *tmp111 *tmp110 10
-    * set :processUnit:distance *tmp111
+  354 op div :processUnit:distance *tmp110 10
   355 label *label94
   356 jump *label92 always
   357 label *label91
 
   380 op sub *tmp122 .vaultY *tmp121
   381 op len *tmp123 *tmp120 *tmp122
   382 op idiv *tmp124 *tmp123 .speedTenths
-    * op div *tmp125 *tmp124 10
-    * set :processUnit:distance *tmp125
+  383 op div :processUnit:distance *tmp124 10
   384 label *label100
   385 jump *label98 always
   386 label *label97
 
   479 jump *label114 always
   480 label *label113
   481 label *label114
-    * op add *tmp150 @time 5000
-    * set .unitCheck *tmp150
+  482 op add .unitCheck @time 5000
   483 jump *label110 always
   484 label *label109
   485 label *label110

Modifications by Iterated phase, Jump Straightening, pass 1, iteration 1 (-9 instructions):
 
    23 label *label16
    24 sensor *tmp6 @unit @controller
    25 op equal *tmp7 *tmp6 @this
-    * jump *label15 notEqual *tmp7 false
-    * jump *label13 always
+   26 jump *label13 equal *tmp7 false
    27 label *label15
    28 set *tmp1 true
    29 jump *label7 always
 
    38 label *label17
    39 sensor *tmp11 :areUnitsAvailable:firstUnit @dead
    40 op equal *tmp12 *tmp11 false
-    * jump *label12 equal *tmp12 false
-    * jump *label10 always
+   41 jump *label10 notEqual *tmp12 false
    42 label *label12
    43 jump *label9 always
    44 label *label8
 
    93 label *label40
    94 sensor *tmp23 @unit @controller
    95 op equal *tmp24 *tmp23 @this
-    * jump *label39 notEqual *tmp24 false
-    * jump *label37 always
+   96 jump *label37 equal *tmp24 false
    97 label *label39
    98 set *tmp18 true
    99 jump *label31 always
 
   108 label *label41
   109 sensor *tmp28 :areUnitsAvailable.1:firstUnit @dead
   110 op equal *tmp29 *tmp28 false
-    * jump *label36 equal *tmp29 false
-    * jump *label34 always
+  111 jump *label34 notEqual *tmp29 false
   112 label *label36
   113 jump *label33 always
   114 label *label32
 
   184 label *label57
   185 sensor *tmp48 :rebindUnit:firstUnit @dead
   186 op equal *tmp49 *tmp48 false
-    * jump *label54 equal *tmp49 false
-    * jump *label52 always
+  187 jump *label52 notEqual *tmp49 false
   188 label *label54
   189 jump *label51 always
   190 label *label50
 
   278 label *label80
   279 sensor *tmp84 :rebindUnit.1:firstUnit @dead
   280 op equal *tmp85 *tmp84 false
-    * jump *label77 equal *tmp85 false
-    * jump *label75 always
+  281 jump *label75 notEqual *tmp85 false
   282 label *label77
   283 jump *label74 always
   284 label *label73
 
   293 jump *label83 notEqual *tmp87 false
   294 label *label84
   295 op greaterThan *tmp88 :processUnit:state 3
-    * jump *label83 notEqual *tmp88 false
-    * jump *label81 always
+  296 jump *label81 equal *tmp88 false
   297 label *label83
   298 sensor *tmp90 @unit @firstItem
   299 op equal *tmp91 *tmp90 @thorium
 
   432 label *label124
   433 sensor *tmp141 @unit @controller
   434 op equal *tmp142 *tmp141 @this
-    * jump *label123 notEqual *tmp142 false
-    * jump *label121 always
+  435 jump *label121 equal *tmp142 false
   436 label *label123
   437 set *tmp136 true
   438 jump *label115 always
 
   447 label *label125
   448 sensor *tmp146 :areUnitsAvailable.2:firstUnit @dead
   449 op equal *tmp147 *tmp146 false
-    * jump *label120 equal *tmp147 false
-    * jump *label118 always
+  450 jump *label118 notEqual *tmp147 false
   451 label *label120
   452 jump *label117 always
   453 label *label116

Modifications by Iterated phase, Condition Optimization, pass 1, iteration 1 (-41 instructions):
 
    14 set :areUnitsAvailable:occupied 0
    15 ubind :areUnitsAvailable:type
    16 set :areUnitsAvailable:firstUnit @unit
-    * op notEqual *tmp2 :areUnitsAvailable:firstUnit null
-    * jump *label8 equal *tmp2 false
+   17 jump *label8 equal :areUnitsAvailable:firstUnit null
    18 label *label10
    19 sensor *tmp4 @unit @controlled
-    * op equal *tmp5 *tmp4 false
-    * jump *label15 notEqual *tmp5 false
+   20 jump *label15 equal *tmp4 false
    21 label *label16
    22 sensor *tmp6 @unit @controller
-    * op equal *tmp7 *tmp6 @this
-    * jump *label13 equal *tmp7 false
+   23 jump *label13 notEqual *tmp6 @this
    24 label *label15
    25 set *tmp1 true
    26 jump *label7 always
 
    30 label *label14
    31 ubind :areUnitsAvailable:type
    32 label *label11
-    * op notEqual *tmp10 @unit :areUnitsAvailable:firstUnit
-    * jump *label12 equal *tmp10 false
+   33 jump *label12 equal @unit :areUnitsAvailable:firstUnit
    34 label *label17
    35 sensor *tmp11 :areUnitsAvailable:firstUnit @dead
-    * op equal *tmp12 *tmp11 false
-    * jump *label10 notEqual *tmp12 false
+   36 jump *label10 equal *tmp11 false
    37 label *label12
    38 jump *label9 always
    39 label *label8
 
    72 set :chooseUnitType:type @mono
    73 setaddr *tmp15 *label26
    74 label *label20
-    * op notEqual *tmp16 :chooseUnitType:type UNIT_TYPE
-    * jump *label27 equal *tmp16 false
+   75 jump *label27 equal :chooseUnitType:type UNIT_TYPE
    76 set :areUnitsAvailable.1:type :chooseUnitType:type
    77 set :areUnitsAvailable.1:output true
    78 set :areUnitsAvailable.1:occupied 0
    79 ubind :areUnitsAvailable.1:type
    80 set :areUnitsAvailable.1:firstUnit @unit
-    * op notEqual *tmp19 :areUnitsAvailable.1:firstUnit null
-    * jump *label32 equal *tmp19 false
+   81 jump *label32 equal :areUnitsAvailable.1:firstUnit null
    82 label *label34
    83 sensor *tmp21 @unit @controlled
-    * op equal *tmp22 *tmp21 false
-    * jump *label39 notEqual *tmp22 false
+   84 jump *label39 equal *tmp21 false
    85 label *label40
    86 sensor *tmp23 @unit @controller
-    * op equal *tmp24 *tmp23 @this
-    * jump *label37 equal *tmp24 false
+   87 jump *label37 notEqual *tmp23 @this
    88 label *label39
    89 set *tmp18 true
    90 jump *label31 always
 
    94 label *label38
    95 ubind :areUnitsAvailable.1:type
    96 label *label35
-    * op notEqual *tmp27 @unit :areUnitsAvailable.1:firstUnit
-    * jump *label36 equal *tmp27 false
+   97 jump *label36 equal @unit :areUnitsAvailable.1:firstUnit
    98 label *label41
    99 sensor *tmp28 :areUnitsAvailable.1:firstUnit @dead
-    * op equal *tmp29 *tmp28 false
-    * jump *label34 notEqual *tmp29 false
+  100 jump *label34 equal *tmp28 false
   101 label *label36
   102 jump *label33 always
   103 label *label32
 
   138 set .unitType *tmp0
   139 set :acquireUnit:currentUnit null
   140 set :rebindUnit:currentUnit :acquireUnit:currentUnit
-    * op notEqual *tmp34 :rebindUnit:currentUnit null
-    * jump *label46 equal *tmp34 false
+  141 jump *label46 equal :rebindUnit:currentUnit null
   142 ubind :rebindUnit:currentUnit
   143 sensor *tmp36 @unit @dead
   144 op equal *tmp37 *tmp36 false
 
   155 label *label47
   156 ubind .unitType
   157 set :rebindUnit:firstUnit @unit
-    * op notEqual *tmp42 :rebindUnit:firstUnit null
-    * jump *label50 equal *tmp42 false
+  158 jump *label50 equal :rebindUnit:firstUnit null
   159 label *label52
   160 sensor *tmp44 @unit @controlled
-    * op equal *tmp45 *tmp44 0
-    * jump *label55 equal *tmp45 false
+  161 jump *label55 notEqual *tmp44 0
   162 jump *label45 always
   163 jump *label56 always
   164 label *label55
   165 label *label56
   166 ubind .unitType
   167 label *label53
-    * op notEqual *tmp47 @unit :rebindUnit:firstUnit
-    * jump *label54 equal *tmp47 false
+  168 jump *label54 equal @unit :rebindUnit:firstUnit
   169 label *label57
   170 sensor *tmp48 :rebindUnit:firstUnit @dead
-    * op equal *tmp49 *tmp48 false
-    * jump *label52 notEqual *tmp49 false
+  171 jump *label52 equal *tmp48 false
   172 label *label54
   173 jump *label51 always
   174 label *label50
 
   189 label *label59
   190 ulocate building core false @copper *tmp55 *tmp56 *tmp57 :locateCore:core
   191 label *label60
-    * op equal *tmp58 :locateCore:core null
-    * jump *label59 notEqual *tmp58 false
+  192 jump *label59 equal :locateCore:core null
   193 label *label61
   194 set *tmp53 :locateCore:core
   195 jump *label58 always
 
   214 print "]"
   215 print "\n"
   216 sensor *tmp65 vault1 @thorium
-    * op lessThan *tmp66 *tmp65 500
-    * jump *label65 equal *tmp66 false
+  217 jump *label65 greaterThanEq *tmp65 500
   218 print "\n"
   219 print "Unit type: [green]"
   220 print .unitType
 
   223 print "\n"
   224 set :processUnit:unit .unit
   225 set :rebindUnit.1:currentUnit :processUnit:unit
-    * op notEqual *tmp70 :rebindUnit.1:currentUnit null
-    * jump *label69 equal *tmp70 false
+  226 jump *label69 equal :rebindUnit.1:currentUnit null
   227 ubind :rebindUnit.1:currentUnit
   228 sensor *tmp72 @unit @dead
   229 op equal *tmp73 *tmp72 false
 
   241 label *label70
   242 ubind .unitType
   243 set :rebindUnit.1:firstUnit @unit
-    * op notEqual *tmp78 :rebindUnit.1:firstUnit null
-    * jump *label73 equal *tmp78 false
+  244 jump *label73 equal :rebindUnit.1:firstUnit null
   245 label *label75
   246 sensor *tmp80 @unit @controlled
-    * op equal *tmp81 *tmp80 0
-    * jump *label78 equal *tmp81 false
+  247 jump *label78 notEqual *tmp80 0
   248 set *tmp69 @unit
   249 jump *label68 always
   250 jump *label79 always
 
   252 label *label79
   253 ubind .unitType
   254 label *label76
-    * op notEqual *tmp83 @unit :rebindUnit.1:firstUnit
-    * jump *label77 equal *tmp83 false
+  255 jump *label77 equal @unit :rebindUnit.1:firstUnit
   256 label *label80
   257 sensor *tmp84 :rebindUnit.1:firstUnit @dead
-    * op equal *tmp85 *tmp84 false
-    * jump *label75 notEqual *tmp85 false
+  258 jump *label75 equal *tmp84 false
   259 label *label77
   260 jump *label74 always
   261 label *label73
 
   266 set :processUnit:unit *tmp69
   267 sensor :processUnit:state @unit @flag
   268 set :processUnit:distance -1
-    * op lessThan *tmp87 :processUnit:state 2
-    * jump *label83 notEqual *tmp87 false
+  269 jump *label83 lessThan :processUnit:state 2
   270 label *label84
-    * op greaterThan *tmp88 :processUnit:state 3
-    * jump *label81 equal *tmp88 false
+  271 jump *label81 lessThanEq :processUnit:state 3
   272 label *label83
   273 sensor *tmp90 @unit @firstItem
-    * op equal *tmp91 *tmp90 @thorium
-    * jump *label85 equal *tmp91 false
+  274 jump *label85 notEqual *tmp90 @thorium
   275 set :processUnit:state 3
   276 jump *label86 always
   277 label *label85
   278 sensor *tmp93 @unit @totalItems
-    * op equal *tmp94 *tmp93 0
-    * jump *label87 equal *tmp94 false
+  279 jump *label87 notEqual *tmp93 0
   280 set :processUnit:state 2
   281 jump *label88 always
   282 label *label87
 
   293 jump *label82 always
   294 label *label81
   295 label *label82
-    * op equal *tmp98 :processUnit:state 2
-    * jump *label91 equal *tmp98 false
+  296 jump *label91 notEqual :processUnit:state 2
   297 ucontrol within .coreX .coreY 8 *tmp100
   298 jump *label93 equal *tmp100 false
   299 ucontrol itemTake .core @thorium .unitCapacity
   300 sensor *tmp102 @unit @totalItems
-    * op greaterThanEq *tmp103 *tmp102 .unitCapacity
-    * jump *label95 equal *tmp103 false
+  301 jump *label95 lessThan *tmp102 .unitCapacity
   302 ucontrol approach .vaultX .vaultY 6
   303 set :processUnit:state 3
   304 jump *label96 always
 
   320 jump *label92 always
   321 label *label91
   322 label *label92
-    * op equal *tmp112 :processUnit:state 3
-    * jump *label97 equal *tmp112 false
+  323 jump *label97 notEqual :processUnit:state 3
   324 ucontrol within .vaultX .vaultY 8 *tmp114
   325 jump *label99 equal *tmp114 false
   326 ucontrol itemDrop vault1 .unitCapacity
   327 set .MSG ", supplying\n"
   328 sensor *tmp116 @unit @totalItems
-    * op lessThanEq *tmp117 *tmp116 0
-    * jump *label101 equal *tmp117 false
+  329 jump *label101 greaterThan *tmp116 0
   330 ucontrol approach .coreX .coreY 6
   331 set :processUnit:state 2
   332 jump *label102 always
 
   352 print "[gold]"
   353 print *tmp126
   354 print "[]"
-    * op greaterThanEq *tmp127 :processUnit:distance 0
-    * jump *label103 equal *tmp127 false
+  355 jump *label103 lessThan :processUnit:distance 0
   356 print .MSG
   357 print :processUnit:distance
   358 print "["
 
   368 label *label67
   369 set :state :processUnit:state
   370 set .unit *tmp68
-    * op equal *tmp129 :state 2
-    * jump *label105 equal *tmp129 false
+  371 jump *label105 notEqual :state 2
   372 label *label108
   373 sensor *tmp130 vault1 @thorium
-    * op greaterThanEq *tmp131 *tmp130 500
-    * jump *label105 equal *tmp131 false
+  374 jump *label105 lessThan *tmp130 500
   375 jump *label107 always
   376 label *label107
   377 ucontrol unbind
   378 jump *label106 always
   379 label *label105
-    * op notEqual *tmp133 .unitType UNIT_TYPE
-    * jump *label109 equal *tmp133 false
+  380 jump *label109 equal .unitType UNIT_TYPE
   381 label *label112
-    * op greaterThan *tmp134 .unitCheck @time
-    * jump *label109 equal *tmp134 false
+  382 jump *label109 lessThanEq .unitCheck @time
   383 jump *label111 always
   384 label *label111
   385 set :areUnitsAvailable.2:type UNIT_TYPE
 
   387 set :areUnitsAvailable.2:occupied 0
   388 ubind :areUnitsAvailable.2:type
   389 set :areUnitsAvailable.2:firstUnit @unit
-    * op notEqual *tmp137 :areUnitsAvailable.2:firstUnit null
-    * jump *label116 equal *tmp137 false
+  390 jump *label116 equal :areUnitsAvailable.2:firstUnit null
   391 label *label118
   392 sensor *tmp139 @unit @controlled
-    * op equal *tmp140 *tmp139 false
-    * jump *label123 notEqual *tmp140 false
+  393 jump *label123 equal *tmp139 false
   394 label *label124
   395 sensor *tmp141 @unit @controller
-    * op equal *tmp142 *tmp141 @this
-    * jump *label121 equal *tmp142 false
+  396 jump *label121 notEqual *tmp141 @this
   397 label *label123
   398 set *tmp136 true
   399 jump *label115 always
 
   403 label *label122
   404 ubind :areUnitsAvailable.2:type
   405 label *label119
-    * op notEqual *tmp145 @unit :areUnitsAvailable.2:firstUnit
-    * jump *label120 equal *tmp145 false
+  406 jump *label120 equal @unit :areUnitsAvailable.2:firstUnit
   407 label *label125
   408 sensor *tmp146 :areUnitsAvailable.2:firstUnit @dead
-    * op equal *tmp147 *tmp146 false
-    * jump *label118 notEqual *tmp147 false
+  409 jump *label118 equal *tmp146 false
   410 label *label120
   411 jump *label117 always
   412 label *label116

Modifications by Iterated phase, Single Step Elimination, pass 1, iteration 1 (-27 instructions):
 
    35 sensor *tmp11 :areUnitsAvailable:firstUnit @dead
    36 jump *label10 equal *tmp11 false
    37 label *label12
-    * jump *label9 always
    38 label *label8
    39 label *label9
    40 jump *label18 equal :areUnitsAvailable:output false
 
    43 print "occupied: "
    44 print :areUnitsAvailable:occupied
    45 print "\n"
-    * jump *label19 always
    46 label *label18
    47 label *label19
    48 set *tmp1 false
 
    52 jump *label5 equal *tmp1 false
    53 set *tmp0 UNIT_TYPE
    54 jump *label1 always
-    * jump *label6 always
    55 label *label5
    56 label *label6
    57 set :chooseUnitType:type @flare
 
    96 sensor *tmp28 :areUnitsAvailable.1:firstUnit @dead
    97 jump *label34 equal *tmp28 false
    98 label *label36
-    * jump *label33 always
    99 label *label32
   100 label *label33
   101 jump *label42 equal :areUnitsAvailable.1:output false
 
   104 print "occupied: "
   105 print :areUnitsAvailable.1:occupied
   106 print "\n"
-    * jump *label43 always
   107 label *label42
   108 label *label43
   109 set *tmp18 false
 
   114 printflush null
   115 set *tmp0 :chooseUnitType:type
   116 jump *label1 always
-    * jump *label30 always
   117 label *label29
   118 label *label30
-    * jump *label28 always
   119 label *label27
   120 label *label28
   121 label *label21
 
   140 op land *tmp40 *tmp37 *tmp39
   141 jump *label48 equal *tmp40 false
   142 jump *label45 always
-    * jump *label49 always
   143 label *label48
   144 label *label49
-    * jump *label47 always
   145 label *label46
   146 label *label47
   147 ubind .unitType
 
   151 sensor *tmp44 @unit @controlled
   152 jump *label55 notEqual *tmp44 0
   153 jump *label45 always
-    * jump *label56 always
   154 label *label55
   155 label *label56
   156 ubind .unitType
 
   160 sensor *tmp48 :rebindUnit:firstUnit @dead
   161 jump *label52 equal *tmp48 false
   162 label *label54
-    * jump *label51 always
   163 label *label50
   164 label *label51
   165 end
 
   222 jump *label71 equal *tmp76 false
   223 set *tmp69 :rebindUnit.1:currentUnit
   224 jump *label68 always
-    * jump *label72 always
   225 label *label71
   226 label *label72
-    * jump *label70 always
   227 label *label69
   228 label *label70
   229 ubind .unitType
 
   234 jump *label78 notEqual *tmp80 0
   235 set *tmp69 @unit
   236 jump *label68 always
-    * jump *label79 always
   237 label *label78
   238 label *label79
   239 ubind .unitType
 
   243 sensor *tmp84 :rebindUnit.1:firstUnit @dead
   244 jump *label75 equal *tmp84 false
   245 label *label77
-    * jump *label74 always
   246 label *label73
   247 label *label74
   248 end
 
   270 ucontrol within .coreX .coreY 8 *tmp96
   271 jump *label89 equal *tmp96 false
   272 ucontrol itemDrop .core .unitCapacity
-    * jump *label90 always
   273 label *label89
   274 label *label90
   275 label *label88
   276 label *label86
-    * jump *label82 always
   277 label *label81
   278 label *label82
   279 jump *label91 notEqual :processUnit:state 2
 
   300 op idiv *tmp110 *tmp109 .speedTenths
   301 op div :processUnit:distance *tmp110 10
   302 label *label94
-    * jump *label92 always
   303 label *label91
   304 label *label92
   305 jump *label97 notEqual :processUnit:state 3
 
   311 jump *label101 greaterThan *tmp116 0
   312 ucontrol approach .coreX .coreY 6
   313 set :processUnit:state 2
-    * jump *label102 always
   314 label *label101
   315 label *label102
   316 jump *label100 always
 
   325 op idiv *tmp124 *tmp123 .speedTenths
   326 op div :processUnit:distance *tmp124 10
   327 label *label100
-    * jump *label98 always
   328 label *label97
   329 label *label98
   330 ucontrol flag :processUnit:state
 
   352 label *label108
   353 sensor *tmp130 vault1 @thorium
   354 jump *label105 lessThan *tmp130 500
-    * jump *label107 always
   355 label *label107
   356 ucontrol unbind
   357 jump *label106 always
 
   359 jump *label109 equal .unitType UNIT_TYPE
   360 label *label112
   361 jump *label109 lessThanEq .unitCheck @time
-    * jump *label111 always
   362 label *label111
   363 set :areUnitsAvailable.2:type UNIT_TYPE
   364 set :areUnitsAvailable.2:output false
 
   386 sensor *tmp146 :areUnitsAvailable.2:firstUnit @dead
   387 jump *label118 equal *tmp146 false
   388 label *label120
-    * jump *label117 always
   389 label *label116
   390 label *label117
   391 jump *label126 equal :areUnitsAvailable.2:output false
 
   394 print "occupied: "
   395 print :areUnitsAvailable.2:occupied
   396 print "\n"
-    * jump *label127 always
   397 label *label126
   398 label *label127
   399 set *tmp136 false
 
   402 label *label115
   403 jump *label113 equal *tmp136 false
   404 end
-    * jump *label114 always
   405 label *label113
   406 label *label114
   407 op add .unitCheck @time 5000
-    * jump *label110 always
   408 label *label109
   409 label *label110
   410 label *label106
-    * jump *label66 always
   411 label *label65
   412 label *label66
   413 op sub *tmp151 @time :start

Modifications by Iterated phase, Data Flow Optimization, pass 1, iteration 1 (-8 instructions):
 
    12 set :areUnitsAvailable:type UNIT_TYPE
    13 set :areUnitsAvailable:output true
    14 set :areUnitsAvailable:occupied 0
-    * ubind :areUnitsAvailable:type
+   15 ubind UNIT_TYPE
    16 set :areUnitsAvailable:firstUnit @unit
    17 jump *label8 equal :areUnitsAvailable:firstUnit null
    18 label *label10
 
    28 label *label13
    29 op add :areUnitsAvailable:occupied :areUnitsAvailable:occupied 1
    30 label *label14
-    * ubind :areUnitsAvailable:type
+   31 ubind UNIT_TYPE
    32 label *label11
    33 jump *label12 equal @unit :areUnitsAvailable:firstUnit
    34 label *label17
 
    37 label *label12
    38 label *label8
    39 label *label9
-    * jump *label18 equal :areUnitsAvailable:output false
-    * print :areUnitsAvailable:type
+   40 jump *label18 equal true false
+   41 print UNIT_TYPE
    42 print " "
    43 print "occupied: "
    44 print :areUnitsAvailable:occupied
 
    47 label *label19
    48 set *tmp1 false
    49 jump *label7 always
-    * set *tmp1 null
    50 label *label7
    51 jump *label5 equal *tmp1 false
    52 set *tmp0 UNIT_TYPE
 
    72 set :areUnitsAvailable.1:type :chooseUnitType:type
    73 set :areUnitsAvailable.1:output true
    74 set :areUnitsAvailable.1:occupied 0
-    * ubind :areUnitsAvailable.1:type
+   75 ubind :chooseUnitType:type
    76 set :areUnitsAvailable.1:firstUnit @unit
    77 jump *label32 equal :areUnitsAvailable.1:firstUnit null
    78 label *label34
 
    88 label *label37
    89 op add :areUnitsAvailable.1:occupied :areUnitsAvailable.1:occupied 1
    90 label *label38
-    * ubind :areUnitsAvailable.1:type
+   91 ubind :chooseUnitType:type
    92 label *label35
    93 jump *label36 equal @unit :areUnitsAvailable.1:firstUnit
    94 label *label41
 
    97 label *label36
    98 label *label32
    99 label *label33
-    * jump *label42 equal :areUnitsAvailable.1:output false
-    * print :areUnitsAvailable.1:type
+  100 jump *label42 equal true false
+  101 print :chooseUnitType:type
   102 print " "
   103 print "occupied: "
   104 print :areUnitsAvailable.1:occupied
 
   107 label *label43
   108 set *tmp18 false
   109 jump *label31 always
-    * set *tmp18 null
   110 label *label31
   111 jump *label29 equal *tmp18 false
   112 printflush null
 
   128 label *label1
   129 set .unitType *tmp0
   130 set :acquireUnit:currentUnit null
-    * set :rebindUnit:currentUnit :acquireUnit:currentUnit
-    * jump *label46 equal :rebindUnit:currentUnit null
-    * ubind :rebindUnit:currentUnit
+  131 set :rebindUnit:currentUnit null
+  132 jump *label46 equal :acquireUnit:currentUnit null
+  133 ubind :acquireUnit:currentUnit
   134 sensor *tmp36 @unit @dead
   135 op equal *tmp37 *tmp36 false
   136 sensor *tmp38 @unit @controller
 
   142 label *label49
   143 label *label46
   144 label *label47
-    * ubind .unitType
+  145 ubind *tmp0
   146 set :rebindUnit:firstUnit @unit
   147 jump *label50 equal :rebindUnit:firstUnit null
   148 label *label52
 
   151 jump *label45 always
   152 label *label55
   153 label *label56
-    * ubind .unitType
+  154 ubind *tmp0
   155 label *label53
   156 jump *label54 equal @unit :rebindUnit:firstUnit
   157 label *label57
 
   165 ucontrol flag 1
   166 set *tmp32 @unit
   167 jump *label44 always
-    * set *tmp32 null
   168 label *label44
   169 set .unit *tmp32
-    * sensor .unitCapacity .unit @itemCapacity
-    * sensor .unitSpeed .unit @speed
+  170 sensor .unitCapacity *tmp32 @itemCapacity
+  171 sensor .unitSpeed *tmp32 @speed
   172 op div .speedTenths .unitSpeed 10
   173 print "[gold]Locating core..."
   174 printflush message1
 
   179 label *label61
   180 set *tmp53 :locateCore:core
   181 jump *label58 always
-    * set *tmp53 null
   182 label *label58
-    * set .core *tmp53
-    * sensor .coreX .core @x
-    * sensor .coreY .core @y
+  183 set .core :locateCore:core
+  184 sensor .coreX *tmp53 @x
+  185 sensor .coreY *tmp53 @y
   186 sensor .vaultX vault1 @x
   187 sensor .vaultY vault1 @y
   188 op add .unitCheck @time 5000
 
   202 jump *label65 greaterThanEq *tmp65 500
   203 print "\n"
   204 print "Unit type: [green]"
-    * print .unitType
+  205 print *tmp0
   206 print "["
   207 print "]"
   208 print "\n"
   209 set :processUnit:unit .unit
-    * set :rebindUnit.1:currentUnit :processUnit:unit
-    * jump *label69 equal :rebindUnit.1:currentUnit null
-    * ubind :rebindUnit.1:currentUnit
+  210 set :rebindUnit.1:currentUnit .unit
+  211 jump *label69 equal :processUnit:unit null
+  212 ubind :processUnit:unit
   213 sensor *tmp72 @unit @dead
   214 op equal *tmp73 *tmp72 false
   215 sensor *tmp74 @unit @controller
   216 op equal *tmp75 *tmp74 @this
   217 op land *tmp76 *tmp73 *tmp75
   218 jump *label71 equal *tmp76 false
-    * set *tmp69 :rebindUnit.1:currentUnit
+  219 set *tmp69 :processUnit:unit
   220 jump *label68 always
   221 label *label71
   222 label *label72
   223 label *label69
   224 label *label70
-    * ubind .unitType
+  225 ubind *tmp0
   226 set :rebindUnit.1:firstUnit @unit
   227 jump *label73 equal :rebindUnit.1:firstUnit null
   228 label *label75
 
   232 jump *label68 always
   233 label *label78
   234 label *label79
-    * ubind .unitType
+  235 ubind *tmp0
   236 label *label76
   237 jump *label77 equal @unit :rebindUnit.1:firstUnit
   238 label *label80
 
   242 label *label73
   243 label *label74
   244 end
-    * set *tmp69 null
   245 label *label68
-    * set :processUnit:unit *tmp69
   246 sensor :processUnit:state @unit @flag
   247 set :processUnit:distance -1
   248 jump *label83 lessThan :processUnit:state 2
 
   263 ucontrol approach .coreX .coreY 6
   264 ucontrol within .coreX .coreY 8 *tmp96
   265 jump *label89 equal *tmp96 false
-    * ucontrol itemDrop .core .unitCapacity
+  266 ucontrol itemDrop *tmp53 .unitCapacity
   267 label *label89
   268 label *label90
   269 label *label88
 
   273 jump *label91 notEqual :processUnit:state 2
   274 ucontrol within .coreX .coreY 8 *tmp100
   275 jump *label93 equal *tmp100 false
-    * ucontrol itemTake .core @thorium .unitCapacity
+  276 ucontrol itemTake *tmp53 @thorium .unitCapacity
   277 sensor *tmp102 @unit @totalItems
   278 jump *label95 lessThan *tmp102 .unitCapacity
   279 ucontrol approach .vaultX .vaultY 6
 
   338 label *label104
   339 set *tmp68 @unit
   340 jump *label67 always
-    * set *tmp68 null
   341 label *label67
   342 set :state :processUnit:state
   343 set .unit *tmp68
-    * jump *label105 notEqual :state 2
+  344 jump *label105 notEqual :processUnit:state 2
   345 label *label108
   346 sensor *tmp130 vault1 @thorium
   347 jump *label105 lessThan *tmp130 500
 
   349 ucontrol unbind
   350 jump *label106 always
   351 label *label105
-    * jump *label109 equal .unitType UNIT_TYPE
+  352 jump *label109 equal *tmp0 UNIT_TYPE
   353 label *label112
   354 jump *label109 lessThanEq .unitCheck @time
   355 label *label111
   356 set :areUnitsAvailable.2:type UNIT_TYPE
   357 set :areUnitsAvailable.2:output false
   358 set :areUnitsAvailable.2:occupied 0
-    * ubind :areUnitsAvailable.2:type
+  359 ubind UNIT_TYPE
   360 set :areUnitsAvailable.2:firstUnit @unit
   361 jump *label116 equal :areUnitsAvailable.2:firstUnit null
   362 label *label118
 
   372 label *label121
   373 op add :areUnitsAvailable.2:occupied :areUnitsAvailable.2:occupied 1
   374 label *label122
-    * ubind :areUnitsAvailable.2:type
+  375 ubind UNIT_TYPE
   376 label *label119
   377 jump *label120 equal @unit :areUnitsAvailable.2:firstUnit
   378 label *label125
 
   381 label *label120
   382 label *label116
   383 label *label117
-    * jump *label126 equal :areUnitsAvailable.2:output false
-    * print :areUnitsAvailable.2:type
+  384 jump *label126 equal false false
+  385 print UNIT_TYPE
   386 print " "
   387 print "occupied: "
   388 print :areUnitsAvailable.2:occupied
 
   391 label *label127
   392 set *tmp136 false
   393 jump *label115 always
-    * set *tmp136 null
   394 label *label115
   395 jump *label113 equal *tmp136 false
   396 end

Modifications by Iterated phase, Data Flow Optimization, pass 1, iteration 2 (-12 instructions):
 
     9 printflush null
    10 print "[gold]Looking for suitable unit type:[]"
    11 print "\n"
-    * set :areUnitsAvailable:type UNIT_TYPE
-    * set :areUnitsAvailable:output true
    12 set :areUnitsAvailable:occupied 0
    13 ubind UNIT_TYPE
    14 set :areUnitsAvailable:firstUnit @unit
 
    67 setaddr *tmp15 *label26
    68 label *label20
    69 jump *label27 equal :chooseUnitType:type UNIT_TYPE
-    * set :areUnitsAvailable.1:type :chooseUnitType:type
-    * set :areUnitsAvailable.1:output true
    70 set :areUnitsAvailable.1:occupied 0
    71 ubind :chooseUnitType:type
    72 set :areUnitsAvailable.1:firstUnit @unit
 
   122 label *label4
   123 set *tmp0 null
   124 label *label1
-    * set .unitType *tmp0
   125 set :acquireUnit:currentUnit null
-    * set :rebindUnit:currentUnit null
-    * jump *label46 equal :acquireUnit:currentUnit null
-    * ubind :acquireUnit:currentUnit
+  126 jump *label46 equal null null
+  127 ubind null
   128 sensor *tmp36 @unit @dead
   129 op equal *tmp37 *tmp36 false
   130 sensor *tmp38 @unit @controller
 
   174 set *tmp53 :locateCore:core
   175 jump *label58 always
   176 label *label58
-    * set .core :locateCore:core
-    * sensor .coreX *tmp53 @x
-    * sensor .coreY *tmp53 @y
+  177 sensor .coreX :locateCore:core @x
+  178 sensor .coreY :locateCore:core @y
   179 sensor .vaultX vault1 @x
   180 sensor .vaultY vault1 @y
   181 op add .unitCheck @time 5000
 
   200 print "]"
   201 print "\n"
   202 set :processUnit:unit .unit
-    * set :rebindUnit.1:currentUnit .unit
-    * jump *label69 equal :processUnit:unit null
-    * ubind :processUnit:unit
+  203 jump *label69 equal .unit null
+  204 ubind .unit
   205 sensor *tmp72 @unit @dead
   206 op equal *tmp73 *tmp72 false
   207 sensor *tmp74 @unit @controller
   208 op equal *tmp75 *tmp74 @this
   209 op land *tmp76 *tmp73 *tmp75
   210 jump *label71 equal *tmp76 false
-    * set *tmp69 :processUnit:unit
+  211 set *tmp69 .unit
   212 jump *label68 always
   213 label *label71
   214 label *label72
 
   220 label *label75
   221 sensor *tmp80 @unit @controlled
   222 jump *label78 notEqual *tmp80 0
-    * set *tmp69 @unit
   223 jump *label68 always
   224 label *label78
   225 label *label79
 
   254 ucontrol approach .coreX .coreY 6
   255 ucontrol within .coreX .coreY 8 *tmp96
   256 jump *label89 equal *tmp96 false
-    * ucontrol itemDrop *tmp53 .unitCapacity
+  257 ucontrol itemDrop :locateCore:core .unitCapacity
   258 label *label89
   259 label *label90
   260 label *label88
 
   264 jump *label91 notEqual :processUnit:state 2
   265 ucontrol within .coreX .coreY 8 *tmp100
   266 jump *label93 equal *tmp100 false
-    * ucontrol itemTake *tmp53 @thorium .unitCapacity
+  267 ucontrol itemTake :locateCore:core @thorium .unitCapacity
   268 sensor *tmp102 @unit @totalItems
   269 jump *label95 lessThan *tmp102 .unitCapacity
   270 ucontrol approach .vaultX .vaultY 6
 
   330 set *tmp68 @unit
   331 jump *label67 always
   332 label *label67
-    * set :state :processUnit:state
   333 set .unit *tmp68
   334 jump *label105 notEqual :processUnit:state 2
   335 label *label108
 
   343 label *label112
   344 jump *label109 lessThanEq .unitCheck @time
   345 label *label111
-    * set :areUnitsAvailable.2:type UNIT_TYPE
-    * set :areUnitsAvailable.2:output false
   346 set :areUnitsAvailable.2:occupied 0
   347 ubind UNIT_TYPE
   348 set :areUnitsAvailable.2:firstUnit @unit

Modifications by Iterated phase, Data Flow Optimization, pass 1, iteration 3 (-4 instructions):
 
   122 label *label4
   123 set *tmp0 null
   124 label *label1
-    * set :acquireUnit:currentUnit null
   125 jump *label46 equal null null
   126 ubind null
   127 sensor *tmp36 @unit @dead
 
   170 label *label60
   171 jump *label59 equal :locateCore:core null
   172 label *label61
-    * set *tmp53 :locateCore:core
   173 jump *label58 always
   174 label *label58
   175 sensor .coreX :locateCore:core @x
 
   197 print "["
   198 print "]"
   199 print "\n"
-    * set :processUnit:unit .unit
   200 jump *label69 equal .unit null
   201 ubind .unit
   202 sensor *tmp72 @unit @dead
 
   205 op equal *tmp75 *tmp74 @this
   206 op land *tmp76 *tmp73 *tmp75
   207 jump *label71 equal *tmp76 false
-    * set *tmp69 .unit
   208 jump *label68 always
   209 label *label71
   210 label *label72

Modifications by Unroll iteration loop at line 87:9 (+79 instructions):
 
    49 jump *label1 always
    50 label *label5
    51 label *label6
-    * set :chooseUnitType:type @flare
-    * setaddr *tmp15 *label23
-    * jump *label20 always
-    * multilabel *label23 (m:marker0)
-    * set :chooseUnitType:type @poly
-    * setaddr *tmp15 *label24
-    * jump *label20 always
-    * multilabel *label24 (m:marker0)
-    * set :chooseUnitType:type @mega
-    * setaddr *tmp15 *label25
-    * jump *label20 always
-    * multilabel *label25 (m:marker0)
-    * set :chooseUnitType:type @mono
-    * setaddr *tmp15 *label26
-    * label *label20
-    * jump *label27 equal :chooseUnitType:type UNIT_TYPE
-    * set :areUnitsAvailable.1:occupied 0
-    * ubind :chooseUnitType:type
-    * set :areUnitsAvailable.1:firstUnit @unit
-    * jump *label32 equal :areUnitsAvailable.1:firstUnit null
-    * label *label34
-    * sensor *tmp21 @unit @controlled
-    * jump *label39 equal *tmp21 false
-    * sensor *tmp23 @unit @controller
-    * jump *label37 notEqual *tmp23 @this
-    * label *label39
-    * set *tmp18 true
-    * jump *label31 always
-    * jump *label38 always
-    * label *label37
-    * op add :areUnitsAvailable.1:occupied :areUnitsAvailable.1:occupied 1
-    * label *label38
-    * ubind :chooseUnitType:type
-    * label *label35
-    * jump *label36 equal @unit :areUnitsAvailable.1:firstUnit
-    * sensor *tmp28 :areUnitsAvailable.1:firstUnit @dead
-    * jump *label34 equal *tmp28 false
-    * label *label36
-    * label *label32
-    * label *label33
-    * jump *label42 equal true false
-    * print :chooseUnitType:type
-    * print " "
-    * print "occupied: "
-    * print :areUnitsAvailable.1:occupied
-    * print "\n"
-    * label *label42
-    * label *label43
-    * set *tmp18 false
-    * jump *label31 always
-    * label *label31
-    * jump *label29 equal *tmp18 false
-    * printflush null
-    * set *tmp0 :chooseUnitType:type
-    * jump *label1 always
-    * label *label29
-    * label *label30
-    * label *label27
-    * label *label28
-    * label *label21
-    * multijump *tmp15 0 0 (m:marker0)
-    * multilabel *label26 (m:marker0)
-    * label *label22
+   52 set :chooseUnitType:type @flare
+   53 label *label128
+   54 jump *label142 equal :chooseUnitType:type UNIT_TYPE
+   55 set :areUnitsAvailable.1:occupied 0
+   56 ubind :chooseUnitType:type
+   57 set :areUnitsAvailable.1:firstUnit @unit
+   58 jump *label135 equal :areUnitsAvailable.1:firstUnit null
+   59 label *label129
+   60 sensor *tmp21 @unit @controlled
+   61 jump *label130 equal *tmp21 false
+   62 sensor *tmp23 @unit @controller
+   63 jump *label131 notEqual *tmp23 @this
+   64 label *label130
+   65 set *tmp18 true
+   66 jump *label139 always
+   67 jump *label132 always
+   68 label *label131
+   69 op add :areUnitsAvailable.1:occupied :areUnitsAvailable.1:occupied 1
+   70 label *label132
+   71 ubind :chooseUnitType:type
+   72 label *label133
+   73 jump *label134 equal @unit :areUnitsAvailable.1:firstUnit
+   74 sensor *tmp28 :areUnitsAvailable.1:firstUnit @dead
+   75 jump *label129 equal *tmp28 false
+   76 label *label134
+   77 label *label135
+   78 label *label136
+   79 jump *label137 equal true false
+   80 print :chooseUnitType:type
+   81 print " "
+   82 print "occupied: "
+   83 print :areUnitsAvailable.1:occupied
+   84 print "\n"
+   85 label *label137
+   86 label *label138
+   87 set *tmp18 false
+   88 jump *label139 always
+   89 label *label139
+   90 jump *label140 equal *tmp18 false
+   91 printflush null
+   92 set *tmp0 :chooseUnitType:type
+   93 jump *label1 always
+   94 label *label140
+   95 label *label141
+   96 label *label142
+   97 label *label143
+   98 label *label144
+   99 set :chooseUnitType:type @poly
+  100 label *label147
+  101 jump *label161 equal :chooseUnitType:type UNIT_TYPE
+  102 set :areUnitsAvailable.1:occupied 0
+  103 ubind :chooseUnitType:type
+  104 set :areUnitsAvailable.1:firstUnit @unit
+  105 jump *label154 equal :areUnitsAvailable.1:firstUnit null
+  106 label *label148
+  107 sensor *tmp21 @unit @controlled
+  108 jump *label149 equal *tmp21 false
+  109 sensor *tmp23 @unit @controller
+  110 jump *label150 notEqual *tmp23 @this
+  111 label *label149
+  112 set *tmp18 true
+  113 jump *label158 always
+  114 jump *label151 always
+  115 label *label150
+  116 op add :areUnitsAvailable.1:occupied :areUnitsAvailable.1:occupied 1
+  117 label *label151
+  118 ubind :chooseUnitType:type
+  119 label *label152
+  120 jump *label153 equal @unit :areUnitsAvailable.1:firstUnit
+  121 sensor *tmp28 :areUnitsAvailable.1:firstUnit @dead
+  122 jump *label148 equal *tmp28 false
+  123 label *label153
+  124 label *label154
+  125 label *label155
+  126 jump *label156 equal true false
+  127 print :chooseUnitType:type
+  128 print " "
+  129 print "occupied: "
+  130 print :areUnitsAvailable.1:occupied
+  131 print "\n"
+  132 label *label156
+  133 label *label157
+  134 set *tmp18 false
+  135 jump *label158 always
+  136 label *label158
+  137 jump *label159 equal *tmp18 false
+  138 printflush null
+  139 set *tmp0 :chooseUnitType:type
+  140 jump *label1 always
+  141 label *label159
+  142 label *label160
+  143 label *label161
+  144 label *label162
+  145 label *label163
+  146 set :chooseUnitType:type @mega
+  147 label *label166
+  148 jump *label180 equal :chooseUnitType:type UNIT_TYPE
+  149 set :areUnitsAvailable.1:occupied 0
+  150 ubind :chooseUnitType:type
+  151 set :areUnitsAvailable.1:firstUnit @unit
+  152 jump *label173 equal :areUnitsAvailable.1:firstUnit null
+  153 label *label167
+  154 sensor *tmp21 @unit @controlled
+  155 jump *label168 equal *tmp21 false
+  156 sensor *tmp23 @unit @controller
+  157 jump *label169 notEqual *tmp23 @this
+  158 label *label168
+  159 set *tmp18 true
+  160 jump *label177 always
+  161 jump *label170 always
+  162 label *label169
+  163 op add :areUnitsAvailable.1:occupied :areUnitsAvailable.1:occupied 1
+  164 label *label170
+  165 ubind :chooseUnitType:type
+  166 label *label171
+  167 jump *label172 equal @unit :areUnitsAvailable.1:firstUnit
+  168 sensor *tmp28 :areUnitsAvailable.1:firstUnit @dead
+  169 jump *label167 equal *tmp28 false
+  170 label *label172
+  171 label *label173
+  172 label *label174
+  173 jump *label175 equal true false
+  174 print :chooseUnitType:type
+  175 print " "
+  176 print "occupied: "
+  177 print :areUnitsAvailable.1:occupied
+  178 print "\n"
+  179 label *label175
+  180 label *label176
+  181 set *tmp18 false
+  182 jump *label177 always
+  183 label *label177
+  184 jump *label178 equal *tmp18 false
+  185 printflush null
+  186 set *tmp0 :chooseUnitType:type
+  187 jump *label1 always
+  188 label *label178
+  189 label *label179
+  190 label *label180
+  191 label *label181
+  192 label *label182
+  193 set :chooseUnitType:type @mono
+  194 label *label185
+  195 jump *label199 equal :chooseUnitType:type UNIT_TYPE
+  196 set :areUnitsAvailable.1:occupied 0
+  197 ubind :chooseUnitType:type
+  198 set :areUnitsAvailable.1:firstUnit @unit
+  199 jump *label192 equal :areUnitsAvailable.1:firstUnit null
+  200 label *label186
+  201 sensor *tmp21 @unit @controlled
+  202 jump *label187 equal *tmp21 false
+  203 sensor *tmp23 @unit @controller
+  204 jump *label188 notEqual *tmp23 @this
+  205 label *label187
+  206 set *tmp18 true
+  207 jump *label196 always
+  208 jump *label189 always
+  209 label *label188
+  210 op add :areUnitsAvailable.1:occupied :areUnitsAvailable.1:occupied 1
+  211 label *label189
+  212 ubind :chooseUnitType:type
+  213 label *label190
+  214 jump *label191 equal @unit :areUnitsAvailable.1:firstUnit
+  215 sensor *tmp28 :areUnitsAvailable.1:firstUnit @dead
+  216 jump *label186 equal *tmp28 false
+  217 label *label191
+  218 label *label192
+  219 label *label193
+  220 jump *label194 equal true false
+  221 print :chooseUnitType:type
+  222 print " "
+  223 print "occupied: "
+  224 print :areUnitsAvailable.1:occupied
+  225 print "\n"
+  226 label *label194
+  227 label *label195
+  228 set *tmp18 false
+  229 jump *label196 always
+  230 label *label196
+  231 jump *label197 equal *tmp18 false
+  232 printflush null
+  233 set *tmp0 :chooseUnitType:type
+  234 jump *label1 always
+  235 label *label197
+  236 label *label198
+  237 label *label199
+  238 label *label200
+  239 label *label201
+  240 label *label22
   241 printflush message1
   242 label *label3
   243 jump *label2 always

Modifications by Iterated phase, Data Flow Optimization, pass 1, iteration 1:
 
    51 label *label6
    52 set :chooseUnitType:type @flare
    53 label *label128
-    * jump *label142 equal :chooseUnitType:type UNIT_TYPE
+   54 jump *label142 equal @flare UNIT_TYPE
    55 set :areUnitsAvailable.1:occupied 0
-    * ubind :chooseUnitType:type
+   56 ubind @flare
    57 set :areUnitsAvailable.1:firstUnit @unit
    58 jump *label135 equal :areUnitsAvailable.1:firstUnit null
    59 label *label129
 
    68 label *label131
    69 op add :areUnitsAvailable.1:occupied :areUnitsAvailable.1:occupied 1
    70 label *label132
-    * ubind :chooseUnitType:type
+   71 ubind @flare
    72 label *label133
    73 jump *label134 equal @unit :areUnitsAvailable.1:firstUnit
    74 sensor *tmp28 :areUnitsAvailable.1:firstUnit @dead
 
    77 label *label135
    78 label *label136
    79 jump *label137 equal true false
-    * print :chooseUnitType:type
+   80 print @flare
    81 print " "
    82 print "occupied: "
    83 print :areUnitsAvailable.1:occupied
 
    89 label *label139
    90 jump *label140 equal *tmp18 false
    91 printflush null
-    * set *tmp0 :chooseUnitType:type
+   92 set *tmp0 @flare
    93 jump *label1 always
    94 label *label140
    95 label *label141
 
    98 label *label144
    99 set :chooseUnitType:type @poly
   100 label *label147
-    * jump *label161 equal :chooseUnitType:type UNIT_TYPE
+  101 jump *label161 equal @poly UNIT_TYPE
   102 set :areUnitsAvailable.1:occupied 0
-    * ubind :chooseUnitType:type
+  103 ubind @poly
   104 set :areUnitsAvailable.1:firstUnit @unit
   105 jump *label154 equal :areUnitsAvailable.1:firstUnit null
   106 label *label148
 
   115 label *label150
   116 op add :areUnitsAvailable.1:occupied :areUnitsAvailable.1:occupied 1
   117 label *label151
-    * ubind :chooseUnitType:type
+  118 ubind @poly
   119 label *label152
   120 jump *label153 equal @unit :areUnitsAvailable.1:firstUnit
   121 sensor *tmp28 :areUnitsAvailable.1:firstUnit @dead
 
   124 label *label154
   125 label *label155
   126 jump *label156 equal true false
-    * print :chooseUnitType:type
+  127 print @poly
   128 print " "
   129 print "occupied: "
   130 print :areUnitsAvailable.1:occupied
 
   136 label *label158
   137 jump *label159 equal *tmp18 false
   138 printflush null
-    * set *tmp0 :chooseUnitType:type
+  139 set *tmp0 @poly
   140 jump *label1 always
   141 label *label159
   142 label *label160
 
   145 label *label163
   146 set :chooseUnitType:type @mega
   147 label *label166
-    * jump *label180 equal :chooseUnitType:type UNIT_TYPE
+  148 jump *label180 equal @mega UNIT_TYPE
   149 set :areUnitsAvailable.1:occupied 0
-    * ubind :chooseUnitType:type
+  150 ubind @mega
   151 set :areUnitsAvailable.1:firstUnit @unit
   152 jump *label173 equal :areUnitsAvailable.1:firstUnit null
   153 label *label167
 
   162 label *label169
   163 op add :areUnitsAvailable.1:occupied :areUnitsAvailable.1:occupied 1
   164 label *label170
-    * ubind :chooseUnitType:type
+  165 ubind @mega
   166 label *label171
   167 jump *label172 equal @unit :areUnitsAvailable.1:firstUnit
   168 sensor *tmp28 :areUnitsAvailable.1:firstUnit @dead
 
   171 label *label173
   172 label *label174
   173 jump *label175 equal true false
-    * print :chooseUnitType:type
+  174 print @mega
   175 print " "
   176 print "occupied: "
   177 print :areUnitsAvailable.1:occupied
 
   183 label *label177
   184 jump *label178 equal *tmp18 false
   185 printflush null
-    * set *tmp0 :chooseUnitType:type
+  186 set *tmp0 @mega
   187 jump *label1 always
   188 label *label178
   189 label *label179
 
   192 label *label182
   193 set :chooseUnitType:type @mono
   194 label *label185
-    * jump *label199 equal :chooseUnitType:type UNIT_TYPE
+  195 jump *label199 equal @mono UNIT_TYPE
   196 set :areUnitsAvailable.1:occupied 0
-    * ubind :chooseUnitType:type
+  197 ubind @mono
   198 set :areUnitsAvailable.1:firstUnit @unit
   199 jump *label192 equal :areUnitsAvailable.1:firstUnit null
   200 label *label186
 
   209 label *label188
   210 op add :areUnitsAvailable.1:occupied :areUnitsAvailable.1:occupied 1
   211 label *label189
-    * ubind :chooseUnitType:type
+  212 ubind @mono
   213 label *label190
   214 jump *label191 equal @unit :areUnitsAvailable.1:firstUnit
   215 sensor *tmp28 :areUnitsAvailable.1:firstUnit @dead
 
   218 label *label192
   219 label *label193
   220 jump *label194 equal true false
-    * print :chooseUnitType:type
+  221 print @mono
   222 print " "
   223 print "occupied: "
   224 print :areUnitsAvailable.1:occupied
 
   230 label *label196
   231 jump *label197 equal *tmp18 false
   232 printflush null
-    * set *tmp0 :chooseUnitType:type
+  233 set *tmp0 @mono
   234 jump *label1 always
   235 label *label197
   236 label *label198

Modifications by Iterated phase, Data Flow Optimization, pass 1, iteration 2 (-4 instructions):
 
    49 jump *label1 always
    50 label *label5
    51 label *label6
-    * set :chooseUnitType:type @flare
    52 label *label128
    53 jump *label142 equal @flare UNIT_TYPE
    54 set :areUnitsAvailable.1:occupied 0
 
    95 label *label142
    96 label *label143
    97 label *label144
-    * set :chooseUnitType:type @poly
    98 label *label147
    99 jump *label161 equal @poly UNIT_TYPE
   100 set :areUnitsAvailable.1:occupied 0
 
   141 label *label161
   142 label *label162
   143 label *label163
-    * set :chooseUnitType:type @mega
   144 label *label166
   145 jump *label180 equal @mega UNIT_TYPE
   146 set :areUnitsAvailable.1:occupied 0
 
   187 label *label180
   188 label *label181
   189 label *label182
-    * set :chooseUnitType:type @mono
   190 label *label185
   191 jump *label199 equal @mono UNIT_TYPE
   192 set :areUnitsAvailable.1:occupied 0

Modifications by Iterated phase, Jump Normalization, pass 2, iteration 1 (-5 instructions):
 
    33 label *label12
    34 label *label8
    35 label *label9
-    * jump *label18 equal true false
    36 print UNIT_TYPE
    37 print " "
    38 print "occupied: "
 
    74 label *label134
    75 label *label135
    76 label *label136
-    * jump *label137 equal true false
    77 print @flare
    78 print " "
    79 print "occupied: "
 
   119 label *label153
   120 label *label154
   121 label *label155
-    * jump *label156 equal true false
   122 print @poly
   123 print " "
   124 print "occupied: "
 
   164 label *label172
   165 label *label173
   166 label *label174
-    * jump *label175 equal true false
   167 print @mega
   168 print " "
   169 print "occupied: "
 
   209 label *label191
   210 label *label192
   211 label *label193
-    * jump *label194 equal true false
   212 print @mono
   213 print " "
   214 print "occupied: "
 
   235 label *label4
   236 set *tmp0 null
   237 label *label1
-    * jump *label46 equal null null
+  238 jump *label46 always
   239 ubind null
   240 sensor *tmp36 @unit @dead
   241 op equal *tmp37 *tmp36 false
 
   469 label *label120
   470 label *label116
   471 label *label117
-    * jump *label126 equal false false
+  472 jump *label126 always
   473 print UNIT_TYPE
   474 print " "
   475 print "occupied: "

Modifications by Iterated phase, Single Step Elimination, pass 2, iteration 1 (-9 instructions):
 
    41 label *label18
    42 label *label19
    43 set *tmp1 false
-    * jump *label7 always
    44 label *label7
    45 jump *label5 equal *tmp1 false
    46 set *tmp0 UNIT_TYPE
 
    81 label *label137
    82 label *label138
    83 set *tmp18 false
-    * jump *label139 always
    84 label *label139
    85 jump *label140 equal *tmp18 false
    86 printflush null
 
   125 label *label156
   126 label *label157
   127 set *tmp18 false
-    * jump *label158 always
   128 label *label158
   129 jump *label159 equal *tmp18 false
   130 printflush null
 
   169 label *label175
   170 label *label176
   171 set *tmp18 false
-    * jump *label177 always
   172 label *label177
   173 jump *label178 equal *tmp18 false
   174 printflush null
 
   213 label *label194
   214 label *label195
   215 set *tmp18 false
-    * jump *label196 always
   216 label *label196
   217 jump *label197 equal *tmp18 false
   218 printflush null
 
   264 label *label45
   265 ucontrol flag 1
   266 set *tmp32 @unit
-    * jump *label44 always
   267 label *label44
   268 set .unit *tmp32
   269 sensor .unitCapacity *tmp32 @itemCapacity
 
   276 label *label60
   277 jump *label59 equal :locateCore:core null
   278 label *label61
-    * jump *label58 always
   279 label *label58
   280 sensor .coreX :locateCore:core @x
   281 sensor .coreY :locateCore:core @y
 
   427 print .MSG
   428 label *label104
   429 set *tmp68 @unit
-    * jump *label67 always
   430 label *label67
   431 set .unit *tmp68
   432 jump *label105 notEqual :processUnit:state 2
 
   470 label *label126
   471 label *label127
   472 set *tmp136 false
-    * jump *label115 always
   473 label *label115
   474 jump *label113 equal *tmp136 false
   475 end

Modifications by Iterated phase, Data Flow Optimization, pass 2, iteration 1 (-5 instructions):
 
   232 label *label1
   233 jump *label46 always
   234 ubind null
-    * sensor *tmp36 @unit @dead
-    * op equal *tmp37 *tmp36 false
-    * sensor *tmp38 @unit @controller
-    * op equal *tmp39 *tmp38 @this
-    * op land *tmp40 *tmp37 *tmp39
   235 jump *label48 equal *tmp40 false
   236 jump *label45 always
   237 label *label48

Modifications by Jumps phase, Unreachable Code Elimination, pass 4, iteration 1 (-16 instructions):
 
    21 label *label15
    22 set *tmp1 true
    23 jump *label7 always
-    * jump *label14 always
    24 label *label13
    25 op add :areUnitsAvailable:occupied :areUnitsAvailable:occupied 1
    26 label *label14
    27 ubind UNIT_TYPE
-    * label *label11
    28 jump *label12 equal @unit :areUnitsAvailable:firstUnit
    29 sensor *tmp11 :areUnitsAvailable:firstUnit @dead
    30 jump *label10 equal *tmp11 false
    31 label *label12
    32 label *label8
-    * label *label9
    33 print UNIT_TYPE
    34 print " "
    35 print "occupied: "
    36 print :areUnitsAvailable:occupied
    37 print "\n"
-    * label *label18
-    * label *label19
    38 set *tmp1 false
    39 label *label7
    40 jump *label5 equal *tmp1 false
    41 set *tmp0 UNIT_TYPE
    42 jump *label1 always
    43 label *label5
-    * label *label6
-    * label *label128
    44 jump *label142 equal @flare UNIT_TYPE
    45 set :areUnitsAvailable.1:occupied 0
    46 ubind @flare
 
    54 label *label130
    55 set *tmp18 true
    56 jump *label139 always
-    * jump *label132 always
    57 label *label131
    58 op add :areUnitsAvailable.1:occupied :areUnitsAvailable.1:occupied 1
    59 label *label132
    60 ubind @flare
-    * label *label133
    61 jump *label134 equal @unit :areUnitsAvailable.1:firstUnit
    62 sensor *tmp28 :areUnitsAvailable.1:firstUnit @dead
    63 jump *label129 equal *tmp28 false
    64 label *label134
    65 label *label135
-    * label *label136
    66 print @flare
    67 print " "
    68 print "occupied: "
    69 print :areUnitsAvailable.1:occupied
    70 print "\n"
-    * label *label137
-    * label *label138
    71 set *tmp18 false
    72 label *label139
    73 jump *label140 equal *tmp18 false
 
    75 set *tmp0 @flare
    76 jump *label1 always
    77 label *label140
-    * label *label141
    78 label *label142
-    * label *label143
-    * label *label144
-    * label *label147
    79 jump *label161 equal @poly UNIT_TYPE
    80 set :areUnitsAvailable.1:occupied 0
    81 ubind @poly
 
    89 label *label149
    90 set *tmp18 true
    91 jump *label158 always
-    * jump *label151 always
    92 label *label150
    93 op add :areUnitsAvailable.1:occupied :areUnitsAvailable.1:occupied 1
    94 label *label151
    95 ubind @poly
-    * label *label152
    96 jump *label153 equal @unit :areUnitsAvailable.1:firstUnit
    97 sensor *tmp28 :areUnitsAvailable.1:firstUnit @dead
    98 jump *label148 equal *tmp28 false
    99 label *label153
   100 label *label154
-    * label *label155
   101 print @poly
   102 print " "
   103 print "occupied: "
   104 print :areUnitsAvailable.1:occupied
   105 print "\n"
-    * label *label156
-    * label *label157
   106 set *tmp18 false
   107 label *label158
   108 jump *label159 equal *tmp18 false
 
   110 set *tmp0 @poly
   111 jump *label1 always
   112 label *label159
-    * label *label160
   113 label *label161
-    * label *label162
-    * label *label163
-    * label *label166
   114 jump *label180 equal @mega UNIT_TYPE
   115 set :areUnitsAvailable.1:occupied 0
   116 ubind @mega
 
   124 label *label168
   125 set *tmp18 true
   126 jump *label177 always
-    * jump *label170 always
   127 label *label169
   128 op add :areUnitsAvailable.1:occupied :areUnitsAvailable.1:occupied 1
   129 label *label170
   130 ubind @mega
-    * label *label171
   131 jump *label172 equal @unit :areUnitsAvailable.1:firstUnit
   132 sensor *tmp28 :areUnitsAvailable.1:firstUnit @dead
   133 jump *label167 equal *tmp28 false
   134 label *label172
   135 label *label173
-    * label *label174
   136 print @mega
   137 print " "
   138 print "occupied: "
   139 print :areUnitsAvailable.1:occupied
   140 print "\n"
-    * label *label175
-    * label *label176
   141 set *tmp18 false
   142 label *label177
   143 jump *label178 equal *tmp18 false
 
   145 set *tmp0 @mega
   146 jump *label1 always
   147 label *label178
-    * label *label179
   148 label *label180
-    * label *label181
-    * label *label182
-    * label *label185
   149 jump *label199 equal @mono UNIT_TYPE
   150 set :areUnitsAvailable.1:occupied 0
   151 ubind @mono
 
   159 label *label187
   160 set *tmp18 true
   161 jump *label196 always
-    * jump *label189 always
   162 label *label188
   163 op add :areUnitsAvailable.1:occupied :areUnitsAvailable.1:occupied 1
   164 label *label189
   165 ubind @mono
-    * label *label190
   166 jump *label191 equal @unit :areUnitsAvailable.1:firstUnit
   167 sensor *tmp28 :areUnitsAvailable.1:firstUnit @dead
   168 jump *label186 equal *tmp28 false
   169 label *label191
   170 label *label192
-    * label *label193
   171 print @mono
   172 print " "
   173 print "occupied: "
   174 print :areUnitsAvailable.1:occupied
   175 print "\n"
-    * label *label194
-    * label *label195
   176 set *tmp18 false
   177 label *label196
   178 jump *label197 equal *tmp18 false
 
   180 set *tmp0 @mono
   181 jump *label1 always
   182 label *label197
-    * label *label198
   183 label *label199
-    * label *label200
-    * label *label201
-    * label *label22
   184 printflush message1
-    * label *label3
   185 jump *label2 always
-    * label *label4
-    * set *tmp0 null
   186 label *label1
   187 jump *label46 always
-    * ubind null
-    * jump *label48 equal *tmp40 false
-    * jump *label45 always
-    * label *label48
-    * label *label49
   188 label *label46
-    * label *label47
   189 ubind *tmp0
   190 set :rebindUnit:firstUnit @unit
   191 jump *label50 equal :rebindUnit:firstUnit null
 
   194 jump *label55 notEqual *tmp44 0
   195 jump *label45 always
   196 label *label55
-    * label *label56
   197 ubind *tmp0
-    * label *label53
   198 jump *label54 equal @unit :rebindUnit:firstUnit
   199 sensor *tmp48 :rebindUnit:firstUnit @dead
   200 jump *label52 equal *tmp48 false
   201 label *label54
   202 label *label50
-    * label *label51
   203 end
   204 label *label45
   205 ucontrol flag 1
   206 set *tmp32 @unit
-    * label *label44
   207 set .unit *tmp32
   208 sensor .unitCapacity *tmp32 @itemCapacity
   209 sensor .unitSpeed *tmp32 @speed
 
   212 printflush message1
   213 label *label59
   214 ulocate building core false @copper *tmp55 *tmp56 *tmp57 :locateCore:core
-    * label *label60
   215 jump *label59 equal :locateCore:core null
-    * label *label61
-    * label *label58
   216 sensor .coreX :locateCore:core @x
   217 sensor .coreY :locateCore:core @y
   218 sensor .vaultX vault1 @x
 
   248 jump *label71 equal *tmp76 false
   249 jump *label68 always
   250 label *label71
-    * label *label72
   251 label *label69
-    * label *label70
   252 ubind *tmp0
   253 set :rebindUnit.1:firstUnit @unit
   254 jump *label73 equal :rebindUnit.1:firstUnit null
 
   257 jump *label78 notEqual *tmp80 0
   258 jump *label68 always
   259 label *label78
-    * label *label79
   260 ubind *tmp0
-    * label *label76
   261 jump *label77 equal @unit :rebindUnit.1:firstUnit
   262 sensor *tmp84 :rebindUnit.1:firstUnit @dead
   263 jump *label75 equal *tmp84 false
   264 label *label77
   265 label *label73
-    * label *label74
   266 end
   267 label *label68
   268 sensor :processUnit:state @unit @flag
 
   286 jump *label89 equal *tmp96 false
   287 ucontrol itemDrop :locateCore:core .unitCapacity
   288 label *label89
-    * label *label90
   289 label *label88
   290 label *label86
   291 label *label81
-    * label *label82
   292 jump *label91 notEqual :processUnit:state 2
   293 ucontrol within .coreX .coreY 8 *tmp100
   294 jump *label93 equal *tmp100 false
 
   314 op div :processUnit:distance *tmp110 10
   315 label *label94
   316 label *label91
-    * label *label92
   317 jump *label97 notEqual :processUnit:state 3
   318 ucontrol within .vaultX .vaultY 8 *tmp114
   319 jump *label99 equal *tmp114 false
 
   324 ucontrol approach .coreX .coreY 6
   325 set :processUnit:state 2
   326 label *label101
-    * label *label102
   327 jump *label100 always
   328 label *label99
   329 ucontrol approach .vaultX .vaultY 6
 
   337 op div :processUnit:distance *tmp124 10
   338 label *label100
   339 label *label97
-    * label *label98
   340 ucontrol flag :processUnit:state
   341 sensor *tmp126 @unit @totalItems
   342 print "[gold]"
 
   353 print .MSG
   354 label *label104
   355 set *tmp68 @unit
-    * label *label67
   356 set .unit *tmp68
   357 jump *label105 notEqual :processUnit:state 2
   358 sensor *tmp130 vault1 @thorium
 
   374 label *label123
   375 set *tmp136 true
   376 jump *label115 always
-    * jump *label122 always
   377 label *label121
   378 op add :areUnitsAvailable.2:occupied :areUnitsAvailable.2:occupied 1
   379 label *label122
   380 ubind UNIT_TYPE
-    * label *label119
   381 jump *label120 equal @unit :areUnitsAvailable.2:firstUnit
   382 sensor *tmp146 :areUnitsAvailable.2:firstUnit @dead
   383 jump *label118 equal *tmp146 false
   384 label *label120
   385 label *label116
-    * label *label117
   386 jump *label126 always
-    * print UNIT_TYPE
-    * print " "
-    * print "occupied: "
-    * print :areUnitsAvailable.2:occupied
-    * print "\n"
   387 label *label126
-    * label *label127
   388 set *tmp136 false
   389 label *label115
   390 jump *label113 equal *tmp136 false
   391 end
   392 label *label113
-    * label *label114
   393 op add .unitCheck @time 5000
   394 label *label109
-    * label *label110
   395 label *label106
   396 label *label65
-    * label *label66
   397 op sub *tmp151 @time :start
   398 op floor *tmp152 *tmp151
   399 print "\n"
 
   402 print " "
   403 print "ms"
   404 printflush message1
-    * label *label63
   405 jump *label62 always
-    * label *label64
-    * end

Modifications by Jumps phase, Jump Straightening, pass 4, iteration 1 (-3 instructions):
 
   186 jump *label50 equal :rebindUnit:firstUnit null
   187 label *label52
   188 sensor *tmp44 @unit @controlled
-    * jump *label55 notEqual *tmp44 0
-    * jump *label45 always
+  189 jump *label45 equal *tmp44 0
   190 label *label55
   191 ubind *tmp0
   192 jump *label54 equal @unit :rebindUnit:firstUnit
 
   239 sensor *tmp74 @unit @controller
   240 op equal *tmp75 *tmp74 @this
   241 op land *tmp76 *tmp73 *tmp75
-    * jump *label71 equal *tmp76 false
-    * jump *label68 always
+  242 jump *label68 notEqual *tmp76 false
   243 label *label71
   244 label *label69
   245 ubind *tmp0
 
   247 jump *label73 equal :rebindUnit.1:firstUnit null
   248 label *label75
   249 sensor *tmp80 @unit @controlled
-    * jump *label78 notEqual *tmp80 0
-    * jump *label68 always
+  250 jump *label68 equal *tmp80 0
   251 label *label78
   252 ubind *tmp0
   253 jump *label77 equal @unit :rebindUnit.1:firstUnit

Modifications by Jumps phase, Jump Threading, pass 4, iteration 1:
+    0 label __start__
     1 set *id "id: Thorium Transport\nname: Impact Reactor Power Plant\nversion: v0.1.0"
     2 remark "This is the preferred unit type to use for bringing in supplies."
     3 remark "If no units of this type exist, we'll try using other types."
 
    39 label *label7
    40 jump *label5 equal *tmp1 false
    41 set *tmp0 UNIT_TYPE
-    * jump *label1 always
+   42 jump *label46 always
    43 label *label5
    44 jump *label142 equal @flare UNIT_TYPE
    45 set :areUnitsAvailable.1:occupied 0
 
    72 jump *label140 equal *tmp18 false
    73 printflush null
    74 set *tmp0 @flare
-    * jump *label1 always
+   75 jump *label46 always
    76 label *label140
    77 label *label142
    78 jump *label161 equal @poly UNIT_TYPE
 
   106 jump *label159 equal *tmp18 false
   107 printflush null
   108 set *tmp0 @poly
-    * jump *label1 always
+  109 jump *label46 always
   110 label *label159
   111 label *label161
   112 jump *label180 equal @mega UNIT_TYPE
 
   140 jump *label178 equal *tmp18 false
   141 printflush null
   142 set *tmp0 @mega
-    * jump *label1 always
+  143 jump *label46 always
   144 label *label178
   145 label *label180
   146 jump *label199 equal @mono UNIT_TYPE
 
   174 jump *label197 equal *tmp18 false
   175 printflush null
   176 set *tmp0 @mono
-    * jump *label1 always
+  177 jump *label46 always
   178 label *label197
   179 label *label199
   180 printflush message1
 
   184 label *label46
   185 ubind *tmp0
   186 set :rebindUnit:firstUnit @unit
-    * jump *label50 equal :rebindUnit:firstUnit null
+  187 jump __start__ equal :rebindUnit:firstUnit null
   188 label *label52
   189 sensor *tmp44 @unit @controlled
   190 jump *label45 equal *tmp44 0
   191 ubind *tmp0
-    * jump *label54 equal @unit :rebindUnit:firstUnit
+  192 jump __start__ equal @unit :rebindUnit:firstUnit
   193 sensor *tmp48 :rebindUnit:firstUnit @dead
   194 jump *label52 equal *tmp48 false
   195 label *label54
 
   243 label *label69
   244 ubind *tmp0
   245 set :rebindUnit.1:firstUnit @unit
-    * jump *label73 equal :rebindUnit.1:firstUnit null
+  246 jump __start__ equal :rebindUnit.1:firstUnit null
   247 label *label75
   248 sensor *tmp80 @unit @controlled
   249 jump *label68 equal *tmp80 0
   250 ubind *tmp0
-    * jump *label77 equal @unit :rebindUnit.1:firstUnit
+  251 jump __start__ equal @unit :rebindUnit.1:firstUnit
   252 sensor *tmp84 :rebindUnit.1:firstUnit @dead
   253 jump *label75 equal *tmp84 false
   254 label *label77
 
   287 jump *label95 lessThan *tmp102 .unitCapacity
   288 ucontrol approach .vaultX .vaultY 6
   289 set :processUnit:state 3
-    * jump *label96 always
+  290 jump *label94 always
   291 label *label95
   292 set .MSG ", loading\n"
   293 label *label96
 
   310 ucontrol itemDrop vault1 .unitCapacity
   311 set .MSG ", supplying\n"
   312 sensor *tmp116 @unit @totalItems
-    * jump *label101 greaterThan *tmp116 0
+  313 jump *label100 greaterThan *tmp116 0
   314 ucontrol approach .coreX .coreY 6
   315 set :processUnit:state 2
   316 label *label101
 
   355 set :areUnitsAvailable.2:occupied 0
   356 ubind UNIT_TYPE
   357 set :areUnitsAvailable.2:firstUnit @unit
-    * jump *label116 equal :areUnitsAvailable.2:firstUnit null
+  358 jump *label126 equal :areUnitsAvailable.2:firstUnit null
   359 label *label118
   360 sensor *tmp139 @unit @controlled
   361 jump *label123 equal *tmp139 false
 
   367 label *label121
   368 op add :areUnitsAvailable.2:occupied :areUnitsAvailable.2:occupied 1
   369 ubind UNIT_TYPE
-    * jump *label120 equal @unit :areUnitsAvailable.2:firstUnit
+  370 jump *label126 equal @unit :areUnitsAvailable.2:firstUnit
   371 sensor *tmp146 :areUnitsAvailable.2:firstUnit @dead
   372 jump *label118 equal *tmp146 false
   373 label *label120

Modifications by Jumps phase, Single Step Elimination, pass 4, iteration 1 (-2 instructions):
 
   179 label *label199
   180 printflush message1
   181 jump *label2 always
-    * jump *label46 always
   182 label *label46
   183 ubind *tmp0
   184 set :rebindUnit:firstUnit @unit
 
   362 jump *label126 equal @unit :areUnitsAvailable.2:firstUnit
   363 sensor *tmp146 :areUnitsAvailable.2:firstUnit @dead
   364 jump *label118 equal *tmp146 false
-    * jump *label126 always
   365 label *label126
   366 set *tmp136 false
   367 label *label115

Modifications by Final phase, Temp Variables Elimination, iteration 1 (-1 instructions):
 
   201 print "[gold]Locating core..."
   202 printflush message1
   203 label *label59
-    * ulocate building core false @copper *tmp55 *tmp56 *tmp57 :locateCore:core
+  204 ulocate building core false @copper 0 0 0 :locateCore:core
   205 jump *label59 equal :locateCore:core null
   206 sensor .coreX :locateCore:core @x
   207 sensor .coreY :locateCore:core @y
 
   334 label *label103
   335 print .MSG
   336 label *label104
-    * set *tmp68 @unit
-    * set .unit *tmp68
+  337 set .unit @unit
   338 jump *label105 notEqual :processUnit:state 2
   339 sensor *tmp130 vault1 @thorium
   340 jump *label105 lessThan *tmp130 500

Modifications by Final phase, Print Merging, iteration 1 (-32 instructions):
 
     8 jump *label0 equal vault1 null
     9 label *label2
    10 printflush null
-    * print "[gold]Looking for suitable unit type:[]"
-    * print "\n"
+   11 print "[gold]Looking for suitable unit type:[]\n"
    12 set :areUnitsAvailable:occupied 0
    13 ubind UNIT_TYPE
    14 set :areUnitsAvailable:firstUnit @unit
 
    30 label *label12
    31 label *label8
    32 print UNIT_TYPE
-    * print " "
-    * print "occupied: "
-    * print :areUnitsAvailable:occupied
-    * print "\n"
+   33 print " occupied: {0}\n"
+   34 format :areUnitsAvailable:occupied
    35 set *tmp1 false
    36 label *label7
    37 jump *label5 equal *tmp1 false
 
    59 jump *label129 equal *tmp28 false
    60 label *label134
    61 label *label135
-    * print @flare
-    * print " "
-    * print "occupied: "
-    * print :areUnitsAvailable.1:occupied
-    * print "\n"
+   62 print "flare occupied: {0}\n"
+   63 format :areUnitsAvailable.1:occupied
    64 set *tmp18 false
    65 label *label139
    66 jump *label140 equal *tmp18 false
 
    90 jump *label148 equal *tmp28 false
    91 label *label153
    92 label *label154
-    * print @poly
-    * print " "
-    * print "occupied: "
-    * print :areUnitsAvailable.1:occupied
-    * print "\n"
+   93 print "poly occupied: {0}\n"
+   94 format :areUnitsAvailable.1:occupied
    95 set *tmp18 false
    96 label *label158
    97 jump *label159 equal *tmp18 false
 
   121 jump *label167 equal *tmp28 false
   122 label *label172
   123 label *label173
-    * print @mega
-    * print " "
-    * print "occupied: "
-    * print :areUnitsAvailable.1:occupied
-    * print "\n"
+  124 print "mega occupied: {0}\n"
+  125 format :areUnitsAvailable.1:occupied
   126 set *tmp18 false
   127 label *label177
   128 jump *label178 equal *tmp18 false
 
   152 jump *label186 equal *tmp28 false
   153 label *label191
   154 label *label192
-    * print @mono
-    * print " "
-    * print "occupied: "
-    * print :areUnitsAvailable.1:occupied
-    * print "\n"
+  155 print "mono occupied: {0}\n"
+  156 format :areUnitsAvailable.1:occupied
   157 set *tmp18 false
   158 label *label196
   159 jump *label197 equal *tmp18 false
 
   195 op add .unitCheck @time 5000
   196 label *label62
   197 set :start @time
-    * print " === [gold]Supplying Power Plant[] === "
-    * print "\n"
-    * print "\n"
+  198 print " === [gold]Supplying Power Plant[] === \n\n\n[gold]Thorium[] status: [green]{0}[]\n"
   199 sensor *tmp64 vault1 @thorium
-    * print "\n"
-    * print "[gold]Thorium[] status: [green]"
-    * print *tmp64
-    * print "["
-    * print "]"
-    * print "\n"
+  200 format *tmp64
   201 sensor *tmp65 vault1 @thorium
   202 jump *label65 greaterThanEq *tmp65 500
-    * print "\n"
-    * print "Unit type: [green]"
-    * print *tmp0
-    * print "["
-    * print "]"
-    * print "\n"
+  203 print "\nUnit type: [green]{0}[]\n"
+  204 format *tmp0
   205 jump *label69 equal .unit null
   206 ubind .unit
   207 sensor *tmp72 @unit @dead
 
   295 label *label97
   296 ucontrol flag :processUnit:state
   297 sensor *tmp126 @unit @totalItems
-    * print "[gold]"
-    * print *tmp126
-    * print "[]"
+  298 print "[gold]{0}[]"
+  299 format *tmp126
   300 jump *label103 lessThan :processUnit:distance 0
   301 print .MSG
   302 print :processUnit:distance
-    * print "["
-    * print "] sec"
-    * print "\n"
+  303 print "[] sec\n"
   304 jump *label104 always
   305 label *label103
   306 print .MSG
 
   344 label *label65
   345 op sub *tmp151 @time :start
   346 op floor *tmp152 *tmp151
-    * print "\n"
-    * print "[lightgray]Loop time: "
-    * print *tmp152
-    * print " "
-    * print "ms"
+  347 print "\n[lightgray]Loop time: {0} ms"
+  348 format *tmp152
   349 printflush message1
   350 jump *label62 always

Final code before resolving virtual instructions:

        label __start__
    0:  set *id "id: Thorium Transport\nname: Impact Reactor Power P #set target = 8m;
    1:  remark "This is the preferred unit type to use for bringing  /// This is the preferred unit type to use for bringing in supplies.
    3:  remark "If no units of this type exist, we'll try using othe /// If no units of this type exist, we'll try using other types.
    4:  set UNIT_TYPE @poly                                          param UNIT_TYPE         = @poly;  // Which unit to use
    5:  remark "Do not modify anything below this line."             /// Do not modify anything below this line.
    7:  set .MSG ""                                                  var MSG = "";
        label *label0                                                guarded linked vault1;
    8:  jump *label0 equal vault1 null                               ...
        label *label2                                                loop
    9:  printflush null                                              printflush(null);       // empty text buffer
   10:  print "[gold]Looking for suitable unit type:[]\n"            println("[gold]Looking for suitable unit type:[]");
   11:  set :areUnitsAvailable:occupied 0                            var occupied = 0;
   12:  ubind UNIT_TYPE                                              var firstUnit = ubind(type);
   13:  set :areUnitsAvailable:firstUnit @unit                       ...
   14:  jump *label8 equal :areUnitsAvailable:firstUnit null         if firstUnit != null then
        label *label10                                               do
   15:  sensor *tmp2 @unit @controlled                               if !@unit.@controlled or @unit.@controller == @this then
   16:  jump *label15 equal *tmp2 false                              ...
   17:  sensor *tmp3 @unit @controller                               ...
   18:  jump *label13 notEqual *tmp3 @this                           ...
        label *label15                                               ...
   19:  set *tmp1 true                                               return true;
   20:  jump *label7 always 0 0                                      ...
        label *label13                                               if !@unit.@controlled or @unit.@controller == @this then
   21:  op add :areUnitsAvailable:occupied :areUnitsAvailable:occupi ...
   22:  ubind UNIT_TYPE                                              ubind(type);
   23:  jump *label12 equal @unit :areUnitsAvailable:firstUnit       while @unit != firstUnit and !firstUnit.@dead;
   24:  sensor *tmp4 :areUnitsAvailable:firstUnit @dead              ...
   25:  jump *label10 equal *tmp4 false                              ...
        label *label12                                               do
        label *label8                                                if firstUnit != null then
   26:  print UNIT_TYPE                                              println($"$type occupied: $occupied");
   27:  print " occupied: {0}\n"                                     ...
   28:  format :areUnitsAvailable:occupied                           ...
   29:  set *tmp1 false                                              return false;
        label *label7                                                if areUnitsAvailable(UNIT_TYPE, true) then
   30:  jump *label5 equal *tmp1 false                               ...
   31:  set *tmp0 UNIT_TYPE                                          return UNIT_TYPE;
   32:  jump *label46 always 0 0                                     ...
        label *label5                                                if areUnitsAvailable(UNIT_TYPE, true) then
   33:  jump *label142 equal @flare UNIT_TYPE                        if type != UNIT_TYPE then
   34:  set :areUnitsAvailable.1:occupied 0                          var occupied = 0;
   35:  ubind @flare                                                 var firstUnit = ubind(type);
   36:  set :areUnitsAvailable.1:firstUnit @unit                     ...
   37:  jump *label135 equal :areUnitsAvailable.1:firstUnit null     if firstUnit != null then
        label *label129                                              do
   38:  sensor *tmp6 @unit @controlled                               if !@unit.@controlled or @unit.@controller == @this then
   39:  jump *label130 equal *tmp6 false                             ...
   40:  sensor *tmp7 @unit @controller                               ...
   41:  jump *label131 notEqual *tmp7 @this                          ...
        label *label130                                              ...
   42:  set *tmp5 true                                               return true;
   43:  jump *label139 always 0 0                                    ...
        label *label131                                              if !@unit.@controlled or @unit.@controller == @this then
   44:  op add :areUnitsAvailable.1:occupied :areUnitsAvailable.1:oc ...
   45:  ubind @flare                                                 ubind(type);
   46:  jump *label134 equal @unit :areUnitsAvailable.1:firstUnit    while @unit != firstUnit and !firstUnit.@dead;
   47:  sensor *tmp8 :areUnitsAvailable.1:firstUnit @dead            ...
   48:  jump *label129 equal *tmp8 false                             ...
        label *label134                                              do
        label *label135                                              if firstUnit != null then
   49:  print "flare occupied: {0}\n"                                println($"$type occupied: $occupied");
   50:  format :areUnitsAvailable.1:occupied                         ...
   51:  set *tmp5 false                                              return false;
        label *label139                                              if areUnitsAvailable(type, true) then
   52:  jump *label140 equal *tmp5 false                             ...
   53:  printflush null                                              printflush(null);
   54:  set *tmp0 @flare                                             return type;
   55:  jump *label46 always 0 0                                     ...
        label *label140                                              if areUnitsAvailable(type, true) then
        label *label142                                              if type != UNIT_TYPE then
   56:  jump *label161 equal @poly UNIT_TYPE                         ...
   57:  set :areUnitsAvailable.1:occupied 0                          var occupied = 0;
   58:  ubind @poly                                                  var firstUnit = ubind(type);
   59:  set :areUnitsAvailable.1:firstUnit @unit                     ...
   60:  jump *label154 equal :areUnitsAvailable.1:firstUnit null     if firstUnit != null then
        label *label148                                              do
   61:  sensor *tmp6 @unit @controlled                               if !@unit.@controlled or @unit.@controller == @this then
   62:  jump *label149 equal *tmp6 false                             ...
   63:  sensor *tmp7 @unit @controller                               ...
   64:  jump *label150 notEqual *tmp7 @this                          ...
        label *label149                                              ...
   65:  set *tmp5 true                                               return true;
   66:  jump *label158 always 0 0                                    ...
        label *label150                                              if !@unit.@controlled or @unit.@controller == @this then
   67:  op add :areUnitsAvailable.1:occupied :areUnitsAvailable.1:oc ...
   68:  ubind @poly                                                  ubind(type);
   69:  jump *label153 equal @unit :areUnitsAvailable.1:firstUnit    while @unit != firstUnit and !firstUnit.@dead;
   70:  sensor *tmp8 :areUnitsAvailable.1:firstUnit @dead            ...
   71:  jump *label148 equal *tmp8 false                             ...
        label *label153                                              do
        label *label154                                              if firstUnit != null then
   72:  print "poly occupied: {0}\n"                                 println($"$type occupied: $occupied");
   73:  format :areUnitsAvailable.1:occupied                         ...
   74:  set *tmp5 false                                              return false;
        label *label158                                              if areUnitsAvailable(type, true) then
   75:  jump *label159 equal *tmp5 false                             ...
   76:  printflush null                                              printflush(null);
   77:  set *tmp0 @poly                                              return type;
   78:  jump *label46 always 0 0                                     ...
        label *label159                                              if areUnitsAvailable(type, true) then
        label *label161                                              if type != UNIT_TYPE then
   79:  jump *label180 equal @mega UNIT_TYPE                         ...
   80:  set :areUnitsAvailable.1:occupied 0                          var occupied = 0;
   81:  ubind @mega                                                  var firstUnit = ubind(type);
   82:  set :areUnitsAvailable.1:firstUnit @unit                     ...
   83:  jump *label173 equal :areUnitsAvailable.1:firstUnit null     if firstUnit != null then
        label *label167                                              do
   84:  sensor *tmp6 @unit @controlled                               if !@unit.@controlled or @unit.@controller == @this then
   85:  jump *label168 equal *tmp6 false                             ...
   86:  sensor *tmp7 @unit @controller                               ...
   87:  jump *label169 notEqual *tmp7 @this                          ...
        label *label168                                              ...
   88:  set *tmp5 true                                               return true;
   89:  jump *label177 always 0 0                                    ...
        label *label169                                              if !@unit.@controlled or @unit.@controller == @this then
   90:  op add :areUnitsAvailable.1:occupied :areUnitsAvailable.1:oc ...
   91:  ubind @mega                                                  ubind(type);
   92:  jump *label172 equal @unit :areUnitsAvailable.1:firstUnit    while @unit != firstUnit and !firstUnit.@dead;
   93:  sensor *tmp8 :areUnitsAvailable.1:firstUnit @dead            ...
   94:  jump *label167 equal *tmp8 false                             ...
        label *label172                                              do
        label *label173                                              if firstUnit != null then
   95:  print "mega occupied: {0}\n"                                 println($"$type occupied: $occupied");
   96:  format :areUnitsAvailable.1:occupied                         ...
   97:  set *tmp5 false                                              return false;
        label *label177                                              if areUnitsAvailable(type, true) then
   98:  jump *label178 equal *tmp5 false                             ...
   99:  printflush null                                              printflush(null);
  100:  set *tmp0 @mega                                              return type;
  101:  jump *label46 always 0 0                                     ...
        label *label178                                              if areUnitsAvailable(type, true) then
        label *label180                                              if type != UNIT_TYPE then
  102:  jump *label199 equal @mono UNIT_TYPE                         ...
  103:  set :areUnitsAvailable.1:occupied 0                          var occupied = 0;
  104:  ubind @mono                                                  var firstUnit = ubind(type);
  105:  set :areUnitsAvailable.1:firstUnit @unit                     ...
  106:  jump *label192 equal :areUnitsAvailable.1:firstUnit null     if firstUnit != null then
        label *label186                                              do
  107:  sensor *tmp6 @unit @controlled                               if !@unit.@controlled or @unit.@controller == @this then
  108:  jump *label187 equal *tmp6 false                             ...
  109:  sensor *tmp7 @unit @controller                               ...
  110:  jump *label188 notEqual *tmp7 @this                          ...
        label *label187                                              ...
  111:  set *tmp5 true                                               return true;
  112:  jump *label196 always 0 0                                    ...
        label *label188                                              if !@unit.@controlled or @unit.@controller == @this then
  113:  op add :areUnitsAvailable.1:occupied :areUnitsAvailable.1:oc ...
  114:  ubind @mono                                                  ubind(type);
  115:  jump *label191 equal @unit :areUnitsAvailable.1:firstUnit    while @unit != firstUnit and !firstUnit.@dead;
  116:  sensor *tmp8 :areUnitsAvailable.1:firstUnit @dead            ...
  117:  jump *label186 equal *tmp8 false                             ...
        label *label191                                              do
        label *label192                                              if firstUnit != null then
  118:  print "mono occupied: {0}\n"                                 println($"$type occupied: $occupied");
  119:  format :areUnitsAvailable.1:occupied                         ...
  120:  set *tmp5 false                                              return false;
        label *label196                                              if areUnitsAvailable(type, true) then
  121:  jump *label197 equal *tmp5 false                             ...
  122:  printflush null                                              printflush(null);
  123:  set *tmp0 @mono                                              return type;
  124:  jump *label46 always 0 0                                     ...
        label *label197                                              if areUnitsAvailable(type, true) then
        label *label199                                              if type != UNIT_TYPE then
  125:  printflush message1                                          printflush(message1);
  126:  jump *label2 always 0 0                                      loop
        label *label46                                               if currentUnit != null then
  127:  ubind *tmp0                                                  var firstUnit = ubind(unitType);
  128:  set :rebindUnit:firstUnit @unit                              ...
  129:  jump __start__ equal :rebindUnit:firstUnit null              if firstUnit != null then
        label *label52                                               do
  130:  sensor *tmp10 @unit @controlled                              if @unit.@controlled == 0 then
  131:  jump *label45 equal *tmp10 0                                 ...
  132:  ubind *tmp0                                                  ubind(unitType);
  133:  jump __start__ equal @unit :rebindUnit:firstUnit             while @unit != firstUnit and !firstUnit.@dead;
  134:  sensor *tmp11 :rebindUnit:firstUnit @dead                    ...
  135:  jump *label52 equal *tmp11 false                             ...
  136:  end                                                          end();
        label *label45                                               rebindUnit(currentUnit);
  137:  ucontrol flag 1 0 0 0 0                                      flag(S_INIT);
  138:  set *tmp9 @unit                                              return @unit;
  139:  set .unit *tmp9                                              var unit = acquireUnit(null);
  140:  sensor .unitCapacity *tmp9 @itemCapacity                     var unitCapacity = unit.@itemCapacity;
  141:  sensor .unitSpeed *tmp9 @speed                               var unitSpeed = unit.@speed;
  142:  op div .speedTenths .unitSpeed 10                            var speedTenths = unitSpeed / 10;
  143:  print "[gold]Locating core..."                               print("[gold]Locating core...");
  144:  printflush message1                                          printflush(message1);
        label *label59                                               do
  145:  ulocate building core false @copper 0 0 0 :locateCore:core   core = ulocate(:building, :core, false);
  146:  jump *label59 equal :locateCore:core null                    do
  147:  sensor .coreX :locateCore:core @x                            var coreX = core.@x;
  148:  sensor .coreY :locateCore:core @y                            var coreY = core.@y;
  149:  sensor .vaultX vault1 @x                                     var vaultX = vault1.@x;
  150:  sensor .vaultY vault1 @y                                     var vaultY = vault1.@y;
  151:  op add .unitCheck @time 5000                                 var unitCheck = @time + UNIT_CHECK_TIME;
        label *label62                                               loop
  152:  set :start @time                                             var start = @time;
  153:  print " === [gold]Supplying Power Plant[] === \n\n\n[gold]Th println(" === [gold]Supplying Power Plant[] === ");
  154:  sensor *tmp12 vault1 @thorium                                println($"\n[gold]Thorium[] status: [green]$[]", vault1.sensor(ITEM));
  155:  format *tmp12                                                ...
  156:  sensor *tmp13 vault1 @thorium                                if vault1.sensor(ITEM) < 500 then
  157:  jump *label65 greaterThanEq *tmp13 500                       ...
  158:  print "\nUnit type: [green]{0}[]\n"                          println($"\nUnit type: [green]$unitType[]");
  159:  format *tmp0                                                 ...
  160:  jump *label69 equal .unit null                               if currentUnit != null then
  161:  ubind .unit                                                  ubind(currentUnit);
  162:  sensor *tmp14 @unit @dead                                    if !@unit.@dead && @unit.@controller == @this then
  163:  op equal *tmp15 *tmp14 false                                 ...
  164:  sensor *tmp16 @unit @controller                              ...
  165:  op equal *tmp17 *tmp16 @this                                 ...
  166:  op land *tmp18 *tmp15 *tmp17                                 ...
  167:  jump *label68 notEqual *tmp18 false                          ...
        label *label69                                               if currentUnit != null then
  168:  ubind *tmp0                                                  var firstUnit = ubind(unitType);
  169:  set :rebindUnit.1:firstUnit @unit                            ...
  170:  jump __start__ equal :rebindUnit.1:firstUnit null            if firstUnit != null then
        label *label75                                               do
  171:  sensor *tmp19 @unit @controlled                              if @unit.@controlled == 0 then
  172:  jump *label68 equal *tmp19 0                                 ...
  173:  ubind *tmp0                                                  ubind(unitType);
  174:  jump __start__ equal @unit :rebindUnit.1:firstUnit           while @unit != firstUnit and !firstUnit.@dead;
  175:  sensor *tmp20 :rebindUnit.1:firstUnit @dead                  ...
  176:  jump *label75 equal *tmp20 false                             ...
  177:  end                                                          end();
        label *label68                                               unit = rebindUnit(unit);
  178:  sensor :processUnit:state @unit @flag                        state = @unit.@flag;
  179:  set :processUnit:distance -1                                 var distance = -1;
  180:  jump *label83 lessThan :processUnit:state 2                  if state < S_APPROACH_SRC or state > S_APPROACH_DST then
  181:  jump *label81 lessThanEq :processUnit:state 3                ...
        label *label83                                               ...
  182:  sensor *tmp21 @unit @firstItem                               if @unit.@firstItem == ITEM then
  183:  jump *label85 notEqual *tmp21 @thorium                       ...
  184:  set :processUnit:state 3                                     state = S_APPROACH_DST;
  185:  jump *label86 always 0 0                                     if @unit.@firstItem == ITEM then
        label *label85                                               ...
  186:  sensor *tmp22 @unit @totalItems                              elsif @unit.@totalItems == 0 then
  187:  jump *label87 notEqual *tmp22 0                              ...
  188:  set :processUnit:state 2                                     state = S_APPROACH_SRC;
  189:  jump *label88 always 0 0                                     elsif @unit.@totalItems == 0 then
        label *label87                                               ...
  190:  set .MSG ", initializing\n"                                  MSG = ", initializing\n";
  191:  ucontrol approach .coreX .coreY 6 0 0                        approach(coreX, coreY, RADIUS_APPROACH);
  192:  ucontrol within .coreX .coreY 8 *tmp23 0                     if within(coreX, coreY, RADIUS_WITHIN) then
  193:  jump *label89 equal *tmp23 false                             ...
  194:  ucontrol itemDrop :locateCore:core .unitCapacity 0 0 0       itemDrop(core, unitCapacity);
        label *label89                                               if within(coreX, coreY, RADIUS_WITHIN) then
        label *label88                                               elsif @unit.@totalItems == 0 then
        label *label86                                               if @unit.@firstItem == ITEM then
        label *label81                                               if state < S_APPROACH_SRC or state > S_APPROACH_DST then
  195:  jump *label91 notEqual :processUnit:state 2                  if state == S_APPROACH_SRC then
  196:  ucontrol within .coreX .coreY 8 *tmp24 0                     if within(coreX, coreY, RADIUS_WITHIN) then
  197:  jump *label93 equal *tmp24 false                             ...
  198:  ucontrol itemTake :locateCore:core @thorium .unitCapacity 0  itemTake(core, ITEM, unitCapacity);
  199:  sensor *tmp25 @unit @totalItems                              if @unit.@totalItems >= unitCapacity then
  200:  jump *label95 lessThan *tmp25 .unitCapacity                  ...
  201:  ucontrol approach .vaultX .vaultY 6 0 0                      approach(vaultX, vaultY, RADIUS_APPROACH);
  202:  set :processUnit:state 3                                     state = S_APPROACH_DST;
  203:  jump *label94 always 0 0                                     if @unit.@totalItems >= unitCapacity then
        label *label95                                               ...
  204:  set .MSG ", loading\n"                                       MSG = ", loading\n";
  205:  jump *label94 always 0 0                                     if within(coreX, coreY, RADIUS_WITHIN) then
        label *label93                                               ...
  206:  ucontrol approach .coreX .coreY 6 0 0                        approach(coreX, coreY, RADIUS_APPROACH);
  207:  set .MSG ", fetching in [gold]"                              MSG = ", fetching in [gold]";
  208:  sensor *tmp26 @unit @x                                       distance = len(coreX - @unit.@x, coreY - @unit.@y) \ speedTenths / 10;
  209:  op sub *tmp27 .coreX *tmp26                                  ...
  210:  sensor *tmp28 @unit @y                                       ...
  211:  op sub *tmp29 .coreY *tmp28                                  ...
  212:  op len *tmp30 *tmp27 *tmp29                                  ...
  213:  op idiv *tmp31 *tmp30 .speedTenths                           ...
  214:  op div :processUnit:distance *tmp31 10                       ...
        label *label94                                               if within(coreX, coreY, RADIUS_WITHIN) then
        label *label91                                               if state == S_APPROACH_SRC then
  215:  jump *label97 notEqual :processUnit:state 3                  if state == S_APPROACH_DST then
  216:  ucontrol within .vaultX .vaultY 8 *tmp32 0                   if within(vaultX, vaultY, RADIUS_WITHIN) then
  217:  jump *label99 equal *tmp32 false                             ...
  218:  ucontrol itemDrop vault1 .unitCapacity 0 0 0                 itemDrop(vault1, unitCapacity);
  219:  set .MSG ", supplying\n"                                     MSG = ", supplying\n";
  220:  sensor *tmp33 @unit @totalItems                              if @unit.@totalItems <= 0 then
  221:  jump *label100 greaterThan *tmp33 0                          ...
  222:  ucontrol approach .coreX .coreY 6 0 0                        approach(coreX, coreY, RADIUS_APPROACH);
  223:  set :processUnit:state 2                                     state = S_APPROACH_SRC;
  224:  jump *label100 always 0 0                                    if within(vaultX, vaultY, RADIUS_WITHIN) then
        label *label99                                               ...
  225:  ucontrol approach .vaultX .vaultY 6 0 0                      approach(vaultX, vaultY, RADIUS_APPROACH);
  226:  set .MSG ", returning in [gold]"                             MSG = ", returning in [gold]";
  227:  sensor *tmp34 @unit @x                                       distance = len(vaultX - @unit.@x, vaultY - @unit.@y) \ speedTenths / 10;
  228:  op sub *tmp35 .vaultX *tmp34                                 ...
  229:  sensor *tmp36 @unit @y                                       ...
  230:  op sub *tmp37 .vaultY *tmp36                                 ...
  231:  op len *tmp38 *tmp35 *tmp37                                  ...
  232:  op idiv *tmp39 *tmp38 .speedTenths                           ...
  233:  op div :processUnit:distance *tmp39 10                       ...
        label *label100                                              if within(vaultX, vaultY, RADIUS_WITHIN) then
        label *label97                                               if state == S_APPROACH_DST then
  234:  ucontrol flag :processUnit:state 0 0 0 0                     flag(state);
  235:  sensor *tmp40 @unit @totalItems                              print($"[gold]${@unit.@totalItems}[]");
  236:  print "[gold]{0}[]"                                          ...
  237:  format *tmp40                                                ...
  238:  jump *label103 lessThan :processUnit:distance 0              if distance >= 0 then
  239:  print .MSG                                                   println($"$MSG$distance[] sec");
  240:  print :processUnit:distance                                  ...
  241:  print "[] sec\n"                                             ...
  242:  jump *label104 always 0 0                                    if distance >= 0 then
        label *label103                                              ...
  243:  print .MSG                                                   print(MSG);
        label *label104                                              if distance >= 0 then
  244:  set .unit @unit                                              unit = processUnit(unit, out state);
  245:  jump *label105 notEqual :processUnit:state 2                 if state == S_APPROACH_SRC and vault1.sensor(ITEM) >= 500 then
  246:  sensor *tmp41 vault1 @thorium                                ...
  247:  jump *label105 lessThan *tmp41 500                           ...
  248:  ucontrol unbind 0 0 0 0 0                                    unbind();
  249:  jump *label106 always 0 0                                    if state == S_APPROACH_SRC and vault1.sensor(ITEM) >= 500 then
        label *label105                                              ...
  250:  jump *label109 equal *tmp0 UNIT_TYPE                         elsif unitType != UNIT_TYPE and unitCheck > @time then
  251:  jump *label109 lessThanEq .unitCheck @time                   ...
  252:  set :areUnitsAvailable.2:occupied 0                          var occupied = 0;
  253:  ubind UNIT_TYPE                                              var firstUnit = ubind(type);
  254:  set :areUnitsAvailable.2:firstUnit @unit                     ...
  255:  jump *label126 equal :areUnitsAvailable.2:firstUnit null     if firstUnit != null then
        label *label118                                              do
  256:  sensor *tmp43 @unit @controlled                              if !@unit.@controlled or @unit.@controller == @this then
  257:  jump *label123 equal *tmp43 false                            ...
  258:  sensor *tmp44 @unit @controller                              ...
  259:  jump *label121 notEqual *tmp44 @this                         ...
        label *label123                                              ...
  260:  set *tmp42 true                                              return true;
  261:  jump *label115 always 0 0                                    ...
        label *label121                                              if !@unit.@controlled or @unit.@controller == @this then
  262:  op add :areUnitsAvailable.2:occupied :areUnitsAvailable.2:oc ...
  263:  ubind UNIT_TYPE                                              ubind(type);
  264:  jump *label126 equal @unit :areUnitsAvailable.2:firstUnit    while @unit != firstUnit and !firstUnit.@dead;
  265:  sensor *tmp45 :areUnitsAvailable.2:firstUnit @dead           ...
  266:  jump *label118 equal *tmp45 false                            ...
        label *label126                                              if output then
  267:  set *tmp42 false                                             return false;
        label *label115                                              if areUnitsAvailable(UNIT_TYPE, false) then
  268:  jump *label113 equal *tmp42 false                            ...
  269:  end                                                          end();
        label *label113                                              if areUnitsAvailable(UNIT_TYPE, false) then
  270:  op add .unitCheck @time 5000                                 unitCheck = @time + UNIT_CHECK_TIME;
        label *label109                                              elsif unitType != UNIT_TYPE and unitCheck > @time then
        label *label106                                              if state == S_APPROACH_SRC and vault1.sensor(ITEM) >= 500 then
        label *label65                                               if vault1.sensor(ITEM) < 500 then
  271:  op sub *tmp46 @time :start                                   print($"\n[lightgray]Loop time: $ ms", floor(@time - start));
  272:  op floor *tmp47 *tmp46 0                                     ...
  273:  print "\n[lightgray]Loop time: {0} ms"                       ...
  274:  format *tmp47                                                ...
  275:  printflush message1                                          printflush(message1);
  276:  jump *label62 always 0 0                                     loop


Code size and number of instantiations by function:
  Size  Times  AvgSize  Function
   107     6x     17,8  inline def areUnitsAvailable(in type, in output)
    66     1x     66,0  inline def processUnit(in unit, out state)
    44     1x     44,0  <no function>
    28     2x     14,0  inline def rebindUnit(in currentUnit)
    27     1x     27,0  inline def chooseUnitType()
     4     1x      4,0  inline def locateCore()
     2     1x      2,0  inline def acquireUnit(in currentUnit)

