   446 instructions before optimizations.
    12 instructions eliminated by Temp Variables Elimination (9 iterations).
     1 instructions eliminated by Case Expression Optimization.
    18 instructions eliminated by Dead Code Elimination (7 iterations).
     3 instructions eliminated by Jump Normalization (2 passes, 8 iterations).
     9 instructions eliminated by Condition Optimization (2 passes, 10 iterations).
     7 instructions eliminated by Single Step Elimination (3 passes, 11 iterations).
  4097 instructions eliminated by Expression Optimization (2 passes, 5 iterations).
   154 instructions eliminated by Data Flow Optimization (5 passes, 24 iterations).
       3 loop conditions were partially rotated.
  4046 instructions added by Loop Unrolling (14 iterations).
     3 loops unrolled by Loop Unrolling.
   261 instructions added by Array Optimization (14 iterations).
     3 array(s) improved by Array Optimization.
     2 instructions eliminated by Jump Straightening (9 iterations).
     3 instructions updated by Jump Threading.
     1 instructions eliminated by Unreachable Code Elimination (3 iterations).
    21 instructions eliminated by Print Merging.
   236 instructions after optimizations.

Pass 1: speed optimization selection (cost limit 626):
    Inline shared table of array 'conv'                          size   +26, benefit     2328.1, efficiency     89.543
    Inline array access to 'conv' at line 44:25                  size    -3, benefit      291.0, efficiency   Infinity
    Inline shared table of array 'state1'                        size   +26, benefit     2328.1, efficiency     89.543
    Inline array access to 'state1' at line 75:13                size    -3, benefit     1164.1, efficiency   Infinity
    Inline shared table of array 'state2'                        size   +26, benefit     2328.1, efficiency     89.543
    Inline array access to 'state2' at line 88:13                size    -3, benefit     1164.1, efficiency   Infinity
  * Unroll iteration loop at line 32:9                           size   -79, benefit     1975.0, efficiency   Infinity (-32 instructions)

Pass 1: speed optimization selection (cost limit 658):
    Inline shared table of array 'conv'                          size   +26, benefit     2328.1, efficiency     89.543
    Inline array access to 'conv' at line 44:25                  size    -3, benefit      291.0, efficiency   Infinity
    Inline shared table of array 'state1'                        size   +26, benefit     2328.1, efficiency     89.543
  * Inline array access to 'state1' at line 75:13                size    -3, benefit     1164.1, efficiency   Infinity (-3 instructions)
    Inline shared table of array 'state2'                        size   +26, benefit     2328.1, efficiency     89.543
    Inline array access to 'state2' at line 88:13                size    -3, benefit     1164.1, efficiency   Infinity

Pass 1: speed optimization selection (cost limit 661):
    Inline shared table of array 'conv'                          size   +26, benefit     2328.1, efficiency     89.543
    Inline array access to 'conv' at line 44:25                  size    -3, benefit      291.0, efficiency   Infinity
    Inline shared table of array 'state1'                        size   +26, benefit     2328.1, efficiency     89.543
    Inline shared table of array 'state2'                        size   +26, benefit     2328.1, efficiency     89.543
  * Inline array access to 'state2' at line 88:13                size    -3, benefit     1164.1, efficiency   Infinity (-3 instructions)

Pass 1: speed optimization selection (cost limit 664):
    Inline shared table of array 'conv'                          size   +26, benefit     2328.1, efficiency     89.543
  * Inline array access to 'conv' at line 44:25                  size    -3, benefit      291.0, efficiency   Infinity (-3 instructions)
    Inline shared table of array 'state1'                        size   +26, benefit     2328.1, efficiency     89.543
    Inline shared table of array 'state2'                        size   +26, benefit     2328.1, efficiency     89.543

Pass 1: speed optimization selection (cost limit 667):
  * Inline shared table of array 'conv'                          size   +26, benefit     2328.1, efficiency     89.543 (+26 instructions)
  o Inline shared table of array 'state1'                        size   +26, benefit     2328.1, efficiency     89.543
  o Inline shared table of array 'state2'                        size   +26, benefit     2328.1, efficiency     89.543

Pass 1: speed optimization selection (cost limit 641):
  * Inline shared table of array 'state1'                        size   +26, benefit     2328.1, efficiency     89.543 (+26 instructions)
  o Inline shared table of array 'state2'                        size   +26, benefit     2328.1, efficiency     89.543

Pass 1: speed optimization selection (cost limit 615):
  * Inline shared table of array 'state2'                        size   +26, benefit     2328.1, efficiency     89.543 (+26 instructions)

Pass 2: speed optimization selection (cost limit 591):
  * Unroll loop at line 74:9                                     size   -26, benefit    20000.0, efficiency   Infinity (+2022 instructions)
    Unroll loop at line 87:9                                     size   -26, benefit    20000.0, efficiency   Infinity

Pass 2: speed optimization selection (cost limit 0):
  * Unroll loop at line 87:9                                     size   -26, benefit    20000.0, efficiency   Infinity (+2022 instructions)

Modifications by Initial phase, Case Expression Optimization, iteration 1 (-1 instructions):
 
    93 getlink *tmp2 :initialize:n
    94 set :initialize:block *tmp2
    95 sensor *tmp4 :initialize:block @type
-    * set *tmp5 *tmp4
-    * jump *label28 equal *tmp5 @memory-cell
-    * jump *label28 equal *tmp5 @memory-bank
+   96 jump *label28 equal *tmp4 @memory-cell
+   97 jump *label28 equal *tmp4 @memory-bank
    98 jump *label27 always
    99 label *label28
   100 set .memory :initialize:block
   101 set *tmp3 .memory
   102 jump *label26 always
   103 label *label27
-    * jump *label30 equal *tmp5 @plastanium-conveyor
+  104 jump *label30 equal *tmp4 @plastanium-conveyor
   105 jump *label29 always
   106 label *label30
   107 op lessThan *tmp6 .found 16

Modifications by Initial phase, Dead Code Elimination, iteration 1 (-13 instructions):
 
    98 jump *label27 always
    99 label *label28
   100 set .memory :initialize:block
-    * set *tmp3 .memory
   101 jump *label26 always
   102 label *label27
   103 jump *label30 equal *tmp4 @plastanium-conveyor
 
   107 jump *label31 equal *tmp6 false
   108 set *tmp8 .found
   109 writearr<internal:regular> :initialize:block .conv[] *tmp8
-    * set *tmp7 :initialize:block
   110 jump *label32 always
   111 label *label31
-    * set *tmp7 null
   112 label *label32
   113 set *tmp10 .found
   114 op add .found .found 1
-    * set *tmp3 *tmp10
   115 jump *label26 always
   116 label *label29
-    * set *tmp3 null
   117 label *label26
   118 label *label24
   119 op sub :initialize:n :initialize:n 1
 
   130 print .found
   131 print ")"
   132 printflush message1
-    * set *tmp12 null
   133 jump *label34 always
   134 label *label33
   135 op greaterThan *tmp13 .found 16
 
   170 label *label38
   171 set *tmp14 *tmp16
   172 label *label36
-    * set *tmp12 *tmp14
   173 label *label34
   174 label *label2
   175 jump *label1 always
 
   194 jump *label47 equal *tmp33 false
   195 op add *tmp35 .total 10
   196 set .total *tmp35
-    * set *tmp34 *tmp35
   197 jump *label48 always
   198 label *label47
-    * set *tmp34 null
   199 label *label48
   200 label *label45
   201 op add :i :i 1
 
   234 jump *label52 equal *tmp48 false
   235 op add *tmp50 .total 10
   236 set .total *tmp50
-    * set *tmp49 *tmp50
   237 jump *label53 always
   238 label *label52
-    * set *tmp49 null
   239 label *label53
   240 label *label50
   241 op add :i.1 :i.1 1
 
   253 op notEqual *tmp54 .links @links
   254 jump *label54 equal *tmp54 false
   255 end
-    * set *tmp55 null
   256 jump *label55 always
   257 label *label54
-    * set *tmp55 null
   258 label *label55
   259 label *label42
   260 sensor *tmp56 switch1 @enabled

Modifications by Initial phase, Dead Code Elimination, iteration 2 (-3 instructions):
 
   110 jump *label32 always
   111 label *label31
   112 label *label32
-    * set *tmp10 .found
   113 op add .found .found 1
   114 jump *label26 always
   115 label *label29
 
   142 print .found
   143 print ")"
   144 printflush message1
-    * set *tmp14 null
   145 jump *label36 always
   146 label *label35
   147 op equal *tmp15 .memory null
 
   166 jump *label3 always
   167 set *tmp16 null
   168 label *label38
-    * set *tmp14 *tmp16
   169 label *label36
   170 label *label34
   171 label *label2

Modifications by Initial phase, Dead Code Elimination, iteration 3 (-2 instructions):
 
   148 jump *label37 equal *tmp15 false
   149 print "$TITLE\n[salmon]No memory attached."
   150 printflush message1
-    * set *tmp16 null
   151 jump *label38 always
   152 label *label37
   153 sensor *tmp17 .memory @type
 
   163 read *tmp22 .memory *tmp20
   164 set .total *tmp22
   165 jump *label3 always
-    * set *tmp16 null
   166 label *label38
   167 label *label36
   168 label *label34

Modifications by Initial phase, Temp Variables Elimination, iteration 1 (-11 instructions):
 
    85 label *label6
    86 set .memory null
    87 set .found 0
-    * set *tmp1 @links
-    * set .links *tmp1
+   88 set .links @links
    89 op sub :initialize:n .links 1
    90 label *label23
    91 jump *label25 lessThan :initialize:n 0
-    * getlink *tmp2 :initialize:n
-    * set :initialize:block *tmp2
+   92 getlink :initialize:block :initialize:n
    93 sensor *tmp4 :initialize:block @type
    94 jump *label28 equal *tmp4 @memory-cell
    95 jump *label28 equal *tmp4 @memory-bank
 
   103 label *label30
   104 op lessThan *tmp6 .found 16
   105 jump *label31 equal *tmp6 false
-    * set *tmp8 .found
-    * writearr<internal:regular> :initialize:block .conv[] *tmp8
+  106 writearr<internal:regular> :initialize:block .conv[] .found
   107 jump *label32 always
   108 label *label31
   109 label *label32
 
   156 set *tmp19 511
   157 label *label40
   158 set .totalIndex *tmp19
-    * set *tmp20 .totalIndex
-    * read *tmp22 .memory *tmp20
-    * set .total *tmp22
+  159 read .total .memory .totalIndex
   160 jump *label3 always
   161 label *label38
   162 label *label36
 
   172 label *label44
   173 jump *label46 greaterThanEq :i 16
   174 set *tmp24 :i
-    * set *tmp26 :i
-    * readarr<internal:regular> *tmp27 .conv[] *tmp26
+  175 readarr<internal:regular> *tmp27 .conv[] :i
   176 sensor *tmp28 *tmp27 @totalItems
   177 writearr<internal:regular> *tmp28 .state1[] *tmp24
   178 set *tmp29 :i
 
   181 readarr<internal:regular> *tmp32 .state2[] *tmp31
   182 op lessThan *tmp33 *tmp30 *tmp32
   183 jump *label47 equal *tmp33 false
-    * op add *tmp35 .total 10
-    * set .total *tmp35
+  184 op add .total .total 10
   185 jump *label48 always
   186 label *label47
   187 label *label48
 
   190 jump *label44 always
   191 label *label46
   192 set *tmp36 .totalIndex
-    * set *tmp38 .total
-    * write *tmp38 .memory *tmp36
+  193 write .total .memory *tmp36
   194 print "[gold]Item Counter[], version [gold]1.0[]"
   195 print " "
   196 print "           "
 
   209 label *label49
   210 jump *label51 greaterThanEq :i.1 16
   211 set *tmp39 :i.1
-    * set *tmp41 :i.1
-    * readarr<internal:regular> *tmp42 .conv[] *tmp41
+  212 readarr<internal:regular> *tmp42 .conv[] :i.1
   213 sensor *tmp43 *tmp42 @totalItems
   214 writearr<internal:regular> *tmp43 .state2[] *tmp39
   215 set *tmp44 :i.1
 
   218 readarr<internal:regular> *tmp47 .state1[] *tmp46
   219 op lessThan *tmp48 *tmp45 *tmp47
   220 jump *label52 equal *tmp48 false
-    * op add *tmp50 .total 10
-    * set .total *tmp50
+  221 op add .total .total 10
   222 jump *label53 always
   223 label *label52
   224 label *label53
 
   247 jump *label41 notEqual *tmp57 false
   248 label *label43
   249 set .total 0
-    * set *tmp58 .totalIndex
-    * write 0 .memory *tmp58
+  250 write 0 .memory .totalIndex
   251 end

Modifications by Initial phase, Temp Variables Elimination, iteration 2 (-1 instructions):
 
   189 op add :i :i 1
   190 jump *label44 always
   191 label *label46
-    * set *tmp36 .totalIndex
-    * write .total .memory *tmp36
+  192 write .total .memory .totalIndex
   193 print "[gold]Item Counter[], version [gold]1.0[]"
   194 print " "
   195 print "           "

Modifications by Iterated phase, Jump Normalization, pass 1, iteration 1 (-1 instructions):
     0 label *label1
-    * jump *label3 equal true false
     1 set :initialize:c .conv*0
     2 setaddr *tmp0 *label7
     3 jump *label4 always

Modifications by Iterated phase, Jump Straightening, pass 1, iteration 1 (-2 instructions):
 
    91 getlink :initialize:block :initialize:n
    92 sensor *tmp4 :initialize:block @type
    93 jump *label28 equal *tmp4 @memory-cell
-    * jump *label28 equal *tmp4 @memory-bank
-    * jump *label27 always
+   94 jump *label27 notEqual *tmp4 @memory-bank
    95 label *label28
    96 set .memory :initialize:block
    97 jump *label26 always
    98 label *label27
-    * jump *label30 equal *tmp4 @plastanium-conveyor
-    * jump *label29 always
+   99 jump *label29 notEqual *tmp4 @plastanium-conveyor
   100 label *label30
   101 op lessThan *tmp6 .found 16
   102 jump *label31 equal *tmp6 false

Modifications by Iterated phase, Condition Optimization, pass 1, iteration 1 (-9 instructions):
 
    98 label *label27
    99 jump *label29 notEqual *tmp4 @plastanium-conveyor
   100 label *label30
-    * op lessThan *tmp6 .found 16
-    * jump *label31 equal *tmp6 false
+  101 jump *label31 greaterThanEq .found 16
   102 writearr<internal:regular> :initialize:block .conv[] .found
   103 jump *label32 always
   104 label *label31
 
   111 op sub :initialize:n :initialize:n 1
   112 jump *label23 always
   113 label *label25
-    * op equal *tmp11 .found 0
-    * jump *label33 equal *tmp11 false
+  114 jump *label33 notEqual .found 0
   115 print "[gold]Item Counter[], version [gold]1.0[]"
   116 print "\"
   117 print "n[salmon]No plastanium conveyor attached (maximum: "
 
   123 printflush message1
   124 jump *label34 always
   125 label *label33
-    * op greaterThan *tmp13 .found 16
-    * jump *label35 equal *tmp13 false
+  126 jump *label35 lessThanEq .found 16
   127 print "[gold]Item Counter[], version [gold]1.0[]"
   128 print "\"
   129 print "n[salmon]Too many plastanium conveyors attached (maximum: "
 
   135 printflush message1
   136 jump *label36 always
   137 label *label35
-    * op equal *tmp15 .memory null
-    * jump *label37 equal *tmp15 false
+  138 jump *label37 notEqual .memory null
   139 print "$TITLE\n[salmon]No memory attached."
   140 printflush message1
   141 jump *label38 always
   142 label *label37
   143 sensor *tmp17 .memory @type
-    * op equal *tmp18 *tmp17 @memory-cell
-    * jump *label39 equal *tmp18 false
+  144 jump *label39 notEqual *tmp17 @memory-cell
   145 set *tmp19 63
   146 jump *label40 always
   147 label *label39
 
   171 set *tmp31 :i
   172 readarr<internal:regular> *tmp30 .state1[] *tmp29
   173 readarr<internal:regular> *tmp32 .state2[] *tmp31
-    * op lessThan *tmp33 *tmp30 *tmp32
-    * jump *label47 equal *tmp33 false
+  174 jump *label47 greaterThanEq *tmp30 *tmp32
   175 op add .total .total 10
   176 jump *label48 always
   177 label *label47
 
   206 set *tmp46 :i.1
   207 readarr<internal:regular> *tmp45 .state2[] *tmp44
   208 readarr<internal:regular> *tmp47 .state1[] *tmp46
-    * op lessThan *tmp48 *tmp45 *tmp47
-    * jump *label52 equal *tmp48 false
+  209 jump *label52 greaterThanEq *tmp45 *tmp47
   210 op add .total .total 10
   211 jump *label53 always
   212 label *label52
 
   224 print "ms"
   225 print "\n"
   226 printflush message1
-    * op notEqual *tmp54 .links @links
-    * jump *label54 equal *tmp54 false
+  227 jump *label54 equal .links @links
   228 end
   229 jump *label55 always
   230 label *label54
   231 label *label55
   232 label *label42
   233 sensor *tmp56 switch1 @enabled
-    * op equal *tmp57 *tmp56 false
-    * jump *label41 notEqual *tmp57 false
+  234 jump *label41 equal *tmp56 false
   235 label *label43
   236 set .total 0
   237 write 0 .memory .totalIndex

Modifications by Iterated phase, Single Step Elimination, pass 1, iteration 1 (-5 instructions):
 
   100 label *label30
   101 jump *label31 greaterThanEq .found 16
   102 writearr<internal:regular> :initialize:block .conv[] .found
-    * jump *label32 always
   103 label *label31
   104 label *label32
   105 op add .found .found 1
-    * jump *label26 always
   106 label *label29
   107 label *label26
   108 label *label24
 
   171 readarr<internal:regular> *tmp32 .state2[] *tmp31
   172 jump *label47 greaterThanEq *tmp30 *tmp32
   173 op add .total .total 10
-    * jump *label48 always
   174 label *label47
   175 label *label48
   176 label *label45
 
   205 readarr<internal:regular> *tmp47 .state1[] *tmp46
   206 jump *label52 greaterThanEq *tmp45 *tmp47
   207 op add .total .total 10
-    * jump *label53 always
   208 label *label52
   209 label *label53
   210 label *label50
 
   222 printflush message1
   223 jump *label54 equal .links @links
   224 end
-    * jump *label55 always
   225 label *label54
   226 label *label55
   227 label *label42

Modifications by Iterated phase, Expression Optimization, pass 1, iteration 1 (-1 instructions):
 
   212 jump *label49 always
   213 label *label51
   214 op sub *tmp51 @time :start
-    * op div *tmp52 *tmp51 2
-    * op floor *tmp53 *tmp52
+  215 op idiv *tmp53 *tmp51 2
   216 print "[lightgray]Loop time: "
   217 print *tmp53
   218 print " "

Modifications by Iterated phase, Data Flow Optimization, pass 1, iteration 1 (-16 instructions):
     0 label *label1
-    * set :initialize:c .conv*0
     1 setaddr *tmp0 *label7
     2 jump *label4 always
     3 multilabel *label7 (m:marker0)
-    * set .conv*0 :initialize:c
-    * set :initialize:c .conv*1
+    4 set .conv*0 null
     5 setaddr *tmp0 *label8
     6 jump *label4 always
     7 multilabel *label8 (m:marker0)
-    * set .conv*1 :initialize:c
-    * set :initialize:c .conv*2
+    8 set .conv*1 null
     9 setaddr *tmp0 *label9
    10 jump *label4 always
    11 multilabel *label9 (m:marker0)
-    * set .conv*2 :initialize:c
-    * set :initialize:c .conv*3
+   12 set .conv*2 null
    13 setaddr *tmp0 *label10
    14 jump *label4 always
    15 multilabel *label10 (m:marker0)
-    * set .conv*3 :initialize:c
-    * set :initialize:c .conv*4
+   16 set .conv*3 null
    17 setaddr *tmp0 *label11
    18 jump *label4 always
    19 multilabel *label11 (m:marker0)
-    * set .conv*4 :initialize:c
-    * set :initialize:c .conv*5
+   20 set .conv*4 null
    21 setaddr *tmp0 *label12
    22 jump *label4 always
    23 multilabel *label12 (m:marker0)
-    * set .conv*5 :initialize:c
-    * set :initialize:c .conv*6
+   24 set .conv*5 null
    25 setaddr *tmp0 *label13
    26 jump *label4 always
    27 multilabel *label13 (m:marker0)
-    * set .conv*6 :initialize:c
-    * set :initialize:c .conv*7
+   28 set .conv*6 null
    29 setaddr *tmp0 *label14
    30 jump *label4 always
    31 multilabel *label14 (m:marker0)
-    * set .conv*7 :initialize:c
-    * set :initialize:c .conv*8
+   32 set .conv*7 null
    33 setaddr *tmp0 *label15
    34 jump *label4 always
    35 multilabel *label15 (m:marker0)
-    * set .conv*8 :initialize:c
-    * set :initialize:c .conv*9
+   36 set .conv*8 null
    37 setaddr *tmp0 *label16
    38 jump *label4 always
    39 multilabel *label16 (m:marker0)
-    * set .conv*9 :initialize:c
-    * set :initialize:c .conv*10
+   40 set .conv*9 null
    41 setaddr *tmp0 *label17
    42 jump *label4 always
    43 multilabel *label17 (m:marker0)
-    * set .conv*10 :initialize:c
-    * set :initialize:c .conv*11
+   44 set .conv*10 null
    45 setaddr *tmp0 *label18
    46 jump *label4 always
    47 multilabel *label18 (m:marker0)
-    * set .conv*11 :initialize:c
-    * set :initialize:c .conv*12
+   48 set .conv*11 null
    49 setaddr *tmp0 *label19
    50 jump *label4 always
    51 multilabel *label19 (m:marker0)
-    * set .conv*12 :initialize:c
-    * set :initialize:c .conv*13
+   52 set .conv*12 null
    53 setaddr *tmp0 *label20
    54 jump *label4 always
    55 multilabel *label20 (m:marker0)
-    * set .conv*13 :initialize:c
-    * set :initialize:c .conv*14
+   56 set .conv*13 null
    57 setaddr *tmp0 *label21
    58 jump *label4 always
    59 multilabel *label21 (m:marker0)
-    * set .conv*14 :initialize:c
-    * set :initialize:c .conv*15
+   60 set .conv*14 null
    61 setaddr *tmp0 *label22
    62 label *label4
    63 set :initialize:c null
    64 label *label5
    65 multijump *tmp0 0 0 (m:marker0)
    66 multilabel *label22 (m:marker0)
-    * set .conv*15 :initialize:c
+   67 set .conv*15 null
    68 label *label6
    69 set .memory null
    70 set .found 0
 
   130 set *tmp19 511
   131 label *label40
   132 set .totalIndex *tmp19
-    * read .total .memory .totalIndex
+  133 read .total .memory *tmp19
   134 jump *label3 always
   135 label *label38
   136 label *label36
 
   148 set *tmp24 :i
   149 readarr<internal:regular> *tmp27 .conv[] :i
   150 sensor *tmp28 *tmp27 @totalItems
-    * writearr<internal:regular> *tmp28 .state1[] *tmp24
+  151 writearr<internal:regular> *tmp28 .state1[] :i
   152 set *tmp29 :i
   153 set *tmp31 :i
-    * readarr<internal:regular> *tmp30 .state1[] *tmp29
-    * readarr<internal:regular> *tmp32 .state2[] *tmp31
+  154 readarr<internal:regular> *tmp30 .state1[] :i
+  155 readarr<internal:regular> *tmp32 .state2[] :i
   156 jump *label47 greaterThanEq *tmp30 *tmp32
   157 op add .total .total 10
   158 label *label47
 
   182 set *tmp39 :i.1
   183 readarr<internal:regular> *tmp42 .conv[] :i.1
   184 sensor *tmp43 *tmp42 @totalItems
-    * writearr<internal:regular> *tmp43 .state2[] *tmp39
+  185 writearr<internal:regular> *tmp43 .state2[] :i.1
   186 set *tmp44 :i.1
   187 set *tmp46 :i.1
-    * readarr<internal:regular> *tmp45 .state2[] *tmp44
-    * readarr<internal:regular> *tmp47 .state1[] *tmp46
+  188 readarr<internal:regular> *tmp45 .state2[] :i.1
+  189 readarr<internal:regular> *tmp47 .state1[] :i.1
   190 jump *label52 greaterThanEq *tmp45 *tmp47
   191 op add .total .total 10
   192 label *label52

Modifications by Iterated phase, Data Flow Optimization, pass 1, iteration 2 (-7 instructions):
 
    60 set .conv*14 null
    61 setaddr *tmp0 *label22
    62 label *label4
-    * set :initialize:c null
    63 label *label5
    64 multijump *tmp0 0 0 (m:marker0)
    65 multilabel *label22 (m:marker0)
 
   144 set :i 0
   145 label *label44
   146 jump *label46 greaterThanEq :i 16
-    * set *tmp24 :i
   147 readarr<internal:regular> *tmp27 .conv[] :i
   148 sensor *tmp28 *tmp27 @totalItems
   149 writearr<internal:regular> *tmp28 .state1[] :i
-    * set *tmp29 :i
-    * set *tmp31 :i
   150 readarr<internal:regular> *tmp30 .state1[] :i
   151 readarr<internal:regular> *tmp32 .state2[] :i
   152 jump *label47 greaterThanEq *tmp30 *tmp32
 
   175 set :i.1 0
   176 label *label49
   177 jump *label51 greaterThanEq :i.1 16
-    * set *tmp39 :i.1
   178 readarr<internal:regular> *tmp42 .conv[] :i.1
   179 sensor *tmp43 *tmp42 @totalItems
   180 writearr<internal:regular> *tmp43 .state2[] :i.1
-    * set *tmp44 :i.1
-    * set *tmp46 :i.1
   181 readarr<internal:regular> *tmp45 .state2[] :i.1
   182 readarr<internal:regular> *tmp47 .state1[] :i.1
   183 jump *label52 greaterThanEq *tmp45 *tmp47

Modifications by Iterated phase, Loop Rotation, pass 1, iteration 1:
 
    71 op sub :initialize:n .links 1
    72 label *label23
    73 jump *label25 lessThan :initialize:n 0
+   74 label *label56
    75 getlink :initialize:block :initialize:n
    76 sensor *tmp4 :initialize:block @type
    77 jump *label28 equal *tmp4 @memory-cell
 
    91 label *label26
    92 label *label24
    93 op sub :initialize:n :initialize:n 1
-    * jump *label23 always
+   94 jump *label56 greaterThanEq :initialize:n 0
    95 label *label25
    96 jump *label33 notEqual .found 0
    97 print "[gold]Item Counter[], version [gold]1.0[]"
 
   145 set :i 0
   146 label *label44
   147 jump *label46 greaterThanEq :i 16
+  148 label *label57
   149 readarr<internal:regular> *tmp27 .conv[] :i
   150 sensor *tmp28 *tmp27 @totalItems
   151 writearr<internal:regular> *tmp28 .state1[] :i
 
   157 label *label48
   158 label *label45
   159 op add :i :i 1
-    * jump *label44 always
+  160 jump *label57 lessThan :i 16
   161 label *label46
   162 write .total .memory .totalIndex
   163 print "[gold]Item Counter[], version [gold]1.0[]"
 
   177 set :i.1 0
   178 label *label49
   179 jump *label51 greaterThanEq :i.1 16
+  180 label *label58
   181 readarr<internal:regular> *tmp42 .conv[] :i.1
   182 sensor *tmp43 *tmp42 @totalItems
   183 writearr<internal:regular> *tmp43 .state2[] :i.1
 
   189 label *label53
   190 label *label50
   191 op add :i.1 :i.1 1
-    * jump *label49 always
+  192 jump *label58 lessThan :i.1 16
   193 label *label51
   194 op sub *tmp51 @time :start
   195 op idiv *tmp53 *tmp51 2

Modifications by Unroll iteration loop at line 32:9 (-32 instructions):
     0 label *label1
-    * setaddr *tmp0 *label7
-    * jump *label4 always
-    * multilabel *label7 (m:marker0)
-    * set .conv*0 null
-    * setaddr *tmp0 *label8
-    * jump *label4 always
-    * multilabel *label8 (m:marker0)
-    * set .conv*1 null
-    * setaddr *tmp0 *label9
-    * jump *label4 always
-    * multilabel *label9 (m:marker0)
-    * set .conv*2 null
-    * setaddr *tmp0 *label10
-    * jump *label4 always
-    * multilabel *label10 (m:marker0)
-    * set .conv*3 null
-    * setaddr *tmp0 *label11
-    * jump *label4 always
-    * multilabel *label11 (m:marker0)
-    * set .conv*4 null
-    * setaddr *tmp0 *label12
-    * jump *label4 always
-    * multilabel *label12 (m:marker0)
-    * set .conv*5 null
-    * setaddr *tmp0 *label13
-    * jump *label4 always
-    * multilabel *label13 (m:marker0)
-    * set .conv*6 null
-    * setaddr *tmp0 *label14
-    * jump *label4 always
-    * multilabel *label14 (m:marker0)
-    * set .conv*7 null
-    * setaddr *tmp0 *label15
-    * jump *label4 always
-    * multilabel *label15 (m:marker0)
-    * set .conv*8 null
-    * setaddr *tmp0 *label16
-    * jump *label4 always
-    * multilabel *label16 (m:marker0)
-    * set .conv*9 null
-    * setaddr *tmp0 *label17
-    * jump *label4 always
-    * multilabel *label17 (m:marker0)
-    * set .conv*10 null
-    * setaddr *tmp0 *label18
-    * jump *label4 always
-    * multilabel *label18 (m:marker0)
-    * set .conv*11 null
-    * setaddr *tmp0 *label19
-    * jump *label4 always
-    * multilabel *label19 (m:marker0)
-    * set .conv*12 null
-    * setaddr *tmp0 *label20
-    * jump *label4 always
-    * multilabel *label20 (m:marker0)
-    * set .conv*13 null
-    * setaddr *tmp0 *label21
-    * jump *label4 always
-    * multilabel *label21 (m:marker0)
-    * set .conv*14 null
-    * setaddr *tmp0 *label22
-    * label *label4
-    * label *label5
-    * multijump *tmp0 0 0 (m:marker0)
-    * multilabel *label22 (m:marker0)
-    * set .conv*15 null
-    * label *label6
+    1 label *label59
+    2 label *label60
+    3 set .conv*0 null
+    4 label *label63
+    5 label *label64
+    6 set .conv*1 null
+    7 label *label67
+    8 label *label68
+    9 set .conv*2 null
+   10 label *label71
+   11 label *label72
+   12 set .conv*3 null
+   13 label *label75
+   14 label *label76
+   15 set .conv*4 null
+   16 label *label79
+   17 label *label80
+   18 set .conv*5 null
+   19 label *label83
+   20 label *label84
+   21 set .conv*6 null
+   22 label *label87
+   23 label *label88
+   24 set .conv*7 null
+   25 label *label91
+   26 label *label92
+   27 set .conv*8 null
+   28 label *label95
+   29 label *label96
+   30 set .conv*9 null
+   31 label *label99
+   32 label *label100
+   33 set .conv*10 null
+   34 label *label103
+   35 label *label104
+   36 set .conv*11 null
+   37 label *label107
+   38 label *label108
+   39 set .conv*12 null
+   40 label *label111
+   41 label *label112
+   42 set .conv*13 null
+   43 label *label115
+   44 label *label116
+   45 set .conv*14 null
+   46 label *label119
+   47 label *label120
+   48 set .conv*15 null
+   49 label *label6
    50 set .memory null
    51 set .found 0
    52 set .links @links

Modifications by Iterated phase, Data Flow Optimization, pass 1, iteration 1:
 
   126 set :start @time
   127 set :i 0
   128 label *label44
-    * jump *label46 greaterThanEq :i 16
+  129 jump *label46 greaterThanEq 0 16
   130 label *label57
   131 readarr<internal:regular> *tmp27 .conv[] :i
   132 sensor *tmp28 *tmp27 @totalItems
 
   158 print "\n"
   159 set :i.1 0
   160 label *label49
-    * jump *label51 greaterThanEq :i.1 16
+  161 jump *label51 greaterThanEq 0 16
   162 label *label58
   163 readarr<internal:regular> *tmp42 .conv[] :i.1
   164 sensor *tmp43 *tmp42 @totalItems

Modifications by Inline array access to 'state1' at line 75:13 (-3 instructions):
 
   130 label *label57
   131 readarr<internal:regular> *tmp27 .conv[] :i
   132 sensor *tmp28 *tmp27 @totalItems
-    * writearr<internal:regular> *tmp28 .state1[] :i
+  133 writearr<inlined:regular> *tmp28 .state1[] :i
   134 readarr<internal:regular> *tmp30 .state1[] :i
   135 readarr<internal:regular> *tmp32 .state2[] :i
   136 jump *label47 greaterThanEq *tmp30 *tmp32

Modifications by Inline array access to 'state2' at line 88:13 (-3 instructions):
 
   162 label *label58
   163 readarr<internal:regular> *tmp42 .conv[] :i.1
   164 sensor *tmp43 *tmp42 @totalItems
-    * writearr<internal:regular> *tmp43 .state2[] :i.1
+  165 writearr<inlined:regular> *tmp43 .state2[] :i.1
   166 readarr<internal:regular> *tmp45 .state2[] :i.1
   167 readarr<internal:regular> *tmp47 .state1[] :i.1
   168 jump *label52 greaterThanEq *tmp45 *tmp47

Modifications by Inline array access to 'conv' at line 44:25 (-3 instructions):
 
    65 jump *label29 notEqual *tmp4 @plastanium-conveyor
    66 label *label30
    67 jump *label31 greaterThanEq .found 16
-    * writearr<internal:regular> :initialize:block .conv[] .found
+   68 writearr<inlined:regular> :initialize:block .conv[] .found
    69 label *label31
    70 label *label32
    71 op add .found .found 1

Modifications by Inline shared table of array 'conv' (+26 instructions):
 
   128 label *label44
   129 jump *label46 greaterThanEq 0 16
   130 label *label57
-    * readarr<internal:regular> *tmp27 .conv[] :i
+  131 readarr<inlined:regular> *tmp27 .conv[] :i
   132 sensor *tmp28 *tmp27 @totalItems
   133 writearr<inlined:regular> *tmp28 .state1[] :i
   134 readarr<internal:regular> *tmp30 .state1[] :i
 
   160 label *label49
   161 jump *label51 greaterThanEq 0 16
   162 label *label58
-    * readarr<internal:regular> *tmp42 .conv[] :i.1
+  163 readarr<inlined:regular> *tmp42 .conv[] :i.1
   164 sensor *tmp43 *tmp42 @totalItems
   165 writearr<inlined:regular> *tmp43 .state2[] :i.1
   166 readarr<internal:regular> *tmp45 .state2[] :i.1

Modifications by Inline shared table of array 'state1' (+26 instructions):
 
   131 readarr<inlined:regular> *tmp27 .conv[] :i
   132 sensor *tmp28 *tmp27 @totalItems
   133 writearr<inlined:regular> *tmp28 .state1[] :i
-    * readarr<internal:regular> *tmp30 .state1[] :i
+  134 readarr<inlined:regular> *tmp30 .state1[] :i
   135 readarr<internal:regular> *tmp32 .state2[] :i
   136 jump *label47 greaterThanEq *tmp30 *tmp32
   137 op add .total .total 10
 
   164 sensor *tmp43 *tmp42 @totalItems
   165 writearr<inlined:regular> *tmp43 .state2[] :i.1
   166 readarr<internal:regular> *tmp45 .state2[] :i.1
-    * readarr<internal:regular> *tmp47 .state1[] :i.1
+  167 readarr<inlined:regular> *tmp47 .state1[] :i.1
   168 jump *label52 greaterThanEq *tmp45 *tmp47
   169 op add .total .total 10
   170 label *label52

Modifications by Inline shared table of array 'state2' (+26 instructions):
 
   132 sensor *tmp28 *tmp27 @totalItems
   133 writearr<inlined:regular> *tmp28 .state1[] :i
   134 readarr<inlined:regular> *tmp30 .state1[] :i
-    * readarr<internal:regular> *tmp32 .state2[] :i
+  135 readarr<inlined:regular> *tmp32 .state2[] :i
   136 jump *label47 greaterThanEq *tmp30 *tmp32
   137 op add .total .total 10
   138 label *label47
 
   163 readarr<inlined:regular> *tmp42 .conv[] :i.1
   164 sensor *tmp43 *tmp42 @totalItems
   165 writearr<inlined:regular> *tmp43 .state2[] :i.1
-    * readarr<internal:regular> *tmp45 .state2[] :i.1
+  166 readarr<inlined:regular> *tmp45 .state2[] :i.1
   167 readarr<inlined:regular> *tmp47 .state1[] :i.1
   168 jump *label52 greaterThanEq *tmp45 *tmp47
   169 op add .total .total 10

Modifications by Iterated phase, Jump Normalization, pass 2, iteration 1 (-2 instructions):
 
   126 set :start @time
   127 set :i 0
   128 label *label44
-    * jump *label46 greaterThanEq 0 16
   129 label *label57
   130 readarr<inlined:regular> *tmp27 .conv[] :i
   131 sensor *tmp28 *tmp27 @totalItems
 
   157 print "\n"
   158 set :i.1 0
   159 label *label49
-    * jump *label51 greaterThanEq 0 16
   160 label *label58
   161 readarr<inlined:regular> *tmp42 .conv[] :i.1
   162 sensor *tmp43 *tmp42 @totalItems

Modifications by Iterated phase, Condition Optimization, pass 2, iteration 1:
 
    52 set .links @links
    53 op sub :initialize:n .links 1
    54 label *label23
-    * jump *label25 lessThan :initialize:n 0
+   55 jump *label25 lessThan .links 1
    56 label *label56
    57 getlink :initialize:block :initialize:n
    58 sensor *tmp4 :initialize:block @type

Modifications by Unroll loop at line 74:9 (+2039 instructions):
 
   124 control enabled switch1 false
   125 label *label41
   126 set :start @time
-    * set :i 0
-    * label *label44
-    * label *label57
-    * readarr<inlined:regular> *tmp27 .conv[] :i
-    * sensor *tmp28 *tmp27 @totalItems
-    * writearr<inlined:regular> *tmp28 .state1[] :i
-    * readarr<inlined:regular> *tmp30 .state1[] :i
-    * readarr<inlined:regular> *tmp32 .state2[] :i
-    * jump *label47 greaterThanEq *tmp30 *tmp32
-    * op add .total .total 10
-    * label *label47
-    * label *label48
-    * label *label45
-    * op add :i :i 1
-    * jump *label57 lessThan :i 16
-    * label *label46
+  127 set :i 0
+  128 label *label124
+  129 readarr<inlined:regular> *tmp27 .conv[] :i
+  130 sensor *tmp28 *tmp27 @totalItems
+  131 writearr<inlined:regular> *tmp28 .state1[] :i
+  132 readarr<inlined:regular> *tmp30 .state1[] :i
+  133 readarr<inlined:regular> *tmp32 .state2[] :i
+  134 jump *label125 greaterThanEq *tmp30 *tmp32
+  135 op add .total .total 10
+  136 label *label125
+  137 label *label126
+  138 label *label127
+  139 op add :i :i 1
+  140 readarr<inlined:regular> *tmp27 .conv[] :i
+  141 sensor *tmp28 *tmp27 @totalItems
+  142 writearr<inlined:regular> *tmp28 .state1[] :i
+  143 readarr<inlined:regular> *tmp30 .state1[] :i
+  144 readarr<inlined:regular> *tmp32 .state2[] :i
+  145 jump *label128 greaterThanEq *tmp30 *tmp32
+  146 op add .total .total 10
+  147 label *label128
+  148 label *label129
+  149 label *label130
+  150 op add :i :i 1
+  151 readarr<inlined:regular> *tmp27 .conv[] :i
+  152 sensor *tmp28 *tmp27 @totalItems
+  153 writearr<inlined:regular> *tmp28 .state1[] :i
+  154 readarr<inlined:regular> *tmp30 .state1[] :i
+  155 readarr<inlined:regular> *tmp32 .state2[] :i
+  156 jump *label131 greaterThanEq *tmp30 *tmp32
+  157 op add .total .total 10
+  158 label *label131
+  159 label *label132
+  160 label *label133
+  161 op add :i :i 1
+  162 readarr<inlined:regular> *tmp27 .conv[] :i
+  163 sensor *tmp28 *tmp27 @totalItems
+  164 writearr<inlined:regular> *tmp28 .state1[] :i
+  165 readarr<inlined:regular> *tmp30 .state1[] :i
+  166 readarr<inlined:regular> *tmp32 .state2[] :i
+  167 jump *label134 greaterThanEq *tmp30 *tmp32
+  168 op add .total .total 10
+  169 label *label134
+  170 label *label135
+  171 label *label136
+  172 op add :i :i 1
+  173 readarr<inlined:regular> *tmp27 .conv[] :i
+  174 sensor *tmp28 *tmp27 @totalItems
+  175 writearr<inlined:regular> *tmp28 .state1[] :i
+  176 readarr<inlined:regular> *tmp30 .state1[] :i
+  177 readarr<inlined:regular> *tmp32 .state2[] :i
+  178 jump *label137 greaterThanEq *tmp30 *tmp32
+  179 op add .total .total 10
+  180 label *label137
+  181 label *label138
+  182 label *label139
+  183 op add :i :i 1
+  184 readarr<inlined:regular> *tmp27 .conv[] :i
+  185 sensor *tmp28 *tmp27 @totalItems
+  186 writearr<inlined:regular> *tmp28 .state1[] :i
+  187 readarr<inlined:regular> *tmp30 .state1[] :i
+  188 readarr<inlined:regular> *tmp32 .state2[] :i
+  189 jump *label140 greaterThanEq *tmp30 *tmp32
+  190 op add .total .total 10
+  191 label *label140
+  192 label *label141
+  193 label *label142
+  194 op add :i :i 1
+  195 readarr<inlined:regular> *tmp27 .conv[] :i
+  196 sensor *tmp28 *tmp27 @totalItems
+  197 writearr<inlined:regular> *tmp28 .state1[] :i
+  198 readarr<inlined:regular> *tmp30 .state1[] :i
+  199 readarr<inlined:regular> *tmp32 .state2[] :i
+  200 jump *label143 greaterThanEq *tmp30 *tmp32
+  201 op add .total .total 10
+  202 label *label143
+  203 label *label144
+  204 label *label145
+  205 op add :i :i 1
+  206 readarr<inlined:regular> *tmp27 .conv[] :i
+  207 sensor *tmp28 *tmp27 @totalItems
+  208 writearr<inlined:regular> *tmp28 .state1[] :i
+  209 readarr<inlined:regular> *tmp30 .state1[] :i
+  210 readarr<inlined:regular> *tmp32 .state2[] :i
+  211 jump *label146 greaterThanEq *tmp30 *tmp32
+  212 op add .total .total 10
+  213 label *label146
+  214 label *label147
+  215 label *label148
+  216 op add :i :i 1
+  217 readarr<inlined:regular> *tmp27 .conv[] :i
+  218 sensor *tmp28 *tmp27 @totalItems
+  219 writearr<inlined:regular> *tmp28 .state1[] :i
+  220 readarr<inlined:regular> *tmp30 .state1[] :i
+  221 readarr<inlined:regular> *tmp32 .state2[] :i
+  222 jump *label149 greaterThanEq *tmp30 *tmp32
+  223 op add .total .total 10
+  224 label *label149
+  225 label *label150
+  226 label *label151
+  227 op add :i :i 1
+  228 readarr<inlined:regular> *tmp27 .conv[] :i
+  229 sensor *tmp28 *tmp27 @totalItems
+  230 writearr<inlined:regular> *tmp28 .state1[] :i
+  231 readarr<inlined:regular> *tmp30 .state1[] :i
+  232 readarr<inlined:regular> *tmp32 .state2[] :i
+  233 jump *label152 greaterThanEq *tmp30 *tmp32
+  234 op add .total .total 10
+  235 label *label152
+  236 label *label153
+  237 label *label154
+  238 op add :i :i 1
+  239 readarr<inlined:regular> *tmp27 .conv[] :i
+  240 sensor *tmp28 *tmp27 @totalItems
+  241 writearr<inlined:regular> *tmp28 .state1[] :i
+  242 readarr<inlined:regular> *tmp30 .state1[] :i
+  243 readarr<inlined:regular> *tmp32 .state2[] :i
+  244 jump *label155 greaterThanEq *tmp30 *tmp32
+  245 op add .total .total 10
+  246 label *label155
+  247 label *label156
+  248 label *label157
+  249 op add :i :i 1
+  250 readarr<inlined:regular> *tmp27 .conv[] :i
+  251 sensor *tmp28 *tmp27 @totalItems
+  252 writearr<inlined:regular> *tmp28 .state1[] :i
+  253 readarr<inlined:regular> *tmp30 .state1[] :i
+  254 readarr<inlined:regular> *tmp32 .state2[] :i
+  255 jump *label158 greaterThanEq *tmp30 *tmp32
+  256 op add .total .total 10
+  257 label *label158
+  258 label *label159
+  259 label *label160
+  260 op add :i :i 1
+  261 readarr<inlined:regular> *tmp27 .conv[] :i
+  262 sensor *tmp28 *tmp27 @totalItems
+  263 writearr<inlined:regular> *tmp28 .state1[] :i
+  264 readarr<inlined:regular> *tmp30 .state1[] :i
+  265 readarr<inlined:regular> *tmp32 .state2[] :i
+  266 jump *label161 greaterThanEq *tmp30 *tmp32
+  267 op add .total .total 10
+  268 label *label161
+  269 label *label162
+  270 label *label163
+  271 op add :i :i 1
+  272 readarr<inlined:regular> *tmp27 .conv[] :i
+  273 sensor *tmp28 *tmp27 @totalItems
+  274 writearr<inlined:regular> *tmp28 .state1[] :i
+  275 readarr<inlined:regular> *tmp30 .state1[] :i
+  276 readarr<inlined:regular> *tmp32 .state2[] :i
+  277 jump *label164 greaterThanEq *tmp30 *tmp32
+  278 op add .total .total 10
+  279 label *label164
+  280 label *label165
+  281 label *label166
+  282 op add :i :i 1
+  283 readarr<inlined:regular> *tmp27 .conv[] :i
+  284 sensor *tmp28 *tmp27 @totalItems
+  285 writearr<inlined:regular> *tmp28 .state1[] :i
+  286 readarr<inlined:regular> *tmp30 .state1[] :i
+  287 readarr<inlined:regular> *tmp32 .state2[] :i
+  288 jump *label167 greaterThanEq *tmp30 *tmp32
+  289 op add .total .total 10
+  290 label *label167
+  291 label *label168
+  292 label *label169
+  293 op add :i :i 1
+  294 readarr<inlined:regular> *tmp27 .conv[] :i
+  295 sensor *tmp28 *tmp27 @totalItems
+  296 writearr<inlined:regular> *tmp28 .state1[] :i
+  297 readarr<inlined:regular> *tmp30 .state1[] :i
+  298 readarr<inlined:regular> *tmp32 .state2[] :i
+  299 jump *label170 greaterThanEq *tmp30 *tmp32
+  300 op add .total .total 10
+  301 label *label170
+  302 label *label171
+  303 label *label172
+  304 op add :i :i 1
+  305 label *label46
   306 write .total .memory .totalIndex
   307 print "[gold]Item Counter[], version [gold]1.0[]"
   308 print " "

Modifications by Iterated phase, Data Flow Optimization, pass 2, iteration 1:
 
   126 set :start @time
   127 set :i 0
   128 label *label124
-    * readarr<inlined:regular> *tmp27 .conv[] :i
+  129 readarr<inlined:regular> *tmp27 .conv[] 0
   130 sensor *tmp28 *tmp27 @totalItems
-    * writearr<inlined:regular> *tmp28 .state1[] :i
-    * readarr<inlined:regular> *tmp30 .state1[] :i
-    * readarr<inlined:regular> *tmp32 .state2[] :i
+  131 writearr<inlined:regular> *tmp28 .state1[] 0
+  132 readarr<inlined:regular> *tmp30 .state1[] 0
+  133 readarr<inlined:regular> *tmp32 .state2[] 0
   134 jump *label125 greaterThanEq *tmp30 *tmp32
   135 op add .total .total 10
   136 label *label125
   137 label *label126
   138 label *label127
-    * op add :i :i 1
-    * readarr<inlined:regular> *tmp27 .conv[] :i
+  139 op add :i 0 1
+  140 readarr<inlined:regular> *tmp27 .conv[] 1
   141 sensor *tmp28 *tmp27 @totalItems
-    * writearr<inlined:regular> *tmp28 .state1[] :i
-    * readarr<inlined:regular> *tmp30 .state1[] :i
-    * readarr<inlined:regular> *tmp32 .state2[] :i
+  142 writearr<inlined:regular> *tmp28 .state1[] 1
+  143 readarr<inlined:regular> *tmp30 .state1[] 1
+  144 readarr<inlined:regular> *tmp32 .state2[] 1
   145 jump *label128 greaterThanEq *tmp30 *tmp32
   146 op add .total .total 10
   147 label *label128
   148 label *label129
   149 label *label130
-    * op add :i :i 1
-    * readarr<inlined:regular> *tmp27 .conv[] :i
+  150 op add :i 1 1
+  151 readarr<inlined:regular> *tmp27 .conv[] 2
   152 sensor *tmp28 *tmp27 @totalItems
-    * writearr<inlined:regular> *tmp28 .state1[] :i
-    * readarr<inlined:regular> *tmp30 .state1[] :i
-    * readarr<inlined:regular> *tmp32 .state2[] :i
+  153 writearr<inlined:regular> *tmp28 .state1[] 2
+  154 readarr<inlined:regular> *tmp30 .state1[] 2
+  155 readarr<inlined:regular> *tmp32 .state2[] 2
   156 jump *label131 greaterThanEq *tmp30 *tmp32
   157 op add .total .total 10
   158 label *label131
   159 label *label132
   160 label *label133
-    * op add :i :i 1
-    * readarr<inlined:regular> *tmp27 .conv[] :i
+  161 op add :i 2 1
+  162 readarr<inlined:regular> *tmp27 .conv[] 3
   163 sensor *tmp28 *tmp27 @totalItems
-    * writearr<inlined:regular> *tmp28 .state1[] :i
-    * readarr<inlined:regular> *tmp30 .state1[] :i
-    * readarr<inlined:regular> *tmp32 .state2[] :i
+  164 writearr<inlined:regular> *tmp28 .state1[] 3
+  165 readarr<inlined:regular> *tmp30 .state1[] 3
+  166 readarr<inlined:regular> *tmp32 .state2[] 3
   167 jump *label134 greaterThanEq *tmp30 *tmp32
   168 op add .total .total 10
   169 label *label134
   170 label *label135
   171 label *label136
-    * op add :i :i 1
-    * readarr<inlined:regular> *tmp27 .conv[] :i
+  172 op add :i 3 1
+  173 readarr<inlined:regular> *tmp27 .conv[] 4
   174 sensor *tmp28 *tmp27 @totalItems
-    * writearr<inlined:regular> *tmp28 .state1[] :i
-    * readarr<inlined:regular> *tmp30 .state1[] :i
-    * readarr<inlined:regular> *tmp32 .state2[] :i
+  175 writearr<inlined:regular> *tmp28 .state1[] 4
+  176 readarr<inlined:regular> *tmp30 .state1[] 4
+  177 readarr<inlined:regular> *tmp32 .state2[] 4
   178 jump *label137 greaterThanEq *tmp30 *tmp32
   179 op add .total .total 10
   180 label *label137
   181 label *label138
   182 label *label139
-    * op add :i :i 1
-    * readarr<inlined:regular> *tmp27 .conv[] :i
+  183 op add :i 4 1
+  184 readarr<inlined:regular> *tmp27 .conv[] 5
   185 sensor *tmp28 *tmp27 @totalItems
-    * writearr<inlined:regular> *tmp28 .state1[] :i
-    * readarr<inlined:regular> *tmp30 .state1[] :i
-    * readarr<inlined:regular> *tmp32 .state2[] :i
+  186 writearr<inlined:regular> *tmp28 .state1[] 5
+  187 readarr<inlined:regular> *tmp30 .state1[] 5
+  188 readarr<inlined:regular> *tmp32 .state2[] 5
   189 jump *label140 greaterThanEq *tmp30 *tmp32
   190 op add .total .total 10
   191 label *label140
   192 label *label141
   193 label *label142
-    * op add :i :i 1
-    * readarr<inlined:regular> *tmp27 .conv[] :i
+  194 op add :i 5 1
+  195 readarr<inlined:regular> *tmp27 .conv[] 6
   196 sensor *tmp28 *tmp27 @totalItems
-    * writearr<inlined:regular> *tmp28 .state1[] :i
-    * readarr<inlined:regular> *tmp30 .state1[] :i
-    * readarr<inlined:regular> *tmp32 .state2[] :i
+  197 writearr<inlined:regular> *tmp28 .state1[] 6
+  198 readarr<inlined:regular> *tmp30 .state1[] 6
+  199 readarr<inlined:regular> *tmp32 .state2[] 6
   200 jump *label143 greaterThanEq *tmp30 *tmp32
   201 op add .total .total 10
   202 label *label143
   203 label *label144
   204 label *label145
-    * op add :i :i 1
-    * readarr<inlined:regular> *tmp27 .conv[] :i
+  205 op add :i 6 1
+  206 readarr<inlined:regular> *tmp27 .conv[] 7
   207 sensor *tmp28 *tmp27 @totalItems
-    * writearr<inlined:regular> *tmp28 .state1[] :i
-    * readarr<inlined:regular> *tmp30 .state1[] :i
-    * readarr<inlined:regular> *tmp32 .state2[] :i
+  208 writearr<inlined:regular> *tmp28 .state1[] 7
+  209 readarr<inlined:regular> *tmp30 .state1[] 7
+  210 readarr<inlined:regular> *tmp32 .state2[] 7
   211 jump *label146 greaterThanEq *tmp30 *tmp32
   212 op add .total .total 10
   213 label *label146
   214 label *label147
   215 label *label148
-    * op add :i :i 1
-    * readarr<inlined:regular> *tmp27 .conv[] :i
+  216 op add :i 7 1
+  217 readarr<inlined:regular> *tmp27 .conv[] 8
   218 sensor *tmp28 *tmp27 @totalItems
-    * writearr<inlined:regular> *tmp28 .state1[] :i
-    * readarr<inlined:regular> *tmp30 .state1[] :i
-    * readarr<inlined:regular> *tmp32 .state2[] :i
+  219 writearr<inlined:regular> *tmp28 .state1[] 8
+  220 readarr<inlined:regular> *tmp30 .state1[] 8
+  221 readarr<inlined:regular> *tmp32 .state2[] 8
   222 jump *label149 greaterThanEq *tmp30 *tmp32
   223 op add .total .total 10
   224 label *label149
   225 label *label150
   226 label *label151
-    * op add :i :i 1
-    * readarr<inlined:regular> *tmp27 .conv[] :i
+  227 op add :i 8 1
+  228 readarr<inlined:regular> *tmp27 .conv[] 9
   229 sensor *tmp28 *tmp27 @totalItems
-    * writearr<inlined:regular> *tmp28 .state1[] :i
-    * readarr<inlined:regular> *tmp30 .state1[] :i
-    * readarr<inlined:regular> *tmp32 .state2[] :i
+  230 writearr<inlined:regular> *tmp28 .state1[] 9
+  231 readarr<inlined:regular> *tmp30 .state1[] 9
+  232 readarr<inlined:regular> *tmp32 .state2[] 9
   233 jump *label152 greaterThanEq *tmp30 *tmp32
   234 op add .total .total 10
   235 label *label152
   236 label *label153
   237 label *label154
-    * op add :i :i 1
-    * readarr<inlined:regular> *tmp27 .conv[] :i
+  238 op add :i 9 1
+  239 readarr<inlined:regular> *tmp27 .conv[] 10
   240 sensor *tmp28 *tmp27 @totalItems
-    * writearr<inlined:regular> *tmp28 .state1[] :i
-    * readarr<inlined:regular> *tmp30 .state1[] :i
-    * readarr<inlined:regular> *tmp32 .state2[] :i
+  241 writearr<inlined:regular> *tmp28 .state1[] 10
+  242 readarr<inlined:regular> *tmp30 .state1[] 10
+  243 readarr<inlined:regular> *tmp32 .state2[] 10
   244 jump *label155 greaterThanEq *tmp30 *tmp32
   245 op add .total .total 10
   246 label *label155
   247 label *label156
   248 label *label157
-    * op add :i :i 1
-    * readarr<inlined:regular> *tmp27 .conv[] :i
+  249 op add :i 10 1
+  250 readarr<inlined:regular> *tmp27 .conv[] 11
   251 sensor *tmp28 *tmp27 @totalItems
-    * writearr<inlined:regular> *tmp28 .state1[] :i
-    * readarr<inlined:regular> *tmp30 .state1[] :i
-    * readarr<inlined:regular> *tmp32 .state2[] :i
+  252 writearr<inlined:regular> *tmp28 .state1[] 11
+  253 readarr<inlined:regular> *tmp30 .state1[] 11
+  254 readarr<inlined:regular> *tmp32 .state2[] 11
   255 jump *label158 greaterThanEq *tmp30 *tmp32
   256 op add .total .total 10
   257 label *label158
   258 label *label159
   259 label *label160
-    * op add :i :i 1
-    * readarr<inlined:regular> *tmp27 .conv[] :i
+  260 op add :i 11 1
+  261 readarr<inlined:regular> *tmp27 .conv[] 12
   262 sensor *tmp28 *tmp27 @totalItems
-    * writearr<inlined:regular> *tmp28 .state1[] :i
-    * readarr<inlined:regular> *tmp30 .state1[] :i
-    * readarr<inlined:regular> *tmp32 .state2[] :i
+  263 writearr<inlined:regular> *tmp28 .state1[] 12
+  264 readarr<inlined:regular> *tmp30 .state1[] 12
+  265 readarr<inlined:regular> *tmp32 .state2[] 12
   266 jump *label161 greaterThanEq *tmp30 *tmp32
   267 op add .total .total 10
   268 label *label161
   269 label *label162
   270 label *label163
-    * op add :i :i 1
-    * readarr<inlined:regular> *tmp27 .conv[] :i
+  271 op add :i 12 1
+  272 readarr<inlined:regular> *tmp27 .conv[] 13
   273 sensor *tmp28 *tmp27 @totalItems
-    * writearr<inlined:regular> *tmp28 .state1[] :i
-    * readarr<inlined:regular> *tmp30 .state1[] :i
-    * readarr<inlined:regular> *tmp32 .state2[] :i
+  274 writearr<inlined:regular> *tmp28 .state1[] 13
+  275 readarr<inlined:regular> *tmp30 .state1[] 13
+  276 readarr<inlined:regular> *tmp32 .state2[] 13
   277 jump *label164 greaterThanEq *tmp30 *tmp32
   278 op add .total .total 10
   279 label *label164
   280 label *label165
   281 label *label166
-    * op add :i :i 1
-    * readarr<inlined:regular> *tmp27 .conv[] :i
+  282 op add :i 13 1
+  283 readarr<inlined:regular> *tmp27 .conv[] 14
   284 sensor *tmp28 *tmp27 @totalItems
-    * writearr<inlined:regular> *tmp28 .state1[] :i
-    * readarr<inlined:regular> *tmp30 .state1[] :i
-    * readarr<inlined:regular> *tmp32 .state2[] :i
+  285 writearr<inlined:regular> *tmp28 .state1[] 14
+  286 readarr<inlined:regular> *tmp30 .state1[] 14
+  287 readarr<inlined:regular> *tmp32 .state2[] 14
   288 jump *label167 greaterThanEq *tmp30 *tmp32
   289 op add .total .total 10
   290 label *label167
   291 label *label168
   292 label *label169
-    * op add :i :i 1
-    * readarr<inlined:regular> *tmp27 .conv[] :i
+  293 op add :i 14 1
+  294 readarr<inlined:regular> *tmp27 .conv[] 15
   295 sensor *tmp28 *tmp27 @totalItems
-    * writearr<inlined:regular> *tmp28 .state1[] :i
-    * readarr<inlined:regular> *tmp30 .state1[] :i
-    * readarr<inlined:regular> *tmp32 .state2[] :i
+  296 writearr<inlined:regular> *tmp28 .state1[] 15
+  297 readarr<inlined:regular> *tmp30 .state1[] 15
+  298 readarr<inlined:regular> *tmp32 .state2[] 15
   299 jump *label170 greaterThanEq *tmp30 *tmp32
   300 op add .total .total 10
   301 label *label170
   302 label *label171
   303 label *label172
-    * op add :i :i 1
+  304 op add :i 15 1
   305 label *label46
   306 write .total .memory .totalIndex
   307 print "[gold]Item Counter[], version [gold]1.0[]"

Modifications by Iterated phase, Data Flow Optimization, pass 2, iteration 2 (-17 instructions):
 
   124 control enabled switch1 false
   125 label *label41
   126 set :start @time
-    * set :i 0
   127 label *label124
   128 readarr<inlined:regular> *tmp27 .conv[] 0
   129 sensor *tmp28 *tmp27 @totalItems
 
   135 label *label125
   136 label *label126
   137 label *label127
-    * op add :i 0 1
   138 readarr<inlined:regular> *tmp27 .conv[] 1
   139 sensor *tmp28 *tmp27 @totalItems
   140 writearr<inlined:regular> *tmp28 .state1[] 1
 
   145 label *label128
   146 label *label129
   147 label *label130
-    * op add :i 1 1
   148 readarr<inlined:regular> *tmp27 .conv[] 2
   149 sensor *tmp28 *tmp27 @totalItems
   150 writearr<inlined:regular> *tmp28 .state1[] 2
 
   155 label *label131
   156 label *label132
   157 label *label133
-    * op add :i 2 1
   158 readarr<inlined:regular> *tmp27 .conv[] 3
   159 sensor *tmp28 *tmp27 @totalItems
   160 writearr<inlined:regular> *tmp28 .state1[] 3
 
   165 label *label134
   166 label *label135
   167 label *label136
-    * op add :i 3 1
   168 readarr<inlined:regular> *tmp27 .conv[] 4
   169 sensor *tmp28 *tmp27 @totalItems
   170 writearr<inlined:regular> *tmp28 .state1[] 4
 
   175 label *label137
   176 label *label138
   177 label *label139
-    * op add :i 4 1
   178 readarr<inlined:regular> *tmp27 .conv[] 5
   179 sensor *tmp28 *tmp27 @totalItems
   180 writearr<inlined:regular> *tmp28 .state1[] 5
 
   185 label *label140
   186 label *label141
   187 label *label142
-    * op add :i 5 1
   188 readarr<inlined:regular> *tmp27 .conv[] 6
   189 sensor *tmp28 *tmp27 @totalItems
   190 writearr<inlined:regular> *tmp28 .state1[] 6
 
   195 label *label143
   196 label *label144
   197 label *label145
-    * op add :i 6 1
   198 readarr<inlined:regular> *tmp27 .conv[] 7
   199 sensor *tmp28 *tmp27 @totalItems
   200 writearr<inlined:regular> *tmp28 .state1[] 7
 
   205 label *label146
   206 label *label147
   207 label *label148
-    * op add :i 7 1
   208 readarr<inlined:regular> *tmp27 .conv[] 8
   209 sensor *tmp28 *tmp27 @totalItems
   210 writearr<inlined:regular> *tmp28 .state1[] 8
 
   215 label *label149
   216 label *label150
   217 label *label151
-    * op add :i 8 1
   218 readarr<inlined:regular> *tmp27 .conv[] 9
   219 sensor *tmp28 *tmp27 @totalItems
   220 writearr<inlined:regular> *tmp28 .state1[] 9
 
   225 label *label152
   226 label *label153
   227 label *label154
-    * op add :i 9 1
   228 readarr<inlined:regular> *tmp27 .conv[] 10
   229 sensor *tmp28 *tmp27 @totalItems
   230 writearr<inlined:regular> *tmp28 .state1[] 10
 
   235 label *label155
   236 label *label156
   237 label *label157
-    * op add :i 10 1
   238 readarr<inlined:regular> *tmp27 .conv[] 11
   239 sensor *tmp28 *tmp27 @totalItems
   240 writearr<inlined:regular> *tmp28 .state1[] 11
 
   245 label *label158
   246 label *label159
   247 label *label160
-    * op add :i 11 1
   248 readarr<inlined:regular> *tmp27 .conv[] 12
   249 sensor *tmp28 *tmp27 @totalItems
   250 writearr<inlined:regular> *tmp28 .state1[] 12
 
   255 label *label161
   256 label *label162
   257 label *label163
-    * op add :i 12 1
   258 readarr<inlined:regular> *tmp27 .conv[] 13
   259 sensor *tmp28 *tmp27 @totalItems
   260 writearr<inlined:regular> *tmp28 .state1[] 13
 
   265 label *label164
   266 label *label165
   267 label *label166
-    * op add :i 13 1
   268 readarr<inlined:regular> *tmp27 .conv[] 14
   269 sensor *tmp28 *tmp27 @totalItems
   270 writearr<inlined:regular> *tmp28 .state1[] 14
 
   275 label *label167
   276 label *label168
   277 label *label169
-    * op add :i 14 1
   278 readarr<inlined:regular> *tmp27 .conv[] 15
   279 sensor *tmp28 *tmp27 @totalItems
   280 writearr<inlined:regular> *tmp28 .state1[] 15
 
   285 label *label170
   286 label *label171
   287 label *label172
-    * op add :i 15 1
   288 label *label46
   289 write .total .memory .totalIndex
   290 print "[gold]Item Counter[], version [gold]1.0[]"

Modifications by Unroll loop at line 87:9 (+2039 instructions):
 
   301 print "["
   302 print "]"
   303 print "\n"
-    * set :i.1 0
-    * label *label49
-    * label *label58
-    * readarr<inlined:regular> *tmp42 .conv[] :i.1
-    * sensor *tmp43 *tmp42 @totalItems
-    * writearr<inlined:regular> *tmp43 .state2[] :i.1
-    * readarr<inlined:regular> *tmp45 .state2[] :i.1
-    * readarr<inlined:regular> *tmp47 .state1[] :i.1
-    * jump *label52 greaterThanEq *tmp45 *tmp47
-    * op add .total .total 10
-    * label *label52
-    * label *label53
-    * label *label50
-    * op add :i.1 :i.1 1
-    * jump *label58 lessThan :i.1 16
-    * label *label51
+  304 set :i.1 0
+  305 label *label173
+  306 readarr<inlined:regular> *tmp42 .conv[] :i.1
+  307 sensor *tmp43 *tmp42 @totalItems
+  308 writearr<inlined:regular> *tmp43 .state2[] :i.1
+  309 readarr<inlined:regular> *tmp45 .state2[] :i.1
+  310 readarr<inlined:regular> *tmp47 .state1[] :i.1
+  311 jump *label174 greaterThanEq *tmp45 *tmp47
+  312 op add .total .total 10
+  313 label *label174
+  314 label *label175
+  315 label *label176
+  316 op add :i.1 :i.1 1
+  317 readarr<inlined:regular> *tmp42 .conv[] :i.1
+  318 sensor *tmp43 *tmp42 @totalItems
+  319 writearr<inlined:regular> *tmp43 .state2[] :i.1
+  320 readarr<inlined:regular> *tmp45 .state2[] :i.1
+  321 readarr<inlined:regular> *tmp47 .state1[] :i.1
+  322 jump *label177 greaterThanEq *tmp45 *tmp47
+  323 op add .total .total 10
+  324 label *label177
+  325 label *label178
+  326 label *label179
+  327 op add :i.1 :i.1 1
+  328 readarr<inlined:regular> *tmp42 .conv[] :i.1
+  329 sensor *tmp43 *tmp42 @totalItems
+  330 writearr<inlined:regular> *tmp43 .state2[] :i.1
+  331 readarr<inlined:regular> *tmp45 .state2[] :i.1
+  332 readarr<inlined:regular> *tmp47 .state1[] :i.1
+  333 jump *label180 greaterThanEq *tmp45 *tmp47
+  334 op add .total .total 10
+  335 label *label180
+  336 label *label181
+  337 label *label182
+  338 op add :i.1 :i.1 1
+  339 readarr<inlined:regular> *tmp42 .conv[] :i.1
+  340 sensor *tmp43 *tmp42 @totalItems
+  341 writearr<inlined:regular> *tmp43 .state2[] :i.1
+  342 readarr<inlined:regular> *tmp45 .state2[] :i.1
+  343 readarr<inlined:regular> *tmp47 .state1[] :i.1
+  344 jump *label183 greaterThanEq *tmp45 *tmp47
+  345 op add .total .total 10
+  346 label *label183
+  347 label *label184
+  348 label *label185
+  349 op add :i.1 :i.1 1
+  350 readarr<inlined:regular> *tmp42 .conv[] :i.1
+  351 sensor *tmp43 *tmp42 @totalItems
+  352 writearr<inlined:regular> *tmp43 .state2[] :i.1
+  353 readarr<inlined:regular> *tmp45 .state2[] :i.1
+  354 readarr<inlined:regular> *tmp47 .state1[] :i.1
+  355 jump *label186 greaterThanEq *tmp45 *tmp47
+  356 op add .total .total 10
+  357 label *label186
+  358 label *label187
+  359 label *label188
+  360 op add :i.1 :i.1 1
+  361 readarr<inlined:regular> *tmp42 .conv[] :i.1
+  362 sensor *tmp43 *tmp42 @totalItems
+  363 writearr<inlined:regular> *tmp43 .state2[] :i.1
+  364 readarr<inlined:regular> *tmp45 .state2[] :i.1
+  365 readarr<inlined:regular> *tmp47 .state1[] :i.1
+  366 jump *label189 greaterThanEq *tmp45 *tmp47
+  367 op add .total .total 10
+  368 label *label189
+  369 label *label190
+  370 label *label191
+  371 op add :i.1 :i.1 1
+  372 readarr<inlined:regular> *tmp42 .conv[] :i.1
+  373 sensor *tmp43 *tmp42 @totalItems
+  374 writearr<inlined:regular> *tmp43 .state2[] :i.1
+  375 readarr<inlined:regular> *tmp45 .state2[] :i.1
+  376 readarr<inlined:regular> *tmp47 .state1[] :i.1
+  377 jump *label192 greaterThanEq *tmp45 *tmp47
+  378 op add .total .total 10
+  379 label *label192
+  380 label *label193
+  381 label *label194
+  382 op add :i.1 :i.1 1
+  383 readarr<inlined:regular> *tmp42 .conv[] :i.1
+  384 sensor *tmp43 *tmp42 @totalItems
+  385 writearr<inlined:regular> *tmp43 .state2[] :i.1
+  386 readarr<inlined:regular> *tmp45 .state2[] :i.1
+  387 readarr<inlined:regular> *tmp47 .state1[] :i.1
+  388 jump *label195 greaterThanEq *tmp45 *tmp47
+  389 op add .total .total 10
+  390 label *label195
+  391 label *label196
+  392 label *label197
+  393 op add :i.1 :i.1 1
+  394 readarr<inlined:regular> *tmp42 .conv[] :i.1
+  395 sensor *tmp43 *tmp42 @totalItems
+  396 writearr<inlined:regular> *tmp43 .state2[] :i.1
+  397 readarr<inlined:regular> *tmp45 .state2[] :i.1
+  398 readarr<inlined:regular> *tmp47 .state1[] :i.1
+  399 jump *label198 greaterThanEq *tmp45 *tmp47
+  400 op add .total .total 10
+  401 label *label198
+  402 label *label199
+  403 label *label200
+  404 op add :i.1 :i.1 1
+  405 readarr<inlined:regular> *tmp42 .conv[] :i.1
+  406 sensor *tmp43 *tmp42 @totalItems
+  407 writearr<inlined:regular> *tmp43 .state2[] :i.1
+  408 readarr<inlined:regular> *tmp45 .state2[] :i.1
+  409 readarr<inlined:regular> *tmp47 .state1[] :i.1
+  410 jump *label201 greaterThanEq *tmp45 *tmp47
+  411 op add .total .total 10
+  412 label *label201
+  413 label *label202
+  414 label *label203
+  415 op add :i.1 :i.1 1
+  416 readarr<inlined:regular> *tmp42 .conv[] :i.1
+  417 sensor *tmp43 *tmp42 @totalItems
+  418 writearr<inlined:regular> *tmp43 .state2[] :i.1
+  419 readarr<inlined:regular> *tmp45 .state2[] :i.1
+  420 readarr<inlined:regular> *tmp47 .state1[] :i.1
+  421 jump *label204 greaterThanEq *tmp45 *tmp47
+  422 op add .total .total 10
+  423 label *label204
+  424 label *label205
+  425 label *label206
+  426 op add :i.1 :i.1 1
+  427 readarr<inlined:regular> *tmp42 .conv[] :i.1
+  428 sensor *tmp43 *tmp42 @totalItems
+  429 writearr<inlined:regular> *tmp43 .state2[] :i.1
+  430 readarr<inlined:regular> *tmp45 .state2[] :i.1
+  431 readarr<inlined:regular> *tmp47 .state1[] :i.1
+  432 jump *label207 greaterThanEq *tmp45 *tmp47
+  433 op add .total .total 10
+  434 label *label207
+  435 label *label208
+  436 label *label209
+  437 op add :i.1 :i.1 1
+  438 readarr<inlined:regular> *tmp42 .conv[] :i.1
+  439 sensor *tmp43 *tmp42 @totalItems
+  440 writearr<inlined:regular> *tmp43 .state2[] :i.1
+  441 readarr<inlined:regular> *tmp45 .state2[] :i.1
+  442 readarr<inlined:regular> *tmp47 .state1[] :i.1
+  443 jump *label210 greaterThanEq *tmp45 *tmp47
+  444 op add .total .total 10
+  445 label *label210
+  446 label *label211
+  447 label *label212
+  448 op add :i.1 :i.1 1
+  449 readarr<inlined:regular> *tmp42 .conv[] :i.1
+  450 sensor *tmp43 *tmp42 @totalItems
+  451 writearr<inlined:regular> *tmp43 .state2[] :i.1
+  452 readarr<inlined:regular> *tmp45 .state2[] :i.1
+  453 readarr<inlined:regular> *tmp47 .state1[] :i.1
+  454 jump *label213 greaterThanEq *tmp45 *tmp47
+  455 op add .total .total 10
+  456 label *label213
+  457 label *label214
+  458 label *label215
+  459 op add :i.1 :i.1 1
+  460 readarr<inlined:regular> *tmp42 .conv[] :i.1
+  461 sensor *tmp43 *tmp42 @totalItems
+  462 writearr<inlined:regular> *tmp43 .state2[] :i.1
+  463 readarr<inlined:regular> *tmp45 .state2[] :i.1
+  464 readarr<inlined:regular> *tmp47 .state1[] :i.1
+  465 jump *label216 greaterThanEq *tmp45 *tmp47
+  466 op add .total .total 10
+  467 label *label216
+  468 label *label217
+  469 label *label218
+  470 op add :i.1 :i.1 1
+  471 readarr<inlined:regular> *tmp42 .conv[] :i.1
+  472 sensor *tmp43 *tmp42 @totalItems
+  473 writearr<inlined:regular> *tmp43 .state2[] :i.1
+  474 readarr<inlined:regular> *tmp45 .state2[] :i.1
+  475 readarr<inlined:regular> *tmp47 .state1[] :i.1
+  476 jump *label219 greaterThanEq *tmp45 *tmp47
+  477 op add .total .total 10
+  478 label *label219
+  479 label *label220
+  480 label *label221
+  481 op add :i.1 :i.1 1
+  482 label *label51
   483 op sub *tmp51 @time :start
   484 op idiv *tmp53 *tmp51 2
   485 print "[lightgray]Loop time: "

Modifications by Iterated phase, Data Flow Optimization, pass 2, iteration 1:
 
   303 print "\n"
   304 set :i.1 0
   305 label *label173
-    * readarr<inlined:regular> *tmp42 .conv[] :i.1
+  306 readarr<inlined:regular> *tmp42 .conv[] 0
   307 sensor *tmp43 *tmp42 @totalItems
-    * writearr<inlined:regular> *tmp43 .state2[] :i.1
-    * readarr<inlined:regular> *tmp45 .state2[] :i.1
-    * readarr<inlined:regular> *tmp47 .state1[] :i.1
+  308 writearr<inlined:regular> *tmp43 .state2[] 0
+  309 readarr<inlined:regular> *tmp45 .state2[] 0
+  310 readarr<inlined:regular> *tmp47 .state1[] 0
   311 jump *label174 greaterThanEq *tmp45 *tmp47
   312 op add .total .total 10
   313 label *label174
   314 label *label175
   315 label *label176
-    * op add :i.1 :i.1 1
-    * readarr<inlined:regular> *tmp42 .conv[] :i.1
+  316 op add :i.1 0 1
+  317 readarr<inlined:regular> *tmp42 .conv[] 1
   318 sensor *tmp43 *tmp42 @totalItems
-    * writearr<inlined:regular> *tmp43 .state2[] :i.1
-    * readarr<inlined:regular> *tmp45 .state2[] :i.1
-    * readarr<inlined:regular> *tmp47 .state1[] :i.1
+  319 writearr<inlined:regular> *tmp43 .state2[] 1
+  320 readarr<inlined:regular> *tmp45 .state2[] 1
+  321 readarr<inlined:regular> *tmp47 .state1[] 1
   322 jump *label177 greaterThanEq *tmp45 *tmp47
   323 op add .total .total 10
   324 label *label177
   325 label *label178
   326 label *label179
-    * op add :i.1 :i.1 1
-    * readarr<inlined:regular> *tmp42 .conv[] :i.1
+  327 op add :i.1 1 1
+  328 readarr<inlined:regular> *tmp42 .conv[] 2
   329 sensor *tmp43 *tmp42 @totalItems
-    * writearr<inlined:regular> *tmp43 .state2[] :i.1
-    * readarr<inlined:regular> *tmp45 .state2[] :i.1
-    * readarr<inlined:regular> *tmp47 .state1[] :i.1
+  330 writearr<inlined:regular> *tmp43 .state2[] 2
+  331 readarr<inlined:regular> *tmp45 .state2[] 2
+  332 readarr<inlined:regular> *tmp47 .state1[] 2
   333 jump *label180 greaterThanEq *tmp45 *tmp47
   334 op add .total .total 10
   335 label *label180
   336 label *label181
   337 label *label182
-    * op add :i.1 :i.1 1
-    * readarr<inlined:regular> *tmp42 .conv[] :i.1
+  338 op add :i.1 2 1
+  339 readarr<inlined:regular> *tmp42 .conv[] 3
   340 sensor *tmp43 *tmp42 @totalItems
-    * writearr<inlined:regular> *tmp43 .state2[] :i.1
-    * readarr<inlined:regular> *tmp45 .state2[] :i.1
-    * readarr<inlined:regular> *tmp47 .state1[] :i.1
+  341 writearr<inlined:regular> *tmp43 .state2[] 3
+  342 readarr<inlined:regular> *tmp45 .state2[] 3
+  343 readarr<inlined:regular> *tmp47 .state1[] 3
   344 jump *label183 greaterThanEq *tmp45 *tmp47
   345 op add .total .total 10
   346 label *label183
   347 label *label184
   348 label *label185
-    * op add :i.1 :i.1 1
-    * readarr<inlined:regular> *tmp42 .conv[] :i.1
+  349 op add :i.1 3 1
+  350 readarr<inlined:regular> *tmp42 .conv[] 4
   351 sensor *tmp43 *tmp42 @totalItems
-    * writearr<inlined:regular> *tmp43 .state2[] :i.1
-    * readarr<inlined:regular> *tmp45 .state2[] :i.1
-    * readarr<inlined:regular> *tmp47 .state1[] :i.1
+  352 writearr<inlined:regular> *tmp43 .state2[] 4
+  353 readarr<inlined:regular> *tmp45 .state2[] 4
+  354 readarr<inlined:regular> *tmp47 .state1[] 4
   355 jump *label186 greaterThanEq *tmp45 *tmp47
   356 op add .total .total 10
   357 label *label186
   358 label *label187
   359 label *label188
-    * op add :i.1 :i.1 1
-    * readarr<inlined:regular> *tmp42 .conv[] :i.1
+  360 op add :i.1 4 1
+  361 readarr<inlined:regular> *tmp42 .conv[] 5
   362 sensor *tmp43 *tmp42 @totalItems
-    * writearr<inlined:regular> *tmp43 .state2[] :i.1
-    * readarr<inlined:regular> *tmp45 .state2[] :i.1
-    * readarr<inlined:regular> *tmp47 .state1[] :i.1
+  363 writearr<inlined:regular> *tmp43 .state2[] 5
+  364 readarr<inlined:regular> *tmp45 .state2[] 5
+  365 readarr<inlined:regular> *tmp47 .state1[] 5
   366 jump *label189 greaterThanEq *tmp45 *tmp47
   367 op add .total .total 10
   368 label *label189
   369 label *label190
   370 label *label191
-    * op add :i.1 :i.1 1
-    * readarr<inlined:regular> *tmp42 .conv[] :i.1
+  371 op add :i.1 5 1
+  372 readarr<inlined:regular> *tmp42 .conv[] 6
   373 sensor *tmp43 *tmp42 @totalItems
-    * writearr<inlined:regular> *tmp43 .state2[] :i.1
-    * readarr<inlined:regular> *tmp45 .state2[] :i.1
-    * readarr<inlined:regular> *tmp47 .state1[] :i.1
+  374 writearr<inlined:regular> *tmp43 .state2[] 6
+  375 readarr<inlined:regular> *tmp45 .state2[] 6
+  376 readarr<inlined:regular> *tmp47 .state1[] 6
   377 jump *label192 greaterThanEq *tmp45 *tmp47
   378 op add .total .total 10
   379 label *label192
   380 label *label193
   381 label *label194
-    * op add :i.1 :i.1 1
-    * readarr<inlined:regular> *tmp42 .conv[] :i.1
+  382 op add :i.1 6 1
+  383 readarr<inlined:regular> *tmp42 .conv[] 7
   384 sensor *tmp43 *tmp42 @totalItems
-    * writearr<inlined:regular> *tmp43 .state2[] :i.1
-    * readarr<inlined:regular> *tmp45 .state2[] :i.1
-    * readarr<inlined:regular> *tmp47 .state1[] :i.1
+  385 writearr<inlined:regular> *tmp43 .state2[] 7
+  386 readarr<inlined:regular> *tmp45 .state2[] 7
+  387 readarr<inlined:regular> *tmp47 .state1[] 7
   388 jump *label195 greaterThanEq *tmp45 *tmp47
   389 op add .total .total 10
   390 label *label195
   391 label *label196
   392 label *label197
-    * op add :i.1 :i.1 1
-    * readarr<inlined:regular> *tmp42 .conv[] :i.1
+  393 op add :i.1 7 1
+  394 readarr<inlined:regular> *tmp42 .conv[] 8
   395 sensor *tmp43 *tmp42 @totalItems
-    * writearr<inlined:regular> *tmp43 .state2[] :i.1
-    * readarr<inlined:regular> *tmp45 .state2[] :i.1
-    * readarr<inlined:regular> *tmp47 .state1[] :i.1
+  396 writearr<inlined:regular> *tmp43 .state2[] 8
+  397 readarr<inlined:regular> *tmp45 .state2[] 8
+  398 readarr<inlined:regular> *tmp47 .state1[] 8
   399 jump *label198 greaterThanEq *tmp45 *tmp47
   400 op add .total .total 10
   401 label *label198
   402 label *label199
   403 label *label200
-    * op add :i.1 :i.1 1
-    * readarr<inlined:regular> *tmp42 .conv[] :i.1
+  404 op add :i.1 8 1
+  405 readarr<inlined:regular> *tmp42 .conv[] 9
   406 sensor *tmp43 *tmp42 @totalItems
-    * writearr<inlined:regular> *tmp43 .state2[] :i.1
-    * readarr<inlined:regular> *tmp45 .state2[] :i.1
-    * readarr<inlined:regular> *tmp47 .state1[] :i.1
+  407 writearr<inlined:regular> *tmp43 .state2[] 9
+  408 readarr<inlined:regular> *tmp45 .state2[] 9
+  409 readarr<inlined:regular> *tmp47 .state1[] 9
   410 jump *label201 greaterThanEq *tmp45 *tmp47
   411 op add .total .total 10
   412 label *label201
   413 label *label202
   414 label *label203
-    * op add :i.1 :i.1 1
-    * readarr<inlined:regular> *tmp42 .conv[] :i.1
+  415 op add :i.1 9 1
+  416 readarr<inlined:regular> *tmp42 .conv[] 10
   417 sensor *tmp43 *tmp42 @totalItems
-    * writearr<inlined:regular> *tmp43 .state2[] :i.1
-    * readarr<inlined:regular> *tmp45 .state2[] :i.1
-    * readarr<inlined:regular> *tmp47 .state1[] :i.1
+  418 writearr<inlined:regular> *tmp43 .state2[] 10
+  419 readarr<inlined:regular> *tmp45 .state2[] 10
+  420 readarr<inlined:regular> *tmp47 .state1[] 10
   421 jump *label204 greaterThanEq *tmp45 *tmp47
   422 op add .total .total 10
   423 label *label204
   424 label *label205
   425 label *label206
-    * op add :i.1 :i.1 1
-    * readarr<inlined:regular> *tmp42 .conv[] :i.1
+  426 op add :i.1 10 1
+  427 readarr<inlined:regular> *tmp42 .conv[] 11
   428 sensor *tmp43 *tmp42 @totalItems
-    * writearr<inlined:regular> *tmp43 .state2[] :i.1
-    * readarr<inlined:regular> *tmp45 .state2[] :i.1
-    * readarr<inlined:regular> *tmp47 .state1[] :i.1
+  429 writearr<inlined:regular> *tmp43 .state2[] 11
+  430 readarr<inlined:regular> *tmp45 .state2[] 11
+  431 readarr<inlined:regular> *tmp47 .state1[] 11
   432 jump *label207 greaterThanEq *tmp45 *tmp47
   433 op add .total .total 10
   434 label *label207
   435 label *label208
   436 label *label209
-    * op add :i.1 :i.1 1
-    * readarr<inlined:regular> *tmp42 .conv[] :i.1
+  437 op add :i.1 11 1
+  438 readarr<inlined:regular> *tmp42 .conv[] 12
   439 sensor *tmp43 *tmp42 @totalItems
-    * writearr<inlined:regular> *tmp43 .state2[] :i.1
-    * readarr<inlined:regular> *tmp45 .state2[] :i.1
-    * readarr<inlined:regular> *tmp47 .state1[] :i.1
+  440 writearr<inlined:regular> *tmp43 .state2[] 12
+  441 readarr<inlined:regular> *tmp45 .state2[] 12
+  442 readarr<inlined:regular> *tmp47 .state1[] 12
   443 jump *label210 greaterThanEq *tmp45 *tmp47
   444 op add .total .total 10
   445 label *label210
   446 label *label211
   447 label *label212
-    * op add :i.1 :i.1 1
-    * readarr<inlined:regular> *tmp42 .conv[] :i.1
+  448 op add :i.1 12 1
+  449 readarr<inlined:regular> *tmp42 .conv[] 13
   450 sensor *tmp43 *tmp42 @totalItems
-    * writearr<inlined:regular> *tmp43 .state2[] :i.1
-    * readarr<inlined:regular> *tmp45 .state2[] :i.1
-    * readarr<inlined:regular> *tmp47 .state1[] :i.1
+  451 writearr<inlined:regular> *tmp43 .state2[] 13
+  452 readarr<inlined:regular> *tmp45 .state2[] 13
+  453 readarr<inlined:regular> *tmp47 .state1[] 13
   454 jump *label213 greaterThanEq *tmp45 *tmp47
   455 op add .total .total 10
   456 label *label213
   457 label *label214
   458 label *label215
-    * op add :i.1 :i.1 1
-    * readarr<inlined:regular> *tmp42 .conv[] :i.1
+  459 op add :i.1 13 1
+  460 readarr<inlined:regular> *tmp42 .conv[] 14
   461 sensor *tmp43 *tmp42 @totalItems
-    * writearr<inlined:regular> *tmp43 .state2[] :i.1
-    * readarr<inlined:regular> *tmp45 .state2[] :i.1
-    * readarr<inlined:regular> *tmp47 .state1[] :i.1
+  462 writearr<inlined:regular> *tmp43 .state2[] 14
+  463 readarr<inlined:regular> *tmp45 .state2[] 14
+  464 readarr<inlined:regular> *tmp47 .state1[] 14
   465 jump *label216 greaterThanEq *tmp45 *tmp47
   466 op add .total .total 10
   467 label *label216
   468 label *label217
   469 label *label218
-    * op add :i.1 :i.1 1
-    * readarr<inlined:regular> *tmp42 .conv[] :i.1
+  470 op add :i.1 14 1
+  471 readarr<inlined:regular> *tmp42 .conv[] 15
   472 sensor *tmp43 *tmp42 @totalItems
-    * writearr<inlined:regular> *tmp43 .state2[] :i.1
-    * readarr<inlined:regular> *tmp45 .state2[] :i.1
-    * readarr<inlined:regular> *tmp47 .state1[] :i.1
+  473 writearr<inlined:regular> *tmp43 .state2[] 15
+  474 readarr<inlined:regular> *tmp45 .state2[] 15
+  475 readarr<inlined:regular> *tmp47 .state1[] 15
   476 jump *label219 greaterThanEq *tmp45 *tmp47
   477 op add .total .total 10
   478 label *label219
   479 label *label220
   480 label *label221
-    * op add :i.1 :i.1 1
+  481 op add :i.1 15 1
   482 label *label51
   483 op sub *tmp51 @time :start
   484 op idiv *tmp53 *tmp51 2

Modifications by Iterated phase, Data Flow Optimization, pass 2, iteration 2 (-17 instructions):
 
   301 print "["
   302 print "]"
   303 print "\n"
-    * set :i.1 0
   304 label *label173
   305 readarr<inlined:regular> *tmp42 .conv[] 0
   306 sensor *tmp43 *tmp42 @totalItems
 
   312 label *label174
   313 label *label175
   314 label *label176
-    * op add :i.1 0 1
   315 readarr<inlined:regular> *tmp42 .conv[] 1
   316 sensor *tmp43 *tmp42 @totalItems
   317 writearr<inlined:regular> *tmp43 .state2[] 1
 
   322 label *label177
   323 label *label178
   324 label *label179
-    * op add :i.1 1 1
   325 readarr<inlined:regular> *tmp42 .conv[] 2
   326 sensor *tmp43 *tmp42 @totalItems
   327 writearr<inlined:regular> *tmp43 .state2[] 2
 
   332 label *label180
   333 label *label181
   334 label *label182
-    * op add :i.1 2 1
   335 readarr<inlined:regular> *tmp42 .conv[] 3
   336 sensor *tmp43 *tmp42 @totalItems
   337 writearr<inlined:regular> *tmp43 .state2[] 3
 
   342 label *label183
   343 label *label184
   344 label *label185
-    * op add :i.1 3 1
   345 readarr<inlined:regular> *tmp42 .conv[] 4
   346 sensor *tmp43 *tmp42 @totalItems
   347 writearr<inlined:regular> *tmp43 .state2[] 4
 
   352 label *label186
   353 label *label187
   354 label *label188
-    * op add :i.1 4 1
   355 readarr<inlined:regular> *tmp42 .conv[] 5
   356 sensor *tmp43 *tmp42 @totalItems
   357 writearr<inlined:regular> *tmp43 .state2[] 5
 
   362 label *label189
   363 label *label190
   364 label *label191
-    * op add :i.1 5 1
   365 readarr<inlined:regular> *tmp42 .conv[] 6
   366 sensor *tmp43 *tmp42 @totalItems
   367 writearr<inlined:regular> *tmp43 .state2[] 6
 
   372 label *label192
   373 label *label193
   374 label *label194
-    * op add :i.1 6 1
   375 readarr<inlined:regular> *tmp42 .conv[] 7
   376 sensor *tmp43 *tmp42 @totalItems
   377 writearr<inlined:regular> *tmp43 .state2[] 7
 
   382 label *label195
   383 label *label196
   384 label *label197
-    * op add :i.1 7 1
   385 readarr<inlined:regular> *tmp42 .conv[] 8
   386 sensor *tmp43 *tmp42 @totalItems
   387 writearr<inlined:regular> *tmp43 .state2[] 8
 
   392 label *label198
   393 label *label199
   394 label *label200
-    * op add :i.1 8 1
   395 readarr<inlined:regular> *tmp42 .conv[] 9
   396 sensor *tmp43 *tmp42 @totalItems
   397 writearr<inlined:regular> *tmp43 .state2[] 9
 
   402 label *label201
   403 label *label202
   404 label *label203
-    * op add :i.1 9 1
   405 readarr<inlined:regular> *tmp42 .conv[] 10
   406 sensor *tmp43 *tmp42 @totalItems
   407 writearr<inlined:regular> *tmp43 .state2[] 10
 
   412 label *label204
   413 label *label205
   414 label *label206
-    * op add :i.1 10 1
   415 readarr<inlined:regular> *tmp42 .conv[] 11
   416 sensor *tmp43 *tmp42 @totalItems
   417 writearr<inlined:regular> *tmp43 .state2[] 11
 
   422 label *label207
   423 label *label208
   424 label *label209
-    * op add :i.1 11 1
   425 readarr<inlined:regular> *tmp42 .conv[] 12
   426 sensor *tmp43 *tmp42 @totalItems
   427 writearr<inlined:regular> *tmp43 .state2[] 12
 
   432 label *label210
   433 label *label211
   434 label *label212
-    * op add :i.1 12 1
   435 readarr<inlined:regular> *tmp42 .conv[] 13
   436 sensor *tmp43 *tmp42 @totalItems
   437 writearr<inlined:regular> *tmp43 .state2[] 13
 
   442 label *label213
   443 label *label214
   444 label *label215
-    * op add :i.1 13 1
   445 readarr<inlined:regular> *tmp42 .conv[] 14
   446 sensor *tmp43 *tmp42 @totalItems
   447 writearr<inlined:regular> *tmp43 .state2[] 14
 
   452 label *label216
   453 label *label217
   454 label *label218
-    * op add :i.1 14 1
   455 readarr<inlined:regular> *tmp42 .conv[] 15
   456 sensor *tmp43 *tmp42 @totalItems
   457 writearr<inlined:regular> *tmp43 .state2[] 15
 
   462 label *label219
   463 label *label220
   464 label *label221
-    * op add :i.1 15 1
   465 label *label51
   466 op sub *tmp51 @time :start
   467 op idiv *tmp53 *tmp51 2

Modifications by Iterated phase, Expression Optimization, pass 3, iteration 1 (-4096 instructions):
 
   125 label *label41
   126 set :start @time
   127 label *label124
-    * readarr<inlined:regular> *tmp27 .conv[] 0
+  128 set *tmp27 .conv*0
   129 sensor *tmp28 *tmp27 @totalItems
-    * writearr<inlined:regular> *tmp28 .state1[] 0
-    * readarr<inlined:regular> *tmp30 .state1[] 0
-    * readarr<inlined:regular> *tmp32 .state2[] 0
+  130 set .state1*0 *tmp28
+  131 set *tmp30 .state1*0
+  132 set *tmp32 .state2*0
   133 jump *label125 greaterThanEq *tmp30 *tmp32
   134 op add .total .total 10
   135 label *label125
   136 label *label126
   137 label *label127
-    * readarr<inlined:regular> *tmp27 .conv[] 1
+  138 set *tmp27 .conv*1
   139 sensor *tmp28 *tmp27 @totalItems
-    * writearr<inlined:regular> *tmp28 .state1[] 1
-    * readarr<inlined:regular> *tmp30 .state1[] 1
-    * readarr<inlined:regular> *tmp32 .state2[] 1
+  140 set .state1*1 *tmp28
+  141 set *tmp30 .state1*1
+  142 set *tmp32 .state2*1
   143 jump *label128 greaterThanEq *tmp30 *tmp32
   144 op add .total .total 10
   145 label *label128
   146 label *label129
   147 label *label130
-    * readarr<inlined:regular> *tmp27 .conv[] 2
+  148 set *tmp27 .conv*2
   149 sensor *tmp28 *tmp27 @totalItems
-    * writearr<inlined:regular> *tmp28 .state1[] 2
-    * readarr<inlined:regular> *tmp30 .state1[] 2
-    * readarr<inlined:regular> *tmp32 .state2[] 2
+  150 set .state1*2 *tmp28
+  151 set *tmp30 .state1*2
+  152 set *tmp32 .state2*2
   153 jump *label131 greaterThanEq *tmp30 *tmp32
   154 op add .total .total 10
   155 label *label131
   156 label *label132
   157 label *label133
-    * readarr<inlined:regular> *tmp27 .conv[] 3
+  158 set *tmp27 .conv*3
   159 sensor *tmp28 *tmp27 @totalItems
-    * writearr<inlined:regular> *tmp28 .state1[] 3
-    * readarr<inlined:regular> *tmp30 .state1[] 3
-    * readarr<inlined:regular> *tmp32 .state2[] 3
+  160 set .state1*3 *tmp28
+  161 set *tmp30 .state1*3
+  162 set *tmp32 .state2*3
   163 jump *label134 greaterThanEq *tmp30 *tmp32
   164 op add .total .total 10
   165 label *label134
   166 label *label135
   167 label *label136
-    * readarr<inlined:regular> *tmp27 .conv[] 4
+  168 set *tmp27 .conv*4
   169 sensor *tmp28 *tmp27 @totalItems
-    * writearr<inlined:regular> *tmp28 .state1[] 4
-    * readarr<inlined:regular> *tmp30 .state1[] 4
-    * readarr<inlined:regular> *tmp32 .state2[] 4
+  170 set .state1*4 *tmp28
+  171 set *tmp30 .state1*4
+  172 set *tmp32 .state2*4
   173 jump *label137 greaterThanEq *tmp30 *tmp32
   174 op add .total .total 10
   175 label *label137
   176 label *label138
   177 label *label139
-    * readarr<inlined:regular> *tmp27 .conv[] 5
+  178 set *tmp27 .conv*5
   179 sensor *tmp28 *tmp27 @totalItems
-    * writearr<inlined:regular> *tmp28 .state1[] 5
-    * readarr<inlined:regular> *tmp30 .state1[] 5
-    * readarr<inlined:regular> *tmp32 .state2[] 5
+  180 set .state1*5 *tmp28
+  181 set *tmp30 .state1*5
+  182 set *tmp32 .state2*5
   183 jump *label140 greaterThanEq *tmp30 *tmp32
   184 op add .total .total 10
   185 label *label140
   186 label *label141
   187 label *label142
-    * readarr<inlined:regular> *tmp27 .conv[] 6
+  188 set *tmp27 .conv*6
   189 sensor *tmp28 *tmp27 @totalItems
-    * writearr<inlined:regular> *tmp28 .state1[] 6
-    * readarr<inlined:regular> *tmp30 .state1[] 6
-    * readarr<inlined:regular> *tmp32 .state2[] 6
+  190 set .state1*6 *tmp28
+  191 set *tmp30 .state1*6
+  192 set *tmp32 .state2*6
   193 jump *label143 greaterThanEq *tmp30 *tmp32
   194 op add .total .total 10
   195 label *label143
   196 label *label144
   197 label *label145
-    * readarr<inlined:regular> *tmp27 .conv[] 7
+  198 set *tmp27 .conv*7
   199 sensor *tmp28 *tmp27 @totalItems
-    * writearr<inlined:regular> *tmp28 .state1[] 7
-    * readarr<inlined:regular> *tmp30 .state1[] 7
-    * readarr<inlined:regular> *tmp32 .state2[] 7
+  200 set .state1*7 *tmp28
+  201 set *tmp30 .state1*7
+  202 set *tmp32 .state2*7
   203 jump *label146 greaterThanEq *tmp30 *tmp32
   204 op add .total .total 10
   205 label *label146
   206 label *label147
   207 label *label148
-    * readarr<inlined:regular> *tmp27 .conv[] 8
+  208 set *tmp27 .conv*8
   209 sensor *tmp28 *tmp27 @totalItems
-    * writearr<inlined:regular> *tmp28 .state1[] 8
-    * readarr<inlined:regular> *tmp30 .state1[] 8
-    * readarr<inlined:regular> *tmp32 .state2[] 8
+  210 set .state1*8 *tmp28
+  211 set *tmp30 .state1*8
+  212 set *tmp32 .state2*8
   213 jump *label149 greaterThanEq *tmp30 *tmp32
   214 op add .total .total 10
   215 label *label149
   216 label *label150
   217 label *label151
-    * readarr<inlined:regular> *tmp27 .conv[] 9
+  218 set *tmp27 .conv*9
   219 sensor *tmp28 *tmp27 @totalItems
-    * writearr<inlined:regular> *tmp28 .state1[] 9
-    * readarr<inlined:regular> *tmp30 .state1[] 9
-    * readarr<inlined:regular> *tmp32 .state2[] 9
+  220 set .state1*9 *tmp28
+  221 set *tmp30 .state1*9
+  222 set *tmp32 .state2*9
   223 jump *label152 greaterThanEq *tmp30 *tmp32
   224 op add .total .total 10
   225 label *label152
   226 label *label153
   227 label *label154
-    * readarr<inlined:regular> *tmp27 .conv[] 10
+  228 set *tmp27 .conv*10
   229 sensor *tmp28 *tmp27 @totalItems
-    * writearr<inlined:regular> *tmp28 .state1[] 10
-    * readarr<inlined:regular> *tmp30 .state1[] 10
-    * readarr<inlined:regular> *tmp32 .state2[] 10
+  230 set .state1*10 *tmp28
+  231 set *tmp30 .state1*10
+  232 set *tmp32 .state2*10
   233 jump *label155 greaterThanEq *tmp30 *tmp32
   234 op add .total .total 10
   235 label *label155
   236 label *label156
   237 label *label157
-    * readarr<inlined:regular> *tmp27 .conv[] 11
+  238 set *tmp27 .conv*11
   239 sensor *tmp28 *tmp27 @totalItems
-    * writearr<inlined:regular> *tmp28 .state1[] 11
-    * readarr<inlined:regular> *tmp30 .state1[] 11
-    * readarr<inlined:regular> *tmp32 .state2[] 11
+  240 set .state1*11 *tmp28
+  241 set *tmp30 .state1*11
+  242 set *tmp32 .state2*11
   243 jump *label158 greaterThanEq *tmp30 *tmp32
   244 op add .total .total 10
   245 label *label158
   246 label *label159
   247 label *label160
-    * readarr<inlined:regular> *tmp27 .conv[] 12
+  248 set *tmp27 .conv*12
   249 sensor *tmp28 *tmp27 @totalItems
-    * writearr<inlined:regular> *tmp28 .state1[] 12
-    * readarr<inlined:regular> *tmp30 .state1[] 12
-    * readarr<inlined:regular> *tmp32 .state2[] 12
+  250 set .state1*12 *tmp28
+  251 set *tmp30 .state1*12
+  252 set *tmp32 .state2*12
   253 jump *label161 greaterThanEq *tmp30 *tmp32
   254 op add .total .total 10
   255 label *label161
   256 label *label162
   257 label *label163
-    * readarr<inlined:regular> *tmp27 .conv[] 13
+  258 set *tmp27 .conv*13
   259 sensor *tmp28 *tmp27 @totalItems
-    * writearr<inlined:regular> *tmp28 .state1[] 13
-    * readarr<inlined:regular> *tmp30 .state1[] 13
-    * readarr<inlined:regular> *tmp32 .state2[] 13
+  260 set .state1*13 *tmp28
+  261 set *tmp30 .state1*13
+  262 set *tmp32 .state2*13
   263 jump *label164 greaterThanEq *tmp30 *tmp32
   264 op add .total .total 10
   265 label *label164
   266 label *label165
   267 label *label166
-    * readarr<inlined:regular> *tmp27 .conv[] 14
+  268 set *tmp27 .conv*14
   269 sensor *tmp28 *tmp27 @totalItems
-    * writearr<inlined:regular> *tmp28 .state1[] 14
-    * readarr<inlined:regular> *tmp30 .state1[] 14
-    * readarr<inlined:regular> *tmp32 .state2[] 14
+  270 set .state1*14 *tmp28
+  271 set *tmp30 .state1*14
+  272 set *tmp32 .state2*14
   273 jump *label167 greaterThanEq *tmp30 *tmp32
   274 op add .total .total 10
   275 label *label167
   276 label *label168
   277 label *label169
-    * readarr<inlined:regular> *tmp27 .conv[] 15
+  278 set *tmp27 .conv*15
   279 sensor *tmp28 *tmp27 @totalItems
-    * writearr<inlined:regular> *tmp28 .state1[] 15
-    * readarr<inlined:regular> *tmp30 .state1[] 15
-    * readarr<inlined:regular> *tmp32 .state2[] 15
+  280 set .state1*15 *tmp28
+  281 set *tmp30 .state1*15
+  282 set *tmp32 .state2*15
   283 jump *label170 greaterThanEq *tmp30 *tmp32
   284 op add .total .total 10
   285 label *label170
 
   302 print "]"
   303 print "\n"
   304 label *label173
-    * readarr<inlined:regular> *tmp42 .conv[] 0
+  305 set *tmp42 .conv*0
   306 sensor *tmp43 *tmp42 @totalItems
-    * writearr<inlined:regular> *tmp43 .state2[] 0
-    * readarr<inlined:regular> *tmp45 .state2[] 0
-    * readarr<inlined:regular> *tmp47 .state1[] 0
+  307 set .state2*0 *tmp43
+  308 set *tmp45 .state2*0
+  309 set *tmp47 .state1*0
   310 jump *label174 greaterThanEq *tmp45 *tmp47
   311 op add .total .total 10
   312 label *label174
   313 label *label175
   314 label *label176
-    * readarr<inlined:regular> *tmp42 .conv[] 1
+  315 set *tmp42 .conv*1
   316 sensor *tmp43 *tmp42 @totalItems
-    * writearr<inlined:regular> *tmp43 .state2[] 1
-    * readarr<inlined:regular> *tmp45 .state2[] 1
-    * readarr<inlined:regular> *tmp47 .state1[] 1
+  317 set .state2*1 *tmp43
+  318 set *tmp45 .state2*1
+  319 set *tmp47 .state1*1
   320 jump *label177 greaterThanEq *tmp45 *tmp47
   321 op add .total .total 10
   322 label *label177
   323 label *label178
   324 label *label179
-    * readarr<inlined:regular> *tmp42 .conv[] 2
+  325 set *tmp42 .conv*2
   326 sensor *tmp43 *tmp42 @totalItems
-    * writearr<inlined:regular> *tmp43 .state2[] 2
-    * readarr<inlined:regular> *tmp45 .state2[] 2
-    * readarr<inlined:regular> *tmp47 .state1[] 2
+  327 set .state2*2 *tmp43
+  328 set *tmp45 .state2*2
+  329 set *tmp47 .state1*2
   330 jump *label180 greaterThanEq *tmp45 *tmp47
   331 op add .total .total 10
   332 label *label180
   333 label *label181
   334 label *label182
-    * readarr<inlined:regular> *tmp42 .conv[] 3
+  335 set *tmp42 .conv*3
   336 sensor *tmp43 *tmp42 @totalItems
-    * writearr<inlined:regular> *tmp43 .state2[] 3
-    * readarr<inlined:regular> *tmp45 .state2[] 3
-    * readarr<inlined:regular> *tmp47 .state1[] 3
+  337 set .state2*3 *tmp43
+  338 set *tmp45 .state2*3
+  339 set *tmp47 .state1*3
   340 jump *label183 greaterThanEq *tmp45 *tmp47
   341 op add .total .total 10
   342 label *label183
   343 label *label184
   344 label *label185
-    * readarr<inlined:regular> *tmp42 .conv[] 4
+  345 set *tmp42 .conv*4
   346 sensor *tmp43 *tmp42 @totalItems
-    * writearr<inlined:regular> *tmp43 .state2[] 4
-    * readarr<inlined:regular> *tmp45 .state2[] 4
-    * readarr<inlined:regular> *tmp47 .state1[] 4
+  347 set .state2*4 *tmp43
+  348 set *tmp45 .state2*4
+  349 set *tmp47 .state1*4
   350 jump *label186 greaterThanEq *tmp45 *tmp47
   351 op add .total .total 10
   352 label *label186
   353 label *label187
   354 label *label188
-    * readarr<inlined:regular> *tmp42 .conv[] 5
+  355 set *tmp42 .conv*5
   356 sensor *tmp43 *tmp42 @totalItems
-    * writearr<inlined:regular> *tmp43 .state2[] 5
-    * readarr<inlined:regular> *tmp45 .state2[] 5
-    * readarr<inlined:regular> *tmp47 .state1[] 5
+  357 set .state2*5 *tmp43
+  358 set *tmp45 .state2*5
+  359 set *tmp47 .state1*5
   360 jump *label189 greaterThanEq *tmp45 *tmp47
   361 op add .total .total 10
   362 label *label189
   363 label *label190
   364 label *label191
-    * readarr<inlined:regular> *tmp42 .conv[] 6
+  365 set *tmp42 .conv*6
   366 sensor *tmp43 *tmp42 @totalItems
-    * writearr<inlined:regular> *tmp43 .state2[] 6
-    * readarr<inlined:regular> *tmp45 .state2[] 6
-    * readarr<inlined:regular> *tmp47 .state1[] 6
+  367 set .state2*6 *tmp43
+  368 set *tmp45 .state2*6
+  369 set *tmp47 .state1*6
   370 jump *label192 greaterThanEq *tmp45 *tmp47
   371 op add .total .total 10
   372 label *label192
   373 label *label193
   374 label *label194
-    * readarr<inlined:regular> *tmp42 .conv[] 7
+  375 set *tmp42 .conv*7
   376 sensor *tmp43 *tmp42 @totalItems
-    * writearr<inlined:regular> *tmp43 .state2[] 7
-    * readarr<inlined:regular> *tmp45 .state2[] 7
-    * readarr<inlined:regular> *tmp47 .state1[] 7
+  377 set .state2*7 *tmp43
+  378 set *tmp45 .state2*7
+  379 set *tmp47 .state1*7
   380 jump *label195 greaterThanEq *tmp45 *tmp47
   381 op add .total .total 10
   382 label *label195
   383 label *label196
   384 label *label197
-    * readarr<inlined:regular> *tmp42 .conv[] 8
+  385 set *tmp42 .conv*8
   386 sensor *tmp43 *tmp42 @totalItems
-    * writearr<inlined:regular> *tmp43 .state2[] 8
-    * readarr<inlined:regular> *tmp45 .state2[] 8
-    * readarr<inlined:regular> *tmp47 .state1[] 8
+  387 set .state2*8 *tmp43
+  388 set *tmp45 .state2*8
+  389 set *tmp47 .state1*8
   390 jump *label198 greaterThanEq *tmp45 *tmp47
   391 op add .total .total 10
   392 label *label198
   393 label *label199
   394 label *label200
-    * readarr<inlined:regular> *tmp42 .conv[] 9
+  395 set *tmp42 .conv*9
   396 sensor *tmp43 *tmp42 @totalItems
-    * writearr<inlined:regular> *tmp43 .state2[] 9
-    * readarr<inlined:regular> *tmp45 .state2[] 9
-    * readarr<inlined:regular> *tmp47 .state1[] 9
+  397 set .state2*9 *tmp43
+  398 set *tmp45 .state2*9
+  399 set *tmp47 .state1*9
   400 jump *label201 greaterThanEq *tmp45 *tmp47
   401 op add .total .total 10
   402 label *label201
   403 label *label202
   404 label *label203
-    * readarr<inlined:regular> *tmp42 .conv[] 10
+  405 set *tmp42 .conv*10
   406 sensor *tmp43 *tmp42 @totalItems
-    * writearr<inlined:regular> *tmp43 .state2[] 10
-    * readarr<inlined:regular> *tmp45 .state2[] 10
-    * readarr<inlined:regular> *tmp47 .state1[] 10
+  407 set .state2*10 *tmp43
+  408 set *tmp45 .state2*10
+  409 set *tmp47 .state1*10
   410 jump *label204 greaterThanEq *tmp45 *tmp47
   411 op add .total .total 10
   412 label *label204
   413 label *label205
   414 label *label206
-    * readarr<inlined:regular> *tmp42 .conv[] 11
+  415 set *tmp42 .conv*11
   416 sensor *tmp43 *tmp42 @totalItems
-    * writearr<inlined:regular> *tmp43 .state2[] 11
-    * readarr<inlined:regular> *tmp45 .state2[] 11
-    * readarr<inlined:regular> *tmp47 .state1[] 11
+  417 set .state2*11 *tmp43
+  418 set *tmp45 .state2*11
+  419 set *tmp47 .state1*11
   420 jump *label207 greaterThanEq *tmp45 *tmp47
   421 op add .total .total 10
   422 label *label207
   423 label *label208
   424 label *label209
-    * readarr<inlined:regular> *tmp42 .conv[] 12
+  425 set *tmp42 .conv*12
   426 sensor *tmp43 *tmp42 @totalItems
-    * writearr<inlined:regular> *tmp43 .state2[] 12
-    * readarr<inlined:regular> *tmp45 .state2[] 12
-    * readarr<inlined:regular> *tmp47 .state1[] 12
+  427 set .state2*12 *tmp43
+  428 set *tmp45 .state2*12
+  429 set *tmp47 .state1*12
   430 jump *label210 greaterThanEq *tmp45 *tmp47
   431 op add .total .total 10
   432 label *label210
   433 label *label211
   434 label *label212
-    * readarr<inlined:regular> *tmp42 .conv[] 13
+  435 set *tmp42 .conv*13
   436 sensor *tmp43 *tmp42 @totalItems
-    * writearr<inlined:regular> *tmp43 .state2[] 13
-    * readarr<inlined:regular> *tmp45 .state2[] 13
-    * readarr<inlined:regular> *tmp47 .state1[] 13
+  437 set .state2*13 *tmp43
+  438 set *tmp45 .state2*13
+  439 set *tmp47 .state1*13
   440 jump *label213 greaterThanEq *tmp45 *tmp47
   441 op add .total .total 10
   442 label *label213
   443 label *label214
   444 label *label215
-    * readarr<inlined:regular> *tmp42 .conv[] 14
+  445 set *tmp42 .conv*14
   446 sensor *tmp43 *tmp42 @totalItems
-    * writearr<inlined:regular> *tmp43 .state2[] 14
-    * readarr<inlined:regular> *tmp45 .state2[] 14
-    * readarr<inlined:regular> *tmp47 .state1[] 14
+  447 set .state2*14 *tmp43
+  448 set *tmp45 .state2*14
+  449 set *tmp47 .state1*14
   450 jump *label216 greaterThanEq *tmp45 *tmp47
   451 op add .total .total 10
   452 label *label216
   453 label *label217
   454 label *label218
-    * readarr<inlined:regular> *tmp42 .conv[] 15
+  455 set *tmp42 .conv*15
   456 sensor *tmp43 *tmp42 @totalItems
-    * writearr<inlined:regular> *tmp43 .state2[] 15
-    * readarr<inlined:regular> *tmp45 .state2[] 15
-    * readarr<inlined:regular> *tmp47 .state1[] 15
+  457 set .state2*15 *tmp43
+  458 set *tmp45 .state2*15
+  459 set *tmp47 .state1*15
   460 jump *label219 greaterThanEq *tmp45 *tmp47
   461 op add .total .total 10
   462 label *label219

Modifications by Iterated phase, Data Flow Optimization, pass 3, iteration 1:
 
   126 set :start @time
   127 label *label124
   128 set *tmp27 .conv*0
-    * sensor *tmp28 *tmp27 @totalItems
+  129 sensor *tmp28 .conv*0 @totalItems
   130 set .state1*0 *tmp28
-    * set *tmp30 .state1*0
+  131 set *tmp30 *tmp28
   132 set *tmp32 .state2*0
-    * jump *label125 greaterThanEq *tmp30 *tmp32
+  133 jump *label125 greaterThanEq .state1*0 .state2*0
   134 op add .total .total 10
   135 label *label125
   136 label *label126
   137 label *label127
   138 set *tmp27 .conv*1
-    * sensor *tmp28 *tmp27 @totalItems
+  139 sensor *tmp28 .conv*1 @totalItems
   140 set .state1*1 *tmp28
-    * set *tmp30 .state1*1
+  141 set *tmp30 *tmp28
   142 set *tmp32 .state2*1
-    * jump *label128 greaterThanEq *tmp30 *tmp32
+  143 jump *label128 greaterThanEq .state1*1 .state2*1
   144 op add .total .total 10
   145 label *label128
   146 label *label129
   147 label *label130
   148 set *tmp27 .conv*2
-    * sensor *tmp28 *tmp27 @totalItems
+  149 sensor *tmp28 .conv*2 @totalItems
   150 set .state1*2 *tmp28
-    * set *tmp30 .state1*2
+  151 set *tmp30 *tmp28
   152 set *tmp32 .state2*2
-    * jump *label131 greaterThanEq *tmp30 *tmp32
+  153 jump *label131 greaterThanEq .state1*2 .state2*2
   154 op add .total .total 10
   155 label *label131
   156 label *label132
   157 label *label133
   158 set *tmp27 .conv*3
-    * sensor *tmp28 *tmp27 @totalItems
+  159 sensor *tmp28 .conv*3 @totalItems
   160 set .state1*3 *tmp28
-    * set *tmp30 .state1*3
+  161 set *tmp30 *tmp28
   162 set *tmp32 .state2*3
-    * jump *label134 greaterThanEq *tmp30 *tmp32
+  163 jump *label134 greaterThanEq .state1*3 .state2*3
   164 op add .total .total 10
   165 label *label134
   166 label *label135
   167 label *label136
   168 set *tmp27 .conv*4
-    * sensor *tmp28 *tmp27 @totalItems
+  169 sensor *tmp28 .conv*4 @totalItems
   170 set .state1*4 *tmp28
-    * set *tmp30 .state1*4
+  171 set *tmp30 *tmp28
   172 set *tmp32 .state2*4
-    * jump *label137 greaterThanEq *tmp30 *tmp32
+  173 jump *label137 greaterThanEq .state1*4 .state2*4
   174 op add .total .total 10
   175 label *label137
   176 label *label138
   177 label *label139
   178 set *tmp27 .conv*5
-    * sensor *tmp28 *tmp27 @totalItems
+  179 sensor *tmp28 .conv*5 @totalItems
   180 set .state1*5 *tmp28
-    * set *tmp30 .state1*5
+  181 set *tmp30 *tmp28
   182 set *tmp32 .state2*5
-    * jump *label140 greaterThanEq *tmp30 *tmp32
+  183 jump *label140 greaterThanEq .state1*5 .state2*5
   184 op add .total .total 10
   185 label *label140
   186 label *label141
   187 label *label142
   188 set *tmp27 .conv*6
-    * sensor *tmp28 *tmp27 @totalItems
+  189 sensor *tmp28 .conv*6 @totalItems
   190 set .state1*6 *tmp28
-    * set *tmp30 .state1*6
+  191 set *tmp30 *tmp28
   192 set *tmp32 .state2*6
-    * jump *label143 greaterThanEq *tmp30 *tmp32
+  193 jump *label143 greaterThanEq .state1*6 .state2*6
   194 op add .total .total 10
   195 label *label143
   196 label *label144
   197 label *label145
   198 set *tmp27 .conv*7
-    * sensor *tmp28 *tmp27 @totalItems
+  199 sensor *tmp28 .conv*7 @totalItems
   200 set .state1*7 *tmp28
-    * set *tmp30 .state1*7
+  201 set *tmp30 *tmp28
   202 set *tmp32 .state2*7
-    * jump *label146 greaterThanEq *tmp30 *tmp32
+  203 jump *label146 greaterThanEq .state1*7 .state2*7
   204 op add .total .total 10
   205 label *label146
   206 label *label147
   207 label *label148
   208 set *tmp27 .conv*8
-    * sensor *tmp28 *tmp27 @totalItems
+  209 sensor *tmp28 .conv*8 @totalItems
   210 set .state1*8 *tmp28
-    * set *tmp30 .state1*8
+  211 set *tmp30 *tmp28
   212 set *tmp32 .state2*8
-    * jump *label149 greaterThanEq *tmp30 *tmp32
+  213 jump *label149 greaterThanEq .state1*8 .state2*8
   214 op add .total .total 10
   215 label *label149
   216 label *label150
   217 label *label151
   218 set *tmp27 .conv*9
-    * sensor *tmp28 *tmp27 @totalItems
+  219 sensor *tmp28 .conv*9 @totalItems
   220 set .state1*9 *tmp28
-    * set *tmp30 .state1*9
+  221 set *tmp30 *tmp28
   222 set *tmp32 .state2*9
-    * jump *label152 greaterThanEq *tmp30 *tmp32
+  223 jump *label152 greaterThanEq .state1*9 .state2*9
   224 op add .total .total 10
   225 label *label152
   226 label *label153
   227 label *label154
   228 set *tmp27 .conv*10
-    * sensor *tmp28 *tmp27 @totalItems
+  229 sensor *tmp28 .conv*10 @totalItems
   230 set .state1*10 *tmp28
-    * set *tmp30 .state1*10
+  231 set *tmp30 *tmp28
   232 set *tmp32 .state2*10
-    * jump *label155 greaterThanEq *tmp30 *tmp32
+  233 jump *label155 greaterThanEq .state1*10 .state2*10
   234 op add .total .total 10
   235 label *label155
   236 label *label156
   237 label *label157
   238 set *tmp27 .conv*11
-    * sensor *tmp28 *tmp27 @totalItems
+  239 sensor *tmp28 .conv*11 @totalItems
   240 set .state1*11 *tmp28
-    * set *tmp30 .state1*11
+  241 set *tmp30 *tmp28
   242 set *tmp32 .state2*11
-    * jump *label158 greaterThanEq *tmp30 *tmp32
+  243 jump *label158 greaterThanEq .state1*11 .state2*11
   244 op add .total .total 10
   245 label *label158
   246 label *label159
   247 label *label160
   248 set *tmp27 .conv*12
-    * sensor *tmp28 *tmp27 @totalItems
+  249 sensor *tmp28 .conv*12 @totalItems
   250 set .state1*12 *tmp28
-    * set *tmp30 .state1*12
+  251 set *tmp30 *tmp28
   252 set *tmp32 .state2*12
-    * jump *label161 greaterThanEq *tmp30 *tmp32
+  253 jump *label161 greaterThanEq .state1*12 .state2*12
   254 op add .total .total 10
   255 label *label161
   256 label *label162
   257 label *label163
   258 set *tmp27 .conv*13
-    * sensor *tmp28 *tmp27 @totalItems
+  259 sensor *tmp28 .conv*13 @totalItems
   260 set .state1*13 *tmp28
-    * set *tmp30 .state1*13
+  261 set *tmp30 *tmp28
   262 set *tmp32 .state2*13
-    * jump *label164 greaterThanEq *tmp30 *tmp32
+  263 jump *label164 greaterThanEq .state1*13 .state2*13
   264 op add .total .total 10
   265 label *label164
   266 label *label165
   267 label *label166
   268 set *tmp27 .conv*14
-    * sensor *tmp28 *tmp27 @totalItems
+  269 sensor *tmp28 .conv*14 @totalItems
   270 set .state1*14 *tmp28
-    * set *tmp30 .state1*14
+  271 set *tmp30 *tmp28
   272 set *tmp32 .state2*14
-    * jump *label167 greaterThanEq *tmp30 *tmp32
+  273 jump *label167 greaterThanEq .state1*14 .state2*14
   274 op add .total .total 10
   275 label *label167
   276 label *label168
   277 label *label169
   278 set *tmp27 .conv*15
-    * sensor *tmp28 *tmp27 @totalItems
+  279 sensor *tmp28 .conv*15 @totalItems
   280 set .state1*15 *tmp28
-    * set *tmp30 .state1*15
+  281 set *tmp30 *tmp28
   282 set *tmp32 .state2*15
-    * jump *label170 greaterThanEq *tmp30 *tmp32
+  283 jump *label170 greaterThanEq .state1*15 .state2*15
   284 op add .total .total 10
   285 label *label170
   286 label *label171
 
   303 print "\n"
   304 label *label173
   305 set *tmp42 .conv*0
-    * sensor *tmp43 *tmp42 @totalItems
+  306 sensor *tmp43 .conv*0 @totalItems
   307 set .state2*0 *tmp43
-    * set *tmp45 .state2*0
+  308 set *tmp45 *tmp43
   309 set *tmp47 .state1*0
-    * jump *label174 greaterThanEq *tmp45 *tmp47
+  310 jump *label174 greaterThanEq .state2*0 .state1*0
   311 op add .total .total 10
   312 label *label174
   313 label *label175
   314 label *label176
   315 set *tmp42 .conv*1
-    * sensor *tmp43 *tmp42 @totalItems
+  316 sensor *tmp43 .conv*1 @totalItems
   317 set .state2*1 *tmp43
-    * set *tmp45 .state2*1
+  318 set *tmp45 *tmp43
   319 set *tmp47 .state1*1
-    * jump *label177 greaterThanEq *tmp45 *tmp47
+  320 jump *label177 greaterThanEq .state2*1 .state1*1
   321 op add .total .total 10
   322 label *label177
   323 label *label178
   324 label *label179
   325 set *tmp42 .conv*2
-    * sensor *tmp43 *tmp42 @totalItems
+  326 sensor *tmp43 .conv*2 @totalItems
   327 set .state2*2 *tmp43
-    * set *tmp45 .state2*2
+  328 set *tmp45 *tmp43
   329 set *tmp47 .state1*2
-    * jump *label180 greaterThanEq *tmp45 *tmp47
+  330 jump *label180 greaterThanEq .state2*2 .state1*2
   331 op add .total .total 10
   332 label *label180
   333 label *label181
   334 label *label182
   335 set *tmp42 .conv*3
-    * sensor *tmp43 *tmp42 @totalItems
+  336 sensor *tmp43 .conv*3 @totalItems
   337 set .state2*3 *tmp43
-    * set *tmp45 .state2*3
+  338 set *tmp45 *tmp43
   339 set *tmp47 .state1*3
-    * jump *label183 greaterThanEq *tmp45 *tmp47
+  340 jump *label183 greaterThanEq .state2*3 .state1*3
   341 op add .total .total 10
   342 label *label183
   343 label *label184
   344 label *label185
   345 set *tmp42 .conv*4
-    * sensor *tmp43 *tmp42 @totalItems
+  346 sensor *tmp43 .conv*4 @totalItems
   347 set .state2*4 *tmp43
-    * set *tmp45 .state2*4
+  348 set *tmp45 *tmp43
   349 set *tmp47 .state1*4
-    * jump *label186 greaterThanEq *tmp45 *tmp47
+  350 jump *label186 greaterThanEq .state2*4 .state1*4
   351 op add .total .total 10
   352 label *label186
   353 label *label187
   354 label *label188
   355 set *tmp42 .conv*5
-    * sensor *tmp43 *tmp42 @totalItems
+  356 sensor *tmp43 .conv*5 @totalItems
   357 set .state2*5 *tmp43
-    * set *tmp45 .state2*5
+  358 set *tmp45 *tmp43
   359 set *tmp47 .state1*5
-    * jump *label189 greaterThanEq *tmp45 *tmp47
+  360 jump *label189 greaterThanEq .state2*5 .state1*5
   361 op add .total .total 10
   362 label *label189
   363 label *label190
   364 label *label191
   365 set *tmp42 .conv*6
-    * sensor *tmp43 *tmp42 @totalItems
+  366 sensor *tmp43 .conv*6 @totalItems
   367 set .state2*6 *tmp43
-    * set *tmp45 .state2*6
+  368 set *tmp45 *tmp43
   369 set *tmp47 .state1*6
-    * jump *label192 greaterThanEq *tmp45 *tmp47
+  370 jump *label192 greaterThanEq .state2*6 .state1*6
   371 op add .total .total 10
   372 label *label192
   373 label *label193
   374 label *label194
   375 set *tmp42 .conv*7
-    * sensor *tmp43 *tmp42 @totalItems
+  376 sensor *tmp43 .conv*7 @totalItems
   377 set .state2*7 *tmp43
-    * set *tmp45 .state2*7
+  378 set *tmp45 *tmp43
   379 set *tmp47 .state1*7
-    * jump *label195 greaterThanEq *tmp45 *tmp47
+  380 jump *label195 greaterThanEq .state2*7 .state1*7
   381 op add .total .total 10
   382 label *label195
   383 label *label196
   384 label *label197
   385 set *tmp42 .conv*8
-    * sensor *tmp43 *tmp42 @totalItems
+  386 sensor *tmp43 .conv*8 @totalItems
   387 set .state2*8 *tmp43
-    * set *tmp45 .state2*8
+  388 set *tmp45 *tmp43
   389 set *tmp47 .state1*8
-    * jump *label198 greaterThanEq *tmp45 *tmp47
+  390 jump *label198 greaterThanEq .state2*8 .state1*8
   391 op add .total .total 10
   392 label *label198
   393 label *label199
   394 label *label200
   395 set *tmp42 .conv*9
-    * sensor *tmp43 *tmp42 @totalItems
+  396 sensor *tmp43 .conv*9 @totalItems
   397 set .state2*9 *tmp43
-    * set *tmp45 .state2*9
+  398 set *tmp45 *tmp43
   399 set *tmp47 .state1*9
-    * jump *label201 greaterThanEq *tmp45 *tmp47
+  400 jump *label201 greaterThanEq .state2*9 .state1*9
   401 op add .total .total 10
   402 label *label201
   403 label *label202
   404 label *label203
   405 set *tmp42 .conv*10
-    * sensor *tmp43 *tmp42 @totalItems
+  406 sensor *tmp43 .conv*10 @totalItems
   407 set .state2*10 *tmp43
-    * set *tmp45 .state2*10
+  408 set *tmp45 *tmp43
   409 set *tmp47 .state1*10
-    * jump *label204 greaterThanEq *tmp45 *tmp47
+  410 jump *label204 greaterThanEq .state2*10 .state1*10
   411 op add .total .total 10
   412 label *label204
   413 label *label205
   414 label *label206
   415 set *tmp42 .conv*11
-    * sensor *tmp43 *tmp42 @totalItems
+  416 sensor *tmp43 .conv*11 @totalItems
   417 set .state2*11 *tmp43
-    * set *tmp45 .state2*11
+  418 set *tmp45 *tmp43
   419 set *tmp47 .state1*11
-    * jump *label207 greaterThanEq *tmp45 *tmp47
+  420 jump *label207 greaterThanEq .state2*11 .state1*11
   421 op add .total .total 10
   422 label *label207
   423 label *label208
   424 label *label209
   425 set *tmp42 .conv*12
-    * sensor *tmp43 *tmp42 @totalItems
+  426 sensor *tmp43 .conv*12 @totalItems
   427 set .state2*12 *tmp43
-    * set *tmp45 .state2*12
+  428 set *tmp45 *tmp43
   429 set *tmp47 .state1*12
-    * jump *label210 greaterThanEq *tmp45 *tmp47
+  430 jump *label210 greaterThanEq .state2*12 .state1*12
   431 op add .total .total 10
   432 label *label210
   433 label *label211
   434 label *label212
   435 set *tmp42 .conv*13
-    * sensor *tmp43 *tmp42 @totalItems
+  436 sensor *tmp43 .conv*13 @totalItems
   437 set .state2*13 *tmp43
-    * set *tmp45 .state2*13
+  438 set *tmp45 *tmp43
   439 set *tmp47 .state1*13
-    * jump *label213 greaterThanEq *tmp45 *tmp47
+  440 jump *label213 greaterThanEq .state2*13 .state1*13
   441 op add .total .total 10
   442 label *label213
   443 label *label214
   444 label *label215
   445 set *tmp42 .conv*14
-    * sensor *tmp43 *tmp42 @totalItems
+  446 sensor *tmp43 .conv*14 @totalItems
   447 set .state2*14 *tmp43
-    * set *tmp45 .state2*14
+  448 set *tmp45 *tmp43
   449 set *tmp47 .state1*14
-    * jump *label216 greaterThanEq *tmp45 *tmp47
+  450 jump *label216 greaterThanEq .state2*14 .state1*14
   451 op add .total .total 10
   452 label *label216
   453 label *label217
   454 label *label218
   455 set *tmp42 .conv*15
-    * sensor *tmp43 *tmp42 @totalItems
+  456 sensor *tmp43 .conv*15 @totalItems
   457 set .state2*15 *tmp43
-    * set *tmp45 .state2*15
-    * set *tmp47 .state1*15
-    * jump *label219 greaterThanEq *tmp45 *tmp47
+  458 set *tmp45 *tmp43
+  459 set *tmp47 *tmp28
+  460 jump *label219 greaterThanEq .state2*15 .state1*15
   461 op add .total .total 10
   462 label *label219
   463 label *label220

Modifications by Iterated phase, Data Flow Optimization, pass 3, iteration 2 (-96 instructions):
 
   125 label *label41
   126 set :start @time
   127 label *label124
-    * set *tmp27 .conv*0
   128 sensor *tmp28 .conv*0 @totalItems
   129 set .state1*0 *tmp28
-    * set *tmp30 *tmp28
-    * set *tmp32 .state2*0
-    * jump *label125 greaterThanEq .state1*0 .state2*0
+  130 jump *label125 greaterThanEq *tmp28 .state2*0
   131 op add .total .total 10
   132 label *label125
   133 label *label126
   134 label *label127
-    * set *tmp27 .conv*1
   135 sensor *tmp28 .conv*1 @totalItems
   136 set .state1*1 *tmp28
-    * set *tmp30 *tmp28
-    * set *tmp32 .state2*1
-    * jump *label128 greaterThanEq .state1*1 .state2*1
+  137 jump *label128 greaterThanEq *tmp28 .state2*1
   138 op add .total .total 10
   139 label *label128
   140 label *label129
   141 label *label130
-    * set *tmp27 .conv*2
   142 sensor *tmp28 .conv*2 @totalItems
   143 set .state1*2 *tmp28
-    * set *tmp30 *tmp28
-    * set *tmp32 .state2*2
-    * jump *label131 greaterThanEq .state1*2 .state2*2
+  144 jump *label131 greaterThanEq *tmp28 .state2*2
   145 op add .total .total 10
   146 label *label131
   147 label *label132
   148 label *label133
-    * set *tmp27 .conv*3
   149 sensor *tmp28 .conv*3 @totalItems
   150 set .state1*3 *tmp28
-    * set *tmp30 *tmp28
-    * set *tmp32 .state2*3
-    * jump *label134 greaterThanEq .state1*3 .state2*3
+  151 jump *label134 greaterThanEq *tmp28 .state2*3
   152 op add .total .total 10
   153 label *label134
   154 label *label135
   155 label *label136
-    * set *tmp27 .conv*4
   156 sensor *tmp28 .conv*4 @totalItems
   157 set .state1*4 *tmp28
-    * set *tmp30 *tmp28
-    * set *tmp32 .state2*4
-    * jump *label137 greaterThanEq .state1*4 .state2*4
+  158 jump *label137 greaterThanEq *tmp28 .state2*4
   159 op add .total .total 10
   160 label *label137
   161 label *label138
   162 label *label139
-    * set *tmp27 .conv*5
   163 sensor *tmp28 .conv*5 @totalItems
   164 set .state1*5 *tmp28
-    * set *tmp30 *tmp28
-    * set *tmp32 .state2*5
-    * jump *label140 greaterThanEq .state1*5 .state2*5
+  165 jump *label140 greaterThanEq *tmp28 .state2*5
   166 op add .total .total 10
   167 label *label140
   168 label *label141
   169 label *label142
-    * set *tmp27 .conv*6
   170 sensor *tmp28 .conv*6 @totalItems
   171 set .state1*6 *tmp28
-    * set *tmp30 *tmp28
-    * set *tmp32 .state2*6
-    * jump *label143 greaterThanEq .state1*6 .state2*6
+  172 jump *label143 greaterThanEq *tmp28 .state2*6
   173 op add .total .total 10
   174 label *label143
   175 label *label144
   176 label *label145
-    * set *tmp27 .conv*7
   177 sensor *tmp28 .conv*7 @totalItems
   178 set .state1*7 *tmp28
-    * set *tmp30 *tmp28
-    * set *tmp32 .state2*7
-    * jump *label146 greaterThanEq .state1*7 .state2*7
+  179 jump *label146 greaterThanEq *tmp28 .state2*7
   180 op add .total .total 10
   181 label *label146
   182 label *label147
   183 label *label148
-    * set *tmp27 .conv*8
   184 sensor *tmp28 .conv*8 @totalItems
   185 set .state1*8 *tmp28
-    * set *tmp30 *tmp28
-    * set *tmp32 .state2*8
-    * jump *label149 greaterThanEq .state1*8 .state2*8
+  186 jump *label149 greaterThanEq *tmp28 .state2*8
   187 op add .total .total 10
   188 label *label149
   189 label *label150
   190 label *label151
-    * set *tmp27 .conv*9
   191 sensor *tmp28 .conv*9 @totalItems
   192 set .state1*9 *tmp28
-    * set *tmp30 *tmp28
-    * set *tmp32 .state2*9
-    * jump *label152 greaterThanEq .state1*9 .state2*9
+  193 jump *label152 greaterThanEq *tmp28 .state2*9
   194 op add .total .total 10
   195 label *label152
   196 label *label153
   197 label *label154
-    * set *tmp27 .conv*10
   198 sensor *tmp28 .conv*10 @totalItems
   199 set .state1*10 *tmp28
-    * set *tmp30 *tmp28
-    * set *tmp32 .state2*10
-    * jump *label155 greaterThanEq .state1*10 .state2*10
+  200 jump *label155 greaterThanEq *tmp28 .state2*10
   201 op add .total .total 10
   202 label *label155
   203 label *label156
   204 label *label157
-    * set *tmp27 .conv*11
   205 sensor *tmp28 .conv*11 @totalItems
   206 set .state1*11 *tmp28
-    * set *tmp30 *tmp28
-    * set *tmp32 .state2*11
-    * jump *label158 greaterThanEq .state1*11 .state2*11
+  207 jump *label158 greaterThanEq *tmp28 .state2*11
   208 op add .total .total 10
   209 label *label158
   210 label *label159
   211 label *label160
-    * set *tmp27 .conv*12
   212 sensor *tmp28 .conv*12 @totalItems
   213 set .state1*12 *tmp28
-    * set *tmp30 *tmp28
-    * set *tmp32 .state2*12
-    * jump *label161 greaterThanEq .state1*12 .state2*12
+  214 jump *label161 greaterThanEq *tmp28 .state2*12
   215 op add .total .total 10
   216 label *label161
   217 label *label162
   218 label *label163
-    * set *tmp27 .conv*13
   219 sensor *tmp28 .conv*13 @totalItems
   220 set .state1*13 *tmp28
-    * set *tmp30 *tmp28
-    * set *tmp32 .state2*13
-    * jump *label164 greaterThanEq .state1*13 .state2*13
+  221 jump *label164 greaterThanEq *tmp28 .state2*13
   222 op add .total .total 10
   223 label *label164
   224 label *label165
   225 label *label166
-    * set *tmp27 .conv*14
   226 sensor *tmp28 .conv*14 @totalItems
   227 set .state1*14 *tmp28
-    * set *tmp30 *tmp28
-    * set *tmp32 .state2*14
-    * jump *label167 greaterThanEq .state1*14 .state2*14
+  228 jump *label167 greaterThanEq *tmp28 .state2*14
   229 op add .total .total 10
   230 label *label167
   231 label *label168
   232 label *label169
-    * set *tmp27 .conv*15
   233 sensor *tmp28 .conv*15 @totalItems
   234 set .state1*15 *tmp28
-    * set *tmp30 *tmp28
-    * set *tmp32 .state2*15
-    * jump *label170 greaterThanEq .state1*15 .state2*15
+  235 jump *label170 greaterThanEq *tmp28 .state2*15
   236 op add .total .total 10
   237 label *label170
   238 label *label171
 
   254 print "]"
   255 print "\n"
   256 label *label173
-    * set *tmp42 .conv*0
   257 sensor *tmp43 .conv*0 @totalItems
   258 set .state2*0 *tmp43
-    * set *tmp45 *tmp43
-    * set *tmp47 .state1*0
-    * jump *label174 greaterThanEq .state2*0 .state1*0
+  259 jump *label174 greaterThanEq *tmp43 .state1*0
   260 op add .total .total 10
   261 label *label174
   262 label *label175
   263 label *label176
-    * set *tmp42 .conv*1
   264 sensor *tmp43 .conv*1 @totalItems
   265 set .state2*1 *tmp43
-    * set *tmp45 *tmp43
-    * set *tmp47 .state1*1
-    * jump *label177 greaterThanEq .state2*1 .state1*1
+  266 jump *label177 greaterThanEq *tmp43 .state1*1
   267 op add .total .total 10
   268 label *label177
   269 label *label178
   270 label *label179
-    * set *tmp42 .conv*2
   271 sensor *tmp43 .conv*2 @totalItems
   272 set .state2*2 *tmp43
-    * set *tmp45 *tmp43
-    * set *tmp47 .state1*2
-    * jump *label180 greaterThanEq .state2*2 .state1*2
+  273 jump *label180 greaterThanEq *tmp43 .state1*2
   274 op add .total .total 10
   275 label *label180
   276 label *label181
   277 label *label182
-    * set *tmp42 .conv*3
   278 sensor *tmp43 .conv*3 @totalItems
   279 set .state2*3 *tmp43
-    * set *tmp45 *tmp43
-    * set *tmp47 .state1*3
-    * jump *label183 greaterThanEq .state2*3 .state1*3
+  280 jump *label183 greaterThanEq *tmp43 .state1*3
   281 op add .total .total 10
   282 label *label183
   283 label *label184
   284 label *label185
-    * set *tmp42 .conv*4
   285 sensor *tmp43 .conv*4 @totalItems
   286 set .state2*4 *tmp43
-    * set *tmp45 *tmp43
-    * set *tmp47 .state1*4
-    * jump *label186 greaterThanEq .state2*4 .state1*4
+  287 jump *label186 greaterThanEq *tmp43 .state1*4
   288 op add .total .total 10
   289 label *label186
   290 label *label187
   291 label *label188
-    * set *tmp42 .conv*5
   292 sensor *tmp43 .conv*5 @totalItems
   293 set .state2*5 *tmp43
-    * set *tmp45 *tmp43
-    * set *tmp47 .state1*5
-    * jump *label189 greaterThanEq .state2*5 .state1*5
+  294 jump *label189 greaterThanEq *tmp43 .state1*5
   295 op add .total .total 10
   296 label *label189
   297 label *label190
   298 label *label191
-    * set *tmp42 .conv*6
   299 sensor *tmp43 .conv*6 @totalItems
   300 set .state2*6 *tmp43
-    * set *tmp45 *tmp43
-    * set *tmp47 .state1*6
-    * jump *label192 greaterThanEq .state2*6 .state1*6
+  301 jump *label192 greaterThanEq *tmp43 .state1*6
   302 op add .total .total 10
   303 label *label192
   304 label *label193
   305 label *label194
-    * set *tmp42 .conv*7
   306 sensor *tmp43 .conv*7 @totalItems
   307 set .state2*7 *tmp43
-    * set *tmp45 *tmp43
-    * set *tmp47 .state1*7
-    * jump *label195 greaterThanEq .state2*7 .state1*7
+  308 jump *label195 greaterThanEq *tmp43 .state1*7
   309 op add .total .total 10
   310 label *label195
   311 label *label196
   312 label *label197
-    * set *tmp42 .conv*8
   313 sensor *tmp43 .conv*8 @totalItems
   314 set .state2*8 *tmp43
-    * set *tmp45 *tmp43
-    * set *tmp47 .state1*8
-    * jump *label198 greaterThanEq .state2*8 .state1*8
+  315 jump *label198 greaterThanEq *tmp43 .state1*8
   316 op add .total .total 10
   317 label *label198
   318 label *label199
   319 label *label200
-    * set *tmp42 .conv*9
   320 sensor *tmp43 .conv*9 @totalItems
   321 set .state2*9 *tmp43
-    * set *tmp45 *tmp43
-    * set *tmp47 .state1*9
-    * jump *label201 greaterThanEq .state2*9 .state1*9
+  322 jump *label201 greaterThanEq *tmp43 .state1*9
   323 op add .total .total 10
   324 label *label201
   325 label *label202
   326 label *label203
-    * set *tmp42 .conv*10
   327 sensor *tmp43 .conv*10 @totalItems
   328 set .state2*10 *tmp43
-    * set *tmp45 *tmp43
-    * set *tmp47 .state1*10
-    * jump *label204 greaterThanEq .state2*10 .state1*10
+  329 jump *label204 greaterThanEq *tmp43 .state1*10
   330 op add .total .total 10
   331 label *label204
   332 label *label205
   333 label *label206
-    * set *tmp42 .conv*11
   334 sensor *tmp43 .conv*11 @totalItems
   335 set .state2*11 *tmp43
-    * set *tmp45 *tmp43
-    * set *tmp47 .state1*11
-    * jump *label207 greaterThanEq .state2*11 .state1*11
+  336 jump *label207 greaterThanEq *tmp43 .state1*11
   337 op add .total .total 10
   338 label *label207
   339 label *label208
   340 label *label209
-    * set *tmp42 .conv*12
   341 sensor *tmp43 .conv*12 @totalItems
   342 set .state2*12 *tmp43
-    * set *tmp45 *tmp43
-    * set *tmp47 .state1*12
-    * jump *label210 greaterThanEq .state2*12 .state1*12
+  343 jump *label210 greaterThanEq *tmp43 .state1*12
   344 op add .total .total 10
   345 label *label210
   346 label *label211
   347 label *label212
-    * set *tmp42 .conv*13
   348 sensor *tmp43 .conv*13 @totalItems
   349 set .state2*13 *tmp43
-    * set *tmp45 *tmp43
-    * set *tmp47 .state1*13
-    * jump *label213 greaterThanEq .state2*13 .state1*13
+  350 jump *label213 greaterThanEq *tmp43 .state1*13
   351 op add .total .total 10
   352 label *label213
   353 label *label214
   354 label *label215
-    * set *tmp42 .conv*14
   355 sensor *tmp43 .conv*14 @totalItems
   356 set .state2*14 *tmp43
-    * set *tmp45 *tmp43
-    * set *tmp47 .state1*14
-    * jump *label216 greaterThanEq .state2*14 .state1*14
+  357 jump *label216 greaterThanEq *tmp43 .state1*14
   358 op add .total .total 10
   359 label *label216
   360 label *label217
   361 label *label218
-    * set *tmp42 .conv*15
   362 sensor *tmp43 .conv*15 @totalItems
   363 set .state2*15 *tmp43
-    * set *tmp45 *tmp43
-    * set *tmp47 *tmp28
-    * jump *label219 greaterThanEq .state2*15 .state1*15
+  364 jump *label219 greaterThanEq *tmp43 *tmp28
   365 op add .total .total 10
   366 label *label219
   367 label *label220

Modifications by Iterated phase, Data Flow Optimization, pass 3, iteration 3 (-1 instructions):
 
   231 label *label168
   232 label *label169
   233 sensor *tmp28 .conv*15 @totalItems
-    * set .state1*15 *tmp28
   234 jump *label170 greaterThanEq *tmp28 .state2*15
   235 op add .total .total 10
   236 label *label170

Modifications by Virtual Instruction Expansion:
 
    65 jump *label29 notEqual *tmp4 @plastanium-conveyor
    66 label *label30
    67 jump *label31 greaterThanEq .found 16
-    * writearr<inlined:regular> :initialize:block .conv[] .found
+   68 op mul *tmp60 .found 2
+   69 multijump *label223 *tmp60 0 (m:marker1)
+   70 multilabel *label223 (m:marker1)
+   71 set .conv*0 :initialize:block
+   72 jump *label222 always
+   73 multilabel *label224 (m:marker1)
+   74 set .conv*1 :initialize:block
+   75 jump *label222 always
+   76 multilabel *label225 (m:marker1)
+   77 set .conv*2 :initialize:block
+   78 jump *label222 always
+   79 multilabel *label226 (m:marker1)
+   80 set .conv*3 :initialize:block
+   81 jump *label222 always
+   82 multilabel *label227 (m:marker1)
+   83 set .conv*4 :initialize:block
+   84 jump *label222 always
+   85 multilabel *label228 (m:marker1)
+   86 set .conv*5 :initialize:block
+   87 jump *label222 always
+   88 multilabel *label229 (m:marker1)
+   89 set .conv*6 :initialize:block
+   90 jump *label222 always
+   91 multilabel *label230 (m:marker1)
+   92 set .conv*7 :initialize:block
+   93 jump *label222 always
+   94 multilabel *label231 (m:marker1)
+   95 set .conv*8 :initialize:block
+   96 jump *label222 always
+   97 multilabel *label232 (m:marker1)
+   98 set .conv*9 :initialize:block
+   99 jump *label222 always
+  100 multilabel *label233 (m:marker1)
+  101 set .conv*10 :initialize:block
+  102 jump *label222 always
+  103 multilabel *label234 (m:marker1)
+  104 set .conv*11 :initialize:block
+  105 jump *label222 always
+  106 multilabel *label235 (m:marker1)
+  107 set .conv*12 :initialize:block
+  108 jump *label222 always
+  109 multilabel *label236 (m:marker1)
+  110 set .conv*13 :initialize:block
+  111 jump *label222 always
+  112 multilabel *label237 (m:marker1)
+  113 set .conv*14 :initialize:block
+  114 jump *label222 always
+  115 multilabel *label238 (m:marker1)
+  116 set .conv*15 :initialize:block
+  117 label *label222
   118 label *label31
   119 label *label32
   120 op add .found .found 1

Modifications by Jumps phase, Jump Threading, pass 6, iteration 1:
 
    97 print .found
    98 print ")"
    99 printflush message1
-    * jump *label34 always
+  100 jump *label1 always
   101 label *label33
   102 jump *label35 lessThanEq .found 16
   103 print "[gold]Item Counter[], version [gold]1.0[]"
 
   109 print .found
   110 print ")"
   111 printflush message1
-    * jump *label36 always
+  112 jump *label1 always
   113 label *label35
   114 jump *label37 notEqual .memory null
   115 print "$TITLE\n[salmon]No memory attached."
   116 printflush message1
-    * jump *label38 always
+  117 jump *label1 always
   118 label *label37
   119 sensor *tmp17 .memory @type
   120 jump *label39 notEqual *tmp17 @memory-cell

Modifications by Jumps phase, Single Step Elimination, pass 6, iteration 1 (-1 instructions):
 
   320 jump *label41 equal *tmp56 false
   321 set .total 0
   322 write 0 .memory .totalIndex
-    * end

Modifications by Jumps phase, Unreachable Code Elimination, pass 7, iteration 1 (-1 instructions):
 
   126 set .totalIndex *tmp19
   127 read .total .memory *tmp19
   128 jump *label3 always
-    * jump *label1 always
   129 label *label3
   130 control enabled switch1 false
   131 label *label41

Modifications by Jumps phase, Single Step Elimination, pass 7, iteration 1 (-1 instructions):
 
   125 label *label40
   126 set .totalIndex *tmp19
   127 read .total .memory *tmp19
-    * jump *label3 always
   128 label *label3
   129 control enabled switch1 false
   130 label *label41

Modifications by Final phase, Print Merging, iteration 1 (-21 instructions):
 
    88 jump *label56 greaterThanEq :initialize:n 0
    89 label *label25
    90 jump *label33 notEqual .found 0
-    * print "[gold]Item Counter[], version [gold]1.0[]"
-    * print "\"
-    * print "n[salmon]No plastanium conveyor attached (maximum: "
-    * print 16
-    * print ","
-    * print " found: "
+   91 print "[gold]Item Counter[], version [gold]1.0[]\n[salmon]No plastanium conveyor attached (maximum: 16, found: "
    92 print .found
    93 print ")"
    94 printflush message1
    95 jump *label1 always
    96 label *label33
    97 jump *label35 lessThanEq .found 16
-    * print "[gold]Item Counter[], version [gold]1.0[]"
-    * print "\"
-    * print "n[salmon]Too many plastanium conveyors attached (maximum: "
-    * print 16
-    * print ","
-    * print " found: "
+   98 print "[gold]Item Counter[], version [gold]1.0[]\n[salmon]Too many plastanium conveyors attached (maximum: 16, found: "
    99 print .found
   100 print ")"
   101 printflush message1
 
   198 op add .total .total 10
   199 label *label170
   200 write .total .memory .totalIndex
-    * print "[gold]Item Counter[], version [gold]1.0[]"
-    * print " "
-    * print "           "
-    * print "\n"
-    * print "Monitoring [green]"
+  201 print "[gold]Item Counter[], version [gold]1.0[]            \nMonitoring [green]"
   202 print .found
-    * print "["
-    * print "] conveyors"
-    * print "\n"
-    * print "Total items: [gold]"
+  203 print "[] conveyors\nTotal items: [gold]"
   204 print .total
-    * print "["
-    * print "]"
-    * print "\n"
+  205 print "[]\n"
   206 sensor *tmp43 .conv*0 @totalItems
   207 set .state2*0 *tmp43
   208 jump *label174 greaterThanEq *tmp43 .state1*0
 
   287 op idiv *tmp53 *tmp51 2
   288 print "[lightgray]Loop time: "
   289 print *tmp53
-    * print " "
-    * print "ms"
-    * print "\n"
+  290 print " ms\n"
   291 printflush message1
   292 jump *label54 equal .links @links
   293 end

Final code before resolving virtual instructions:

        label *label1                                                while true do
    0:  set .conv*0 null                                             for var out c in conv do c = null; end;
    1:  set .conv*1 null                                             ...
    2:  set .conv*2 null                                             ...
    3:  set .conv*3 null                                             ...
    4:  set .conv*4 null                                             ...
    5:  set .conv*5 null                                             ...
    6:  set .conv*6 null                                             ...
    7:  set .conv*7 null                                             ...
    8:  set .conv*8 null                                             ...
    9:  set .conv*9 null                                             ...
   10:  set .conv*10 null                                            ...
   11:  set .conv*11 null                                            ...
   12:  set .conv*12 null                                            ...
   13:  set .conv*13 null                                            ...
   14:  set .conv*14 null                                            ...
   15:  set .conv*15 null                                            ...
   16:  set .memory null                                             memory = null;
   17:  set .found 0                                                 found = 0;
   18:  set .links @links                                            links = @links;
   19:  op sub :initialize:n .links 1                                for var n in 0 ... links descending do
   20:  jump *label25 lessThan .links 1                              ...
        label *label56                                               ...
   21:  getlink :initialize:block :initialize:n                      var block = getlink(n);
   22:  sensor *tmp4 :initialize:block @type                         case block.@type
   23:  jump *label28 equal *tmp4 @memory-cell                       ...
   24:  jump *label27 notEqual *tmp4 @memory-bank                    ...
        label *label28                                               ...
   25:  set .memory :initialize:block                                memory = block;
   26:  jump *label26 always 0 0                                     case block.@type
        label *label27                                               ...
   27:  jump *label29 notEqual *tmp4 @plastanium-conveyor            ...
   28:  jump *label31 greaterThanEq .found 16                        if found < MAX_LINKED then
   29:  op mul *tmp60 .found 2                                       conv[found] = block;
   30:  multijump *label223 *tmp60 0                                 ...
        multilabel *label223                                         ...
   31:  set .conv*0 :initialize:block                                ...
   32:  jump *label222 always 0 0                                    ...
        multilabel *label224                                         ...
   33:  set .conv*1 :initialize:block                                ...
   34:  jump *label222 always 0 0                                    ...
        multilabel *label225                                         ...
   35:  set .conv*2 :initialize:block                                ...
   36:  jump *label222 always 0 0                                    ...
        multilabel *label226                                         ...
   37:  set .conv*3 :initialize:block                                ...
   38:  jump *label222 always 0 0                                    ...
        multilabel *label227                                         ...
   39:  set .conv*4 :initialize:block                                ...
   40:  jump *label222 always 0 0                                    ...
        multilabel *label228                                         ...
   41:  set .conv*5 :initialize:block                                ...
   42:  jump *label222 always 0 0                                    ...
        multilabel *label229                                         ...
   43:  set .conv*6 :initialize:block                                ...
   44:  jump *label222 always 0 0                                    ...
        multilabel *label230                                         ...
   45:  set .conv*7 :initialize:block                                ...
   46:  jump *label222 always 0 0                                    ...
        multilabel *label231                                         ...
   47:  set .conv*8 :initialize:block                                ...
   48:  jump *label222 always 0 0                                    ...
        multilabel *label232                                         ...
   49:  set .conv*9 :initialize:block                                ...
   50:  jump *label222 always 0 0                                    ...
        multilabel *label233                                         ...
   51:  set .conv*10 :initialize:block                               ...
   52:  jump *label222 always 0 0                                    ...
        multilabel *label234                                         ...
   53:  set .conv*11 :initialize:block                               ...
   54:  jump *label222 always 0 0                                    ...
        multilabel *label235                                         ...
   55:  set .conv*12 :initialize:block                               ...
   56:  jump *label222 always 0 0                                    ...
        multilabel *label236                                         ...
   57:  set .conv*13 :initialize:block                               ...
   58:  jump *label222 always 0 0                                    ...
        multilabel *label237                                         ...
   59:  set .conv*14 :initialize:block                               ...
   60:  jump *label222 always 0 0                                    ...
        multilabel *label238                                         ...
   61:  set .conv*15 :initialize:block                               ...
        label *label222                                              ...
        label *label31                                               if found < MAX_LINKED then
   62:  op add .found .found 1                                       case block.@type
        label *label29                                               ...
        label *label26                                               ...
   63:  op sub :initialize:n :initialize:n 1                         for var n in 0 ... links descending do
   64:  jump *label56 greaterThanEq :initialize:n 0                  ...
        label *label25                                               ...
   65:  jump *label33 notEqual .found 0                              if found == 0 then
   66:  print "[gold]Item Counter[], version [gold]1.0[]\n[salmon]No print($"$TITLE\n[salmon]No plastanium conveyor attached (maximum: $MAX_LINKED, found: $found)");
   67:  print .found                                                 ...
   68:  print ")"                                                    ...
   69:  printflush message1                                          printflush(message1);
   70:  jump *label1 always 0 0                                      if found == 0 then
        label *label33                                               ...
   71:  jump *label35 lessThanEq .found 16                           elsif found > MAX_LINKED then
   72:  print "[gold]Item Counter[], version [gold]1.0[]\n[salmon]To print($"$TITLE\n[salmon]Too many plastanium conveyors attached (maximum: $MAX_LINKED, found: $found)");
   73:  print .found                                                 ...
   74:  print ")"                                                    ...
   75:  printflush message1                                          printflush(message1);
   76:  jump *label1 always 0 0                                      elsif found > MAX_LINKED then
        label *label35                                               ...
   77:  jump *label37 notEqual .memory null                          elsif memory == null then
   78:  print "$TITLE\n[salmon]No memory attached."                  print("$TITLE\n[salmon]No memory attached.");
   79:  printflush message1                                          printflush(message1);
   80:  jump *label1 always 0 0                                      elsif memory == null then
        label *label37                                               ...
   81:  sensor *tmp17 .memory @type                                  totalIndex = memory.@type == @memory-cell ? 63 : 511;
   82:  jump *label39 notEqual *tmp17 @memory-cell                   ...
   83:  set *tmp19 63                                                ...
   84:  jump *label40 always 0 0                                     ...
        label *label39                                               ...
   85:  set *tmp19 511                                               ...
        label *label40                                               ...
   86:  set .totalIndex *tmp19                                       ...
   87:  read .total .memory *tmp19                                   total = memory[totalIndex];
   88:  control enabled switch1 false 0 0 0                          switch1.enabled = false;
        label *label41                                               do
   89:  set :start @time                                             var start = @time;
   90:  sensor *tmp28 .conv*0 @totalItems                            state1[i] = conv[i].@totalItems;
   91:  set .state1*0 *tmp28                                         ...
   92:  jump *label125 greaterThanEq *tmp28 .state2*0                if state1[i] < state2[i] then
   93:  op add .total .total 10                                      total += 10;
        label *label125                                              if state1[i] < state2[i] then
   94:  sensor *tmp28 .conv*1 @totalItems                            state1[i] = conv[i].@totalItems;
   95:  set .state1*1 *tmp28                                         ...
   96:  jump *label128 greaterThanEq *tmp28 .state2*1                if state1[i] < state2[i] then
   97:  op add .total .total 10                                      total += 10;
        label *label128                                              if state1[i] < state2[i] then
   98:  sensor *tmp28 .conv*2 @totalItems                            state1[i] = conv[i].@totalItems;
   99:  set .state1*2 *tmp28                                         ...
  100:  jump *label131 greaterThanEq *tmp28 .state2*2                if state1[i] < state2[i] then
  101:  op add .total .total 10                                      total += 10;
        label *label131                                              if state1[i] < state2[i] then
  102:  sensor *tmp28 .conv*3 @totalItems                            state1[i] = conv[i].@totalItems;
  103:  set .state1*3 *tmp28                                         ...
  104:  jump *label134 greaterThanEq *tmp28 .state2*3                if state1[i] < state2[i] then
  105:  op add .total .total 10                                      total += 10;
        label *label134                                              if state1[i] < state2[i] then
  106:  sensor *tmp28 .conv*4 @totalItems                            state1[i] = conv[i].@totalItems;
  107:  set .state1*4 *tmp28                                         ...
  108:  jump *label137 greaterThanEq *tmp28 .state2*4                if state1[i] < state2[i] then
  109:  op add .total .total 10                                      total += 10;
        label *label137                                              if state1[i] < state2[i] then
  110:  sensor *tmp28 .conv*5 @totalItems                            state1[i] = conv[i].@totalItems;
  111:  set .state1*5 *tmp28                                         ...
  112:  jump *label140 greaterThanEq *tmp28 .state2*5                if state1[i] < state2[i] then
  113:  op add .total .total 10                                      total += 10;
        label *label140                                              if state1[i] < state2[i] then
  114:  sensor *tmp28 .conv*6 @totalItems                            state1[i] = conv[i].@totalItems;
  115:  set .state1*6 *tmp28                                         ...
  116:  jump *label143 greaterThanEq *tmp28 .state2*6                if state1[i] < state2[i] then
  117:  op add .total .total 10                                      total += 10;
        label *label143                                              if state1[i] < state2[i] then
  118:  sensor *tmp28 .conv*7 @totalItems                            state1[i] = conv[i].@totalItems;
  119:  set .state1*7 *tmp28                                         ...
  120:  jump *label146 greaterThanEq *tmp28 .state2*7                if state1[i] < state2[i] then
  121:  op add .total .total 10                                      total += 10;
        label *label146                                              if state1[i] < state2[i] then
  122:  sensor *tmp28 .conv*8 @totalItems                            state1[i] = conv[i].@totalItems;
  123:  set .state1*8 *tmp28                                         ...
  124:  jump *label149 greaterThanEq *tmp28 .state2*8                if state1[i] < state2[i] then
  125:  op add .total .total 10                                      total += 10;
        label *label149                                              if state1[i] < state2[i] then
  126:  sensor *tmp28 .conv*9 @totalItems                            state1[i] = conv[i].@totalItems;
  127:  set .state1*9 *tmp28                                         ...
  128:  jump *label152 greaterThanEq *tmp28 .state2*9                if state1[i] < state2[i] then
  129:  op add .total .total 10                                      total += 10;
        label *label152                                              if state1[i] < state2[i] then
  130:  sensor *tmp28 .conv*10 @totalItems                           state1[i] = conv[i].@totalItems;
  131:  set .state1*10 *tmp28                                        ...
  132:  jump *label155 greaterThanEq *tmp28 .state2*10               if state1[i] < state2[i] then
  133:  op add .total .total 10                                      total += 10;
        label *label155                                              if state1[i] < state2[i] then
  134:  sensor *tmp28 .conv*11 @totalItems                           state1[i] = conv[i].@totalItems;
  135:  set .state1*11 *tmp28                                        ...
  136:  jump *label158 greaterThanEq *tmp28 .state2*11               if state1[i] < state2[i] then
  137:  op add .total .total 10                                      total += 10;
        label *label158                                              if state1[i] < state2[i] then
  138:  sensor *tmp28 .conv*12 @totalItems                           state1[i] = conv[i].@totalItems;
  139:  set .state1*12 *tmp28                                        ...
  140:  jump *label161 greaterThanEq *tmp28 .state2*12               if state1[i] < state2[i] then
  141:  op add .total .total 10                                      total += 10;
        label *label161                                              if state1[i] < state2[i] then
  142:  sensor *tmp28 .conv*13 @totalItems                           state1[i] = conv[i].@totalItems;
  143:  set .state1*13 *tmp28                                        ...
  144:  jump *label164 greaterThanEq *tmp28 .state2*13               if state1[i] < state2[i] then
  145:  op add .total .total 10                                      total += 10;
        label *label164                                              if state1[i] < state2[i] then
  146:  sensor *tmp28 .conv*14 @totalItems                           state1[i] = conv[i].@totalItems;
  147:  set .state1*14 *tmp28                                        ...
  148:  jump *label167 greaterThanEq *tmp28 .state2*14               if state1[i] < state2[i] then
  149:  op add .total .total 10                                      total += 10;
        label *label167                                              if state1[i] < state2[i] then
  150:  sensor *tmp28 .conv*15 @totalItems                           state1[i] = conv[i].@totalItems;
  151:  jump *label170 greaterThanEq *tmp28 .state2*15               if state1[i] < state2[i] then
  152:  op add .total .total 10                                      total += 10;
        label *label170                                              if state1[i] < state2[i] then
  153:  write .total .memory .totalIndex                             memory[totalIndex] = total;
  154:  print "[gold]Item Counter[], version [gold]1.0[]             println($"Monitoring [green]$found[] conveyors");
  155:  print .found                                                 ...
  156:  print "[] conveyors\nTotal items: [gold]"                    println($"Total items: [gold]$total[]");
  157:  print .total                                                 ...
  158:  print "[]\n"                                                 ...
  159:  sensor *tmp43 .conv*0 @totalItems                            state2[i] = conv[i].@totalItems;
  160:  set .state2*0 *tmp43                                         ...
  161:  jump *label174 greaterThanEq *tmp43 .state1*0                if state2[i] < state1[i] then
  162:  op add .total .total 10                                      total += 10;
        label *label174                                              if state2[i] < state1[i] then
  163:  sensor *tmp43 .conv*1 @totalItems                            state2[i] = conv[i].@totalItems;
  164:  set .state2*1 *tmp43                                         ...
  165:  jump *label177 greaterThanEq *tmp43 .state1*1                if state2[i] < state1[i] then
  166:  op add .total .total 10                                      total += 10;
        label *label177                                              if state2[i] < state1[i] then
  167:  sensor *tmp43 .conv*2 @totalItems                            state2[i] = conv[i].@totalItems;
  168:  set .state2*2 *tmp43                                         ...
  169:  jump *label180 greaterThanEq *tmp43 .state1*2                if state2[i] < state1[i] then
  170:  op add .total .total 10                                      total += 10;
        label *label180                                              if state2[i] < state1[i] then
  171:  sensor *tmp43 .conv*3 @totalItems                            state2[i] = conv[i].@totalItems;
  172:  set .state2*3 *tmp43                                         ...
  173:  jump *label183 greaterThanEq *tmp43 .state1*3                if state2[i] < state1[i] then
  174:  op add .total .total 10                                      total += 10;
        label *label183                                              if state2[i] < state1[i] then
  175:  sensor *tmp43 .conv*4 @totalItems                            state2[i] = conv[i].@totalItems;
  176:  set .state2*4 *tmp43                                         ...
  177:  jump *label186 greaterThanEq *tmp43 .state1*4                if state2[i] < state1[i] then
  178:  op add .total .total 10                                      total += 10;
        label *label186                                              if state2[i] < state1[i] then
  179:  sensor *tmp43 .conv*5 @totalItems                            state2[i] = conv[i].@totalItems;
  180:  set .state2*5 *tmp43                                         ...
  181:  jump *label189 greaterThanEq *tmp43 .state1*5                if state2[i] < state1[i] then
  182:  op add .total .total 10                                      total += 10;
        label *label189                                              if state2[i] < state1[i] then
  183:  sensor *tmp43 .conv*6 @totalItems                            state2[i] = conv[i].@totalItems;
  184:  set .state2*6 *tmp43                                         ...
  185:  jump *label192 greaterThanEq *tmp43 .state1*6                if state2[i] < state1[i] then
  186:  op add .total .total 10                                      total += 10;
        label *label192                                              if state2[i] < state1[i] then
  187:  sensor *tmp43 .conv*7 @totalItems                            state2[i] = conv[i].@totalItems;
  188:  set .state2*7 *tmp43                                         ...
  189:  jump *label195 greaterThanEq *tmp43 .state1*7                if state2[i] < state1[i] then
  190:  op add .total .total 10                                      total += 10;
        label *label195                                              if state2[i] < state1[i] then
  191:  sensor *tmp43 .conv*8 @totalItems                            state2[i] = conv[i].@totalItems;
  192:  set .state2*8 *tmp43                                         ...
  193:  jump *label198 greaterThanEq *tmp43 .state1*8                if state2[i] < state1[i] then
  194:  op add .total .total 10                                      total += 10;
        label *label198                                              if state2[i] < state1[i] then
  195:  sensor *tmp43 .conv*9 @totalItems                            state2[i] = conv[i].@totalItems;
  196:  set .state2*9 *tmp43                                         ...
  197:  jump *label201 greaterThanEq *tmp43 .state1*9                if state2[i] < state1[i] then
  198:  op add .total .total 10                                      total += 10;
        label *label201                                              if state2[i] < state1[i] then
  199:  sensor *tmp43 .conv*10 @totalItems                           state2[i] = conv[i].@totalItems;
  200:  set .state2*10 *tmp43                                        ...
  201:  jump *label204 greaterThanEq *tmp43 .state1*10               if state2[i] < state1[i] then
  202:  op add .total .total 10                                      total += 10;
        label *label204                                              if state2[i] < state1[i] then
  203:  sensor *tmp43 .conv*11 @totalItems                           state2[i] = conv[i].@totalItems;
  204:  set .state2*11 *tmp43                                        ...
  205:  jump *label207 greaterThanEq *tmp43 .state1*11               if state2[i] < state1[i] then
  206:  op add .total .total 10                                      total += 10;
        label *label207                                              if state2[i] < state1[i] then
  207:  sensor *tmp43 .conv*12 @totalItems                           state2[i] = conv[i].@totalItems;
  208:  set .state2*12 *tmp43                                        ...
  209:  jump *label210 greaterThanEq *tmp43 .state1*12               if state2[i] < state1[i] then
  210:  op add .total .total 10                                      total += 10;
        label *label210                                              if state2[i] < state1[i] then
  211:  sensor *tmp43 .conv*13 @totalItems                           state2[i] = conv[i].@totalItems;
  212:  set .state2*13 *tmp43                                        ...
  213:  jump *label213 greaterThanEq *tmp43 .state1*13               if state2[i] < state1[i] then
  214:  op add .total .total 10                                      total += 10;
        label *label213                                              if state2[i] < state1[i] then
  215:  sensor *tmp43 .conv*14 @totalItems                           state2[i] = conv[i].@totalItems;
  216:  set .state2*14 *tmp43                                        ...
  217:  jump *label216 greaterThanEq *tmp43 .state1*14               if state2[i] < state1[i] then
  218:  op add .total .total 10                                      total += 10;
        label *label216                                              if state2[i] < state1[i] then
  219:  sensor *tmp43 .conv*15 @totalItems                           state2[i] = conv[i].@totalItems;
  220:  set .state2*15 *tmp43                                        ...
  221:  jump *label219 greaterThanEq *tmp43 *tmp28                   if state2[i] < state1[i] then
  222:  op add .total .total 10                                      total += 10;
        label *label219                                              if state2[i] < state1[i] then
  223:  op sub *tmp51 @time :start                                   println($"[lightgray]Loop time: $ ms", floor((@time - start) / 2));
  224:  op idiv *tmp53 *tmp51 2                                      ...
  225:  print "[lightgray]Loop time: "                               ...
  226:  print *tmp53                                                 ...
  227:  print " ms\n"                                                ...
  228:  printflush message1                                          printflush(message1);
  229:  jump *label54 equal .links @links                            if links != @links then
  230:  end                                                          end();
        label *label54                                               if links != @links then
  231:  sensor *tmp56 switch1 @enabled                               while !switch1.@enabled;
  232:  jump *label41 equal *tmp56 false                             do
  233:  set .total 0                                                 total = 0;
  234:  write 0 .memory .totalIndex                                  memory[totalIndex] = 0;


Code size and number of instantiations by function:
  Size  Times  AvgSize  Function
   147     1x    147,0  <no function>
    88     1x     88,0  void initialize()
