   206 instructions before optimizations.
    35 instructions eliminated by Temp Variables Elimination (7 iterations).
    16 instructions eliminated by Dead Code Elimination (4 iterations).
     4 instructions eliminated by Jump Normalization (6 iterations).
    12 instructions eliminated by Condition Optimization (7 iterations).
    11 instructions eliminated by Single Step Elimination (3 passes, 9 iterations).
     3 instructions modified by Expression Optimization (2 passes, 4 iterations).
   142 instructions eliminated by Data Flow Optimization (7 passes, 21 iterations).
     1 instructions added by Loop Rotation (4 iterations).
       6 loop conditions were partially rotated.
   680 instructions added by Loop Unrolling (9 iterations).
     4 loops unrolled by Loop Unrolling.
    16 instructions eliminated by Print Merging.
   651 instructions after optimizations.

Pass 1: speed optimization selection (cost limit 876):
  * Full loop rotation at line 34:1                              size    +1, benefit       26.0, efficiency     26.000 (+1 instructions)

Pass 2: speed optimization selection (cost limit 879):
    Unroll loop at line 26:1                                     size  +137, benefit     1450.0, efficiency     10.584
  * Unroll loop at line 38:9                                     size    -3, benefit      625.0, efficiency   Infinity (-3 instructions)
    Unroll loop at line 57:5                                     size    +7, benefit     3750.0, efficiency    535.714
    Unroll loop at line 67:5                                     size  +473, benefit    36250.0, efficiency     76.638

Pass 2: speed optimization selection (cost limit 882):
    Unroll loop at line 26:1                                     size  +137, benefit     1450.0, efficiency     10.584
  * Unroll loop at line 57:5                                     size    +7, benefit     3750.0, efficiency    535.714 (+6 instructions)
    Unroll loop at line 67:5                                     size  +473, benefit    36250.0, efficiency     76.638

Pass 2: speed optimization selection (cost limit 876):
    Unroll loop at line 26:1                                     size  +137, benefit     1450.0, efficiency     10.584
  * Unroll loop at line 67:5                                     size  +473, benefit    36250.0, efficiency     76.638 (+411 instructions)

Pass 2: speed optimization selection (cost limit 465):
  * Unroll loop at line 26:1                                     size  +137, benefit     1450.0, efficiency     10.584 (+137 instructions)

Modifications by Initial phase, Dead Code Elimination, iteration 1 (-16 instructions):
 
    24 op lessThan *tmp7 :ptr .INDEX
    25 jump *label0 equal *tmp7 false
    26 op add :ptr :ptr .SKIP_SIZE
-    * set *tmp8 :ptr
    27 jump *label1 always
    28 label *label0
-    * set *tmp8 null
    29 label *label1
    30 set *tmp9 :ptr
    31 read *tmp11 .MEMORY *tmp9
 
    39 jump *label5 equal *tmp13 false
    40 op sub *tmp15 .SIZE 1
    41 set :ptr *tmp15
-    * set *tmp14 :ptr
    42 jump *label6 always
    43 label *label5
-    * set *tmp14 null
    44 label *label6
    45 set *tmp16 :ptr
    46 read *tmp19 .MEMORY *tmp16
 
    80 op add :n :n 1
    81 jump *label12 always
    82 label *label14
-    * set *tmp26 null
    83 jump *label11 always
    84 label *label10
-    * set *tmp26 null
    85 label *label11
    86 op div *tmp32 150 :maximum
    87 set :scale *tmp32
 
   107 op lessThan *tmp39 :head .INDEX
   108 jump *label15 equal *tmp39 false
   109 op add :head :head .SKIP_SIZE
-    * set *tmp40 :head
   110 jump *label16 always
   111 label *label15
-    * set *tmp40 null
   112 label *label16
   113 set :tail :head
   114 set :value 0
 
   124 jump *label20 equal *tmp45 false
   125 op sub *tmp47 .SIZE 1
   126 set :head *tmp47
-    * set *tmp46 :head
   127 jump *label21 always
   128 label *label20
-    * set *tmp46 null
   129 label *label21
   130 label *label18
   131 op add :i :i 1
 
   154 jump *label25 equal *tmp58 false
   155 op sub *tmp60 .SIZE 1
   156 set :head *tmp60
-    * set *tmp59 :head
   157 jump *label26 always
   158 label *label25
-    * set *tmp59 null
   159 label *label26
   160 op sub :tail :tail 1
   161 op lessThanEq *tmp61 :tail .INDEX
   162 jump *label27 equal *tmp61 false
   163 op sub *tmp63 .SIZE 1
   164 set :tail *tmp63
-    * set *tmp62 :tail
   165 jump *label28 always
   166 label *label27
-    * set *tmp62 null
   167 label *label28
   168 op mul *tmp64 :value :scale
   169 op add *tmp65 10 *tmp64
 
   188 jump *label29 equal *tmp71 false
   189 op mul *tmp73 1.5 :newMax
   190 set :maximum *tmp73
-    * set *tmp72 :maximum
   191 jump *label30 always
   192 label *label29
-    * set *tmp72 null
   193 label *label30
   194 set *tmp74 .POSITION
   195 write :maximum .COORD *tmp74

Modifications by Initial phase, Temp Variables Elimination, iteration 1 (-35 instructions):
 
    13 set .INDEX 256
    14 set .SIZE 511
    15 op sub *tmp0 .SIZE .INDEX
-    * op sub *tmp1 *tmp0 1
-    * set .SKIP_SIZE *tmp1
-    * op mul *tmp2 .POSITION 30
-    * set .SHIFT *tmp2
-    * set *tmp3 .INDEX
-    * read *tmp6 .MEMORY *tmp3
-    * op sub *tmp5 *tmp6 .SHIFT
-    * set :ptr *tmp5
+   16 op sub .SKIP_SIZE *tmp0 1
+   17 op mul .SHIFT .POSITION 30
+   18 read *tmp6 .MEMORY .INDEX
+   19 op sub :ptr *tmp6 .SHIFT
    20 op lessThan *tmp7 :ptr .INDEX
    21 jump *label0 equal *tmp7 false
    22 op add :ptr :ptr .SKIP_SIZE
    23 jump *label1 always
    24 label *label0
    25 label *label1
-    * set *tmp9 :ptr
-    * read *tmp11 .MEMORY *tmp9
-    * set :maximum *tmp11
+   26 read :maximum .MEMORY :ptr
    27 set :n 0
    28 label *label2
    29 jump *label4 greaterThanEq :n 29
-    * op sub *tmp12 :ptr 1
-    * set :ptr *tmp12
+   30 op sub :ptr :ptr 1
    31 op lessThanEq *tmp13 :ptr .INDEX
    32 jump *label5 equal *tmp13 false
-    * op sub *tmp15 .SIZE 1
-    * set :ptr *tmp15
+   33 op sub :ptr .SIZE 1
    34 jump *label6 always
    35 label *label5
    36 label *label6
-    * set *tmp16 :ptr
-    * read *tmp19 .MEMORY *tmp16
-    * op max *tmp18 :maximum *tmp19
-    * set :maximum *tmp18
+   37 read *tmp19 .MEMORY :ptr
+   38 op max :maximum :maximum *tmp19
    39 label *label3
    40 op add :n :n 1
    41 jump *label2 always
    42 label *label4
-    * op mul *tmp20 :maximum .SMOOTH
-    * set :maximum *tmp20
+   43 op mul :maximum :maximum .SMOOTH
    44 label *label7
    45 sensor *tmp21 switch1 @enabled
    46 op equal *tmp22 *tmp21 0
    47 jump *label9 equal *tmp22 false
    48 print "Item Rate Display"
-    * set *tmp23 @time
-    * set :start *tmp23
+   49 set :start @time
    50 sensor *tmp24 .COORD @dead
    51 op equal *tmp25 *tmp24 0
    52 jump *label10 equal *tmp25 false
 
    54 label *label12
    55 op lessThan *tmp27 :n .TOTAL
    56 jump *label14 equal *tmp27 false
-    * set *tmp28 :n
-    * read *tmp30 .COORD *tmp28
-    * set :m *tmp30
+   57 read :m .COORD :n
    58 print "\n"
    59 print "Coord: [gold]"
    60 print :m
    61 print "["
    62 print "]"
-    * op max *tmp31 :maximum :m
-    * set :maximum *tmp31
+   63 op max :maximum :maximum :m
    64 label *label13
    65 op add :n :n 1
    66 jump *label12 always
 
    68 jump *label11 always
    69 label *label10
    70 label *label11
-    * op div *tmp32 150 :maximum
-    * set :scale *tmp32
+   71 op div :scale 150 :maximum
    72 op ceil *tmp33 :maximum
    73 print "\n"
    74 print "Maximum: [green]"
 
    84 draw clear 0 0 80
    85 draw color 0 80 0 255
    86 draw rect 10 10 156 156
-    * set *tmp35 .INDEX
-    * read *tmp38 .MEMORY *tmp35
-    * op sub *tmp37 *tmp38 .SHIFT
-    * set :head *tmp37
+   87 read *tmp38 .MEMORY .INDEX
+   88 op sub :head *tmp38 .SHIFT
    89 op lessThan *tmp39 :head .INDEX
    90 jump *label15 equal *tmp39 false
    91 op add :head :head .SKIP_SIZE
 
    98 label *label17
    99 op lessThan *tmp41 :i .SMOOTH
   100 jump *label19 equal *tmp41 false
-    * set *tmp42 :head
-    * read *tmp44 .MEMORY *tmp42
+  101 read *tmp44 .MEMORY :head
   102 op add :value :value *tmp44
   103 op sub :head :head 1
   104 op lessThanEq *tmp45 :head .INDEX
   105 jump *label20 equal *tmp45 false
-    * op sub *tmp47 .SIZE 1
-    * set :head *tmp47
+  106 op sub :head .SIZE 1
   107 jump *label21 always
   108 label *label20
   109 label *label21
 
   112 jump *label17 always
   113 label *label19
   114 op mul *tmp48 :value :scale
-    * op add *tmp49 10 *tmp48
-    * set :last *tmp49
+  115 op add :last 10 *tmp48
   116 set :newMax :value
   117 draw color 80 255 80 255
   118 set :x 159
   119 set :n 0
   120 label *label22
   121 jump *label24 greaterThanEq :n 29
-    * set *tmp50 :tail
-    * read *tmp52 .MEMORY *tmp50
-    * set :t *tmp52
-    * set *tmp53 :head
-    * read *tmp55 .MEMORY *tmp53
-    * set :h *tmp55
+  122 read :t .MEMORY :tail
+  123 read :h .MEMORY :head
   124 op sub *tmp56 :value :t
-    * op add *tmp57 *tmp56 :h
-    * set :value *tmp57
+  125 op add :value *tmp56 :h
   126 op sub :head :head 1
   127 op lessThanEq *tmp58 :head .INDEX
   128 jump *label25 equal *tmp58 false
-    * op sub *tmp60 .SIZE 1
-    * set :head *tmp60
+  129 op sub :head .SIZE 1
   130 jump *label26 always
   131 label *label25
   132 label *label26
   133 op sub :tail :tail 1
   134 op lessThanEq *tmp61 :tail .INDEX
   135 jump *label27 equal *tmp61 false
-    * op sub *tmp63 .SIZE 1
-    * set :tail *tmp63
+  136 op sub :tail .SIZE 1
   137 jump *label28 always
   138 label *label27
   139 label *label28
   140 op mul *tmp64 :value :scale
-    * op add *tmp65 10 *tmp64
-    * set :y *tmp65
+  141 op add :y 10 *tmp64
   142 op sub *tmp66 :x 5
   143 draw line :x :last *tmp66 :y
-    * op sub *tmp67 :x 5
-    * set :x *tmp67
+  144 op sub :x :x 5
   145 set :last :y
-    * op max *tmp68 :newMax :value
-    * set :newMax *tmp68
+  146 op max :newMax :newMax :value
   147 label *label23
   148 op add :n :n 1
   149 jump *label22 always
   150 label *label24
   151 draw color 255 255 255 255
   152 draw lineRect 10 10 156 156
-    * op max *tmp69 :newMax :maximum
-    * set :maximum *tmp69
+  153 op max :maximum :newMax :maximum
   154 op mul *tmp70 3 :newMax
   155 op lessThan *tmp71 *tmp70 :maximum
   156 jump *label29 equal *tmp71 false
-    * op mul *tmp73 1.5 :newMax
-    * set :maximum *tmp73
+  157 op mul :maximum 1.5 :newMax
   158 jump *label30 always
   159 label *label29
   160 label *label30
-    * set *tmp74 .POSITION
-    * write :maximum .COORD *tmp74
+  161 write :maximum .COORD .POSITION
   162 op sub *tmp76 @time :start
   163 op floor *tmp77 *tmp76
   164 print "\n"
 
   168 print "ms"
   169 op div *tmp78 @time .FREQ
   170 op ceil *tmp79 *tmp78
-    * op mul *tmp80 .FREQ *tmp79
-    * set :wait *tmp80
+  171 op mul :wait .FREQ *tmp79
   172 set :loops 0
   173 label *label31
   174 op lessThan *tmp81 @time :wait

Modifications by Iterated phase, Condition Optimization, pass 1, iteration 1 (-12 instructions):
 
    17 op mul .SHIFT .POSITION 30
    18 read *tmp6 .MEMORY .INDEX
    19 op sub :ptr *tmp6 .SHIFT
-    * op lessThan *tmp7 :ptr .INDEX
-    * jump *label0 equal *tmp7 false
+   20 jump *label0 greaterThanEq :ptr .INDEX
    21 op add :ptr :ptr .SKIP_SIZE
    22 jump *label1 always
    23 label *label0
 
    27 label *label2
    28 jump *label4 greaterThanEq :n 29
    29 op sub :ptr :ptr 1
-    * op lessThanEq *tmp13 :ptr .INDEX
-    * jump *label5 equal *tmp13 false
+   30 jump *label5 greaterThan :ptr .INDEX
    31 op sub :ptr .SIZE 1
    32 jump *label6 always
    33 label *label5
 
    41 op mul :maximum :maximum .SMOOTH
    42 label *label7
    43 sensor *tmp21 switch1 @enabled
-    * op equal *tmp22 *tmp21 0
-    * jump *label9 equal *tmp22 false
+   44 jump *label9 notEqual *tmp21 0
    45 print "Item Rate Display"
    46 set :start @time
    47 sensor *tmp24 .COORD @dead
-    * op equal *tmp25 *tmp24 0
-    * jump *label10 equal *tmp25 false
+   48 jump *label10 notEqual *tmp24 0
    49 set :n 0
    50 label *label12
-    * op lessThan *tmp27 :n .TOTAL
-    * jump *label14 equal *tmp27 false
+   51 jump *label14 greaterThanEq :n .TOTAL
    52 read :m .COORD :n
    53 print "\n"
    54 print "Coord: [gold]"
 
    81 draw rect 10 10 156 156
    82 read *tmp38 .MEMORY .INDEX
    83 op sub :head *tmp38 .SHIFT
-    * op lessThan *tmp39 :head .INDEX
-    * jump *label15 equal *tmp39 false
+   84 jump *label15 greaterThanEq :head .INDEX
    85 op add :head :head .SKIP_SIZE
    86 jump *label16 always
    87 label *label15
 
    90 set :value 0
    91 set :i 0
    92 label *label17
-    * op lessThan *tmp41 :i .SMOOTH
-    * jump *label19 equal *tmp41 false
+   93 jump *label19 greaterThanEq :i .SMOOTH
    94 read *tmp44 .MEMORY :head
    95 op add :value :value *tmp44
    96 op sub :head :head 1
-    * op lessThanEq *tmp45 :head .INDEX
-    * jump *label20 equal *tmp45 false
+   97 jump *label20 greaterThan :head .INDEX
    98 op sub :head .SIZE 1
    99 jump *label21 always
   100 label *label20
 
   116 op sub *tmp56 :value :t
   117 op add :value *tmp56 :h
   118 op sub :head :head 1
-    * op lessThanEq *tmp58 :head .INDEX
-    * jump *label25 equal *tmp58 false
+  119 jump *label25 greaterThan :head .INDEX
   120 op sub :head .SIZE 1
   121 jump *label26 always
   122 label *label25
   123 label *label26
   124 op sub :tail :tail 1
-    * op lessThanEq *tmp61 :tail .INDEX
-    * jump *label27 equal *tmp61 false
+  125 jump *label27 greaterThan :tail .INDEX
   126 op sub :tail .SIZE 1
   127 jump *label28 always
   128 label *label27
 
   142 draw lineRect 10 10 156 156
   143 op max :maximum :newMax :maximum
   144 op mul *tmp70 3 :newMax
-    * op lessThan *tmp71 *tmp70 :maximum
-    * jump *label29 equal *tmp71 false
+  145 jump *label29 greaterThanEq *tmp70 :maximum
   146 op mul :maximum 1.5 :newMax
   147 jump *label30 always
   148 label *label29
 
   160 op mul :wait .FREQ *tmp79
   161 set :loops 0
   162 label *label31
-    * op lessThan *tmp81 @time :wait
-    * jump *label33 equal *tmp81 false
+  163 jump *label33 greaterThanEq @time :wait
   164 op add :loops :loops 1
   165 label *label32
   166 jump *label31 always

Modifications by Iterated phase, Single Step Elimination, pass 1, iteration 1 (-8 instructions):
 
    19 op sub :ptr *tmp6 .SHIFT
    20 jump *label0 greaterThanEq :ptr .INDEX
    21 op add :ptr :ptr .SKIP_SIZE
-    * jump *label1 always
    22 label *label0
    23 label *label1
    24 read :maximum .MEMORY :ptr
 
    28 op sub :ptr :ptr 1
    29 jump *label5 greaterThan :ptr .INDEX
    30 op sub :ptr .SIZE 1
-    * jump *label6 always
    31 label *label5
    32 label *label6
    33 read *tmp19 .MEMORY :ptr
 
    58 op add :n :n 1
    59 jump *label12 always
    60 label *label14
-    * jump *label11 always
    61 label *label10
    62 label *label11
    63 op div :scale 150 :maximum
 
    80 op sub :head *tmp38 .SHIFT
    81 jump *label15 greaterThanEq :head .INDEX
    82 op add :head :head .SKIP_SIZE
-    * jump *label16 always
    83 label *label15
    84 label *label16
    85 set :tail :head
 
    92 op sub :head :head 1
    93 jump *label20 greaterThan :head .INDEX
    94 op sub :head .SIZE 1
-    * jump *label21 always
    95 label *label20
    96 label *label21
    97 label *label18
 
   113 op sub :head :head 1
   114 jump *label25 greaterThan :head .INDEX
   115 op sub :head .SIZE 1
-    * jump *label26 always
   116 label *label25
   117 label *label26
   118 op sub :tail :tail 1
   119 jump *label27 greaterThan :tail .INDEX
   120 op sub :tail .SIZE 1
-    * jump *label28 always
   121 label *label27
   122 label *label28
   123 op mul *tmp64 :value :scale
 
   137 op mul *tmp70 3 :newMax
   138 jump *label29 greaterThanEq *tmp70 :maximum
   139 op mul :maximum 1.5 :newMax
-    * jump *label30 always
   140 label *label29
   141 label *label30
   142 write :maximum .COORD .POSITION

Modifications by Iterated phase, Data Flow Optimization, pass 1, iteration 1:
 
    12 draw stroke 1
    13 set .INDEX 256
    14 set .SIZE 511
-    * op sub *tmp0 .SIZE .INDEX
-    * op sub .SKIP_SIZE *tmp0 1
-    * op mul .SHIFT .POSITION 30
-    * read *tmp6 .MEMORY .INDEX
-    * op sub :ptr *tmp6 .SHIFT
-    * jump *label0 greaterThanEq :ptr .INDEX
-    * op add :ptr :ptr .SKIP_SIZE
+   15 op sub *tmp0 511 256
+   16 op sub .SKIP_SIZE 255 1
+   17 op mul .SHIFT 0 30
+   18 read *tmp6 bank1 256
+   19 op sub :ptr *tmp6 0
+   20 jump *label0 greaterThanEq :ptr 256
+   21 op add :ptr :ptr 254
    22 label *label0
    23 label *label1
-    * read :maximum .MEMORY :ptr
+   24 read :maximum bank1 :ptr
    25 set :n 0
    26 label *label2
    27 jump *label4 greaterThanEq :n 29
    28 op sub :ptr :ptr 1
-    * jump *label5 greaterThan :ptr .INDEX
-    * op sub :ptr .SIZE 1
+   29 jump *label5 greaterThan :ptr 256
+   30 op sub :ptr 511 1
    31 label *label5
    32 label *label6
-    * read *tmp19 .MEMORY :ptr
+   33 read *tmp19 bank1 :ptr
    34 op max :maximum :maximum *tmp19
    35 label *label3
    36 op add :n :n 1
    37 jump *label2 always
    38 label *label4
-    * op mul :maximum :maximum .SMOOTH
+   39 op mul :maximum :maximum 3
    40 label *label7
    41 sensor *tmp21 switch1 @enabled
    42 jump *label9 notEqual *tmp21 0
    43 print "Item Rate Display"
    44 set :start @time
-    * sensor *tmp24 .COORD @dead
+   45 sensor *tmp24 cell1 @dead
    46 jump *label10 notEqual *tmp24 0
    47 set :n 0
    48 label *label12
-    * jump *label14 greaterThanEq :n .TOTAL
-    * read :m .COORD :n
+   49 jump *label14 greaterThanEq :n 1
+   50 read :m cell1 :n
    51 print "\n"
    52 print "Coord: [gold]"
    53 print :m
 
    76 draw clear 0 0 80
    77 draw color 0 80 0 255
    78 draw rect 10 10 156 156
-    * read *tmp38 .MEMORY .INDEX
-    * op sub :head *tmp38 .SHIFT
-    * jump *label15 greaterThanEq :head .INDEX
-    * op add :head :head .SKIP_SIZE
+   79 read *tmp38 bank1 256
+   80 op sub :head *tmp38 0
+   81 jump *label15 greaterThanEq :head 256
+   82 op add :head :head 254
    83 label *label15
    84 label *label16
    85 set :tail :head
    86 set :value 0
    87 set :i 0
    88 label *label17
-    * jump *label19 greaterThanEq :i .SMOOTH
-    * read *tmp44 .MEMORY :head
+   89 jump *label19 greaterThanEq :i 3
+   90 read *tmp44 bank1 :head
    91 op add :value :value *tmp44
    92 op sub :head :head 1
-    * jump *label20 greaterThan :head .INDEX
-    * op sub :head .SIZE 1
+   93 jump *label20 greaterThan :head 256
+   94 op sub :head 511 1
    95 label *label20
    96 label *label21
    97 label *label18
 
   106 set :n 0
   107 label *label22
   108 jump *label24 greaterThanEq :n 29
-    * read :t .MEMORY :tail
-    * read :h .MEMORY :head
+  109 read :t bank1 :tail
+  110 read :h bank1 :head
   111 op sub *tmp56 :value :t
   112 op add :value *tmp56 :h
   113 op sub :head :head 1
-    * jump *label25 greaterThan :head .INDEX
-    * op sub :head .SIZE 1
+  114 jump *label25 greaterThan :head 256
+  115 op sub :head 511 1
   116 label *label25
   117 label *label26
   118 op sub :tail :tail 1
-    * jump *label27 greaterThan :tail .INDEX
-    * op sub :tail .SIZE 1
+  119 jump *label27 greaterThan :tail 256
+  120 op sub :tail 511 1
   121 label *label27
   122 label *label28
   123 op mul *tmp64 :value :scale
 
   139 op mul :maximum 1.5 :newMax
   140 label *label29
   141 label *label30
-    * write :maximum .COORD .POSITION
+  142 write :maximum cell1 0
   143 op sub *tmp76 @time :start
   144 op floor *tmp77 *tmp76
   145 print "\n"
 
   147 print *tmp77
   148 print " "
   149 print "ms"
-    * op div *tmp78 @time .FREQ
+  150 op div *tmp78 @time 1000
   151 op ceil *tmp79 *tmp78
-    * op mul :wait .FREQ *tmp79
+  152 op mul :wait 1000 *tmp79
   153 set :loops 0
   154 label *label31
   155 jump *label33 greaterThanEq @time :wait

Modifications by Iterated phase, Data Flow Optimization, pass 1, iteration 2 (-11 instructions):
-    * set .MEMORY bank1
-    * set .COORD cell1
-    * set .SMOOTH 3
-    * set .POSITION 0
-    * set .TOTAL 1
-    * set .FREQ 1000
     0 printflush message1
     1 print "Item Rate Display"
     2 print "\n"
 
     4 print "\n"
     5 printflush message1
     6 draw stroke 1
-    * set .INDEX 256
-    * set .SIZE 511
-    * op sub *tmp0 511 256
-    * op sub .SKIP_SIZE 255 1
-    * op mul .SHIFT 0 30
     7 read *tmp6 bank1 256
     8 op sub :ptr *tmp6 0
     9 jump *label0 greaterThanEq :ptr 256
-    * op add :ptr :ptr 254
+   10 op add :ptr *tmp6 254
    11 label *label0
    12 label *label1
    13 read :maximum bank1 :ptr
 
    68 read *tmp38 bank1 256
    69 op sub :head *tmp38 0
    70 jump *label15 greaterThanEq :head 256
-    * op add :head :head 254
+   71 op add :head *tmp38 254
    72 label *label15
    73 label *label16
    74 set :tail :head

Modifications by Iterated phase, Expression Optimization, pass 1, iteration 1:
 
     5 printflush message1
     6 draw stroke 1
     7 read *tmp6 bank1 256
-    * op sub :ptr *tmp6 0
+    8 set :ptr *tmp6
     9 jump *label0 greaterThanEq :ptr 256
    10 op add :ptr *tmp6 254
    11 label *label0
 
    66 draw color 0 80 0 255
    67 draw rect 10 10 156 156
    68 read *tmp38 bank1 256
-    * op sub :head *tmp38 0
+   69 set :head *tmp38
    70 jump *label15 greaterThanEq :head 256
    71 op add :head *tmp38 254
    72 label *label15

Modifications by Iterated phase, Loop Rotation, pass 1, iteration 1:
 
    14 set :n 0
    15 label *label2
    16 jump *label4 greaterThanEq :n 29
+   17 label *label34
    18 op sub :ptr :ptr 1
    19 jump *label5 greaterThan :ptr 256
    20 op sub :ptr 511 1
 
    24 op max :maximum :maximum *tmp19
    25 label *label3
    26 op add :n :n 1
-    * jump *label2 always
+   27 jump *label34 lessThan :n 29
    28 label *label4
    29 op mul :maximum :maximum 3
    30 label *label7
 
    37 set :n 0
    38 label *label12
    39 jump *label14 greaterThanEq :n 1
+   40 label *label35
    41 read :m cell1 :n
    42 print "\n"
    43 print "Coord: [gold]"
 
    47 op max :maximum :maximum :m
    48 label *label13
    49 op add :n :n 1
-    * jump *label12 always
+   50 jump *label35 lessThan :n 1
    51 label *label14
    52 label *label10
    53 label *label11
 
    78 set :i 0
    79 label *label17
    80 jump *label19 greaterThanEq :i 3
+   81 label *label36
    82 read *tmp44 bank1 :head
    83 op add :value :value *tmp44
    84 op sub :head :head 1
 
    88 label *label21
    89 label *label18
    90 op add :i :i 1
-    * jump *label17 always
+   91 jump *label36 lessThan :i 3
    92 label *label19
    93 op mul *tmp48 :value :scale
    94 op add :last 10 *tmp48
 
    98 set :n 0
    99 label *label22
   100 jump *label24 greaterThanEq :n 29
+  101 label *label37
   102 read :t bank1 :tail
   103 read :h bank1 :head
   104 op sub *tmp56 :value :t
 
   122 op max :newMax :newMax :value
   123 label *label23
   124 op add :n :n 1
-    * jump *label22 always
+  125 jump *label37 lessThan :n 29
   126 label *label24
   127 draw color 255 255 255 255
   128 draw lineRect 10 10 156 156
 
   146 set :loops 0
   147 label *label31
   148 jump *label33 greaterThanEq @time :wait
+  149 label *label38
   150 op add :loops :loops 1
   151 label *label32
-    * jump *label31 always
+  152 jump *label38 lessThan @time :wait
   153 label *label33
   154 drawflush display1
   155 print "\nLoops: "

Modifications by Full loop rotation at line 34:1 (+1 instructions):
 
    30 label *label7
    31 sensor *tmp21 switch1 @enabled
    32 jump *label9 notEqual *tmp21 0
+   33 label *label39
    34 print "Item Rate Display"
    35 set :start @time
    36 sensor *tmp24 cell1 @dead
 
   157 print :loops
   158 printflush message1
   159 label *label8
-    * jump *label7 always
+  160 sensor *tmp21 switch1 @enabled
+  161 jump *label39 equal *tmp21 0
   162 label *label9
   163 control enabled switch1 0
   164 end

Modifications by Iterated phase, Data Flow Optimization, pass 1, iteration 1:
 
     6 draw stroke 1
     7 read *tmp6 bank1 256
     8 set :ptr *tmp6
-    * jump *label0 greaterThanEq :ptr 256
+    9 jump *label0 greaterThanEq *tmp6 256
    10 op add :ptr *tmp6 254
    11 label *label0
    12 label *label1
    13 read :maximum bank1 :ptr
    14 set :n 0
    15 label *label2
-    * jump *label4 greaterThanEq :n 29
+   16 jump *label4 greaterThanEq 0 29
    17 label *label34
    18 op sub :ptr :ptr 1
    19 jump *label5 greaterThan :ptr 256
 
    37 jump *label10 notEqual *tmp24 0
    38 set :n 0
    39 label *label12
-    * jump *label14 greaterThanEq :n 1
+   40 jump *label14 greaterThanEq 0 1
    41 label *label35
    42 read :m cell1 :n
    43 print "\n"
 
    70 draw rect 10 10 156 156
    71 read *tmp38 bank1 256
    72 set :head *tmp38
-    * jump *label15 greaterThanEq :head 256
+   73 jump *label15 greaterThanEq *tmp38 256
    74 op add :head *tmp38 254
    75 label *label15
    76 label *label16
 
    78 set :value 0
    79 set :i 0
    80 label *label17
-    * jump *label19 greaterThanEq :i 3
+   81 jump *label19 greaterThanEq 0 3
    82 label *label36
    83 read *tmp44 bank1 :head
    84 op add :value :value *tmp44
 
    98 set :x 159
    99 set :n 0
   100 label *label22
-    * jump *label24 greaterThanEq :n 29
+  101 jump *label24 greaterThanEq 0 29
   102 label *label37
   103 read :t bank1 :tail
   104 read :h bank1 :head

Modifications by Iterated phase, Jump Normalization, pass 2, iteration 1 (-4 instructions):
 
    13 read :maximum bank1 :ptr
    14 set :n 0
    15 label *label2
-    * jump *label4 greaterThanEq 0 29
    16 label *label34
    17 op sub :ptr :ptr 1
    18 jump *label5 greaterThan :ptr 256
 
    36 jump *label10 notEqual *tmp24 0
    37 set :n 0
    38 label *label12
-    * jump *label14 greaterThanEq 0 1
    39 label *label35
    40 read :m cell1 :n
    41 print "\n"
 
    76 set :value 0
    77 set :i 0
    78 label *label17
-    * jump *label19 greaterThanEq 0 3
    79 label *label36
    80 read *tmp44 bank1 :head
    81 op add :value :value *tmp44
 
    95 set :x 159
    96 set :n 0
    97 label *label22
-    * jump *label24 greaterThanEq 0 29
    98 label *label37
    99 read :t bank1 :tail
   100 read :h bank1 :head

Modifications by Unroll loop at line 38:9 (-1 instructions):
 
    34 set :start @time
    35 sensor *tmp24 cell1 @dead
    36 jump *label10 notEqual *tmp24 0
-    * set :n 0
-    * label *label12
-    * label *label35
-    * read :m cell1 :n
-    * print "\n"
-    * print "Coord: [gold]"
-    * print :m
-    * print "["
-    * print "]"
-    * op max :maximum :maximum :m
-    * label *label13
-    * op add :n :n 1
-    * jump *label35 lessThan :n 1
-    * label *label14
+   37 set :n 0
+   38 label *label40
+   39 read :m cell1 :n
+   40 print "\n"
+   41 print "Coord: [gold]"
+   42 print :m
+   43 print "["
+   44 print "]"
+   45 op max :maximum :maximum :m
+   46 label *label41
+   47 op add :n :n 1
+   48 label *label14
    49 label *label10
    50 label *label11
    51 op div :scale 150 :maximum

Modifications by Iterated phase, Data Flow Optimization, pass 2, iteration 1:
 
    36 jump *label10 notEqual *tmp24 0
    37 set :n 0
    38 label *label40
-    * read :m cell1 :n
+   39 read :m cell1 0
    40 print "\n"
    41 print "Coord: [gold]"
    42 print :m
 
    44 print "]"
    45 op max :maximum :maximum :m
    46 label *label41
-    * op add :n :n 1
+   47 op add :n 0 1
    48 label *label14
    49 label *label10
    50 label *label11

Modifications by Iterated phase, Data Flow Optimization, pass 2, iteration 2 (-2 instructions):
 
    34 set :start @time
    35 sensor *tmp24 cell1 @dead
    36 jump *label10 notEqual *tmp24 0
-    * set :n 0
    37 label *label40
    38 read :m cell1 0
    39 print "\n"
 
    43 print "]"
    44 op max :maximum :maximum :m
    45 label *label41
-    * op add :n 0 1
    46 label *label14
    47 label *label10
    48 label *label11

Modifications by Unroll loop at line 57:5 (+11 instructions):
 
    70 label *label16
    71 set :tail :head
    72 set :value 0
-    * set :i 0
-    * label *label17
-    * label *label36
-    * read *tmp44 bank1 :head
-    * op add :value :value *tmp44
-    * op sub :head :head 1
-    * jump *label20 greaterThan :head 256
-    * op sub :head 511 1
-    * label *label20
-    * label *label21
-    * label *label18
-    * op add :i :i 1
-    * jump *label36 lessThan :i 3
-    * label *label19
+   73 set :i 0
+   74 label *label42
+   75 read *tmp44 bank1 :head
+   76 op add :value :value *tmp44
+   77 op sub :head :head 1
+   78 jump *label43 greaterThan :head 256
+   79 op sub :head 511 1
+   80 label *label43
+   81 label *label44
+   82 label *label45
+   83 op add :i :i 1
+   84 read *tmp44 bank1 :head
+   85 op add :value :value *tmp44
+   86 op sub :head :head 1
+   87 jump *label46 greaterThan :head 256
+   88 op sub :head 511 1
+   89 label *label46
+   90 label *label47
+   91 label *label48
+   92 op add :i :i 1
+   93 read *tmp44 bank1 :head
+   94 op add :value :value *tmp44
+   95 op sub :head :head 1
+   96 jump *label49 greaterThan :head 256
+   97 op sub :head 511 1
+   98 label *label49
+   99 label *label50
+  100 label *label51
+  101 op add :i :i 1
+  102 label *label19
   103 op mul *tmp48 :value :scale
   104 op add :last 10 *tmp48
   105 set :newMax :value

Modifications by Iterated phase, Data Flow Optimization, pass 2, iteration 1:
 
    73 set :i 0
    74 label *label42
    75 read *tmp44 bank1 :head
-    * op add :value :value *tmp44
+   76 op add :value 0 *tmp44
    77 op sub :head :head 1
    78 jump *label43 greaterThan :head 256
    79 op sub :head 511 1
    80 label *label43
    81 label *label44
    82 label *label45
-    * op add :i :i 1
+   83 op add :i 0 1
    84 read *tmp44 bank1 :head
    85 op add :value :value *tmp44
    86 op sub :head :head 1
 
    89 label *label46
    90 label *label47
    91 label *label48
-    * op add :i :i 1
+   92 op add :i 1 1
    93 read *tmp44 bank1 :head
    94 op add :value :value *tmp44
    95 op sub :head :head 1
 
    98 label *label49
    99 label *label50
   100 label *label51
-    * op add :i :i 1
+  101 op add :i 2 1
   102 label *label19
   103 op mul *tmp48 :value :scale
   104 op add :last 10 *tmp48

Modifications by Iterated phase, Data Flow Optimization, pass 2, iteration 2 (-5 instructions):
 
    69 label *label15
    70 label *label16
    71 set :tail :head
-    * set :value 0
-    * set :i 0
    72 label *label42
    73 read *tmp44 bank1 :head
    74 op add :value 0 *tmp44
 
    78 label *label43
    79 label *label44
    80 label *label45
-    * op add :i 0 1
    81 read *tmp44 bank1 :head
    82 op add :value :value *tmp44
    83 op sub :head :head 1
 
    86 label *label46
    87 label *label47
    88 label *label48
-    * op add :i 1 1
    89 read *tmp44 bank1 :head
    90 op add :value :value *tmp44
    91 op sub :head :head 1
 
    94 label *label49
    95 label *label50
    96 label *label51
-    * op add :i 2 1
    97 label *label19
    98 op mul *tmp48 :value :scale
    99 op add :last 10 *tmp48

Modifications by Unroll loop at line 67:5 (+503 instructions):
 
   100 set :newMax :value
   101 draw color 80 255 80 255
   102 set :x 159
-    * set :n 0
-    * label *label22
-    * label *label37
-    * read :t bank1 :tail
-    * read :h bank1 :head
-    * op sub *tmp56 :value :t
-    * op add :value *tmp56 :h
-    * op sub :head :head 1
-    * jump *label25 greaterThan :head 256
-    * op sub :head 511 1
-    * label *label25
-    * label *label26
-    * op sub :tail :tail 1
-    * jump *label27 greaterThan :tail 256
-    * op sub :tail 511 1
-    * label *label27
-    * label *label28
-    * op mul *tmp64 :value :scale
-    * op add :y 10 *tmp64
-    * op sub *tmp66 :x 5
-    * draw line :x :last *tmp66 :y
-    * op sub :x :x 5
-    * set :last :y
-    * op max :newMax :newMax :value
-    * label *label23
-    * op add :n :n 1
-    * jump *label37 lessThan :n 29
-    * label *label24
+  103 set :n 0
+  104 label *label52
+  105 read :t bank1 :tail
+  106 read :h bank1 :head
+  107 op sub *tmp56 :value :t
+  108 op add :value *tmp56 :h
+  109 op sub :head :head 1
+  110 jump *label53 greaterThan :head 256
+  111 op sub :head 511 1
+  112 label *label53
+  113 label *label54
+  114 op sub :tail :tail 1
+  115 jump *label55 greaterThan :tail 256
+  116 op sub :tail 511 1
+  117 label *label55
+  118 label *label56
+  119 op mul *tmp64 :value :scale
+  120 op add :y 10 *tmp64
+  121 op sub *tmp66 :x 5
+  122 draw line :x :last *tmp66 :y
+  123 op sub :x :x 5
+  124 set :last :y
+  125 op max :newMax :newMax :value
+  126 label *label57
+  127 op add :n :n 1
+  128 read :t bank1 :tail
+  129 read :h bank1 :head
+  130 op sub *tmp56 :value :t
+  131 op add :value *tmp56 :h
+  132 op sub :head :head 1
+  133 jump *label58 greaterThan :head 256
+  134 op sub :head 511 1
+  135 label *label58
+  136 label *label59
+  137 op sub :tail :tail 1
+  138 jump *label60 greaterThan :tail 256
+  139 op sub :tail 511 1
+  140 label *label60
+  141 label *label61
+  142 op mul *tmp64 :value :scale
+  143 op add :y 10 *tmp64
+  144 op sub *tmp66 :x 5
+  145 draw line :x :last *tmp66 :y
+  146 op sub :x :x 5
+  147 set :last :y
+  148 op max :newMax :newMax :value
+  149 label *label62
+  150 op add :n :n 1
+  151 read :t bank1 :tail
+  152 read :h bank1 :head
+  153 op sub *tmp56 :value :t
+  154 op add :value *tmp56 :h
+  155 op sub :head :head 1
+  156 jump *label63 greaterThan :head 256
+  157 op sub :head 511 1
+  158 label *label63
+  159 label *label64
+  160 op sub :tail :tail 1
+  161 jump *label65 greaterThan :tail 256
+  162 op sub :tail 511 1
+  163 label *label65
+  164 label *label66
+  165 op mul *tmp64 :value :scale
+  166 op add :y 10 *tmp64
+  167 op sub *tmp66 :x 5
+  168 draw line :x :last *tmp66 :y
+  169 op sub :x :x 5
+  170 set :last :y
+  171 op max :newMax :newMax :value
+  172 label *label67
+  173 op add :n :n 1
+  174 read :t bank1 :tail
+  175 read :h bank1 :head
+  176 op sub *tmp56 :value :t
+  177 op add :value *tmp56 :h
+  178 op sub :head :head 1
+  179 jump *label68 greaterThan :head 256
+  180 op sub :head 511 1
+  181 label *label68
+  182 label *label69
+  183 op sub :tail :tail 1
+  184 jump *label70 greaterThan :tail 256
+  185 op sub :tail 511 1
+  186 label *label70
+  187 label *label71
+  188 op mul *tmp64 :value :scale
+  189 op add :y 10 *tmp64
+  190 op sub *tmp66 :x 5
+  191 draw line :x :last *tmp66 :y
+  192 op sub :x :x 5
+  193 set :last :y
+  194 op max :newMax :newMax :value
+  195 label *label72
+  196 op add :n :n 1
+  197 read :t bank1 :tail
+  198 read :h bank1 :head
+  199 op sub *tmp56 :value :t
+  200 op add :value *tmp56 :h
+  201 op sub :head :head 1
+  202 jump *label73 greaterThan :head 256
+  203 op sub :head 511 1
+  204 label *label73
+  205 label *label74
+  206 op sub :tail :tail 1
+  207 jump *label75 greaterThan :tail 256
+  208 op sub :tail 511 1
+  209 label *label75
+  210 label *label76
+  211 op mul *tmp64 :value :scale
+  212 op add :y 10 *tmp64
+  213 op sub *tmp66 :x 5
+  214 draw line :x :last *tmp66 :y
+  215 op sub :x :x 5
+  216 set :last :y
+  217 op max :newMax :newMax :value
+  218 label *label77
+  219 op add :n :n 1
+  220 read :t bank1 :tail
+  221 read :h bank1 :head
+  222 op sub *tmp56 :value :t
+  223 op add :value *tmp56 :h
+  224 op sub :head :head 1
+  225 jump *label78 greaterThan :head 256
+  226 op sub :head 511 1
+  227 label *label78
+  228 label *label79
+  229 op sub :tail :tail 1
+  230 jump *label80 greaterThan :tail 256
+  231 op sub :tail 511 1
+  232 label *label80
+  233 label *label81
+  234 op mul *tmp64 :value :scale
+  235 op add :y 10 *tmp64
+  236 op sub *tmp66 :x 5
+  237 draw line :x :last *tmp66 :y
+  238 op sub :x :x 5
+  239 set :last :y
+  240 op max :newMax :newMax :value
+  241 label *label82
+  242 op add :n :n 1
+  243 read :t bank1 :tail
+  244 read :h bank1 :head
+  245 op sub *tmp56 :value :t
+  246 op add :value *tmp56 :h
+  247 op sub :head :head 1
+  248 jump *label83 greaterThan :head 256
+  249 op sub :head 511 1
+  250 label *label83
+  251 label *label84
+  252 op sub :tail :tail 1
+  253 jump *label85 greaterThan :tail 256
+  254 op sub :tail 511 1
+  255 label *label85
+  256 label *label86
+  257 op mul *tmp64 :value :scale
+  258 op add :y 10 *tmp64
+  259 op sub *tmp66 :x 5
+  260 draw line :x :last *tmp66 :y
+  261 op sub :x :x 5
+  262 set :last :y
+  263 op max :newMax :newMax :value
+  264 label *label87
+  265 op add :n :n 1
+  266 read :t bank1 :tail
+  267 read :h bank1 :head
+  268 op sub *tmp56 :value :t
+  269 op add :value *tmp56 :h
+  270 op sub :head :head 1
+  271 jump *label88 greaterThan :head 256
+  272 op sub :head 511 1
+  273 label *label88
+  274 label *label89
+  275 op sub :tail :tail 1
+  276 jump *label90 greaterThan :tail 256
+  277 op sub :tail 511 1
+  278 label *label90
+  279 label *label91
+  280 op mul *tmp64 :value :scale
+  281 op add :y 10 *tmp64
+  282 op sub *tmp66 :x 5
+  283 draw line :x :last *tmp66 :y
+  284 op sub :x :x 5
+  285 set :last :y
+  286 op max :newMax :newMax :value
+  287 label *label92
+  288 op add :n :n 1
+  289 read :t bank1 :tail
+  290 read :h bank1 :head
+  291 op sub *tmp56 :value :t
+  292 op add :value *tmp56 :h
+  293 op sub :head :head 1
+  294 jump *label93 greaterThan :head 256
+  295 op sub :head 511 1
+  296 label *label93
+  297 label *label94
+  298 op sub :tail :tail 1
+  299 jump *label95 greaterThan :tail 256
+  300 op sub :tail 511 1
+  301 label *label95
+  302 label *label96
+  303 op mul *tmp64 :value :scale
+  304 op add :y 10 *tmp64
+  305 op sub *tmp66 :x 5
+  306 draw line :x :last *tmp66 :y
+  307 op sub :x :x 5
+  308 set :last :y
+  309 op max :newMax :newMax :value
+  310 label *label97
+  311 op add :n :n 1
+  312 read :t bank1 :tail
+  313 read :h bank1 :head
+  314 op sub *tmp56 :value :t
+  315 op add :value *tmp56 :h
+  316 op sub :head :head 1
+  317 jump *label98 greaterThan :head 256
+  318 op sub :head 511 1
+  319 label *label98
+  320 label *label99
+  321 op sub :tail :tail 1
+  322 jump *label100 greaterThan :tail 256
+  323 op sub :tail 511 1
+  324 label *label100
+  325 label *label101
+  326 op mul *tmp64 :value :scale
+  327 op add :y 10 *tmp64
+  328 op sub *tmp66 :x 5
+  329 draw line :x :last *tmp66 :y
+  330 op sub :x :x 5
+  331 set :last :y
+  332 op max :newMax :newMax :value
+  333 label *label102
+  334 op add :n :n 1
+  335 read :t bank1 :tail
+  336 read :h bank1 :head
+  337 op sub *tmp56 :value :t
+  338 op add :value *tmp56 :h
+  339 op sub :head :head 1
+  340 jump *label103 greaterThan :head 256
+  341 op sub :head 511 1
+  342 label *label103
+  343 label *label104
+  344 op sub :tail :tail 1
+  345 jump *label105 greaterThan :tail 256
+  346 op sub :tail 511 1
+  347 label *label105
+  348 label *label106
+  349 op mul *tmp64 :value :scale
+  350 op add :y 10 *tmp64
+  351 op sub *tmp66 :x 5
+  352 draw line :x :last *tmp66 :y
+  353 op sub :x :x 5
+  354 set :last :y
+  355 op max :newMax :newMax :value
+  356 label *label107
+  357 op add :n :n 1
+  358 read :t bank1 :tail
+  359 read :h bank1 :head
+  360 op sub *tmp56 :value :t
+  361 op add :value *tmp56 :h
+  362 op sub :head :head 1
+  363 jump *label108 greaterThan :head 256
+  364 op sub :head 511 1
+  365 label *label108
+  366 label *label109
+  367 op sub :tail :tail 1
+  368 jump *label110 greaterThan :tail 256
+  369 op sub :tail 511 1
+  370 label *label110
+  371 label *label111
+  372 op mul *tmp64 :value :scale
+  373 op add :y 10 *tmp64
+  374 op sub *tmp66 :x 5
+  375 draw line :x :last *tmp66 :y
+  376 op sub :x :x 5
+  377 set :last :y
+  378 op max :newMax :newMax :value
+  379 label *label112
+  380 op add :n :n 1
+  381 read :t bank1 :tail
+  382 read :h bank1 :head
+  383 op sub *tmp56 :value :t
+  384 op add :value *tmp56 :h
+  385 op sub :head :head 1
+  386 jump *label113 greaterThan :head 256
+  387 op sub :head 511 1
+  388 label *label113
+  389 label *label114
+  390 op sub :tail :tail 1
+  391 jump *label115 greaterThan :tail 256
+  392 op sub :tail 511 1
+  393 label *label115
+  394 label *label116
+  395 op mul *tmp64 :value :scale
+  396 op add :y 10 *tmp64
+  397 op sub *tmp66 :x 5
+  398 draw line :x :last *tmp66 :y
+  399 op sub :x :x 5
+  400 set :last :y
+  401 op max :newMax :newMax :value
+  402 label *label117
+  403 op add :n :n 1
+  404 read :t bank1 :tail
+  405 read :h bank1 :head
+  406 op sub *tmp56 :value :t
+  407 op add :value *tmp56 :h
+  408 op sub :head :head 1
+  409 jump *label118 greaterThan :head 256
+  410 op sub :head 511 1
+  411 label *label118
+  412 label *label119
+  413 op sub :tail :tail 1
+  414 jump *label120 greaterThan :tail 256
+  415 op sub :tail 511 1
+  416 label *label120
+  417 label *label121
+  418 op mul *tmp64 :value :scale
+  419 op add :y 10 *tmp64
+  420 op sub *tmp66 :x 5
+  421 draw line :x :last *tmp66 :y
+  422 op sub :x :x 5
+  423 set :last :y
+  424 op max :newMax :newMax :value
+  425 label *label122
+  426 op add :n :n 1
+  427 read :t bank1 :tail
+  428 read :h bank1 :head
+  429 op sub *tmp56 :value :t
+  430 op add :value *tmp56 :h
+  431 op sub :head :head 1
+  432 jump *label123 greaterThan :head 256
+  433 op sub :head 511 1
+  434 label *label123
+  435 label *label124
+  436 op sub :tail :tail 1
+  437 jump *label125 greaterThan :tail 256
+  438 op sub :tail 511 1
+  439 label *label125
+  440 label *label126
+  441 op mul *tmp64 :value :scale
+  442 op add :y 10 *tmp64
+  443 op sub *tmp66 :x 5
+  444 draw line :x :last *tmp66 :y
+  445 op sub :x :x 5
+  446 set :last :y
+  447 op max :newMax :newMax :value
+  448 label *label127
+  449 op add :n :n 1
+  450 read :t bank1 :tail
+  451 read :h bank1 :head
+  452 op sub *tmp56 :value :t
+  453 op add :value *tmp56 :h
+  454 op sub :head :head 1
+  455 jump *label128 greaterThan :head 256
+  456 op sub :head 511 1
+  457 label *label128
+  458 label *label129
+  459 op sub :tail :tail 1
+  460 jump *label130 greaterThan :tail 256
+  461 op sub :tail 511 1
+  462 label *label130
+  463 label *label131
+  464 op mul *tmp64 :value :scale
+  465 op add :y 10 *tmp64
+  466 op sub *tmp66 :x 5
+  467 draw line :x :last *tmp66 :y
+  468 op sub :x :x 5
+  469 set :last :y
+  470 op max :newMax :newMax :value
+  471 label *label132
+  472 op add :n :n 1
+  473 read :t bank1 :tail
+  474 read :h bank1 :head
+  475 op sub *tmp56 :value :t
+  476 op add :value *tmp56 :h
+  477 op sub :head :head 1
+  478 jump *label133 greaterThan :head 256
+  479 op sub :head 511 1
+  480 label *label133
+  481 label *label134
+  482 op sub :tail :tail 1
+  483 jump *label135 greaterThan :tail 256
+  484 op sub :tail 511 1
+  485 label *label135
+  486 label *label136
+  487 op mul *tmp64 :value :scale
+  488 op add :y 10 *tmp64
+  489 op sub *tmp66 :x 5
+  490 draw line :x :last *tmp66 :y
+  491 op sub :x :x 5
+  492 set :last :y
+  493 op max :newMax :newMax :value
+  494 label *label137
+  495 op add :n :n 1
+  496 read :t bank1 :tail
+  497 read :h bank1 :head
+  498 op sub *tmp56 :value :t
+  499 op add :value *tmp56 :h
+  500 op sub :head :head 1
+  501 jump *label138 greaterThan :head 256
+  502 op sub :head 511 1
+  503 label *label138
+  504 label *label139
+  505 op sub :tail :tail 1
+  506 jump *label140 greaterThan :tail 256
+  507 op sub :tail 511 1
+  508 label *label140
+  509 label *label141
+  510 op mul *tmp64 :value :scale
+  511 op add :y 10 *tmp64
+  512 op sub *tmp66 :x 5
+  513 draw line :x :last *tmp66 :y
+  514 op sub :x :x 5
+  515 set :last :y
+  516 op max :newMax :newMax :value
+  517 label *label142
+  518 op add :n :n 1
+  519 read :t bank1 :tail
+  520 read :h bank1 :head
+  521 op sub *tmp56 :value :t
+  522 op add :value *tmp56 :h
+  523 op sub :head :head 1
+  524 jump *label143 greaterThan :head 256
+  525 op sub :head 511 1
+  526 label *label143
+  527 label *label144
+  528 op sub :tail :tail 1
+  529 jump *label145 greaterThan :tail 256
+  530 op sub :tail 511 1
+  531 label *label145
+  532 label *label146
+  533 op mul *tmp64 :value :scale
+  534 op add :y 10 *tmp64
+  535 op sub *tmp66 :x 5
+  536 draw line :x :last *tmp66 :y
+  537 op sub :x :x 5
+  538 set :last :y
+  539 op max :newMax :newMax :value
+  540 label *label147
+  541 op add :n :n 1
+  542 read :t bank1 :tail
+  543 read :h bank1 :head
+  544 op sub *tmp56 :value :t
+  545 op add :value *tmp56 :h
+  546 op sub :head :head 1
+  547 jump *label148 greaterThan :head 256
+  548 op sub :head 511 1
+  549 label *label148
+  550 label *label149
+  551 op sub :tail :tail 1
+  552 jump *label150 greaterThan :tail 256
+  553 op sub :tail 511 1
+  554 label *label150
+  555 label *label151
+  556 op mul *tmp64 :value :scale
+  557 op add :y 10 *tmp64
+  558 op sub *tmp66 :x 5
+  559 draw line :x :last *tmp66 :y
+  560 op sub :x :x 5
+  561 set :last :y
+  562 op max :newMax :newMax :value
+  563 label *label152
+  564 op add :n :n 1
+  565 read :t bank1 :tail
+  566 read :h bank1 :head
+  567 op sub *tmp56 :value :t
+  568 op add :value *tmp56 :h
+  569 op sub :head :head 1
+  570 jump *label153 greaterThan :head 256
+  571 op sub :head 511 1
+  572 label *label153
+  573 label *label154
+  574 op sub :tail :tail 1
+  575 jump *label155 greaterThan :tail 256
+  576 op sub :tail 511 1
+  577 label *label155
+  578 label *label156
+  579 op mul *tmp64 :value :scale
+  580 op add :y 10 *tmp64
+  581 op sub *tmp66 :x 5
+  582 draw line :x :last *tmp66 :y
+  583 op sub :x :x 5
+  584 set :last :y
+  585 op max :newMax :newMax :value
+  586 label *label157
+  587 op add :n :n 1
+  588 read :t bank1 :tail
+  589 read :h bank1 :head
+  590 op sub *tmp56 :value :t
+  591 op add :value *tmp56 :h
+  592 op sub :head :head 1
+  593 jump *label158 greaterThan :head 256
+  594 op sub :head 511 1
+  595 label *label158
+  596 label *label159
+  597 op sub :tail :tail 1
+  598 jump *label160 greaterThan :tail 256
+  599 op sub :tail 511 1
+  600 label *label160
+  601 label *label161
+  602 op mul *tmp64 :value :scale
+  603 op add :y 10 *tmp64
+  604 op sub *tmp66 :x 5
+  605 draw line :x :last *tmp66 :y
+  606 op sub :x :x 5
+  607 set :last :y
+  608 op max :newMax :newMax :value
+  609 label *label162
+  610 op add :n :n 1
+  611 read :t bank1 :tail
+  612 read :h bank1 :head
+  613 op sub *tmp56 :value :t
+  614 op add :value *tmp56 :h
+  615 op sub :head :head 1
+  616 jump *label163 greaterThan :head 256
+  617 op sub :head 511 1
+  618 label *label163
+  619 label *label164
+  620 op sub :tail :tail 1
+  621 jump *label165 greaterThan :tail 256
+  622 op sub :tail 511 1
+  623 label *label165
+  624 label *label166
+  625 op mul *tmp64 :value :scale
+  626 op add :y 10 *tmp64
+  627 op sub *tmp66 :x 5
+  628 draw line :x :last *tmp66 :y
+  629 op sub :x :x 5
+  630 set :last :y
+  631 op max :newMax :newMax :value
+  632 label *label167
+  633 op add :n :n 1
+  634 read :t bank1 :tail
+  635 read :h bank1 :head
+  636 op sub *tmp56 :value :t
+  637 op add :value *tmp56 :h
+  638 op sub :head :head 1
+  639 jump *label168 greaterThan :head 256
+  640 op sub :head 511 1
+  641 label *label168
+  642 label *label169
+  643 op sub :tail :tail 1
+  644 jump *label170 greaterThan :tail 256
+  645 op sub :tail 511 1
+  646 label *label170
+  647 label *label171
+  648 op mul *tmp64 :value :scale
+  649 op add :y 10 *tmp64
+  650 op sub *tmp66 :x 5
+  651 draw line :x :last *tmp66 :y
+  652 op sub :x :x 5
+  653 set :last :y
+  654 op max :newMax :newMax :value
+  655 label *label172
+  656 op add :n :n 1
+  657 read :t bank1 :tail
+  658 read :h bank1 :head
+  659 op sub *tmp56 :value :t
+  660 op add :value *tmp56 :h
+  661 op sub :head :head 1
+  662 jump *label173 greaterThan :head 256
+  663 op sub :head 511 1
+  664 label *label173
+  665 label *label174
+  666 op sub :tail :tail 1
+  667 jump *label175 greaterThan :tail 256
+  668 op sub :tail 511 1
+  669 label *label175
+  670 label *label176
+  671 op mul *tmp64 :value :scale
+  672 op add :y 10 *tmp64
+  673 op sub *tmp66 :x 5
+  674 draw line :x :last *tmp66 :y
+  675 op sub :x :x 5
+  676 set :last :y
+  677 op max :newMax :newMax :value
+  678 label *label177
+  679 op add :n :n 1
+  680 read :t bank1 :tail
+  681 read :h bank1 :head
+  682 op sub *tmp56 :value :t
+  683 op add :value *tmp56 :h
+  684 op sub :head :head 1
+  685 jump *label178 greaterThan :head 256
+  686 op sub :head 511 1
+  687 label *label178
+  688 label *label179
+  689 op sub :tail :tail 1
+  690 jump *label180 greaterThan :tail 256
+  691 op sub :tail 511 1
+  692 label *label180
+  693 label *label181
+  694 op mul *tmp64 :value :scale
+  695 op add :y 10 *tmp64
+  696 op sub *tmp66 :x 5
+  697 draw line :x :last *tmp66 :y
+  698 op sub :x :x 5
+  699 set :last :y
+  700 op max :newMax :newMax :value
+  701 label *label182
+  702 op add :n :n 1
+  703 read :t bank1 :tail
+  704 read :h bank1 :head
+  705 op sub *tmp56 :value :t
+  706 op add :value *tmp56 :h
+  707 op sub :head :head 1
+  708 jump *label183 greaterThan :head 256
+  709 op sub :head 511 1
+  710 label *label183
+  711 label *label184
+  712 op sub :tail :tail 1
+  713 jump *label185 greaterThan :tail 256
+  714 op sub :tail 511 1
+  715 label *label185
+  716 label *label186
+  717 op mul *tmp64 :value :scale
+  718 op add :y 10 *tmp64
+  719 op sub *tmp66 :x 5
+  720 draw line :x :last *tmp66 :y
+  721 op sub :x :x 5
+  722 set :last :y
+  723 op max :newMax :newMax :value
+  724 label *label187
+  725 op add :n :n 1
+  726 read :t bank1 :tail
+  727 read :h bank1 :head
+  728 op sub *tmp56 :value :t
+  729 op add :value *tmp56 :h
+  730 op sub :head :head 1
+  731 jump *label188 greaterThan :head 256
+  732 op sub :head 511 1
+  733 label *label188
+  734 label *label189
+  735 op sub :tail :tail 1
+  736 jump *label190 greaterThan :tail 256
+  737 op sub :tail 511 1
+  738 label *label190
+  739 label *label191
+  740 op mul *tmp64 :value :scale
+  741 op add :y 10 *tmp64
+  742 op sub *tmp66 :x 5
+  743 draw line :x :last *tmp66 :y
+  744 op sub :x :x 5
+  745 set :last :y
+  746 op max :newMax :newMax :value
+  747 label *label192
+  748 op add :n :n 1
+  749 read :t bank1 :tail
+  750 read :h bank1 :head
+  751 op sub *tmp56 :value :t
+  752 op add :value *tmp56 :h
+  753 op sub :head :head 1
+  754 jump *label193 greaterThan :head 256
+  755 op sub :head 511 1
+  756 label *label193
+  757 label *label194
+  758 op sub :tail :tail 1
+  759 jump *label195 greaterThan :tail 256
+  760 op sub :tail 511 1
+  761 label *label195
+  762 label *label196
+  763 op mul *tmp64 :value :scale
+  764 op add :y 10 *tmp64
+  765 op sub *tmp66 :x 5
+  766 draw line :x :last *tmp66 :y
+  767 op sub :x :x 5
+  768 set :last :y
+  769 op max :newMax :newMax :value
+  770 label *label197
+  771 op add :n :n 1
+  772 label *label24
   773 draw color 255 255 255 255
   774 draw lineRect 10 10 156 156
   775 op max :maximum :newMax :maximum

Modifications by Iterated phase, Data Flow Optimization, pass 2, iteration 1 (-3 instructions):
 
   118 label *label56
   119 op mul *tmp64 :value :scale
   120 op add :y 10 *tmp64
-    * op sub *tmp66 :x 5
-    * draw line :x :last *tmp66 :y
-    * op sub :x :x 5
+  121 op sub *tmp66 159 5
+  122 draw line 159 :last 154 :y
+  123 op sub :x 159 5
   124 set :last :y
   125 op max :newMax :newMax :value
   126 label *label57
-    * op add :n :n 1
+  127 op add :n 0 1
   128 read :t bank1 :tail
   129 read :h bank1 :head
   130 op sub *tmp56 :value :t
 
   141 label *label61
   142 op mul *tmp64 :value :scale
   143 op add :y 10 *tmp64
-    * op sub *tmp66 :x 5
-    * draw line :x :last *tmp66 :y
-    * op sub :x :x 5
+  144 op sub *tmp66 154 5
+  145 draw line 154 :last 149 :y
+  146 op sub :x 154 5
   147 set :last :y
   148 op max :newMax :newMax :value
   149 label *label62
-    * op add :n :n 1
+  150 op add :n 1 1
   151 read :t bank1 :tail
   152 read :h bank1 :head
   153 op sub *tmp56 :value :t
 
   164 label *label66
   165 op mul *tmp64 :value :scale
   166 op add :y 10 *tmp64
-    * op sub *tmp66 :x 5
-    * draw line :x :last *tmp66 :y
-    * op sub :x :x 5
+  167 op sub *tmp66 149 5
+  168 draw line 149 :last 144 :y
+  169 op sub :x 149 5
   170 set :last :y
   171 op max :newMax :newMax :value
   172 label *label67
-    * op add :n :n 1
+  173 op add :n 2 1
   174 read :t bank1 :tail
   175 read :h bank1 :head
   176 op sub *tmp56 :value :t
 
   187 label *label71
   188 op mul *tmp64 :value :scale
   189 op add :y 10 *tmp64
-    * op sub *tmp66 :x 5
-    * draw line :x :last *tmp66 :y
-    * op sub :x :x 5
+  190 op sub *tmp66 144 5
+  191 draw line 144 :last 139 :y
+  192 op sub :x 144 5
   193 set :last :y
   194 op max :newMax :newMax :value
   195 label *label72
-    * op add :n :n 1
+  196 op add :n 3 1
   197 read :t bank1 :tail
   198 read :h bank1 :head
   199 op sub *tmp56 :value :t
 
   210 label *label76
   211 op mul *tmp64 :value :scale
   212 op add :y 10 *tmp64
-    * op sub *tmp66 :x 5
-    * draw line :x :last *tmp66 :y
-    * op sub :x :x 5
+  213 op sub *tmp66 139 5
+  214 draw line 139 :last 134 :y
+  215 op sub :x 139 5
   216 set :last :y
   217 op max :newMax :newMax :value
   218 label *label77
-    * op add :n :n 1
+  219 op add :n 4 1
   220 read :t bank1 :tail
   221 read :h bank1 :head
   222 op sub *tmp56 :value :t
 
   233 label *label81
   234 op mul *tmp64 :value :scale
   235 op add :y 10 *tmp64
-    * op sub *tmp66 :x 5
-    * draw line :x :last *tmp66 :y
-    * op sub :x :x 5
+  236 op sub *tmp66 134 5
+  237 draw line 134 :last 129 :y
+  238 op sub :x 134 5
   239 set :last :y
   240 op max :newMax :newMax :value
   241 label *label82
-    * op add :n :n 1
+  242 op add :n 5 1
   243 read :t bank1 :tail
   244 read :h bank1 :head
   245 op sub *tmp56 :value :t
 
   256 label *label86
   257 op mul *tmp64 :value :scale
   258 op add :y 10 *tmp64
-    * op sub *tmp66 :x 5
-    * draw line :x :last *tmp66 :y
-    * op sub :x :x 5
+  259 op sub *tmp66 129 5
+  260 draw line 129 :last 124 :y
+  261 op sub :x 129 5
   262 set :last :y
   263 op max :newMax :newMax :value
   264 label *label87
-    * op add :n :n 1
+  265 op add :n 6 1
   266 read :t bank1 :tail
   267 read :h bank1 :head
   268 op sub *tmp56 :value :t
 
   279 label *label91
   280 op mul *tmp64 :value :scale
   281 op add :y 10 *tmp64
-    * op sub *tmp66 :x 5
-    * draw line :x :last *tmp66 :y
-    * op sub :x :x 5
+  282 op sub *tmp66 124 5
+  283 draw line 124 :last 119 :y
+  284 op sub :x 124 5
   285 set :last :y
   286 op max :newMax :newMax :value
   287 label *label92
-    * op add :n :n 1
+  288 op add :n 7 1
   289 read :t bank1 :tail
   290 read :h bank1 :head
   291 op sub *tmp56 :value :t
 
   302 label *label96
   303 op mul *tmp64 :value :scale
   304 op add :y 10 *tmp64
-    * op sub *tmp66 :x 5
-    * draw line :x :last *tmp66 :y
-    * op sub :x :x 5
+  305 op sub *tmp66 119 5
+  306 draw line 119 :last 114 :y
+  307 op sub :x 119 5
   308 set :last :y
   309 op max :newMax :newMax :value
   310 label *label97
-    * op add :n :n 1
+  311 op add :n 8 1
   312 read :t bank1 :tail
   313 read :h bank1 :head
   314 op sub *tmp56 :value :t
 
   325 label *label101
   326 op mul *tmp64 :value :scale
   327 op add :y 10 *tmp64
-    * op sub *tmp66 :x 5
-    * draw line :x :last *tmp66 :y
-    * op sub :x :x 5
+  328 op sub *tmp66 114 5
+  329 draw line 114 :last 109 :y
+  330 op sub :x 114 5
   331 set :last :y
   332 op max :newMax :newMax :value
   333 label *label102
-    * op add :n :n 1
+  334 op add :n 9 1
   335 read :t bank1 :tail
   336 read :h bank1 :head
   337 op sub *tmp56 :value :t
 
   348 label *label106
   349 op mul *tmp64 :value :scale
   350 op add :y 10 *tmp64
-    * op sub *tmp66 :x 5
-    * draw line :x :last *tmp66 :y
-    * op sub :x :x 5
+  351 op sub *tmp66 109 5
+  352 draw line 109 :last 104 :y
+  353 op sub :x 109 5
   354 set :last :y
   355 op max :newMax :newMax :value
   356 label *label107
-    * op add :n :n 1
+  357 op add :n 10 1
   358 read :t bank1 :tail
   359 read :h bank1 :head
   360 op sub *tmp56 :value :t
 
   371 label *label111
   372 op mul *tmp64 :value :scale
   373 op add :y 10 *tmp64
-    * op sub *tmp66 :x 5
-    * draw line :x :last *tmp66 :y
-    * op sub :x :x 5
+  374 op sub *tmp66 104 5
+  375 draw line 104 :last 99 :y
+  376 op sub :x 104 5
   377 set :last :y
   378 op max :newMax :newMax :value
   379 label *label112
-    * op add :n :n 1
+  380 op add :n 11 1
   381 read :t bank1 :tail
   382 read :h bank1 :head
   383 op sub *tmp56 :value :t
 
   394 label *label116
   395 op mul *tmp64 :value :scale
   396 op add :y 10 *tmp64
-    * op sub *tmp66 :x 5
-    * draw line :x :last *tmp66 :y
-    * op sub :x :x 5
+  397 op sub *tmp66 99 5
+  398 draw line 99 :last 94 :y
+  399 op sub :x 99 5
   400 set :last :y
   401 op max :newMax :newMax :value
   402 label *label117
-    * op add :n :n 1
+  403 op add :n 12 1
   404 read :t bank1 :tail
   405 read :h bank1 :head
   406 op sub *tmp56 :value :t
 
   417 label *label121
   418 op mul *tmp64 :value :scale
   419 op add :y 10 *tmp64
-    * op sub *tmp66 :x 5
-    * draw line :x :last *tmp66 :y
-    * op sub :x :x 5
+  420 op sub *tmp66 94 5
+  421 draw line 94 :last 89 :y
+  422 op sub :x 94 5
   423 set :last :y
   424 op max :newMax :newMax :value
   425 label *label122
-    * op add :n :n 1
+  426 op add :n 13 1
   427 read :t bank1 :tail
   428 read :h bank1 :head
   429 op sub *tmp56 :value :t
 
   440 label *label126
   441 op mul *tmp64 :value :scale
   442 op add :y 10 *tmp64
-    * op sub *tmp66 :x 5
-    * draw line :x :last *tmp66 :y
-    * op sub :x :x 5
+  443 op sub *tmp66 89 5
+  444 draw line 89 :last 84 :y
+  445 op sub :x 89 5
   446 set :last :y
   447 op max :newMax :newMax :value
   448 label *label127
-    * op add :n :n 1
+  449 op add :n 14 1
   450 read :t bank1 :tail
   451 read :h bank1 :head
   452 op sub *tmp56 :value :t
 
   463 label *label131
   464 op mul *tmp64 :value :scale
   465 op add :y 10 *tmp64
-    * op sub *tmp66 :x 5
-    * draw line :x :last *tmp66 :y
-    * op sub :x :x 5
+  466 op sub *tmp66 84 5
+  467 draw line 84 :last 79 :y
+  468 op sub :x 84 5
   469 set :last :y
   470 op max :newMax :newMax :value
   471 label *label132
-    * op add :n :n 1
+  472 op add :n 15 1
   473 read :t bank1 :tail
   474 read :h bank1 :head
   475 op sub *tmp56 :value :t
 
   486 label *label136
   487 op mul *tmp64 :value :scale
   488 op add :y 10 *tmp64
-    * op sub *tmp66 :x 5
-    * draw line :x :last *tmp66 :y
-    * op sub :x :x 5
+  489 op sub *tmp66 79 5
+  490 draw line 79 :last 74 :y
+  491 op sub :x 79 5
   492 set :last :y
   493 op max :newMax :newMax :value
   494 label *label137
-    * op add :n :n 1
+  495 op add :n 16 1
   496 read :t bank1 :tail
   497 read :h bank1 :head
   498 op sub *tmp56 :value :t
 
   509 label *label141
   510 op mul *tmp64 :value :scale
   511 op add :y 10 *tmp64
-    * op sub *tmp66 :x 5
-    * draw line :x :last *tmp66 :y
-    * op sub :x :x 5
+  512 op sub *tmp66 74 5
+  513 draw line 74 :last 69 :y
+  514 op sub :x 74 5
   515 set :last :y
   516 op max :newMax :newMax :value
   517 label *label142
-    * op add :n :n 1
+  518 op add :n 17 1
   519 read :t bank1 :tail
   520 read :h bank1 :head
   521 op sub *tmp56 :value :t
 
   532 label *label146
   533 op mul *tmp64 :value :scale
   534 op add :y 10 *tmp64
-    * op sub *tmp66 :x 5
-    * draw line :x :last *tmp66 :y
-    * op sub :x :x 5
+  535 op sub *tmp66 69 5
+  536 draw line 69 :last 64 :y
+  537 op sub :x 69 5
   538 set :last :y
   539 op max :newMax :newMax :value
   540 label *label147
-    * op add :n :n 1
+  541 op add :n 18 1
   542 read :t bank1 :tail
   543 read :h bank1 :head
   544 op sub *tmp56 :value :t
 
   555 label *label151
   556 op mul *tmp64 :value :scale
   557 op add :y 10 *tmp64
-    * op sub *tmp66 :x 5
-    * draw line :x :last *tmp66 :y
-    * op sub :x :x 5
+  558 op sub *tmp66 64 5
+  559 draw line 64 :last 59 :y
+  560 op sub :x 64 5
   561 set :last :y
   562 op max :newMax :newMax :value
   563 label *label152
-    * op add :n :n 1
+  564 op add :n 19 1
   565 read :t bank1 :tail
   566 read :h bank1 :head
   567 op sub *tmp56 :value :t
 
   578 label *label156
   579 op mul *tmp64 :value :scale
   580 op add :y 10 *tmp64
-    * op sub *tmp66 :x 5
-    * draw line :x :last *tmp66 :y
-    * op sub :x :x 5
+  581 op sub *tmp66 59 5
+  582 draw line 59 :last 54 :y
+  583 op sub :x 59 5
   584 set :last :y
   585 op max :newMax :newMax :value
   586 label *label157
-    * op add :n :n 1
+  587 op add :n 20 1
   588 read :t bank1 :tail
   589 read :h bank1 :head
   590 op sub *tmp56 :value :t
 
   601 label *label161
   602 op mul *tmp64 :value :scale
   603 op add :y 10 *tmp64
-    * op sub *tmp66 :x 5
-    * draw line :x :last *tmp66 :y
-    * op sub :x :x 5
+  604 op sub *tmp66 54 5
+  605 draw line 54 :last 49 :y
+  606 op sub :x 54 5
   607 set :last :y
   608 op max :newMax :newMax :value
   609 label *label162
-    * op add :n :n 1
+  610 op add :n 21 1
   611 read :t bank1 :tail
   612 read :h bank1 :head
   613 op sub *tmp56 :value :t
 
   624 label *label166
   625 op mul *tmp64 :value :scale
   626 op add :y 10 *tmp64
-    * op sub *tmp66 :x 5
-    * draw line :x :last *tmp66 :y
-    * op sub :x :x 5
+  627 op sub *tmp66 49 5
+  628 draw line 49 :last 44 :y
+  629 op sub :x 49 5
   630 set :last :y
   631 op max :newMax :newMax :value
   632 label *label167
-    * op add :n :n 1
+  633 op add :n 22 1
   634 read :t bank1 :tail
   635 read :h bank1 :head
   636 op sub *tmp56 :value :t
 
   647 label *label171
   648 op mul *tmp64 :value :scale
   649 op add :y 10 *tmp64
-    * op sub *tmp66 :x 5
-    * draw line :x :last *tmp66 :y
-    * op sub :x :x 5
+  650 op sub *tmp66 44 5
+  651 draw line 44 :last 39 :y
+  652 op sub :x 44 5
   653 set :last :y
   654 op max :newMax :newMax :value
   655 label *label172
-    * op add :n :n 1
+  656 op add :n 23 1
   657 read :t bank1 :tail
   658 read :h bank1 :head
   659 op sub *tmp56 :value :t
 
   670 label *label176
   671 op mul *tmp64 :value :scale
   672 op add :y 10 *tmp64
-    * op sub *tmp66 :x 5
-    * draw line :x :last *tmp66 :y
-    * op sub :x :x 5
+  673 op sub *tmp66 39 5
+  674 draw line 39 :last 34 :y
+  675 op sub :x 39 5
   676 set :last :y
   677 op max :newMax :newMax :value
   678 label *label177
-    * op add :n :n 1
+  679 op add :n 24 1
   680 read :t bank1 :tail
   681 read :h bank1 :head
   682 op sub *tmp56 :value :t
 
   693 label *label181
   694 op mul *tmp64 :value :scale
   695 op add :y 10 *tmp64
-    * op sub *tmp66 :x 5
-    * draw line :x :last *tmp66 :y
-    * op sub :x :x 5
+  696 op sub *tmp66 34 5
+  697 draw line 34 :last 29 :y
+  698 op sub :x 34 5
   699 set :last :y
   700 op max :newMax :newMax :value
   701 label *label182
-    * op add :n :n 1
+  702 op add :n 25 1
   703 read :t bank1 :tail
   704 read :h bank1 :head
   705 op sub *tmp56 :value :t
 
   716 label *label186
   717 op mul *tmp64 :value :scale
   718 op add :y 10 *tmp64
-    * op sub *tmp66 :x 5
-    * draw line :x :last *tmp66 :y
-    * op sub :x :x 5
+  719 op sub *tmp66 29 5
+  720 draw line 29 :last 24 :y
+  721 op sub :x 29 5
   722 set :last :y
   723 op max :newMax :newMax :value
   724 label *label187
-    * op add :n :n 1
+  725 op add :n 26 1
   726 read :t bank1 :tail
   727 read :h bank1 :head
   728 op sub *tmp56 :value :t
 
   739 label *label191
   740 op mul *tmp64 :value :scale
   741 op add :y 10 *tmp64
-    * op sub *tmp66 :x 5
-    * draw line :x :last *tmp66 :y
-    * op sub :x :x 5
+  742 op sub *tmp66 24 5
+  743 draw line 24 :last 19 :y
+  744 op sub :x 24 5
   745 set :last :y
   746 op max :newMax :newMax :value
   747 label *label192
-    * op add :n :n 1
+  748 op add :n 27 1
   749 read :t bank1 :tail
   750 read :h bank1 :head
   751 op sub *tmp56 :value :t
   752 op add :value *tmp56 :h
   753 op sub :head :head 1
   754 jump *label193 greaterThan :head 256
-    * op sub :head 511 1
   755 label *label193
   756 label *label194
   757 op sub :tail :tail 1
   758 jump *label195 greaterThan :tail 256
-    * op sub :tail 511 1
   759 label *label195
   760 label *label196
   761 op mul *tmp64 :value :scale
   762 op add :y 10 *tmp64
-    * op sub *tmp66 :x 5
-    * draw line :x :last *tmp66 :y
-    * op sub :x :x 5
-    * set :last :y
+  763 op sub *tmp66 19 5
+  764 draw line 19 :last 14 :y
+  765 op sub :x 19 5
   766 op max :newMax :newMax :value
   767 label *label197
-    * op add :n :n 1
+  768 op add :n 28 1
   769 label *label24
   770 draw color 255 255 255 255
   771 draw lineRect 10 10 156 156

Modifications by Iterated phase, Data Flow Optimization, pass 2, iteration 2 (-89 instructions):
 
    99 op add :last 10 *tmp48
   100 set :newMax :value
   101 draw color 80 255 80 255
-    * set :x 159
-    * set :n 0
   102 label *label52
   103 read :t bank1 :tail
   104 read :h bank1 :head
 
   116 label *label56
   117 op mul *tmp64 :value :scale
   118 op add :y 10 *tmp64
-    * op sub *tmp66 159 5
   119 draw line 159 :last 154 :y
-    * op sub :x 159 5
   120 set :last :y
   121 op max :newMax :newMax :value
   122 label *label57
-    * op add :n 0 1
   123 read :t bank1 :tail
   124 read :h bank1 :head
   125 op sub *tmp56 :value :t
 
   136 label *label61
   137 op mul *tmp64 :value :scale
   138 op add :y 10 *tmp64
-    * op sub *tmp66 154 5
   139 draw line 154 :last 149 :y
-    * op sub :x 154 5
   140 set :last :y
   141 op max :newMax :newMax :value
   142 label *label62
-    * op add :n 1 1
   143 read :t bank1 :tail
   144 read :h bank1 :head
   145 op sub *tmp56 :value :t
 
   156 label *label66
   157 op mul *tmp64 :value :scale
   158 op add :y 10 *tmp64
-    * op sub *tmp66 149 5
   159 draw line 149 :last 144 :y
-    * op sub :x 149 5
   160 set :last :y
   161 op max :newMax :newMax :value
   162 label *label67
-    * op add :n 2 1
   163 read :t bank1 :tail
   164 read :h bank1 :head
   165 op sub *tmp56 :value :t
 
   176 label *label71
   177 op mul *tmp64 :value :scale
   178 op add :y 10 *tmp64
-    * op sub *tmp66 144 5
   179 draw line 144 :last 139 :y
-    * op sub :x 144 5
   180 set :last :y
   181 op max :newMax :newMax :value
   182 label *label72
-    * op add :n 3 1
   183 read :t bank1 :tail
   184 read :h bank1 :head
   185 op sub *tmp56 :value :t
 
   196 label *label76
   197 op mul *tmp64 :value :scale
   198 op add :y 10 *tmp64
-    * op sub *tmp66 139 5
   199 draw line 139 :last 134 :y
-    * op sub :x 139 5
   200 set :last :y
   201 op max :newMax :newMax :value
   202 label *label77
-    * op add :n 4 1
   203 read :t bank1 :tail
   204 read :h bank1 :head
   205 op sub *tmp56 :value :t
 
   216 label *label81
   217 op mul *tmp64 :value :scale
   218 op add :y 10 *tmp64
-    * op sub *tmp66 134 5
   219 draw line 134 :last 129 :y
-    * op sub :x 134 5
   220 set :last :y
   221 op max :newMax :newMax :value
   222 label *label82
-    * op add :n 5 1
   223 read :t bank1 :tail
   224 read :h bank1 :head
   225 op sub *tmp56 :value :t
 
   236 label *label86
   237 op mul *tmp64 :value :scale
   238 op add :y 10 *tmp64
-    * op sub *tmp66 129 5
   239 draw line 129 :last 124 :y
-    * op sub :x 129 5
   240 set :last :y
   241 op max :newMax :newMax :value
   242 label *label87
-    * op add :n 6 1
   243 read :t bank1 :tail
   244 read :h bank1 :head
   245 op sub *tmp56 :value :t
 
   256 label *label91
   257 op mul *tmp64 :value :scale
   258 op add :y 10 *tmp64
-    * op sub *tmp66 124 5
   259 draw line 124 :last 119 :y
-    * op sub :x 124 5
   260 set :last :y
   261 op max :newMax :newMax :value
   262 label *label92
-    * op add :n 7 1
   263 read :t bank1 :tail
   264 read :h bank1 :head
   265 op sub *tmp56 :value :t
 
   276 label *label96
   277 op mul *tmp64 :value :scale
   278 op add :y 10 *tmp64
-    * op sub *tmp66 119 5
   279 draw line 119 :last 114 :y
-    * op sub :x 119 5
   280 set :last :y
   281 op max :newMax :newMax :value
   282 label *label97
-    * op add :n 8 1
   283 read :t bank1 :tail
   284 read :h bank1 :head
   285 op sub *tmp56 :value :t
 
   296 label *label101
   297 op mul *tmp64 :value :scale
   298 op add :y 10 *tmp64
-    * op sub *tmp66 114 5
   299 draw line 114 :last 109 :y
-    * op sub :x 114 5
   300 set :last :y
   301 op max :newMax :newMax :value
   302 label *label102
-    * op add :n 9 1
   303 read :t bank1 :tail
   304 read :h bank1 :head
   305 op sub *tmp56 :value :t
 
   316 label *label106
   317 op mul *tmp64 :value :scale
   318 op add :y 10 *tmp64
-    * op sub *tmp66 109 5
   319 draw line 109 :last 104 :y
-    * op sub :x 109 5
   320 set :last :y
   321 op max :newMax :newMax :value
   322 label *label107
-    * op add :n 10 1
   323 read :t bank1 :tail
   324 read :h bank1 :head
   325 op sub *tmp56 :value :t
 
   336 label *label111
   337 op mul *tmp64 :value :scale
   338 op add :y 10 *tmp64
-    * op sub *tmp66 104 5
   339 draw line 104 :last 99 :y
-    * op sub :x 104 5
   340 set :last :y
   341 op max :newMax :newMax :value
   342 label *label112
-    * op add :n 11 1
   343 read :t bank1 :tail
   344 read :h bank1 :head
   345 op sub *tmp56 :value :t
 
   356 label *label116
   357 op mul *tmp64 :value :scale
   358 op add :y 10 *tmp64
-    * op sub *tmp66 99 5
   359 draw line 99 :last 94 :y
-    * op sub :x 99 5
   360 set :last :y
   361 op max :newMax :newMax :value
   362 label *label117
-    * op add :n 12 1
   363 read :t bank1 :tail
   364 read :h bank1 :head
   365 op sub *tmp56 :value :t
 
   376 label *label121
   377 op mul *tmp64 :value :scale
   378 op add :y 10 *tmp64
-    * op sub *tmp66 94 5
   379 draw line 94 :last 89 :y
-    * op sub :x 94 5
   380 set :last :y
   381 op max :newMax :newMax :value
   382 label *label122
-    * op add :n 13 1
   383 read :t bank1 :tail
   384 read :h bank1 :head
   385 op sub *tmp56 :value :t
 
   396 label *label126
   397 op mul *tmp64 :value :scale
   398 op add :y 10 *tmp64
-    * op sub *tmp66 89 5
   399 draw line 89 :last 84 :y
-    * op sub :x 89 5
   400 set :last :y
   401 op max :newMax :newMax :value
   402 label *label127
-    * op add :n 14 1
   403 read :t bank1 :tail
   404 read :h bank1 :head
   405 op sub *tmp56 :value :t
 
   416 label *label131
   417 op mul *tmp64 :value :scale
   418 op add :y 10 *tmp64
-    * op sub *tmp66 84 5
   419 draw line 84 :last 79 :y
-    * op sub :x 84 5
   420 set :last :y
   421 op max :newMax :newMax :value
   422 label *label132
-    * op add :n 15 1
   423 read :t bank1 :tail
   424 read :h bank1 :head
   425 op sub *tmp56 :value :t
 
   436 label *label136
   437 op mul *tmp64 :value :scale
   438 op add :y 10 *tmp64
-    * op sub *tmp66 79 5
   439 draw line 79 :last 74 :y
-    * op sub :x 79 5
   440 set :last :y
   441 op max :newMax :newMax :value
   442 label *label137
-    * op add :n 16 1
   443 read :t bank1 :tail
   444 read :h bank1 :head
   445 op sub *tmp56 :value :t
 
   456 label *label141
   457 op mul *tmp64 :value :scale
   458 op add :y 10 *tmp64
-    * op sub *tmp66 74 5
   459 draw line 74 :last 69 :y
-    * op sub :x 74 5
   460 set :last :y
   461 op max :newMax :newMax :value
   462 label *label142
-    * op add :n 17 1
   463 read :t bank1 :tail
   464 read :h bank1 :head
   465 op sub *tmp56 :value :t
 
   476 label *label146
   477 op mul *tmp64 :value :scale
   478 op add :y 10 *tmp64
-    * op sub *tmp66 69 5
   479 draw line 69 :last 64 :y
-    * op sub :x 69 5
   480 set :last :y
   481 op max :newMax :newMax :value
   482 label *label147
-    * op add :n 18 1
   483 read :t bank1 :tail
   484 read :h bank1 :head
   485 op sub *tmp56 :value :t
 
   496 label *label151
   497 op mul *tmp64 :value :scale
   498 op add :y 10 *tmp64
-    * op sub *tmp66 64 5
   499 draw line 64 :last 59 :y
-    * op sub :x 64 5
   500 set :last :y
   501 op max :newMax :newMax :value
   502 label *label152
-    * op add :n 19 1
   503 read :t bank1 :tail
   504 read :h bank1 :head
   505 op sub *tmp56 :value :t
 
   516 label *label156
   517 op mul *tmp64 :value :scale
   518 op add :y 10 *tmp64
-    * op sub *tmp66 59 5
   519 draw line 59 :last 54 :y
-    * op sub :x 59 5
   520 set :last :y
   521 op max :newMax :newMax :value
   522 label *label157
-    * op add :n 20 1
   523 read :t bank1 :tail
   524 read :h bank1 :head
   525 op sub *tmp56 :value :t
 
   536 label *label161
   537 op mul *tmp64 :value :scale
   538 op add :y 10 *tmp64
-    * op sub *tmp66 54 5
   539 draw line 54 :last 49 :y
-    * op sub :x 54 5
   540 set :last :y
   541 op max :newMax :newMax :value
   542 label *label162
-    * op add :n 21 1
   543 read :t bank1 :tail
   544 read :h bank1 :head
   545 op sub *tmp56 :value :t
 
   556 label *label166
   557 op mul *tmp64 :value :scale
   558 op add :y 10 *tmp64
-    * op sub *tmp66 49 5
   559 draw line 49 :last 44 :y
-    * op sub :x 49 5
   560 set :last :y
   561 op max :newMax :newMax :value
   562 label *label167
-    * op add :n 22 1
   563 read :t bank1 :tail
   564 read :h bank1 :head
   565 op sub *tmp56 :value :t
 
   576 label *label171
   577 op mul *tmp64 :value :scale
   578 op add :y 10 *tmp64
-    * op sub *tmp66 44 5
   579 draw line 44 :last 39 :y
-    * op sub :x 44 5
   580 set :last :y
   581 op max :newMax :newMax :value
   582 label *label172
-    * op add :n 23 1
   583 read :t bank1 :tail
   584 read :h bank1 :head
   585 op sub *tmp56 :value :t
 
   596 label *label176
   597 op mul *tmp64 :value :scale
   598 op add :y 10 *tmp64
-    * op sub *tmp66 39 5
   599 draw line 39 :last 34 :y
-    * op sub :x 39 5
   600 set :last :y
   601 op max :newMax :newMax :value
   602 label *label177
-    * op add :n 24 1
   603 read :t bank1 :tail
   604 read :h bank1 :head
   605 op sub *tmp56 :value :t
 
   616 label *label181
   617 op mul *tmp64 :value :scale
   618 op add :y 10 *tmp64
-    * op sub *tmp66 34 5
   619 draw line 34 :last 29 :y
-    * op sub :x 34 5
   620 set :last :y
   621 op max :newMax :newMax :value
   622 label *label182
-    * op add :n 25 1
   623 read :t bank1 :tail
   624 read :h bank1 :head
   625 op sub *tmp56 :value :t
 
   636 label *label186
   637 op mul *tmp64 :value :scale
   638 op add :y 10 *tmp64
-    * op sub *tmp66 29 5
   639 draw line 29 :last 24 :y
-    * op sub :x 29 5
   640 set :last :y
   641 op max :newMax :newMax :value
   642 label *label187
-    * op add :n 26 1
   643 read :t bank1 :tail
   644 read :h bank1 :head
   645 op sub *tmp56 :value :t
 
   656 label *label191
   657 op mul *tmp64 :value :scale
   658 op add :y 10 *tmp64
-    * op sub *tmp66 24 5
   659 draw line 24 :last 19 :y
-    * op sub :x 24 5
   660 set :last :y
   661 op max :newMax :newMax :value
   662 label *label192
-    * op add :n 27 1
   663 read :t bank1 :tail
   664 read :h bank1 :head
   665 op sub *tmp56 :value :t
 
   674 label *label196
   675 op mul *tmp64 :value :scale
   676 op add :y 10 *tmp64
-    * op sub *tmp66 19 5
   677 draw line 19 :last 14 :y
-    * op sub :x 19 5
   678 op max :newMax :newMax :value
   679 label *label197
-    * op add :n 28 1
   680 label *label24
   681 draw color 255 255 255 255
   682 draw lineRect 10 10 156 156

Modifications by Unroll loop at line 26:1 (+167 instructions):
 
    11 label *label0
    12 label *label1
    13 read :maximum bank1 :ptr
-    * set :n 0
-    * label *label2
-    * label *label34
-    * op sub :ptr :ptr 1
-    * jump *label5 greaterThan :ptr 256
-    * op sub :ptr 511 1
-    * label *label5
-    * label *label6
-    * read *tmp19 bank1 :ptr
-    * op max :maximum :maximum *tmp19
-    * label *label3
-    * op add :n :n 1
-    * jump *label34 lessThan :n 29
-    * label *label4
+   14 set :n 0
+   15 label *label198
+   16 op sub :ptr :ptr 1
+   17 jump *label199 greaterThan :ptr 256
+   18 op sub :ptr 511 1
+   19 label *label199
+   20 label *label200
+   21 read *tmp19 bank1 :ptr
+   22 op max :maximum :maximum *tmp19
+   23 label *label201
+   24 op add :n :n 1
+   25 op sub :ptr :ptr 1
+   26 jump *label202 greaterThan :ptr 256
+   27 op sub :ptr 511 1
+   28 label *label202
+   29 label *label203
+   30 read *tmp19 bank1 :ptr
+   31 op max :maximum :maximum *tmp19
+   32 label *label204
+   33 op add :n :n 1
+   34 op sub :ptr :ptr 1
+   35 jump *label205 greaterThan :ptr 256
+   36 op sub :ptr 511 1
+   37 label *label205
+   38 label *label206
+   39 read *tmp19 bank1 :ptr
+   40 op max :maximum :maximum *tmp19
+   41 label *label207
+   42 op add :n :n 1
+   43 op sub :ptr :ptr 1
+   44 jump *label208 greaterThan :ptr 256
+   45 op sub :ptr 511 1
+   46 label *label208
+   47 label *label209
+   48 read *tmp19 bank1 :ptr
+   49 op max :maximum :maximum *tmp19
+   50 label *label210
+   51 op add :n :n 1
+   52 op sub :ptr :ptr 1
+   53 jump *label211 greaterThan :ptr 256
+   54 op sub :ptr 511 1
+   55 label *label211
+   56 label *label212
+   57 read *tmp19 bank1 :ptr
+   58 op max :maximum :maximum *tmp19
+   59 label *label213
+   60 op add :n :n 1
+   61 op sub :ptr :ptr 1
+   62 jump *label214 greaterThan :ptr 256
+   63 op sub :ptr 511 1
+   64 label *label214
+   65 label *label215
+   66 read *tmp19 bank1 :ptr
+   67 op max :maximum :maximum *tmp19
+   68 label *label216
+   69 op add :n :n 1
+   70 op sub :ptr :ptr 1
+   71 jump *label217 greaterThan :ptr 256
+   72 op sub :ptr 511 1
+   73 label *label217
+   74 label *label218
+   75 read *tmp19 bank1 :ptr
+   76 op max :maximum :maximum *tmp19
+   77 label *label219
+   78 op add :n :n 1
+   79 op sub :ptr :ptr 1
+   80 jump *label220 greaterThan :ptr 256
+   81 op sub :ptr 511 1
+   82 label *label220
+   83 label *label221
+   84 read *tmp19 bank1 :ptr
+   85 op max :maximum :maximum *tmp19
+   86 label *label222
+   87 op add :n :n 1
+   88 op sub :ptr :ptr 1
+   89 jump *label223 greaterThan :ptr 256
+   90 op sub :ptr 511 1
+   91 label *label223
+   92 label *label224
+   93 read *tmp19 bank1 :ptr
+   94 op max :maximum :maximum *tmp19
+   95 label *label225
+   96 op add :n :n 1
+   97 op sub :ptr :ptr 1
+   98 jump *label226 greaterThan :ptr 256
+   99 op sub :ptr 511 1
+  100 label *label226
+  101 label *label227
+  102 read *tmp19 bank1 :ptr
+  103 op max :maximum :maximum *tmp19
+  104 label *label228
+  105 op add :n :n 1
+  106 op sub :ptr :ptr 1
+  107 jump *label229 greaterThan :ptr 256
+  108 op sub :ptr 511 1
+  109 label *label229
+  110 label *label230
+  111 read *tmp19 bank1 :ptr
+  112 op max :maximum :maximum *tmp19
+  113 label *label231
+  114 op add :n :n 1
+  115 op sub :ptr :ptr 1
+  116 jump *label232 greaterThan :ptr 256
+  117 op sub :ptr 511 1
+  118 label *label232
+  119 label *label233
+  120 read *tmp19 bank1 :ptr
+  121 op max :maximum :maximum *tmp19
+  122 label *label234
+  123 op add :n :n 1
+  124 op sub :ptr :ptr 1
+  125 jump *label235 greaterThan :ptr 256
+  126 op sub :ptr 511 1
+  127 label *label235
+  128 label *label236
+  129 read *tmp19 bank1 :ptr
+  130 op max :maximum :maximum *tmp19
+  131 label *label237
+  132 op add :n :n 1
+  133 op sub :ptr :ptr 1
+  134 jump *label238 greaterThan :ptr 256
+  135 op sub :ptr 511 1
+  136 label *label238
+  137 label *label239
+  138 read *tmp19 bank1 :ptr
+  139 op max :maximum :maximum *tmp19
+  140 label *label240
+  141 op add :n :n 1
+  142 op sub :ptr :ptr 1
+  143 jump *label241 greaterThan :ptr 256
+  144 op sub :ptr 511 1
+  145 label *label241
+  146 label *label242
+  147 read *tmp19 bank1 :ptr
+  148 op max :maximum :maximum *tmp19
+  149 label *label243
+  150 op add :n :n 1
+  151 op sub :ptr :ptr 1
+  152 jump *label244 greaterThan :ptr 256
+  153 op sub :ptr 511 1
+  154 label *label244
+  155 label *label245
+  156 read *tmp19 bank1 :ptr
+  157 op max :maximum :maximum *tmp19
+  158 label *label246
+  159 op add :n :n 1
+  160 op sub :ptr :ptr 1
+  161 jump *label247 greaterThan :ptr 256
+  162 op sub :ptr 511 1
+  163 label *label247
+  164 label *label248
+  165 read *tmp19 bank1 :ptr
+  166 op max :maximum :maximum *tmp19
+  167 label *label249
+  168 op add :n :n 1
+  169 op sub :ptr :ptr 1
+  170 jump *label250 greaterThan :ptr 256
+  171 op sub :ptr 511 1
+  172 label *label250
+  173 label *label251
+  174 read *tmp19 bank1 :ptr
+  175 op max :maximum :maximum *tmp19
+  176 label *label252
+  177 op add :n :n 1
+  178 op sub :ptr :ptr 1
+  179 jump *label253 greaterThan :ptr 256
+  180 op sub :ptr 511 1
+  181 label *label253
+  182 label *label254
+  183 read *tmp19 bank1 :ptr
+  184 op max :maximum :maximum *tmp19
+  185 label *label255
+  186 op add :n :n 1
+  187 op sub :ptr :ptr 1
+  188 jump *label256 greaterThan :ptr 256
+  189 op sub :ptr 511 1
+  190 label *label256
+  191 label *label257
+  192 read *tmp19 bank1 :ptr
+  193 op max :maximum :maximum *tmp19
+  194 label *label258
+  195 op add :n :n 1
+  196 op sub :ptr :ptr 1
+  197 jump *label259 greaterThan :ptr 256
+  198 op sub :ptr 511 1
+  199 label *label259
+  200 label *label260
+  201 read *tmp19 bank1 :ptr
+  202 op max :maximum :maximum *tmp19
+  203 label *label261
+  204 op add :n :n 1
+  205 op sub :ptr :ptr 1
+  206 jump *label262 greaterThan :ptr 256
+  207 op sub :ptr 511 1
+  208 label *label262
+  209 label *label263
+  210 read *tmp19 bank1 :ptr
+  211 op max :maximum :maximum *tmp19
+  212 label *label264
+  213 op add :n :n 1
+  214 op sub :ptr :ptr 1
+  215 jump *label265 greaterThan :ptr 256
+  216 op sub :ptr 511 1
+  217 label *label265
+  218 label *label266
+  219 read *tmp19 bank1 :ptr
+  220 op max :maximum :maximum *tmp19
+  221 label *label267
+  222 op add :n :n 1
+  223 op sub :ptr :ptr 1
+  224 jump *label268 greaterThan :ptr 256
+  225 op sub :ptr 511 1
+  226 label *label268
+  227 label *label269
+  228 read *tmp19 bank1 :ptr
+  229 op max :maximum :maximum *tmp19
+  230 label *label270
+  231 op add :n :n 1
+  232 op sub :ptr :ptr 1
+  233 jump *label271 greaterThan :ptr 256
+  234 op sub :ptr 511 1
+  235 label *label271
+  236 label *label272
+  237 read *tmp19 bank1 :ptr
+  238 op max :maximum :maximum *tmp19
+  239 label *label273
+  240 op add :n :n 1
+  241 op sub :ptr :ptr 1
+  242 jump *label274 greaterThan :ptr 256
+  243 op sub :ptr 511 1
+  244 label *label274
+  245 label *label275
+  246 read *tmp19 bank1 :ptr
+  247 op max :maximum :maximum *tmp19
+  248 label *label276
+  249 op add :n :n 1
+  250 op sub :ptr :ptr 1
+  251 jump *label277 greaterThan :ptr 256
+  252 op sub :ptr 511 1
+  253 label *label277
+  254 label *label278
+  255 read *tmp19 bank1 :ptr
+  256 op max :maximum :maximum *tmp19
+  257 label *label279
+  258 op add :n :n 1
+  259 op sub :ptr :ptr 1
+  260 jump *label280 greaterThan :ptr 256
+  261 op sub :ptr 511 1
+  262 label *label280
+  263 label *label281
+  264 read *tmp19 bank1 :ptr
+  265 op max :maximum :maximum *tmp19
+  266 label *label282
+  267 op add :n :n 1
+  268 op sub :ptr :ptr 1
+  269 jump *label283 greaterThan :ptr 256
+  270 op sub :ptr 511 1
+  271 label *label283
+  272 label *label284
+  273 read *tmp19 bank1 :ptr
+  274 op max :maximum :maximum *tmp19
+  275 label *label285
+  276 op add :n :n 1
+  277 label *label4
   278 op mul :maximum :maximum 3
   279 label *label7
   280 sensor *tmp21 switch1 @enabled

Modifications by Iterated phase, Data Flow Optimization, pass 2, iteration 1:
 
    21 read *tmp19 bank1 :ptr
    22 op max :maximum :maximum *tmp19
    23 label *label201
-    * op add :n :n 1
+   24 op add :n 0 1
    25 op sub :ptr :ptr 1
    26 jump *label202 greaterThan :ptr 256
    27 op sub :ptr 511 1
 
    30 read *tmp19 bank1 :ptr
    31 op max :maximum :maximum *tmp19
    32 label *label204
-    * op add :n :n 1
+   33 op add :n 1 1
    34 op sub :ptr :ptr 1
    35 jump *label205 greaterThan :ptr 256
    36 op sub :ptr 511 1
 
    39 read *tmp19 bank1 :ptr
    40 op max :maximum :maximum *tmp19
    41 label *label207
-    * op add :n :n 1
+   42 op add :n 2 1
    43 op sub :ptr :ptr 1
    44 jump *label208 greaterThan :ptr 256
    45 op sub :ptr 511 1
 
    48 read *tmp19 bank1 :ptr
    49 op max :maximum :maximum *tmp19
    50 label *label210
-    * op add :n :n 1
+   51 op add :n 3 1
    52 op sub :ptr :ptr 1
    53 jump *label211 greaterThan :ptr 256
    54 op sub :ptr 511 1
 
    57 read *tmp19 bank1 :ptr
    58 op max :maximum :maximum *tmp19
    59 label *label213
-    * op add :n :n 1
+   60 op add :n 4 1
    61 op sub :ptr :ptr 1
    62 jump *label214 greaterThan :ptr 256
    63 op sub :ptr 511 1
 
    66 read *tmp19 bank1 :ptr
    67 op max :maximum :maximum *tmp19
    68 label *label216
-    * op add :n :n 1
+   69 op add :n 5 1
    70 op sub :ptr :ptr 1
    71 jump *label217 greaterThan :ptr 256
    72 op sub :ptr 511 1
 
    75 read *tmp19 bank1 :ptr
    76 op max :maximum :maximum *tmp19
    77 label *label219
-    * op add :n :n 1
+   78 op add :n 6 1
    79 op sub :ptr :ptr 1
    80 jump *label220 greaterThan :ptr 256
    81 op sub :ptr 511 1
 
    84 read *tmp19 bank1 :ptr
    85 op max :maximum :maximum *tmp19
    86 label *label222
-    * op add :n :n 1
+   87 op add :n 7 1
    88 op sub :ptr :ptr 1
    89 jump *label223 greaterThan :ptr 256
    90 op sub :ptr 511 1
 
    93 read *tmp19 bank1 :ptr
    94 op max :maximum :maximum *tmp19
    95 label *label225
-    * op add :n :n 1
+   96 op add :n 8 1
    97 op sub :ptr :ptr 1
    98 jump *label226 greaterThan :ptr 256
    99 op sub :ptr 511 1
 
   102 read *tmp19 bank1 :ptr
   103 op max :maximum :maximum *tmp19
   104 label *label228
-    * op add :n :n 1
+  105 op add :n 9 1
   106 op sub :ptr :ptr 1
   107 jump *label229 greaterThan :ptr 256
   108 op sub :ptr 511 1
 
   111 read *tmp19 bank1 :ptr
   112 op max :maximum :maximum *tmp19
   113 label *label231
-    * op add :n :n 1
+  114 op add :n 10 1
   115 op sub :ptr :ptr 1
   116 jump *label232 greaterThan :ptr 256
   117 op sub :ptr 511 1
 
   120 read *tmp19 bank1 :ptr
   121 op max :maximum :maximum *tmp19
   122 label *label234
-    * op add :n :n 1
+  123 op add :n 11 1
   124 op sub :ptr :ptr 1
   125 jump *label235 greaterThan :ptr 256
   126 op sub :ptr 511 1
 
   129 read *tmp19 bank1 :ptr
   130 op max :maximum :maximum *tmp19
   131 label *label237
-    * op add :n :n 1
+  132 op add :n 12 1
   133 op sub :ptr :ptr 1
   134 jump *label238 greaterThan :ptr 256
   135 op sub :ptr 511 1
 
   138 read *tmp19 bank1 :ptr
   139 op max :maximum :maximum *tmp19
   140 label *label240
-    * op add :n :n 1
+  141 op add :n 13 1
   142 op sub :ptr :ptr 1
   143 jump *label241 greaterThan :ptr 256
   144 op sub :ptr 511 1
 
   147 read *tmp19 bank1 :ptr
   148 op max :maximum :maximum *tmp19
   149 label *label243
-    * op add :n :n 1
+  150 op add :n 14 1
   151 op sub :ptr :ptr 1
   152 jump *label244 greaterThan :ptr 256
   153 op sub :ptr 511 1
 
   156 read *tmp19 bank1 :ptr
   157 op max :maximum :maximum *tmp19
   158 label *label246
-    * op add :n :n 1
+  159 op add :n 15 1
   160 op sub :ptr :ptr 1
   161 jump *label247 greaterThan :ptr 256
   162 op sub :ptr 511 1
 
   165 read *tmp19 bank1 :ptr
   166 op max :maximum :maximum *tmp19
   167 label *label249
-    * op add :n :n 1
+  168 op add :n 16 1
   169 op sub :ptr :ptr 1
   170 jump *label250 greaterThan :ptr 256
   171 op sub :ptr 511 1
 
   174 read *tmp19 bank1 :ptr
   175 op max :maximum :maximum *tmp19
   176 label *label252
-    * op add :n :n 1
+  177 op add :n 17 1
   178 op sub :ptr :ptr 1
   179 jump *label253 greaterThan :ptr 256
   180 op sub :ptr 511 1
 
   183 read *tmp19 bank1 :ptr
   184 op max :maximum :maximum *tmp19
   185 label *label255
-    * op add :n :n 1
+  186 op add :n 18 1
   187 op sub :ptr :ptr 1
   188 jump *label256 greaterThan :ptr 256
   189 op sub :ptr 511 1
 
   192 read *tmp19 bank1 :ptr
   193 op max :maximum :maximum *tmp19
   194 label *label258
-    * op add :n :n 1
+  195 op add :n 19 1
   196 op sub :ptr :ptr 1
   197 jump *label259 greaterThan :ptr 256
   198 op sub :ptr 511 1
 
   201 read *tmp19 bank1 :ptr
   202 op max :maximum :maximum *tmp19
   203 label *label261
-    * op add :n :n 1
+  204 op add :n 20 1
   205 op sub :ptr :ptr 1
   206 jump *label262 greaterThan :ptr 256
   207 op sub :ptr 511 1
 
   210 read *tmp19 bank1 :ptr
   211 op max :maximum :maximum *tmp19
   212 label *label264
-    * op add :n :n 1
+  213 op add :n 21 1
   214 op sub :ptr :ptr 1
   215 jump *label265 greaterThan :ptr 256
   216 op sub :ptr 511 1
 
   219 read *tmp19 bank1 :ptr
   220 op max :maximum :maximum *tmp19
   221 label *label267
-    * op add :n :n 1
+  222 op add :n 22 1
   223 op sub :ptr :ptr 1
   224 jump *label268 greaterThan :ptr 256
   225 op sub :ptr 511 1
 
   228 read *tmp19 bank1 :ptr
   229 op max :maximum :maximum *tmp19
   230 label *label270
-    * op add :n :n 1
+  231 op add :n 23 1
   232 op sub :ptr :ptr 1
   233 jump *label271 greaterThan :ptr 256
   234 op sub :ptr 511 1
 
   237 read *tmp19 bank1 :ptr
   238 op max :maximum :maximum *tmp19
   239 label *label273
-    * op add :n :n 1
+  240 op add :n 24 1
   241 op sub :ptr :ptr 1
   242 jump *label274 greaterThan :ptr 256
   243 op sub :ptr 511 1
 
   246 read *tmp19 bank1 :ptr
   247 op max :maximum :maximum *tmp19
   248 label *label276
-    * op add :n :n 1
+  249 op add :n 25 1
   250 op sub :ptr :ptr 1
   251 jump *label277 greaterThan :ptr 256
   252 op sub :ptr 511 1
 
   255 read *tmp19 bank1 :ptr
   256 op max :maximum :maximum *tmp19
   257 label *label279
-    * op add :n :n 1
+  258 op add :n 26 1
   259 op sub :ptr :ptr 1
   260 jump *label280 greaterThan :ptr 256
   261 op sub :ptr 511 1
 
   264 read *tmp19 bank1 :ptr
   265 op max :maximum :maximum *tmp19
   266 label *label282
-    * op add :n :n 1
+  267 op add :n 27 1
   268 op sub :ptr :ptr 1
   269 jump *label283 greaterThan :ptr 256
   270 op sub :ptr 511 1
 
   273 read *tmp19 bank1 :ptr
   274 op max :maximum :maximum *tmp19
   275 label *label285
-    * op add :n :n 1
+  276 op add :n 28 1
   277 label *label4
   278 op mul :maximum :maximum 3
   279 label *label7

Modifications by Iterated phase, Data Flow Optimization, pass 2, iteration 2 (-30 instructions):
 
    11 label *label0
    12 label *label1
    13 read :maximum bank1 :ptr
-    * set :n 0
    14 label *label198
    15 op sub :ptr :ptr 1
    16 jump *label199 greaterThan :ptr 256
 
    20 read *tmp19 bank1 :ptr
    21 op max :maximum :maximum *tmp19
    22 label *label201
-    * op add :n 0 1
    23 op sub :ptr :ptr 1
    24 jump *label202 greaterThan :ptr 256
    25 op sub :ptr 511 1
 
    28 read *tmp19 bank1 :ptr
    29 op max :maximum :maximum *tmp19
    30 label *label204
-    * op add :n 1 1
    31 op sub :ptr :ptr 1
    32 jump *label205 greaterThan :ptr 256
    33 op sub :ptr 511 1
 
    36 read *tmp19 bank1 :ptr
    37 op max :maximum :maximum *tmp19
    38 label *label207
-    * op add :n 2 1
    39 op sub :ptr :ptr 1
    40 jump *label208 greaterThan :ptr 256
    41 op sub :ptr 511 1
 
    44 read *tmp19 bank1 :ptr
    45 op max :maximum :maximum *tmp19
    46 label *label210
-    * op add :n 3 1
    47 op sub :ptr :ptr 1
    48 jump *label211 greaterThan :ptr 256
    49 op sub :ptr 511 1
 
    52 read *tmp19 bank1 :ptr
    53 op max :maximum :maximum *tmp19
    54 label *label213
-    * op add :n 4 1
    55 op sub :ptr :ptr 1
    56 jump *label214 greaterThan :ptr 256
    57 op sub :ptr 511 1
 
    60 read *tmp19 bank1 :ptr
    61 op max :maximum :maximum *tmp19
    62 label *label216
-    * op add :n 5 1
    63 op sub :ptr :ptr 1
    64 jump *label217 greaterThan :ptr 256
    65 op sub :ptr 511 1
 
    68 read *tmp19 bank1 :ptr
    69 op max :maximum :maximum *tmp19
    70 label *label219
-    * op add :n 6 1
    71 op sub :ptr :ptr 1
    72 jump *label220 greaterThan :ptr 256
    73 op sub :ptr 511 1
 
    76 read *tmp19 bank1 :ptr
    77 op max :maximum :maximum *tmp19
    78 label *label222
-    * op add :n 7 1
    79 op sub :ptr :ptr 1
    80 jump *label223 greaterThan :ptr 256
    81 op sub :ptr 511 1
 
    84 read *tmp19 bank1 :ptr
    85 op max :maximum :maximum *tmp19
    86 label *label225
-    * op add :n 8 1
    87 op sub :ptr :ptr 1
    88 jump *label226 greaterThan :ptr 256
    89 op sub :ptr 511 1
 
    92 read *tmp19 bank1 :ptr
    93 op max :maximum :maximum *tmp19
    94 label *label228
-    * op add :n 9 1
    95 op sub :ptr :ptr 1
    96 jump *label229 greaterThan :ptr 256
    97 op sub :ptr 511 1
 
   100 read *tmp19 bank1 :ptr
   101 op max :maximum :maximum *tmp19
   102 label *label231
-    * op add :n 10 1
   103 op sub :ptr :ptr 1
   104 jump *label232 greaterThan :ptr 256
   105 op sub :ptr 511 1
 
   108 read *tmp19 bank1 :ptr
   109 op max :maximum :maximum *tmp19
   110 label *label234
-    * op add :n 11 1
   111 op sub :ptr :ptr 1
   112 jump *label235 greaterThan :ptr 256
   113 op sub :ptr 511 1
 
   116 read *tmp19 bank1 :ptr
   117 op max :maximum :maximum *tmp19
   118 label *label237
-    * op add :n 12 1
   119 op sub :ptr :ptr 1
   120 jump *label238 greaterThan :ptr 256
   121 op sub :ptr 511 1
 
   124 read *tmp19 bank1 :ptr
   125 op max :maximum :maximum *tmp19
   126 label *label240
-    * op add :n 13 1
   127 op sub :ptr :ptr 1
   128 jump *label241 greaterThan :ptr 256
   129 op sub :ptr 511 1
 
   132 read *tmp19 bank1 :ptr
   133 op max :maximum :maximum *tmp19
   134 label *label243
-    * op add :n 14 1
   135 op sub :ptr :ptr 1
   136 jump *label244 greaterThan :ptr 256
   137 op sub :ptr 511 1
 
   140 read *tmp19 bank1 :ptr
   141 op max :maximum :maximum *tmp19
   142 label *label246
-    * op add :n 15 1
   143 op sub :ptr :ptr 1
   144 jump *label247 greaterThan :ptr 256
   145 op sub :ptr 511 1
 
   148 read *tmp19 bank1 :ptr
   149 op max :maximum :maximum *tmp19
   150 label *label249
-    * op add :n 16 1
   151 op sub :ptr :ptr 1
   152 jump *label250 greaterThan :ptr 256
   153 op sub :ptr 511 1
 
   156 read *tmp19 bank1 :ptr
   157 op max :maximum :maximum *tmp19
   158 label *label252
-    * op add :n 17 1
   159 op sub :ptr :ptr 1
   160 jump *label253 greaterThan :ptr 256
   161 op sub :ptr 511 1
 
   164 read *tmp19 bank1 :ptr
   165 op max :maximum :maximum *tmp19
   166 label *label255
-    * op add :n 18 1
   167 op sub :ptr :ptr 1
   168 jump *label256 greaterThan :ptr 256
   169 op sub :ptr 511 1
 
   172 read *tmp19 bank1 :ptr
   173 op max :maximum :maximum *tmp19
   174 label *label258
-    * op add :n 19 1
   175 op sub :ptr :ptr 1
   176 jump *label259 greaterThan :ptr 256
   177 op sub :ptr 511 1
 
   180 read *tmp19 bank1 :ptr
   181 op max :maximum :maximum *tmp19
   182 label *label261
-    * op add :n 20 1
   183 op sub :ptr :ptr 1
   184 jump *label262 greaterThan :ptr 256
   185 op sub :ptr 511 1
 
   188 read *tmp19 bank1 :ptr
   189 op max :maximum :maximum *tmp19
   190 label *label264
-    * op add :n 21 1
   191 op sub :ptr :ptr 1
   192 jump *label265 greaterThan :ptr 256
   193 op sub :ptr 511 1
 
   196 read *tmp19 bank1 :ptr
   197 op max :maximum :maximum *tmp19
   198 label *label267
-    * op add :n 22 1
   199 op sub :ptr :ptr 1
   200 jump *label268 greaterThan :ptr 256
   201 op sub :ptr 511 1
 
   204 read *tmp19 bank1 :ptr
   205 op max :maximum :maximum *tmp19
   206 label *label270
-    * op add :n 23 1
   207 op sub :ptr :ptr 1
   208 jump *label271 greaterThan :ptr 256
   209 op sub :ptr 511 1
 
   212 read *tmp19 bank1 :ptr
   213 op max :maximum :maximum *tmp19
   214 label *label273
-    * op add :n 24 1
   215 op sub :ptr :ptr 1
   216 jump *label274 greaterThan :ptr 256
   217 op sub :ptr 511 1
 
   220 read *tmp19 bank1 :ptr
   221 op max :maximum :maximum *tmp19
   222 label *label276
-    * op add :n 25 1
   223 op sub :ptr :ptr 1
   224 jump *label277 greaterThan :ptr 256
   225 op sub :ptr 511 1
 
   228 read *tmp19 bank1 :ptr
   229 op max :maximum :maximum *tmp19
   230 label *label279
-    * op add :n 26 1
   231 op sub :ptr :ptr 1
   232 jump *label280 greaterThan :ptr 256
   233 op sub :ptr 511 1
 
   236 read *tmp19 bank1 :ptr
   237 op max :maximum :maximum *tmp19
   238 label *label282
-    * op add :n 27 1
   239 op sub :ptr :ptr 1
   240 jump *label283 greaterThan :ptr 256
   241 op sub :ptr 511 1
 
   244 read *tmp19 bank1 :ptr
   245 op max :maximum :maximum *tmp19
   246 label *label285
-    * op add :n 28 1
   247 label *label4
   248 op mul :maximum :maximum 3
   249 label *label7

Modifications by Iterated phase, Single Step Elimination, pass 3, iteration 1 (-2 instructions):
 
   885 op sub *tmp56 :value :t
   886 op add :value *tmp56 :h
   887 op sub :head :head 1
-    * jump *label193 greaterThan :head 256
   888 label *label193
   889 label *label194
   890 op sub :tail :tail 1
-    * jump *label195 greaterThan :tail 256
   891 label *label195
   892 label *label196
   893 op mul *tmp64 :value :scale

Modifications by Iterated phase, Data Flow Optimization, pass 3, iteration 1 (-2 instructions):
 
   884 read :h bank1 :head
   885 op sub *tmp56 :value :t
   886 op add :value *tmp56 :h
-    * op sub :head :head 1
   887 label *label193
   888 label *label194
-    * op sub :tail :tail 1
   889 label *label195
   890 label *label196
   891 op mul *tmp64 :value :scale

Modifications by Iterated phase, Expression Optimization, pass 3, iteration 1:
 
   291 set :tail :head
   292 label *label42
   293 read *tmp44 bank1 :head
-    * op add :value 0 *tmp44
+  294 set :value *tmp44
   295 op sub :head :head 1
   296 jump *label43 greaterThan :head 256
   297 op sub :head 511 1

Modifications by Jumps phase, Single Step Elimination, pass 5, iteration 1 (-1 instructions):
 
   760 jump *label39 equal *tmp21 0
   761 label *label9
   762 control enabled switch1 0
-    * end

Modifications by Final phase, Print Merging, iteration 1 (-16 instructions):
     0 printflush message1
-    * print "Item Rate Display"
-    * print "\n"
-    * print "[gold]Initializing...[]"
-    * print "\n"
+    1 print "Item Rate Display\n[gold]Initializing...[]\n"
     2 printflush message1
     3 draw stroke 1
     4 read *tmp6 bank1 256
 
   190 sensor *tmp24 cell1 @dead
   191 jump *label10 notEqual *tmp24 0
   192 read :m cell1 0
-    * print "\n"
-    * print "Coord: [gold]"
-    * print :m
-    * print "["
-    * print "]"
+  193 print "\nCoord: [gold]{0}[]"
+  194 format :m
   195 op max :maximum :maximum :m
   196 label *label10
   197 op div :scale 150 :maximum
   198 op ceil *tmp33 :maximum
-    * print "\n"
-    * print "Maximum: [green]"
-    * print *tmp33
-    * print "["
-    * print "]"
+  199 print "\nMaximum: [green]{0}[]\nScale: [green]{0}[]"
+  200 format *tmp33
   201 op floor *tmp34 :scale
-    * print "\n"
-    * print "Scale: [green]"
-    * print *tmp34
-    * print "["
-    * print "]"
+  202 format *tmp34
   203 draw clear 0 0 80
   204 draw color 0 80 0 255
   205 draw rect 10 10 156 156
 
   725 write :maximum cell1 0
   726 op sub *tmp76 @time :start
   727 op floor *tmp77 *tmp76
-    * print "\n"
-    * print "[lightgray]Loop time: "
-    * print *tmp77
-    * print " "
-    * print "ms"
+  728 print "\n[lightgray]Loop time: {0} ms"
+  729 format *tmp77
   730 op div *tmp78 @time 1000
   731 op ceil *tmp79 *tmp78
   732 op mul :wait 1000 *tmp79

Final code before resolving virtual instructions:

    0:  printflush message1                                          printflush(message1);
    1:  print "Item Rate Display\n[gold]Initializing...[]\n"         println("Item Rate Display");
    2:  printflush message1                                          printflush(message1);
    3:  draw stroke 1 0 0 0 0 0                                      stroke(1);
    4:  read *tmp0 bank1 256                                         ptr = MEMORY[INDEX] - SHIFT;
    5:  set :ptr *tmp0                                               ...
    6:  jump *label0 greaterThanEq *tmp0 256                         if ptr < INDEX then ptr += SKIP_SIZE; end;
    7:  op add :ptr *tmp0 254                                        ...
        label *label0                                                ...
    8:  read :maximum bank1 :ptr                                     maximum = MEMORY[ptr];
    9:  op sub :ptr :ptr 1                                           ptr = ptr - 1;
   10:  jump *label199 greaterThan :ptr 256                          if ptr <= INDEX then ptr = SIZE - 1; end;
   11:  op sub :ptr 511 1                                            ...
        label *label199                                              ...
   12:  read *tmp1 bank1 :ptr                                        maximum = max(maximum, MEMORY[ptr]);
   13:  op max :maximum :maximum *tmp1                               ...
   14:  op sub :ptr :ptr 1                                           ptr = ptr - 1;
   15:  jump *label202 greaterThan :ptr 256                          if ptr <= INDEX then ptr = SIZE - 1; end;
   16:  op sub :ptr 511 1                                            ...
        label *label202                                              ...
   17:  read *tmp1 bank1 :ptr                                        maximum = max(maximum, MEMORY[ptr]);
   18:  op max :maximum :maximum *tmp1                               ...
   19:  op sub :ptr :ptr 1                                           ptr = ptr - 1;
   20:  jump *label205 greaterThan :ptr 256                          if ptr <= INDEX then ptr = SIZE - 1; end;
   21:  op sub :ptr 511 1                                            ...
        label *label205                                              ...
   22:  read *tmp1 bank1 :ptr                                        maximum = max(maximum, MEMORY[ptr]);
   23:  op max :maximum :maximum *tmp1                               ...
   24:  op sub :ptr :ptr 1                                           ptr = ptr - 1;
   25:  jump *label208 greaterThan :ptr 256                          if ptr <= INDEX then ptr = SIZE - 1; end;
   26:  op sub :ptr 511 1                                            ...
        label *label208                                              ...
   27:  read *tmp1 bank1 :ptr                                        maximum = max(maximum, MEMORY[ptr]);
   28:  op max :maximum :maximum *tmp1                               ...
   29:  op sub :ptr :ptr 1                                           ptr = ptr - 1;
   30:  jump *label211 greaterThan :ptr 256                          if ptr <= INDEX then ptr = SIZE - 1; end;
   31:  op sub :ptr 511 1                                            ...
        label *label211                                              ...
   32:  read *tmp1 bank1 :ptr                                        maximum = max(maximum, MEMORY[ptr]);
   33:  op max :maximum :maximum *tmp1                               ...
   34:  op sub :ptr :ptr 1                                           ptr = ptr - 1;
   35:  jump *label214 greaterThan :ptr 256                          if ptr <= INDEX then ptr = SIZE - 1; end;
   36:  op sub :ptr 511 1                                            ...
        label *label214                                              ...
   37:  read *tmp1 bank1 :ptr                                        maximum = max(maximum, MEMORY[ptr]);
   38:  op max :maximum :maximum *tmp1                               ...
   39:  op sub :ptr :ptr 1                                           ptr = ptr - 1;
   40:  jump *label217 greaterThan :ptr 256                          if ptr <= INDEX then ptr = SIZE - 1; end;
   41:  op sub :ptr 511 1                                            ...
        label *label217                                              ...
   42:  read *tmp1 bank1 :ptr                                        maximum = max(maximum, MEMORY[ptr]);
   43:  op max :maximum :maximum *tmp1                               ...
   44:  op sub :ptr :ptr 1                                           ptr = ptr - 1;
   45:  jump *label220 greaterThan :ptr 256                          if ptr <= INDEX then ptr = SIZE - 1; end;
   46:  op sub :ptr 511 1                                            ...
        label *label220                                              ...
   47:  read *tmp1 bank1 :ptr                                        maximum = max(maximum, MEMORY[ptr]);
   48:  op max :maximum :maximum *tmp1                               ...
   49:  op sub :ptr :ptr 1                                           ptr = ptr - 1;
   50:  jump *label223 greaterThan :ptr 256                          if ptr <= INDEX then ptr = SIZE - 1; end;
   51:  op sub :ptr 511 1                                            ...
        label *label223                                              ...
   52:  read *tmp1 bank1 :ptr                                        maximum = max(maximum, MEMORY[ptr]);
   53:  op max :maximum :maximum *tmp1                               ...
   54:  op sub :ptr :ptr 1                                           ptr = ptr - 1;
   55:  jump *label226 greaterThan :ptr 256                          if ptr <= INDEX then ptr = SIZE - 1; end;
   56:  op sub :ptr 511 1                                            ...
        label *label226                                              ...
   57:  read *tmp1 bank1 :ptr                                        maximum = max(maximum, MEMORY[ptr]);
   58:  op max :maximum :maximum *tmp1                               ...
   59:  op sub :ptr :ptr 1                                           ptr = ptr - 1;
   60:  jump *label229 greaterThan :ptr 256                          if ptr <= INDEX then ptr = SIZE - 1; end;
   61:  op sub :ptr 511 1                                            ...
        label *label229                                              ...
   62:  read *tmp1 bank1 :ptr                                        maximum = max(maximum, MEMORY[ptr]);
   63:  op max :maximum :maximum *tmp1                               ...
   64:  op sub :ptr :ptr 1                                           ptr = ptr - 1;
   65:  jump *label232 greaterThan :ptr 256                          if ptr <= INDEX then ptr = SIZE - 1; end;
   66:  op sub :ptr 511 1                                            ...
        label *label232                                              ...
   67:  read *tmp1 bank1 :ptr                                        maximum = max(maximum, MEMORY[ptr]);
   68:  op max :maximum :maximum *tmp1                               ...
   69:  op sub :ptr :ptr 1                                           ptr = ptr - 1;
   70:  jump *label235 greaterThan :ptr 256                          if ptr <= INDEX then ptr = SIZE - 1; end;
   71:  op sub :ptr 511 1                                            ...
        label *label235                                              ...
   72:  read *tmp1 bank1 :ptr                                        maximum = max(maximum, MEMORY[ptr]);
   73:  op max :maximum :maximum *tmp1                               ...
   74:  op sub :ptr :ptr 1                                           ptr = ptr - 1;
   75:  jump *label238 greaterThan :ptr 256                          if ptr <= INDEX then ptr = SIZE - 1; end;
   76:  op sub :ptr 511 1                                            ...
        label *label238                                              ...
   77:  read *tmp1 bank1 :ptr                                        maximum = max(maximum, MEMORY[ptr]);
   78:  op max :maximum :maximum *tmp1                               ...
   79:  op sub :ptr :ptr 1                                           ptr = ptr - 1;
   80:  jump *label241 greaterThan :ptr 256                          if ptr <= INDEX then ptr = SIZE - 1; end;
   81:  op sub :ptr 511 1                                            ...
        label *label241                                              ...
   82:  read *tmp1 bank1 :ptr                                        maximum = max(maximum, MEMORY[ptr]);
   83:  op max :maximum :maximum *tmp1                               ...
   84:  op sub :ptr :ptr 1                                           ptr = ptr - 1;
   85:  jump *label244 greaterThan :ptr 256                          if ptr <= INDEX then ptr = SIZE - 1; end;
   86:  op sub :ptr 511 1                                            ...
        label *label244                                              ...
   87:  read *tmp1 bank1 :ptr                                        maximum = max(maximum, MEMORY[ptr]);
   88:  op max :maximum :maximum *tmp1                               ...
   89:  op sub :ptr :ptr 1                                           ptr = ptr - 1;
   90:  jump *label247 greaterThan :ptr 256                          if ptr <= INDEX then ptr = SIZE - 1; end;
   91:  op sub :ptr 511 1                                            ...
        label *label247                                              ...
   92:  read *tmp1 bank1 :ptr                                        maximum = max(maximum, MEMORY[ptr]);
   93:  op max :maximum :maximum *tmp1                               ...
   94:  op sub :ptr :ptr 1                                           ptr = ptr - 1;
   95:  jump *label250 greaterThan :ptr 256                          if ptr <= INDEX then ptr = SIZE - 1; end;
   96:  op sub :ptr 511 1                                            ...
        label *label250                                              ...
   97:  read *tmp1 bank1 :ptr                                        maximum = max(maximum, MEMORY[ptr]);
   98:  op max :maximum :maximum *tmp1                               ...
   99:  op sub :ptr :ptr 1                                           ptr = ptr - 1;
  100:  jump *label253 greaterThan :ptr 256                          if ptr <= INDEX then ptr = SIZE - 1; end;
  101:  op sub :ptr 511 1                                            ...
        label *label253                                              ...
  102:  read *tmp1 bank1 :ptr                                        maximum = max(maximum, MEMORY[ptr]);
  103:  op max :maximum :maximum *tmp1                               ...
  104:  op sub :ptr :ptr 1                                           ptr = ptr - 1;
  105:  jump *label256 greaterThan :ptr 256                          if ptr <= INDEX then ptr = SIZE - 1; end;
  106:  op sub :ptr 511 1                                            ...
        label *label256                                              ...
  107:  read *tmp1 bank1 :ptr                                        maximum = max(maximum, MEMORY[ptr]);
  108:  op max :maximum :maximum *tmp1                               ...
  109:  op sub :ptr :ptr 1                                           ptr = ptr - 1;
  110:  jump *label259 greaterThan :ptr 256                          if ptr <= INDEX then ptr = SIZE - 1; end;
  111:  op sub :ptr 511 1                                            ...
        label *label259                                              ...
  112:  read *tmp1 bank1 :ptr                                        maximum = max(maximum, MEMORY[ptr]);
  113:  op max :maximum :maximum *tmp1                               ...
  114:  op sub :ptr :ptr 1                                           ptr = ptr - 1;
  115:  jump *label262 greaterThan :ptr 256                          if ptr <= INDEX then ptr = SIZE - 1; end;
  116:  op sub :ptr 511 1                                            ...
        label *label262                                              ...
  117:  read *tmp1 bank1 :ptr                                        maximum = max(maximum, MEMORY[ptr]);
  118:  op max :maximum :maximum *tmp1                               ...
  119:  op sub :ptr :ptr 1                                           ptr = ptr - 1;
  120:  jump *label265 greaterThan :ptr 256                          if ptr <= INDEX then ptr = SIZE - 1; end;
  121:  op sub :ptr 511 1                                            ...
        label *label265                                              ...
  122:  read *tmp1 bank1 :ptr                                        maximum = max(maximum, MEMORY[ptr]);
  123:  op max :maximum :maximum *tmp1                               ...
  124:  op sub :ptr :ptr 1                                           ptr = ptr - 1;
  125:  jump *label268 greaterThan :ptr 256                          if ptr <= INDEX then ptr = SIZE - 1; end;
  126:  op sub :ptr 511 1                                            ...
        label *label268                                              ...
  127:  read *tmp1 bank1 :ptr                                        maximum = max(maximum, MEMORY[ptr]);
  128:  op max :maximum :maximum *tmp1                               ...
  129:  op sub :ptr :ptr 1                                           ptr = ptr - 1;
  130:  jump *label271 greaterThan :ptr 256                          if ptr <= INDEX then ptr = SIZE - 1; end;
  131:  op sub :ptr 511 1                                            ...
        label *label271                                              ...
  132:  read *tmp1 bank1 :ptr                                        maximum = max(maximum, MEMORY[ptr]);
  133:  op max :maximum :maximum *tmp1                               ...
  134:  op sub :ptr :ptr 1                                           ptr = ptr - 1;
  135:  jump *label274 greaterThan :ptr 256                          if ptr <= INDEX then ptr = SIZE - 1; end;
  136:  op sub :ptr 511 1                                            ...
        label *label274                                              ...
  137:  read *tmp1 bank1 :ptr                                        maximum = max(maximum, MEMORY[ptr]);
  138:  op max :maximum :maximum *tmp1                               ...
  139:  op sub :ptr :ptr 1                                           ptr = ptr - 1;
  140:  jump *label277 greaterThan :ptr 256                          if ptr <= INDEX then ptr = SIZE - 1; end;
  141:  op sub :ptr 511 1                                            ...
        label *label277                                              ...
  142:  read *tmp1 bank1 :ptr                                        maximum = max(maximum, MEMORY[ptr]);
  143:  op max :maximum :maximum *tmp1                               ...
  144:  op sub :ptr :ptr 1                                           ptr = ptr - 1;
  145:  jump *label280 greaterThan :ptr 256                          if ptr <= INDEX then ptr = SIZE - 1; end;
  146:  op sub :ptr 511 1                                            ...
        label *label280                                              ...
  147:  read *tmp1 bank1 :ptr                                        maximum = max(maximum, MEMORY[ptr]);
  148:  op max :maximum :maximum *tmp1                               ...
  149:  op sub :ptr :ptr 1                                           ptr = ptr - 1;
  150:  jump *label283 greaterThan :ptr 256                          if ptr <= INDEX then ptr = SIZE - 1; end;
  151:  op sub :ptr 511 1                                            ...
        label *label283                                              ...
  152:  read *tmp1 bank1 :ptr                                        maximum = max(maximum, MEMORY[ptr]);
  153:  op max :maximum :maximum *tmp1                               ...
  154:  op mul :maximum :maximum 3                                   maximum = maximum * SMOOTH;
  155:  sensor *tmp2 switch1 @enabled                                while switch1.@enabled == 0 do
  156:  jump *label9 notEqual *tmp2 0                                ...
        label *label39                                               ...
  157:  print "Item Rate Display"                                    print("Item Rate Display");
  158:  set :start @time                                             start = @time;
  159:  sensor *tmp3 cell1 @dead                                     if COORD.@dead == 0 then
  160:  jump *label10 notEqual *tmp3 0                               ...
  161:  read :m cell1 0                                              m = COORD[n];
  162:  print "\nCoord: [gold]{0}[]"                                 print($"\nCoord: [gold]$m[]");
  163:  format :m                                                    ...
  164:  op max :maximum :maximum :m                                  maximum = max(maximum, m);
        label *label10                                               if COORD.@dead == 0 then
  165:  op div :scale 150 :maximum                                   scale = 150 / maximum;
  166:  op ceil *tmp4 :maximum 0                                     print($"\nMaximum: [green]$[]", ceil(maximum));
  167:  print "\nMaximum: [green]{0}[]\nScale: [green]{0}[]"         ...
  168:  format *tmp4                                                 ...
  169:  op floor *tmp5 :scale 0                                      print($"\nScale: [green]$[]", floor(scale));
  170:  format *tmp5                                                 ...
  171:  draw clear 0 0 80 0 0 0                                      clear(0,0,80);
  172:  draw color 0 80 0 255 0 0                                    color(0,80,0,255);
  173:  draw rect 10 10 156 156 0 0                                  rect(10,10,156,156);
  174:  read *tmp6 bank1 256                                         head = MEMORY[INDEX] - SHIFT;
  175:  set :head *tmp6                                              ...
  176:  jump *label15 greaterThanEq *tmp6 256                        if head < INDEX then head += SKIP_SIZE; end;
  177:  op add :head *tmp6 254                                       ...
        label *label15                                               ...
  178:  set :tail :head                                              tail = head;
  179:  read *tmp7 bank1 :head                                       value += MEMORY[head];
  180:  set :value *tmp7                                             ...
  181:  op sub :head :head 1                                         head -= 1;
  182:  jump *label43 greaterThan :head 256                          if head <= INDEX then head = SIZE - 1; end;
  183:  op sub :head 511 1                                           ...
        label *label43                                               ...
  184:  read *tmp7 bank1 :head                                       value += MEMORY[head];
  185:  op add :value :value *tmp7                                   ...
  186:  op sub :head :head 1                                         head -= 1;
  187:  jump *label46 greaterThan :head 256                          if head <= INDEX then head = SIZE - 1; end;
  188:  op sub :head 511 1                                           ...
        label *label46                                               ...
  189:  read *tmp7 bank1 :head                                       value += MEMORY[head];
  190:  op add :value :value *tmp7                                   ...
  191:  op sub :head :head 1                                         head -= 1;
  192:  jump *label49 greaterThan :head 256                          if head <= INDEX then head = SIZE - 1; end;
  193:  op sub :head 511 1                                           ...
        label *label49                                               ...
  194:  op mul *tmp8 :value :scale                                   last = 10 + value * scale;
  195:  op add :last 10 *tmp8                                        ...
  196:  set :newMax :value                                           newMax = value;
  197:  draw color 80 255 80 255 0 0                                 color(80,255,80,255);
  198:  read :t bank1 :tail                                          t = MEMORY[tail];
  199:  read :h bank1 :head                                          h = MEMORY[head];
  200:  op sub *tmp9 :value :t                                       value = value - t + h;
  201:  op add :value *tmp9 :h                                       ...
  202:  op sub :head :head 1                                         head -= 1;
  203:  jump *label53 greaterThan :head 256                          if head <= INDEX then head = SIZE - 1; end;
  204:  op sub :head 511 1                                           ...
        label *label53                                               ...
  205:  op sub :tail :tail 1                                         tail -= 1;
  206:  jump *label55 greaterThan :tail 256                          if tail <= INDEX then tail = SIZE - 1; end;
  207:  op sub :tail 511 1                                           ...
        label *label55                                               ...
  208:  op mul *tmp10 :value :scale                                  y = 10 + value * scale;
  209:  op add :y 10 *tmp10                                          ...
  210:  draw line 159 :last 154 :y 0 0                               line(x, last, x - 5, y);
  211:  set :last :y                                                 last = y;
  212:  op max :newMax :newMax :value                                newMax = max(newMax, value);
  213:  read :t bank1 :tail                                          t = MEMORY[tail];
  214:  read :h bank1 :head                                          h = MEMORY[head];
  215:  op sub *tmp9 :value :t                                       value = value - t + h;
  216:  op add :value *tmp9 :h                                       ...
  217:  op sub :head :head 1                                         head -= 1;
  218:  jump *label58 greaterThan :head 256                          if head <= INDEX then head = SIZE - 1; end;
  219:  op sub :head 511 1                                           ...
        label *label58                                               ...
  220:  op sub :tail :tail 1                                         tail -= 1;
  221:  jump *label60 greaterThan :tail 256                          if tail <= INDEX then tail = SIZE - 1; end;
  222:  op sub :tail 511 1                                           ...
        label *label60                                               ...
  223:  op mul *tmp10 :value :scale                                  y = 10 + value * scale;
  224:  op add :y 10 *tmp10                                          ...
  225:  draw line 154 :last 149 :y 0 0                               line(x, last, x - 5, y);
  226:  set :last :y                                                 last = y;
  227:  op max :newMax :newMax :value                                newMax = max(newMax, value);
  228:  read :t bank1 :tail                                          t = MEMORY[tail];
  229:  read :h bank1 :head                                          h = MEMORY[head];
  230:  op sub *tmp9 :value :t                                       value = value - t + h;
  231:  op add :value *tmp9 :h                                       ...
  232:  op sub :head :head 1                                         head -= 1;
  233:  jump *label63 greaterThan :head 256                          if head <= INDEX then head = SIZE - 1; end;
  234:  op sub :head 511 1                                           ...
        label *label63                                               ...
  235:  op sub :tail :tail 1                                         tail -= 1;
  236:  jump *label65 greaterThan :tail 256                          if tail <= INDEX then tail = SIZE - 1; end;
  237:  op sub :tail 511 1                                           ...
        label *label65                                               ...
  238:  op mul *tmp10 :value :scale                                  y = 10 + value * scale;
  239:  op add :y 10 *tmp10                                          ...
  240:  draw line 149 :last 144 :y 0 0                               line(x, last, x - 5, y);
  241:  set :last :y                                                 last = y;
  242:  op max :newMax :newMax :value                                newMax = max(newMax, value);
  243:  read :t bank1 :tail                                          t = MEMORY[tail];
  244:  read :h bank1 :head                                          h = MEMORY[head];
  245:  op sub *tmp9 :value :t                                       value = value - t + h;
  246:  op add :value *tmp9 :h                                       ...
  247:  op sub :head :head 1                                         head -= 1;
  248:  jump *label68 greaterThan :head 256                          if head <= INDEX then head = SIZE - 1; end;
  249:  op sub :head 511 1                                           ...
        label *label68                                               ...
  250:  op sub :tail :tail 1                                         tail -= 1;
  251:  jump *label70 greaterThan :tail 256                          if tail <= INDEX then tail = SIZE - 1; end;
  252:  op sub :tail 511 1                                           ...
        label *label70                                               ...
  253:  op mul *tmp10 :value :scale                                  y = 10 + value * scale;
  254:  op add :y 10 *tmp10                                          ...
  255:  draw line 144 :last 139 :y 0 0                               line(x, last, x - 5, y);
  256:  set :last :y                                                 last = y;
  257:  op max :newMax :newMax :value                                newMax = max(newMax, value);
  258:  read :t bank1 :tail                                          t = MEMORY[tail];
  259:  read :h bank1 :head                                          h = MEMORY[head];
  260:  op sub *tmp9 :value :t                                       value = value - t + h;
  261:  op add :value *tmp9 :h                                       ...
  262:  op sub :head :head 1                                         head -= 1;
  263:  jump *label73 greaterThan :head 256                          if head <= INDEX then head = SIZE - 1; end;
  264:  op sub :head 511 1                                           ...
        label *label73                                               ...
  265:  op sub :tail :tail 1                                         tail -= 1;
  266:  jump *label75 greaterThan :tail 256                          if tail <= INDEX then tail = SIZE - 1; end;
  267:  op sub :tail 511 1                                           ...
        label *label75                                               ...
  268:  op mul *tmp10 :value :scale                                  y = 10 + value * scale;
  269:  op add :y 10 *tmp10                                          ...
  270:  draw line 139 :last 134 :y 0 0                               line(x, last, x - 5, y);
  271:  set :last :y                                                 last = y;
  272:  op max :newMax :newMax :value                                newMax = max(newMax, value);
  273:  read :t bank1 :tail                                          t = MEMORY[tail];
  274:  read :h bank1 :head                                          h = MEMORY[head];
  275:  op sub *tmp9 :value :t                                       value = value - t + h;
  276:  op add :value *tmp9 :h                                       ...
  277:  op sub :head :head 1                                         head -= 1;
  278:  jump *label78 greaterThan :head 256                          if head <= INDEX then head = SIZE - 1; end;
  279:  op sub :head 511 1                                           ...
        label *label78                                               ...
  280:  op sub :tail :tail 1                                         tail -= 1;
  281:  jump *label80 greaterThan :tail 256                          if tail <= INDEX then tail = SIZE - 1; end;
  282:  op sub :tail 511 1                                           ...
        label *label80                                               ...
  283:  op mul *tmp10 :value :scale                                  y = 10 + value * scale;
  284:  op add :y 10 *tmp10                                          ...
  285:  draw line 134 :last 129 :y 0 0                               line(x, last, x - 5, y);
  286:  set :last :y                                                 last = y;
  287:  op max :newMax :newMax :value                                newMax = max(newMax, value);
  288:  read :t bank1 :tail                                          t = MEMORY[tail];
  289:  read :h bank1 :head                                          h = MEMORY[head];
  290:  op sub *tmp9 :value :t                                       value = value - t + h;
  291:  op add :value *tmp9 :h                                       ...
  292:  op sub :head :head 1                                         head -= 1;
  293:  jump *label83 greaterThan :head 256                          if head <= INDEX then head = SIZE - 1; end;
  294:  op sub :head 511 1                                           ...
        label *label83                                               ...
  295:  op sub :tail :tail 1                                         tail -= 1;
  296:  jump *label85 greaterThan :tail 256                          if tail <= INDEX then tail = SIZE - 1; end;
  297:  op sub :tail 511 1                                           ...
        label *label85                                               ...
  298:  op mul *tmp10 :value :scale                                  y = 10 + value * scale;
  299:  op add :y 10 *tmp10                                          ...
  300:  draw line 129 :last 124 :y 0 0                               line(x, last, x - 5, y);
  301:  set :last :y                                                 last = y;
  302:  op max :newMax :newMax :value                                newMax = max(newMax, value);
  303:  read :t bank1 :tail                                          t = MEMORY[tail];
  304:  read :h bank1 :head                                          h = MEMORY[head];
  305:  op sub *tmp9 :value :t                                       value = value - t + h;
  306:  op add :value *tmp9 :h                                       ...
  307:  op sub :head :head 1                                         head -= 1;
  308:  jump *label88 greaterThan :head 256                          if head <= INDEX then head = SIZE - 1; end;
  309:  op sub :head 511 1                                           ...
        label *label88                                               ...
  310:  op sub :tail :tail 1                                         tail -= 1;
  311:  jump *label90 greaterThan :tail 256                          if tail <= INDEX then tail = SIZE - 1; end;
  312:  op sub :tail 511 1                                           ...
        label *label90                                               ...
  313:  op mul *tmp10 :value :scale                                  y = 10 + value * scale;
  314:  op add :y 10 *tmp10                                          ...
  315:  draw line 124 :last 119 :y 0 0                               line(x, last, x - 5, y);
  316:  set :last :y                                                 last = y;
  317:  op max :newMax :newMax :value                                newMax = max(newMax, value);
  318:  read :t bank1 :tail                                          t = MEMORY[tail];
  319:  read :h bank1 :head                                          h = MEMORY[head];
  320:  op sub *tmp9 :value :t                                       value = value - t + h;
  321:  op add :value *tmp9 :h                                       ...
  322:  op sub :head :head 1                                         head -= 1;
  323:  jump *label93 greaterThan :head 256                          if head <= INDEX then head = SIZE - 1; end;
  324:  op sub :head 511 1                                           ...
        label *label93                                               ...
  325:  op sub :tail :tail 1                                         tail -= 1;
  326:  jump *label95 greaterThan :tail 256                          if tail <= INDEX then tail = SIZE - 1; end;
  327:  op sub :tail 511 1                                           ...
        label *label95                                               ...
  328:  op mul *tmp10 :value :scale                                  y = 10 + value * scale;
  329:  op add :y 10 *tmp10                                          ...
  330:  draw line 119 :last 114 :y 0 0                               line(x, last, x - 5, y);
  331:  set :last :y                                                 last = y;
  332:  op max :newMax :newMax :value                                newMax = max(newMax, value);
  333:  read :t bank1 :tail                                          t = MEMORY[tail];
  334:  read :h bank1 :head                                          h = MEMORY[head];
  335:  op sub *tmp9 :value :t                                       value = value - t + h;
  336:  op add :value *tmp9 :h                                       ...
  337:  op sub :head :head 1                                         head -= 1;
  338:  jump *label98 greaterThan :head 256                          if head <= INDEX then head = SIZE - 1; end;
  339:  op sub :head 511 1                                           ...
        label *label98                                               ...
  340:  op sub :tail :tail 1                                         tail -= 1;
  341:  jump *label100 greaterThan :tail 256                         if tail <= INDEX then tail = SIZE - 1; end;
  342:  op sub :tail 511 1                                           ...
        label *label100                                              ...
  343:  op mul *tmp10 :value :scale                                  y = 10 + value * scale;
  344:  op add :y 10 *tmp10                                          ...
  345:  draw line 114 :last 109 :y 0 0                               line(x, last, x - 5, y);
  346:  set :last :y                                                 last = y;
  347:  op max :newMax :newMax :value                                newMax = max(newMax, value);
  348:  read :t bank1 :tail                                          t = MEMORY[tail];
  349:  read :h bank1 :head                                          h = MEMORY[head];
  350:  op sub *tmp9 :value :t                                       value = value - t + h;
  351:  op add :value *tmp9 :h                                       ...
  352:  op sub :head :head 1                                         head -= 1;
  353:  jump *label103 greaterThan :head 256                         if head <= INDEX then head = SIZE - 1; end;
  354:  op sub :head 511 1                                           ...
        label *label103                                              ...
  355:  op sub :tail :tail 1                                         tail -= 1;
  356:  jump *label105 greaterThan :tail 256                         if tail <= INDEX then tail = SIZE - 1; end;
  357:  op sub :tail 511 1                                           ...
        label *label105                                              ...
  358:  op mul *tmp10 :value :scale                                  y = 10 + value * scale;
  359:  op add :y 10 *tmp10                                          ...
  360:  draw line 109 :last 104 :y 0 0                               line(x, last, x - 5, y);
  361:  set :last :y                                                 last = y;
  362:  op max :newMax :newMax :value                                newMax = max(newMax, value);
  363:  read :t bank1 :tail                                          t = MEMORY[tail];
  364:  read :h bank1 :head                                          h = MEMORY[head];
  365:  op sub *tmp9 :value :t                                       value = value - t + h;
  366:  op add :value *tmp9 :h                                       ...
  367:  op sub :head :head 1                                         head -= 1;
  368:  jump *label108 greaterThan :head 256                         if head <= INDEX then head = SIZE - 1; end;
  369:  op sub :head 511 1                                           ...
        label *label108                                              ...
  370:  op sub :tail :tail 1                                         tail -= 1;
  371:  jump *label110 greaterThan :tail 256                         if tail <= INDEX then tail = SIZE - 1; end;
  372:  op sub :tail 511 1                                           ...
        label *label110                                              ...
  373:  op mul *tmp10 :value :scale                                  y = 10 + value * scale;
  374:  op add :y 10 *tmp10                                          ...
  375:  draw line 104 :last 99 :y 0 0                                line(x, last, x - 5, y);
  376:  set :last :y                                                 last = y;
  377:  op max :newMax :newMax :value                                newMax = max(newMax, value);
  378:  read :t bank1 :tail                                          t = MEMORY[tail];
  379:  read :h bank1 :head                                          h = MEMORY[head];
  380:  op sub *tmp9 :value :t                                       value = value - t + h;
  381:  op add :value *tmp9 :h                                       ...
  382:  op sub :head :head 1                                         head -= 1;
  383:  jump *label113 greaterThan :head 256                         if head <= INDEX then head = SIZE - 1; end;
  384:  op sub :head 511 1                                           ...
        label *label113                                              ...
  385:  op sub :tail :tail 1                                         tail -= 1;
  386:  jump *label115 greaterThan :tail 256                         if tail <= INDEX then tail = SIZE - 1; end;
  387:  op sub :tail 511 1                                           ...
        label *label115                                              ...
  388:  op mul *tmp10 :value :scale                                  y = 10 + value * scale;
  389:  op add :y 10 *tmp10                                          ...
  390:  draw line 99 :last 94 :y 0 0                                 line(x, last, x - 5, y);
  391:  set :last :y                                                 last = y;
  392:  op max :newMax :newMax :value                                newMax = max(newMax, value);
  393:  read :t bank1 :tail                                          t = MEMORY[tail];
  394:  read :h bank1 :head                                          h = MEMORY[head];
  395:  op sub *tmp9 :value :t                                       value = value - t + h;
  396:  op add :value *tmp9 :h                                       ...
  397:  op sub :head :head 1                                         head -= 1;
  398:  jump *label118 greaterThan :head 256                         if head <= INDEX then head = SIZE - 1; end;
  399:  op sub :head 511 1                                           ...
        label *label118                                              ...
  400:  op sub :tail :tail 1                                         tail -= 1;
  401:  jump *label120 greaterThan :tail 256                         if tail <= INDEX then tail = SIZE - 1; end;
  402:  op sub :tail 511 1                                           ...
        label *label120                                              ...
  403:  op mul *tmp10 :value :scale                                  y = 10 + value * scale;
  404:  op add :y 10 *tmp10                                          ...
  405:  draw line 94 :last 89 :y 0 0                                 line(x, last, x - 5, y);
  406:  set :last :y                                                 last = y;
  407:  op max :newMax :newMax :value                                newMax = max(newMax, value);
  408:  read :t bank1 :tail                                          t = MEMORY[tail];
  409:  read :h bank1 :head                                          h = MEMORY[head];
  410:  op sub *tmp9 :value :t                                       value = value - t + h;
  411:  op add :value *tmp9 :h                                       ...
  412:  op sub :head :head 1                                         head -= 1;
  413:  jump *label123 greaterThan :head 256                         if head <= INDEX then head = SIZE - 1; end;
  414:  op sub :head 511 1                                           ...
        label *label123                                              ...
  415:  op sub :tail :tail 1                                         tail -= 1;
  416:  jump *label125 greaterThan :tail 256                         if tail <= INDEX then tail = SIZE - 1; end;
  417:  op sub :tail 511 1                                           ...
        label *label125                                              ...
  418:  op mul *tmp10 :value :scale                                  y = 10 + value * scale;
  419:  op add :y 10 *tmp10                                          ...
  420:  draw line 89 :last 84 :y 0 0                                 line(x, last, x - 5, y);
  421:  set :last :y                                                 last = y;
  422:  op max :newMax :newMax :value                                newMax = max(newMax, value);
  423:  read :t bank1 :tail                                          t = MEMORY[tail];
  424:  read :h bank1 :head                                          h = MEMORY[head];
  425:  op sub *tmp9 :value :t                                       value = value - t + h;
  426:  op add :value *tmp9 :h                                       ...
  427:  op sub :head :head 1                                         head -= 1;
  428:  jump *label128 greaterThan :head 256                         if head <= INDEX then head = SIZE - 1; end;
  429:  op sub :head 511 1                                           ...
        label *label128                                              ...
  430:  op sub :tail :tail 1                                         tail -= 1;
  431:  jump *label130 greaterThan :tail 256                         if tail <= INDEX then tail = SIZE - 1; end;
  432:  op sub :tail 511 1                                           ...
        label *label130                                              ...
  433:  op mul *tmp10 :value :scale                                  y = 10 + value * scale;
  434:  op add :y 10 *tmp10                                          ...
  435:  draw line 84 :last 79 :y 0 0                                 line(x, last, x - 5, y);
  436:  set :last :y                                                 last = y;
  437:  op max :newMax :newMax :value                                newMax = max(newMax, value);
  438:  read :t bank1 :tail                                          t = MEMORY[tail];
  439:  read :h bank1 :head                                          h = MEMORY[head];
  440:  op sub *tmp9 :value :t                                       value = value - t + h;
  441:  op add :value *tmp9 :h                                       ...
  442:  op sub :head :head 1                                         head -= 1;
  443:  jump *label133 greaterThan :head 256                         if head <= INDEX then head = SIZE - 1; end;
  444:  op sub :head 511 1                                           ...
        label *label133                                              ...
  445:  op sub :tail :tail 1                                         tail -= 1;
  446:  jump *label135 greaterThan :tail 256                         if tail <= INDEX then tail = SIZE - 1; end;
  447:  op sub :tail 511 1                                           ...
        label *label135                                              ...
  448:  op mul *tmp10 :value :scale                                  y = 10 + value * scale;
  449:  op add :y 10 *tmp10                                          ...
  450:  draw line 79 :last 74 :y 0 0                                 line(x, last, x - 5, y);
  451:  set :last :y                                                 last = y;
  452:  op max :newMax :newMax :value                                newMax = max(newMax, value);
  453:  read :t bank1 :tail                                          t = MEMORY[tail];
  454:  read :h bank1 :head                                          h = MEMORY[head];
  455:  op sub *tmp9 :value :t                                       value = value - t + h;
  456:  op add :value *tmp9 :h                                       ...
  457:  op sub :head :head 1                                         head -= 1;
  458:  jump *label138 greaterThan :head 256                         if head <= INDEX then head = SIZE - 1; end;
  459:  op sub :head 511 1                                           ...
        label *label138                                              ...
  460:  op sub :tail :tail 1                                         tail -= 1;
  461:  jump *label140 greaterThan :tail 256                         if tail <= INDEX then tail = SIZE - 1; end;
  462:  op sub :tail 511 1                                           ...
        label *label140                                              ...
  463:  op mul *tmp10 :value :scale                                  y = 10 + value * scale;
  464:  op add :y 10 *tmp10                                          ...
  465:  draw line 74 :last 69 :y 0 0                                 line(x, last, x - 5, y);
  466:  set :last :y                                                 last = y;
  467:  op max :newMax :newMax :value                                newMax = max(newMax, value);
  468:  read :t bank1 :tail                                          t = MEMORY[tail];
  469:  read :h bank1 :head                                          h = MEMORY[head];
  470:  op sub *tmp9 :value :t                                       value = value - t + h;
  471:  op add :value *tmp9 :h                                       ...
  472:  op sub :head :head 1                                         head -= 1;
  473:  jump *label143 greaterThan :head 256                         if head <= INDEX then head = SIZE - 1; end;
  474:  op sub :head 511 1                                           ...
        label *label143                                              ...
  475:  op sub :tail :tail 1                                         tail -= 1;
  476:  jump *label145 greaterThan :tail 256                         if tail <= INDEX then tail = SIZE - 1; end;
  477:  op sub :tail 511 1                                           ...
        label *label145                                              ...
  478:  op mul *tmp10 :value :scale                                  y = 10 + value * scale;
  479:  op add :y 10 *tmp10                                          ...
  480:  draw line 69 :last 64 :y 0 0                                 line(x, last, x - 5, y);
  481:  set :last :y                                                 last = y;
  482:  op max :newMax :newMax :value                                newMax = max(newMax, value);
  483:  read :t bank1 :tail                                          t = MEMORY[tail];
  484:  read :h bank1 :head                                          h = MEMORY[head];
  485:  op sub *tmp9 :value :t                                       value = value - t + h;
  486:  op add :value *tmp9 :h                                       ...
  487:  op sub :head :head 1                                         head -= 1;
  488:  jump *label148 greaterThan :head 256                         if head <= INDEX then head = SIZE - 1; end;
  489:  op sub :head 511 1                                           ...
        label *label148                                              ...
  490:  op sub :tail :tail 1                                         tail -= 1;
  491:  jump *label150 greaterThan :tail 256                         if tail <= INDEX then tail = SIZE - 1; end;
  492:  op sub :tail 511 1                                           ...
        label *label150                                              ...
  493:  op mul *tmp10 :value :scale                                  y = 10 + value * scale;
  494:  op add :y 10 *tmp10                                          ...
  495:  draw line 64 :last 59 :y 0 0                                 line(x, last, x - 5, y);
  496:  set :last :y                                                 last = y;
  497:  op max :newMax :newMax :value                                newMax = max(newMax, value);
  498:  read :t bank1 :tail                                          t = MEMORY[tail];
  499:  read :h bank1 :head                                          h = MEMORY[head];
  500:  op sub *tmp9 :value :t                                       value = value - t + h;
  501:  op add :value *tmp9 :h                                       ...
  502:  op sub :head :head 1                                         head -= 1;
  503:  jump *label153 greaterThan :head 256                         if head <= INDEX then head = SIZE - 1; end;
  504:  op sub :head 511 1                                           ...
        label *label153                                              ...
  505:  op sub :tail :tail 1                                         tail -= 1;
  506:  jump *label155 greaterThan :tail 256                         if tail <= INDEX then tail = SIZE - 1; end;
  507:  op sub :tail 511 1                                           ...
        label *label155                                              ...
  508:  op mul *tmp10 :value :scale                                  y = 10 + value * scale;
  509:  op add :y 10 *tmp10                                          ...
  510:  draw line 59 :last 54 :y 0 0                                 line(x, last, x - 5, y);
  511:  set :last :y                                                 last = y;
  512:  op max :newMax :newMax :value                                newMax = max(newMax, value);
  513:  read :t bank1 :tail                                          t = MEMORY[tail];
  514:  read :h bank1 :head                                          h = MEMORY[head];
  515:  op sub *tmp9 :value :t                                       value = value - t + h;
  516:  op add :value *tmp9 :h                                       ...
  517:  op sub :head :head 1                                         head -= 1;
  518:  jump *label158 greaterThan :head 256                         if head <= INDEX then head = SIZE - 1; end;
  519:  op sub :head 511 1                                           ...
        label *label158                                              ...
  520:  op sub :tail :tail 1                                         tail -= 1;
  521:  jump *label160 greaterThan :tail 256                         if tail <= INDEX then tail = SIZE - 1; end;
  522:  op sub :tail 511 1                                           ...
        label *label160                                              ...
  523:  op mul *tmp10 :value :scale                                  y = 10 + value * scale;
  524:  op add :y 10 *tmp10                                          ...
  525:  draw line 54 :last 49 :y 0 0                                 line(x, last, x - 5, y);
  526:  set :last :y                                                 last = y;
  527:  op max :newMax :newMax :value                                newMax = max(newMax, value);
  528:  read :t bank1 :tail                                          t = MEMORY[tail];
  529:  read :h bank1 :head                                          h = MEMORY[head];
  530:  op sub *tmp9 :value :t                                       value = value - t + h;
  531:  op add :value *tmp9 :h                                       ...
  532:  op sub :head :head 1                                         head -= 1;
  533:  jump *label163 greaterThan :head 256                         if head <= INDEX then head = SIZE - 1; end;
  534:  op sub :head 511 1                                           ...
        label *label163                                              ...
  535:  op sub :tail :tail 1                                         tail -= 1;
  536:  jump *label165 greaterThan :tail 256                         if tail <= INDEX then tail = SIZE - 1; end;
  537:  op sub :tail 511 1                                           ...
        label *label165                                              ...
  538:  op mul *tmp10 :value :scale                                  y = 10 + value * scale;
  539:  op add :y 10 *tmp10                                          ...
  540:  draw line 49 :last 44 :y 0 0                                 line(x, last, x - 5, y);
  541:  set :last :y                                                 last = y;
  542:  op max :newMax :newMax :value                                newMax = max(newMax, value);
  543:  read :t bank1 :tail                                          t = MEMORY[tail];
  544:  read :h bank1 :head                                          h = MEMORY[head];
  545:  op sub *tmp9 :value :t                                       value = value - t + h;
  546:  op add :value *tmp9 :h                                       ...
  547:  op sub :head :head 1                                         head -= 1;
  548:  jump *label168 greaterThan :head 256                         if head <= INDEX then head = SIZE - 1; end;
  549:  op sub :head 511 1                                           ...
        label *label168                                              ...
  550:  op sub :tail :tail 1                                         tail -= 1;
  551:  jump *label170 greaterThan :tail 256                         if tail <= INDEX then tail = SIZE - 1; end;
  552:  op sub :tail 511 1                                           ...
        label *label170                                              ...
  553:  op mul *tmp10 :value :scale                                  y = 10 + value * scale;
  554:  op add :y 10 *tmp10                                          ...
  555:  draw line 44 :last 39 :y 0 0                                 line(x, last, x - 5, y);
  556:  set :last :y                                                 last = y;
  557:  op max :newMax :newMax :value                                newMax = max(newMax, value);
  558:  read :t bank1 :tail                                          t = MEMORY[tail];
  559:  read :h bank1 :head                                          h = MEMORY[head];
  560:  op sub *tmp9 :value :t                                       value = value - t + h;
  561:  op add :value *tmp9 :h                                       ...
  562:  op sub :head :head 1                                         head -= 1;
  563:  jump *label173 greaterThan :head 256                         if head <= INDEX then head = SIZE - 1; end;
  564:  op sub :head 511 1                                           ...
        label *label173                                              ...
  565:  op sub :tail :tail 1                                         tail -= 1;
  566:  jump *label175 greaterThan :tail 256                         if tail <= INDEX then tail = SIZE - 1; end;
  567:  op sub :tail 511 1                                           ...
        label *label175                                              ...
  568:  op mul *tmp10 :value :scale                                  y = 10 + value * scale;
  569:  op add :y 10 *tmp10                                          ...
  570:  draw line 39 :last 34 :y 0 0                                 line(x, last, x - 5, y);
  571:  set :last :y                                                 last = y;
  572:  op max :newMax :newMax :value                                newMax = max(newMax, value);
  573:  read :t bank1 :tail                                          t = MEMORY[tail];
  574:  read :h bank1 :head                                          h = MEMORY[head];
  575:  op sub *tmp9 :value :t                                       value = value - t + h;
  576:  op add :value *tmp9 :h                                       ...
  577:  op sub :head :head 1                                         head -= 1;
  578:  jump *label178 greaterThan :head 256                         if head <= INDEX then head = SIZE - 1; end;
  579:  op sub :head 511 1                                           ...
        label *label178                                              ...
  580:  op sub :tail :tail 1                                         tail -= 1;
  581:  jump *label180 greaterThan :tail 256                         if tail <= INDEX then tail = SIZE - 1; end;
  582:  op sub :tail 511 1                                           ...
        label *label180                                              ...
  583:  op mul *tmp10 :value :scale                                  y = 10 + value * scale;
  584:  op add :y 10 *tmp10                                          ...
  585:  draw line 34 :last 29 :y 0 0                                 line(x, last, x - 5, y);
  586:  set :last :y                                                 last = y;
  587:  op max :newMax :newMax :value                                newMax = max(newMax, value);
  588:  read :t bank1 :tail                                          t = MEMORY[tail];
  589:  read :h bank1 :head                                          h = MEMORY[head];
  590:  op sub *tmp9 :value :t                                       value = value - t + h;
  591:  op add :value *tmp9 :h                                       ...
  592:  op sub :head :head 1                                         head -= 1;
  593:  jump *label183 greaterThan :head 256                         if head <= INDEX then head = SIZE - 1; end;
  594:  op sub :head 511 1                                           ...
        label *label183                                              ...
  595:  op sub :tail :tail 1                                         tail -= 1;
  596:  jump *label185 greaterThan :tail 256                         if tail <= INDEX then tail = SIZE - 1; end;
  597:  op sub :tail 511 1                                           ...
        label *label185                                              ...
  598:  op mul *tmp10 :value :scale                                  y = 10 + value * scale;
  599:  op add :y 10 *tmp10                                          ...
  600:  draw line 29 :last 24 :y 0 0                                 line(x, last, x - 5, y);
  601:  set :last :y                                                 last = y;
  602:  op max :newMax :newMax :value                                newMax = max(newMax, value);
  603:  read :t bank1 :tail                                          t = MEMORY[tail];
  604:  read :h bank1 :head                                          h = MEMORY[head];
  605:  op sub *tmp9 :value :t                                       value = value - t + h;
  606:  op add :value *tmp9 :h                                       ...
  607:  op sub :head :head 1                                         head -= 1;
  608:  jump *label188 greaterThan :head 256                         if head <= INDEX then head = SIZE - 1; end;
  609:  op sub :head 511 1                                           ...
        label *label188                                              ...
  610:  op sub :tail :tail 1                                         tail -= 1;
  611:  jump *label190 greaterThan :tail 256                         if tail <= INDEX then tail = SIZE - 1; end;
  612:  op sub :tail 511 1                                           ...
        label *label190                                              ...
  613:  op mul *tmp10 :value :scale                                  y = 10 + value * scale;
  614:  op add :y 10 *tmp10                                          ...
  615:  draw line 24 :last 19 :y 0 0                                 line(x, last, x - 5, y);
  616:  set :last :y                                                 last = y;
  617:  op max :newMax :newMax :value                                newMax = max(newMax, value);
  618:  read :t bank1 :tail                                          t = MEMORY[tail];
  619:  read :h bank1 :head                                          h = MEMORY[head];
  620:  op sub *tmp9 :value :t                                       value = value - t + h;
  621:  op add :value *tmp9 :h                                       ...
  622:  op mul *tmp10 :value :scale                                  y = 10 + value * scale;
  623:  op add :y 10 *tmp10                                          ...
  624:  draw line 19 :last 14 :y 0 0                                 line(x, last, x - 5, y);
  625:  op max :newMax :newMax :value                                newMax = max(newMax, value);
  626:  draw color 255 255 255 255 0 0                               color(255,255,255,255);
  627:  draw lineRect 10 10 156 156 0 0                              lineRect(10,10,156,156);
  628:  op max :maximum :newMax :maximum                             maximum = max(newMax, maximum);
  629:  op mul *tmp11 3 :newMax                                      if 3 * newMax < maximum then
  630:  jump *label29 greaterThanEq *tmp11 :maximum                  ...
  631:  op mul :maximum 1.5 :newMax                                  maximum = 1.5 * newMax;
        label *label29                                               if 3 * newMax < maximum then
  632:  write :maximum cell1 0                                       COORD[POSITION] = maximum;
  633:  op sub *tmp12 @time :start                                   print($"\n[lightgray]Loop time: $ ms", floor(@time - start));
  634:  op floor *tmp13 *tmp12 0                                     ...
  635:  print "\n[lightgray]Loop time: {0} ms"                       ...
  636:  format *tmp13                                                ...
  637:  op div *tmp14 @time 1000                                     wait = FREQ * ceil(@time / FREQ);
  638:  op ceil *tmp15 *tmp14 0                                      ...
  639:  op mul :wait 1000 *tmp15                                     ...
  640:  set :loops 0                                                 loops = 0;
  641:  jump *label33 greaterThanEq @time :wait                      while @time < wait do
        label *label38                                               ...
  642:  op add :loops :loops 1                                       loops += 1;
  643:  jump *label38 lessThan @time :wait                           while @time < wait do
        label *label33                                               ...
  644:  drawflush display1                                           drawflush(display1);
  645:  print "\nLoops: "                                            print("\nLoops: ", loops);
  646:  print :loops                                                 ...
  647:  printflush message1                                          printflush(message1);
  648:  sensor *tmp2 switch1 @enabled                                while switch1.@enabled == 0 do
  649:  jump *label39 equal *tmp2 0                                  ...
        label *label9                                                ...
  650:  control enabled switch1 0 0 0 0                              switch1.enabled = 0;


Code size and number of instantiations by function:
  Size  Times  AvgSize  Function
   651     1x    651,0  <no function>

