   671 instructions before optimizations.
    43 instructions eliminated by Temp Variables Elimination (3 passes, 7 iterations).
    57 instructions eliminated by Dead Code Elimination (5 iterations).
     1 instruction eliminated by Jump Normalization (5 iterations).
    13 instructions eliminated by Condition Optimization (6 iterations).
    45 instructions eliminated by Single Step Elimination (2 passes, 7 iterations).
    11 instructions modified by Expression Optimization (2 passes, 3 iterations).
     1 instruction eliminated by Boolean Optimization (6 iterations).
       1 fully-evaluated expression optimized using 'select'.
   121 instructions eliminated by Data Flow Optimization (32 passes, 100 iterations).
     3 instructions added by Loop Rotation (3 iterations).
       3 loop conditions were partially rotated.
     2 instructions eliminated by Loop Unrolling (37 iterations).
     1 loop unrolled by Loop Unrolling.
   343 instructions added by Function Inlining (37 iterations).
    54 function calls inlined by Function Inlining.
     1 instruction eliminated by Jump Straightening (6 iterations).
     5 instructions eliminated by Unreachable Code Elimination (2 iterations).
   728 instructions after optimizations.

Pass 1: speed optimization selection (cost limit 474):
    Full loop rotation at BaseBuilder.mnd:258:5                  size    +1, benefit       26.0, efficiency     26.000
    Full loop rotation at BaseBuilder.mnd:263:5                  size    +1, benefit       26.0, efficiency     26.000
    Full loop rotation at BaseBuilder.mnd:282:5                  size    +1, benefit       26.0, efficiency     26.000
  * Unroll iteration loop at BaseBuilder.mnd:191:5               size   -19, benefit       39.0, efficiency   Infinity (-13 instructions)
    Inline function 'buildRemoteBlockLocal' defined at BaseBuilder.mnd:53:1 size   +55, benefit       36.0, efficiency      0.655
    Inline function 'buildBlockFromCfgLocal' defined at BaseBuilder.mnd:62:1 size  +271, benefit      105.0, efficiency      0.387
    Inline function 'buildUnits' defined at BaseBuilder.mnd:125:1 size   +35, benefit        9.0, efficiency      0.257
    Inline function 'flagUnits' defined at BaseBuilder.mnd:353:1 size   +20, benefit       14.0, efficiency      0.700
    Inline function 'lineUpUnits' defined at BaseBuilder.mnd:367:1 size   +26, benefit      400.0, efficiency     15.385
    Inline function call at BaseBuilder.mnd:148:5                size    +8, benefit        3.5, efficiency      0.438
    Inline function call at BaseBuilder.mnd:149:5                size    +8, benefit        3.5, efficiency      0.438
    Inline function call at BaseBuilder.mnd:150:5                size    +8, benefit        3.5, efficiency      0.438
    Inline function call at BaseBuilder.mnd:151:5                size    +8, benefit        3.5, efficiency      0.438
    Inline function call at BaseBuilder.mnd:157:25               size    +8, benefit        1.8, efficiency      0.219
    Inline function call at BaseBuilder.mnd:159:9                size    +8, benefit        1.8, efficiency      0.219
    Inline function call at BaseBuilder.mnd:160:9                size    +8, benefit        1.8, efficiency      0.219
    Inline function call at BaseBuilder.mnd:163:5                size    +8, benefit        3.5, efficiency      0.438
    Inline function call at BaseBuilder.mnd:164:5                size    +8, benefit        3.5, efficiency      0.438
    Inline function call at BaseBuilder.mnd:170:9                size    +8, benefit        1.8, efficiency      0.219
    Inline function call at BaseBuilder.mnd:171:25               size    +8, benefit        1.8, efficiency      0.219
    Inline function call at BaseBuilder.mnd:173:9                size    +8, benefit        1.8, efficiency      0.219
    Inline function call at BaseBuilder.mnd:174:9                size    +8, benefit        1.8, efficiency      0.219
    Inline function call at BaseBuilder.mnd:175:9                size    +8, benefit        1.8, efficiency      0.219
    Inline function call at BaseBuilder.mnd:179:5                size    +8, benefit        3.5, efficiency      0.438
    Inline function call at BaseBuilder.mnd:180:5                size    +8, benefit        3.5, efficiency      0.438
    Inline function call at BaseBuilder.mnd:181:5                size    +8, benefit        3.5, efficiency      0.438
    Inline function call at BaseBuilder.mnd:196:5                size    +8, benefit        3.5, efficiency      0.438
    Inline function call at BaseBuilder.mnd:197:5                size    +8, benefit        3.5, efficiency      0.438
    Inline function call at BaseBuilder.mnd:198:5                size    +8, benefit        3.5, efficiency      0.438
    Inline function call at BaseBuilder.mnd:200:5                size    +8, benefit        3.5, efficiency      0.438
    Inline function call at BaseBuilder.mnd:212:5                size   +18, benefit        3.0, efficiency      0.167
    Inline function call at BaseBuilder.mnd:225:5                size    +8, benefit        3.5, efficiency      0.438
    Inline function call at BaseBuilder.mnd:226:5                size    +8, benefit        3.5, efficiency      0.438
    Inline function call at BaseBuilder.mnd:227:5                size    +8, benefit        3.5, efficiency      0.438
    Inline function call at BaseBuilder.mnd:230:5                size    +8, benefit        3.5, efficiency      0.438
    Inline function call at BaseBuilder.mnd:231:5                size    +8, benefit        3.5, efficiency      0.438
    Inline function call at BaseBuilder.mnd:232:5                size    +8, benefit        3.5, efficiency      0.438
    Inline function call at BaseBuilder.mnd:234:5                size    +8, benefit        3.5, efficiency      0.438
    Inline function call at BaseBuilder.mnd:237:5                size    +8, benefit        3.5, efficiency      0.438
    Inline function call at BaseBuilder.mnd:239:9                size    +8, benefit        1.8, efficiency      0.219
    Inline function call at BaseBuilder.mnd:240:9                size    +8, benefit        1.8, efficiency      0.219
    Inline function call at BaseBuilder.mnd:245:5                size    +8, benefit        3.5, efficiency      0.438
    Inline function call at BaseBuilder.mnd:246:5                size    +8, benefit        3.5, efficiency      0.438
    Inline function call at BaseBuilder.mnd:247:5                size    +8, benefit        3.5, efficiency      0.438
    Inline function call at BaseBuilder.mnd:256:5                size   +18, benefit        3.0, efficiency      0.167
    Inline function call at BaseBuilder.mnd:103:5                size    +8, benefit        4.5, efficiency      0.563
    Inline function call at BaseBuilder.mnd:104:5                size    +8, benefit        4.5, efficiency      0.563
    Inline function call at BaseBuilder.mnd:105:24               size    +8, benefit        4.5, efficiency      0.563
    Inline function call at BaseBuilder.mnd:106:5                size    +8, benefit        4.5, efficiency      0.563
    Inline function call at BaseBuilder.mnd:107:5                size    +8, benefit        4.5, efficiency      0.563
    Inline function call at BaseBuilder.mnd:108:5                size    +8, benefit        4.5, efficiency      0.563
    Inline function call at BaseBuilder.mnd:109:22               size    +8, benefit        4.5, efficiency      0.563
    Inline function call at BaseBuilder.mnd:110:24               size    +8, benefit        4.5, efficiency      0.563
    Inline function call at BaseBuilder.mnd:292:5                size    +8, benefit        3.5, efficiency      0.438
    Inline function call at BaseBuilder.mnd:298:5                size   +18, benefit        3.0, efficiency      0.167
    Inline function call at BaseBuilder.mnd:340:5                size    +7, benefit        3.5, efficiency      0.500
    Inline function call at BaseBuilder.mnd:341:5                size    +7, benefit        3.5, efficiency      0.500
    Inline function call at BaseBuilder.mnd:342:5                size    +7, benefit        3.5, efficiency      0.500
    Inline function call at BaseBuilder.mnd:343:5                size    +7, benefit        3.5, efficiency      0.500
    Inline function call at BaseBuilder.mnd:346:9                size    +9, benefit      100.0, efficiency     11.111
    Inline function call at BaseBuilder.mnd:347:9                size    +9, benefit      100.0, efficiency     11.111
    Inline function call at BaseBuilder.mnd:348:9                size    +9, benefit      100.0, efficiency     11.111
    Inline function call at BaseBuilder.mnd:349:9                size    +9, benefit      100.0, efficiency     11.111

Pass 1: speed optimization selection (cost limit 487):
  * Full loop rotation at BaseBuilder.mnd:258:5                  size    +1, benefit       26.0, efficiency     26.000 (+1 instructions)
    Full loop rotation at BaseBuilder.mnd:263:5                  size    +1, benefit       26.0, efficiency     26.000
    Full loop rotation at BaseBuilder.mnd:282:5                  size    +1, benefit       26.0, efficiency     26.000
    Inline function 'buildRemoteBlockLocal' defined at BaseBuilder.mnd:53:1 size   +55, benefit       36.0, efficiency      0.655
    Inline function 'buildBlockFromCfgLocal' defined at BaseBuilder.mnd:62:1 size  +271, benefit      105.0, efficiency      0.387
    Inline function 'buildUnits' defined at BaseBuilder.mnd:125:1 size   +35, benefit        9.0, efficiency      0.257
    Inline function 'flagUnits' defined at BaseBuilder.mnd:353:1 size   +20, benefit       14.0, efficiency      0.700
    Inline function 'lineUpUnits' defined at BaseBuilder.mnd:367:1 size   +26, benefit      400.0, efficiency     15.385
    Inline function call at BaseBuilder.mnd:148:5                size    +8, benefit        3.5, efficiency      0.438
    Inline function call at BaseBuilder.mnd:149:5                size    +8, benefit        3.5, efficiency      0.438
    Inline function call at BaseBuilder.mnd:150:5                size    +8, benefit        3.5, efficiency      0.438
    Inline function call at BaseBuilder.mnd:151:5                size    +8, benefit        3.5, efficiency      0.438
    Inline function call at BaseBuilder.mnd:157:25               size    +8, benefit        1.8, efficiency      0.219
    Inline function call at BaseBuilder.mnd:159:9                size    +8, benefit        1.8, efficiency      0.219
    Inline function call at BaseBuilder.mnd:160:9                size    +8, benefit        1.8, efficiency      0.219
    Inline function call at BaseBuilder.mnd:163:5                size    +8, benefit        3.5, efficiency      0.438
    Inline function call at BaseBuilder.mnd:164:5                size    +8, benefit        3.5, efficiency      0.438
    Inline function call at BaseBuilder.mnd:170:9                size    +8, benefit        1.8, efficiency      0.219
    Inline function call at BaseBuilder.mnd:171:25               size    +8, benefit        1.8, efficiency      0.219
    Inline function call at BaseBuilder.mnd:173:9                size    +8, benefit        1.8, efficiency      0.219
    Inline function call at BaseBuilder.mnd:174:9                size    +8, benefit        1.8, efficiency      0.219
    Inline function call at BaseBuilder.mnd:175:9                size    +8, benefit        1.8, efficiency      0.219
    Inline function call at BaseBuilder.mnd:179:5                size    +8, benefit        3.5, efficiency      0.438
    Inline function call at BaseBuilder.mnd:180:5                size    +8, benefit        3.5, efficiency      0.438
    Inline function call at BaseBuilder.mnd:181:5                size    +8, benefit        3.5, efficiency      0.438
    Inline function call at BaseBuilder.mnd:196:5                size    +8, benefit        3.5, efficiency      0.438
    Inline function call at BaseBuilder.mnd:197:5                size    +8, benefit        3.5, efficiency      0.438
    Inline function call at BaseBuilder.mnd:198:5                size    +8, benefit        3.5, efficiency      0.438
    Inline function call at BaseBuilder.mnd:200:5                size    +8, benefit        3.5, efficiency      0.438
    Inline function call at BaseBuilder.mnd:212:5                size   +18, benefit        3.0, efficiency      0.167
    Inline function call at BaseBuilder.mnd:225:5                size    +8, benefit        3.5, efficiency      0.438
    Inline function call at BaseBuilder.mnd:226:5                size    +8, benefit        3.5, efficiency      0.438
    Inline function call at BaseBuilder.mnd:227:5                size    +8, benefit        3.5, efficiency      0.438
    Inline function call at BaseBuilder.mnd:230:5                size    +8, benefit        3.5, efficiency      0.438
    Inline function call at BaseBuilder.mnd:231:5                size    +8, benefit        3.5, efficiency      0.438
    Inline function call at BaseBuilder.mnd:232:5                size    +8, benefit        3.5, efficiency      0.438
    Inline function call at BaseBuilder.mnd:234:5                size    +8, benefit        3.5, efficiency      0.438
    Inline function call at BaseBuilder.mnd:237:5                size    +8, benefit        3.5, efficiency      0.438
    Inline function call at BaseBuilder.mnd:239:9                size    +8, benefit        1.8, efficiency      0.219
    Inline function call at BaseBuilder.mnd:240:9                size    +8, benefit        1.8, efficiency      0.219
    Inline function call at BaseBuilder.mnd:245:5                size    +8, benefit        3.5, efficiency      0.438
    Inline function call at BaseBuilder.mnd:246:5                size    +8, benefit        3.5, efficiency      0.438
    Inline function call at BaseBuilder.mnd:247:5                size    +8, benefit        3.5, efficiency      0.438
    Inline function call at BaseBuilder.mnd:256:5                size   +18, benefit        3.0, efficiency      0.167
    Inline function call at BaseBuilder.mnd:103:5                size    +8, benefit        4.5, efficiency      0.563
    Inline function call at BaseBuilder.mnd:104:5                size    +8, benefit        4.5, efficiency      0.563
    Inline function call at BaseBuilder.mnd:105:24               size    +8, benefit        4.5, efficiency      0.563
    Inline function call at BaseBuilder.mnd:106:5                size    +8, benefit        4.5, efficiency      0.563
    Inline function call at BaseBuilder.mnd:107:5                size    +8, benefit        4.5, efficiency      0.563
    Inline function call at BaseBuilder.mnd:108:5                size    +8, benefit        4.5, efficiency      0.563
    Inline function call at BaseBuilder.mnd:109:22               size    +8, benefit        4.5, efficiency      0.563
    Inline function call at BaseBuilder.mnd:110:24               size    +8, benefit        4.5, efficiency      0.563
    Inline function call at BaseBuilder.mnd:292:5                size    +8, benefit        3.5, efficiency      0.438
    Inline function call at BaseBuilder.mnd:298:5                size   +18, benefit        3.0, efficiency      0.167
    Inline function call at BaseBuilder.mnd:340:5                size    +7, benefit        3.5, efficiency      0.500
    Inline function call at BaseBuilder.mnd:341:5                size    +7, benefit        3.5, efficiency      0.500
    Inline function call at BaseBuilder.mnd:342:5                size    +7, benefit        3.5, efficiency      0.500
    Inline function call at BaseBuilder.mnd:343:5                size    +7, benefit        3.5, efficiency      0.500
    Inline function call at BaseBuilder.mnd:346:9                size    +9, benefit      100.0, efficiency     11.111
    Inline function call at BaseBuilder.mnd:347:9                size    +9, benefit      100.0, efficiency     11.111
    Inline function call at BaseBuilder.mnd:348:9                size    +9, benefit      100.0, efficiency     11.111
    Inline function call at BaseBuilder.mnd:349:9                size    +9, benefit      100.0, efficiency     11.111

Pass 1: speed optimization selection (cost limit 486):
  * Full loop rotation at BaseBuilder.mnd:263:5                  size    +1, benefit       26.0, efficiency     26.000 (+1 instructions)
    Full loop rotation at BaseBuilder.mnd:282:5                  size    +1, benefit       26.0, efficiency     26.000
    Inline function 'buildRemoteBlockLocal' defined at BaseBuilder.mnd:53:1 size   +55, benefit       36.0, efficiency      0.655
    Inline function 'buildBlockFromCfgLocal' defined at BaseBuilder.mnd:62:1 size  +271, benefit      105.0, efficiency      0.387
    Inline function 'buildUnits' defined at BaseBuilder.mnd:125:1 size   +35, benefit        9.0, efficiency      0.257
    Inline function 'flagUnits' defined at BaseBuilder.mnd:353:1 size   +20, benefit       14.0, efficiency      0.700
    Inline function 'lineUpUnits' defined at BaseBuilder.mnd:367:1 size   +26, benefit      400.0, efficiency     15.385
    Inline function call at BaseBuilder.mnd:148:5                size    +8, benefit        3.5, efficiency      0.438
    Inline function call at BaseBuilder.mnd:149:5                size    +8, benefit        3.5, efficiency      0.438
    Inline function call at BaseBuilder.mnd:150:5                size    +8, benefit        3.5, efficiency      0.438
    Inline function call at BaseBuilder.mnd:151:5                size    +8, benefit        3.5, efficiency      0.438
    Inline function call at BaseBuilder.mnd:157:25               size    +8, benefit        1.8, efficiency      0.219
    Inline function call at BaseBuilder.mnd:159:9                size    +8, benefit        1.8, efficiency      0.219
    Inline function call at BaseBuilder.mnd:160:9                size    +8, benefit        1.8, efficiency      0.219
    Inline function call at BaseBuilder.mnd:163:5                size    +8, benefit        3.5, efficiency      0.438
    Inline function call at BaseBuilder.mnd:164:5                size    +8, benefit        3.5, efficiency      0.438
    Inline function call at BaseBuilder.mnd:170:9                size    +8, benefit        1.8, efficiency      0.219
    Inline function call at BaseBuilder.mnd:171:25               size    +8, benefit        1.8, efficiency      0.219
    Inline function call at BaseBuilder.mnd:173:9                size    +8, benefit        1.8, efficiency      0.219
    Inline function call at BaseBuilder.mnd:174:9                size    +8, benefit        1.8, efficiency      0.219
    Inline function call at BaseBuilder.mnd:175:9                size    +8, benefit        1.8, efficiency      0.219
    Inline function call at BaseBuilder.mnd:179:5                size    +8, benefit        3.5, efficiency      0.438
    Inline function call at BaseBuilder.mnd:180:5                size    +8, benefit        3.5, efficiency      0.438
    Inline function call at BaseBuilder.mnd:181:5                size    +8, benefit        3.5, efficiency      0.438
    Inline function call at BaseBuilder.mnd:196:5                size    +8, benefit        3.5, efficiency      0.438
    Inline function call at BaseBuilder.mnd:197:5                size    +8, benefit        3.5, efficiency      0.438
    Inline function call at BaseBuilder.mnd:198:5                size    +8, benefit        3.5, efficiency      0.438
    Inline function call at BaseBuilder.mnd:200:5                size    +8, benefit        3.5, efficiency      0.438
    Inline function call at BaseBuilder.mnd:212:5                size   +18, benefit        3.0, efficiency      0.167
    Inline function call at BaseBuilder.mnd:225:5                size    +8, benefit        3.5, efficiency      0.438
    Inline function call at BaseBuilder.mnd:226:5                size    +8, benefit        3.5, efficiency      0.438
    Inline function call at BaseBuilder.mnd:227:5                size    +8, benefit        3.5, efficiency      0.438
    Inline function call at BaseBuilder.mnd:230:5                size    +8, benefit        3.5, efficiency      0.438
    Inline function call at BaseBuilder.mnd:231:5                size    +8, benefit        3.5, efficiency      0.438
    Inline function call at BaseBuilder.mnd:232:5                size    +8, benefit        3.5, efficiency      0.438
    Inline function call at BaseBuilder.mnd:234:5                size    +8, benefit        3.5, efficiency      0.438
    Inline function call at BaseBuilder.mnd:237:5                size    +8, benefit        3.5, efficiency      0.438
    Inline function call at BaseBuilder.mnd:239:9                size    +8, benefit        1.8, efficiency      0.219
    Inline function call at BaseBuilder.mnd:240:9                size    +8, benefit        1.8, efficiency      0.219
    Inline function call at BaseBuilder.mnd:245:5                size    +8, benefit        3.5, efficiency      0.438
    Inline function call at BaseBuilder.mnd:246:5                size    +8, benefit        3.5, efficiency      0.438
    Inline function call at BaseBuilder.mnd:247:5                size    +8, benefit        3.5, efficiency      0.438
    Inline function call at BaseBuilder.mnd:256:5                size   +18, benefit        3.0, efficiency      0.167
    Inline function call at BaseBuilder.mnd:103:5                size    +8, benefit        4.5, efficiency      0.563
    Inline function call at BaseBuilder.mnd:104:5                size    +8, benefit        4.5, efficiency      0.563
    Inline function call at BaseBuilder.mnd:105:24               size    +8, benefit        4.5, efficiency      0.563
    Inline function call at BaseBuilder.mnd:106:5                size    +8, benefit        4.5, efficiency      0.563
    Inline function call at BaseBuilder.mnd:107:5                size    +8, benefit        4.5, efficiency      0.563
    Inline function call at BaseBuilder.mnd:108:5                size    +8, benefit        4.5, efficiency      0.563
    Inline function call at BaseBuilder.mnd:109:22               size    +8, benefit        4.5, efficiency      0.563
    Inline function call at BaseBuilder.mnd:110:24               size    +8, benefit        4.5, efficiency      0.563
    Inline function call at BaseBuilder.mnd:292:5                size    +8, benefit        3.5, efficiency      0.438
    Inline function call at BaseBuilder.mnd:298:5                size   +18, benefit        3.0, efficiency      0.167
    Inline function call at BaseBuilder.mnd:340:5                size    +7, benefit        3.5, efficiency      0.500
    Inline function call at BaseBuilder.mnd:341:5                size    +7, benefit        3.5, efficiency      0.500
    Inline function call at BaseBuilder.mnd:342:5                size    +7, benefit        3.5, efficiency      0.500
    Inline function call at BaseBuilder.mnd:343:5                size    +7, benefit        3.5, efficiency      0.500
    Inline function call at BaseBuilder.mnd:346:9                size    +9, benefit      100.0, efficiency     11.111
    Inline function call at BaseBuilder.mnd:347:9                size    +9, benefit      100.0, efficiency     11.111
    Inline function call at BaseBuilder.mnd:348:9                size    +9, benefit      100.0, efficiency     11.111
    Inline function call at BaseBuilder.mnd:349:9                size    +9, benefit      100.0, efficiency     11.111

Pass 1: speed optimization selection (cost limit 485):
  * Full loop rotation at BaseBuilder.mnd:282:5                  size    +1, benefit       26.0, efficiency     26.000 (+1 instructions)
    Inline function 'buildRemoteBlockLocal' defined at BaseBuilder.mnd:53:1 size   +55, benefit       36.0, efficiency      0.655
    Inline function 'buildBlockFromCfgLocal' defined at BaseBuilder.mnd:62:1 size  +271, benefit      105.0, efficiency      0.387
    Inline function 'buildUnits' defined at BaseBuilder.mnd:125:1 size   +35, benefit        9.0, efficiency      0.257
    Inline function 'flagUnits' defined at BaseBuilder.mnd:353:1 size   +20, benefit       14.0, efficiency      0.700
    Inline function 'lineUpUnits' defined at BaseBuilder.mnd:367:1 size   +26, benefit      400.0, efficiency     15.385
    Inline function call at BaseBuilder.mnd:148:5                size    +8, benefit        3.5, efficiency      0.438
    Inline function call at BaseBuilder.mnd:149:5                size    +8, benefit        3.5, efficiency      0.438
    Inline function call at BaseBuilder.mnd:150:5                size    +8, benefit        3.5, efficiency      0.438
    Inline function call at BaseBuilder.mnd:151:5                size    +8, benefit        3.5, efficiency      0.438
    Inline function call at BaseBuilder.mnd:157:25               size    +8, benefit        1.8, efficiency      0.219
    Inline function call at BaseBuilder.mnd:159:9                size    +8, benefit        1.8, efficiency      0.219
    Inline function call at BaseBuilder.mnd:160:9                size    +8, benefit        1.8, efficiency      0.219
    Inline function call at BaseBuilder.mnd:163:5                size    +8, benefit        3.5, efficiency      0.438
    Inline function call at BaseBuilder.mnd:164:5                size    +8, benefit        3.5, efficiency      0.438
    Inline function call at BaseBuilder.mnd:170:9                size    +8, benefit        1.8, efficiency      0.219
    Inline function call at BaseBuilder.mnd:171:25               size    +8, benefit        1.8, efficiency      0.219
    Inline function call at BaseBuilder.mnd:173:9                size    +8, benefit        1.8, efficiency      0.219
    Inline function call at BaseBuilder.mnd:174:9                size    +8, benefit        1.8, efficiency      0.219
    Inline function call at BaseBuilder.mnd:175:9                size    +8, benefit        1.8, efficiency      0.219
    Inline function call at BaseBuilder.mnd:179:5                size    +8, benefit        3.5, efficiency      0.438
    Inline function call at BaseBuilder.mnd:180:5                size    +8, benefit        3.5, efficiency      0.438
    Inline function call at BaseBuilder.mnd:181:5                size    +8, benefit        3.5, efficiency      0.438
    Inline function call at BaseBuilder.mnd:196:5                size    +8, benefit        3.5, efficiency      0.438
    Inline function call at BaseBuilder.mnd:197:5                size    +8, benefit        3.5, efficiency      0.438
    Inline function call at BaseBuilder.mnd:198:5                size    +8, benefit        3.5, efficiency      0.438
    Inline function call at BaseBuilder.mnd:200:5                size    +8, benefit        3.5, efficiency      0.438
    Inline function call at BaseBuilder.mnd:212:5                size   +18, benefit        3.0, efficiency      0.167
    Inline function call at BaseBuilder.mnd:225:5                size    +8, benefit        3.5, efficiency      0.438
    Inline function call at BaseBuilder.mnd:226:5                size    +8, benefit        3.5, efficiency      0.438
    Inline function call at BaseBuilder.mnd:227:5                size    +8, benefit        3.5, efficiency      0.438
    Inline function call at BaseBuilder.mnd:230:5                size    +8, benefit        3.5, efficiency      0.438
    Inline function call at BaseBuilder.mnd:231:5                size    +8, benefit        3.5, efficiency      0.438
    Inline function call at BaseBuilder.mnd:232:5                size    +8, benefit        3.5, efficiency      0.438
    Inline function call at BaseBuilder.mnd:234:5                size    +8, benefit        3.5, efficiency      0.438
    Inline function call at BaseBuilder.mnd:237:5                size    +8, benefit        3.5, efficiency      0.438
    Inline function call at BaseBuilder.mnd:239:9                size    +8, benefit        1.8, efficiency      0.219
    Inline function call at BaseBuilder.mnd:240:9                size    +8, benefit        1.8, efficiency      0.219
    Inline function call at BaseBuilder.mnd:245:5                size    +8, benefit        3.5, efficiency      0.438
    Inline function call at BaseBuilder.mnd:246:5                size    +8, benefit        3.5, efficiency      0.438
    Inline function call at BaseBuilder.mnd:247:5                size    +8, benefit        3.5, efficiency      0.438
    Inline function call at BaseBuilder.mnd:256:5                size   +18, benefit        3.0, efficiency      0.167
    Inline function call at BaseBuilder.mnd:103:5                size    +8, benefit        4.5, efficiency      0.563
    Inline function call at BaseBuilder.mnd:104:5                size    +8, benefit        4.5, efficiency      0.563
    Inline function call at BaseBuilder.mnd:105:24               size    +8, benefit        4.5, efficiency      0.563
    Inline function call at BaseBuilder.mnd:106:5                size    +8, benefit        4.5, efficiency      0.563
    Inline function call at BaseBuilder.mnd:107:5                size    +8, benefit        4.5, efficiency      0.563
    Inline function call at BaseBuilder.mnd:108:5                size    +8, benefit        4.5, efficiency      0.563
    Inline function call at BaseBuilder.mnd:109:22               size    +8, benefit        4.5, efficiency      0.563
    Inline function call at BaseBuilder.mnd:110:24               size    +8, benefit        4.5, efficiency      0.563
    Inline function call at BaseBuilder.mnd:292:5                size    +8, benefit        3.5, efficiency      0.438
    Inline function call at BaseBuilder.mnd:298:5                size   +18, benefit        3.0, efficiency      0.167
    Inline function call at BaseBuilder.mnd:340:5                size    +7, benefit        3.5, efficiency      0.500
    Inline function call at BaseBuilder.mnd:341:5                size    +7, benefit        3.5, efficiency      0.500
    Inline function call at BaseBuilder.mnd:342:5                size    +7, benefit        3.5, efficiency      0.500
    Inline function call at BaseBuilder.mnd:343:5                size    +7, benefit        3.5, efficiency      0.500
    Inline function call at BaseBuilder.mnd:346:9                size    +9, benefit      100.0, efficiency     11.111
    Inline function call at BaseBuilder.mnd:347:9                size    +9, benefit      100.0, efficiency     11.111
    Inline function call at BaseBuilder.mnd:348:9                size    +9, benefit      100.0, efficiency     11.111
    Inline function call at BaseBuilder.mnd:349:9                size    +9, benefit      100.0, efficiency     11.111

Pass 1: speed optimization selection (cost limit 484):
    Inline function 'buildRemoteBlockLocal' defined at BaseBuilder.mnd:53:1 size   +55, benefit       36.0, efficiency      0.655
    Inline function 'buildBlockFromCfgLocal' defined at BaseBuilder.mnd:62:1 size  +271, benefit      105.0, efficiency      0.387
    Inline function 'buildUnits' defined at BaseBuilder.mnd:125:1 size   +35, benefit        9.0, efficiency      0.257
    Inline function 'flagUnits' defined at BaseBuilder.mnd:353:1 size   +20, benefit       14.0, efficiency      0.700
  * Inline function 'lineUpUnits' defined at BaseBuilder.mnd:367:1 size   +26, benefit      400.0, efficiency     15.385 (+16 instructions)
    Inline function call at BaseBuilder.mnd:148:5                size    +8, benefit        3.5, efficiency      0.438
    Inline function call at BaseBuilder.mnd:149:5                size    +8, benefit        3.5, efficiency      0.438
    Inline function call at BaseBuilder.mnd:150:5                size    +8, benefit        3.5, efficiency      0.438
    Inline function call at BaseBuilder.mnd:151:5                size    +8, benefit        3.5, efficiency      0.438
    Inline function call at BaseBuilder.mnd:157:25               size    +8, benefit        1.8, efficiency      0.219
    Inline function call at BaseBuilder.mnd:159:9                size    +8, benefit        1.8, efficiency      0.219
    Inline function call at BaseBuilder.mnd:160:9                size    +8, benefit        1.8, efficiency      0.219
    Inline function call at BaseBuilder.mnd:163:5                size    +8, benefit        3.5, efficiency      0.438
    Inline function call at BaseBuilder.mnd:164:5                size    +8, benefit        3.5, efficiency      0.438
    Inline function call at BaseBuilder.mnd:170:9                size    +8, benefit        1.8, efficiency      0.219
    Inline function call at BaseBuilder.mnd:171:25               size    +8, benefit        1.8, efficiency      0.219
    Inline function call at BaseBuilder.mnd:173:9                size    +8, benefit        1.8, efficiency      0.219
    Inline function call at BaseBuilder.mnd:174:9                size    +8, benefit        1.8, efficiency      0.219
    Inline function call at BaseBuilder.mnd:175:9                size    +8, benefit        1.8, efficiency      0.219
    Inline function call at BaseBuilder.mnd:179:5                size    +8, benefit        3.5, efficiency      0.438
    Inline function call at BaseBuilder.mnd:180:5                size    +8, benefit        3.5, efficiency      0.438
    Inline function call at BaseBuilder.mnd:181:5                size    +8, benefit        3.5, efficiency      0.438
    Inline function call at BaseBuilder.mnd:196:5                size    +8, benefit        3.5, efficiency      0.438
    Inline function call at BaseBuilder.mnd:197:5                size    +8, benefit        3.5, efficiency      0.438
    Inline function call at BaseBuilder.mnd:198:5                size    +8, benefit        3.5, efficiency      0.438
    Inline function call at BaseBuilder.mnd:200:5                size    +8, benefit        3.5, efficiency      0.438
    Inline function call at BaseBuilder.mnd:212:5                size   +18, benefit        3.0, efficiency      0.167
    Inline function call at BaseBuilder.mnd:225:5                size    +8, benefit        3.5, efficiency      0.438
    Inline function call at BaseBuilder.mnd:226:5                size    +8, benefit        3.5, efficiency      0.438
    Inline function call at BaseBuilder.mnd:227:5                size    +8, benefit        3.5, efficiency      0.438
    Inline function call at BaseBuilder.mnd:230:5                size    +8, benefit        3.5, efficiency      0.438
    Inline function call at BaseBuilder.mnd:231:5                size    +8, benefit        3.5, efficiency      0.438
    Inline function call at BaseBuilder.mnd:232:5                size    +8, benefit        3.5, efficiency      0.438
    Inline function call at BaseBuilder.mnd:234:5                size    +8, benefit        3.5, efficiency      0.438
    Inline function call at BaseBuilder.mnd:237:5                size    +8, benefit        3.5, efficiency      0.438
    Inline function call at BaseBuilder.mnd:239:9                size    +8, benefit        1.8, efficiency      0.219
    Inline function call at BaseBuilder.mnd:240:9                size    +8, benefit        1.8, efficiency      0.219
    Inline function call at BaseBuilder.mnd:245:5                size    +8, benefit        3.5, efficiency      0.438
    Inline function call at BaseBuilder.mnd:246:5                size    +8, benefit        3.5, efficiency      0.438
    Inline function call at BaseBuilder.mnd:247:5                size    +8, benefit        3.5, efficiency      0.438
    Inline function call at BaseBuilder.mnd:256:5                size   +18, benefit        3.0, efficiency      0.167
    Inline function call at BaseBuilder.mnd:103:5                size    +8, benefit        4.5, efficiency      0.563
    Inline function call at BaseBuilder.mnd:104:5                size    +8, benefit        4.5, efficiency      0.563
    Inline function call at BaseBuilder.mnd:105:24               size    +8, benefit        4.5, efficiency      0.563
    Inline function call at BaseBuilder.mnd:106:5                size    +8, benefit        4.5, efficiency      0.563
    Inline function call at BaseBuilder.mnd:107:5                size    +8, benefit        4.5, efficiency      0.563
    Inline function call at BaseBuilder.mnd:108:5                size    +8, benefit        4.5, efficiency      0.563
    Inline function call at BaseBuilder.mnd:109:22               size    +8, benefit        4.5, efficiency      0.563
    Inline function call at BaseBuilder.mnd:110:24               size    +8, benefit        4.5, efficiency      0.563
    Inline function call at BaseBuilder.mnd:292:5                size    +8, benefit        3.5, efficiency      0.438
    Inline function call at BaseBuilder.mnd:298:5                size   +18, benefit        3.0, efficiency      0.167
    Inline function call at BaseBuilder.mnd:340:5                size    +7, benefit        3.5, efficiency      0.500
    Inline function call at BaseBuilder.mnd:341:5                size    +7, benefit        3.5, efficiency      0.500
    Inline function call at BaseBuilder.mnd:342:5                size    +7, benefit        3.5, efficiency      0.500
    Inline function call at BaseBuilder.mnd:343:5                size    +7, benefit        3.5, efficiency      0.500
    Inline function call at BaseBuilder.mnd:346:9                size    +9, benefit      100.0, efficiency     11.111
    Inline function call at BaseBuilder.mnd:347:9                size    +9, benefit      100.0, efficiency     11.111
    Inline function call at BaseBuilder.mnd:348:9                size    +9, benefit      100.0, efficiency     11.111
    Inline function call at BaseBuilder.mnd:349:9                size    +9, benefit      100.0, efficiency     11.111

Pass 1: speed optimization selection (cost limit 468):
    Inline function 'buildRemoteBlockLocal' defined at BaseBuilder.mnd:53:1 size   +55, benefit       36.0, efficiency      0.655
    Inline function 'buildBlockFromCfgLocal' defined at BaseBuilder.mnd:62:1 size  +271, benefit      105.0, efficiency      0.387
    Inline function 'buildUnits' defined at BaseBuilder.mnd:125:1 size   +35, benefit        9.0, efficiency      0.257
  * Inline function 'flagUnits' defined at BaseBuilder.mnd:353:1 size   +20, benefit       14.0, efficiency      0.700 (+10 instructions)
    Inline function call at BaseBuilder.mnd:148:5                size    +8, benefit        3.5, efficiency      0.438
    Inline function call at BaseBuilder.mnd:149:5                size    +8, benefit        3.5, efficiency      0.438
    Inline function call at BaseBuilder.mnd:150:5                size    +8, benefit        3.5, efficiency      0.438
    Inline function call at BaseBuilder.mnd:151:5                size    +8, benefit        3.5, efficiency      0.438
    Inline function call at BaseBuilder.mnd:157:25               size    +8, benefit        1.8, efficiency      0.219
    Inline function call at BaseBuilder.mnd:159:9                size    +8, benefit        1.8, efficiency      0.219
    Inline function call at BaseBuilder.mnd:160:9                size    +8, benefit        1.8, efficiency      0.219
    Inline function call at BaseBuilder.mnd:163:5                size    +8, benefit        3.5, efficiency      0.438
    Inline function call at BaseBuilder.mnd:164:5                size    +8, benefit        3.5, efficiency      0.438
    Inline function call at BaseBuilder.mnd:170:9                size    +8, benefit        1.8, efficiency      0.219
    Inline function call at BaseBuilder.mnd:171:25               size    +8, benefit        1.8, efficiency      0.219
    Inline function call at BaseBuilder.mnd:173:9                size    +8, benefit        1.8, efficiency      0.219
    Inline function call at BaseBuilder.mnd:174:9                size    +8, benefit        1.8, efficiency      0.219
    Inline function call at BaseBuilder.mnd:175:9                size    +8, benefit        1.8, efficiency      0.219
    Inline function call at BaseBuilder.mnd:179:5                size    +8, benefit        3.5, efficiency      0.438
    Inline function call at BaseBuilder.mnd:180:5                size    +8, benefit        3.5, efficiency      0.438
    Inline function call at BaseBuilder.mnd:181:5                size    +8, benefit        3.5, efficiency      0.438
    Inline function call at BaseBuilder.mnd:196:5                size    +8, benefit        3.5, efficiency      0.438
    Inline function call at BaseBuilder.mnd:197:5                size    +8, benefit        3.5, efficiency      0.438
    Inline function call at BaseBuilder.mnd:198:5                size    +8, benefit        3.5, efficiency      0.438
    Inline function call at BaseBuilder.mnd:200:5                size    +8, benefit        3.5, efficiency      0.438
    Inline function call at BaseBuilder.mnd:212:5                size   +18, benefit        3.0, efficiency      0.167
    Inline function call at BaseBuilder.mnd:225:5                size    +8, benefit        3.5, efficiency      0.438
    Inline function call at BaseBuilder.mnd:226:5                size    +8, benefit        3.5, efficiency      0.438
    Inline function call at BaseBuilder.mnd:227:5                size    +8, benefit        3.5, efficiency      0.438
    Inline function call at BaseBuilder.mnd:230:5                size    +8, benefit        3.5, efficiency      0.438
    Inline function call at BaseBuilder.mnd:231:5                size    +8, benefit        3.5, efficiency      0.438
    Inline function call at BaseBuilder.mnd:232:5                size    +8, benefit        3.5, efficiency      0.438
    Inline function call at BaseBuilder.mnd:234:5                size    +8, benefit        3.5, efficiency      0.438
    Inline function call at BaseBuilder.mnd:237:5                size    +8, benefit        3.5, efficiency      0.438
    Inline function call at BaseBuilder.mnd:239:9                size    +8, benefit        1.8, efficiency      0.219
    Inline function call at BaseBuilder.mnd:240:9                size    +8, benefit        1.8, efficiency      0.219
    Inline function call at BaseBuilder.mnd:245:5                size    +8, benefit        3.5, efficiency      0.438
    Inline function call at BaseBuilder.mnd:246:5                size    +8, benefit        3.5, efficiency      0.438
    Inline function call at BaseBuilder.mnd:247:5                size    +8, benefit        3.5, efficiency      0.438
    Inline function call at BaseBuilder.mnd:256:5                size   +18, benefit        3.0, efficiency      0.167
    Inline function call at BaseBuilder.mnd:103:5                size    +8, benefit        4.5, efficiency      0.563
    Inline function call at BaseBuilder.mnd:104:5                size    +8, benefit        4.5, efficiency      0.563
    Inline function call at BaseBuilder.mnd:105:24               size    +8, benefit        4.5, efficiency      0.563
    Inline function call at BaseBuilder.mnd:106:5                size    +8, benefit        4.5, efficiency      0.563
    Inline function call at BaseBuilder.mnd:107:5                size    +8, benefit        4.5, efficiency      0.563
    Inline function call at BaseBuilder.mnd:108:5                size    +8, benefit        4.5, efficiency      0.563
    Inline function call at BaseBuilder.mnd:109:22               size    +8, benefit        4.5, efficiency      0.563
    Inline function call at BaseBuilder.mnd:110:24               size    +8, benefit        4.5, efficiency      0.563
    Inline function call at BaseBuilder.mnd:292:5                size    +8, benefit        3.5, efficiency      0.438
    Inline function call at BaseBuilder.mnd:298:5                size   +18, benefit        3.0, efficiency      0.167
    Inline function call at BaseBuilder.mnd:340:5                size    +7, benefit        3.5, efficiency      0.500
    Inline function call at BaseBuilder.mnd:341:5                size    +7, benefit        3.5, efficiency      0.500
    Inline function call at BaseBuilder.mnd:342:5                size    +7, benefit        3.5, efficiency      0.500
    Inline function call at BaseBuilder.mnd:343:5                size    +7, benefit        3.5, efficiency      0.500

Pass 1: speed optimization selection (cost limit 458):
  * Inline function 'buildRemoteBlockLocal' defined at BaseBuilder.mnd:53:1 size   +55, benefit       36.0, efficiency      0.655 (+34 instructions)
    Inline function 'buildBlockFromCfgLocal' defined at BaseBuilder.mnd:62:1 size  +271, benefit      105.0, efficiency      0.387
    Inline function 'buildUnits' defined at BaseBuilder.mnd:125:1 size   +35, benefit        9.0, efficiency      0.257
    Inline function call at BaseBuilder.mnd:148:5                size    +8, benefit        3.5, efficiency      0.438
    Inline function call at BaseBuilder.mnd:149:5                size    +8, benefit        3.5, efficiency      0.438
    Inline function call at BaseBuilder.mnd:150:5                size    +8, benefit        3.5, efficiency      0.438
    Inline function call at BaseBuilder.mnd:151:5                size    +8, benefit        3.5, efficiency      0.438
    Inline function call at BaseBuilder.mnd:157:25               size    +8, benefit        1.8, efficiency      0.219
    Inline function call at BaseBuilder.mnd:159:9                size    +8, benefit        1.8, efficiency      0.219
    Inline function call at BaseBuilder.mnd:160:9                size    +8, benefit        1.8, efficiency      0.219
    Inline function call at BaseBuilder.mnd:163:5                size    +8, benefit        3.5, efficiency      0.438
    Inline function call at BaseBuilder.mnd:164:5                size    +8, benefit        3.5, efficiency      0.438
    Inline function call at BaseBuilder.mnd:170:9                size    +8, benefit        1.8, efficiency      0.219
    Inline function call at BaseBuilder.mnd:171:25               size    +8, benefit        1.8, efficiency      0.219
    Inline function call at BaseBuilder.mnd:173:9                size    +8, benefit        1.8, efficiency      0.219
    Inline function call at BaseBuilder.mnd:174:9                size    +8, benefit        1.8, efficiency      0.219
    Inline function call at BaseBuilder.mnd:175:9                size    +8, benefit        1.8, efficiency      0.219
    Inline function call at BaseBuilder.mnd:179:5                size    +8, benefit        3.5, efficiency      0.438
    Inline function call at BaseBuilder.mnd:180:5                size    +8, benefit        3.5, efficiency      0.438
    Inline function call at BaseBuilder.mnd:181:5                size    +8, benefit        3.5, efficiency      0.438
    Inline function call at BaseBuilder.mnd:196:5                size    +8, benefit        3.5, efficiency      0.438
    Inline function call at BaseBuilder.mnd:197:5                size    +8, benefit        3.5, efficiency      0.438
    Inline function call at BaseBuilder.mnd:198:5                size    +8, benefit        3.5, efficiency      0.438
    Inline function call at BaseBuilder.mnd:200:5                size    +8, benefit        3.5, efficiency      0.438
    Inline function call at BaseBuilder.mnd:212:5                size   +18, benefit        3.0, efficiency      0.167
    Inline function call at BaseBuilder.mnd:225:5                size    +8, benefit        3.5, efficiency      0.438
    Inline function call at BaseBuilder.mnd:226:5                size    +8, benefit        3.5, efficiency      0.438
    Inline function call at BaseBuilder.mnd:227:5                size    +8, benefit        3.5, efficiency      0.438
    Inline function call at BaseBuilder.mnd:230:5                size    +8, benefit        3.5, efficiency      0.438
    Inline function call at BaseBuilder.mnd:231:5                size    +8, benefit        3.5, efficiency      0.438
    Inline function call at BaseBuilder.mnd:232:5                size    +8, benefit        3.5, efficiency      0.438
    Inline function call at BaseBuilder.mnd:234:5                size    +8, benefit        3.5, efficiency      0.438
    Inline function call at BaseBuilder.mnd:237:5                size    +8, benefit        3.5, efficiency      0.438
    Inline function call at BaseBuilder.mnd:239:9                size    +8, benefit        1.8, efficiency      0.219
    Inline function call at BaseBuilder.mnd:240:9                size    +8, benefit        1.8, efficiency      0.219
    Inline function call at BaseBuilder.mnd:245:5                size    +8, benefit        3.5, efficiency      0.438
    Inline function call at BaseBuilder.mnd:246:5                size    +8, benefit        3.5, efficiency      0.438
    Inline function call at BaseBuilder.mnd:247:5                size    +8, benefit        3.5, efficiency      0.438
    Inline function call at BaseBuilder.mnd:256:5                size   +18, benefit        3.0, efficiency      0.167
    Inline function call at BaseBuilder.mnd:103:5                size    +8, benefit        4.5, efficiency      0.563
    Inline function call at BaseBuilder.mnd:104:5                size    +8, benefit        4.5, efficiency      0.563
    Inline function call at BaseBuilder.mnd:105:24               size    +8, benefit        4.5, efficiency      0.563
    Inline function call at BaseBuilder.mnd:106:5                size    +8, benefit        4.5, efficiency      0.563
    Inline function call at BaseBuilder.mnd:107:5                size    +8, benefit        4.5, efficiency      0.563
    Inline function call at BaseBuilder.mnd:108:5                size    +8, benefit        4.5, efficiency      0.563
    Inline function call at BaseBuilder.mnd:109:22               size    +8, benefit        4.5, efficiency      0.563
    Inline function call at BaseBuilder.mnd:110:24               size    +8, benefit        4.5, efficiency      0.563
    Inline function call at BaseBuilder.mnd:292:5                size    +8, benefit        3.5, efficiency      0.438
    Inline function call at BaseBuilder.mnd:298:5                size   +18, benefit        3.0, efficiency      0.167

Pass 1: speed optimization selection (cost limit 424):
    Inline function 'buildBlockFromCfgLocal' defined at BaseBuilder.mnd:62:1 size  +271, benefit      105.0, efficiency      0.387
    Inline function 'buildUnits' defined at BaseBuilder.mnd:125:1 size   +35, benefit        9.0, efficiency      0.257
  * Inline function call at BaseBuilder.mnd:148:5                size    +8, benefit        3.5, efficiency      0.438 (+5 instructions)
    Inline function call at BaseBuilder.mnd:149:5                size    +8, benefit        3.5, efficiency      0.438
    Inline function call at BaseBuilder.mnd:150:5                size    +8, benefit        3.5, efficiency      0.438
    Inline function call at BaseBuilder.mnd:151:5                size    +8, benefit        3.5, efficiency      0.438
    Inline function call at BaseBuilder.mnd:157:25               size    +8, benefit        1.8, efficiency      0.219
    Inline function call at BaseBuilder.mnd:159:9                size    +8, benefit        1.8, efficiency      0.219
    Inline function call at BaseBuilder.mnd:160:9                size    +8, benefit        1.8, efficiency      0.219
    Inline function call at BaseBuilder.mnd:163:5                size    +8, benefit        3.5, efficiency      0.438
    Inline function call at BaseBuilder.mnd:164:5                size    +8, benefit        3.5, efficiency      0.438
    Inline function call at BaseBuilder.mnd:170:9                size    +8, benefit        1.8, efficiency      0.219
    Inline function call at BaseBuilder.mnd:171:25               size    +8, benefit        1.8, efficiency      0.219
    Inline function call at BaseBuilder.mnd:173:9                size    +8, benefit        1.8, efficiency      0.219
    Inline function call at BaseBuilder.mnd:174:9                size    +8, benefit        1.8, efficiency      0.219
    Inline function call at BaseBuilder.mnd:175:9                size    +8, benefit        1.8, efficiency      0.219
    Inline function call at BaseBuilder.mnd:179:5                size    +8, benefit        3.5, efficiency      0.438
    Inline function call at BaseBuilder.mnd:180:5                size    +8, benefit        3.5, efficiency      0.438
    Inline function call at BaseBuilder.mnd:181:5                size    +8, benefit        3.5, efficiency      0.438
    Inline function call at BaseBuilder.mnd:196:5                size    +8, benefit        3.5, efficiency      0.438
    Inline function call at BaseBuilder.mnd:197:5                size    +8, benefit        3.5, efficiency      0.438
    Inline function call at BaseBuilder.mnd:198:5                size    +8, benefit        3.5, efficiency      0.438
    Inline function call at BaseBuilder.mnd:200:5                size    +8, benefit        3.5, efficiency      0.438
    Inline function call at BaseBuilder.mnd:212:5                size   +18, benefit        3.0, efficiency      0.167
    Inline function call at BaseBuilder.mnd:225:5                size    +8, benefit        3.5, efficiency      0.438
    Inline function call at BaseBuilder.mnd:226:5                size    +8, benefit        3.5, efficiency      0.438
    Inline function call at BaseBuilder.mnd:227:5                size    +8, benefit        3.5, efficiency      0.438
    Inline function call at BaseBuilder.mnd:230:5                size    +8, benefit        3.5, efficiency      0.438
    Inline function call at BaseBuilder.mnd:231:5                size    +8, benefit        3.5, efficiency      0.438
    Inline function call at BaseBuilder.mnd:232:5                size    +8, benefit        3.5, efficiency      0.438
    Inline function call at BaseBuilder.mnd:234:5                size    +8, benefit        3.5, efficiency      0.438
    Inline function call at BaseBuilder.mnd:237:5                size    +8, benefit        3.5, efficiency      0.438
    Inline function call at BaseBuilder.mnd:239:9                size    +8, benefit        1.8, efficiency      0.219
    Inline function call at BaseBuilder.mnd:240:9                size    +8, benefit        1.8, efficiency      0.219
    Inline function call at BaseBuilder.mnd:245:5                size    +8, benefit        3.5, efficiency      0.438
    Inline function call at BaseBuilder.mnd:246:5                size    +8, benefit        3.5, efficiency      0.438
    Inline function call at BaseBuilder.mnd:247:5                size    +8, benefit        3.5, efficiency      0.438
    Inline function call at BaseBuilder.mnd:256:5                size   +18, benefit        3.0, efficiency      0.167
    Inline function call at BaseBuilder.mnd:292:5                size    +8, benefit        3.5, efficiency      0.438
    Inline function call at BaseBuilder.mnd:298:5                size   +18, benefit        3.0, efficiency      0.167

Pass 1: speed optimization selection (cost limit 419):
    Inline function 'buildBlockFromCfgLocal' defined at BaseBuilder.mnd:62:1 size  +263, benefit      101.5, efficiency      0.386
    Inline function 'buildUnits' defined at BaseBuilder.mnd:125:1 size   +35, benefit        9.0, efficiency      0.257
  * Inline function call at BaseBuilder.mnd:149:5                size    +8, benefit        3.5, efficiency      0.438 (+5 instructions)
    Inline function call at BaseBuilder.mnd:150:5                size    +8, benefit        3.5, efficiency      0.438
    Inline function call at BaseBuilder.mnd:151:5                size    +8, benefit        3.5, efficiency      0.438
    Inline function call at BaseBuilder.mnd:157:25               size    +8, benefit        1.8, efficiency      0.219
    Inline function call at BaseBuilder.mnd:159:9                size    +8, benefit        1.8, efficiency      0.219
    Inline function call at BaseBuilder.mnd:160:9                size    +8, benefit        1.8, efficiency      0.219
    Inline function call at BaseBuilder.mnd:163:5                size    +8, benefit        3.5, efficiency      0.438
    Inline function call at BaseBuilder.mnd:164:5                size    +8, benefit        3.5, efficiency      0.438
    Inline function call at BaseBuilder.mnd:170:9                size    +8, benefit        1.8, efficiency      0.219
    Inline function call at BaseBuilder.mnd:171:25               size    +8, benefit        1.8, efficiency      0.219
    Inline function call at BaseBuilder.mnd:173:9                size    +8, benefit        1.8, efficiency      0.219
    Inline function call at BaseBuilder.mnd:174:9                size    +8, benefit        1.8, efficiency      0.219
    Inline function call at BaseBuilder.mnd:175:9                size    +8, benefit        1.8, efficiency      0.219
    Inline function call at BaseBuilder.mnd:179:5                size    +8, benefit        3.5, efficiency      0.438
    Inline function call at BaseBuilder.mnd:180:5                size    +8, benefit        3.5, efficiency      0.438
    Inline function call at BaseBuilder.mnd:181:5                size    +8, benefit        3.5, efficiency      0.438
    Inline function call at BaseBuilder.mnd:196:5                size    +8, benefit        3.5, efficiency      0.438
    Inline function call at BaseBuilder.mnd:197:5                size    +8, benefit        3.5, efficiency      0.438
    Inline function call at BaseBuilder.mnd:198:5                size    +8, benefit        3.5, efficiency      0.438
    Inline function call at BaseBuilder.mnd:200:5                size    +8, benefit        3.5, efficiency      0.438
    Inline function call at BaseBuilder.mnd:212:5                size   +18, benefit        3.0, efficiency      0.167
    Inline function call at BaseBuilder.mnd:225:5                size    +8, benefit        3.5, efficiency      0.438
    Inline function call at BaseBuilder.mnd:226:5                size    +8, benefit        3.5, efficiency      0.438
    Inline function call at BaseBuilder.mnd:227:5                size    +8, benefit        3.5, efficiency      0.438
    Inline function call at BaseBuilder.mnd:230:5                size    +8, benefit        3.5, efficiency      0.438
    Inline function call at BaseBuilder.mnd:231:5                size    +8, benefit        3.5, efficiency      0.438
    Inline function call at BaseBuilder.mnd:232:5                size    +8, benefit        3.5, efficiency      0.438
    Inline function call at BaseBuilder.mnd:234:5                size    +8, benefit        3.5, efficiency      0.438
    Inline function call at BaseBuilder.mnd:237:5                size    +8, benefit        3.5, efficiency      0.438
    Inline function call at BaseBuilder.mnd:239:9                size    +8, benefit        1.8, efficiency      0.219
    Inline function call at BaseBuilder.mnd:240:9                size    +8, benefit        1.8, efficiency      0.219
    Inline function call at BaseBuilder.mnd:245:5                size    +8, benefit        3.5, efficiency      0.438
    Inline function call at BaseBuilder.mnd:246:5                size    +8, benefit        3.5, efficiency      0.438
    Inline function call at BaseBuilder.mnd:247:5                size    +8, benefit        3.5, efficiency      0.438
    Inline function call at BaseBuilder.mnd:256:5                size   +18, benefit        3.0, efficiency      0.167
    Inline function call at BaseBuilder.mnd:292:5                size    +8, benefit        3.5, efficiency      0.438
    Inline function call at BaseBuilder.mnd:298:5                size   +18, benefit        3.0, efficiency      0.167

Pass 1: speed optimization selection (cost limit 414):
    Inline function 'buildBlockFromCfgLocal' defined at BaseBuilder.mnd:62:1 size  +255, benefit       98.0, efficiency      0.384
    Inline function 'buildUnits' defined at BaseBuilder.mnd:125:1 size   +35, benefit        9.0, efficiency      0.257
  * Inline function call at BaseBuilder.mnd:150:5                size    +8, benefit        3.5, efficiency      0.438 (+5 instructions)
    Inline function call at BaseBuilder.mnd:151:5                size    +8, benefit        3.5, efficiency      0.438
    Inline function call at BaseBuilder.mnd:157:25               size    +8, benefit        1.8, efficiency      0.219
    Inline function call at BaseBuilder.mnd:159:9                size    +8, benefit        1.8, efficiency      0.219
    Inline function call at BaseBuilder.mnd:160:9                size    +8, benefit        1.8, efficiency      0.219
    Inline function call at BaseBuilder.mnd:163:5                size    +8, benefit        3.5, efficiency      0.438
    Inline function call at BaseBuilder.mnd:164:5                size    +8, benefit        3.5, efficiency      0.438
    Inline function call at BaseBuilder.mnd:170:9                size    +8, benefit        1.8, efficiency      0.219
    Inline function call at BaseBuilder.mnd:171:25               size    +8, benefit        1.8, efficiency      0.219
    Inline function call at BaseBuilder.mnd:173:9                size    +8, benefit        1.8, efficiency      0.219
    Inline function call at BaseBuilder.mnd:174:9                size    +8, benefit        1.8, efficiency      0.219
    Inline function call at BaseBuilder.mnd:175:9                size    +8, benefit        1.8, efficiency      0.219
    Inline function call at BaseBuilder.mnd:179:5                size    +8, benefit        3.5, efficiency      0.438
    Inline function call at BaseBuilder.mnd:180:5                size    +8, benefit        3.5, efficiency      0.438
    Inline function call at BaseBuilder.mnd:181:5                size    +8, benefit        3.5, efficiency      0.438
    Inline function call at BaseBuilder.mnd:196:5                size    +8, benefit        3.5, efficiency      0.438
    Inline function call at BaseBuilder.mnd:197:5                size    +8, benefit        3.5, efficiency      0.438
    Inline function call at BaseBuilder.mnd:198:5                size    +8, benefit        3.5, efficiency      0.438
    Inline function call at BaseBuilder.mnd:200:5                size    +8, benefit        3.5, efficiency      0.438
    Inline function call at BaseBuilder.mnd:212:5                size   +18, benefit        3.0, efficiency      0.167
    Inline function call at BaseBuilder.mnd:225:5                size    +8, benefit        3.5, efficiency      0.438
    Inline function call at BaseBuilder.mnd:226:5                size    +8, benefit        3.5, efficiency      0.438
    Inline function call at BaseBuilder.mnd:227:5                size    +8, benefit        3.5, efficiency      0.438
    Inline function call at BaseBuilder.mnd:230:5                size    +8, benefit        3.5, efficiency      0.438
    Inline function call at BaseBuilder.mnd:231:5                size    +8, benefit        3.5, efficiency      0.438
    Inline function call at BaseBuilder.mnd:232:5                size    +8, benefit        3.5, efficiency      0.438
    Inline function call at BaseBuilder.mnd:234:5                size    +8, benefit        3.5, efficiency      0.438
    Inline function call at BaseBuilder.mnd:237:5                size    +8, benefit        3.5, efficiency      0.438
    Inline function call at BaseBuilder.mnd:239:9                size    +8, benefit        1.8, efficiency      0.219
    Inline function call at BaseBuilder.mnd:240:9                size    +8, benefit        1.8, efficiency      0.219
    Inline function call at BaseBuilder.mnd:245:5                size    +8, benefit        3.5, efficiency      0.438
    Inline function call at BaseBuilder.mnd:246:5                size    +8, benefit        3.5, efficiency      0.438
    Inline function call at BaseBuilder.mnd:247:5                size    +8, benefit        3.5, efficiency      0.438
    Inline function call at BaseBuilder.mnd:256:5                size   +18, benefit        3.0, efficiency      0.167
    Inline function call at BaseBuilder.mnd:292:5                size    +8, benefit        3.5, efficiency      0.438
    Inline function call at BaseBuilder.mnd:298:5                size   +18, benefit        3.0, efficiency      0.167

Pass 1: speed optimization selection (cost limit 409):
    Inline function 'buildBlockFromCfgLocal' defined at BaseBuilder.mnd:62:1 size  +247, benefit       94.5, efficiency      0.383
    Inline function 'buildUnits' defined at BaseBuilder.mnd:125:1 size   +35, benefit        9.0, efficiency      0.257
  * Inline function call at BaseBuilder.mnd:151:5                size    +8, benefit        3.5, efficiency      0.438 (+5 instructions)
    Inline function call at BaseBuilder.mnd:157:25               size    +8, benefit        1.8, efficiency      0.219
    Inline function call at BaseBuilder.mnd:159:9                size    +8, benefit        1.8, efficiency      0.219
    Inline function call at BaseBuilder.mnd:160:9                size    +8, benefit        1.8, efficiency      0.219
    Inline function call at BaseBuilder.mnd:163:5                size    +8, benefit        3.5, efficiency      0.438
    Inline function call at BaseBuilder.mnd:164:5                size    +8, benefit        3.5, efficiency      0.438
    Inline function call at BaseBuilder.mnd:170:9                size    +8, benefit        1.8, efficiency      0.219
    Inline function call at BaseBuilder.mnd:171:25               size    +8, benefit        1.8, efficiency      0.219
    Inline function call at BaseBuilder.mnd:173:9                size    +8, benefit        1.8, efficiency      0.219
    Inline function call at BaseBuilder.mnd:174:9                size    +8, benefit        1.8, efficiency      0.219
    Inline function call at BaseBuilder.mnd:175:9                size    +8, benefit        1.8, efficiency      0.219
    Inline function call at BaseBuilder.mnd:179:5                size    +8, benefit        3.5, efficiency      0.438
    Inline function call at BaseBuilder.mnd:180:5                size    +8, benefit        3.5, efficiency      0.438
    Inline function call at BaseBuilder.mnd:181:5                size    +8, benefit        3.5, efficiency      0.438
    Inline function call at BaseBuilder.mnd:196:5                size    +8, benefit        3.5, efficiency      0.438
    Inline function call at BaseBuilder.mnd:197:5                size    +8, benefit        3.5, efficiency      0.438
    Inline function call at BaseBuilder.mnd:198:5                size    +8, benefit        3.5, efficiency      0.438
    Inline function call at BaseBuilder.mnd:200:5                size    +8, benefit        3.5, efficiency      0.438
    Inline function call at BaseBuilder.mnd:212:5                size   +18, benefit        3.0, efficiency      0.167
    Inline function call at BaseBuilder.mnd:225:5                size    +8, benefit        3.5, efficiency      0.438
    Inline function call at BaseBuilder.mnd:226:5                size    +8, benefit        3.5, efficiency      0.438
    Inline function call at BaseBuilder.mnd:227:5                size    +8, benefit        3.5, efficiency      0.438
    Inline function call at BaseBuilder.mnd:230:5                size    +8, benefit        3.5, efficiency      0.438
    Inline function call at BaseBuilder.mnd:231:5                size    +8, benefit        3.5, efficiency      0.438
    Inline function call at BaseBuilder.mnd:232:5                size    +8, benefit        3.5, efficiency      0.438
    Inline function call at BaseBuilder.mnd:234:5                size    +8, benefit        3.5, efficiency      0.438
    Inline function call at BaseBuilder.mnd:237:5                size    +8, benefit        3.5, efficiency      0.438
    Inline function call at BaseBuilder.mnd:239:9                size    +8, benefit        1.8, efficiency      0.219
    Inline function call at BaseBuilder.mnd:240:9                size    +8, benefit        1.8, efficiency      0.219
    Inline function call at BaseBuilder.mnd:245:5                size    +8, benefit        3.5, efficiency      0.438
    Inline function call at BaseBuilder.mnd:246:5                size    +8, benefit        3.5, efficiency      0.438
    Inline function call at BaseBuilder.mnd:247:5                size    +8, benefit        3.5, efficiency      0.438
    Inline function call at BaseBuilder.mnd:256:5                size   +18, benefit        3.0, efficiency      0.167
    Inline function call at BaseBuilder.mnd:292:5                size    +8, benefit        3.5, efficiency      0.438
    Inline function call at BaseBuilder.mnd:298:5                size   +18, benefit        3.0, efficiency      0.167

Pass 1: speed optimization selection (cost limit 404):
    Inline function 'buildBlockFromCfgLocal' defined at BaseBuilder.mnd:62:1 size  +239, benefit       91.0, efficiency      0.381
    Inline function 'buildUnits' defined at BaseBuilder.mnd:125:1 size   +35, benefit        9.0, efficiency      0.257
    Inline function call at BaseBuilder.mnd:157:25               size    +8, benefit        1.8, efficiency      0.219
    Inline function call at BaseBuilder.mnd:159:9                size    +8, benefit        1.8, efficiency      0.219
    Inline function call at BaseBuilder.mnd:160:9                size    +8, benefit        1.8, efficiency      0.219
  * Inline function call at BaseBuilder.mnd:163:5                size    +8, benefit        3.5, efficiency      0.438 (+5 instructions)
    Inline function call at BaseBuilder.mnd:164:5                size    +8, benefit        3.5, efficiency      0.438
    Inline function call at BaseBuilder.mnd:170:9                size    +8, benefit        1.8, efficiency      0.219
    Inline function call at BaseBuilder.mnd:171:25               size    +8, benefit        1.8, efficiency      0.219
    Inline function call at BaseBuilder.mnd:173:9                size    +8, benefit        1.8, efficiency      0.219
    Inline function call at BaseBuilder.mnd:174:9                size    +8, benefit        1.8, efficiency      0.219
    Inline function call at BaseBuilder.mnd:175:9                size    +8, benefit        1.8, efficiency      0.219
    Inline function call at BaseBuilder.mnd:179:5                size    +8, benefit        3.5, efficiency      0.438
    Inline function call at BaseBuilder.mnd:180:5                size    +8, benefit        3.5, efficiency      0.438
    Inline function call at BaseBuilder.mnd:181:5                size    +8, benefit        3.5, efficiency      0.438
    Inline function call at BaseBuilder.mnd:196:5                size    +8, benefit        3.5, efficiency      0.438
    Inline function call at BaseBuilder.mnd:197:5                size    +8, benefit        3.5, efficiency      0.438
    Inline function call at BaseBuilder.mnd:198:5                size    +8, benefit        3.5, efficiency      0.438
    Inline function call at BaseBuilder.mnd:200:5                size    +8, benefit        3.5, efficiency      0.438
    Inline function call at BaseBuilder.mnd:212:5                size   +18, benefit        3.0, efficiency      0.167
    Inline function call at BaseBuilder.mnd:225:5                size    +8, benefit        3.5, efficiency      0.438
    Inline function call at BaseBuilder.mnd:226:5                size    +8, benefit        3.5, efficiency      0.438
    Inline function call at BaseBuilder.mnd:227:5                size    +8, benefit        3.5, efficiency      0.438
    Inline function call at BaseBuilder.mnd:230:5                size    +8, benefit        3.5, efficiency      0.438
    Inline function call at BaseBuilder.mnd:231:5                size    +8, benefit        3.5, efficiency      0.438
    Inline function call at BaseBuilder.mnd:232:5                size    +8, benefit        3.5, efficiency      0.438
    Inline function call at BaseBuilder.mnd:234:5                size    +8, benefit        3.5, efficiency      0.438
    Inline function call at BaseBuilder.mnd:237:5                size    +8, benefit        3.5, efficiency      0.438
    Inline function call at BaseBuilder.mnd:239:9                size    +8, benefit        1.8, efficiency      0.219
    Inline function call at BaseBuilder.mnd:240:9                size    +8, benefit        1.8, efficiency      0.219
    Inline function call at BaseBuilder.mnd:245:5                size    +8, benefit        3.5, efficiency      0.438
    Inline function call at BaseBuilder.mnd:246:5                size    +8, benefit        3.5, efficiency      0.438
    Inline function call at BaseBuilder.mnd:247:5                size    +8, benefit        3.5, efficiency      0.438
    Inline function call at BaseBuilder.mnd:256:5                size   +18, benefit        3.0, efficiency      0.167
    Inline function call at BaseBuilder.mnd:292:5                size    +8, benefit        3.5, efficiency      0.438
    Inline function call at BaseBuilder.mnd:298:5                size   +18, benefit        3.0, efficiency      0.167

Pass 1: speed optimization selection (cost limit 399):
    Inline function 'buildBlockFromCfgLocal' defined at BaseBuilder.mnd:62:1 size  +231, benefit       87.5, efficiency      0.379
    Inline function 'buildUnits' defined at BaseBuilder.mnd:125:1 size   +35, benefit        9.0, efficiency      0.257
    Inline function call at BaseBuilder.mnd:157:25               size    +8, benefit        1.8, efficiency      0.219
    Inline function call at BaseBuilder.mnd:159:9                size    +8, benefit        1.8, efficiency      0.219
    Inline function call at BaseBuilder.mnd:160:9                size    +8, benefit        1.8, efficiency      0.219
  * Inline function call at BaseBuilder.mnd:164:5                size    +8, benefit        3.5, efficiency      0.438 (+5 instructions)
    Inline function call at BaseBuilder.mnd:170:9                size    +8, benefit        1.8, efficiency      0.219
    Inline function call at BaseBuilder.mnd:171:25               size    +8, benefit        1.8, efficiency      0.219
    Inline function call at BaseBuilder.mnd:173:9                size    +8, benefit        1.8, efficiency      0.219
    Inline function call at BaseBuilder.mnd:174:9                size    +8, benefit        1.8, efficiency      0.219
    Inline function call at BaseBuilder.mnd:175:9                size    +8, benefit        1.8, efficiency      0.219
    Inline function call at BaseBuilder.mnd:179:5                size    +8, benefit        3.5, efficiency      0.438
    Inline function call at BaseBuilder.mnd:180:5                size    +8, benefit        3.5, efficiency      0.438
    Inline function call at BaseBuilder.mnd:181:5                size    +8, benefit        3.5, efficiency      0.438
    Inline function call at BaseBuilder.mnd:196:5                size    +8, benefit        3.5, efficiency      0.438
    Inline function call at BaseBuilder.mnd:197:5                size    +8, benefit        3.5, efficiency      0.438
    Inline function call at BaseBuilder.mnd:198:5                size    +8, benefit        3.5, efficiency      0.438
    Inline function call at BaseBuilder.mnd:200:5                size    +8, benefit        3.5, efficiency      0.438
    Inline function call at BaseBuilder.mnd:212:5                size   +18, benefit        3.0, efficiency      0.167
    Inline function call at BaseBuilder.mnd:225:5                size    +8, benefit        3.5, efficiency      0.438
    Inline function call at BaseBuilder.mnd:226:5                size    +8, benefit        3.5, efficiency      0.438
    Inline function call at BaseBuilder.mnd:227:5                size    +8, benefit        3.5, efficiency      0.438
    Inline function call at BaseBuilder.mnd:230:5                size    +8, benefit        3.5, efficiency      0.438
    Inline function call at BaseBuilder.mnd:231:5                size    +8, benefit        3.5, efficiency      0.438
    Inline function call at BaseBuilder.mnd:232:5                size    +8, benefit        3.5, efficiency      0.438
    Inline function call at BaseBuilder.mnd:234:5                size    +8, benefit        3.5, efficiency      0.438
    Inline function call at BaseBuilder.mnd:237:5                size    +8, benefit        3.5, efficiency      0.438
    Inline function call at BaseBuilder.mnd:239:9                size    +8, benefit        1.8, efficiency      0.219
    Inline function call at BaseBuilder.mnd:240:9                size    +8, benefit        1.8, efficiency      0.219
    Inline function call at BaseBuilder.mnd:245:5                size    +8, benefit        3.5, efficiency      0.438
    Inline function call at BaseBuilder.mnd:246:5                size    +8, benefit        3.5, efficiency      0.438
    Inline function call at BaseBuilder.mnd:247:5                size    +8, benefit        3.5, efficiency      0.438
    Inline function call at BaseBuilder.mnd:256:5                size   +18, benefit        3.0, efficiency      0.167
    Inline function call at BaseBuilder.mnd:292:5                size    +8, benefit        3.5, efficiency      0.438
    Inline function call at BaseBuilder.mnd:298:5                size   +18, benefit        3.0, efficiency      0.167

Pass 1: speed optimization selection (cost limit 394):
    Inline function 'buildBlockFromCfgLocal' defined at BaseBuilder.mnd:62:1 size  +223, benefit       84.0, efficiency      0.377
    Inline function 'buildUnits' defined at BaseBuilder.mnd:125:1 size   +35, benefit        9.0, efficiency      0.257
    Inline function call at BaseBuilder.mnd:157:25               size    +8, benefit        1.8, efficiency      0.219
    Inline function call at BaseBuilder.mnd:159:9                size    +8, benefit        1.8, efficiency      0.219
    Inline function call at BaseBuilder.mnd:160:9                size    +8, benefit        1.8, efficiency      0.219
    Inline function call at BaseBuilder.mnd:170:9                size    +8, benefit        1.8, efficiency      0.219
    Inline function call at BaseBuilder.mnd:171:25               size    +8, benefit        1.8, efficiency      0.219
    Inline function call at BaseBuilder.mnd:173:9                size    +8, benefit        1.8, efficiency      0.219
    Inline function call at BaseBuilder.mnd:174:9                size    +8, benefit        1.8, efficiency      0.219
    Inline function call at BaseBuilder.mnd:175:9                size    +8, benefit        1.8, efficiency      0.219
  * Inline function call at BaseBuilder.mnd:179:5                size    +8, benefit        3.5, efficiency      0.438 (+5 instructions)
    Inline function call at BaseBuilder.mnd:180:5                size    +8, benefit        3.5, efficiency      0.438
    Inline function call at BaseBuilder.mnd:181:5                size    +8, benefit        3.5, efficiency      0.438
    Inline function call at BaseBuilder.mnd:196:5                size    +8, benefit        3.5, efficiency      0.438
    Inline function call at BaseBuilder.mnd:197:5                size    +8, benefit        3.5, efficiency      0.438
    Inline function call at BaseBuilder.mnd:198:5                size    +8, benefit        3.5, efficiency      0.438
    Inline function call at BaseBuilder.mnd:200:5                size    +8, benefit        3.5, efficiency      0.438
    Inline function call at BaseBuilder.mnd:212:5                size   +18, benefit        3.0, efficiency      0.167
    Inline function call at BaseBuilder.mnd:225:5                size    +8, benefit        3.5, efficiency      0.438
    Inline function call at BaseBuilder.mnd:226:5                size    +8, benefit        3.5, efficiency      0.438
    Inline function call at BaseBuilder.mnd:227:5                size    +8, benefit        3.5, efficiency      0.438
    Inline function call at BaseBuilder.mnd:230:5                size    +8, benefit        3.5, efficiency      0.438
    Inline function call at BaseBuilder.mnd:231:5                size    +8, benefit        3.5, efficiency      0.438
    Inline function call at BaseBuilder.mnd:232:5                size    +8, benefit        3.5, efficiency      0.438
    Inline function call at BaseBuilder.mnd:234:5                size    +8, benefit        3.5, efficiency      0.438
    Inline function call at BaseBuilder.mnd:237:5                size    +8, benefit        3.5, efficiency      0.438
    Inline function call at BaseBuilder.mnd:239:9                size    +8, benefit        1.8, efficiency      0.219
    Inline function call at BaseBuilder.mnd:240:9                size    +8, benefit        1.8, efficiency      0.219
    Inline function call at BaseBuilder.mnd:245:5                size    +8, benefit        3.5, efficiency      0.438
    Inline function call at BaseBuilder.mnd:246:5                size    +8, benefit        3.5, efficiency      0.438
    Inline function call at BaseBuilder.mnd:247:5                size    +8, benefit        3.5, efficiency      0.438
    Inline function call at BaseBuilder.mnd:256:5                size   +18, benefit        3.0, efficiency      0.167
    Inline function call at BaseBuilder.mnd:292:5                size    +8, benefit        3.5, efficiency      0.438
    Inline function call at BaseBuilder.mnd:298:5                size   +18, benefit        3.0, efficiency      0.167

Pass 1: speed optimization selection (cost limit 389):
    Inline function 'buildBlockFromCfgLocal' defined at BaseBuilder.mnd:62:1 size  +215, benefit       80.5, efficiency      0.374
    Inline function 'buildUnits' defined at BaseBuilder.mnd:125:1 size   +35, benefit        9.0, efficiency      0.257
    Inline function call at BaseBuilder.mnd:157:25               size    +8, benefit        1.8, efficiency      0.219
    Inline function call at BaseBuilder.mnd:159:9                size    +8, benefit        1.8, efficiency      0.219
    Inline function call at BaseBuilder.mnd:160:9                size    +8, benefit        1.8, efficiency      0.219
    Inline function call at BaseBuilder.mnd:170:9                size    +8, benefit        1.8, efficiency      0.219
    Inline function call at BaseBuilder.mnd:171:25               size    +8, benefit        1.8, efficiency      0.219
    Inline function call at BaseBuilder.mnd:173:9                size    +8, benefit        1.8, efficiency      0.219
    Inline function call at BaseBuilder.mnd:174:9                size    +8, benefit        1.8, efficiency      0.219
    Inline function call at BaseBuilder.mnd:175:9                size    +8, benefit        1.8, efficiency      0.219
  * Inline function call at BaseBuilder.mnd:180:5                size    +8, benefit        3.5, efficiency      0.438 (+5 instructions)
    Inline function call at BaseBuilder.mnd:181:5                size    +8, benefit        3.5, efficiency      0.438
    Inline function call at BaseBuilder.mnd:196:5                size    +8, benefit        3.5, efficiency      0.438
    Inline function call at BaseBuilder.mnd:197:5                size    +8, benefit        3.5, efficiency      0.438
    Inline function call at BaseBuilder.mnd:198:5                size    +8, benefit        3.5, efficiency      0.438
    Inline function call at BaseBuilder.mnd:200:5                size    +8, benefit        3.5, efficiency      0.438
    Inline function call at BaseBuilder.mnd:212:5                size   +18, benefit        3.0, efficiency      0.167
    Inline function call at BaseBuilder.mnd:225:5                size    +8, benefit        3.5, efficiency      0.438
    Inline function call at BaseBuilder.mnd:226:5                size    +8, benefit        3.5, efficiency      0.438
    Inline function call at BaseBuilder.mnd:227:5                size    +8, benefit        3.5, efficiency      0.438
    Inline function call at BaseBuilder.mnd:230:5                size    +8, benefit        3.5, efficiency      0.438
    Inline function call at BaseBuilder.mnd:231:5                size    +8, benefit        3.5, efficiency      0.438
    Inline function call at BaseBuilder.mnd:232:5                size    +8, benefit        3.5, efficiency      0.438
    Inline function call at BaseBuilder.mnd:234:5                size    +8, benefit        3.5, efficiency      0.438
    Inline function call at BaseBuilder.mnd:237:5                size    +8, benefit        3.5, efficiency      0.438
    Inline function call at BaseBuilder.mnd:239:9                size    +8, benefit        1.8, efficiency      0.219
    Inline function call at BaseBuilder.mnd:240:9                size    +8, benefit        1.8, efficiency      0.219
    Inline function call at BaseBuilder.mnd:245:5                size    +8, benefit        3.5, efficiency      0.438
    Inline function call at BaseBuilder.mnd:246:5                size    +8, benefit        3.5, efficiency      0.438
    Inline function call at BaseBuilder.mnd:247:5                size    +8, benefit        3.5, efficiency      0.438
    Inline function call at BaseBuilder.mnd:256:5                size   +18, benefit        3.0, efficiency      0.167
    Inline function call at BaseBuilder.mnd:292:5                size    +8, benefit        3.5, efficiency      0.438
    Inline function call at BaseBuilder.mnd:298:5                size   +18, benefit        3.0, efficiency      0.167

Pass 1: speed optimization selection (cost limit 384):
    Inline function 'buildBlockFromCfgLocal' defined at BaseBuilder.mnd:62:1 size  +207, benefit       77.0, efficiency      0.372
    Inline function 'buildUnits' defined at BaseBuilder.mnd:125:1 size   +35, benefit        9.0, efficiency      0.257
    Inline function call at BaseBuilder.mnd:157:25               size    +8, benefit        1.8, efficiency      0.219
    Inline function call at BaseBuilder.mnd:159:9                size    +8, benefit        1.8, efficiency      0.219
    Inline function call at BaseBuilder.mnd:160:9                size    +8, benefit        1.8, efficiency      0.219
    Inline function call at BaseBuilder.mnd:170:9                size    +8, benefit        1.8, efficiency      0.219
    Inline function call at BaseBuilder.mnd:171:25               size    +8, benefit        1.8, efficiency      0.219
    Inline function call at BaseBuilder.mnd:173:9                size    +8, benefit        1.8, efficiency      0.219
    Inline function call at BaseBuilder.mnd:174:9                size    +8, benefit        1.8, efficiency      0.219
    Inline function call at BaseBuilder.mnd:175:9                size    +8, benefit        1.8, efficiency      0.219
  * Inline function call at BaseBuilder.mnd:181:5                size    +8, benefit        3.5, efficiency      0.438 (+5 instructions)
    Inline function call at BaseBuilder.mnd:196:5                size    +8, benefit        3.5, efficiency      0.438
    Inline function call at BaseBuilder.mnd:197:5                size    +8, benefit        3.5, efficiency      0.438
    Inline function call at BaseBuilder.mnd:198:5                size    +8, benefit        3.5, efficiency      0.438
    Inline function call at BaseBuilder.mnd:200:5                size    +8, benefit        3.5, efficiency      0.438
    Inline function call at BaseBuilder.mnd:212:5                size   +18, benefit        3.0, efficiency      0.167
    Inline function call at BaseBuilder.mnd:225:5                size    +8, benefit        3.5, efficiency      0.438
    Inline function call at BaseBuilder.mnd:226:5                size    +8, benefit        3.5, efficiency      0.438
    Inline function call at BaseBuilder.mnd:227:5                size    +8, benefit        3.5, efficiency      0.438
    Inline function call at BaseBuilder.mnd:230:5                size    +8, benefit        3.5, efficiency      0.438
    Inline function call at BaseBuilder.mnd:231:5                size    +8, benefit        3.5, efficiency      0.438
    Inline function call at BaseBuilder.mnd:232:5                size    +8, benefit        3.5, efficiency      0.438
    Inline function call at BaseBuilder.mnd:234:5                size    +8, benefit        3.5, efficiency      0.438
    Inline function call at BaseBuilder.mnd:237:5                size    +8, benefit        3.5, efficiency      0.438
    Inline function call at BaseBuilder.mnd:239:9                size    +8, benefit        1.8, efficiency      0.219
    Inline function call at BaseBuilder.mnd:240:9                size    +8, benefit        1.8, efficiency      0.219
    Inline function call at BaseBuilder.mnd:245:5                size    +8, benefit        3.5, efficiency      0.438
    Inline function call at BaseBuilder.mnd:246:5                size    +8, benefit        3.5, efficiency      0.438
    Inline function call at BaseBuilder.mnd:247:5                size    +8, benefit        3.5, efficiency      0.438
    Inline function call at BaseBuilder.mnd:256:5                size   +18, benefit        3.0, efficiency      0.167
    Inline function call at BaseBuilder.mnd:292:5                size    +8, benefit        3.5, efficiency      0.438
    Inline function call at BaseBuilder.mnd:298:5                size   +18, benefit        3.0, efficiency      0.167

Pass 1: speed optimization selection (cost limit 379):
    Inline function 'buildBlockFromCfgLocal' defined at BaseBuilder.mnd:62:1 size  +199, benefit       73.5, efficiency      0.369
    Inline function 'buildUnits' defined at BaseBuilder.mnd:125:1 size   +35, benefit        9.0, efficiency      0.257
    Inline function call at BaseBuilder.mnd:157:25               size    +8, benefit        1.8, efficiency      0.219
    Inline function call at BaseBuilder.mnd:159:9                size    +8, benefit        1.8, efficiency      0.219
    Inline function call at BaseBuilder.mnd:160:9                size    +8, benefit        1.8, efficiency      0.219
    Inline function call at BaseBuilder.mnd:170:9                size    +8, benefit        1.8, efficiency      0.219
    Inline function call at BaseBuilder.mnd:171:25               size    +8, benefit        1.8, efficiency      0.219
    Inline function call at BaseBuilder.mnd:173:9                size    +8, benefit        1.8, efficiency      0.219
    Inline function call at BaseBuilder.mnd:174:9                size    +8, benefit        1.8, efficiency      0.219
    Inline function call at BaseBuilder.mnd:175:9                size    +8, benefit        1.8, efficiency      0.219
  * Inline function call at BaseBuilder.mnd:196:5                size    +8, benefit        3.5, efficiency      0.438 (+5 instructions)
    Inline function call at BaseBuilder.mnd:197:5                size    +8, benefit        3.5, efficiency      0.438
    Inline function call at BaseBuilder.mnd:198:5                size    +8, benefit        3.5, efficiency      0.438
    Inline function call at BaseBuilder.mnd:200:5                size    +8, benefit        3.5, efficiency      0.438
    Inline function call at BaseBuilder.mnd:212:5                size   +18, benefit        3.0, efficiency      0.167
    Inline function call at BaseBuilder.mnd:225:5                size    +8, benefit        3.5, efficiency      0.438
    Inline function call at BaseBuilder.mnd:226:5                size    +8, benefit        3.5, efficiency      0.438
    Inline function call at BaseBuilder.mnd:227:5                size    +8, benefit        3.5, efficiency      0.438
    Inline function call at BaseBuilder.mnd:230:5                size    +8, benefit        3.5, efficiency      0.438
    Inline function call at BaseBuilder.mnd:231:5                size    +8, benefit        3.5, efficiency      0.438
    Inline function call at BaseBuilder.mnd:232:5                size    +8, benefit        3.5, efficiency      0.438
    Inline function call at BaseBuilder.mnd:234:5                size    +8, benefit        3.5, efficiency      0.438
    Inline function call at BaseBuilder.mnd:237:5                size    +8, benefit        3.5, efficiency      0.438
    Inline function call at BaseBuilder.mnd:239:9                size    +8, benefit        1.8, efficiency      0.219
    Inline function call at BaseBuilder.mnd:240:9                size    +8, benefit        1.8, efficiency      0.219
    Inline function call at BaseBuilder.mnd:245:5                size    +8, benefit        3.5, efficiency      0.438
    Inline function call at BaseBuilder.mnd:246:5                size    +8, benefit        3.5, efficiency      0.438
    Inline function call at BaseBuilder.mnd:247:5                size    +8, benefit        3.5, efficiency      0.438
    Inline function call at BaseBuilder.mnd:256:5                size   +18, benefit        3.0, efficiency      0.167
    Inline function call at BaseBuilder.mnd:292:5                size    +8, benefit        3.5, efficiency      0.438
    Inline function call at BaseBuilder.mnd:298:5                size   +18, benefit        3.0, efficiency      0.167

Pass 1: speed optimization selection (cost limit 374):
    Inline function 'buildBlockFromCfgLocal' defined at BaseBuilder.mnd:62:1 size  +191, benefit       70.0, efficiency      0.366
    Inline function 'buildUnits' defined at BaseBuilder.mnd:125:1 size   +35, benefit        9.0, efficiency      0.257
    Inline function call at BaseBuilder.mnd:157:25               size    +8, benefit        1.8, efficiency      0.219
    Inline function call at BaseBuilder.mnd:159:9                size    +8, benefit        1.8, efficiency      0.219
    Inline function call at BaseBuilder.mnd:160:9                size    +8, benefit        1.8, efficiency      0.219
    Inline function call at BaseBuilder.mnd:170:9                size    +8, benefit        1.8, efficiency      0.219
    Inline function call at BaseBuilder.mnd:171:25               size    +8, benefit        1.8, efficiency      0.219
    Inline function call at BaseBuilder.mnd:173:9                size    +8, benefit        1.8, efficiency      0.219
    Inline function call at BaseBuilder.mnd:174:9                size    +8, benefit        1.8, efficiency      0.219
    Inline function call at BaseBuilder.mnd:175:9                size    +8, benefit        1.8, efficiency      0.219
  * Inline function call at BaseBuilder.mnd:197:5                size    +8, benefit        3.5, efficiency      0.438 (+5 instructions)
    Inline function call at BaseBuilder.mnd:198:5                size    +8, benefit        3.5, efficiency      0.438
    Inline function call at BaseBuilder.mnd:200:5                size    +8, benefit        3.5, efficiency      0.438
    Inline function call at BaseBuilder.mnd:212:5                size   +18, benefit        3.0, efficiency      0.167
    Inline function call at BaseBuilder.mnd:225:5                size    +8, benefit        3.5, efficiency      0.438
    Inline function call at BaseBuilder.mnd:226:5                size    +8, benefit        3.5, efficiency      0.438
    Inline function call at BaseBuilder.mnd:227:5                size    +8, benefit        3.5, efficiency      0.438
    Inline function call at BaseBuilder.mnd:230:5                size    +8, benefit        3.5, efficiency      0.438
    Inline function call at BaseBuilder.mnd:231:5                size    +8, benefit        3.5, efficiency      0.438
    Inline function call at BaseBuilder.mnd:232:5                size    +8, benefit        3.5, efficiency      0.438
    Inline function call at BaseBuilder.mnd:234:5                size    +8, benefit        3.5, efficiency      0.438
    Inline function call at BaseBuilder.mnd:237:5                size    +8, benefit        3.5, efficiency      0.438
    Inline function call at BaseBuilder.mnd:239:9                size    +8, benefit        1.8, efficiency      0.219
    Inline function call at BaseBuilder.mnd:240:9                size    +8, benefit        1.8, efficiency      0.219
    Inline function call at BaseBuilder.mnd:245:5                size    +8, benefit        3.5, efficiency      0.438
    Inline function call at BaseBuilder.mnd:246:5                size    +8, benefit        3.5, efficiency      0.438
    Inline function call at BaseBuilder.mnd:247:5                size    +8, benefit        3.5, efficiency      0.438
    Inline function call at BaseBuilder.mnd:256:5                size   +18, benefit        3.0, efficiency      0.167
    Inline function call at BaseBuilder.mnd:292:5                size    +8, benefit        3.5, efficiency      0.438
    Inline function call at BaseBuilder.mnd:298:5                size   +18, benefit        3.0, efficiency      0.167

Pass 1: speed optimization selection (cost limit 369):
    Inline function 'buildBlockFromCfgLocal' defined at BaseBuilder.mnd:62:1 size  +183, benefit       66.5, efficiency      0.363
    Inline function 'buildUnits' defined at BaseBuilder.mnd:125:1 size   +35, benefit        9.0, efficiency      0.257
    Inline function call at BaseBuilder.mnd:157:25               size    +8, benefit        1.8, efficiency      0.219
    Inline function call at BaseBuilder.mnd:159:9                size    +8, benefit        1.8, efficiency      0.219
    Inline function call at BaseBuilder.mnd:160:9                size    +8, benefit        1.8, efficiency      0.219
    Inline function call at BaseBuilder.mnd:170:9                size    +8, benefit        1.8, efficiency      0.219
    Inline function call at BaseBuilder.mnd:171:25               size    +8, benefit        1.8, efficiency      0.219
    Inline function call at BaseBuilder.mnd:173:9                size    +8, benefit        1.8, efficiency      0.219
    Inline function call at BaseBuilder.mnd:174:9                size    +8, benefit        1.8, efficiency      0.219
    Inline function call at BaseBuilder.mnd:175:9                size    +8, benefit        1.8, efficiency      0.219
  * Inline function call at BaseBuilder.mnd:198:5                size    +8, benefit        3.5, efficiency      0.438 (+5 instructions)
    Inline function call at BaseBuilder.mnd:200:5                size    +8, benefit        3.5, efficiency      0.438
    Inline function call at BaseBuilder.mnd:212:5                size   +18, benefit        3.0, efficiency      0.167
    Inline function call at BaseBuilder.mnd:225:5                size    +8, benefit        3.5, efficiency      0.438
    Inline function call at BaseBuilder.mnd:226:5                size    +8, benefit        3.5, efficiency      0.438
    Inline function call at BaseBuilder.mnd:227:5                size    +8, benefit        3.5, efficiency      0.438
    Inline function call at BaseBuilder.mnd:230:5                size    +8, benefit        3.5, efficiency      0.438
    Inline function call at BaseBuilder.mnd:231:5                size    +8, benefit        3.5, efficiency      0.438
    Inline function call at BaseBuilder.mnd:232:5                size    +8, benefit        3.5, efficiency      0.438
    Inline function call at BaseBuilder.mnd:234:5                size    +8, benefit        3.5, efficiency      0.438
    Inline function call at BaseBuilder.mnd:237:5                size    +8, benefit        3.5, efficiency      0.438
    Inline function call at BaseBuilder.mnd:239:9                size    +8, benefit        1.8, efficiency      0.219
    Inline function call at BaseBuilder.mnd:240:9                size    +8, benefit        1.8, efficiency      0.219
    Inline function call at BaseBuilder.mnd:245:5                size    +8, benefit        3.5, efficiency      0.438
    Inline function call at BaseBuilder.mnd:246:5                size    +8, benefit        3.5, efficiency      0.438
    Inline function call at BaseBuilder.mnd:247:5                size    +8, benefit        3.5, efficiency      0.438
    Inline function call at BaseBuilder.mnd:256:5                size   +18, benefit        3.0, efficiency      0.167
    Inline function call at BaseBuilder.mnd:292:5                size    +8, benefit        3.5, efficiency      0.438
    Inline function call at BaseBuilder.mnd:298:5                size   +18, benefit        3.0, efficiency      0.167

Pass 1: speed optimization selection (cost limit 364):
    Inline function 'buildBlockFromCfgLocal' defined at BaseBuilder.mnd:62:1 size  +175, benefit       63.0, efficiency      0.360
    Inline function 'buildUnits' defined at BaseBuilder.mnd:125:1 size   +35, benefit        9.0, efficiency      0.257
    Inline function call at BaseBuilder.mnd:157:25               size    +8, benefit        1.8, efficiency      0.219
    Inline function call at BaseBuilder.mnd:159:9                size    +8, benefit        1.8, efficiency      0.219
    Inline function call at BaseBuilder.mnd:160:9                size    +8, benefit        1.8, efficiency      0.219
    Inline function call at BaseBuilder.mnd:170:9                size    +8, benefit        1.8, efficiency      0.219
    Inline function call at BaseBuilder.mnd:171:25               size    +8, benefit        1.8, efficiency      0.219
    Inline function call at BaseBuilder.mnd:173:9                size    +8, benefit        1.8, efficiency      0.219
    Inline function call at BaseBuilder.mnd:174:9                size    +8, benefit        1.8, efficiency      0.219
    Inline function call at BaseBuilder.mnd:175:9                size    +8, benefit        1.8, efficiency      0.219
  * Inline function call at BaseBuilder.mnd:200:5                size    +8, benefit        3.5, efficiency      0.438 (+5 instructions)
    Inline function call at BaseBuilder.mnd:212:5                size   +18, benefit        3.0, efficiency      0.167
    Inline function call at BaseBuilder.mnd:225:5                size    +8, benefit        3.5, efficiency      0.438
    Inline function call at BaseBuilder.mnd:226:5                size    +8, benefit        3.5, efficiency      0.438
    Inline function call at BaseBuilder.mnd:227:5                size    +8, benefit        3.5, efficiency      0.438
    Inline function call at BaseBuilder.mnd:230:5                size    +8, benefit        3.5, efficiency      0.438
    Inline function call at BaseBuilder.mnd:231:5                size    +8, benefit        3.5, efficiency      0.438
    Inline function call at BaseBuilder.mnd:232:5                size    +8, benefit        3.5, efficiency      0.438
    Inline function call at BaseBuilder.mnd:234:5                size    +8, benefit        3.5, efficiency      0.438
    Inline function call at BaseBuilder.mnd:237:5                size    +8, benefit        3.5, efficiency      0.438
    Inline function call at BaseBuilder.mnd:239:9                size    +8, benefit        1.8, efficiency      0.219
    Inline function call at BaseBuilder.mnd:240:9                size    +8, benefit        1.8, efficiency      0.219
    Inline function call at BaseBuilder.mnd:245:5                size    +8, benefit        3.5, efficiency      0.438
    Inline function call at BaseBuilder.mnd:246:5                size    +8, benefit        3.5, efficiency      0.438
    Inline function call at BaseBuilder.mnd:247:5                size    +8, benefit        3.5, efficiency      0.438
    Inline function call at BaseBuilder.mnd:256:5                size   +18, benefit        3.0, efficiency      0.167
    Inline function call at BaseBuilder.mnd:292:5                size    +8, benefit        3.5, efficiency      0.438
    Inline function call at BaseBuilder.mnd:298:5                size   +18, benefit        3.0, efficiency      0.167

Pass 1: speed optimization selection (cost limit 359):
    Inline function 'buildBlockFromCfgLocal' defined at BaseBuilder.mnd:62:1 size  +167, benefit       59.5, efficiency      0.356
    Inline function 'buildUnits' defined at BaseBuilder.mnd:125:1 size   +35, benefit        9.0, efficiency      0.257
    Inline function call at BaseBuilder.mnd:157:25               size    +8, benefit        1.8, efficiency      0.219
    Inline function call at BaseBuilder.mnd:159:9                size    +8, benefit        1.8, efficiency      0.219
    Inline function call at BaseBuilder.mnd:160:9                size    +8, benefit        1.8, efficiency      0.219
    Inline function call at BaseBuilder.mnd:170:9                size    +8, benefit        1.8, efficiency      0.219
    Inline function call at BaseBuilder.mnd:171:25               size    +8, benefit        1.8, efficiency      0.219
    Inline function call at BaseBuilder.mnd:173:9                size    +8, benefit        1.8, efficiency      0.219
    Inline function call at BaseBuilder.mnd:174:9                size    +8, benefit        1.8, efficiency      0.219
    Inline function call at BaseBuilder.mnd:175:9                size    +8, benefit        1.8, efficiency      0.219
    Inline function call at BaseBuilder.mnd:212:5                size   +18, benefit        3.0, efficiency      0.167
  * Inline function call at BaseBuilder.mnd:225:5                size    +8, benefit        3.5, efficiency      0.438 (+5 instructions)
    Inline function call at BaseBuilder.mnd:226:5                size    +8, benefit        3.5, efficiency      0.438
    Inline function call at BaseBuilder.mnd:227:5                size    +8, benefit        3.5, efficiency      0.438
    Inline function call at BaseBuilder.mnd:230:5                size    +8, benefit        3.5, efficiency      0.438
    Inline function call at BaseBuilder.mnd:231:5                size    +8, benefit        3.5, efficiency      0.438
    Inline function call at BaseBuilder.mnd:232:5                size    +8, benefit        3.5, efficiency      0.438
    Inline function call at BaseBuilder.mnd:234:5                size    +8, benefit        3.5, efficiency      0.438
    Inline function call at BaseBuilder.mnd:237:5                size    +8, benefit        3.5, efficiency      0.438
    Inline function call at BaseBuilder.mnd:239:9                size    +8, benefit        1.8, efficiency      0.219
    Inline function call at BaseBuilder.mnd:240:9                size    +8, benefit        1.8, efficiency      0.219
    Inline function call at BaseBuilder.mnd:245:5                size    +8, benefit        3.5, efficiency      0.438
    Inline function call at BaseBuilder.mnd:246:5                size    +8, benefit        3.5, efficiency      0.438
    Inline function call at BaseBuilder.mnd:247:5                size    +8, benefit        3.5, efficiency      0.438
    Inline function call at BaseBuilder.mnd:256:5                size   +18, benefit        3.0, efficiency      0.167
    Inline function call at BaseBuilder.mnd:292:5                size    +8, benefit        3.5, efficiency      0.438
    Inline function call at BaseBuilder.mnd:298:5                size   +18, benefit        3.0, efficiency      0.167

Pass 1: speed optimization selection (cost limit 354):
    Inline function 'buildBlockFromCfgLocal' defined at BaseBuilder.mnd:62:1 size  +159, benefit       56.0, efficiency      0.352
    Inline function 'buildUnits' defined at BaseBuilder.mnd:125:1 size   +35, benefit        9.0, efficiency      0.257
    Inline function call at BaseBuilder.mnd:157:25               size    +8, benefit        1.8, efficiency      0.219
    Inline function call at BaseBuilder.mnd:159:9                size    +8, benefit        1.8, efficiency      0.219
    Inline function call at BaseBuilder.mnd:160:9                size    +8, benefit        1.8, efficiency      0.219
    Inline function call at BaseBuilder.mnd:170:9                size    +8, benefit        1.8, efficiency      0.219
    Inline function call at BaseBuilder.mnd:171:25               size    +8, benefit        1.8, efficiency      0.219
    Inline function call at BaseBuilder.mnd:173:9                size    +8, benefit        1.8, efficiency      0.219
    Inline function call at BaseBuilder.mnd:174:9                size    +8, benefit        1.8, efficiency      0.219
    Inline function call at BaseBuilder.mnd:175:9                size    +8, benefit        1.8, efficiency      0.219
    Inline function call at BaseBuilder.mnd:212:5                size   +18, benefit        3.0, efficiency      0.167
  * Inline function call at BaseBuilder.mnd:226:5                size    +8, benefit        3.5, efficiency      0.438 (+5 instructions)
    Inline function call at BaseBuilder.mnd:227:5                size    +8, benefit        3.5, efficiency      0.438
    Inline function call at BaseBuilder.mnd:230:5                size    +8, benefit        3.5, efficiency      0.438
    Inline function call at BaseBuilder.mnd:231:5                size    +8, benefit        3.5, efficiency      0.438
    Inline function call at BaseBuilder.mnd:232:5                size    +8, benefit        3.5, efficiency      0.438
    Inline function call at BaseBuilder.mnd:234:5                size    +8, benefit        3.5, efficiency      0.438
    Inline function call at BaseBuilder.mnd:237:5                size    +8, benefit        3.5, efficiency      0.438
    Inline function call at BaseBuilder.mnd:239:9                size    +8, benefit        1.8, efficiency      0.219
    Inline function call at BaseBuilder.mnd:240:9                size    +8, benefit        1.8, efficiency      0.219
    Inline function call at BaseBuilder.mnd:245:5                size    +8, benefit        3.5, efficiency      0.438
    Inline function call at BaseBuilder.mnd:246:5                size    +8, benefit        3.5, efficiency      0.438
    Inline function call at BaseBuilder.mnd:247:5                size    +8, benefit        3.5, efficiency      0.438
    Inline function call at BaseBuilder.mnd:256:5                size   +18, benefit        3.0, efficiency      0.167
    Inline function call at BaseBuilder.mnd:292:5                size    +8, benefit        3.5, efficiency      0.438
    Inline function call at BaseBuilder.mnd:298:5                size   +18, benefit        3.0, efficiency      0.167

Pass 1: speed optimization selection (cost limit 349):
    Inline function 'buildBlockFromCfgLocal' defined at BaseBuilder.mnd:62:1 size  +151, benefit       52.5, efficiency      0.348
    Inline function 'buildUnits' defined at BaseBuilder.mnd:125:1 size   +35, benefit        9.0, efficiency      0.257
    Inline function call at BaseBuilder.mnd:157:25               size    +8, benefit        1.8, efficiency      0.219
    Inline function call at BaseBuilder.mnd:159:9                size    +8, benefit        1.8, efficiency      0.219
    Inline function call at BaseBuilder.mnd:160:9                size    +8, benefit        1.8, efficiency      0.219
    Inline function call at BaseBuilder.mnd:170:9                size    +8, benefit        1.8, efficiency      0.219
    Inline function call at BaseBuilder.mnd:171:25               size    +8, benefit        1.8, efficiency      0.219
    Inline function call at BaseBuilder.mnd:173:9                size    +8, benefit        1.8, efficiency      0.219
    Inline function call at BaseBuilder.mnd:174:9                size    +8, benefit        1.8, efficiency      0.219
    Inline function call at BaseBuilder.mnd:175:9                size    +8, benefit        1.8, efficiency      0.219
    Inline function call at BaseBuilder.mnd:212:5                size   +18, benefit        3.0, efficiency      0.167
  * Inline function call at BaseBuilder.mnd:227:5                size    +8, benefit        3.5, efficiency      0.438 (+5 instructions)
    Inline function call at BaseBuilder.mnd:230:5                size    +8, benefit        3.5, efficiency      0.438
    Inline function call at BaseBuilder.mnd:231:5                size    +8, benefit        3.5, efficiency      0.438
    Inline function call at BaseBuilder.mnd:232:5                size    +8, benefit        3.5, efficiency      0.438
    Inline function call at BaseBuilder.mnd:234:5                size    +8, benefit        3.5, efficiency      0.438
    Inline function call at BaseBuilder.mnd:237:5                size    +8, benefit        3.5, efficiency      0.438
    Inline function call at BaseBuilder.mnd:239:9                size    +8, benefit        1.8, efficiency      0.219
    Inline function call at BaseBuilder.mnd:240:9                size    +8, benefit        1.8, efficiency      0.219
    Inline function call at BaseBuilder.mnd:245:5                size    +8, benefit        3.5, efficiency      0.438
    Inline function call at BaseBuilder.mnd:246:5                size    +8, benefit        3.5, efficiency      0.438
    Inline function call at BaseBuilder.mnd:247:5                size    +8, benefit        3.5, efficiency      0.438
    Inline function call at BaseBuilder.mnd:256:5                size   +18, benefit        3.0, efficiency      0.167
    Inline function call at BaseBuilder.mnd:292:5                size    +8, benefit        3.5, efficiency      0.438
    Inline function call at BaseBuilder.mnd:298:5                size   +18, benefit        3.0, efficiency      0.167

Pass 1: speed optimization selection (cost limit 344):
    Inline function 'buildBlockFromCfgLocal' defined at BaseBuilder.mnd:62:1 size  +143, benefit       49.0, efficiency      0.343
    Inline function 'buildUnits' defined at BaseBuilder.mnd:125:1 size   +35, benefit        9.0, efficiency      0.257
    Inline function call at BaseBuilder.mnd:157:25               size    +8, benefit        1.8, efficiency      0.219
    Inline function call at BaseBuilder.mnd:159:9                size    +8, benefit        1.8, efficiency      0.219
    Inline function call at BaseBuilder.mnd:160:9                size    +8, benefit        1.8, efficiency      0.219
    Inline function call at BaseBuilder.mnd:170:9                size    +8, benefit        1.8, efficiency      0.219
    Inline function call at BaseBuilder.mnd:171:25               size    +8, benefit        1.8, efficiency      0.219
    Inline function call at BaseBuilder.mnd:173:9                size    +8, benefit        1.8, efficiency      0.219
    Inline function call at BaseBuilder.mnd:174:9                size    +8, benefit        1.8, efficiency      0.219
    Inline function call at BaseBuilder.mnd:175:9                size    +8, benefit        1.8, efficiency      0.219
    Inline function call at BaseBuilder.mnd:212:5                size   +18, benefit        3.0, efficiency      0.167
  * Inline function call at BaseBuilder.mnd:230:5                size    +8, benefit        3.5, efficiency      0.438 (+5 instructions)
    Inline function call at BaseBuilder.mnd:231:5                size    +8, benefit        3.5, efficiency      0.438
    Inline function call at BaseBuilder.mnd:232:5                size    +8, benefit        3.5, efficiency      0.438
    Inline function call at BaseBuilder.mnd:234:5                size    +8, benefit        3.5, efficiency      0.438
    Inline function call at BaseBuilder.mnd:237:5                size    +8, benefit        3.5, efficiency      0.438
    Inline function call at BaseBuilder.mnd:239:9                size    +8, benefit        1.8, efficiency      0.219
    Inline function call at BaseBuilder.mnd:240:9                size    +8, benefit        1.8, efficiency      0.219
    Inline function call at BaseBuilder.mnd:245:5                size    +8, benefit        3.5, efficiency      0.438
    Inline function call at BaseBuilder.mnd:246:5                size    +8, benefit        3.5, efficiency      0.438
    Inline function call at BaseBuilder.mnd:247:5                size    +8, benefit        3.5, efficiency      0.438
    Inline function call at BaseBuilder.mnd:256:5                size   +18, benefit        3.0, efficiency      0.167
    Inline function call at BaseBuilder.mnd:292:5                size    +8, benefit        3.5, efficiency      0.438
    Inline function call at BaseBuilder.mnd:298:5                size   +18, benefit        3.0, efficiency      0.167

Pass 1: speed optimization selection (cost limit 339):
    Inline function 'buildBlockFromCfgLocal' defined at BaseBuilder.mnd:62:1 size  +135, benefit       45.5, efficiency      0.337
    Inline function 'buildUnits' defined at BaseBuilder.mnd:125:1 size   +35, benefit        9.0, efficiency      0.257
    Inline function call at BaseBuilder.mnd:157:25               size    +8, benefit        1.8, efficiency      0.219
    Inline function call at BaseBuilder.mnd:159:9                size    +8, benefit        1.8, efficiency      0.219
    Inline function call at BaseBuilder.mnd:160:9                size    +8, benefit        1.8, efficiency      0.219
    Inline function call at BaseBuilder.mnd:170:9                size    +8, benefit        1.8, efficiency      0.219
    Inline function call at BaseBuilder.mnd:171:25               size    +8, benefit        1.8, efficiency      0.219
    Inline function call at BaseBuilder.mnd:173:9                size    +8, benefit        1.8, efficiency      0.219
    Inline function call at BaseBuilder.mnd:174:9                size    +8, benefit        1.8, efficiency      0.219
    Inline function call at BaseBuilder.mnd:175:9                size    +8, benefit        1.8, efficiency      0.219
    Inline function call at BaseBuilder.mnd:212:5                size   +18, benefit        3.0, efficiency      0.167
  * Inline function call at BaseBuilder.mnd:231:5                size    +8, benefit        3.5, efficiency      0.438 (+5 instructions)
    Inline function call at BaseBuilder.mnd:232:5                size    +8, benefit        3.5, efficiency      0.438
    Inline function call at BaseBuilder.mnd:234:5                size    +8, benefit        3.5, efficiency      0.438
    Inline function call at BaseBuilder.mnd:237:5                size    +8, benefit        3.5, efficiency      0.438
    Inline function call at BaseBuilder.mnd:239:9                size    +8, benefit        1.8, efficiency      0.219
    Inline function call at BaseBuilder.mnd:240:9                size    +8, benefit        1.8, efficiency      0.219
    Inline function call at BaseBuilder.mnd:245:5                size    +8, benefit        3.5, efficiency      0.438
    Inline function call at BaseBuilder.mnd:246:5                size    +8, benefit        3.5, efficiency      0.438
    Inline function call at BaseBuilder.mnd:247:5                size    +8, benefit        3.5, efficiency      0.438
    Inline function call at BaseBuilder.mnd:256:5                size   +18, benefit        3.0, efficiency      0.167
    Inline function call at BaseBuilder.mnd:292:5                size    +8, benefit        3.5, efficiency      0.438
    Inline function call at BaseBuilder.mnd:298:5                size   +18, benefit        3.0, efficiency      0.167

Pass 1: speed optimization selection (cost limit 334):
    Inline function 'buildBlockFromCfgLocal' defined at BaseBuilder.mnd:62:1 size  +127, benefit       42.0, efficiency      0.331
    Inline function 'buildUnits' defined at BaseBuilder.mnd:125:1 size   +35, benefit        9.0, efficiency      0.257
    Inline function call at BaseBuilder.mnd:157:25               size    +8, benefit        1.8, efficiency      0.219
    Inline function call at BaseBuilder.mnd:159:9                size    +8, benefit        1.8, efficiency      0.219
    Inline function call at BaseBuilder.mnd:160:9                size    +8, benefit        1.8, efficiency      0.219
    Inline function call at BaseBuilder.mnd:170:9                size    +8, benefit        1.8, efficiency      0.219
    Inline function call at BaseBuilder.mnd:171:25               size    +8, benefit        1.8, efficiency      0.219
    Inline function call at BaseBuilder.mnd:173:9                size    +8, benefit        1.8, efficiency      0.219
    Inline function call at BaseBuilder.mnd:174:9                size    +8, benefit        1.8, efficiency      0.219
    Inline function call at BaseBuilder.mnd:175:9                size    +8, benefit        1.8, efficiency      0.219
    Inline function call at BaseBuilder.mnd:212:5                size   +18, benefit        3.0, efficiency      0.167
  * Inline function call at BaseBuilder.mnd:232:5                size    +8, benefit        3.5, efficiency      0.438 (+5 instructions)
    Inline function call at BaseBuilder.mnd:234:5                size    +8, benefit        3.5, efficiency      0.438
    Inline function call at BaseBuilder.mnd:237:5                size    +8, benefit        3.5, efficiency      0.438
    Inline function call at BaseBuilder.mnd:239:9                size    +8, benefit        1.8, efficiency      0.219
    Inline function call at BaseBuilder.mnd:240:9                size    +8, benefit        1.8, efficiency      0.219
    Inline function call at BaseBuilder.mnd:245:5                size    +8, benefit        3.5, efficiency      0.438
    Inline function call at BaseBuilder.mnd:246:5                size    +8, benefit        3.5, efficiency      0.438
    Inline function call at BaseBuilder.mnd:247:5                size    +8, benefit        3.5, efficiency      0.438
    Inline function call at BaseBuilder.mnd:256:5                size   +18, benefit        3.0, efficiency      0.167
    Inline function call at BaseBuilder.mnd:292:5                size    +8, benefit        3.5, efficiency      0.438
    Inline function call at BaseBuilder.mnd:298:5                size   +18, benefit        3.0, efficiency      0.167

Pass 1: speed optimization selection (cost limit 329):
    Inline function 'buildBlockFromCfgLocal' defined at BaseBuilder.mnd:62:1 size  +119, benefit       38.5, efficiency      0.324
    Inline function 'buildUnits' defined at BaseBuilder.mnd:125:1 size   +35, benefit        9.0, efficiency      0.257
    Inline function call at BaseBuilder.mnd:157:25               size    +8, benefit        1.8, efficiency      0.219
    Inline function call at BaseBuilder.mnd:159:9                size    +8, benefit        1.8, efficiency      0.219
    Inline function call at BaseBuilder.mnd:160:9                size    +8, benefit        1.8, efficiency      0.219
    Inline function call at BaseBuilder.mnd:170:9                size    +8, benefit        1.8, efficiency      0.219
    Inline function call at BaseBuilder.mnd:171:25               size    +8, benefit        1.8, efficiency      0.219
    Inline function call at BaseBuilder.mnd:173:9                size    +8, benefit        1.8, efficiency      0.219
    Inline function call at BaseBuilder.mnd:174:9                size    +8, benefit        1.8, efficiency      0.219
    Inline function call at BaseBuilder.mnd:175:9                size    +8, benefit        1.8, efficiency      0.219
    Inline function call at BaseBuilder.mnd:212:5                size   +18, benefit        3.0, efficiency      0.167
  * Inline function call at BaseBuilder.mnd:234:5                size    +8, benefit        3.5, efficiency      0.438 (+5 instructions)
    Inline function call at BaseBuilder.mnd:237:5                size    +8, benefit        3.5, efficiency      0.438
    Inline function call at BaseBuilder.mnd:239:9                size    +8, benefit        1.8, efficiency      0.219
    Inline function call at BaseBuilder.mnd:240:9                size    +8, benefit        1.8, efficiency      0.219
    Inline function call at BaseBuilder.mnd:245:5                size    +8, benefit        3.5, efficiency      0.438
    Inline function call at BaseBuilder.mnd:246:5                size    +8, benefit        3.5, efficiency      0.438
    Inline function call at BaseBuilder.mnd:247:5                size    +8, benefit        3.5, efficiency      0.438
    Inline function call at BaseBuilder.mnd:256:5                size   +18, benefit        3.0, efficiency      0.167
    Inline function call at BaseBuilder.mnd:292:5                size    +8, benefit        3.5, efficiency      0.438
    Inline function call at BaseBuilder.mnd:298:5                size   +18, benefit        3.0, efficiency      0.167

Pass 1: speed optimization selection (cost limit 324):
    Inline function 'buildBlockFromCfgLocal' defined at BaseBuilder.mnd:62:1 size  +111, benefit       35.0, efficiency      0.315
    Inline function 'buildUnits' defined at BaseBuilder.mnd:125:1 size   +35, benefit        9.0, efficiency      0.257
    Inline function call at BaseBuilder.mnd:157:25               size    +8, benefit        1.8, efficiency      0.219
    Inline function call at BaseBuilder.mnd:159:9                size    +8, benefit        1.8, efficiency      0.219
    Inline function call at BaseBuilder.mnd:160:9                size    +8, benefit        1.8, efficiency      0.219
    Inline function call at BaseBuilder.mnd:170:9                size    +8, benefit        1.8, efficiency      0.219
    Inline function call at BaseBuilder.mnd:171:25               size    +8, benefit        1.8, efficiency      0.219
    Inline function call at BaseBuilder.mnd:173:9                size    +8, benefit        1.8, efficiency      0.219
    Inline function call at BaseBuilder.mnd:174:9                size    +8, benefit        1.8, efficiency      0.219
    Inline function call at BaseBuilder.mnd:175:9                size    +8, benefit        1.8, efficiency      0.219
    Inline function call at BaseBuilder.mnd:212:5                size   +18, benefit        3.0, efficiency      0.167
  * Inline function call at BaseBuilder.mnd:237:5                size    +8, benefit        3.5, efficiency      0.438 (+5 instructions)
    Inline function call at BaseBuilder.mnd:239:9                size    +8, benefit        1.8, efficiency      0.219
    Inline function call at BaseBuilder.mnd:240:9                size    +8, benefit        1.8, efficiency      0.219
    Inline function call at BaseBuilder.mnd:245:5                size    +8, benefit        3.5, efficiency      0.438
    Inline function call at BaseBuilder.mnd:246:5                size    +8, benefit        3.5, efficiency      0.438
    Inline function call at BaseBuilder.mnd:247:5                size    +8, benefit        3.5, efficiency      0.438
    Inline function call at BaseBuilder.mnd:256:5                size   +18, benefit        3.0, efficiency      0.167
    Inline function call at BaseBuilder.mnd:292:5                size    +8, benefit        3.5, efficiency      0.438
    Inline function call at BaseBuilder.mnd:298:5                size   +18, benefit        3.0, efficiency      0.167

Pass 1: speed optimization selection (cost limit 319):
    Inline function 'buildBlockFromCfgLocal' defined at BaseBuilder.mnd:62:1 size  +103, benefit       31.5, efficiency      0.306
    Inline function 'buildUnits' defined at BaseBuilder.mnd:125:1 size   +35, benefit        9.0, efficiency      0.257
    Inline function call at BaseBuilder.mnd:157:25               size    +8, benefit        1.8, efficiency      0.219
    Inline function call at BaseBuilder.mnd:159:9                size    +8, benefit        1.8, efficiency      0.219
    Inline function call at BaseBuilder.mnd:160:9                size    +8, benefit        1.8, efficiency      0.219
    Inline function call at BaseBuilder.mnd:170:9                size    +8, benefit        1.8, efficiency      0.219
    Inline function call at BaseBuilder.mnd:171:25               size    +8, benefit        1.8, efficiency      0.219
    Inline function call at BaseBuilder.mnd:173:9                size    +8, benefit        1.8, efficiency      0.219
    Inline function call at BaseBuilder.mnd:174:9                size    +8, benefit        1.8, efficiency      0.219
    Inline function call at BaseBuilder.mnd:175:9                size    +8, benefit        1.8, efficiency      0.219
    Inline function call at BaseBuilder.mnd:212:5                size   +18, benefit        3.0, efficiency      0.167
    Inline function call at BaseBuilder.mnd:239:9                size    +8, benefit        1.8, efficiency      0.219
    Inline function call at BaseBuilder.mnd:240:9                size    +8, benefit        1.8, efficiency      0.219
  * Inline function call at BaseBuilder.mnd:245:5                size    +8, benefit        3.5, efficiency      0.438 (+5 instructions)
    Inline function call at BaseBuilder.mnd:246:5                size    +8, benefit        3.5, efficiency      0.438
    Inline function call at BaseBuilder.mnd:247:5                size    +8, benefit        3.5, efficiency      0.438
    Inline function call at BaseBuilder.mnd:256:5                size   +18, benefit        3.0, efficiency      0.167
    Inline function call at BaseBuilder.mnd:292:5                size    +8, benefit        3.5, efficiency      0.438
    Inline function call at BaseBuilder.mnd:298:5                size   +18, benefit        3.0, efficiency      0.167

Pass 1: speed optimization selection (cost limit 314):
    Inline function 'buildBlockFromCfgLocal' defined at BaseBuilder.mnd:62:1 size   +95, benefit       28.0, efficiency      0.295
    Inline function 'buildUnits' defined at BaseBuilder.mnd:125:1 size   +35, benefit        9.0, efficiency      0.257
    Inline function call at BaseBuilder.mnd:157:25               size    +8, benefit        1.8, efficiency      0.219
    Inline function call at BaseBuilder.mnd:159:9                size    +8, benefit        1.8, efficiency      0.219
    Inline function call at BaseBuilder.mnd:160:9                size    +8, benefit        1.8, efficiency      0.219
    Inline function call at BaseBuilder.mnd:170:9                size    +8, benefit        1.8, efficiency      0.219
    Inline function call at BaseBuilder.mnd:171:25               size    +8, benefit        1.8, efficiency      0.219
    Inline function call at BaseBuilder.mnd:173:9                size    +8, benefit        1.8, efficiency      0.219
    Inline function call at BaseBuilder.mnd:174:9                size    +8, benefit        1.8, efficiency      0.219
    Inline function call at BaseBuilder.mnd:175:9                size    +8, benefit        1.8, efficiency      0.219
    Inline function call at BaseBuilder.mnd:212:5                size   +18, benefit        3.0, efficiency      0.167
    Inline function call at BaseBuilder.mnd:239:9                size    +8, benefit        1.8, efficiency      0.219
    Inline function call at BaseBuilder.mnd:240:9                size    +8, benefit        1.8, efficiency      0.219
  * Inline function call at BaseBuilder.mnd:246:5                size    +8, benefit        3.5, efficiency      0.438 (+5 instructions)
    Inline function call at BaseBuilder.mnd:247:5                size    +8, benefit        3.5, efficiency      0.438
    Inline function call at BaseBuilder.mnd:256:5                size   +18, benefit        3.0, efficiency      0.167
    Inline function call at BaseBuilder.mnd:292:5                size    +8, benefit        3.5, efficiency      0.438
    Inline function call at BaseBuilder.mnd:298:5                size   +18, benefit        3.0, efficiency      0.167

Pass 1: speed optimization selection (cost limit 309):
    Inline function 'buildBlockFromCfgLocal' defined at BaseBuilder.mnd:62:1 size   +87, benefit       24.5, efficiency      0.282
    Inline function 'buildUnits' defined at BaseBuilder.mnd:125:1 size   +35, benefit        9.0, efficiency      0.257
    Inline function call at BaseBuilder.mnd:157:25               size    +8, benefit        1.8, efficiency      0.219
    Inline function call at BaseBuilder.mnd:159:9                size    +8, benefit        1.8, efficiency      0.219
    Inline function call at BaseBuilder.mnd:160:9                size    +8, benefit        1.8, efficiency      0.219
    Inline function call at BaseBuilder.mnd:170:9                size    +8, benefit        1.8, efficiency      0.219
    Inline function call at BaseBuilder.mnd:171:25               size    +8, benefit        1.8, efficiency      0.219
    Inline function call at BaseBuilder.mnd:173:9                size    +8, benefit        1.8, efficiency      0.219
    Inline function call at BaseBuilder.mnd:174:9                size    +8, benefit        1.8, efficiency      0.219
    Inline function call at BaseBuilder.mnd:175:9                size    +8, benefit        1.8, efficiency      0.219
    Inline function call at BaseBuilder.mnd:212:5                size   +18, benefit        3.0, efficiency      0.167
    Inline function call at BaseBuilder.mnd:239:9                size    +8, benefit        1.8, efficiency      0.219
    Inline function call at BaseBuilder.mnd:240:9                size    +8, benefit        1.8, efficiency      0.219
  * Inline function call at BaseBuilder.mnd:247:5                size    +8, benefit        3.5, efficiency      0.438 (+5 instructions)
    Inline function call at BaseBuilder.mnd:256:5                size   +18, benefit        3.0, efficiency      0.167
    Inline function call at BaseBuilder.mnd:292:5                size    +8, benefit        3.5, efficiency      0.438
    Inline function call at BaseBuilder.mnd:298:5                size   +18, benefit        3.0, efficiency      0.167

Pass 1: speed optimization selection (cost limit 304):
    Inline function 'buildBlockFromCfgLocal' defined at BaseBuilder.mnd:62:1 size   +79, benefit       21.0, efficiency      0.266
    Inline function 'buildUnits' defined at BaseBuilder.mnd:125:1 size   +35, benefit        9.0, efficiency      0.257
    Inline function call at BaseBuilder.mnd:157:25               size    +8, benefit        1.8, efficiency      0.219
    Inline function call at BaseBuilder.mnd:159:9                size    +8, benefit        1.8, efficiency      0.219
    Inline function call at BaseBuilder.mnd:160:9                size    +8, benefit        1.8, efficiency      0.219
    Inline function call at BaseBuilder.mnd:170:9                size    +8, benefit        1.8, efficiency      0.219
    Inline function call at BaseBuilder.mnd:171:25               size    +8, benefit        1.8, efficiency      0.219
    Inline function call at BaseBuilder.mnd:173:9                size    +8, benefit        1.8, efficiency      0.219
    Inline function call at BaseBuilder.mnd:174:9                size    +8, benefit        1.8, efficiency      0.219
    Inline function call at BaseBuilder.mnd:175:9                size    +8, benefit        1.8, efficiency      0.219
    Inline function call at BaseBuilder.mnd:212:5                size   +18, benefit        3.0, efficiency      0.167
    Inline function call at BaseBuilder.mnd:239:9                size    +8, benefit        1.8, efficiency      0.219
    Inline function call at BaseBuilder.mnd:240:9                size    +8, benefit        1.8, efficiency      0.219
    Inline function call at BaseBuilder.mnd:256:5                size   +18, benefit        3.0, efficiency      0.167
  * Inline function call at BaseBuilder.mnd:292:5                size    +8, benefit        3.5, efficiency      0.438 (+5 instructions)
    Inline function call at BaseBuilder.mnd:298:5                size   +18, benefit        3.0, efficiency      0.167

Pass 1: speed optimization selection (cost limit 299):
    Inline function 'buildBlockFromCfgLocal' defined at BaseBuilder.mnd:62:1 size   +71, benefit       17.5, efficiency      0.246
  * Inline function 'buildUnits' defined at BaseBuilder.mnd:125:1 size   +35, benefit        9.0, efficiency      0.257 (+30 instructions)
    Inline function call at BaseBuilder.mnd:157:25               size    +8, benefit        1.8, efficiency      0.219
    Inline function call at BaseBuilder.mnd:159:9                size    +8, benefit        1.8, efficiency      0.219
    Inline function call at BaseBuilder.mnd:160:9                size    +8, benefit        1.8, efficiency      0.219
    Inline function call at BaseBuilder.mnd:170:9                size    +8, benefit        1.8, efficiency      0.219
    Inline function call at BaseBuilder.mnd:171:25               size    +8, benefit        1.8, efficiency      0.219
    Inline function call at BaseBuilder.mnd:173:9                size    +8, benefit        1.8, efficiency      0.219
    Inline function call at BaseBuilder.mnd:174:9                size    +8, benefit        1.8, efficiency      0.219
    Inline function call at BaseBuilder.mnd:175:9                size    +8, benefit        1.8, efficiency      0.219
    Inline function call at BaseBuilder.mnd:212:5                size   +18, benefit        3.0, efficiency      0.167
    Inline function call at BaseBuilder.mnd:239:9                size    +8, benefit        1.8, efficiency      0.219
    Inline function call at BaseBuilder.mnd:240:9                size    +8, benefit        1.8, efficiency      0.219
    Inline function call at BaseBuilder.mnd:256:5                size   +18, benefit        3.0, efficiency      0.167
    Inline function call at BaseBuilder.mnd:298:5                size   +18, benefit        3.0, efficiency      0.167

Pass 1: speed optimization selection (cost limit 269):
  * Inline function 'buildBlockFromCfgLocal' defined at BaseBuilder.mnd:62:1 size   +71, benefit       17.5, efficiency      0.246 (+41 instructions)
    Inline function call at BaseBuilder.mnd:157:25               size    +8, benefit        1.8, efficiency      0.219
    Inline function call at BaseBuilder.mnd:159:9                size    +8, benefit        1.8, efficiency      0.219
    Inline function call at BaseBuilder.mnd:160:9                size    +8, benefit        1.8, efficiency      0.219
    Inline function call at BaseBuilder.mnd:170:9                size    +8, benefit        1.8, efficiency      0.219
    Inline function call at BaseBuilder.mnd:171:25               size    +8, benefit        1.8, efficiency      0.219
    Inline function call at BaseBuilder.mnd:173:9                size    +8, benefit        1.8, efficiency      0.219
    Inline function call at BaseBuilder.mnd:174:9                size    +8, benefit        1.8, efficiency      0.219
    Inline function call at BaseBuilder.mnd:175:9                size    +8, benefit        1.8, efficiency      0.219
    Inline function call at BaseBuilder.mnd:239:9                size    +8, benefit        1.8, efficiency      0.219
    Inline function call at BaseBuilder.mnd:240:9                size    +8, benefit        1.8, efficiency      0.219

Modifications by Initial phase, Dead Code Elimination, iteration 1 (-54 instructions):
 
    38 setaddr :buildBlockFromCfgLocal*retaddr *label52 (h:*label52)
    39 call *label39 *invalid :buildBlockFromCfgLocal*retval (m:*label52) (h:*label52)
    40 label *label52
-    * set *tmp152 :buildBlockFromCfgLocal*retval
    41 set :buildBlockFromCfgLocal:cfg "AJTJK-battery1"
    42 setaddr :buildBlockFromCfgLocal*retaddr *label53 (h:*label53)
    43 call *label39 *invalid :buildBlockFromCfgLocal*retval (m:*label53) (h:*label53)
    44 label *label53
-    * set *tmp153 :buildBlockFromCfgLocal*retval
    45 set :buildBlockFromCfgLocal:cfg "ALTJL-battery2"
    46 setaddr :buildBlockFromCfgLocal*retaddr *label54 (h:*label54)
    47 call *label39 *invalid :buildBlockFromCfgLocal*retval (m:*label54) (h:*label54)
    48 label *label54
-    * set *tmp154 :buildBlockFromCfgLocal*retval
    49 set :buildBlockFromCfgLocal:cfg "AJRJM-combustion-generator3"
    50 setaddr :buildBlockFromCfgLocal*retaddr *label55 (h:*label55)
    51 call *label39 *invalid :buildBlockFromCfgLocal*retval (m:*label55) (h:*label55)
    52 label *label55
-    * set *tmp155 :buildBlockFromCfgLocal*retval
    53 write 400 processor1 ".powerTarget"
    54 set .sandContainer .core
    55 jump *label56 equal .scrap false
 
    64 setaddr :buildBlockFromCfgLocal*retaddr *label59 (h:*label59)
    65 call *label39 *invalid :buildBlockFromCfgLocal*retval (m:*label59) (h:*label59)
    66 label *label59
-    * set *tmp158 :buildBlockFromCfgLocal*retval
    67 set :buildBlockFromCfgLocal:cfg "APTJf-power-node28"
    68 setaddr :buildBlockFromCfgLocal*retaddr *label60 (h:*label60)
    69 call *label39 *invalid :buildBlockFromCfgLocal*retval (m:*label60) (h:*label60)
    70 label *label60
    71 set *tmp159 :buildBlockFromCfgLocal*retval
-    * set *tmp156 *tmp159
    72 jump *label57 always
    73 label *label56
-    * set *tmp156 null
    74 label *label57
    75 set :buildBlockFromCfgLocal:cfg "ALMQJN-silicon-smelter4"
    76 setaddr :buildBlockFromCfgLocal*retaddr *label61 (h:*label61)
    77 call *label39 *invalid :buildBlockFromCfgLocal*retval (m:*label61) (h:*label61)
    78 label *label61
-    * set *tmp160 :buildBlockFromCfgLocal*retval
    79 set :buildBlockFromCfgLocal:cfg "A{LNJO-inverted-sorter5"
    80 setaddr :buildBlockFromCfgLocal*retaddr *label62 (h:*label62)
    81 call *label39 *invalid :buildBlockFromCfgLocal*retval (m:*label62) (h:*label62)
    82 label *label62
-    * set *tmp161 :buildBlockFromCfgLocal*retval
    83 set :buildFirstTitaniumDrill:cfg "AJJJ~-pneumatic-drill52"
    84 write :buildFirstTitaniumDrill:cfg processor1 ":meetTargetCfg:cfg"
    85 write false processor1 ":meetTargetCfg:forBuild"
 
   112 op equal *tmp181 :buildFirstTitaniumDrill:result false
   113 jump *label66 equal *tmp181 false
   114 error "Cannot locate spot for titanium drill"
-    * set *tmp182 null
   115 jump *label67 always
   116 label *label66
-    * set *tmp182 null
   117 label *label67
   118 write @pneumatic-drill processor2 ".nextBlock"
   119 write :buildFirstTitaniumDrill:dx processor1 ":buildFirstTitaniumDrillAt:x"
 
   137 setaddr :buildBlockFromCfgLocal*retaddr *label71 (h:*label71)
   138 call *label39 *invalid :buildBlockFromCfgLocal*retval (m:*label71) (h:*label71)
   139 label *label71
-    * set *tmp189 :buildBlockFromCfgLocal*retval
   140 set :buildBlockFromCfgLocal:cfg "A¨SSJh-container30"
   141 setaddr :buildBlockFromCfgLocal*retaddr *label72 (h:*label72)
   142 call *label39 *invalid :buildBlockFromCfgLocal*retval (m:*label72) (h:*label72)
 
   148 setaddr :buildBlockFromCfgLocal*retaddr *label73 (h:*label73)
   149 call *label39 *invalid :buildBlockFromCfgLocal*retval (m:*label73) (h:*label73)
   150 label *label73
-    * set *tmp191 :buildBlockFromCfgLocal*retval
   151 set :buildBlockFromCfgLocal:cfg "A~RNJj-overflow-gate32"
   152 setaddr :buildBlockFromCfgLocal*retaddr *label74 (h:*label74)
   153 call *label39 *invalid :buildBlockFromCfgLocal*retval (m:*label74) (h:*label74)
   154 label *label74
-    * set *tmp192 :buildBlockFromCfgLocal*retval
   155 set :buildBlockFromCfgLocal:cfg "A~RLJk-overflow-gate33"
   156 setaddr :buildBlockFromCfgLocal*retaddr *label75 (h:*label75)
   157 call *label39 *invalid :buildBlockFromCfgLocal*retval (m:*label75) (h:*label75)
   158 label *label75
   159 set *tmp193 :buildBlockFromCfgLocal*retval
-    * set *tmp188 *tmp193
   160 jump *label70 always
   161 label *label69
-    * set *tmp188 null
   162 label *label70
   163 write .sandContainer processor7 ".sandContainer"
   164 set :buildBlockFromCfgLocal:cfg "A{HNJQ-inverted-sorter7"
   165 setaddr :buildBlockFromCfgLocal*retaddr *label76 (h:*label76)
   166 call *label39 *invalid :buildBlockFromCfgLocal*retval (m:*label76) (h:*label76)
   167 label *label76
-    * set *tmp194 :buildBlockFromCfgLocal*retval
   168 set :buildBlockFromCfgLocal:cfg "A\u007fJPJR-underflow-gate8"
   169 setaddr :buildBlockFromCfgLocal*retaddr *label77 (h:*label77)
   170 call *label39 *invalid :buildBlockFromCfgLocal*retval (m:*label77) (h:*label77)
   171 label *label77
-    * set *tmp195 :buildBlockFromCfgLocal*retval
   172 set :buildBlockFromCfgLocal:cfg "A©JNJP-unloader6"
   173 setaddr :buildBlockFromCfgLocal*retaddr *label78 (h:*label78)
   174 call *label39 *invalid :buildBlockFromCfgLocal*retval (m:*label78) (h:*label78)
   175 label *label78
-    * set *tmp196 :buildBlockFromCfgLocal*retval
   176 write 80 processor1 ".graphiteSurplus"
   177 set :buildBlockFromCfgLocal.1:cfg "AÕFFJS-micro-processor9"
   178 set :buildBlockFromCfgLocal.1:config processor4
 
   185 read *tmp200 processor1 ":buildBlockFromCfg*finished"
   186 jump *label80 equal *tmp200 false
   187 read *tmp202 processor1 ":buildBlockFromCfg*retval"
-    * set *tmp197 *tmp202
   188 jump *label79 always
-    * set *tmp197 null
   189 label *label79
   190 write processor9 AÕFFJS-micro-processor9 ".timer"
   191 write processor2 AÕFFJS-micro-processor9 ".displayProcessor"
 
   242 setaddr :buildBlockFromCfgLocal*retaddr *label94 (h:*label94)
   243 call *label39 *invalid :buildBlockFromCfgLocal*retval (m:*label94) (h:*label94)
   244 label *label94
-    * set *tmp206 :buildBlockFromCfgLocal*retval
   245 set :buildBlockFromCfgLocal:cfg "A©FJJU-unloader11"
   246 setaddr :buildBlockFromCfgLocal*retaddr *label95 (h:*label95)
   247 call *label39 *invalid :buildBlockFromCfgLocal*retval (m:*label95) (h:*label95)
   248 label *label95
-    * set *tmp207 :buildBlockFromCfgLocal*retval
   249 set :buildBlockFromCfgLocal:cfg "A~DJJV-overflow-gate12"
   250 setaddr :buildBlockFromCfgLocal*retaddr *label96 (h:*label96)
   251 call *label39 *invalid :buildBlockFromCfgLocal*retval (m:*label96) (h:*label96)
   252 label *label96
-    * set *tmp208 :buildBlockFromCfgLocal*retval
   253 set :buildBlockFromCfgLocal:cfg "A¾BFLW-air-factory13"
   254 setaddr :buildBlockFromCfgLocal*retaddr *label97 (h:*label97)
   255 call *label39 *invalid :buildBlockFromCfgLocal*retval (m:*label97) (h:*label97)
   256 label *label97
-    * set *tmp209 :buildBlockFromCfgLocal*retval
   257 set :setFlareTarget:target 1
   258 write :setFlareTarget:target AÕFFJS-micro-processor9 ".flareTarget"
   259 label *label98
 
   279 op lessThan *tmp212 *tmp211 300
   280 jump *label105 equal *tmp212 false
   281 jump *label103 always
-    * set *tmp213 null
   282 jump *label106 always
   283 label *label105
-    * set *tmp213 null
   284 label *label106
   285 label *label102
   286 read *tmp215 AÕFFJS-micro-processor9 ".monos"
 
   292 setaddr :buildBlockFromCfgLocal*retaddr *label107 (h:*label107)
   293 call *label39 *invalid :buildBlockFromCfgLocal*retval (m:*label107) (h:*label107)
   294 label *label107
-    * set *tmp216 :buildBlockFromCfgLocal*retval
   295 set :buildBlockFromCfgLocal:cfg "A{NJJY-inverted-sorter15"
   296 setaddr :buildBlockFromCfgLocal*retaddr *label108 (h:*label108)
   297 call *label39 *invalid :buildBlockFromCfgLocal*retval (m:*label108) (h:*label108)
   298 label *label108
-    * set *tmp217 :buildBlockFromCfgLocal*retval
   299 set :buildBlockFromCfgLocal:cfg "ANOMJZ-kiln16"
   300 setaddr :buildBlockFromCfgLocal*retaddr *label109 (h:*label109)
   301 call *label39 *invalid :buildBlockFromCfgLocal*retval (m:*label109) (h:*label109)
   302 label *label109
-    * set *tmp218 :buildBlockFromCfgLocal*retval
   303 set :buildBlockFromCfgLocal:cfg "AÜAOJ[-liquid-container17"
   304 setaddr :buildBlockFromCfgLocal*retaddr *label110 (h:*label110)
   305 call *label39 *invalid :buildBlockFromCfgLocal*retval (m:*label110) (h:*label110)
   306 label *label110
-    * set *tmp219 :buildBlockFromCfgLocal*retval
   307 set :buildBlockFromCfgLocal:cfg "A¡ASJ\\-water-extractor18"
   308 setaddr :buildBlockFromCfgLocal*retaddr *label111 (h:*label111)
   309 call *label39 *invalid :buildBlockFromCfgLocal*retval (m:*label111) (h:*label111)
   310 label *label111
-    * set *tmp220 :buildBlockFromCfgLocal*retval
   311 set :buildBlockFromCfgLocal:cfg "AAKJ]-steam-generator19"
   312 setaddr :buildBlockFromCfgLocal*retaddr *label112 (h:*label112)
   313 call *label39 *invalid :buildBlockFromCfgLocal*retval (m:*label112) (h:*label112)
   314 label *label112
-    * set *tmp221 :buildBlockFromCfgLocal*retval
   315 set :buildBlockFromCfgLocal:cfg "AKFRJ_-multi-press21"
   316 setaddr :buildBlockFromCfgLocal*retaddr *label113 (h:*label113)
   317 call *label39 *invalid :buildBlockFromCfgLocal*retval (m:*label113) (h:*label113)
   318 label *label113
-    * set *tmp222 :buildBlockFromCfgLocal*retval
   319 write 200 processor1 ".graphiteSurplus"
   320 set :buildBlockFromCfgLocal:cfg "ALQIJ^-silicon-smelter20"
   321 setaddr :buildBlockFromCfgLocal*retaddr *label114 (h:*label114)
   322 call *label39 *invalid :buildBlockFromCfgLocal*retval (m:*label114) (h:*label114)
   323 label *label114
-    * set *tmp223 :buildBlockFromCfgLocal*retval
   324 jump *label115 equal .scrap false
   325 set :buildBlockFromCfgLocal:cfg "AXTNJl-pulverizer34"
   326 setaddr :buildBlockFromCfgLocal*retaddr *label117 (h:*label117)
   327 call *label39 *invalid :buildBlockFromCfgLocal*retval (m:*label117) (h:*label117)
   328 label *label117
-    * set *tmp225 :buildBlockFromCfgLocal*retval
   329 set :buildBlockFromCfgLocal:cfg "AXTLJm-pulverizer35"
   330 setaddr :buildBlockFromCfgLocal*retaddr *label118 (h:*label118)
   331 call *label39 *invalid :buildBlockFromCfgLocal*retval (m:*label118) (h:*label118)
   332 label *label118
-    * set *tmp226 :buildBlockFromCfgLocal*retval
   333 write .sandContainer processor8 ":setScrapContainer:scrapContainer"
   334 write false processor8 ":setScrapContainer*finished"
   335 write 1 processor8 "@counter"
 
   337 wait 0
   338 read *tmp228 processor8 ":setScrapContainer*finished"
   339 jump *label119 equal *tmp228 false
-    * set *tmp224 null
   340 jump *label116 always
   341 label *label115
-    * set *tmp224 null
   342 label *label116
   343 set :buildBlockFromCfgLocal:cfg "A©HFJ`-unloader22"
   344 setaddr :buildBlockFromCfgLocal*retaddr *label120 (h:*label120)
   345 call *label39 *invalid :buildBlockFromCfgLocal*retval (m:*label120) (h:*label120)
   346 label *label120
-    * set *tmp229 :buildBlockFromCfgLocal*retval
   347 set :buildBlockFromCfgLocal:cfg "A{HDJa-inverted-sorter23"
   348 setaddr :buildBlockFromCfgLocal*retaddr *label121 (h:*label121)
   349 call *label39 *invalid :buildBlockFromCfgLocal*retval (m:*label121) (h:*label121)
   350 label *label121
-    * set *tmp230 :buildBlockFromCfgLocal*retval
   351 set :buildBlockFromCfgLocal:cfg "AÀF@Lb-additive-reconstructor24"
   352 setaddr :buildBlockFromCfgLocal*retaddr *label122 (h:*label122)
   353 call *label39 *invalid :buildBlockFromCfgLocal*retval (m:*label122) (h:*label122)
   354 label *label122
-    * set *tmp231 :buildBlockFromCfgLocal*retval
   355 write 1000 processor1 ".siliconSurplus"
   356 write 20 processor1 ".siliconMonoSurplus"
   357 write 100 processor1 ".metaglassSurplus"
 
   448 op equal *tmp263 :buildThoriumDrill:result false
   449 jump *label141 equal *tmp263 false
   450 error "Cannot locate spot for thorium drill"
-    * set *tmp264 null
   451 jump *label142 always
   452 label *label141
-    * set *tmp264 null
   453 label *label142
   454 write @laser-drill processor1 ":buildBlockAt:block"
   455 read *tmp271 processor3 ".drillX"
 
   475 setaddr :buildRemoteBlockLocal*retaddr *label144 (h:*label144)
   476 call *label38 *invalid :buildRemoteBlockLocal*retval (m:*label144) (h:*label144)
   477 label *label144
-    * set *tmp278 :buildRemoteBlockLocal*retval
   478 set :buildRemoteBlockLocal:cfg "A¡ASJ\\-water-extractor18"
   479 read *tmp279 processor3 ".water2X"
   480 set :buildRemoteBlockLocal:x *tmp279
 
   483 setaddr :buildRemoteBlockLocal*retaddr *label145 (h:*label145)
   484 call *label38 *invalid :buildRemoteBlockLocal*retval (m:*label145) (h:*label145)
   485 label *label145
-    * set *tmp281 :buildRemoteBlockLocal*retval
   486 set :buildRemoteBlockLocal:cfg "AAKJ]-steam-generator19"
   487 read *tmp282 processor3 ".generatorX"
   488 set :buildRemoteBlockLocal:x *tmp282
 
   501 setaddr :buildRemoteBlockLocal*retaddr *label147 (h:*label147)
   502 call *label38 *invalid :buildRemoteBlockLocal*retval (m:*label147) (h:*label147)
   503 label *label147
-    * set *tmp287 :buildRemoteBlockLocal*retval
   504 set :buildRemoteBlockLocal:cfg "AFHJT-power-node10"
   505 read *tmp288 processor3 ".node2X"
   506 set :buildRemoteBlockLocal:x *tmp288
 
   509 setaddr :buildRemoteBlockLocal*retaddr *label148 (h:*label148)
   510 call *label38 *invalid :buildRemoteBlockLocal*retval (m:*label148) (h:*label148)
   511 label *label148
-    * set *tmp290 :buildRemoteBlockLocal*retval
   512 set :buildRemoteBlockLocal:cfg "AJJJ~-solar-panel52"
   513 read *tmp291 processor3 ".panelX"
   514 set :buildRemoteBlockLocal:x *tmp291
 
   517 setaddr :buildRemoteBlockLocal*retaddr *label149 (h:*label149)
   518 call *label38 *invalid :buildRemoteBlockLocal*retval (m:*label149) (h:*label149)
   519 label *label149
-    * set *tmp293 :buildRemoteBlockLocal*retval
   520 set :buildRemoteBlockLocal:cfg "AJTJK-battery1"
   521 read *tmp294 processor3 ".batteryX"
   522 set :buildRemoteBlockLocal:x *tmp294
 
   540 op equal *tmp300 .thoriumContainer null
   541 jump *label152 equal *tmp300 false
   542 set .thoriumContainer .thoriumDrill
-    * set *tmp301 .thoriumContainer
   543 jump *label153 always
   544 label *label152
-    * set *tmp301 null
   545 label *label153
   546 write .thoriumDrill processor2 ".thoriumDrill"
   547 write .thoriumContainer processor2 ".thoriumContainer"
 
   581 setaddr :buildBlockFromCfgLocal*retaddr *label160 (h:*label160)
   582 call *label39 *invalid :buildBlockFromCfgLocal*retval (m:*label160) (h:*label160)
   583 label *label160
-    * set *tmp308 :buildBlockFromCfgLocal*retval
   584 write 10 processor1 ".metaglassSurplus"
   585 set :setPolyTarget.1:target 0
   586 write :setPolyTarget.1:target AÕFFJS-micro-processor9 ".polyTarget"
 
   755 sensor *tmp352 @unit @mining
   756 jump *label197 equal *tmp352 false
   757 ucontrol stop
-    * set *tmp353 null
   758 jump *label198 always
   759 label *label197
-    * set *tmp353 null
   760 label *label198
   761 ubind :lineUpUnits:unit
   762 label *label195

Modifications by Initial phase, Dead Code Elimination, iteration 2 (-3 instructions):
 
    68 setaddr :buildBlockFromCfgLocal*retaddr *label60 (h:*label60)
    69 call *label39 *invalid :buildBlockFromCfgLocal*retval (m:*label60) (h:*label60)
    70 label *label60
-    * set *tmp159 :buildBlockFromCfgLocal*retval
    71 jump *label57 always
    72 label *label56
    73 label *label57
 
   155 setaddr :buildBlockFromCfgLocal*retaddr *label75 (h:*label75)
   156 call *label39 *invalid :buildBlockFromCfgLocal*retval (m:*label75) (h:*label75)
   157 label *label75
-    * set *tmp193 :buildBlockFromCfgLocal*retval
   158 jump *label70 always
   159 label *label69
   160 label *label70
 
   182 wait 0
   183 read *tmp200 processor1 ":buildBlockFromCfg*finished"
   184 jump *label80 equal *tmp200 false
-    * read *tmp202 processor1 ":buildBlockFromCfg*retval"
   185 jump *label79 always
   186 label *label79
   187 write processor9 AÕFFJS-micro-processor9 ".timer"

Modifications by Initial phase, Temp Variables Elimination, iteration 1 (-42 instructions):
 
    22 label *label49
    23 ubind @poly
    24 set .builder @unit
-    * ulocate building core false @copper .coreX .coreY *tmp145 *tmp144
-    * set .core *tmp144
+   25 ulocate building core false @copper .coreX .coreY *tmp145 .core
    26 label *label50
    27 op equal *tmp146 .core null
    28 jump *label49 notEqual *tmp146 false
    29 label *label51
    30 ulocate ore core true @sand *tmp148 *tmp149 *tmp147 *tmp150
-    * op equal *tmp151 *tmp147 false
-    * set .scrap *tmp151
+   31 op equal .scrap *tmp147 false
    32 write .scrap processor2 ".scrap"
    33 write .scrap processor1 ".scrap"
    34 write .scrap processor7 ".scrap"
 
    55 setaddr :buildBlockFromCfgLocal*retaddr *label58 (h:*label58)
    56 call *label39 *invalid :buildBlockFromCfgLocal*retval (m:*label58) (h:*label58)
    57 label *label58
-    * set *tmp157 :buildBlockFromCfgLocal*retval
-    * set .sandContainer *tmp157
+   58 set .sandContainer :buildBlockFromCfgLocal*retval
    59 write .sandContainer processor1 ".sandContainer"
    60 set :buildBlockFromCfgLocal:cfg "A~PPJe-overflow-gate27"
    61 setaddr :buildBlockFromCfgLocal*retaddr *label59 (h:*label59)
 
    99 wait 0
   100 read *tmp176 processor3 ":findDrillLocation*finished"
   101 jump *label65 equal *tmp176 false
-    * read *tmp177 processor3 ":findDrillLocation:dx"
-    * set :buildFirstTitaniumDrill:dx *tmp177
-    * read *tmp178 processor3 ":findDrillLocation:dy"
-    * set :buildFirstTitaniumDrill:dy *tmp178
-    * read *tmp180 processor3 ":findDrillLocation*retval"
-    * set :buildFirstTitaniumDrill:result *tmp180
+  102 read :buildFirstTitaniumDrill:dx processor3 ":findDrillLocation:dx"
+  103 read :buildFirstTitaniumDrill:dy processor3 ":findDrillLocation:dy"
+  104 read :buildFirstTitaniumDrill:result processor3 ":findDrillLocation*retval"
   105 op equal *tmp181 :buildFirstTitaniumDrill:result false
   106 jump *label66 equal *tmp181 false
   107 error "Cannot locate spot for titanium drill"
 
   117 wait 0
   118 read *tmp185 processor1 ":buildFirstTitaniumDrillAt*finished"
   119 jump *label68 equal *tmp185 false
-    * read *tmp187 processor1 ":buildFirstTitaniumDrillAt*retval"
-    * set *tmp162 *tmp187
+  120 read *tmp162 processor1 ":buildFirstTitaniumDrillAt*retval"
   121 jump *label63 always
   122 set *tmp162 null
   123 label *label63
 
   133 setaddr :buildBlockFromCfgLocal*retaddr *label72 (h:*label72)
   134 call *label39 *invalid :buildBlockFromCfgLocal*retval (m:*label72) (h:*label72)
   135 label *label72
-    * set *tmp190 :buildBlockFromCfgLocal*retval
-    * set .sandContainer *tmp190
+  136 set .sandContainer :buildBlockFromCfgLocal*retval
   137 write .sandContainer processor1 ".sandContainer"
   138 set :buildBlockFromCfgLocal:cfg "AXTPJi-pulverizer31"
   139 setaddr :buildBlockFromCfgLocal*retaddr *label73 (h:*label73)
 
   384 label *label133
   385 write @ore-titanium processor2 ".nextBlock"
   386 ubind @flare
-    * read *tmp238 processor3 ".locations"
-    * set :blocksBuildTitaniumDrills:current *tmp238
+  387 read :blocksBuildTitaniumDrills:current processor3 ".locations"
   388 write .coreX processor3 ":findDrillLocation:x"
   389 write .coreY processor3 ":findDrillLocation:y"
   390 write @unit processor3 ":findDrillLocation:unit"
 
   431 wait 0
   432 read *tmp260 processor3 ":layoutThoriumDrill*finished"
   433 jump *label140 equal *tmp260 false
-    * read *tmp262 processor3 ":layoutThoriumDrill*retval"
-    * set :buildThoriumDrill:result *tmp262
+  434 read :buildThoriumDrill:result processor3 ":layoutThoriumDrill*retval"
   435 op equal *tmp263 :buildThoriumDrill:result false
   436 jump *label141 equal *tmp263 false
   437 error "Cannot locate spot for thorium drill"
 
   452 wait 0
   453 read *tmp273 processor1 ":buildBlockAt*finished"
   454 jump *label143 equal *tmp273 false
-    * read *tmp275 processor1 ":buildBlockAt*retval"
-    * set .thoriumDrill *tmp275
+  455 read .thoriumDrill processor1 ":buildBlockAt*retval"
   456 set :buildRemoteBlockLocal:cfg "A¡ASJ\\-water-extractor18"
-    * read *tmp276 processor3 ".water1X"
-    * set :buildRemoteBlockLocal:x *tmp276
-    * read *tmp277 processor3 ".water1Y"
-    * set :buildRemoteBlockLocal:y *tmp277
+  457 read :buildRemoteBlockLocal:x processor3 ".water1X"
+  458 read :buildRemoteBlockLocal:y processor3 ".water1Y"
   459 setaddr :buildRemoteBlockLocal*retaddr *label144 (h:*label144)
   460 call *label38 *invalid :buildRemoteBlockLocal*retval (m:*label144) (h:*label144)
   461 label *label144
   462 set :buildRemoteBlockLocal:cfg "A¡ASJ\\-water-extractor18"
-    * read *tmp279 processor3 ".water2X"
-    * set :buildRemoteBlockLocal:x *tmp279
-    * read *tmp280 processor3 ".water2Y"
-    * set :buildRemoteBlockLocal:y *tmp280
+  463 read :buildRemoteBlockLocal:x processor3 ".water2X"
+  464 read :buildRemoteBlockLocal:y processor3 ".water2Y"
   465 setaddr :buildRemoteBlockLocal*retaddr *label145 (h:*label145)
   466 call *label38 *invalid :buildRemoteBlockLocal*retval (m:*label145) (h:*label145)
   467 label *label145
   468 set :buildRemoteBlockLocal:cfg "AAKJ]-steam-generator19"
-    * read *tmp282 processor3 ".generatorX"
-    * set :buildRemoteBlockLocal:x *tmp282
-    * read *tmp283 processor3 ".generatorY"
-    * set :buildRemoteBlockLocal:y *tmp283
+  469 read :buildRemoteBlockLocal:x processor3 ".generatorX"
+  470 read :buildRemoteBlockLocal:y processor3 ".generatorY"
   471 setaddr :buildRemoteBlockLocal*retaddr *label146 (h:*label146)
   472 call *label38 *invalid :buildRemoteBlockLocal*retval (m:*label146) (h:*label146)
   473 label *label146
-    * set *tmp284 :buildRemoteBlockLocal*retval
-    * set .thoriumGenerator *tmp284
+  474 set .thoriumGenerator :buildRemoteBlockLocal*retval
   475 set :buildRemoteBlockLocal:cfg "AFHJT-power-node10"
-    * read *tmp285 processor3 ".node1X"
-    * set :buildRemoteBlockLocal:x *tmp285
-    * read *tmp286 processor3 ".node1Y"
-    * set :buildRemoteBlockLocal:y *tmp286
+  476 read :buildRemoteBlockLocal:x processor3 ".node1X"
+  477 read :buildRemoteBlockLocal:y processor3 ".node1Y"
   478 setaddr :buildRemoteBlockLocal*retaddr *label147 (h:*label147)
   479 call *label38 *invalid :buildRemoteBlockLocal*retval (m:*label147) (h:*label147)
   480 label *label147
   481 set :buildRemoteBlockLocal:cfg "AFHJT-power-node10"
-    * read *tmp288 processor3 ".node2X"
-    * set :buildRemoteBlockLocal:x *tmp288
-    * read *tmp289 processor3 ".node2Y"
-    * set :buildRemoteBlockLocal:y *tmp289
+  482 read :buildRemoteBlockLocal:x processor3 ".node2X"
+  483 read :buildRemoteBlockLocal:y processor3 ".node2Y"
   484 setaddr :buildRemoteBlockLocal*retaddr *label148 (h:*label148)
   485 call *label38 *invalid :buildRemoteBlockLocal*retval (m:*label148) (h:*label148)
   486 label *label148
   487 set :buildRemoteBlockLocal:cfg "AJJJ~-solar-panel52"
-    * read *tmp291 processor3 ".panelX"
-    * set :buildRemoteBlockLocal:x *tmp291
-    * read *tmp292 processor3 ".panelY"
-    * set :buildRemoteBlockLocal:y *tmp292
+  488 read :buildRemoteBlockLocal:x processor3 ".panelX"
+  489 read :buildRemoteBlockLocal:y processor3 ".panelY"
   490 setaddr :buildRemoteBlockLocal*retaddr *label149 (h:*label149)
   491 call *label38 *invalid :buildRemoteBlockLocal*retval (m:*label149) (h:*label149)
   492 label *label149
   493 set :buildRemoteBlockLocal:cfg "AJTJK-battery1"
-    * read *tmp294 processor3 ".batteryX"
-    * set :buildRemoteBlockLocal:x *tmp294
-    * read *tmp295 processor3 ".batteryY"
-    * set :buildRemoteBlockLocal:y *tmp295
+  494 read :buildRemoteBlockLocal:x processor3 ".batteryX"
+  495 read :buildRemoteBlockLocal:y processor3 ".batteryY"
   496 setaddr :buildRemoteBlockLocal*retaddr *label150 (h:*label150)
   497 call *label38 *invalid :buildRemoteBlockLocal*retval (m:*label150) (h:*label150)
   498 label *label150
-    * set *tmp296 :buildRemoteBlockLocal*retval
-    * set .thoriumBattery *tmp296
+  499 set .thoriumBattery :buildRemoteBlockLocal*retval
   500 set :buildRemoteBlockLocal:cfg "A¨JJJ~-container52"
-    * read *tmp297 processor3 ".containerX"
-    * set :buildRemoteBlockLocal:x *tmp297
-    * read *tmp298 processor3 ".containerY"
-    * set :buildRemoteBlockLocal:y *tmp298
+  501 read :buildRemoteBlockLocal:x processor3 ".containerX"
+  502 read :buildRemoteBlockLocal:y processor3 ".containerY"
   503 setaddr :buildRemoteBlockLocal*retaddr *label151 (h:*label151)
   504 call *label38 *invalid :buildRemoteBlockLocal*retval (m:*label151) (h:*label151)
   505 label *label151
-    * set *tmp299 :buildRemoteBlockLocal*retval
-    * set .thoriumContainer *tmp299
+  506 set .thoriumContainer :buildRemoteBlockLocal*retval
   507 op equal *tmp300 .thoriumContainer null
   508 jump *label152 equal *tmp300 false
   509 set .thoriumContainer .thoriumDrill
 
   537 label *label156
   538 jump *label155 always
   539 label *label157
-    * op add *tmp307 4 .scrap
-    * set :setMonoTarget.2:target *tmp307
+  540 op add :setMonoTarget.2:target 4 .scrap
   541 write :setMonoTarget.2:target AÕFFJS-micro-processor9 ".monoTarget"
   542 label *label159
   543 write 3209 AÕFFJS-micro-processor9 ".powerTarget"
 
   561 call *label40 *invalid :buildUnits*retval (m:*label164) (h:*label164)
   562 label *label164
   563 read *tmp310 AÕFFJS-micro-processor9 ".polys"
-    * op sub *tmp309 *tmp310 1
-    * set :tmp *tmp309
+  564 op sub :tmp *tmp310 1
   565 write :tmp AÕFFJS-micro-processor9 ".polyTarget"
   566 write :tmp AÕFFJS-micro-processor9 ".polys"
   567 write :tmp processor2 ".polys"
-    * sensor *tmp311 AÁNBJc-multiplicative-reconstructor25 @x
-    * set :x *tmp311
-    * sensor *tmp312 AÁNBJc-multiplicative-reconstructor25 @y
-    * set :y *tmp312
+  568 sensor :x AÁNBJc-multiplicative-reconstructor25 @x
+  569 sensor :y AÁNBJc-multiplicative-reconstructor25 @y
   570 label *label165
   571 ucontrol move :x :y
   572 ucontrol payEnter
 
   601 label *label172
   602 label *label173
   603 jump *label175 equal true false
-    * op add *tmp322 .coreY 6
-    * set :lineUpUnits:y *tmp322
+  604 op add :lineUpUnits:y .coreY 6
   605 set :lineUpUnits:unit @mega
   606 setaddr :lineUpUnits*retaddr *label176 (h:*label176)
   607 call *label42 *invalid :lineUpUnits*retval (m:*label176) (h:*label176)
   608 label *label176
-    * op add *tmp323 .coreY 2
-    * set :lineUpUnits:y *tmp323
+  609 op add :lineUpUnits:y .coreY 2
   610 set :lineUpUnits:unit @poly
   611 setaddr :lineUpUnits*retaddr *label177 (h:*label177)
   612 call *label42 *invalid :lineUpUnits*retval (m:*label177) (h:*label177)
   613 label *label177
-    * op sub *tmp324 .coreY 2
-    * set :lineUpUnits:y *tmp324
+  614 op sub :lineUpUnits:y .coreY 2
   615 set :lineUpUnits:unit @mono
   616 setaddr :lineUpUnits*retaddr *label178 (h:*label178)
   617 call *label42 *invalid :lineUpUnits*retval (m:*label178) (h:*label178)
   618 label *label178
-    * op sub *tmp325 .coreY 6
-    * set :lineUpUnits:y *tmp325
+  619 op sub :lineUpUnits:y .coreY 6
   620 set :lineUpUnits:unit @flare
   621 setaddr :lineUpUnits*retaddr *label179 (h:*label179)
   622 call *label42 *invalid :lineUpUnits*retval (m:*label179) (h:*label179)
 
   637 wait 0
   638 read *tmp329 processor1 ":buildRemoteBlock*finished"
   639 jump *label181 equal *tmp329 false
-    * read *tmp331 processor1 ":buildRemoteBlock*retval"
-    * set :buildRemoteBlockLocal*retval *tmp331
+  640 read :buildRemoteBlockLocal*retval processor1 ":buildRemoteBlock*retval"
   641 label *label180
   642 return :buildRemoteBlockLocal*retaddr
   643 end
 
   650 wait 0
   651 read *tmp334 processor1 ":buildBlockFromCfg*finished"
   652 jump *label183 equal *tmp334 false
-    * read *tmp336 processor1 ":buildBlockFromCfg*retval"
-    * set :buildBlockFromCfgLocal*retval *tmp336
+  653 read :buildBlockFromCfgLocal*retval processor1 ":buildBlockFromCfg*retval"
   654 jump *label182 always
   655 set :buildBlockFromCfgLocal*retval null
   656 label *label182
 
   688 op equal *tmp348 :flagUnits:firstUnit null
   689 jump *label187 notEqual *tmp348 false
   690 label *label189
-    * op add *tmp349 .coreX 8
-    * set :flagUnits:x *tmp349
+  691 op add :flagUnits:x .coreX 8
   692 label *label190
   693 ucontrol flag :flagUnits:x
   694 op add :flagUnits:x :flagUnits:x 4
 
   704 ubind :lineUpUnits:unit
   705 set :lineUpUnits:firstUnit @unit
   706 label *label194
-    * sensor *tmp351 @unit @flag
-    * set :lineUpUnits:x *tmp351
+  707 sensor :lineUpUnits:x @unit @flag
   708 ucontrol itemDrop @air 1000
   709 ucontrol move :lineUpUnits:x :lineUpUnits:y
   710 sensor *tmp352 @unit @mining

Modifications by Iterated phase, Jump Normalization, pass 1, iteration 1 (-1 instructions):
 
   600 call *label41 *invalid :flagUnits*retval (m:*label172) (h:*label172)
   601 label *label172
   602 label *label173
-    * jump *label175 equal true false
   603 op add :lineUpUnits:y .coreY 6
   604 set :lineUpUnits:unit @mega
   605 setaddr :lineUpUnits*retaddr *label176 (h:*label176)

Modifications by Iterated phase, Condition Optimization, pass 1, iteration 1 (-13 instructions):
 
    24 set .builder @unit
    25 ulocate building core false @copper .coreX .coreY *tmp145 .core
    26 label *label50
-    * op equal *tmp146 .core null
-    * jump *label49 notEqual *tmp146 false
+   27 jump *label49 equal .core null
    28 label *label51
    29 ulocate ore core true @sand *tmp148 *tmp149 *tmp147 *tmp150
    30 op equal .scrap *tmp147 false
 
   101 read :buildFirstTitaniumDrill:dx processor3 ":findDrillLocation:dx"
   102 read :buildFirstTitaniumDrill:dy processor3 ":findDrillLocation:dy"
   103 read :buildFirstTitaniumDrill:result processor3 ":findDrillLocation*retval"
-    * op equal *tmp181 :buildFirstTitaniumDrill:result false
-    * jump *label66 equal *tmp181 false
+  104 jump *label66 notEqual :buildFirstTitaniumDrill:result false
   105 error "Cannot locate spot for titanium drill"
   106 jump *label67 always
   107 label *label66
 
   263 read *tmp210 processor1 ":supplyBase*finished"
   264 jump *label104 equal *tmp210 false
   265 sensor *tmp211 AJTJK-battery1 @totalPower
-    * op lessThan *tmp212 *tmp211 300
-    * jump *label105 equal *tmp212 false
+  266 jump *label105 greaterThanEq *tmp211 300
   267 jump *label103 always
   268 jump *label106 always
   269 label *label105
   270 label *label106
   271 label *label102
   272 read *tmp215 AÕFFJS-micro-processor9 ".monos"
-    * op lessThan *tmp214 *tmp215 2
-    * jump *label101 notEqual *tmp214 false
+  273 jump *label101 lessThan *tmp215 2
   274 label *label103
   275 write 65 processor1 ".siliconSurplus"
   276 set :buildBlockFromCfgLocal:cfg "A©NHJX-unloader14"
 
   351 label *label125
   352 label *label126
   353 read *tmp233 AÕFFJS-micro-processor9 ".polys"
-    * op lessThan *tmp232 *tmp233 2
-    * jump *label128 equal *tmp232 false
+  354 jump *label128 greaterThanEq *tmp233 2
   355 write false processor1 ":supplyBase*finished"
   356 write 8 processor1 "@counter"
   357 label *label129
 
   366 label *label130
   367 label *label131
   368 read *tmp236 AÕFFJS-micro-processor9 ".flares"
-    * op lessThan *tmp235 *tmp236 2
-    * jump *label133 equal *tmp235 false
+  369 jump *label133 greaterThanEq *tmp236 2
   370 write false processor1 ":supplyBase*finished"
   371 write 8 processor1 "@counter"
   372 label *label134
 
   426 read *tmp260 processor3 ":layoutThoriumDrill*finished"
   427 jump *label140 equal *tmp260 false
   428 read :buildThoriumDrill:result processor3 ":layoutThoriumDrill*retval"
-    * op equal *tmp263 :buildThoriumDrill:result false
-    * jump *label141 equal *tmp263 false
+  429 jump *label141 notEqual :buildThoriumDrill:result false
   430 error "Cannot locate spot for thorium drill"
   431 jump *label142 always
   432 label *label141
 
   497 call *label38 *invalid :buildRemoteBlockLocal*retval (m:*label151) (h:*label151)
   498 label *label151
   499 set .thoriumContainer :buildRemoteBlockLocal*retval
-    * op equal *tmp300 .thoriumContainer null
-    * jump *label152 equal *tmp300 false
+  500 jump *label152 notEqual .thoriumContainer null
   501 set .thoriumContainer .thoriumDrill
   502 jump *label153 always
   503 label *label152
 
   518 write null processor2 ".nextBlock"
   519 label *label155
   520 read *tmp305 AÕFFJS-micro-processor9 ".polys"
-    * op lessThan *tmp304 *tmp305 3
-    * jump *label157 equal *tmp304 false
+  521 jump *label157 greaterThanEq *tmp305 3
   522 write false processor1 ":supplyBase*finished"
   523 write 8 processor1 "@counter"
   524 label *label158
 
   563 ucontrol payEnter
   564 label *label166
   565 read *tmp314 AÕFFJS-micro-processor9 ".megas"
-    * op equal *tmp313 *tmp314 false
-    * jump *label165 notEqual *tmp313 false
+  566 jump *label165 equal *tmp314 false
   567 label *label167
   568 write true AÕFFJS-micro-processor9 ".finished"
   569 control enabled processor9 false
 
   674 ubind :flagUnits:unit
   675 set :flagUnits:firstUnit @unit
   676 label *label188
-    * op equal *tmp348 :flagUnits:firstUnit null
-    * jump *label187 notEqual *tmp348 false
+  677 jump *label187 equal :flagUnits:firstUnit null
   678 label *label189
   679 op add :flagUnits:x .coreX 8
   680 label *label190
 
   682 op add :flagUnits:x :flagUnits:x 4
   683 ubind :flagUnits:unit
   684 label *label191
-    * op notEqual *tmp350 @unit :flagUnits:firstUnit
-    * jump *label190 notEqual *tmp350 false
+  685 jump *label190 notEqual @unit :flagUnits:firstUnit
   686 label *label192
   687 label *label186
   688 return :flagUnits*retaddr
 
   702 label *label198
   703 ubind :lineUpUnits:unit
   704 label *label195
-    * op notEqual *tmp354 @unit :lineUpUnits:firstUnit
-    * jump *label194 notEqual *tmp354 false
+  705 jump *label194 notEqual @unit :lineUpUnits:firstUnit
   706 label *label196
   707 label *label193
   708 return :lineUpUnits*retaddr

Modifications by Iterated phase, Single Step Elimination, pass 1, iteration 1 (-9 instructions):
 
    64 setaddr :buildBlockFromCfgLocal*retaddr *label60 (h:*label60)
    65 call *label39 *invalid :buildBlockFromCfgLocal*retval (m:*label60) (h:*label60)
    66 label *label60
-    * jump *label57 always
    67 label *label56
    68 label *label57
    69 set :buildBlockFromCfgLocal:cfg "ALMQJN-silicon-smelter4"
 
   102 read :buildFirstTitaniumDrill:result processor3 ":findDrillLocation*retval"
   103 jump *label66 notEqual :buildFirstTitaniumDrill:result false
   104 error "Cannot locate spot for titanium drill"
-    * jump *label67 always
   105 label *label66
   106 label *label67
   107 write @pneumatic-drill processor2 ".nextBlock"
 
   143 setaddr :buildBlockFromCfgLocal*retaddr *label75 (h:*label75)
   144 call *label39 *invalid :buildBlockFromCfgLocal*retval (m:*label75) (h:*label75)
   145 label *label75
-    * jump *label70 always
   146 label *label69
   147 label *label70
   148 write .sandContainer processor7 ".sandContainer"
 
   169 wait 0
   170 read *tmp200 processor1 ":buildBlockFromCfg*finished"
   171 jump *label80 equal *tmp200 false
-    * jump *label79 always
   172 label *label79
   173 write processor9 AÕFFJS-micro-processor9 ".timer"
   174 write processor2 AÕFFJS-micro-processor9 ".displayProcessor"
 
   261 sensor *tmp211 AJTJK-battery1 @totalPower
   262 jump *label105 greaterThanEq *tmp211 300
   263 jump *label103 always
-    * jump *label106 always
   264 label *label105
   265 label *label106
   266 label *label102
 
   317 wait 0
   318 read *tmp228 processor8 ":setScrapContainer*finished"
   319 jump *label119 equal *tmp228 false
-    * jump *label116 always
   320 label *label115
   321 label *label116
   322 set :buildBlockFromCfgLocal:cfg "A©HFJ`-unloader22"
 
   422 read :buildThoriumDrill:result processor3 ":layoutThoriumDrill*retval"
   423 jump *label141 notEqual :buildThoriumDrill:result false
   424 error "Cannot locate spot for thorium drill"
-    * jump *label142 always
   425 label *label141
   426 label *label142
   427 write @laser-drill processor1 ":buildBlockAt:block"
 
   492 set .thoriumContainer :buildRemoteBlockLocal*retval
   493 jump *label152 notEqual .thoriumContainer null
   494 set .thoriumContainer .thoriumDrill
-    * jump *label153 always
   495 label *label152
   496 label *label153
   497 write .thoriumDrill processor2 ".thoriumDrill"
 
   689 sensor *tmp352 @unit @mining
   690 jump *label197 equal *tmp352 false
   691 ucontrol stop
-    * jump *label198 always
   692 label *label197
   693 label *label198
   694 ubind :lineUpUnits:unit

Modifications by Iterated phase, Data Flow Optimization, pass 1, iteration 1 (-8 instructions):
 
    14 read *tmp143 processor1 "*signature"
    15 jump *label47 notEqual *tmp143 "68e0262eef69ac6b:v1"
    16 set .ERROR ""
-    * set .titaniumDrill null
-    * set .thoriumDrill null
-    * set .thoriumBattery null
-    * set .thoriumContainer null
-    * set .thoriumGenerator null
    17 label *label49
    18 ubind @poly
    19 set .builder @unit
 
    50 call *label39 *invalid :buildBlockFromCfgLocal*retval (m:*label58) (h:*label58)
    51 label *label58
    52 set .sandContainer :buildBlockFromCfgLocal*retval
-    * write .sandContainer processor1 ".sandContainer"
+   53 write :buildBlockFromCfgLocal*retval processor1 ".sandContainer"
    54 set :buildBlockFromCfgLocal:cfg "A~PPJe-overflow-gate27"
    55 setaddr :buildBlockFromCfgLocal*retaddr *label59 (h:*label59)
    56 call *label39 *invalid :buildBlockFromCfgLocal*retval (m:*label59) (h:*label59)
 
    70 call *label39 *invalid :buildBlockFromCfgLocal*retval (m:*label62) (h:*label62)
    71 label *label62
    72 set :buildFirstTitaniumDrill:cfg "AJJJ~-pneumatic-drill52"
-    * write :buildFirstTitaniumDrill:cfg processor1 ":meetTargetCfg:cfg"
+   73 write "AJJJ~-pneumatic-drill52" processor1 ":meetTargetCfg:cfg"
    74 write false processor1 ":meetTargetCfg:forBuild"
    75 write false processor1 ":meetTargetCfg*finished"
    76 write 7 processor1 "@counter"
 
   110 jump *label68 equal *tmp185 false
   111 read *tmp162 processor1 ":buildFirstTitaniumDrillAt*retval"
   112 jump *label63 always
-    * set *tmp162 null
   113 label *label63
   114 set .titaniumDrill *tmp162
-    * write .titaniumDrill processor2 ".titaniumDrill"
-    * write .titaniumDrill processor1 ".titaniumDrill"
+  115 write *tmp162 processor2 ".titaniumDrill"
+  116 write *tmp162 processor1 ".titaniumDrill"
   117 jump *label69 equal .scrap false
   118 set :buildBlockFromCfgLocal:cfg "A©RPJg-unloader29"
   119 setaddr :buildBlockFromCfgLocal*retaddr *label71 (h:*label71)
 
   124 call *label39 *invalid :buildBlockFromCfgLocal*retval (m:*label72) (h:*label72)
   125 label *label72
   126 set .sandContainer :buildBlockFromCfgLocal*retval
-    * write .sandContainer processor1 ".sandContainer"
+  127 write :buildBlockFromCfgLocal*retval processor1 ".sandContainer"
   128 set :buildBlockFromCfgLocal:cfg "AXTPJi-pulverizer31"
   129 setaddr :buildBlockFromCfgLocal*retaddr *label73 (h:*label73)
   130 call *label39 *invalid :buildBlockFromCfgLocal*retval (m:*label73) (h:*label73)
 
   155 write 80 processor1 ".graphiteSurplus"
   156 set :buildBlockFromCfgLocal.1:cfg "AÕFFJS-micro-processor9"
   157 set :buildBlockFromCfgLocal.1:config processor4
-    * write :buildBlockFromCfgLocal.1:cfg processor1 ":buildBlockFromCfg:cfg"
-    * write :buildBlockFromCfgLocal.1:config processor1 ":buildBlockFromCfg:config"
+  158 write "AÕFFJS-micro-processor9" processor1 ":buildBlockFromCfg:cfg"
+  159 write processor4 processor1 ":buildBlockFromCfg:config"
   160 write false processor1 ":buildBlockFromCfg*finished"
   161 write 2 processor1 "@counter"
   162 label *label80
 
   232 call *label39 *invalid :buildBlockFromCfgLocal*retval (m:*label97) (h:*label97)
   233 label *label97
   234 set :setFlareTarget:target 1
-    * write :setFlareTarget:target AÕFFJS-micro-processor9 ".flareTarget"
+  235 write 1 AÕFFJS-micro-processor9 ".flareTarget"
   236 label *label98
   237 set :setMonoTarget:target 5
-    * write :setMonoTarget:target AÕFFJS-micro-processor9 ".monoTarget"
+  238 write 5 AÕFFJS-micro-processor9 ".monoTarget"
   239 label *label99
   240 write 85 AÕFFJS-micro-processor9 ".pressTarget"
   241 write 150 AÕFFJS-micro-processor9 ".smelterTarget"
 
   329 write 20 processor1 ".siliconMonoSurplus"
   330 write 100 processor1 ".metaglassSurplus"
   331 set :setMonoTarget.1:target 4
-    * write :setMonoTarget.1:target AÕFFJS-micro-processor9 ".monoTarget"
+  332 write 4 AÕFFJS-micro-processor9 ".monoTarget"
   333 label *label123
   334 set :setPolyTarget:target 3
-    * write :setPolyTarget:target AÕFFJS-micro-processor9 ".polyTarget"
+  335 write 3 AÕFFJS-micro-processor9 ".polyTarget"
   336 label *label124
   337 setaddr :buildUnits*retaddr *label125 (h:*label125)
   338 call *label40 *invalid :buildUnits*retval (m:*label125) (h:*label125)
 
   350 jump *label126 always
   351 label *label128
   352 set :setFlareTarget.1:target 2
-    * write :setFlareTarget.1:target AÕFFJS-micro-processor9 ".flareTarget"
+  353 write 2 AÕFFJS-micro-processor9 ".flareTarget"
   354 label *label130
   355 label *label131
   356 read *tmp236 AÕFFJS-micro-processor9 ".flares"
 
   458 setaddr :buildRemoteBlockLocal*retaddr *label147 (h:*label147)
   459 call *label38 *invalid :buildRemoteBlockLocal*retval (m:*label147) (h:*label147)
   460 label *label147
-    * set :buildRemoteBlockLocal:cfg "AFHJT-power-node10"
   461 read :buildRemoteBlockLocal:x processor3 ".node2X"
   462 read :buildRemoteBlockLocal:y processor3 ".node2Y"
   463 setaddr :buildRemoteBlockLocal*retaddr *label148 (h:*label148)
 
   483 call *label38 *invalid :buildRemoteBlockLocal*retval (m:*label151) (h:*label151)
   484 label *label151
   485 set .thoriumContainer :buildRemoteBlockLocal*retval
-    * jump *label152 notEqual .thoriumContainer null
+  486 jump *label152 notEqual :buildRemoteBlockLocal*retval null
   487 set .thoriumContainer .thoriumDrill
   488 label *label152
   489 label *label153
 
   525 label *label160
   526 write 10 processor1 ".metaglassSurplus"
   527 set :setPolyTarget.1:target 0
-    * write :setPolyTarget.1:target AÕFFJS-micro-processor9 ".polyTarget"
+  528 write 0 AÕFFJS-micro-processor9 ".polyTarget"
   529 label *label161
   530 set :setFlareTarget.2:target 0
-    * write :setFlareTarget.2:target AÕFFJS-micro-processor9 ".flareTarget"
+  531 write 0 AÕFFJS-micro-processor9 ".flareTarget"
   532 label *label162
   533 set :setMegaTarget:target 1
-    * write :setMegaTarget:target AÕFFJS-micro-processor9 ".megaTarget"
+  534 write 1 AÕFFJS-micro-processor9 ".megaTarget"
   535 label *label163
   536 setaddr :buildUnits*retaddr *label164 (h:*label164)
   537 call *label40 *invalid :buildUnits*retval (m:*label164) (h:*label164)
 
   626 jump *label183 equal *tmp334 false
   627 read :buildBlockFromCfgLocal*retval processor1 ":buildBlockFromCfg*retval"
   628 jump *label182 always
-    * set :buildBlockFromCfgLocal*retval null
   629 label *label182
   630 return :buildBlockFromCfgLocal*retaddr
   631 end

Modifications by Iterated phase, Data Flow Optimization, pass 1, iteration 2 (-13 instructions):
 
    69 setaddr :buildBlockFromCfgLocal*retaddr *label62 (h:*label62)
    70 call *label39 *invalid :buildBlockFromCfgLocal*retval (m:*label62) (h:*label62)
    71 label *label62
-    * set :buildFirstTitaniumDrill:cfg "AJJJ~-pneumatic-drill52"
    72 write "AJJJ~-pneumatic-drill52" processor1 ":meetTargetCfg:cfg"
    73 write false processor1 ":meetTargetCfg:forBuild"
    74 write false processor1 ":meetTargetCfg*finished"
 
   110 read *tmp162 processor1 ":buildFirstTitaniumDrillAt*retval"
   111 jump *label63 always
   112 label *label63
-    * set .titaniumDrill *tmp162
   113 write *tmp162 processor2 ".titaniumDrill"
   114 write *tmp162 processor1 ".titaniumDrill"
   115 jump *label69 equal .scrap false
 
   151 call *label39 *invalid :buildBlockFromCfgLocal*retval (m:*label78) (h:*label78)
   152 label *label78
   153 write 80 processor1 ".graphiteSurplus"
-    * set :buildBlockFromCfgLocal.1:cfg "AÕFFJS-micro-processor9"
-    * set :buildBlockFromCfgLocal.1:config processor4
   154 write "AÕFFJS-micro-processor9" processor1 ":buildBlockFromCfg:cfg"
   155 write processor4 processor1 ":buildBlockFromCfg:config"
   156 write false processor1 ":buildBlockFromCfg*finished"
 
   227 setaddr :buildBlockFromCfgLocal*retaddr *label97 (h:*label97)
   228 call *label39 *invalid :buildBlockFromCfgLocal*retval (m:*label97) (h:*label97)
   229 label *label97
-    * set :setFlareTarget:target 1
   230 write 1 AÕFFJS-micro-processor9 ".flareTarget"
   231 label *label98
-    * set :setMonoTarget:target 5
   232 write 5 AÕFFJS-micro-processor9 ".monoTarget"
   233 label *label99
   234 write 85 AÕFFJS-micro-processor9 ".pressTarget"
 
   322 write 1000 processor1 ".siliconSurplus"
   323 write 20 processor1 ".siliconMonoSurplus"
   324 write 100 processor1 ".metaglassSurplus"
-    * set :setMonoTarget.1:target 4
   325 write 4 AÕFFJS-micro-processor9 ".monoTarget"
   326 label *label123
-    * set :setPolyTarget:target 3
   327 write 3 AÕFFJS-micro-processor9 ".polyTarget"
   328 label *label124
   329 setaddr :buildUnits*retaddr *label125 (h:*label125)
 
   341 label *label127
   342 jump *label126 always
   343 label *label128
-    * set :setFlareTarget.1:target 2
   344 write 2 AÕFFJS-micro-processor9 ".flareTarget"
   345 label *label130
   346 label *label131
 
   430 setaddr :buildRemoteBlockLocal*retaddr *label144 (h:*label144)
   431 call *label38 *invalid :buildRemoteBlockLocal*retval (m:*label144) (h:*label144)
   432 label *label144
-    * set :buildRemoteBlockLocal:cfg "A¡ASJ\\-water-extractor18"
   433 read :buildRemoteBlockLocal:x processor3 ".water2X"
   434 read :buildRemoteBlockLocal:y processor3 ".water2Y"
   435 setaddr :buildRemoteBlockLocal*retaddr *label145 (h:*label145)
 
   514 call *label39 *invalid :buildBlockFromCfgLocal*retval (m:*label160) (h:*label160)
   515 label *label160
   516 write 10 processor1 ".metaglassSurplus"
-    * set :setPolyTarget.1:target 0
   517 write 0 AÕFFJS-micro-processor9 ".polyTarget"
   518 label *label161
-    * set :setFlareTarget.2:target 0
   519 write 0 AÕFFJS-micro-processor9 ".flareTarget"
   520 label *label162
-    * set :setMegaTarget:target 1
   521 write 1 AÕFFJS-micro-processor9 ".megaTarget"
   522 label *label163
   523 setaddr :buildUnits*retaddr *label164 (h:*label164)

Modifications by Iterated phase, Expression Optimization, pass 1, iteration 1:
 
   209 multijump *tmp203 0 0 (m:marker0)
   210 multilabel *label93 (m:marker0)
   211 label *label83
-    * read *tmp205 @this "A©RPJg-unloader29"
+  212 set *tmp205 A©RPJg-unloader29
   213 write *tmp205 AÕFFJS-micro-processor9 "A©RPJg-unloader29"
   214 set :buildBlockFromCfgLocal:cfg "AFHJT-power-node10"
   215 setaddr :buildBlockFromCfgLocal*retaddr *label94 (h:*label94)

Modifications by Iterated phase, Temp Variables Elimination, pass 1, iteration 1 (-1 instructions):
 
   209 multijump *tmp203 0 0 (m:marker0)
   210 multilabel *label93 (m:marker0)
   211 label *label83
-    * set *tmp205 A©RPJg-unloader29
-    * write *tmp205 AÕFFJS-micro-processor9 "A©RPJg-unloader29"
+  212 write A©RPJg-unloader29 AÕFFJS-micro-processor9 "A©RPJg-unloader29"
   213 set :buildBlockFromCfgLocal:cfg "AFHJT-power-node10"
   214 setaddr :buildBlockFromCfgLocal*retaddr *label94 (h:*label94)
   215 call *label39 *invalid :buildBlockFromCfgLocal*retval (m:*label94) (h:*label94)

Modifications by Iterated phase, Boolean Optimization, pass 1, iteration 1 (-1 instructions):
 
   472 call *label38 *invalid :buildRemoteBlockLocal*retval (m:*label151) (h:*label151)
   473 label *label151
   474 set .thoriumContainer :buildRemoteBlockLocal*retval
-    * jump *label152 notEqual :buildRemoteBlockLocal*retval null
-    * set .thoriumContainer .thoriumDrill
-    * label *label152
-    * label *label153
+  475 select .thoriumContainer equal :buildRemoteBlockLocal*retval null .thoriumDrill .thoriumContainer
   476 write .thoriumDrill processor2 ".thoriumDrill"
   477 write .thoriumContainer processor2 ".thoriumContainer"
   478 write .thoriumBattery processor1 ".thoriumBattery"

Modifications by Unroll iteration loop at BaseBuilder.mnd:191:5 (-2 instructions):
 
   164 write processor2 AÕFFJS-micro-processor9 ".displayProcessor"
   165 write .core AÕFFJS-micro-processor9 ".core"
   166 write bank1 AÕFFJS-micro-processor9 ".bank"
-    * set :block "AJEMJJ-graphite-press0"
-    * setaddr *tmp203 *label84
-    * jump *label81 always
-    * multilabel *label84 (m:marker0)
-    * set :block "AJTJK-battery1"
-    * setaddr *tmp203 *label85
-    * jump *label81 always
-    * multilabel *label85 (m:marker0)
-    * set :block "ALTJL-battery2"
-    * setaddr *tmp203 *label86
-    * jump *label81 always
-    * multilabel *label86 (m:marker0)
-    * set :block "AJRJM-combustion-generator3"
-    * setaddr *tmp203 *label87
-    * jump *label81 always
-    * multilabel *label87 (m:marker0)
-    * set :block "ALMQJN-silicon-smelter4"
-    * setaddr *tmp203 *label88
-    * jump *label81 always
-    * multilabel *label88 (m:marker0)
-    * set :block "A{LNJO-inverted-sorter5"
-    * setaddr *tmp203 *label89
-    * jump *label81 always
-    * multilabel *label89 (m:marker0)
-    * set :block "A©JNJP-unloader6"
-    * setaddr *tmp203 *label90
-    * jump *label81 always
-    * multilabel *label90 (m:marker0)
-    * set :block "A{HNJQ-inverted-sorter7"
-    * setaddr *tmp203 *label91
-    * jump *label81 always
-    * multilabel *label91 (m:marker0)
-    * set :block "A\u007fJPJR-underflow-gate8"
-    * setaddr *tmp203 *label92
-    * jump *label81 always
-    * multilabel *label92 (m:marker0)
-    * set :block "AÕFFJS-micro-processor9"
-    * setaddr *tmp203 *label93
-    * label *label81
-    * read *tmp204 @this :block
-    * write *tmp204 AÕFFJS-micro-processor9 :block
-    * label *label82
-    * multijump *tmp203 0 0 (m:marker0)
-    * multilabel *label93 (m:marker0)
-    * label *label83
+  167 set :block "AJEMJJ-graphite-press0"
+  168 label *label201
+  169 read *tmp204 @this :block
+  170 write *tmp204 AÕFFJS-micro-processor9 :block
+  171 label *label202
+  172 set :block "AJTJK-battery1"
+  173 label *label205
+  174 read *tmp204 @this :block
+  175 write *tmp204 AÕFFJS-micro-processor9 :block
+  176 label *label206
+  177 set :block "ALTJL-battery2"
+  178 label *label209
+  179 read *tmp204 @this :block
+  180 write *tmp204 AÕFFJS-micro-processor9 :block
+  181 label *label210
+  182 set :block "AJRJM-combustion-generator3"
+  183 label *label213
+  184 read *tmp204 @this :block
+  185 write *tmp204 AÕFFJS-micro-processor9 :block
+  186 label *label214
+  187 set :block "ALMQJN-silicon-smelter4"
+  188 label *label217
+  189 read *tmp204 @this :block
+  190 write *tmp204 AÕFFJS-micro-processor9 :block
+  191 label *label218
+  192 set :block "A{LNJO-inverted-sorter5"
+  193 label *label221
+  194 read *tmp204 @this :block
+  195 write *tmp204 AÕFFJS-micro-processor9 :block
+  196 label *label222
+  197 set :block "A©JNJP-unloader6"
+  198 label *label225
+  199 read *tmp204 @this :block
+  200 write *tmp204 AÕFFJS-micro-processor9 :block
+  201 label *label226
+  202 set :block "A{HNJQ-inverted-sorter7"
+  203 label *label229
+  204 read *tmp204 @this :block
+  205 write *tmp204 AÕFFJS-micro-processor9 :block
+  206 label *label230
+  207 set :block "A\u007fJPJR-underflow-gate8"
+  208 label *label233
+  209 read *tmp204 @this :block
+  210 write *tmp204 AÕFFJS-micro-processor9 :block
+  211 label *label234
+  212 set :block "AÕFFJS-micro-processor9"
+  213 label *label237
+  214 read *tmp204 @this :block
+  215 write *tmp204 AÕFFJS-micro-processor9 :block
+  216 label *label238
+  217 label *label83
   218 write A©RPJg-unloader29 AÕFFJS-micro-processor9 "A©RPJg-unloader29"
   219 set :buildBlockFromCfgLocal:cfg "AFHJT-power-node10"
   220 setaddr :buildBlockFromCfgLocal*retaddr *label94 (h:*label94)

Modifications by Iterated phase, Data Flow Optimization, pass 1, iteration 1:
 
   166 write bank1 AÕFFJS-micro-processor9 ".bank"
   167 set :block "AJEMJJ-graphite-press0"
   168 label *label201
-    * read *tmp204 @this :block
-    * write *tmp204 AÕFFJS-micro-processor9 :block
+  169 read *tmp204 @this "AJEMJJ-graphite-press0"
+  170 write *tmp204 AÕFFJS-micro-processor9 "AJEMJJ-graphite-press0"
   171 label *label202
   172 set :block "AJTJK-battery1"
   173 label *label205
-    * read *tmp204 @this :block
-    * write *tmp204 AÕFFJS-micro-processor9 :block
+  174 read *tmp204 @this "AJTJK-battery1"
+  175 write *tmp204 AÕFFJS-micro-processor9 "AJTJK-battery1"
   176 label *label206
   177 set :block "ALTJL-battery2"
   178 label *label209
-    * read *tmp204 @this :block
-    * write *tmp204 AÕFFJS-micro-processor9 :block
+  179 read *tmp204 @this "ALTJL-battery2"
+  180 write *tmp204 AÕFFJS-micro-processor9 "ALTJL-battery2"
   181 label *label210
   182 set :block "AJRJM-combustion-generator3"
   183 label *label213
-    * read *tmp204 @this :block
-    * write *tmp204 AÕFFJS-micro-processor9 :block
+  184 read *tmp204 @this "AJRJM-combustion-generator3"
+  185 write *tmp204 AÕFFJS-micro-processor9 "AJRJM-combustion-generator3"
   186 label *label214
   187 set :block "ALMQJN-silicon-smelter4"
   188 label *label217
-    * read *tmp204 @this :block
-    * write *tmp204 AÕFFJS-micro-processor9 :block
+  189 read *tmp204 @this "ALMQJN-silicon-smelter4"
+  190 write *tmp204 AÕFFJS-micro-processor9 "ALMQJN-silicon-smelter4"
   191 label *label218
   192 set :block "A{LNJO-inverted-sorter5"
   193 label *label221
-    * read *tmp204 @this :block
-    * write *tmp204 AÕFFJS-micro-processor9 :block
+  194 read *tmp204 @this "A{LNJO-inverted-sorter5"
+  195 write *tmp204 AÕFFJS-micro-processor9 "A{LNJO-inverted-sorter5"
   196 label *label222
   197 set :block "A©JNJP-unloader6"
   198 label *label225
-    * read *tmp204 @this :block
-    * write *tmp204 AÕFFJS-micro-processor9 :block
+  199 read *tmp204 @this "A©JNJP-unloader6"
+  200 write *tmp204 AÕFFJS-micro-processor9 "A©JNJP-unloader6"
   201 label *label226
   202 set :block "A{HNJQ-inverted-sorter7"
   203 label *label229
-    * read *tmp204 @this :block
-    * write *tmp204 AÕFFJS-micro-processor9 :block
+  204 read *tmp204 @this "A{HNJQ-inverted-sorter7"
+  205 write *tmp204 AÕFFJS-micro-processor9 "A{HNJQ-inverted-sorter7"
   206 label *label230
   207 set :block "A\u007fJPJR-underflow-gate8"
   208 label *label233
-    * read *tmp204 @this :block
-    * write *tmp204 AÕFFJS-micro-processor9 :block
+  209 read *tmp204 @this "A\u007fJPJR-underflow-gate8"
+  210 write *tmp204 AÕFFJS-micro-processor9 "A\u007fJPJR-underflow-gate8"
   211 label *label234
   212 set :block "AÕFFJS-micro-processor9"
   213 label *label237
-    * read *tmp204 @this :block
-    * write *tmp204 AÕFFJS-micro-processor9 :block
+  214 read *tmp204 @this "AÕFFJS-micro-processor9"
+  215 write *tmp204 AÕFFJS-micro-processor9 "AÕFFJS-micro-processor9"
   216 label *label238
   217 label *label83
   218 write A©RPJg-unloader29 AÕFFJS-micro-processor9 "A©RPJg-unloader29"
 
   478 call *label38 *invalid :buildRemoteBlockLocal*retval (m:*label151) (h:*label151)
   479 label *label151
   480 set .thoriumContainer :buildRemoteBlockLocal*retval
-    * select .thoriumContainer equal :buildRemoteBlockLocal*retval null .thoriumDrill .thoriumContainer
+  481 select .thoriumContainer equal :buildRemoteBlockLocal*retval null .thoriumDrill :buildRemoteBlockLocal*retval
   482 write .thoriumDrill processor2 ".thoriumDrill"
   483 write .thoriumContainer processor2 ".thoriumContainer"
   484 write .thoriumBattery processor1 ".thoriumBattery"

Modifications by Iterated phase, Data Flow Optimization, pass 1, iteration 2 (-11 instructions):
 
   164 write processor2 AÕFFJS-micro-processor9 ".displayProcessor"
   165 write .core AÕFFJS-micro-processor9 ".core"
   166 write bank1 AÕFFJS-micro-processor9 ".bank"
-    * set :block "AJEMJJ-graphite-press0"
   167 label *label201
   168 read *tmp204 @this "AJEMJJ-graphite-press0"
   169 write *tmp204 AÕFFJS-micro-processor9 "AJEMJJ-graphite-press0"
   170 label *label202
-    * set :block "AJTJK-battery1"
   171 label *label205
   172 read *tmp204 @this "AJTJK-battery1"
   173 write *tmp204 AÕFFJS-micro-processor9 "AJTJK-battery1"
   174 label *label206
-    * set :block "ALTJL-battery2"
   175 label *label209
   176 read *tmp204 @this "ALTJL-battery2"
   177 write *tmp204 AÕFFJS-micro-processor9 "ALTJL-battery2"
   178 label *label210
-    * set :block "AJRJM-combustion-generator3"
   179 label *label213
   180 read *tmp204 @this "AJRJM-combustion-generator3"
   181 write *tmp204 AÕFFJS-micro-processor9 "AJRJM-combustion-generator3"
   182 label *label214
-    * set :block "ALMQJN-silicon-smelter4"
   183 label *label217
   184 read *tmp204 @this "ALMQJN-silicon-smelter4"
   185 write *tmp204 AÕFFJS-micro-processor9 "ALMQJN-silicon-smelter4"
   186 label *label218
-    * set :block "A{LNJO-inverted-sorter5"
   187 label *label221
   188 read *tmp204 @this "A{LNJO-inverted-sorter5"
   189 write *tmp204 AÕFFJS-micro-processor9 "A{LNJO-inverted-sorter5"
   190 label *label222
-    * set :block "A©JNJP-unloader6"
   191 label *label225
   192 read *tmp204 @this "A©JNJP-unloader6"
   193 write *tmp204 AÕFFJS-micro-processor9 "A©JNJP-unloader6"
   194 label *label226
-    * set :block "A{HNJQ-inverted-sorter7"
   195 label *label229
   196 read *tmp204 @this "A{HNJQ-inverted-sorter7"
   197 write *tmp204 AÕFFJS-micro-processor9 "A{HNJQ-inverted-sorter7"
   198 label *label230
-    * set :block "A\u007fJPJR-underflow-gate8"
   199 label *label233
   200 read *tmp204 @this "A\u007fJPJR-underflow-gate8"
   201 write *tmp204 AÕFFJS-micro-processor9 "A\u007fJPJR-underflow-gate8"
   202 label *label234
-    * set :block "AÕFFJS-micro-processor9"
   203 label *label237
   204 read *tmp204 @this "AÕFFJS-micro-processor9"
   205 write *tmp204 AÕFFJS-micro-processor9 "AÕFFJS-micro-processor9"
 
   467 setaddr :buildRemoteBlockLocal*retaddr *label151 (h:*label151)
   468 call *label38 *invalid :buildRemoteBlockLocal*retval (m:*label151) (h:*label151)
   469 label *label151
-    * set .thoriumContainer :buildRemoteBlockLocal*retval
   470 select .thoriumContainer equal :buildRemoteBlockLocal*retval null .thoriumDrill :buildRemoteBlockLocal*retval
   471 write .thoriumDrill processor2 ".thoriumDrill"
   472 write .thoriumContainer processor2 ".thoriumContainer"

Modifications by Full loop rotation at BaseBuilder.mnd:258:5 (+1 instructions):
 
   327 label *label126
   328 read *tmp233 AÕFFJS-micro-processor9 ".polys"
   329 jump *label128 greaterThanEq *tmp233 2
+  330 label *label242
   331 write false processor1 ":supplyBase*finished"
   332 write 8 processor1 "@counter"
   333 label *label129
 
   335 read *tmp234 processor1 ":supplyBase*finished"
   336 jump *label129 equal *tmp234 false
   337 label *label127
-    * jump *label126 always
+  338 read *tmp233 AÕFFJS-micro-processor9 ".polys"
+  339 jump *label242 lessThan *tmp233 2
   340 label *label128
   341 write 2 AÕFFJS-micro-processor9 ".flareTarget"
   342 label *label130

Modifications by Full loop rotation at BaseBuilder.mnd:263:5 (+1 instructions):
 
   343 label *label131
   344 read *tmp236 AÕFFJS-micro-processor9 ".flares"
   345 jump *label133 greaterThanEq *tmp236 2
+  346 label *label243
   347 write false processor1 ":supplyBase*finished"
   348 write 8 processor1 "@counter"
   349 label *label134
 
   351 read *tmp237 processor1 ":supplyBase*finished"
   352 jump *label134 equal *tmp237 false
   353 label *label132
-    * jump *label131 always
+  354 read *tmp236 AÕFFJS-micro-processor9 ".flares"
+  355 jump *label243 lessThan *tmp236 2
   356 label *label133
   357 write @ore-titanium processor2 ".nextBlock"
   358 ubind @flare

Modifications by Full loop rotation at BaseBuilder.mnd:282:5 (+1 instructions):
 
   489 label *label155
   490 read *tmp305 AÕFFJS-micro-processor9 ".polys"
   491 jump *label157 greaterThanEq *tmp305 3
+  492 label *label244
   493 write false processor1 ":supplyBase*finished"
   494 write 8 processor1 "@counter"
   495 label *label158
 
   497 read *tmp306 processor1 ":supplyBase*finished"
   498 jump *label158 equal *tmp306 false
   499 label *label156
-    * jump *label155 always
+  500 read *tmp305 AÕFFJS-micro-processor9 ".polys"
+  501 jump *label244 lessThan *tmp305 3
   502 label *label157
   503 op add :setMonoTarget.2:target 4 .scrap
   504 write :setMonoTarget.2:target AÕFFJS-micro-processor9 ".monoTarget"

Modifications by Inline function 'lineUpUnits' defined at BaseBuilder.mnd:367:1 (+20 instructions):
 
   561 label *label173
   562 op add :lineUpUnits:y .coreY 6
   563 set :lineUpUnits:unit @mega
-    * setaddr :lineUpUnits*retaddr *label176 (h:*label176)
-    * call *label42 *invalid :lineUpUnits*retval (m:*label176) (h:*label176)
-    * label *label176
+  564 label *label245
+  565 ubind :lineUpUnits:unit
+  566 set :lineUpUnits:firstUnit @unit
+  567 label *label246
+  568 sensor :lineUpUnits:x @unit @flag
+  569 ucontrol itemDrop @air 1000
+  570 ucontrol move :lineUpUnits:x :lineUpUnits:y
+  571 sensor *tmp352 @unit @mining
+  572 jump *label247 equal *tmp352 false
+  573 ucontrol stop
+  574 label *label247
+  575 label *label248
+  576 ubind :lineUpUnits:unit
+  577 label *label249
+  578 jump *label246 notEqual @unit :lineUpUnits:firstUnit
+  579 label *label250
+  580 label *label251
   581 op add :lineUpUnits:y .coreY 2
   582 set :lineUpUnits:unit @poly
-    * setaddr :lineUpUnits*retaddr *label177 (h:*label177)
-    * call *label42 *invalid :lineUpUnits*retval (m:*label177) (h:*label177)
-    * label *label177
+  583 label *label252
+  584 ubind :lineUpUnits:unit
+  585 set :lineUpUnits:firstUnit @unit
+  586 label *label253
+  587 sensor :lineUpUnits:x @unit @flag
+  588 ucontrol itemDrop @air 1000
+  589 ucontrol move :lineUpUnits:x :lineUpUnits:y
+  590 sensor *tmp352 @unit @mining
+  591 jump *label254 equal *tmp352 false
+  592 ucontrol stop
+  593 label *label254
+  594 label *label255
+  595 ubind :lineUpUnits:unit
+  596 label *label256
+  597 jump *label253 notEqual @unit :lineUpUnits:firstUnit
+  598 label *label257
+  599 label *label258
   600 op sub :lineUpUnits:y .coreY 2
   601 set :lineUpUnits:unit @mono
-    * setaddr :lineUpUnits*retaddr *label178 (h:*label178)
-    * call *label42 *invalid :lineUpUnits*retval (m:*label178) (h:*label178)
-    * label *label178
+  602 label *label259
+  603 ubind :lineUpUnits:unit
+  604 set :lineUpUnits:firstUnit @unit
+  605 label *label260
+  606 sensor :lineUpUnits:x @unit @flag
+  607 ucontrol itemDrop @air 1000
+  608 ucontrol move :lineUpUnits:x :lineUpUnits:y
+  609 sensor *tmp352 @unit @mining
+  610 jump *label261 equal *tmp352 false
+  611 ucontrol stop
+  612 label *label261
+  613 label *label262
+  614 ubind :lineUpUnits:unit
+  615 label *label263
+  616 jump *label260 notEqual @unit :lineUpUnits:firstUnit
+  617 label *label264
+  618 label *label265
   619 op sub :lineUpUnits:y .coreY 6
   620 set :lineUpUnits:unit @flare
-    * setaddr :lineUpUnits*retaddr *label179 (h:*label179)
-    * call *label42 *invalid :lineUpUnits*retval (m:*label179) (h:*label179)
-    * label *label179
+  621 label *label266
+  622 ubind :lineUpUnits:unit
+  623 set :lineUpUnits:firstUnit @unit
+  624 label *label267
+  625 sensor :lineUpUnits:x @unit @flag
+  626 ucontrol itemDrop @air 1000
+  627 ucontrol move :lineUpUnits:x :lineUpUnits:y
+  628 sensor *tmp352 @unit @mining
+  629 jump *label268 equal *tmp352 false
+  630 ucontrol stop
+  631 label *label268
+  632 label *label269
+  633 ubind :lineUpUnits:unit
+  634 label *label270
+  635 jump *label267 notEqual @unit :lineUpUnits:firstUnit
+  636 label *label271
+  637 label *label272
   638 label *label174
   639 jump *label173 always
   640 label *label175
 
   711 label *label186
   712 return :flagUnits*retaddr
   713 end
-    * label *label42
-    * ubind :lineUpUnits:unit
-    * set :lineUpUnits:firstUnit @unit
-    * label *label194
-    * sensor :lineUpUnits:x @unit @flag
-    * ucontrol itemDrop @air 1000
-    * ucontrol move :lineUpUnits:x :lineUpUnits:y
-    * sensor *tmp352 @unit @mining
-    * jump *label197 equal *tmp352 false
-    * ucontrol stop
-    * label *label197
-    * label *label198
-    * ubind :lineUpUnits:unit
-    * label *label195
-    * jump *label194 notEqual @unit :lineUpUnits:firstUnit
-    * label *label196
-    * label *label193
-    * return :lineUpUnits*retaddr
-    * end
   714 label *label37
   715 set .ERROR :error:error
   716 stop

Modifications by Iterated phase, Data Flow Optimization, pass 1, iteration 1:
 
   562 op add :lineUpUnits:y .coreY 6
   563 set :lineUpUnits:unit @mega
   564 label *label245
-    * ubind :lineUpUnits:unit
+  565 ubind @mega
   566 set :lineUpUnits:firstUnit @unit
   567 label *label246
   568 sensor :lineUpUnits:x @unit @flag
 
   573 ucontrol stop
   574 label *label247
   575 label *label248
-    * ubind :lineUpUnits:unit
+  576 ubind @mega
   577 label *label249
   578 jump *label246 notEqual @unit :lineUpUnits:firstUnit
   579 label *label250
 
   581 op add :lineUpUnits:y .coreY 2
   582 set :lineUpUnits:unit @poly
   583 label *label252
-    * ubind :lineUpUnits:unit
+  584 ubind @poly
   585 set :lineUpUnits:firstUnit @unit
   586 label *label253
   587 sensor :lineUpUnits:x @unit @flag
 
   592 ucontrol stop
   593 label *label254
   594 label *label255
-    * ubind :lineUpUnits:unit
+  595 ubind @poly
   596 label *label256
   597 jump *label253 notEqual @unit :lineUpUnits:firstUnit
   598 label *label257
 
   600 op sub :lineUpUnits:y .coreY 2
   601 set :lineUpUnits:unit @mono
   602 label *label259
-    * ubind :lineUpUnits:unit
+  603 ubind @mono
   604 set :lineUpUnits:firstUnit @unit
   605 label *label260
   606 sensor :lineUpUnits:x @unit @flag
 
   611 ucontrol stop
   612 label *label261
   613 label *label262
-    * ubind :lineUpUnits:unit
+  614 ubind @mono
   615 label *label263
   616 jump *label260 notEqual @unit :lineUpUnits:firstUnit
   617 label *label264
 
   619 op sub :lineUpUnits:y .coreY 6
   620 set :lineUpUnits:unit @flare
   621 label *label266
-    * ubind :lineUpUnits:unit
+  622 ubind @flare
   623 set :lineUpUnits:firstUnit @unit
   624 label *label267
   625 sensor :lineUpUnits:x @unit @flag
 
   630 ucontrol stop
   631 label *label268
   632 label *label269
-    * ubind :lineUpUnits:unit
+  633 ubind @flare
   634 label *label270
   635 jump *label267 notEqual @unit :lineUpUnits:firstUnit
   636 label *label271

Modifications by Iterated phase, Data Flow Optimization, pass 1, iteration 2 (-4 instructions):
 
   560 label *label172
   561 label *label173
   562 op add :lineUpUnits:y .coreY 6
-    * set :lineUpUnits:unit @mega
   563 label *label245
   564 ubind @mega
   565 set :lineUpUnits:firstUnit @unit
 
   578 label *label250
   579 label *label251
   580 op add :lineUpUnits:y .coreY 2
-    * set :lineUpUnits:unit @poly
   581 label *label252
   582 ubind @poly
   583 set :lineUpUnits:firstUnit @unit
 
   596 label *label257
   597 label *label258
   598 op sub :lineUpUnits:y .coreY 2
-    * set :lineUpUnits:unit @mono
   599 label *label259
   600 ubind @mono
   601 set :lineUpUnits:firstUnit @unit
 
   614 label *label264
   615 label *label265
   616 op sub :lineUpUnits:y .coreY 6
-    * set :lineUpUnits:unit @flare
   617 label *label266
   618 ubind @flare
   619 set :lineUpUnits:firstUnit @unit

Modifications by Inline function 'flagUnits' defined at BaseBuilder.mnd:353:1 (+14 instructions):
 
   543 control enabled processor1 false
   544 control enabled processor6 false
   545 set :flagUnits:unit @mega
-    * setaddr :flagUnits*retaddr *label169 (h:*label169)
-    * call *label41 *invalid :flagUnits*retval (m:*label169) (h:*label169)
-    * label *label169
+  546 label *label273
+  547 label *label274
+  548 ubind :flagUnits:unit
+  549 set :flagUnits:firstUnit @unit
+  550 label *label275
+  551 jump *label274 equal :flagUnits:firstUnit null
+  552 label *label276
+  553 op add :flagUnits:x .coreX 8
+  554 label *label277
+  555 ucontrol flag :flagUnits:x
+  556 op add :flagUnits:x :flagUnits:x 4
+  557 ubind :flagUnits:unit
+  558 label *label278
+  559 jump *label277 notEqual @unit :flagUnits:firstUnit
+  560 label *label279
+  561 label *label280
   562 set :flagUnits:unit @poly
-    * setaddr :flagUnits*retaddr *label170 (h:*label170)
-    * call *label41 *invalid :flagUnits*retval (m:*label170) (h:*label170)
-    * label *label170
+  563 label *label281
+  564 label *label282
+  565 ubind :flagUnits:unit
+  566 set :flagUnits:firstUnit @unit
+  567 label *label283
+  568 jump *label282 equal :flagUnits:firstUnit null
+  569 label *label284
+  570 op add :flagUnits:x .coreX 8
+  571 label *label285
+  572 ucontrol flag :flagUnits:x
+  573 op add :flagUnits:x :flagUnits:x 4
+  574 ubind :flagUnits:unit
+  575 label *label286
+  576 jump *label285 notEqual @unit :flagUnits:firstUnit
+  577 label *label287
+  578 label *label288
   579 set :flagUnits:unit @mono
-    * setaddr :flagUnits*retaddr *label171 (h:*label171)
-    * call *label41 *invalid :flagUnits*retval (m:*label171) (h:*label171)
-    * label *label171
+  580 label *label289
+  581 label *label290
+  582 ubind :flagUnits:unit
+  583 set :flagUnits:firstUnit @unit
+  584 label *label291
+  585 jump *label290 equal :flagUnits:firstUnit null
+  586 label *label292
+  587 op add :flagUnits:x .coreX 8
+  588 label *label293
+  589 ucontrol flag :flagUnits:x
+  590 op add :flagUnits:x :flagUnits:x 4
+  591 ubind :flagUnits:unit
+  592 label *label294
+  593 jump *label293 notEqual @unit :flagUnits:firstUnit
+  594 label *label295
+  595 label *label296
   596 set :flagUnits:unit @flare
-    * setaddr :flagUnits*retaddr *label172 (h:*label172)
-    * call *label41 *invalid :flagUnits*retval (m:*label172) (h:*label172)
-    * label *label172
+  597 label *label297
+  598 label *label298
+  599 ubind :flagUnits:unit
+  600 set :flagUnits:firstUnit @unit
+  601 label *label299
+  602 jump *label298 equal :flagUnits:firstUnit null
+  603 label *label300
+  604 op add :flagUnits:x .coreX 8
+  605 label *label301
+  606 ucontrol flag :flagUnits:x
+  607 op add :flagUnits:x :flagUnits:x 4
+  608 ubind :flagUnits:unit
+  609 label *label302
+  610 jump *label301 notEqual @unit :flagUnits:firstUnit
+  611 label *label303
+  612 label *label304
   613 label *label173
   614 op add :lineUpUnits:y .coreY 6
   615 label *label245
 
   741 label *label184
   742 return :buildUnits*retaddr
   743 end
-    * label *label41
-    * label *label187
-    * ubind :flagUnits:unit
-    * set :flagUnits:firstUnit @unit
-    * label *label188
-    * jump *label187 equal :flagUnits:firstUnit null
-    * label *label189
-    * op add :flagUnits:x .coreX 8
-    * label *label190
-    * ucontrol flag :flagUnits:x
-    * op add :flagUnits:x :flagUnits:x 4
-    * ubind :flagUnits:unit
-    * label *label191
-    * jump *label190 notEqual @unit :flagUnits:firstUnit
-    * label *label192
-    * label *label186
-    * return :flagUnits*retaddr
-    * end
   744 label *label37
   745 set .ERROR :error:error
   746 stop

Modifications by Iterated phase, Data Flow Optimization, pass 1, iteration 1:
 
   545 set :flagUnits:unit @mega
   546 label *label273
   547 label *label274
-    * ubind :flagUnits:unit
+  548 ubind @mega
   549 set :flagUnits:firstUnit @unit
   550 label *label275
   551 jump *label274 equal :flagUnits:firstUnit null
 
   554 label *label277
   555 ucontrol flag :flagUnits:x
   556 op add :flagUnits:x :flagUnits:x 4
-    * ubind :flagUnits:unit
+  557 ubind @mega
   558 label *label278
   559 jump *label277 notEqual @unit :flagUnits:firstUnit
   560 label *label279
 
   562 set :flagUnits:unit @poly
   563 label *label281
   564 label *label282
-    * ubind :flagUnits:unit
+  565 ubind @poly
   566 set :flagUnits:firstUnit @unit
   567 label *label283
   568 jump *label282 equal :flagUnits:firstUnit null
 
   571 label *label285
   572 ucontrol flag :flagUnits:x
   573 op add :flagUnits:x :flagUnits:x 4
-    * ubind :flagUnits:unit
+  574 ubind @poly
   575 label *label286
   576 jump *label285 notEqual @unit :flagUnits:firstUnit
   577 label *label287
 
   579 set :flagUnits:unit @mono
   580 label *label289
   581 label *label290
-    * ubind :flagUnits:unit
+  582 ubind @mono
   583 set :flagUnits:firstUnit @unit
   584 label *label291
   585 jump *label290 equal :flagUnits:firstUnit null
 
   588 label *label293
   589 ucontrol flag :flagUnits:x
   590 op add :flagUnits:x :flagUnits:x 4
-    * ubind :flagUnits:unit
+  591 ubind @mono
   592 label *label294
   593 jump *label293 notEqual @unit :flagUnits:firstUnit
   594 label *label295
 
   596 set :flagUnits:unit @flare
   597 label *label297
   598 label *label298
-    * ubind :flagUnits:unit
+  599 ubind @flare
   600 set :flagUnits:firstUnit @unit
   601 label *label299
   602 jump *label298 equal :flagUnits:firstUnit null
 
   605 label *label301
   606 ucontrol flag :flagUnits:x
   607 op add :flagUnits:x :flagUnits:x 4
-    * ubind :flagUnits:unit
+  608 ubind @flare
   609 label *label302
   610 jump *label301 notEqual @unit :flagUnits:firstUnit
   611 label *label303

Modifications by Iterated phase, Data Flow Optimization, pass 1, iteration 2 (-4 instructions):
 
   542 control enabled processor3 false
   543 control enabled processor1 false
   544 control enabled processor6 false
-    * set :flagUnits:unit @mega
   545 label *label273
   546 label *label274
   547 ubind @mega
 
   558 jump *label277 notEqual @unit :flagUnits:firstUnit
   559 label *label279
   560 label *label280
-    * set :flagUnits:unit @poly
   561 label *label281
   562 label *label282
   563 ubind @poly
 
   574 jump *label285 notEqual @unit :flagUnits:firstUnit
   575 label *label287
   576 label *label288
-    * set :flagUnits:unit @mono
   577 label *label289
   578 label *label290
   579 ubind @mono
 
   590 jump *label293 notEqual @unit :flagUnits:firstUnit
   591 label *label295
   592 label *label296
-    * set :flagUnits:unit @flare
   593 label *label297
   594 label *label298
   595 ubind @flare

Modifications by Inline function 'buildRemoteBlockLocal' defined at BaseBuilder.mnd:53:1 (+45 instructions):
 
   426 set :buildRemoteBlockLocal:cfg "A¡ASJ\\-water-extractor18"
   427 read :buildRemoteBlockLocal:x processor3 ".water1X"
   428 read :buildRemoteBlockLocal:y processor3 ".water1Y"
-    * setaddr :buildRemoteBlockLocal*retaddr *label144 (h:*label144)
-    * call *label38 *invalid :buildRemoteBlockLocal*retval (m:*label144) (h:*label144)
-    * label *label144
+  429 label *label305
+  430 write :buildRemoteBlockLocal:cfg processor1 ":buildRemoteBlock:cfg"
+  431 write :buildRemoteBlockLocal:x processor1 ":buildRemoteBlock:x"
+  432 write :buildRemoteBlockLocal:y processor1 ":buildRemoteBlock:y"
+  433 write false processor1 ":buildRemoteBlock*finished"
+  434 write 4 processor1 "@counter"
+  435 label *label306
+  436 wait 0
+  437 read *tmp329 processor1 ":buildRemoteBlock*finished"
+  438 jump *label306 equal *tmp329 false
+  439 read :buildRemoteBlockLocal*retval processor1 ":buildRemoteBlock*retval"
+  440 label *label307
   441 read :buildRemoteBlockLocal:x processor3 ".water2X"
   442 read :buildRemoteBlockLocal:y processor3 ".water2Y"
-    * setaddr :buildRemoteBlockLocal*retaddr *label145 (h:*label145)
-    * call *label38 *invalid :buildRemoteBlockLocal*retval (m:*label145) (h:*label145)
-    * label *label145
+  443 label *label308
+  444 write :buildRemoteBlockLocal:cfg processor1 ":buildRemoteBlock:cfg"
+  445 write :buildRemoteBlockLocal:x processor1 ":buildRemoteBlock:x"
+  446 write :buildRemoteBlockLocal:y processor1 ":buildRemoteBlock:y"
+  447 write false processor1 ":buildRemoteBlock*finished"
+  448 write 4 processor1 "@counter"
+  449 label *label309
+  450 wait 0
+  451 read *tmp329 processor1 ":buildRemoteBlock*finished"
+  452 jump *label309 equal *tmp329 false
+  453 read :buildRemoteBlockLocal*retval processor1 ":buildRemoteBlock*retval"
+  454 label *label310
   455 set :buildRemoteBlockLocal:cfg "AAKJ]-steam-generator19"
   456 read :buildRemoteBlockLocal:x processor3 ".generatorX"
   457 read :buildRemoteBlockLocal:y processor3 ".generatorY"
-    * setaddr :buildRemoteBlockLocal*retaddr *label146 (h:*label146)
-    * call *label38 *invalid :buildRemoteBlockLocal*retval (m:*label146) (h:*label146)
-    * label *label146
+  458 label *label311
+  459 write :buildRemoteBlockLocal:cfg processor1 ":buildRemoteBlock:cfg"
+  460 write :buildRemoteBlockLocal:x processor1 ":buildRemoteBlock:x"
+  461 write :buildRemoteBlockLocal:y processor1 ":buildRemoteBlock:y"
+  462 write false processor1 ":buildRemoteBlock*finished"
+  463 write 4 processor1 "@counter"
+  464 label *label312
+  465 wait 0
+  466 read *tmp329 processor1 ":buildRemoteBlock*finished"
+  467 jump *label312 equal *tmp329 false
+  468 read :buildRemoteBlockLocal*retval processor1 ":buildRemoteBlock*retval"
+  469 label *label313
   470 set .thoriumGenerator :buildRemoteBlockLocal*retval
   471 set :buildRemoteBlockLocal:cfg "AFHJT-power-node10"
   472 read :buildRemoteBlockLocal:x processor3 ".node1X"
   473 read :buildRemoteBlockLocal:y processor3 ".node1Y"
-    * setaddr :buildRemoteBlockLocal*retaddr *label147 (h:*label147)
-    * call *label38 *invalid :buildRemoteBlockLocal*retval (m:*label147) (h:*label147)
-    * label *label147
+  474 label *label314
+  475 write :buildRemoteBlockLocal:cfg processor1 ":buildRemoteBlock:cfg"
+  476 write :buildRemoteBlockLocal:x processor1 ":buildRemoteBlock:x"
+  477 write :buildRemoteBlockLocal:y processor1 ":buildRemoteBlock:y"
+  478 write false processor1 ":buildRemoteBlock*finished"
+  479 write 4 processor1 "@counter"
+  480 label *label315
+  481 wait 0
+  482 read *tmp329 processor1 ":buildRemoteBlock*finished"
+  483 jump *label315 equal *tmp329 false
+  484 read :buildRemoteBlockLocal*retval processor1 ":buildRemoteBlock*retval"
+  485 label *label316
   486 read :buildRemoteBlockLocal:x processor3 ".node2X"
   487 read :buildRemoteBlockLocal:y processor3 ".node2Y"
-    * setaddr :buildRemoteBlockLocal*retaddr *label148 (h:*label148)
-    * call *label38 *invalid :buildRemoteBlockLocal*retval (m:*label148) (h:*label148)
-    * label *label148
+  488 label *label317
+  489 write :buildRemoteBlockLocal:cfg processor1 ":buildRemoteBlock:cfg"
+  490 write :buildRemoteBlockLocal:x processor1 ":buildRemoteBlock:x"
+  491 write :buildRemoteBlockLocal:y processor1 ":buildRemoteBlock:y"
+  492 write false processor1 ":buildRemoteBlock*finished"
+  493 write 4 processor1 "@counter"
+  494 label *label318
+  495 wait 0
+  496 read *tmp329 processor1 ":buildRemoteBlock*finished"
+  497 jump *label318 equal *tmp329 false
+  498 read :buildRemoteBlockLocal*retval processor1 ":buildRemoteBlock*retval"
+  499 label *label319
   500 set :buildRemoteBlockLocal:cfg "AJJJ~-solar-panel52"
   501 read :buildRemoteBlockLocal:x processor3 ".panelX"
   502 read :buildRemoteBlockLocal:y processor3 ".panelY"
-    * setaddr :buildRemoteBlockLocal*retaddr *label149 (h:*label149)
-    * call *label38 *invalid :buildRemoteBlockLocal*retval (m:*label149) (h:*label149)
-    * label *label149
+  503 label *label320
+  504 write :buildRemoteBlockLocal:cfg processor1 ":buildRemoteBlock:cfg"
+  505 write :buildRemoteBlockLocal:x processor1 ":buildRemoteBlock:x"
+  506 write :buildRemoteBlockLocal:y processor1 ":buildRemoteBlock:y"
+  507 write false processor1 ":buildRemoteBlock*finished"
+  508 write 4 processor1 "@counter"
+  509 label *label321
+  510 wait 0
+  511 read *tmp329 processor1 ":buildRemoteBlock*finished"
+  512 jump *label321 equal *tmp329 false
+  513 read :buildRemoteBlockLocal*retval processor1 ":buildRemoteBlock*retval"
+  514 label *label322
   515 set :buildRemoteBlockLocal:cfg "AJTJK-battery1"
   516 read :buildRemoteBlockLocal:x processor3 ".batteryX"
   517 read :buildRemoteBlockLocal:y processor3 ".batteryY"
-    * setaddr :buildRemoteBlockLocal*retaddr *label150 (h:*label150)
-    * call *label38 *invalid :buildRemoteBlockLocal*retval (m:*label150) (h:*label150)
-    * label *label150
+  518 label *label323
+  519 write :buildRemoteBlockLocal:cfg processor1 ":buildRemoteBlock:cfg"
+  520 write :buildRemoteBlockLocal:x processor1 ":buildRemoteBlock:x"
+  521 write :buildRemoteBlockLocal:y processor1 ":buildRemoteBlock:y"
+  522 write false processor1 ":buildRemoteBlock*finished"
+  523 write 4 processor1 "@counter"
+  524 label *label324
+  525 wait 0
+  526 read *tmp329 processor1 ":buildRemoteBlock*finished"
+  527 jump *label324 equal *tmp329 false
+  528 read :buildRemoteBlockLocal*retval processor1 ":buildRemoteBlock*retval"
+  529 label *label325
   530 set .thoriumBattery :buildRemoteBlockLocal*retval
   531 set :buildRemoteBlockLocal:cfg "A¨JJJ~-container52"
   532 read :buildRemoteBlockLocal:x processor3 ".containerX"
   533 read :buildRemoteBlockLocal:y processor3 ".containerY"
-    * setaddr :buildRemoteBlockLocal*retaddr *label151 (h:*label151)
-    * call *label38 *invalid :buildRemoteBlockLocal*retval (m:*label151) (h:*label151)
-    * label *label151
+  534 label *label326
+  535 write :buildRemoteBlockLocal:cfg processor1 ":buildRemoteBlock:cfg"
+  536 write :buildRemoteBlockLocal:x processor1 ":buildRemoteBlock:x"
+  537 write :buildRemoteBlockLocal:y processor1 ":buildRemoteBlock:y"
+  538 write false processor1 ":buildRemoteBlock*finished"
+  539 write 4 processor1 "@counter"
+  540 label *label327
+  541 wait 0
+  542 read *tmp329 processor1 ":buildRemoteBlock*finished"
+  543 jump *label327 equal *tmp329 false
+  544 read :buildRemoteBlockLocal*retval processor1 ":buildRemoteBlock*retval"
+  545 label *label328
   546 select .thoriumContainer equal :buildRemoteBlockLocal*retval null .thoriumDrill :buildRemoteBlockLocal*retval
   547 write .thoriumDrill processor2 ".thoriumDrill"
   548 write .thoriumContainer processor2 ".thoriumContainer"
 
   757 label *label168
   758 label *label48
   759 end
-    * label *label38
-    * write :buildRemoteBlockLocal:cfg processor1 ":buildRemoteBlock:cfg"
-    * write :buildRemoteBlockLocal:x processor1 ":buildRemoteBlock:x"
-    * write :buildRemoteBlockLocal:y processor1 ":buildRemoteBlock:y"
-    * write false processor1 ":buildRemoteBlock*finished"
-    * write 4 processor1 "@counter"
-    * label *label181
-    * wait 0
-    * read *tmp329 processor1 ":buildRemoteBlock*finished"
-    * jump *label181 equal *tmp329 false
-    * read :buildRemoteBlockLocal*retval processor1 ":buildRemoteBlock*retval"
-    * label *label180
-    * return :buildRemoteBlockLocal*retaddr
-    * end
   760 label *label39
   761 write :buildBlockFromCfgLocal:cfg processor1 ":buildBlockFromCfg:cfg"
   762 write null processor1 ":buildBlockFromCfg:config"

Modifications by Iterated phase, Data Flow Optimization, pass 1, iteration 1 (-5 instructions):
 
   427 read :buildRemoteBlockLocal:x processor3 ".water1X"
   428 read :buildRemoteBlockLocal:y processor3 ".water1Y"
   429 label *label305
-    * write :buildRemoteBlockLocal:cfg processor1 ":buildRemoteBlock:cfg"
+  430 write "A¡ASJ\\-water-extractor18" processor1 ":buildRemoteBlock:cfg"
   431 write :buildRemoteBlockLocal:x processor1 ":buildRemoteBlock:x"
   432 write :buildRemoteBlockLocal:y processor1 ":buildRemoteBlock:y"
   433 write false processor1 ":buildRemoteBlock*finished"
 
   436 wait 0
   437 read *tmp329 processor1 ":buildRemoteBlock*finished"
   438 jump *label306 equal *tmp329 false
-    * read :buildRemoteBlockLocal*retval processor1 ":buildRemoteBlock*retval"
   439 label *label307
   440 read :buildRemoteBlockLocal:x processor3 ".water2X"
   441 read :buildRemoteBlockLocal:y processor3 ".water2Y"
   442 label *label308
-    * write :buildRemoteBlockLocal:cfg processor1 ":buildRemoteBlock:cfg"
+  443 write "A¡ASJ\\-water-extractor18" processor1 ":buildRemoteBlock:cfg"
   444 write :buildRemoteBlockLocal:x processor1 ":buildRemoteBlock:x"
   445 write :buildRemoteBlockLocal:y processor1 ":buildRemoteBlock:y"
   446 write false processor1 ":buildRemoteBlock*finished"
 
   449 wait 0
   450 read *tmp329 processor1 ":buildRemoteBlock*finished"
   451 jump *label309 equal *tmp329 false
-    * read :buildRemoteBlockLocal*retval processor1 ":buildRemoteBlock*retval"
   452 label *label310
   453 set :buildRemoteBlockLocal:cfg "AAKJ]-steam-generator19"
   454 read :buildRemoteBlockLocal:x processor3 ".generatorX"
   455 read :buildRemoteBlockLocal:y processor3 ".generatorY"
   456 label *label311
-    * write :buildRemoteBlockLocal:cfg processor1 ":buildRemoteBlock:cfg"
+  457 write "AAKJ]-steam-generator19" processor1 ":buildRemoteBlock:cfg"
   458 write :buildRemoteBlockLocal:x processor1 ":buildRemoteBlock:x"
   459 write :buildRemoteBlockLocal:y processor1 ":buildRemoteBlock:y"
   460 write false processor1 ":buildRemoteBlock*finished"
 
   470 read :buildRemoteBlockLocal:x processor3 ".node1X"
   471 read :buildRemoteBlockLocal:y processor3 ".node1Y"
   472 label *label314
-    * write :buildRemoteBlockLocal:cfg processor1 ":buildRemoteBlock:cfg"
+  473 write "AFHJT-power-node10" processor1 ":buildRemoteBlock:cfg"
   474 write :buildRemoteBlockLocal:x processor1 ":buildRemoteBlock:x"
   475 write :buildRemoteBlockLocal:y processor1 ":buildRemoteBlock:y"
   476 write false processor1 ":buildRemoteBlock*finished"
 
   479 wait 0
   480 read *tmp329 processor1 ":buildRemoteBlock*finished"
   481 jump *label315 equal *tmp329 false
-    * read :buildRemoteBlockLocal*retval processor1 ":buildRemoteBlock*retval"
   482 label *label316
   483 read :buildRemoteBlockLocal:x processor3 ".node2X"
   484 read :buildRemoteBlockLocal:y processor3 ".node2Y"
   485 label *label317
-    * write :buildRemoteBlockLocal:cfg processor1 ":buildRemoteBlock:cfg"
+  486 write "AFHJT-power-node10" processor1 ":buildRemoteBlock:cfg"
   487 write :buildRemoteBlockLocal:x processor1 ":buildRemoteBlock:x"
   488 write :buildRemoteBlockLocal:y processor1 ":buildRemoteBlock:y"
   489 write false processor1 ":buildRemoteBlock*finished"
 
   492 wait 0
   493 read *tmp329 processor1 ":buildRemoteBlock*finished"
   494 jump *label318 equal *tmp329 false
-    * read :buildRemoteBlockLocal*retval processor1 ":buildRemoteBlock*retval"
   495 label *label319
   496 set :buildRemoteBlockLocal:cfg "AJJJ~-solar-panel52"
   497 read :buildRemoteBlockLocal:x processor3 ".panelX"
   498 read :buildRemoteBlockLocal:y processor3 ".panelY"
   499 label *label320
-    * write :buildRemoteBlockLocal:cfg processor1 ":buildRemoteBlock:cfg"
+  500 write "AJJJ~-solar-panel52" processor1 ":buildRemoteBlock:cfg"
   501 write :buildRemoteBlockLocal:x processor1 ":buildRemoteBlock:x"
   502 write :buildRemoteBlockLocal:y processor1 ":buildRemoteBlock:y"
   503 write false processor1 ":buildRemoteBlock*finished"
 
   506 wait 0
   507 read *tmp329 processor1 ":buildRemoteBlock*finished"
   508 jump *label321 equal *tmp329 false
-    * read :buildRemoteBlockLocal*retval processor1 ":buildRemoteBlock*retval"
   509 label *label322
   510 set :buildRemoteBlockLocal:cfg "AJTJK-battery1"
   511 read :buildRemoteBlockLocal:x processor3 ".batteryX"
   512 read :buildRemoteBlockLocal:y processor3 ".batteryY"
   513 label *label323
-    * write :buildRemoteBlockLocal:cfg processor1 ":buildRemoteBlock:cfg"
+  514 write "AJTJK-battery1" processor1 ":buildRemoteBlock:cfg"
   515 write :buildRemoteBlockLocal:x processor1 ":buildRemoteBlock:x"
   516 write :buildRemoteBlockLocal:y processor1 ":buildRemoteBlock:y"
   517 write false processor1 ":buildRemoteBlock*finished"
 
   527 read :buildRemoteBlockLocal:x processor3 ".containerX"
   528 read :buildRemoteBlockLocal:y processor3 ".containerY"
   529 label *label326
-    * write :buildRemoteBlockLocal:cfg processor1 ":buildRemoteBlock:cfg"
+  530 write "A¨JJJ~-container52" processor1 ":buildRemoteBlock:cfg"
   531 write :buildRemoteBlockLocal:x processor1 ":buildRemoteBlock:x"
   532 write :buildRemoteBlockLocal:y processor1 ":buildRemoteBlock:y"
   533 write false processor1 ":buildRemoteBlock*finished"

Modifications by Iterated phase, Data Flow Optimization, pass 1, iteration 2 (-6 instructions):
 
   423 read *tmp273 processor1 ":buildBlockAt*finished"
   424 jump *label143 equal *tmp273 false
   425 read .thoriumDrill processor1 ":buildBlockAt*retval"
-    * set :buildRemoteBlockLocal:cfg "A¡ASJ\\-water-extractor18"
   426 read :buildRemoteBlockLocal:x processor3 ".water1X"
   427 read :buildRemoteBlockLocal:y processor3 ".water1Y"
   428 label *label305
 
   449 read *tmp329 processor1 ":buildRemoteBlock*finished"
   450 jump *label309 equal *tmp329 false
   451 label *label310
-    * set :buildRemoteBlockLocal:cfg "AAKJ]-steam-generator19"
   452 read :buildRemoteBlockLocal:x processor3 ".generatorX"
   453 read :buildRemoteBlockLocal:y processor3 ".generatorY"
   454 label *label311
 
   464 read :buildRemoteBlockLocal*retval processor1 ":buildRemoteBlock*retval"
   465 label *label313
   466 set .thoriumGenerator :buildRemoteBlockLocal*retval
-    * set :buildRemoteBlockLocal:cfg "AFHJT-power-node10"
   467 read :buildRemoteBlockLocal:x processor3 ".node1X"
   468 read :buildRemoteBlockLocal:y processor3 ".node1Y"
   469 label *label314
 
   490 read *tmp329 processor1 ":buildRemoteBlock*finished"
   491 jump *label318 equal *tmp329 false
   492 label *label319
-    * set :buildRemoteBlockLocal:cfg "AJJJ~-solar-panel52"
   493 read :buildRemoteBlockLocal:x processor3 ".panelX"
   494 read :buildRemoteBlockLocal:y processor3 ".panelY"
   495 label *label320
 
   503 read *tmp329 processor1 ":buildRemoteBlock*finished"
   504 jump *label321 equal *tmp329 false
   505 label *label322
-    * set :buildRemoteBlockLocal:cfg "AJTJK-battery1"
   506 read :buildRemoteBlockLocal:x processor3 ".batteryX"
   507 read :buildRemoteBlockLocal:y processor3 ".batteryY"
   508 label *label323
 
   518 read :buildRemoteBlockLocal*retval processor1 ":buildRemoteBlock*retval"
   519 label *label325
   520 set .thoriumBattery :buildRemoteBlockLocal*retval
-    * set :buildRemoteBlockLocal:cfg "A¨JJJ~-container52"
   521 read :buildRemoteBlockLocal:x processor3 ".containerX"
   522 read :buildRemoteBlockLocal:y processor3 ".containerY"
   523 label *label326

Modifications by Inline function call at BaseBuilder.mnd:148:5 (+7 instructions):
 
    27 write .scrap processor1 ".scrap"
    28 write .scrap processor7 ".scrap"
    29 set :buildBlockFromCfgLocal:cfg "AJEMJJ-graphite-press0"
-    * setaddr :buildBlockFromCfgLocal*retaddr *label52 (h:*label52)
-    * call *label39 *invalid :buildBlockFromCfgLocal*retval (m:*label52) (h:*label52)
-    * label *label52
+   30 label *label329
+   31 write :buildBlockFromCfgLocal:cfg processor1 ":buildBlockFromCfg:cfg"
+   32 write null processor1 ":buildBlockFromCfg:config"
+   33 write false processor1 ":buildBlockFromCfg*finished"
+   34 write 2 processor1 "@counter"
+   35 label *label330
+   36 wait 0
+   37 read *tmp334 processor1 ":buildBlockFromCfg*finished"
+   38 jump *label330 equal *tmp334 false
+   39 read :buildBlockFromCfgLocal*retval processor1 ":buildBlockFromCfg*retval"
+   40 jump *label331 always
+   41 label *label331
    42 set :buildBlockFromCfgLocal:cfg "AJTJK-battery1"
    43 setaddr :buildBlockFromCfgLocal*retaddr *label53 (h:*label53)
    44 call *label39 *invalid :buildBlockFromCfgLocal*retval (m:*label53) (h:*label53)

Modifications by Iterated phase, Data Flow Optimization, pass 1, iteration 1 (-1 instructions):
 
    28 write .scrap processor7 ".scrap"
    29 set :buildBlockFromCfgLocal:cfg "AJEMJJ-graphite-press0"
    30 label *label329
-    * write :buildBlockFromCfgLocal:cfg processor1 ":buildBlockFromCfg:cfg"
+   31 write "AJEMJJ-graphite-press0" processor1 ":buildBlockFromCfg:cfg"
    32 write null processor1 ":buildBlockFromCfg:config"
    33 write false processor1 ":buildBlockFromCfg*finished"
    34 write 2 processor1 "@counter"
 
    36 wait 0
    37 read *tmp334 processor1 ":buildBlockFromCfg*finished"
    38 jump *label330 equal *tmp334 false
-    * read :buildBlockFromCfgLocal*retval processor1 ":buildBlockFromCfg*retval"
    39 jump *label331 always
    40 label *label331
    41 set :buildBlockFromCfgLocal:cfg "AJTJK-battery1"

Modifications by Iterated phase, Data Flow Optimization, pass 1, iteration 2 (-1 instructions):
 
    26 write .scrap processor2 ".scrap"
    27 write .scrap processor1 ".scrap"
    28 write .scrap processor7 ".scrap"
-    * set :buildBlockFromCfgLocal:cfg "AJEMJJ-graphite-press0"
    29 label *label329
    30 write "AJEMJJ-graphite-press0" processor1 ":buildBlockFromCfg:cfg"
    31 write null processor1 ":buildBlockFromCfg:config"

Modifications by Inline function call at BaseBuilder.mnd:149:5 (+7 instructions):
 
    38 jump *label331 always
    39 label *label331
    40 set :buildBlockFromCfgLocal:cfg "AJTJK-battery1"
-    * setaddr :buildBlockFromCfgLocal*retaddr *label53 (h:*label53)
-    * call *label39 *invalid :buildBlockFromCfgLocal*retval (m:*label53) (h:*label53)
-    * label *label53
+   41 label *label332
+   42 write :buildBlockFromCfgLocal:cfg processor1 ":buildBlockFromCfg:cfg"
+   43 write null processor1 ":buildBlockFromCfg:config"
+   44 write false processor1 ":buildBlockFromCfg*finished"
+   45 write 2 processor1 "@counter"
+   46 label *label333
+   47 wait 0
+   48 read *tmp334 processor1 ":buildBlockFromCfg*finished"
+   49 jump *label333 equal *tmp334 false
+   50 read :buildBlockFromCfgLocal*retval processor1 ":buildBlockFromCfg*retval"
+   51 jump *label334 always
+   52 label *label334
    53 set :buildBlockFromCfgLocal:cfg "ALTJL-battery2"
    54 setaddr :buildBlockFromCfgLocal*retaddr *label54 (h:*label54)
    55 call *label39 *invalid :buildBlockFromCfgLocal*retval (m:*label54) (h:*label54)

Modifications by Iterated phase, Data Flow Optimization, pass 1, iteration 1 (-1 instructions):
 
    39 label *label331
    40 set :buildBlockFromCfgLocal:cfg "AJTJK-battery1"
    41 label *label332
-    * write :buildBlockFromCfgLocal:cfg processor1 ":buildBlockFromCfg:cfg"
+   42 write "AJTJK-battery1" processor1 ":buildBlockFromCfg:cfg"
    43 write null processor1 ":buildBlockFromCfg:config"
    44 write false processor1 ":buildBlockFromCfg*finished"
    45 write 2 processor1 "@counter"
 
    47 wait 0
    48 read *tmp334 processor1 ":buildBlockFromCfg*finished"
    49 jump *label333 equal *tmp334 false
-    * read :buildBlockFromCfgLocal*retval processor1 ":buildBlockFromCfg*retval"
    50 jump *label334 always
    51 label *label334
    52 set :buildBlockFromCfgLocal:cfg "ALTJL-battery2"

Modifications by Iterated phase, Data Flow Optimization, pass 1, iteration 2 (-1 instructions):
 
    37 jump *label330 equal *tmp334 false
    38 jump *label331 always
    39 label *label331
-    * set :buildBlockFromCfgLocal:cfg "AJTJK-battery1"
    40 label *label332
    41 write "AJTJK-battery1" processor1 ":buildBlockFromCfg:cfg"
    42 write null processor1 ":buildBlockFromCfg:config"

Modifications by Inline function call at BaseBuilder.mnd:150:5 (+7 instructions):
 
    49 jump *label334 always
    50 label *label334
    51 set :buildBlockFromCfgLocal:cfg "ALTJL-battery2"
-    * setaddr :buildBlockFromCfgLocal*retaddr *label54 (h:*label54)
-    * call *label39 *invalid :buildBlockFromCfgLocal*retval (m:*label54) (h:*label54)
-    * label *label54
+   52 label *label335
+   53 write :buildBlockFromCfgLocal:cfg processor1 ":buildBlockFromCfg:cfg"
+   54 write null processor1 ":buildBlockFromCfg:config"
+   55 write false processor1 ":buildBlockFromCfg*finished"
+   56 write 2 processor1 "@counter"
+   57 label *label336
+   58 wait 0
+   59 read *tmp334 processor1 ":buildBlockFromCfg*finished"
+   60 jump *label336 equal *tmp334 false
+   61 read :buildBlockFromCfgLocal*retval processor1 ":buildBlockFromCfg*retval"
+   62 jump *label337 always
+   63 label *label337
    64 set :buildBlockFromCfgLocal:cfg "AJRJM-combustion-generator3"
    65 setaddr :buildBlockFromCfgLocal*retaddr *label55 (h:*label55)
    66 call *label39 *invalid :buildBlockFromCfgLocal*retval (m:*label55) (h:*label55)

Modifications by Iterated phase, Data Flow Optimization, pass 1, iteration 1 (-1 instructions):
 
    50 label *label334
    51 set :buildBlockFromCfgLocal:cfg "ALTJL-battery2"
    52 label *label335
-    * write :buildBlockFromCfgLocal:cfg processor1 ":buildBlockFromCfg:cfg"
+   53 write "ALTJL-battery2" processor1 ":buildBlockFromCfg:cfg"
    54 write null processor1 ":buildBlockFromCfg:config"
    55 write false processor1 ":buildBlockFromCfg*finished"
    56 write 2 processor1 "@counter"
 
    58 wait 0
    59 read *tmp334 processor1 ":buildBlockFromCfg*finished"
    60 jump *label336 equal *tmp334 false
-    * read :buildBlockFromCfgLocal*retval processor1 ":buildBlockFromCfg*retval"
    61 jump *label337 always
    62 label *label337
    63 set :buildBlockFromCfgLocal:cfg "AJRJM-combustion-generator3"

Modifications by Iterated phase, Data Flow Optimization, pass 1, iteration 2 (-1 instructions):
 
    48 jump *label333 equal *tmp334 false
    49 jump *label334 always
    50 label *label334
-    * set :buildBlockFromCfgLocal:cfg "ALTJL-battery2"
    51 label *label335
    52 write "ALTJL-battery2" processor1 ":buildBlockFromCfg:cfg"
    53 write null processor1 ":buildBlockFromCfg:config"

Modifications by Inline function call at BaseBuilder.mnd:151:5 (+7 instructions):
 
    60 jump *label337 always
    61 label *label337
    62 set :buildBlockFromCfgLocal:cfg "AJRJM-combustion-generator3"
-    * setaddr :buildBlockFromCfgLocal*retaddr *label55 (h:*label55)
-    * call *label39 *invalid :buildBlockFromCfgLocal*retval (m:*label55) (h:*label55)
-    * label *label55
+   63 label *label338
+   64 write :buildBlockFromCfgLocal:cfg processor1 ":buildBlockFromCfg:cfg"
+   65 write null processor1 ":buildBlockFromCfg:config"
+   66 write false processor1 ":buildBlockFromCfg*finished"
+   67 write 2 processor1 "@counter"
+   68 label *label339
+   69 wait 0
+   70 read *tmp334 processor1 ":buildBlockFromCfg*finished"
+   71 jump *label339 equal *tmp334 false
+   72 read :buildBlockFromCfgLocal*retval processor1 ":buildBlockFromCfg*retval"
+   73 jump *label340 always
+   74 label *label340
    75 write 400 processor1 ".powerTarget"
    76 set .sandContainer .core
    77 jump *label56 equal .scrap false

Modifications by Iterated phase, Data Flow Optimization, pass 1, iteration 1 (-1 instructions):
 
    61 label *label337
    62 set :buildBlockFromCfgLocal:cfg "AJRJM-combustion-generator3"
    63 label *label338
-    * write :buildBlockFromCfgLocal:cfg processor1 ":buildBlockFromCfg:cfg"
+   64 write "AJRJM-combustion-generator3" processor1 ":buildBlockFromCfg:cfg"
    65 write null processor1 ":buildBlockFromCfg:config"
    66 write false processor1 ":buildBlockFromCfg*finished"
    67 write 2 processor1 "@counter"
 
    69 wait 0
    70 read *tmp334 processor1 ":buildBlockFromCfg*finished"
    71 jump *label339 equal *tmp334 false
-    * read :buildBlockFromCfgLocal*retval processor1 ":buildBlockFromCfg*retval"
    72 jump *label340 always
    73 label *label340
    74 write 400 processor1 ".powerTarget"

Modifications by Iterated phase, Data Flow Optimization, pass 1, iteration 2 (-1 instructions):
 
    59 jump *label336 equal *tmp334 false
    60 jump *label337 always
    61 label *label337
-    * set :buildBlockFromCfgLocal:cfg "AJRJM-combustion-generator3"
    62 label *label338
    63 write "AJRJM-combustion-generator3" processor1 ":buildBlockFromCfg:cfg"
    64 write null processor1 ":buildBlockFromCfg:config"

Modifications by Inline function call at BaseBuilder.mnd:163:5 (+7 instructions):
 
    90 label *label56
    91 label *label57
    92 set :buildBlockFromCfgLocal:cfg "ALMQJN-silicon-smelter4"
-    * setaddr :buildBlockFromCfgLocal*retaddr *label61 (h:*label61)
-    * call *label39 *invalid :buildBlockFromCfgLocal*retval (m:*label61) (h:*label61)
-    * label *label61
+   93 label *label341
+   94 write :buildBlockFromCfgLocal:cfg processor1 ":buildBlockFromCfg:cfg"
+   95 write null processor1 ":buildBlockFromCfg:config"
+   96 write false processor1 ":buildBlockFromCfg*finished"
+   97 write 2 processor1 "@counter"
+   98 label *label342
+   99 wait 0
+  100 read *tmp334 processor1 ":buildBlockFromCfg*finished"
+  101 jump *label342 equal *tmp334 false
+  102 read :buildBlockFromCfgLocal*retval processor1 ":buildBlockFromCfg*retval"
+  103 jump *label343 always
+  104 label *label343
   105 set :buildBlockFromCfgLocal:cfg "A{LNJO-inverted-sorter5"
   106 setaddr :buildBlockFromCfgLocal*retaddr *label62 (h:*label62)
   107 call *label39 *invalid :buildBlockFromCfgLocal*retval (m:*label62) (h:*label62)

Modifications by Iterated phase, Data Flow Optimization, pass 1, iteration 1 (-1 instructions):
 
    91 label *label57
    92 set :buildBlockFromCfgLocal:cfg "ALMQJN-silicon-smelter4"
    93 label *label341
-    * write :buildBlockFromCfgLocal:cfg processor1 ":buildBlockFromCfg:cfg"
+   94 write "ALMQJN-silicon-smelter4" processor1 ":buildBlockFromCfg:cfg"
    95 write null processor1 ":buildBlockFromCfg:config"
    96 write false processor1 ":buildBlockFromCfg*finished"
    97 write 2 processor1 "@counter"
 
    99 wait 0
   100 read *tmp334 processor1 ":buildBlockFromCfg*finished"
   101 jump *label342 equal *tmp334 false
-    * read :buildBlockFromCfgLocal*retval processor1 ":buildBlockFromCfg*retval"
   102 jump *label343 always
   103 label *label343
   104 set :buildBlockFromCfgLocal:cfg "A{LNJO-inverted-sorter5"

Modifications by Iterated phase, Data Flow Optimization, pass 1, iteration 2 (-1 instructions):
 
    89 label *label60
    90 label *label56
    91 label *label57
-    * set :buildBlockFromCfgLocal:cfg "ALMQJN-silicon-smelter4"
    92 label *label341
    93 write "ALMQJN-silicon-smelter4" processor1 ":buildBlockFromCfg:cfg"
    94 write null processor1 ":buildBlockFromCfg:config"

Modifications by Inline function call at BaseBuilder.mnd:164:5 (+7 instructions):
 
   101 jump *label343 always
   102 label *label343
   103 set :buildBlockFromCfgLocal:cfg "A{LNJO-inverted-sorter5"
-    * setaddr :buildBlockFromCfgLocal*retaddr *label62 (h:*label62)
-    * call *label39 *invalid :buildBlockFromCfgLocal*retval (m:*label62) (h:*label62)
-    * label *label62
+  104 label *label344
+  105 write :buildBlockFromCfgLocal:cfg processor1 ":buildBlockFromCfg:cfg"
+  106 write null processor1 ":buildBlockFromCfg:config"
+  107 write false processor1 ":buildBlockFromCfg*finished"
+  108 write 2 processor1 "@counter"
+  109 label *label345
+  110 wait 0
+  111 read *tmp334 processor1 ":buildBlockFromCfg*finished"
+  112 jump *label345 equal *tmp334 false
+  113 read :buildBlockFromCfgLocal*retval processor1 ":buildBlockFromCfg*retval"
+  114 jump *label346 always
+  115 label *label346
   116 write "AJJJ~-pneumatic-drill52" processor1 ":meetTargetCfg:cfg"
   117 write false processor1 ":meetTargetCfg:forBuild"
   118 write false processor1 ":meetTargetCfg*finished"

Modifications by Iterated phase, Data Flow Optimization, pass 1, iteration 1 (-1 instructions):
 
   102 label *label343
   103 set :buildBlockFromCfgLocal:cfg "A{LNJO-inverted-sorter5"
   104 label *label344
-    * write :buildBlockFromCfgLocal:cfg processor1 ":buildBlockFromCfg:cfg"
+  105 write "A{LNJO-inverted-sorter5" processor1 ":buildBlockFromCfg:cfg"
   106 write null processor1 ":buildBlockFromCfg:config"
   107 write false processor1 ":buildBlockFromCfg*finished"
   108 write 2 processor1 "@counter"
 
   110 wait 0
   111 read *tmp334 processor1 ":buildBlockFromCfg*finished"
   112 jump *label345 equal *tmp334 false
-    * read :buildBlockFromCfgLocal*retval processor1 ":buildBlockFromCfg*retval"
   113 jump *label346 always
   114 label *label346
   115 write "AJJJ~-pneumatic-drill52" processor1 ":meetTargetCfg:cfg"

Modifications by Iterated phase, Data Flow Optimization, pass 1, iteration 2 (-1 instructions):
 
   100 jump *label342 equal *tmp334 false
   101 jump *label343 always
   102 label *label343
-    * set :buildBlockFromCfgLocal:cfg "A{LNJO-inverted-sorter5"
   103 label *label344
   104 write "A{LNJO-inverted-sorter5" processor1 ":buildBlockFromCfg:cfg"
   105 write null processor1 ":buildBlockFromCfg:config"

Modifications by Inline function call at BaseBuilder.mnd:179:5 (+7 instructions):
 
   181 label *label70
   182 write .sandContainer processor7 ".sandContainer"
   183 set :buildBlockFromCfgLocal:cfg "A{HNJQ-inverted-sorter7"
-    * setaddr :buildBlockFromCfgLocal*retaddr *label76 (h:*label76)
-    * call *label39 *invalid :buildBlockFromCfgLocal*retval (m:*label76) (h:*label76)
-    * label *label76
+  184 label *label347
+  185 write :buildBlockFromCfgLocal:cfg processor1 ":buildBlockFromCfg:cfg"
+  186 write null processor1 ":buildBlockFromCfg:config"
+  187 write false processor1 ":buildBlockFromCfg*finished"
+  188 write 2 processor1 "@counter"
+  189 label *label348
+  190 wait 0
+  191 read *tmp334 processor1 ":buildBlockFromCfg*finished"
+  192 jump *label348 equal *tmp334 false
+  193 read :buildBlockFromCfgLocal*retval processor1 ":buildBlockFromCfg*retval"
+  194 jump *label349 always
+  195 label *label349
   196 set :buildBlockFromCfgLocal:cfg "A\u007fJPJR-underflow-gate8"
   197 setaddr :buildBlockFromCfgLocal*retaddr *label77 (h:*label77)
   198 call *label39 *invalid :buildBlockFromCfgLocal*retval (m:*label77) (h:*label77)

Modifications by Iterated phase, Data Flow Optimization, pass 1, iteration 1 (-1 instructions):
 
   182 write .sandContainer processor7 ".sandContainer"
   183 set :buildBlockFromCfgLocal:cfg "A{HNJQ-inverted-sorter7"
   184 label *label347
-    * write :buildBlockFromCfgLocal:cfg processor1 ":buildBlockFromCfg:cfg"
+  185 write "A{HNJQ-inverted-sorter7" processor1 ":buildBlockFromCfg:cfg"
   186 write null processor1 ":buildBlockFromCfg:config"
   187 write false processor1 ":buildBlockFromCfg*finished"
   188 write 2 processor1 "@counter"
 
   190 wait 0
   191 read *tmp334 processor1 ":buildBlockFromCfg*finished"
   192 jump *label348 equal *tmp334 false
-    * read :buildBlockFromCfgLocal*retval processor1 ":buildBlockFromCfg*retval"
   193 jump *label349 always
   194 label *label349
   195 set :buildBlockFromCfgLocal:cfg "A\u007fJPJR-underflow-gate8"

Modifications by Iterated phase, Data Flow Optimization, pass 1, iteration 2 (-1 instructions):
 
   180 label *label69
   181 label *label70
   182 write .sandContainer processor7 ".sandContainer"
-    * set :buildBlockFromCfgLocal:cfg "A{HNJQ-inverted-sorter7"
   183 label *label347
   184 write "A{HNJQ-inverted-sorter7" processor1 ":buildBlockFromCfg:cfg"
   185 write null processor1 ":buildBlockFromCfg:config"

Modifications by Inline function call at BaseBuilder.mnd:180:5 (+7 instructions):
 
   192 jump *label349 always
   193 label *label349
   194 set :buildBlockFromCfgLocal:cfg "A\u007fJPJR-underflow-gate8"
-    * setaddr :buildBlockFromCfgLocal*retaddr *label77 (h:*label77)
-    * call *label39 *invalid :buildBlockFromCfgLocal*retval (m:*label77) (h:*label77)
-    * label *label77
+  195 label *label350
+  196 write :buildBlockFromCfgLocal:cfg processor1 ":buildBlockFromCfg:cfg"
+  197 write null processor1 ":buildBlockFromCfg:config"
+  198 write false processor1 ":buildBlockFromCfg*finished"
+  199 write 2 processor1 "@counter"
+  200 label *label351
+  201 wait 0
+  202 read *tmp334 processor1 ":buildBlockFromCfg*finished"
+  203 jump *label351 equal *tmp334 false
+  204 read :buildBlockFromCfgLocal*retval processor1 ":buildBlockFromCfg*retval"
+  205 jump *label352 always
+  206 label *label352
   207 set :buildBlockFromCfgLocal:cfg "A©JNJP-unloader6"
   208 setaddr :buildBlockFromCfgLocal*retaddr *label78 (h:*label78)
   209 call *label39 *invalid :buildBlockFromCfgLocal*retval (m:*label78) (h:*label78)

Modifications by Iterated phase, Data Flow Optimization, pass 1, iteration 1 (-1 instructions):
 
   193 label *label349
   194 set :buildBlockFromCfgLocal:cfg "A\u007fJPJR-underflow-gate8"
   195 label *label350
-    * write :buildBlockFromCfgLocal:cfg processor1 ":buildBlockFromCfg:cfg"
+  196 write "A\u007fJPJR-underflow-gate8" processor1 ":buildBlockFromCfg:cfg"
   197 write null processor1 ":buildBlockFromCfg:config"
   198 write false processor1 ":buildBlockFromCfg*finished"
   199 write 2 processor1 "@counter"
 
   201 wait 0
   202 read *tmp334 processor1 ":buildBlockFromCfg*finished"
   203 jump *label351 equal *tmp334 false
-    * read :buildBlockFromCfgLocal*retval processor1 ":buildBlockFromCfg*retval"
   204 jump *label352 always
   205 label *label352
   206 set :buildBlockFromCfgLocal:cfg "A©JNJP-unloader6"

Modifications by Iterated phase, Data Flow Optimization, pass 1, iteration 2 (-1 instructions):
 
   191 jump *label348 equal *tmp334 false
   192 jump *label349 always
   193 label *label349
-    * set :buildBlockFromCfgLocal:cfg "A\u007fJPJR-underflow-gate8"
   194 label *label350
   195 write "A\u007fJPJR-underflow-gate8" processor1 ":buildBlockFromCfg:cfg"
   196 write null processor1 ":buildBlockFromCfg:config"

Modifications by Inline function call at BaseBuilder.mnd:181:5 (+7 instructions):
 
   203 jump *label352 always
   204 label *label352
   205 set :buildBlockFromCfgLocal:cfg "A©JNJP-unloader6"
-    * setaddr :buildBlockFromCfgLocal*retaddr *label78 (h:*label78)
-    * call *label39 *invalid :buildBlockFromCfgLocal*retval (m:*label78) (h:*label78)
-    * label *label78
+  206 label *label353
+  207 write :buildBlockFromCfgLocal:cfg processor1 ":buildBlockFromCfg:cfg"
+  208 write null processor1 ":buildBlockFromCfg:config"
+  209 write false processor1 ":buildBlockFromCfg*finished"
+  210 write 2 processor1 "@counter"
+  211 label *label354
+  212 wait 0
+  213 read *tmp334 processor1 ":buildBlockFromCfg*finished"
+  214 jump *label354 equal *tmp334 false
+  215 read :buildBlockFromCfgLocal*retval processor1 ":buildBlockFromCfg*retval"
+  216 jump *label355 always
+  217 label *label355
   218 write 80 processor1 ".graphiteSurplus"
   219 write "AÕFFJS-micro-processor9" processor1 ":buildBlockFromCfg:cfg"
   220 write processor4 processor1 ":buildBlockFromCfg:config"

Modifications by Iterated phase, Data Flow Optimization, pass 1, iteration 1 (-1 instructions):
 
   204 label *label352
   205 set :buildBlockFromCfgLocal:cfg "A©JNJP-unloader6"
   206 label *label353
-    * write :buildBlockFromCfgLocal:cfg processor1 ":buildBlockFromCfg:cfg"
+  207 write "A©JNJP-unloader6" processor1 ":buildBlockFromCfg:cfg"
   208 write null processor1 ":buildBlockFromCfg:config"
   209 write false processor1 ":buildBlockFromCfg*finished"
   210 write 2 processor1 "@counter"
 
   212 wait 0
   213 read *tmp334 processor1 ":buildBlockFromCfg*finished"
   214 jump *label354 equal *tmp334 false
-    * read :buildBlockFromCfgLocal*retval processor1 ":buildBlockFromCfg*retval"
   215 jump *label355 always
   216 label *label355
   217 write 80 processor1 ".graphiteSurplus"

Modifications by Iterated phase, Data Flow Optimization, pass 1, iteration 2 (-1 instructions):
 
   202 jump *label351 equal *tmp334 false
   203 jump *label352 always
   204 label *label352
-    * set :buildBlockFromCfgLocal:cfg "A©JNJP-unloader6"
   205 label *label353
   206 write "A©JNJP-unloader6" processor1 ":buildBlockFromCfg:cfg"
   207 write null processor1 ":buildBlockFromCfg:config"

Modifications by Inline function call at BaseBuilder.mnd:196:5 (+7 instructions):
 
   270 label *label83
   271 write A©RPJg-unloader29 AÕFFJS-micro-processor9 "A©RPJg-unloader29"
   272 set :buildBlockFromCfgLocal:cfg "AFHJT-power-node10"
-    * setaddr :buildBlockFromCfgLocal*retaddr *label94 (h:*label94)
-    * call *label39 *invalid :buildBlockFromCfgLocal*retval (m:*label94) (h:*label94)
-    * label *label94
+  273 label *label356
+  274 write :buildBlockFromCfgLocal:cfg processor1 ":buildBlockFromCfg:cfg"
+  275 write null processor1 ":buildBlockFromCfg:config"
+  276 write false processor1 ":buildBlockFromCfg*finished"
+  277 write 2 processor1 "@counter"
+  278 label *label357
+  279 wait 0
+  280 read *tmp334 processor1 ":buildBlockFromCfg*finished"
+  281 jump *label357 equal *tmp334 false
+  282 read :buildBlockFromCfgLocal*retval processor1 ":buildBlockFromCfg*retval"
+  283 jump *label358 always
+  284 label *label358
   285 set :buildBlockFromCfgLocal:cfg "A©FJJU-unloader11"
   286 setaddr :buildBlockFromCfgLocal*retaddr *label95 (h:*label95)
   287 call *label39 *invalid :buildBlockFromCfgLocal*retval (m:*label95) (h:*label95)

Modifications by Iterated phase, Data Flow Optimization, pass 1, iteration 1 (-1 instructions):
 
   271 write A©RPJg-unloader29 AÕFFJS-micro-processor9 "A©RPJg-unloader29"
   272 set :buildBlockFromCfgLocal:cfg "AFHJT-power-node10"
   273 label *label356
-    * write :buildBlockFromCfgLocal:cfg processor1 ":buildBlockFromCfg:cfg"
+  274 write "AFHJT-power-node10" processor1 ":buildBlockFromCfg:cfg"
   275 write null processor1 ":buildBlockFromCfg:config"
   276 write false processor1 ":buildBlockFromCfg*finished"
   277 write 2 processor1 "@counter"
 
   279 wait 0
   280 read *tmp334 processor1 ":buildBlockFromCfg*finished"
   281 jump *label357 equal *tmp334 false
-    * read :buildBlockFromCfgLocal*retval processor1 ":buildBlockFromCfg*retval"
   282 jump *label358 always
   283 label *label358
   284 set :buildBlockFromCfgLocal:cfg "A©FJJU-unloader11"

Modifications by Iterated phase, Data Flow Optimization, pass 1, iteration 2 (-1 instructions):
 
   269 label *label238
   270 label *label83
   271 write A©RPJg-unloader29 AÕFFJS-micro-processor9 "A©RPJg-unloader29"
-    * set :buildBlockFromCfgLocal:cfg "AFHJT-power-node10"
   272 label *label356
   273 write "AFHJT-power-node10" processor1 ":buildBlockFromCfg:cfg"
   274 write null processor1 ":buildBlockFromCfg:config"

Modifications by Inline function call at BaseBuilder.mnd:197:5 (+7 instructions):
 
   281 jump *label358 always
   282 label *label358
   283 set :buildBlockFromCfgLocal:cfg "A©FJJU-unloader11"
-    * setaddr :buildBlockFromCfgLocal*retaddr *label95 (h:*label95)
-    * call *label39 *invalid :buildBlockFromCfgLocal*retval (m:*label95) (h:*label95)
-    * label *label95
+  284 label *label359
+  285 write :buildBlockFromCfgLocal:cfg processor1 ":buildBlockFromCfg:cfg"
+  286 write null processor1 ":buildBlockFromCfg:config"
+  287 write false processor1 ":buildBlockFromCfg*finished"
+  288 write 2 processor1 "@counter"
+  289 label *label360
+  290 wait 0
+  291 read *tmp334 processor1 ":buildBlockFromCfg*finished"
+  292 jump *label360 equal *tmp334 false
+  293 read :buildBlockFromCfgLocal*retval processor1 ":buildBlockFromCfg*retval"
+  294 jump *label361 always
+  295 label *label361
   296 set :buildBlockFromCfgLocal:cfg "A~DJJV-overflow-gate12"
   297 setaddr :buildBlockFromCfgLocal*retaddr *label96 (h:*label96)
   298 call *label39 *invalid :buildBlockFromCfgLocal*retval (m:*label96) (h:*label96)

Modifications by Iterated phase, Data Flow Optimization, pass 1, iteration 1 (-1 instructions):
 
   282 label *label358
   283 set :buildBlockFromCfgLocal:cfg "A©FJJU-unloader11"
   284 label *label359
-    * write :buildBlockFromCfgLocal:cfg processor1 ":buildBlockFromCfg:cfg"
+  285 write "A©FJJU-unloader11" processor1 ":buildBlockFromCfg:cfg"
   286 write null processor1 ":buildBlockFromCfg:config"
   287 write false processor1 ":buildBlockFromCfg*finished"
   288 write 2 processor1 "@counter"
 
   290 wait 0
   291 read *tmp334 processor1 ":buildBlockFromCfg*finished"
   292 jump *label360 equal *tmp334 false
-    * read :buildBlockFromCfgLocal*retval processor1 ":buildBlockFromCfg*retval"
   293 jump *label361 always
   294 label *label361
   295 set :buildBlockFromCfgLocal:cfg "A~DJJV-overflow-gate12"

Modifications by Iterated phase, Data Flow Optimization, pass 1, iteration 2 (-1 instructions):
 
   280 jump *label357 equal *tmp334 false
   281 jump *label358 always
   282 label *label358
-    * set :buildBlockFromCfgLocal:cfg "A©FJJU-unloader11"
   283 label *label359
   284 write "A©FJJU-unloader11" processor1 ":buildBlockFromCfg:cfg"
   285 write null processor1 ":buildBlockFromCfg:config"

Modifications by Inline function call at BaseBuilder.mnd:198:5 (+7 instructions):
 
   292 jump *label361 always
   293 label *label361
   294 set :buildBlockFromCfgLocal:cfg "A~DJJV-overflow-gate12"
-    * setaddr :buildBlockFromCfgLocal*retaddr *label96 (h:*label96)
-    * call *label39 *invalid :buildBlockFromCfgLocal*retval (m:*label96) (h:*label96)
-    * label *label96
+  295 label *label362
+  296 write :buildBlockFromCfgLocal:cfg processor1 ":buildBlockFromCfg:cfg"
+  297 write null processor1 ":buildBlockFromCfg:config"
+  298 write false processor1 ":buildBlockFromCfg*finished"
+  299 write 2 processor1 "@counter"
+  300 label *label363
+  301 wait 0
+  302 read *tmp334 processor1 ":buildBlockFromCfg*finished"
+  303 jump *label363 equal *tmp334 false
+  304 read :buildBlockFromCfgLocal*retval processor1 ":buildBlockFromCfg*retval"
+  305 jump *label364 always
+  306 label *label364
   307 set :buildBlockFromCfgLocal:cfg "A¾BFLW-air-factory13"
   308 setaddr :buildBlockFromCfgLocal*retaddr *label97 (h:*label97)
   309 call *label39 *invalid :buildBlockFromCfgLocal*retval (m:*label97) (h:*label97)

Modifications by Iterated phase, Data Flow Optimization, pass 1, iteration 1 (-1 instructions):
 
   293 label *label361
   294 set :buildBlockFromCfgLocal:cfg "A~DJJV-overflow-gate12"
   295 label *label362
-    * write :buildBlockFromCfgLocal:cfg processor1 ":buildBlockFromCfg:cfg"
+  296 write "A~DJJV-overflow-gate12" processor1 ":buildBlockFromCfg:cfg"
   297 write null processor1 ":buildBlockFromCfg:config"
   298 write false processor1 ":buildBlockFromCfg*finished"
   299 write 2 processor1 "@counter"
 
   301 wait 0
   302 read *tmp334 processor1 ":buildBlockFromCfg*finished"
   303 jump *label363 equal *tmp334 false
-    * read :buildBlockFromCfgLocal*retval processor1 ":buildBlockFromCfg*retval"
   304 jump *label364 always
   305 label *label364
   306 set :buildBlockFromCfgLocal:cfg "A¾BFLW-air-factory13"

Modifications by Iterated phase, Data Flow Optimization, pass 1, iteration 2 (-1 instructions):
 
   291 jump *label360 equal *tmp334 false
   292 jump *label361 always
   293 label *label361
-    * set :buildBlockFromCfgLocal:cfg "A~DJJV-overflow-gate12"
   294 label *label362
   295 write "A~DJJV-overflow-gate12" processor1 ":buildBlockFromCfg:cfg"
   296 write null processor1 ":buildBlockFromCfg:config"

Modifications by Inline function call at BaseBuilder.mnd:200:5 (+7 instructions):
 
   303 jump *label364 always
   304 label *label364
   305 set :buildBlockFromCfgLocal:cfg "A¾BFLW-air-factory13"
-    * setaddr :buildBlockFromCfgLocal*retaddr *label97 (h:*label97)
-    * call *label39 *invalid :buildBlockFromCfgLocal*retval (m:*label97) (h:*label97)
-    * label *label97
+  306 label *label365
+  307 write :buildBlockFromCfgLocal:cfg processor1 ":buildBlockFromCfg:cfg"
+  308 write null processor1 ":buildBlockFromCfg:config"
+  309 write false processor1 ":buildBlockFromCfg*finished"
+  310 write 2 processor1 "@counter"
+  311 label *label366
+  312 wait 0
+  313 read *tmp334 processor1 ":buildBlockFromCfg*finished"
+  314 jump *label366 equal *tmp334 false
+  315 read :buildBlockFromCfgLocal*retval processor1 ":buildBlockFromCfg*retval"
+  316 jump *label367 always
+  317 label *label367
   318 write 1 AÕFFJS-micro-processor9 ".flareTarget"
   319 label *label98
   320 write 5 AÕFFJS-micro-processor9 ".monoTarget"

Modifications by Iterated phase, Data Flow Optimization, pass 1, iteration 1 (-1 instructions):
 
   304 label *label364
   305 set :buildBlockFromCfgLocal:cfg "A¾BFLW-air-factory13"
   306 label *label365
-    * write :buildBlockFromCfgLocal:cfg processor1 ":buildBlockFromCfg:cfg"
+  307 write "A¾BFLW-air-factory13" processor1 ":buildBlockFromCfg:cfg"
   308 write null processor1 ":buildBlockFromCfg:config"
   309 write false processor1 ":buildBlockFromCfg*finished"
   310 write 2 processor1 "@counter"
 
   312 wait 0
   313 read *tmp334 processor1 ":buildBlockFromCfg*finished"
   314 jump *label366 equal *tmp334 false
-    * read :buildBlockFromCfgLocal*retval processor1 ":buildBlockFromCfg*retval"
   315 jump *label367 always
   316 label *label367
   317 write 1 AÕFFJS-micro-processor9 ".flareTarget"

Modifications by Iterated phase, Data Flow Optimization, pass 1, iteration 2 (-1 instructions):
 
   302 jump *label363 equal *tmp334 false
   303 jump *label364 always
   304 label *label364
-    * set :buildBlockFromCfgLocal:cfg "A¾BFLW-air-factory13"
   305 label *label365
   306 write "A¾BFLW-air-factory13" processor1 ":buildBlockFromCfg:cfg"
   307 write null processor1 ":buildBlockFromCfg:config"

Modifications by Inline function call at BaseBuilder.mnd:225:5 (+7 instructions):
 
   343 label *label103
   344 write 65 processor1 ".siliconSurplus"
   345 set :buildBlockFromCfgLocal:cfg "A©NHJX-unloader14"
-    * setaddr :buildBlockFromCfgLocal*retaddr *label107 (h:*label107)
-    * call *label39 *invalid :buildBlockFromCfgLocal*retval (m:*label107) (h:*label107)
-    * label *label107
+  346 label *label368
+  347 write :buildBlockFromCfgLocal:cfg processor1 ":buildBlockFromCfg:cfg"
+  348 write null processor1 ":buildBlockFromCfg:config"
+  349 write false processor1 ":buildBlockFromCfg*finished"
+  350 write 2 processor1 "@counter"
+  351 label *label369
+  352 wait 0
+  353 read *tmp334 processor1 ":buildBlockFromCfg*finished"
+  354 jump *label369 equal *tmp334 false
+  355 read :buildBlockFromCfgLocal*retval processor1 ":buildBlockFromCfg*retval"
+  356 jump *label370 always
+  357 label *label370
   358 set :buildBlockFromCfgLocal:cfg "A{NJJY-inverted-sorter15"
   359 setaddr :buildBlockFromCfgLocal*retaddr *label108 (h:*label108)
   360 call *label39 *invalid :buildBlockFromCfgLocal*retval (m:*label108) (h:*label108)

Modifications by Iterated phase, Data Flow Optimization, pass 1, iteration 1 (-1 instructions):
 
   344 write 65 processor1 ".siliconSurplus"
   345 set :buildBlockFromCfgLocal:cfg "A©NHJX-unloader14"
   346 label *label368
-    * write :buildBlockFromCfgLocal:cfg processor1 ":buildBlockFromCfg:cfg"
+  347 write "A©NHJX-unloader14" processor1 ":buildBlockFromCfg:cfg"
   348 write null processor1 ":buildBlockFromCfg:config"
   349 write false processor1 ":buildBlockFromCfg*finished"
   350 write 2 processor1 "@counter"
 
   352 wait 0
   353 read *tmp334 processor1 ":buildBlockFromCfg*finished"
   354 jump *label369 equal *tmp334 false
-    * read :buildBlockFromCfgLocal*retval processor1 ":buildBlockFromCfg*retval"
   355 jump *label370 always
   356 label *label370
   357 set :buildBlockFromCfgLocal:cfg "A{NJJY-inverted-sorter15"

Modifications by Iterated phase, Data Flow Optimization, pass 1, iteration 2 (-1 instructions):
 
   342 jump *label101 lessThan *tmp215 2
   343 label *label103
   344 write 65 processor1 ".siliconSurplus"
-    * set :buildBlockFromCfgLocal:cfg "A©NHJX-unloader14"
   345 label *label368
   346 write "A©NHJX-unloader14" processor1 ":buildBlockFromCfg:cfg"
   347 write null processor1 ":buildBlockFromCfg:config"

Modifications by Inline function call at BaseBuilder.mnd:226:5 (+7 instructions):
 
   354 jump *label370 always
   355 label *label370
   356 set :buildBlockFromCfgLocal:cfg "A{NJJY-inverted-sorter15"
-    * setaddr :buildBlockFromCfgLocal*retaddr *label108 (h:*label108)
-    * call *label39 *invalid :buildBlockFromCfgLocal*retval (m:*label108) (h:*label108)
-    * label *label108
+  357 label *label371
+  358 write :buildBlockFromCfgLocal:cfg processor1 ":buildBlockFromCfg:cfg"
+  359 write null processor1 ":buildBlockFromCfg:config"
+  360 write false processor1 ":buildBlockFromCfg*finished"
+  361 write 2 processor1 "@counter"
+  362 label *label372
+  363 wait 0
+  364 read *tmp334 processor1 ":buildBlockFromCfg*finished"
+  365 jump *label372 equal *tmp334 false
+  366 read :buildBlockFromCfgLocal*retval processor1 ":buildBlockFromCfg*retval"
+  367 jump *label373 always
+  368 label *label373
   369 set :buildBlockFromCfgLocal:cfg "ANOMJZ-kiln16"
   370 setaddr :buildBlockFromCfgLocal*retaddr *label109 (h:*label109)
   371 call *label39 *invalid :buildBlockFromCfgLocal*retval (m:*label109) (h:*label109)

Modifications by Iterated phase, Data Flow Optimization, pass 1, iteration 1 (-1 instructions):
 
   355 label *label370
   356 set :buildBlockFromCfgLocal:cfg "A{NJJY-inverted-sorter15"
   357 label *label371
-    * write :buildBlockFromCfgLocal:cfg processor1 ":buildBlockFromCfg:cfg"
+  358 write "A{NJJY-inverted-sorter15" processor1 ":buildBlockFromCfg:cfg"
   359 write null processor1 ":buildBlockFromCfg:config"
   360 write false processor1 ":buildBlockFromCfg*finished"
   361 write 2 processor1 "@counter"
 
   363 wait 0
   364 read *tmp334 processor1 ":buildBlockFromCfg*finished"
   365 jump *label372 equal *tmp334 false
-    * read :buildBlockFromCfgLocal*retval processor1 ":buildBlockFromCfg*retval"
   366 jump *label373 always
   367 label *label373
   368 set :buildBlockFromCfgLocal:cfg "ANOMJZ-kiln16"

Modifications by Iterated phase, Data Flow Optimization, pass 1, iteration 2 (-1 instructions):
 
   353 jump *label369 equal *tmp334 false
   354 jump *label370 always
   355 label *label370
-    * set :buildBlockFromCfgLocal:cfg "A{NJJY-inverted-sorter15"
   356 label *label371
   357 write "A{NJJY-inverted-sorter15" processor1 ":buildBlockFromCfg:cfg"
   358 write null processor1 ":buildBlockFromCfg:config"

Modifications by Inline function call at BaseBuilder.mnd:227:5 (+7 instructions):
 
   365 jump *label373 always
   366 label *label373
   367 set :buildBlockFromCfgLocal:cfg "ANOMJZ-kiln16"
-    * setaddr :buildBlockFromCfgLocal*retaddr *label109 (h:*label109)
-    * call *label39 *invalid :buildBlockFromCfgLocal*retval (m:*label109) (h:*label109)
-    * label *label109
+  368 label *label374
+  369 write :buildBlockFromCfgLocal:cfg processor1 ":buildBlockFromCfg:cfg"
+  370 write null processor1 ":buildBlockFromCfg:config"
+  371 write false processor1 ":buildBlockFromCfg*finished"
+  372 write 2 processor1 "@counter"
+  373 label *label375
+  374 wait 0
+  375 read *tmp334 processor1 ":buildBlockFromCfg*finished"
+  376 jump *label375 equal *tmp334 false
+  377 read :buildBlockFromCfgLocal*retval processor1 ":buildBlockFromCfg*retval"
+  378 jump *label376 always
+  379 label *label376
   380 set :buildBlockFromCfgLocal:cfg "AÜAOJ[-liquid-container17"
   381 setaddr :buildBlockFromCfgLocal*retaddr *label110 (h:*label110)
   382 call *label39 *invalid :buildBlockFromCfgLocal*retval (m:*label110) (h:*label110)

Modifications by Iterated phase, Data Flow Optimization, pass 1, iteration 1 (-1 instructions):
 
   366 label *label373
   367 set :buildBlockFromCfgLocal:cfg "ANOMJZ-kiln16"
   368 label *label374
-    * write :buildBlockFromCfgLocal:cfg processor1 ":buildBlockFromCfg:cfg"
+  369 write "ANOMJZ-kiln16" processor1 ":buildBlockFromCfg:cfg"
   370 write null processor1 ":buildBlockFromCfg:config"
   371 write false processor1 ":buildBlockFromCfg*finished"
   372 write 2 processor1 "@counter"
 
   374 wait 0
   375 read *tmp334 processor1 ":buildBlockFromCfg*finished"
   376 jump *label375 equal *tmp334 false
-    * read :buildBlockFromCfgLocal*retval processor1 ":buildBlockFromCfg*retval"
   377 jump *label376 always
   378 label *label376
   379 set :buildBlockFromCfgLocal:cfg "AÜAOJ[-liquid-container17"

Modifications by Iterated phase, Data Flow Optimization, pass 1, iteration 2 (-1 instructions):
 
   364 jump *label372 equal *tmp334 false
   365 jump *label373 always
   366 label *label373
-    * set :buildBlockFromCfgLocal:cfg "ANOMJZ-kiln16"
   367 label *label374
   368 write "ANOMJZ-kiln16" processor1 ":buildBlockFromCfg:cfg"
   369 write null processor1 ":buildBlockFromCfg:config"

Modifications by Inline function call at BaseBuilder.mnd:230:5 (+7 instructions):
 
   376 jump *label376 always
   377 label *label376
   378 set :buildBlockFromCfgLocal:cfg "AÜAOJ[-liquid-container17"
-    * setaddr :buildBlockFromCfgLocal*retaddr *label110 (h:*label110)
-    * call *label39 *invalid :buildBlockFromCfgLocal*retval (m:*label110) (h:*label110)
-    * label *label110
+  379 label *label377
+  380 write :buildBlockFromCfgLocal:cfg processor1 ":buildBlockFromCfg:cfg"
+  381 write null processor1 ":buildBlockFromCfg:config"
+  382 write false processor1 ":buildBlockFromCfg*finished"
+  383 write 2 processor1 "@counter"
+  384 label *label378
+  385 wait 0
+  386 read *tmp334 processor1 ":buildBlockFromCfg*finished"
+  387 jump *label378 equal *tmp334 false
+  388 read :buildBlockFromCfgLocal*retval processor1 ":buildBlockFromCfg*retval"
+  389 jump *label379 always
+  390 label *label379
   391 set :buildBlockFromCfgLocal:cfg "A¡ASJ\\-water-extractor18"
   392 setaddr :buildBlockFromCfgLocal*retaddr *label111 (h:*label111)
   393 call *label39 *invalid :buildBlockFromCfgLocal*retval (m:*label111) (h:*label111)

Modifications by Iterated phase, Data Flow Optimization, pass 1, iteration 1 (-1 instructions):
 
   377 label *label376
   378 set :buildBlockFromCfgLocal:cfg "AÜAOJ[-liquid-container17"
   379 label *label377
-    * write :buildBlockFromCfgLocal:cfg processor1 ":buildBlockFromCfg:cfg"
+  380 write "AÜAOJ[-liquid-container17" processor1 ":buildBlockFromCfg:cfg"
   381 write null processor1 ":buildBlockFromCfg:config"
   382 write false processor1 ":buildBlockFromCfg*finished"
   383 write 2 processor1 "@counter"
 
   385 wait 0
   386 read *tmp334 processor1 ":buildBlockFromCfg*finished"
   387 jump *label378 equal *tmp334 false
-    * read :buildBlockFromCfgLocal*retval processor1 ":buildBlockFromCfg*retval"
   388 jump *label379 always
   389 label *label379
   390 set :buildBlockFromCfgLocal:cfg "A¡ASJ\\-water-extractor18"

Modifications by Iterated phase, Data Flow Optimization, pass 1, iteration 2 (-1 instructions):
 
   375 jump *label375 equal *tmp334 false
   376 jump *label376 always
   377 label *label376
-    * set :buildBlockFromCfgLocal:cfg "AÜAOJ[-liquid-container17"
   378 label *label377
   379 write "AÜAOJ[-liquid-container17" processor1 ":buildBlockFromCfg:cfg"
   380 write null processor1 ":buildBlockFromCfg:config"

Modifications by Inline function call at BaseBuilder.mnd:231:5 (+7 instructions):
 
   387 jump *label379 always
   388 label *label379
   389 set :buildBlockFromCfgLocal:cfg "A¡ASJ\\-water-extractor18"
-    * setaddr :buildBlockFromCfgLocal*retaddr *label111 (h:*label111)
-    * call *label39 *invalid :buildBlockFromCfgLocal*retval (m:*label111) (h:*label111)
-    * label *label111
+  390 label *label380
+  391 write :buildBlockFromCfgLocal:cfg processor1 ":buildBlockFromCfg:cfg"
+  392 write null processor1 ":buildBlockFromCfg:config"
+  393 write false processor1 ":buildBlockFromCfg*finished"
+  394 write 2 processor1 "@counter"
+  395 label *label381
+  396 wait 0
+  397 read *tmp334 processor1 ":buildBlockFromCfg*finished"
+  398 jump *label381 equal *tmp334 false
+  399 read :buildBlockFromCfgLocal*retval processor1 ":buildBlockFromCfg*retval"
+  400 jump *label382 always
+  401 label *label382
   402 set :buildBlockFromCfgLocal:cfg "AAKJ]-steam-generator19"
   403 setaddr :buildBlockFromCfgLocal*retaddr *label112 (h:*label112)
   404 call *label39 *invalid :buildBlockFromCfgLocal*retval (m:*label112) (h:*label112)

Modifications by Iterated phase, Data Flow Optimization, pass 1, iteration 1 (-1 instructions):
 
   388 label *label379
   389 set :buildBlockFromCfgLocal:cfg "A¡ASJ\\-water-extractor18"
   390 label *label380
-    * write :buildBlockFromCfgLocal:cfg processor1 ":buildBlockFromCfg:cfg"
+  391 write "A¡ASJ\\-water-extractor18" processor1 ":buildBlockFromCfg:cfg"
   392 write null processor1 ":buildBlockFromCfg:config"
   393 write false processor1 ":buildBlockFromCfg*finished"
   394 write 2 processor1 "@counter"
 
   396 wait 0
   397 read *tmp334 processor1 ":buildBlockFromCfg*finished"
   398 jump *label381 equal *tmp334 false
-    * read :buildBlockFromCfgLocal*retval processor1 ":buildBlockFromCfg*retval"
   399 jump *label382 always
   400 label *label382
   401 set :buildBlockFromCfgLocal:cfg "AAKJ]-steam-generator19"

Modifications by Iterated phase, Data Flow Optimization, pass 1, iteration 2 (-1 instructions):
 
   386 jump *label378 equal *tmp334 false
   387 jump *label379 always
   388 label *label379
-    * set :buildBlockFromCfgLocal:cfg "A¡ASJ\\-water-extractor18"
   389 label *label380
   390 write "A¡ASJ\\-water-extractor18" processor1 ":buildBlockFromCfg:cfg"
   391 write null processor1 ":buildBlockFromCfg:config"

Modifications by Inline function call at BaseBuilder.mnd:232:5 (+7 instructions):
 
   398 jump *label382 always
   399 label *label382
   400 set :buildBlockFromCfgLocal:cfg "AAKJ]-steam-generator19"
-    * setaddr :buildBlockFromCfgLocal*retaddr *label112 (h:*label112)
-    * call *label39 *invalid :buildBlockFromCfgLocal*retval (m:*label112) (h:*label112)
-    * label *label112
+  401 label *label383
+  402 write :buildBlockFromCfgLocal:cfg processor1 ":buildBlockFromCfg:cfg"
+  403 write null processor1 ":buildBlockFromCfg:config"
+  404 write false processor1 ":buildBlockFromCfg*finished"
+  405 write 2 processor1 "@counter"
+  406 label *label384
+  407 wait 0
+  408 read *tmp334 processor1 ":buildBlockFromCfg*finished"
+  409 jump *label384 equal *tmp334 false
+  410 read :buildBlockFromCfgLocal*retval processor1 ":buildBlockFromCfg*retval"
+  411 jump *label385 always
+  412 label *label385
   413 set :buildBlockFromCfgLocal:cfg "AKFRJ_-multi-press21"
   414 setaddr :buildBlockFromCfgLocal*retaddr *label113 (h:*label113)
   415 call *label39 *invalid :buildBlockFromCfgLocal*retval (m:*label113) (h:*label113)

Modifications by Iterated phase, Data Flow Optimization, pass 1, iteration 1 (-1 instructions):
 
   399 label *label382
   400 set :buildBlockFromCfgLocal:cfg "AAKJ]-steam-generator19"
   401 label *label383
-    * write :buildBlockFromCfgLocal:cfg processor1 ":buildBlockFromCfg:cfg"
+  402 write "AAKJ]-steam-generator19" processor1 ":buildBlockFromCfg:cfg"
   403 write null processor1 ":buildBlockFromCfg:config"
   404 write false processor1 ":buildBlockFromCfg*finished"
   405 write 2 processor1 "@counter"
 
   407 wait 0
   408 read *tmp334 processor1 ":buildBlockFromCfg*finished"
   409 jump *label384 equal *tmp334 false
-    * read :buildBlockFromCfgLocal*retval processor1 ":buildBlockFromCfg*retval"
   410 jump *label385 always
   411 label *label385
   412 set :buildBlockFromCfgLocal:cfg "AKFRJ_-multi-press21"

Modifications by Iterated phase, Data Flow Optimization, pass 1, iteration 2 (-1 instructions):
 
   397 jump *label381 equal *tmp334 false
   398 jump *label382 always
   399 label *label382
-    * set :buildBlockFromCfgLocal:cfg "AAKJ]-steam-generator19"
   400 label *label383
   401 write "AAKJ]-steam-generator19" processor1 ":buildBlockFromCfg:cfg"
   402 write null processor1 ":buildBlockFromCfg:config"

Modifications by Inline function call at BaseBuilder.mnd:234:5 (+7 instructions):
 
   409 jump *label385 always
   410 label *label385
   411 set :buildBlockFromCfgLocal:cfg "AKFRJ_-multi-press21"
-    * setaddr :buildBlockFromCfgLocal*retaddr *label113 (h:*label113)
-    * call *label39 *invalid :buildBlockFromCfgLocal*retval (m:*label113) (h:*label113)
-    * label *label113
+  412 label *label386
+  413 write :buildBlockFromCfgLocal:cfg processor1 ":buildBlockFromCfg:cfg"
+  414 write null processor1 ":buildBlockFromCfg:config"
+  415 write false processor1 ":buildBlockFromCfg*finished"
+  416 write 2 processor1 "@counter"
+  417 label *label387
+  418 wait 0
+  419 read *tmp334 processor1 ":buildBlockFromCfg*finished"
+  420 jump *label387 equal *tmp334 false
+  421 read :buildBlockFromCfgLocal*retval processor1 ":buildBlockFromCfg*retval"
+  422 jump *label388 always
+  423 label *label388
   424 write 200 processor1 ".graphiteSurplus"
   425 set :buildBlockFromCfgLocal:cfg "ALQIJ^-silicon-smelter20"
   426 setaddr :buildBlockFromCfgLocal*retaddr *label114 (h:*label114)

Modifications by Iterated phase, Data Flow Optimization, pass 1, iteration 1 (-1 instructions):
 
   410 label *label385
   411 set :buildBlockFromCfgLocal:cfg "AKFRJ_-multi-press21"
   412 label *label386
-    * write :buildBlockFromCfgLocal:cfg processor1 ":buildBlockFromCfg:cfg"
+  413 write "AKFRJ_-multi-press21" processor1 ":buildBlockFromCfg:cfg"
   414 write null processor1 ":buildBlockFromCfg:config"
   415 write false processor1 ":buildBlockFromCfg*finished"
   416 write 2 processor1 "@counter"
 
   418 wait 0
   419 read *tmp334 processor1 ":buildBlockFromCfg*finished"
   420 jump *label387 equal *tmp334 false
-    * read :buildBlockFromCfgLocal*retval processor1 ":buildBlockFromCfg*retval"
   421 jump *label388 always
   422 label *label388
   423 write 200 processor1 ".graphiteSurplus"

Modifications by Iterated phase, Data Flow Optimization, pass 1, iteration 2 (-1 instructions):
 
   408 jump *label384 equal *tmp334 false
   409 jump *label385 always
   410 label *label385
-    * set :buildBlockFromCfgLocal:cfg "AKFRJ_-multi-press21"
   411 label *label386
   412 write "AKFRJ_-multi-press21" processor1 ":buildBlockFromCfg:cfg"
   413 write null processor1 ":buildBlockFromCfg:config"

Modifications by Inline function call at BaseBuilder.mnd:237:5 (+7 instructions):
 
   421 label *label388
   422 write 200 processor1 ".graphiteSurplus"
   423 set :buildBlockFromCfgLocal:cfg "ALQIJ^-silicon-smelter20"
-    * setaddr :buildBlockFromCfgLocal*retaddr *label114 (h:*label114)
-    * call *label39 *invalid :buildBlockFromCfgLocal*retval (m:*label114) (h:*label114)
-    * label *label114
+  424 label *label389
+  425 write :buildBlockFromCfgLocal:cfg processor1 ":buildBlockFromCfg:cfg"
+  426 write null processor1 ":buildBlockFromCfg:config"
+  427 write false processor1 ":buildBlockFromCfg*finished"
+  428 write 2 processor1 "@counter"
+  429 label *label390
+  430 wait 0
+  431 read *tmp334 processor1 ":buildBlockFromCfg*finished"
+  432 jump *label390 equal *tmp334 false
+  433 read :buildBlockFromCfgLocal*retval processor1 ":buildBlockFromCfg*retval"
+  434 jump *label391 always
+  435 label *label391
   436 jump *label115 equal .scrap false
   437 set :buildBlockFromCfgLocal:cfg "AXTNJl-pulverizer34"
   438 setaddr :buildBlockFromCfgLocal*retaddr *label117 (h:*label117)

Modifications by Iterated phase, Data Flow Optimization, pass 1, iteration 1 (-1 instructions):
 
   422 write 200 processor1 ".graphiteSurplus"
   423 set :buildBlockFromCfgLocal:cfg "ALQIJ^-silicon-smelter20"
   424 label *label389
-    * write :buildBlockFromCfgLocal:cfg processor1 ":buildBlockFromCfg:cfg"
+  425 write "ALQIJ^-silicon-smelter20" processor1 ":buildBlockFromCfg:cfg"
   426 write null processor1 ":buildBlockFromCfg:config"
   427 write false processor1 ":buildBlockFromCfg*finished"
   428 write 2 processor1 "@counter"
 
   430 wait 0
   431 read *tmp334 processor1 ":buildBlockFromCfg*finished"
   432 jump *label390 equal *tmp334 false
-    * read :buildBlockFromCfgLocal*retval processor1 ":buildBlockFromCfg*retval"
   433 jump *label391 always
   434 label *label391
   435 jump *label115 equal .scrap false

Modifications by Iterated phase, Data Flow Optimization, pass 1, iteration 2 (-1 instructions):
 
   420 jump *label388 always
   421 label *label388
   422 write 200 processor1 ".graphiteSurplus"
-    * set :buildBlockFromCfgLocal:cfg "ALQIJ^-silicon-smelter20"
   423 label *label389
   424 write "ALQIJ^-silicon-smelter20" processor1 ":buildBlockFromCfg:cfg"
   425 write null processor1 ":buildBlockFromCfg:config"

Modifications by Inline function call at BaseBuilder.mnd:245:5 (+7 instructions):
 
   450 label *label115
   451 label *label116
   452 set :buildBlockFromCfgLocal:cfg "A©HFJ`-unloader22"
-    * setaddr :buildBlockFromCfgLocal*retaddr *label120 (h:*label120)
-    * call *label39 *invalid :buildBlockFromCfgLocal*retval (m:*label120) (h:*label120)
-    * label *label120
+  453 label *label392
+  454 write :buildBlockFromCfgLocal:cfg processor1 ":buildBlockFromCfg:cfg"
+  455 write null processor1 ":buildBlockFromCfg:config"
+  456 write false processor1 ":buildBlockFromCfg*finished"
+  457 write 2 processor1 "@counter"
+  458 label *label393
+  459 wait 0
+  460 read *tmp334 processor1 ":buildBlockFromCfg*finished"
+  461 jump *label393 equal *tmp334 false
+  462 read :buildBlockFromCfgLocal*retval processor1 ":buildBlockFromCfg*retval"
+  463 jump *label394 always
+  464 label *label394
   465 set :buildBlockFromCfgLocal:cfg "A{HDJa-inverted-sorter23"
   466 setaddr :buildBlockFromCfgLocal*retaddr *label121 (h:*label121)
   467 call *label39 *invalid :buildBlockFromCfgLocal*retval (m:*label121) (h:*label121)

Modifications by Iterated phase, Data Flow Optimization, pass 1, iteration 1 (-1 instructions):
 
   451 label *label116
   452 set :buildBlockFromCfgLocal:cfg "A©HFJ`-unloader22"
   453 label *label392
-    * write :buildBlockFromCfgLocal:cfg processor1 ":buildBlockFromCfg:cfg"
+  454 write "A©HFJ`-unloader22" processor1 ":buildBlockFromCfg:cfg"
   455 write null processor1 ":buildBlockFromCfg:config"
   456 write false processor1 ":buildBlockFromCfg*finished"
   457 write 2 processor1 "@counter"
 
   459 wait 0
   460 read *tmp334 processor1 ":buildBlockFromCfg*finished"
   461 jump *label393 equal *tmp334 false
-    * read :buildBlockFromCfgLocal*retval processor1 ":buildBlockFromCfg*retval"
   462 jump *label394 always
   463 label *label394
   464 set :buildBlockFromCfgLocal:cfg "A{HDJa-inverted-sorter23"

Modifications by Iterated phase, Data Flow Optimization, pass 1, iteration 2 (-1 instructions):
 
   449 jump *label119 equal *tmp228 false
   450 label *label115
   451 label *label116
-    * set :buildBlockFromCfgLocal:cfg "A©HFJ`-unloader22"
   452 label *label392
   453 write "A©HFJ`-unloader22" processor1 ":buildBlockFromCfg:cfg"
   454 write null processor1 ":buildBlockFromCfg:config"

Modifications by Inline function call at BaseBuilder.mnd:246:5 (+7 instructions):
 
   461 jump *label394 always
   462 label *label394
   463 set :buildBlockFromCfgLocal:cfg "A{HDJa-inverted-sorter23"
-    * setaddr :buildBlockFromCfgLocal*retaddr *label121 (h:*label121)
-    * call *label39 *invalid :buildBlockFromCfgLocal*retval (m:*label121) (h:*label121)
-    * label *label121
+  464 label *label395
+  465 write :buildBlockFromCfgLocal:cfg processor1 ":buildBlockFromCfg:cfg"
+  466 write null processor1 ":buildBlockFromCfg:config"
+  467 write false processor1 ":buildBlockFromCfg*finished"
+  468 write 2 processor1 "@counter"
+  469 label *label396
+  470 wait 0
+  471 read *tmp334 processor1 ":buildBlockFromCfg*finished"
+  472 jump *label396 equal *tmp334 false
+  473 read :buildBlockFromCfgLocal*retval processor1 ":buildBlockFromCfg*retval"
+  474 jump *label397 always
+  475 label *label397
   476 set :buildBlockFromCfgLocal:cfg "AÀF@Lb-additive-reconstructor24"
   477 setaddr :buildBlockFromCfgLocal*retaddr *label122 (h:*label122)
   478 call *label39 *invalid :buildBlockFromCfgLocal*retval (m:*label122) (h:*label122)

Modifications by Iterated phase, Data Flow Optimization, pass 1, iteration 1 (-1 instructions):
 
   462 label *label394
   463 set :buildBlockFromCfgLocal:cfg "A{HDJa-inverted-sorter23"
   464 label *label395
-    * write :buildBlockFromCfgLocal:cfg processor1 ":buildBlockFromCfg:cfg"
+  465 write "A{HDJa-inverted-sorter23" processor1 ":buildBlockFromCfg:cfg"
   466 write null processor1 ":buildBlockFromCfg:config"
   467 write false processor1 ":buildBlockFromCfg*finished"
   468 write 2 processor1 "@counter"
 
   470 wait 0
   471 read *tmp334 processor1 ":buildBlockFromCfg*finished"
   472 jump *label396 equal *tmp334 false
-    * read :buildBlockFromCfgLocal*retval processor1 ":buildBlockFromCfg*retval"
   473 jump *label397 always
   474 label *label397
   475 set :buildBlockFromCfgLocal:cfg "AÀF@Lb-additive-reconstructor24"

Modifications by Iterated phase, Data Flow Optimization, pass 1, iteration 2 (-1 instructions):
 
   460 jump *label393 equal *tmp334 false
   461 jump *label394 always
   462 label *label394
-    * set :buildBlockFromCfgLocal:cfg "A{HDJa-inverted-sorter23"
   463 label *label395
   464 write "A{HDJa-inverted-sorter23" processor1 ":buildBlockFromCfg:cfg"
   465 write null processor1 ":buildBlockFromCfg:config"

Modifications by Inline function call at BaseBuilder.mnd:247:5 (+7 instructions):
 
   472 jump *label397 always
   473 label *label397
   474 set :buildBlockFromCfgLocal:cfg "AÀF@Lb-additive-reconstructor24"
-    * setaddr :buildBlockFromCfgLocal*retaddr *label122 (h:*label122)
-    * call *label39 *invalid :buildBlockFromCfgLocal*retval (m:*label122) (h:*label122)
-    * label *label122
+  475 label *label398
+  476 write :buildBlockFromCfgLocal:cfg processor1 ":buildBlockFromCfg:cfg"
+  477 write null processor1 ":buildBlockFromCfg:config"
+  478 write false processor1 ":buildBlockFromCfg*finished"
+  479 write 2 processor1 "@counter"
+  480 label *label399
+  481 wait 0
+  482 read *tmp334 processor1 ":buildBlockFromCfg*finished"
+  483 jump *label399 equal *tmp334 false
+  484 read :buildBlockFromCfgLocal*retval processor1 ":buildBlockFromCfg*retval"
+  485 jump *label400 always
+  486 label *label400
   487 write 1000 processor1 ".siliconSurplus"
   488 write 20 processor1 ".siliconMonoSurplus"
   489 write 100 processor1 ".metaglassSurplus"

Modifications by Iterated phase, Data Flow Optimization, pass 1, iteration 1 (-1 instructions):
 
   473 label *label397
   474 set :buildBlockFromCfgLocal:cfg "AÀF@Lb-additive-reconstructor24"
   475 label *label398
-    * write :buildBlockFromCfgLocal:cfg processor1 ":buildBlockFromCfg:cfg"
+  476 write "AÀF@Lb-additive-reconstructor24" processor1 ":buildBlockFromCfg:cfg"
   477 write null processor1 ":buildBlockFromCfg:config"
   478 write false processor1 ":buildBlockFromCfg*finished"
   479 write 2 processor1 "@counter"
 
   481 wait 0
   482 read *tmp334 processor1 ":buildBlockFromCfg*finished"
   483 jump *label399 equal *tmp334 false
-    * read :buildBlockFromCfgLocal*retval processor1 ":buildBlockFromCfg*retval"
   484 jump *label400 always
   485 label *label400
   486 write 1000 processor1 ".siliconSurplus"

Modifications by Iterated phase, Data Flow Optimization, pass 1, iteration 2 (-1 instructions):
 
   471 jump *label396 equal *tmp334 false
   472 jump *label397 always
   473 label *label397
-    * set :buildBlockFromCfgLocal:cfg "AÀF@Lb-additive-reconstructor24"
   474 label *label398
   475 write "AÀF@Lb-additive-reconstructor24" processor1 ":buildBlockFromCfg:cfg"
   476 write null processor1 ":buildBlockFromCfg:config"

Modifications by Inline function call at BaseBuilder.mnd:292:5 (+7 instructions):
 
   736 write 120 processor1 ".siliconMonoSurplus"
   737 write 0 processor1 ".leadSurplus"
   738 set :buildBlockFromCfgLocal:cfg "AÁNBJc-multiplicative-reconstructor25"
-    * setaddr :buildBlockFromCfgLocal*retaddr *label160 (h:*label160)
-    * call *label39 *invalid :buildBlockFromCfgLocal*retval (m:*label160) (h:*label160)
-    * label *label160
+  739 label *label401
+  740 write :buildBlockFromCfgLocal:cfg processor1 ":buildBlockFromCfg:cfg"
+  741 write null processor1 ":buildBlockFromCfg:config"
+  742 write false processor1 ":buildBlockFromCfg*finished"
+  743 write 2 processor1 "@counter"
+  744 label *label402
+  745 wait 0
+  746 read *tmp334 processor1 ":buildBlockFromCfg*finished"
+  747 jump *label402 equal *tmp334 false
+  748 read :buildBlockFromCfgLocal*retval processor1 ":buildBlockFromCfg*retval"
+  749 jump *label403 always
+  750 label *label403
   751 write 10 processor1 ".metaglassSurplus"
   752 write 0 AÕFFJS-micro-processor9 ".polyTarget"
   753 label *label161

Modifications by Iterated phase, Data Flow Optimization, pass 1, iteration 1 (-1 instructions):
 
   737 write 0 processor1 ".leadSurplus"
   738 set :buildBlockFromCfgLocal:cfg "AÁNBJc-multiplicative-reconstructor25"
   739 label *label401
-    * write :buildBlockFromCfgLocal:cfg processor1 ":buildBlockFromCfg:cfg"
+  740 write "AÁNBJc-multiplicative-reconstructor25" processor1 ":buildBlockFromCfg:cfg"
   741 write null processor1 ":buildBlockFromCfg:config"
   742 write false processor1 ":buildBlockFromCfg*finished"
   743 write 2 processor1 "@counter"
 
   745 wait 0
   746 read *tmp334 processor1 ":buildBlockFromCfg*finished"
   747 jump *label402 equal *tmp334 false
-    * read :buildBlockFromCfgLocal*retval processor1 ":buildBlockFromCfg*retval"
   748 jump *label403 always
   749 label *label403
   750 write 10 processor1 ".metaglassSurplus"

Modifications by Iterated phase, Data Flow Optimization, pass 1, iteration 2 (-1 instructions):
 
   735 write 3209 AÕFFJS-micro-processor9 ".powerTarget"
   736 write 120 processor1 ".siliconMonoSurplus"
   737 write 0 processor1 ".leadSurplus"
-    * set :buildBlockFromCfgLocal:cfg "AÁNBJc-multiplicative-reconstructor25"
   738 label *label401
   739 write "AÁNBJc-multiplicative-reconstructor25" processor1 ":buildBlockFromCfg:cfg"
   740 write null processor1 ":buildBlockFromCfg:config"

Modifications by Inline function 'buildUnits' defined at BaseBuilder.mnd:125:1 (+30 instructions):
 
   322 write 30 AÕFFJS-micro-processor9 ".kilnTarget"
   323 write 20 processor1 ".siliconSurplus"
   324 write 2 processor1 ".leadSurplus"
-    * setaddr :buildUnits*retaddr *label100 (h:*label100)
-    * call *label40 *invalid :buildUnits*retval (m:*label100) (h:*label100)
-    * label *label100
+  325 label *label404
+  326 write 0 processor1 ":meetTarget:block"
+  327 write 0 processor1 ":meetTarget:copper"
+  328 write 0 processor1 ":meetTarget:lead"
+  329 write 0 processor1 ":meetTarget:graphite"
+  330 write 0 processor1 ":meetTarget:silicon"
+  331 write 0 processor1 ":meetTarget:titanium"
+  332 write 0 processor1 ":meetTarget:metaglass"
+  333 write 0 processor1 ":meetTarget:thorium"
+  334 write false processor1 ":meetTarget:forBuild"
+  335 write true processor1 ":meetTarget:isNoTarget"
+  336 write false processor1 ":meetTarget*finished"
+  337 write 6 processor1 "@counter"
+  338 label *label405
+  339 wait 0
+  340 read *tmp347 processor1 ":meetTarget*finished"
+  341 jump *label405 equal *tmp347 false
+  342 write 0 processor2 ".totalTargets"
+  343 write null processor2 ".nextBlock"
+  344 write 0 AÕFFJS-micro-processor9 ".siliconReserve"
+  345 write 0 AÕFFJS-micro-processor9 ".graphiteReserve"
+  346 label *label406
   347 label *label101
   348 write false processor1 ":supplyBase*finished"
   349 write 8 processor1 "@counter"
 
   508 label *label123
   509 write 3 AÕFFJS-micro-processor9 ".polyTarget"
   510 label *label124
-    * setaddr :buildUnits*retaddr *label125 (h:*label125)
-    * call *label40 *invalid :buildUnits*retval (m:*label125) (h:*label125)
-    * label *label125
+  511 label *label407
+  512 write 0 processor1 ":meetTarget:block"
+  513 write 0 processor1 ":meetTarget:copper"
+  514 write 0 processor1 ":meetTarget:lead"
+  515 write 0 processor1 ":meetTarget:graphite"
+  516 write 0 processor1 ":meetTarget:silicon"
+  517 write 0 processor1 ":meetTarget:titanium"
+  518 write 0 processor1 ":meetTarget:metaglass"
+  519 write 0 processor1 ":meetTarget:thorium"
+  520 write false processor1 ":meetTarget:forBuild"
+  521 write true processor1 ":meetTarget:isNoTarget"
+  522 write false processor1 ":meetTarget*finished"
+  523 write 6 processor1 "@counter"
+  524 label *label408
+  525 wait 0
+  526 read *tmp347 processor1 ":meetTarget*finished"
+  527 jump *label408 equal *tmp347 false
+  528 write 0 processor2 ".totalTargets"
+  529 write null processor2 ".nextBlock"
+  530 write 0 AÕFFJS-micro-processor9 ".siliconReserve"
+  531 write 0 AÕFFJS-micro-processor9 ".graphiteReserve"
+  532 label *label409
   533 label *label126
   534 read *tmp233 AÕFFJS-micro-processor9 ".polys"
   535 jump *label128 greaterThanEq *tmp233 2
 
   791 label *label162
   792 write 1 AÕFFJS-micro-processor9 ".megaTarget"
   793 label *label163
-    * setaddr :buildUnits*retaddr *label164 (h:*label164)
-    * call *label40 *invalid :buildUnits*retval (m:*label164) (h:*label164)
-    * label *label164
+  794 label *label410
+  795 write 0 processor1 ":meetTarget:block"
+  796 write 0 processor1 ":meetTarget:copper"
+  797 write 0 processor1 ":meetTarget:lead"
+  798 write 0 processor1 ":meetTarget:graphite"
+  799 write 0 processor1 ":meetTarget:silicon"
+  800 write 0 processor1 ":meetTarget:titanium"
+  801 write 0 processor1 ":meetTarget:metaglass"
+  802 write 0 processor1 ":meetTarget:thorium"
+  803 write false processor1 ":meetTarget:forBuild"
+  804 write true processor1 ":meetTarget:isNoTarget"
+  805 write false processor1 ":meetTarget*finished"
+  806 write 6 processor1 "@counter"
+  807 label *label411
+  808 wait 0
+  809 read *tmp347 processor1 ":meetTarget*finished"
+  810 jump *label411 equal *tmp347 false
+  811 write 0 processor2 ".totalTargets"
+  812 write null processor2 ".nextBlock"
+  813 write 0 AÕFFJS-micro-processor9 ".siliconReserve"
+  814 write 0 AÕFFJS-micro-processor9 ".graphiteReserve"
+  815 label *label412
   816 read *tmp310 AÕFFJS-micro-processor9 ".polys"
   817 op sub :tmp *tmp310 1
   818 write :tmp AÕFFJS-micro-processor9 ".polyTarget"
 
   992 label *label182
   993 return :buildBlockFromCfgLocal*retaddr
   994 end
-    * label *label40
-    * write 0 processor1 ":meetTarget:block"
-    * write 0 processor1 ":meetTarget:copper"
-    * write 0 processor1 ":meetTarget:lead"
-    * write 0 processor1 ":meetTarget:graphite"
-    * write 0 processor1 ":meetTarget:silicon"
-    * write 0 processor1 ":meetTarget:titanium"
-    * write 0 processor1 ":meetTarget:metaglass"
-    * write 0 processor1 ":meetTarget:thorium"
-    * write false processor1 ":meetTarget:forBuild"
-    * write true processor1 ":meetTarget:isNoTarget"
-    * write false processor1 ":meetTarget*finished"
-    * write 6 processor1 "@counter"
-    * label *label185
-    * wait 0
-    * read *tmp347 processor1 ":meetTarget*finished"
-    * jump *label185 equal *tmp347 false
-    * write 0 processor2 ".totalTargets"
-    * write null processor2 ".nextBlock"
-    * write 0 AÕFFJS-micro-processor9 ".siliconReserve"
-    * write 0 AÕFFJS-micro-processor9 ".graphiteReserve"
-    * label *label184
-    * return :buildUnits*retaddr
-    * end
   995 label *label37
   996 set .ERROR :error:error
   997 stop

Modifications by Inline function 'buildBlockFromCfgLocal' defined at BaseBuilder.mnd:62:1 (+59 instructions):
 
    74 set .sandContainer .core
    75 jump *label56 equal .scrap false
    76 set :buildBlockFromCfgLocal:cfg "AXPRJd-pulverizer26"
-    * setaddr :buildBlockFromCfgLocal*retaddr *label58 (h:*label58)
-    * call *label39 *invalid :buildBlockFromCfgLocal*retval (m:*label58) (h:*label58)
-    * label *label58
+   77 label *label413
+   78 write :buildBlockFromCfgLocal:cfg processor1 ":buildBlockFromCfg:cfg"
+   79 write null processor1 ":buildBlockFromCfg:config"
+   80 write false processor1 ":buildBlockFromCfg*finished"
+   81 write 2 processor1 "@counter"
+   82 label *label414
+   83 wait 0
+   84 read *tmp334 processor1 ":buildBlockFromCfg*finished"
+   85 jump *label414 equal *tmp334 false
+   86 read :buildBlockFromCfgLocal*retval processor1 ":buildBlockFromCfg*retval"
+   87 jump *label415 always
+   88 label *label415
    89 set .sandContainer :buildBlockFromCfgLocal*retval
    90 write :buildBlockFromCfgLocal*retval processor1 ".sandContainer"
    91 set :buildBlockFromCfgLocal:cfg "A~PPJe-overflow-gate27"
-    * setaddr :buildBlockFromCfgLocal*retaddr *label59 (h:*label59)
-    * call *label39 *invalid :buildBlockFromCfgLocal*retval (m:*label59) (h:*label59)
-    * label *label59
+   92 label *label416
+   93 write :buildBlockFromCfgLocal:cfg processor1 ":buildBlockFromCfg:cfg"
+   94 write null processor1 ":buildBlockFromCfg:config"
+   95 write false processor1 ":buildBlockFromCfg*finished"
+   96 write 2 processor1 "@counter"
+   97 label *label417
+   98 wait 0
+   99 read *tmp334 processor1 ":buildBlockFromCfg*finished"
+  100 jump *label417 equal *tmp334 false
+  101 read :buildBlockFromCfgLocal*retval processor1 ":buildBlockFromCfg*retval"
+  102 jump *label418 always
+  103 label *label418
   104 set :buildBlockFromCfgLocal:cfg "APTJf-power-node28"
-    * setaddr :buildBlockFromCfgLocal*retaddr *label60 (h:*label60)
-    * call *label39 *invalid :buildBlockFromCfgLocal*retval (m:*label60) (h:*label60)
-    * label *label60
+  105 label *label419
+  106 write :buildBlockFromCfgLocal:cfg processor1 ":buildBlockFromCfg:cfg"
+  107 write null processor1 ":buildBlockFromCfg:config"
+  108 write false processor1 ":buildBlockFromCfg*finished"
+  109 write 2 processor1 "@counter"
+  110 label *label420
+  111 wait 0
+  112 read *tmp334 processor1 ":buildBlockFromCfg*finished"
+  113 jump *label420 equal *tmp334 false
+  114 read :buildBlockFromCfgLocal*retval processor1 ":buildBlockFromCfg*retval"
+  115 jump *label421 always
+  116 label *label421
   117 label *label56
   118 label *label57
   119 label *label341
 
   183 write *tmp162 processor1 ".titaniumDrill"
   184 jump *label69 equal .scrap false
   185 set :buildBlockFromCfgLocal:cfg "A©RPJg-unloader29"
-    * setaddr :buildBlockFromCfgLocal*retaddr *label71 (h:*label71)
-    * call *label39 *invalid :buildBlockFromCfgLocal*retval (m:*label71) (h:*label71)
-    * label *label71
+  186 label *label422
+  187 write :buildBlockFromCfgLocal:cfg processor1 ":buildBlockFromCfg:cfg"
+  188 write null processor1 ":buildBlockFromCfg:config"
+  189 write false processor1 ":buildBlockFromCfg*finished"
+  190 write 2 processor1 "@counter"
+  191 label *label423
+  192 wait 0
+  193 read *tmp334 processor1 ":buildBlockFromCfg*finished"
+  194 jump *label423 equal *tmp334 false
+  195 read :buildBlockFromCfgLocal*retval processor1 ":buildBlockFromCfg*retval"
+  196 jump *label424 always
+  197 label *label424
   198 set :buildBlockFromCfgLocal:cfg "A¨SSJh-container30"
-    * setaddr :buildBlockFromCfgLocal*retaddr *label72 (h:*label72)
-    * call *label39 *invalid :buildBlockFromCfgLocal*retval (m:*label72) (h:*label72)
-    * label *label72
+  199 label *label425
+  200 write :buildBlockFromCfgLocal:cfg processor1 ":buildBlockFromCfg:cfg"
+  201 write null processor1 ":buildBlockFromCfg:config"
+  202 write false processor1 ":buildBlockFromCfg*finished"
+  203 write 2 processor1 "@counter"
+  204 label *label426
+  205 wait 0
+  206 read *tmp334 processor1 ":buildBlockFromCfg*finished"
+  207 jump *label426 equal *tmp334 false
+  208 read :buildBlockFromCfgLocal*retval processor1 ":buildBlockFromCfg*retval"
+  209 jump *label427 always
+  210 label *label427
   211 set .sandContainer :buildBlockFromCfgLocal*retval
   212 write :buildBlockFromCfgLocal*retval processor1 ".sandContainer"
   213 set :buildBlockFromCfgLocal:cfg "AXTPJi-pulverizer31"
-    * setaddr :buildBlockFromCfgLocal*retaddr *label73 (h:*label73)
-    * call *label39 *invalid :buildBlockFromCfgLocal*retval (m:*label73) (h:*label73)
-    * label *label73
+  214 label *label428
+  215 write :buildBlockFromCfgLocal:cfg processor1 ":buildBlockFromCfg:cfg"
+  216 write null processor1 ":buildBlockFromCfg:config"
+  217 write false processor1 ":buildBlockFromCfg*finished"
+  218 write 2 processor1 "@counter"
+  219 label *label429
+  220 wait 0
+  221 read *tmp334 processor1 ":buildBlockFromCfg*finished"
+  222 jump *label429 equal *tmp334 false
+  223 read :buildBlockFromCfgLocal*retval processor1 ":buildBlockFromCfg*retval"
+  224 jump *label430 always
+  225 label *label430
   226 set :buildBlockFromCfgLocal:cfg "A~RNJj-overflow-gate32"
-    * setaddr :buildBlockFromCfgLocal*retaddr *label74 (h:*label74)
-    * call *label39 *invalid :buildBlockFromCfgLocal*retval (m:*label74) (h:*label74)
-    * label *label74
+  227 label *label431
+  228 write :buildBlockFromCfgLocal:cfg processor1 ":buildBlockFromCfg:cfg"
+  229 write null processor1 ":buildBlockFromCfg:config"
+  230 write false processor1 ":buildBlockFromCfg*finished"
+  231 write 2 processor1 "@counter"
+  232 label *label432
+  233 wait 0
+  234 read *tmp334 processor1 ":buildBlockFromCfg*finished"
+  235 jump *label432 equal *tmp334 false
+  236 read :buildBlockFromCfgLocal*retval processor1 ":buildBlockFromCfg*retval"
+  237 jump *label433 always
+  238 label *label433
   239 set :buildBlockFromCfgLocal:cfg "A~RLJk-overflow-gate33"
-    * setaddr :buildBlockFromCfgLocal*retaddr *label75 (h:*label75)
-    * call *label39 *invalid :buildBlockFromCfgLocal*retval (m:*label75) (h:*label75)
-    * label *label75
+  240 label *label434
+  241 write :buildBlockFromCfgLocal:cfg processor1 ":buildBlockFromCfg:cfg"
+  242 write null processor1 ":buildBlockFromCfg:config"
+  243 write false processor1 ":buildBlockFromCfg*finished"
+  244 write 2 processor1 "@counter"
+  245 label *label435
+  246 wait 0
+  247 read *tmp334 processor1 ":buildBlockFromCfg*finished"
+  248 jump *label435 equal *tmp334 false
+  249 read :buildBlockFromCfgLocal*retval processor1 ":buildBlockFromCfg*retval"
+  250 jump *label436 always
+  251 label *label436
   252 label *label69
   253 label *label70
   254 write .sandContainer processor7 ".sandContainer"
 
   524 label *label391
   525 jump *label115 equal .scrap false
   526 set :buildBlockFromCfgLocal:cfg "AXTNJl-pulverizer34"
-    * setaddr :buildBlockFromCfgLocal*retaddr *label117 (h:*label117)
-    * call *label39 *invalid :buildBlockFromCfgLocal*retval (m:*label117) (h:*label117)
-    * label *label117
+  527 label *label437
+  528 write :buildBlockFromCfgLocal:cfg processor1 ":buildBlockFromCfg:cfg"
+  529 write null processor1 ":buildBlockFromCfg:config"
+  530 write false processor1 ":buildBlockFromCfg*finished"
+  531 write 2 processor1 "@counter"
+  532 label *label438
+  533 wait 0
+  534 read *tmp334 processor1 ":buildBlockFromCfg*finished"
+  535 jump *label438 equal *tmp334 false
+  536 read :buildBlockFromCfgLocal*retval processor1 ":buildBlockFromCfg*retval"
+  537 jump *label439 always
+  538 label *label439
   539 set :buildBlockFromCfgLocal:cfg "AXTLJm-pulverizer35"
-    * setaddr :buildBlockFromCfgLocal*retaddr *label118 (h:*label118)
-    * call *label39 *invalid :buildBlockFromCfgLocal*retval (m:*label118) (h:*label118)
-    * label *label118
+  540 label *label440
+  541 write :buildBlockFromCfgLocal:cfg processor1 ":buildBlockFromCfg:cfg"
+  542 write null processor1 ":buildBlockFromCfg:config"
+  543 write false processor1 ":buildBlockFromCfg*finished"
+  544 write 2 processor1 "@counter"
+  545 label *label441
+  546 wait 0
+  547 read *tmp334 processor1 ":buildBlockFromCfg*finished"
+  548 jump *label441 equal *tmp334 false
+  549 read :buildBlockFromCfgLocal*retval processor1 ":buildBlockFromCfg*retval"
+  550 jump *label442 always
+  551 label *label442
   552 write .sandContainer processor8 ":setScrapContainer:scrapContainer"
   553 write false processor8 ":setScrapContainer*finished"
   554 write 1 processor8 "@counter"
 
  1068 label *label168
  1069 label *label48
  1070 end
-    * label *label39
-    * write :buildBlockFromCfgLocal:cfg processor1 ":buildBlockFromCfg:cfg"
-    * write null processor1 ":buildBlockFromCfg:config"
-    * write false processor1 ":buildBlockFromCfg*finished"
-    * write 2 processor1 "@counter"
-    * label *label183
-    * wait 0
-    * read *tmp334 processor1 ":buildBlockFromCfg*finished"
-    * jump *label183 equal *tmp334 false
-    * read :buildBlockFromCfgLocal*retval processor1 ":buildBlockFromCfg*retval"
-    * jump *label182 always
-    * label *label182
-    * return :buildBlockFromCfgLocal*retaddr
-    * end
  1071 label *label37
  1072 set .ERROR :error:error
  1073 stop

Modifications by Iterated phase, Data Flow Optimization, pass 1, iteration 1 (-8 instructions):
 
    75 jump *label56 equal .scrap false
    76 set :buildBlockFromCfgLocal:cfg "AXPRJd-pulverizer26"
    77 label *label413
-    * write :buildBlockFromCfgLocal:cfg processor1 ":buildBlockFromCfg:cfg"
+   78 write "AXPRJd-pulverizer26" processor1 ":buildBlockFromCfg:cfg"
    79 write null processor1 ":buildBlockFromCfg:config"
    80 write false processor1 ":buildBlockFromCfg*finished"
    81 write 2 processor1 "@counter"
 
    90 write :buildBlockFromCfgLocal*retval processor1 ".sandContainer"
    91 set :buildBlockFromCfgLocal:cfg "A~PPJe-overflow-gate27"
    92 label *label416
-    * write :buildBlockFromCfgLocal:cfg processor1 ":buildBlockFromCfg:cfg"
+   93 write "A~PPJe-overflow-gate27" processor1 ":buildBlockFromCfg:cfg"
    94 write null processor1 ":buildBlockFromCfg:config"
    95 write false processor1 ":buildBlockFromCfg*finished"
    96 write 2 processor1 "@counter"
 
    98 wait 0
    99 read *tmp334 processor1 ":buildBlockFromCfg*finished"
   100 jump *label417 equal *tmp334 false
-    * read :buildBlockFromCfgLocal*retval processor1 ":buildBlockFromCfg*retval"
   101 jump *label418 always
   102 label *label418
   103 set :buildBlockFromCfgLocal:cfg "APTJf-power-node28"
   104 label *label419
-    * write :buildBlockFromCfgLocal:cfg processor1 ":buildBlockFromCfg:cfg"
+  105 write "APTJf-power-node28" processor1 ":buildBlockFromCfg:cfg"
   106 write null processor1 ":buildBlockFromCfg:config"
   107 write false processor1 ":buildBlockFromCfg*finished"
   108 write 2 processor1 "@counter"
 
   110 wait 0
   111 read *tmp334 processor1 ":buildBlockFromCfg*finished"
   112 jump *label420 equal *tmp334 false
-    * read :buildBlockFromCfgLocal*retval processor1 ":buildBlockFromCfg*retval"
   113 jump *label421 always
   114 label *label421
   115 label *label56
 
   182 jump *label69 equal .scrap false
   183 set :buildBlockFromCfgLocal:cfg "A©RPJg-unloader29"
   184 label *label422
-    * write :buildBlockFromCfgLocal:cfg processor1 ":buildBlockFromCfg:cfg"
+  185 write "A©RPJg-unloader29" processor1 ":buildBlockFromCfg:cfg"
   186 write null processor1 ":buildBlockFromCfg:config"
   187 write false processor1 ":buildBlockFromCfg*finished"
   188 write 2 processor1 "@counter"
 
   190 wait 0
   191 read *tmp334 processor1 ":buildBlockFromCfg*finished"
   192 jump *label423 equal *tmp334 false
-    * read :buildBlockFromCfgLocal*retval processor1 ":buildBlockFromCfg*retval"
   193 jump *label424 always
   194 label *label424
   195 set :buildBlockFromCfgLocal:cfg "A¨SSJh-container30"
   196 label *label425
-    * write :buildBlockFromCfgLocal:cfg processor1 ":buildBlockFromCfg:cfg"
+  197 write "A¨SSJh-container30" processor1 ":buildBlockFromCfg:cfg"
   198 write null processor1 ":buildBlockFromCfg:config"
   199 write false processor1 ":buildBlockFromCfg*finished"
   200 write 2 processor1 "@counter"
 
   209 write :buildBlockFromCfgLocal*retval processor1 ".sandContainer"
   210 set :buildBlockFromCfgLocal:cfg "AXTPJi-pulverizer31"
   211 label *label428
-    * write :buildBlockFromCfgLocal:cfg processor1 ":buildBlockFromCfg:cfg"
+  212 write "AXTPJi-pulverizer31" processor1 ":buildBlockFromCfg:cfg"
   213 write null processor1 ":buildBlockFromCfg:config"
   214 write false processor1 ":buildBlockFromCfg*finished"
   215 write 2 processor1 "@counter"
 
   217 wait 0
   218 read *tmp334 processor1 ":buildBlockFromCfg*finished"
   219 jump *label429 equal *tmp334 false
-    * read :buildBlockFromCfgLocal*retval processor1 ":buildBlockFromCfg*retval"
   220 jump *label430 always
   221 label *label430
   222 set :buildBlockFromCfgLocal:cfg "A~RNJj-overflow-gate32"
   223 label *label431
-    * write :buildBlockFromCfgLocal:cfg processor1 ":buildBlockFromCfg:cfg"
+  224 write "A~RNJj-overflow-gate32" processor1 ":buildBlockFromCfg:cfg"
   225 write null processor1 ":buildBlockFromCfg:config"
   226 write false processor1 ":buildBlockFromCfg*finished"
   227 write 2 processor1 "@counter"
 
   229 wait 0
   230 read *tmp334 processor1 ":buildBlockFromCfg*finished"
   231 jump *label432 equal *tmp334 false
-    * read :buildBlockFromCfgLocal*retval processor1 ":buildBlockFromCfg*retval"
   232 jump *label433 always
   233 label *label433
   234 set :buildBlockFromCfgLocal:cfg "A~RLJk-overflow-gate33"
   235 label *label434
-    * write :buildBlockFromCfgLocal:cfg processor1 ":buildBlockFromCfg:cfg"
+  236 write "A~RLJk-overflow-gate33" processor1 ":buildBlockFromCfg:cfg"
   237 write null processor1 ":buildBlockFromCfg:config"
   238 write false processor1 ":buildBlockFromCfg*finished"
   239 write 2 processor1 "@counter"
 
   241 wait 0
   242 read *tmp334 processor1 ":buildBlockFromCfg*finished"
   243 jump *label435 equal *tmp334 false
-    * read :buildBlockFromCfgLocal*retval processor1 ":buildBlockFromCfg*retval"
   244 jump *label436 always
   245 label *label436
   246 label *label69
 
   519 jump *label115 equal .scrap false
   520 set :buildBlockFromCfgLocal:cfg "AXTNJl-pulverizer34"
   521 label *label437
-    * write :buildBlockFromCfgLocal:cfg processor1 ":buildBlockFromCfg:cfg"
+  522 write "AXTNJl-pulverizer34" processor1 ":buildBlockFromCfg:cfg"
   523 write null processor1 ":buildBlockFromCfg:config"
   524 write false processor1 ":buildBlockFromCfg*finished"
   525 write 2 processor1 "@counter"
 
   527 wait 0
   528 read *tmp334 processor1 ":buildBlockFromCfg*finished"
   529 jump *label438 equal *tmp334 false
-    * read :buildBlockFromCfgLocal*retval processor1 ":buildBlockFromCfg*retval"
   530 jump *label439 always
   531 label *label439
   532 set :buildBlockFromCfgLocal:cfg "AXTLJm-pulverizer35"
   533 label *label440
-    * write :buildBlockFromCfgLocal:cfg processor1 ":buildBlockFromCfg:cfg"
+  534 write "AXTLJm-pulverizer35" processor1 ":buildBlockFromCfg:cfg"
   535 write null processor1 ":buildBlockFromCfg:config"
   536 write false processor1 ":buildBlockFromCfg*finished"
   537 write 2 processor1 "@counter"
 
   539 wait 0
   540 read *tmp334 processor1 ":buildBlockFromCfg*finished"
   541 jump *label441 equal *tmp334 false
-    * read :buildBlockFromCfgLocal*retval processor1 ":buildBlockFromCfg*retval"
   542 jump *label442 always
   543 label *label442
   544 write .sandContainer processor8 ":setScrapContainer:scrapContainer"

Modifications by Iterated phase, Data Flow Optimization, pass 1, iteration 2 (-10 instructions):
 
    73 write 400 processor1 ".powerTarget"
    74 set .sandContainer .core
    75 jump *label56 equal .scrap false
-    * set :buildBlockFromCfgLocal:cfg "AXPRJd-pulverizer26"
    76 label *label413
    77 write "AXPRJd-pulverizer26" processor1 ":buildBlockFromCfg:cfg"
    78 write null processor1 ":buildBlockFromCfg:config"
 
    87 label *label415
    88 set .sandContainer :buildBlockFromCfgLocal*retval
    89 write :buildBlockFromCfgLocal*retval processor1 ".sandContainer"
-    * set :buildBlockFromCfgLocal:cfg "A~PPJe-overflow-gate27"
    90 label *label416
    91 write "A~PPJe-overflow-gate27" processor1 ":buildBlockFromCfg:cfg"
    92 write null processor1 ":buildBlockFromCfg:config"
 
    98 jump *label417 equal *tmp334 false
    99 jump *label418 always
   100 label *label418
-    * set :buildBlockFromCfgLocal:cfg "APTJf-power-node28"
   101 label *label419
   102 write "APTJf-power-node28" processor1 ":buildBlockFromCfg:cfg"
   103 write null processor1 ":buildBlockFromCfg:config"
 
   177 write *tmp162 processor2 ".titaniumDrill"
   178 write *tmp162 processor1 ".titaniumDrill"
   179 jump *label69 equal .scrap false
-    * set :buildBlockFromCfgLocal:cfg "A©RPJg-unloader29"
   180 label *label422
   181 write "A©RPJg-unloader29" processor1 ":buildBlockFromCfg:cfg"
   182 write null processor1 ":buildBlockFromCfg:config"
 
   188 jump *label423 equal *tmp334 false
   189 jump *label424 always
   190 label *label424
-    * set :buildBlockFromCfgLocal:cfg "A¨SSJh-container30"
   191 label *label425
   192 write "A¨SSJh-container30" processor1 ":buildBlockFromCfg:cfg"
   193 write null processor1 ":buildBlockFromCfg:config"
 
   202 label *label427
   203 set .sandContainer :buildBlockFromCfgLocal*retval
   204 write :buildBlockFromCfgLocal*retval processor1 ".sandContainer"
-    * set :buildBlockFromCfgLocal:cfg "AXTPJi-pulverizer31"
   205 label *label428
   206 write "AXTPJi-pulverizer31" processor1 ":buildBlockFromCfg:cfg"
   207 write null processor1 ":buildBlockFromCfg:config"
 
   213 jump *label429 equal *tmp334 false
   214 jump *label430 always
   215 label *label430
-    * set :buildBlockFromCfgLocal:cfg "A~RNJj-overflow-gate32"
   216 label *label431
   217 write "A~RNJj-overflow-gate32" processor1 ":buildBlockFromCfg:cfg"
   218 write null processor1 ":buildBlockFromCfg:config"
 
   224 jump *label432 equal *tmp334 false
   225 jump *label433 always
   226 label *label433
-    * set :buildBlockFromCfgLocal:cfg "A~RLJk-overflow-gate33"
   227 label *label434
   228 write "A~RLJk-overflow-gate33" processor1 ":buildBlockFromCfg:cfg"
   229 write null processor1 ":buildBlockFromCfg:config"
 
   509 jump *label391 always
   510 label *label391
   511 jump *label115 equal .scrap false
-    * set :buildBlockFromCfgLocal:cfg "AXTNJl-pulverizer34"
   512 label *label437
   513 write "AXTNJl-pulverizer34" processor1 ":buildBlockFromCfg:cfg"
   514 write null processor1 ":buildBlockFromCfg:config"
 
   520 jump *label438 equal *tmp334 false
   521 jump *label439 always
   522 label *label439
-    * set :buildBlockFromCfgLocal:cfg "AXTLJm-pulverizer35"
   523 label *label440
   524 write "AXTLJm-pulverizer35" processor1 ":buildBlockFromCfg:cfg"
   525 write null processor1 ":buildBlockFromCfg:config"

Modifications by Iterated phase, Single Step Elimination, pass 2, iteration 1 (-36 instructions):
 
    35 wait 0
    36 read *tmp334 processor1 ":buildBlockFromCfg*finished"
    37 jump *label330 equal *tmp334 false
-    * jump *label331 always
    38 label *label331
    39 label *label332
    40 write "AJTJK-battery1" processor1 ":buildBlockFromCfg:cfg"
 
    45 wait 0
    46 read *tmp334 processor1 ":buildBlockFromCfg*finished"
    47 jump *label333 equal *tmp334 false
-    * jump *label334 always
    48 label *label334
    49 label *label335
    50 write "ALTJL-battery2" processor1 ":buildBlockFromCfg:cfg"
 
    55 wait 0
    56 read *tmp334 processor1 ":buildBlockFromCfg*finished"
    57 jump *label336 equal *tmp334 false
-    * jump *label337 always
    58 label *label337
    59 label *label338
    60 write "AJRJM-combustion-generator3" processor1 ":buildBlockFromCfg:cfg"
 
    65 wait 0
    66 read *tmp334 processor1 ":buildBlockFromCfg*finished"
    67 jump *label339 equal *tmp334 false
-    * jump *label340 always
    68 label *label340
    69 write 400 processor1 ".powerTarget"
    70 set .sandContainer .core
 
    79 read *tmp334 processor1 ":buildBlockFromCfg*finished"
    80 jump *label414 equal *tmp334 false
    81 read :buildBlockFromCfgLocal*retval processor1 ":buildBlockFromCfg*retval"
-    * jump *label415 always
    82 label *label415
    83 set .sandContainer :buildBlockFromCfgLocal*retval
    84 write :buildBlockFromCfgLocal*retval processor1 ".sandContainer"
 
    91 wait 0
    92 read *tmp334 processor1 ":buildBlockFromCfg*finished"
    93 jump *label417 equal *tmp334 false
-    * jump *label418 always
    94 label *label418
    95 label *label419
    96 write "APTJf-power-node28" processor1 ":buildBlockFromCfg:cfg"
 
   101 wait 0
   102 read *tmp334 processor1 ":buildBlockFromCfg*finished"
   103 jump *label420 equal *tmp334 false
-    * jump *label421 always
   104 label *label421
   105 label *label56
   106 label *label57
 
   113 wait 0
   114 read *tmp334 processor1 ":buildBlockFromCfg*finished"
   115 jump *label342 equal *tmp334 false
-    * jump *label343 always
   116 label *label343
   117 label *label344
   118 write "A{LNJO-inverted-sorter5" processor1 ":buildBlockFromCfg:cfg"
 
   123 wait 0
   124 read *tmp334 processor1 ":buildBlockFromCfg*finished"
   125 jump *label345 equal *tmp334 false
-    * jump *label346 always
   126 label *label346
   127 write "AJJJ~-pneumatic-drill52" processor1 ":meetTargetCfg:cfg"
   128 write false processor1 ":meetTargetCfg:forBuild"
 
   163 read *tmp185 processor1 ":buildFirstTitaniumDrillAt*finished"
   164 jump *label68 equal *tmp185 false
   165 read *tmp162 processor1 ":buildFirstTitaniumDrillAt*retval"
-    * jump *label63 always
   166 label *label63
   167 write *tmp162 processor2 ".titaniumDrill"
   168 write *tmp162 processor1 ".titaniumDrill"
 
   176 wait 0
   177 read *tmp334 processor1 ":buildBlockFromCfg*finished"
   178 jump *label423 equal *tmp334 false
-    * jump *label424 always
   179 label *label424
   180 label *label425
   181 write "A¨SSJh-container30" processor1 ":buildBlockFromCfg:cfg"
 
   187 read *tmp334 processor1 ":buildBlockFromCfg*finished"
   188 jump *label426 equal *tmp334 false
   189 read :buildBlockFromCfgLocal*retval processor1 ":buildBlockFromCfg*retval"
-    * jump *label427 always
   190 label *label427
   191 set .sandContainer :buildBlockFromCfgLocal*retval
   192 write :buildBlockFromCfgLocal*retval processor1 ".sandContainer"
 
   199 wait 0
   200 read *tmp334 processor1 ":buildBlockFromCfg*finished"
   201 jump *label429 equal *tmp334 false
-    * jump *label430 always
   202 label *label430
   203 label *label431
   204 write "A~RNJj-overflow-gate32" processor1 ":buildBlockFromCfg:cfg"
 
   209 wait 0
   210 read *tmp334 processor1 ":buildBlockFromCfg*finished"
   211 jump *label432 equal *tmp334 false
-    * jump *label433 always
   212 label *label433
   213 label *label434
   214 write "A~RLJk-overflow-gate33" processor1 ":buildBlockFromCfg:cfg"
 
   219 wait 0
   220 read *tmp334 processor1 ":buildBlockFromCfg*finished"
   221 jump *label435 equal *tmp334 false
-    * jump *label436 always
   222 label *label436
   223 label *label69
   224 label *label70
 
   232 wait 0
   233 read *tmp334 processor1 ":buildBlockFromCfg*finished"
   234 jump *label348 equal *tmp334 false
-    * jump *label349 always
   235 label *label349
   236 label *label350
   237 write "A\u007fJPJR-underflow-gate8" processor1 ":buildBlockFromCfg:cfg"
 
   242 wait 0
   243 read *tmp334 processor1 ":buildBlockFromCfg*finished"
   244 jump *label351 equal *tmp334 false
-    * jump *label352 always
   245 label *label352
   246 label *label353
   247 write "A©JNJP-unloader6" processor1 ":buildBlockFromCfg:cfg"
 
   252 wait 0
   253 read *tmp334 processor1 ":buildBlockFromCfg*finished"
   254 jump *label354 equal *tmp334 false
-    * jump *label355 always
   255 label *label355
   256 write 80 processor1 ".graphiteSurplus"
   257 write "AÕFFJS-micro-processor9" processor1 ":buildBlockFromCfg:cfg"
 
   318 wait 0
   319 read *tmp334 processor1 ":buildBlockFromCfg*finished"
   320 jump *label357 equal *tmp334 false
-    * jump *label358 always
   321 label *label358
   322 label *label359
   323 write "A©FJJU-unloader11" processor1 ":buildBlockFromCfg:cfg"
 
   328 wait 0
   329 read *tmp334 processor1 ":buildBlockFromCfg*finished"
   330 jump *label360 equal *tmp334 false
-    * jump *label361 always
   331 label *label361
   332 label *label362
   333 write "A~DJJV-overflow-gate12" processor1 ":buildBlockFromCfg:cfg"
 
   338 wait 0
   339 read *tmp334 processor1 ":buildBlockFromCfg*finished"
   340 jump *label363 equal *tmp334 false
-    * jump *label364 always
   341 label *label364
   342 label *label365
   343 write "A¾BFLW-air-factory13" processor1 ":buildBlockFromCfg:cfg"
 
   348 wait 0
   349 read *tmp334 processor1 ":buildBlockFromCfg*finished"
   350 jump *label366 equal *tmp334 false
-    * jump *label367 always
   351 label *label367
   352 write 1 AÕFFJS-micro-processor9 ".flareTarget"
   353 label *label98
 
   406 wait 0
   407 read *tmp334 processor1 ":buildBlockFromCfg*finished"
   408 jump *label369 equal *tmp334 false
-    * jump *label370 always
   409 label *label370
   410 label *label371
   411 write "A{NJJY-inverted-sorter15" processor1 ":buildBlockFromCfg:cfg"
 
   416 wait 0
   417 read *tmp334 processor1 ":buildBlockFromCfg*finished"
   418 jump *label372 equal *tmp334 false
-    * jump *label373 always
   419 label *label373
   420 label *label374
   421 write "ANOMJZ-kiln16" processor1 ":buildBlockFromCfg:cfg"
 
   426 wait 0
   427 read *tmp334 processor1 ":buildBlockFromCfg*finished"
   428 jump *label375 equal *tmp334 false
-    * jump *label376 always
   429 label *label376
   430 label *label377
   431 write "AÜAOJ[-liquid-container17" processor1 ":buildBlockFromCfg:cfg"
 
   436 wait 0
   437 read *tmp334 processor1 ":buildBlockFromCfg*finished"
   438 jump *label378 equal *tmp334 false
-    * jump *label379 always
   439 label *label379
   440 label *label380
   441 write "A¡ASJ\\-water-extractor18" processor1 ":buildBlockFromCfg:cfg"
 
   446 wait 0
   447 read *tmp334 processor1 ":buildBlockFromCfg*finished"
   448 jump *label381 equal *tmp334 false
-    * jump *label382 always
   449 label *label382
   450 label *label383
   451 write "AAKJ]-steam-generator19" processor1 ":buildBlockFromCfg:cfg"
 
   456 wait 0
   457 read *tmp334 processor1 ":buildBlockFromCfg*finished"
   458 jump *label384 equal *tmp334 false
-    * jump *label385 always
   459 label *label385
   460 label *label386
   461 write "AKFRJ_-multi-press21" processor1 ":buildBlockFromCfg:cfg"
 
   466 wait 0
   467 read *tmp334 processor1 ":buildBlockFromCfg*finished"
   468 jump *label387 equal *tmp334 false
-    * jump *label388 always
   469 label *label388
   470 write 200 processor1 ".graphiteSurplus"
   471 label *label389
 
   477 wait 0
   478 read *tmp334 processor1 ":buildBlockFromCfg*finished"
   479 jump *label390 equal *tmp334 false
-    * jump *label391 always
   480 label *label391
   481 jump *label115 equal .scrap false
   482 label *label437
 
   488 wait 0
   489 read *tmp334 processor1 ":buildBlockFromCfg*finished"
   490 jump *label438 equal *tmp334 false
-    * jump *label439 always
   491 label *label439
   492 label *label440
   493 write "AXTLJm-pulverizer35" processor1 ":buildBlockFromCfg:cfg"
 
   498 wait 0
   499 read *tmp334 processor1 ":buildBlockFromCfg*finished"
   500 jump *label441 equal *tmp334 false
-    * jump *label442 always
   501 label *label442
   502 write .sandContainer processor8 ":setScrapContainer:scrapContainer"
   503 write false processor8 ":setScrapContainer*finished"
 
   517 wait 0
   518 read *tmp334 processor1 ":buildBlockFromCfg*finished"
   519 jump *label393 equal *tmp334 false
-    * jump *label394 always
   520 label *label394
   521 label *label395
   522 write "A{HDJa-inverted-sorter23" processor1 ":buildBlockFromCfg:cfg"
 
   527 wait 0
   528 read *tmp334 processor1 ":buildBlockFromCfg*finished"
   529 jump *label396 equal *tmp334 false
-    * jump *label397 always
   530 label *label397
   531 label *label398
   532 write "AÀF@Lb-additive-reconstructor24" processor1 ":buildBlockFromCfg:cfg"
 
   537 wait 0
   538 read *tmp334 processor1 ":buildBlockFromCfg*finished"
   539 jump *label399 equal *tmp334 false
-    * jump *label400 always
   540 label *label400
   541 write 1000 processor1 ".siliconSurplus"
   542 write 20 processor1 ".siliconMonoSurplus"
 
   819 wait 0
   820 read *tmp334 processor1 ":buildBlockFromCfg*finished"
   821 jump *label402 equal *tmp334 false
-    * jump *label403 always
   822 label *label403
   823 write 10 processor1 ".metaglassSurplus"
   824 write 0 AÕFFJS-micro-processor9 ".polyTarget"

Modifications by Iterated phase, Data Flow Optimization, pass 2, iteration 1 (-2 instructions):
 
   704 wait 0
   705 read *tmp329 processor1 ":buildRemoteBlock*finished"
   706 jump *label312 equal *tmp329 false
-    * read :buildRemoteBlockLocal*retval processor1 ":buildRemoteBlock*retval"
+  707 read .thoriumGenerator processor1 ":buildRemoteBlock*retval"
   708 label *label313
-    * set .thoriumGenerator :buildRemoteBlockLocal*retval
   709 read :buildRemoteBlockLocal:x processor3 ".node1X"
   710 read :buildRemoteBlockLocal:y processor3 ".node1Y"
   711 label *label314
 
   757 wait 0
   758 read *tmp329 processor1 ":buildRemoteBlock*finished"
   759 jump *label324 equal *tmp329 false
-    * read :buildRemoteBlockLocal*retval processor1 ":buildRemoteBlock*retval"
+  760 read .thoriumBattery processor1 ":buildRemoteBlock*retval"
   761 label *label325
-    * set .thoriumBattery :buildRemoteBlockLocal*retval
   762 read :buildRemoteBlockLocal:x processor3 ".containerX"
   763 read :buildRemoteBlockLocal:y processor3 ".containerY"
   764 label *label326

Modifications by Iterated phase, Expression Optimization, pass 2, iteration 1:
 
   268 write .core AÕFFJS-micro-processor9 ".core"
   269 write bank1 AÕFFJS-micro-processor9 ".bank"
   270 label *label201
-    * read *tmp204 @this "AJEMJJ-graphite-press0"
+  271 set *tmp204 AJEMJJ-graphite-press0
   272 write *tmp204 AÕFFJS-micro-processor9 "AJEMJJ-graphite-press0"
   273 label *label202
   274 label *label205
-    * read *tmp204 @this "AJTJK-battery1"
+  275 set *tmp204 AJTJK-battery1
   276 write *tmp204 AÕFFJS-micro-processor9 "AJTJK-battery1"
   277 label *label206
   278 label *label209
-    * read *tmp204 @this "ALTJL-battery2"
+  279 set *tmp204 ALTJL-battery2
   280 write *tmp204 AÕFFJS-micro-processor9 "ALTJL-battery2"
   281 label *label210
   282 label *label213
-    * read *tmp204 @this "AJRJM-combustion-generator3"
+  283 set *tmp204 AJRJM-combustion-generator3
   284 write *tmp204 AÕFFJS-micro-processor9 "AJRJM-combustion-generator3"
   285 label *label214
   286 label *label217
-    * read *tmp204 @this "ALMQJN-silicon-smelter4"
+  287 set *tmp204 ALMQJN-silicon-smelter4
   288 write *tmp204 AÕFFJS-micro-processor9 "ALMQJN-silicon-smelter4"
   289 label *label218
   290 label *label221
-    * read *tmp204 @this "A{LNJO-inverted-sorter5"
+  291 set *tmp204 A{LNJO-inverted-sorter5
   292 write *tmp204 AÕFFJS-micro-processor9 "A{LNJO-inverted-sorter5"
   293 label *label222
   294 label *label225
-    * read *tmp204 @this "A©JNJP-unloader6"
+  295 set *tmp204 A©JNJP-unloader6
   296 write *tmp204 AÕFFJS-micro-processor9 "A©JNJP-unloader6"
   297 label *label226
   298 label *label229
-    * read *tmp204 @this "A{HNJQ-inverted-sorter7"
+  299 set *tmp204 A{HNJQ-inverted-sorter7
   300 write *tmp204 AÕFFJS-micro-processor9 "A{HNJQ-inverted-sorter7"
   301 label *label230
   302 label *label233
-    * read *tmp204 @this "A\u007fJPJR-underflow-gate8"
+  303 set *tmp204 AJPJR-underflow-gate8
   304 write *tmp204 AÕFFJS-micro-processor9 "A\u007fJPJR-underflow-gate8"
   305 label *label234
   306 label *label237
-    * read *tmp204 @this "AÕFFJS-micro-processor9"
+  307 set *tmp204 AÕFFJS-micro-processor9
   308 write *tmp204 AÕFFJS-micro-processor9 "AÕFFJS-micro-processor9"
   309 label *label238
   310 label *label83

Modifications by Jumps phase, Unreachable Code Elimination, pass 4, iteration 1 (-5 instructions):
 
    18 ubind @poly
    19 set .builder @unit
    20 ulocate building core false @copper .coreX .coreY *tmp145 .core
-    * label *label50
    21 jump *label49 equal .core null
-    * label *label51
    22 ulocate ore core true @sand *tmp148 *tmp149 *tmp147 *tmp150
    23 op equal .scrap *tmp147 false
    24 write .scrap processor2 ".scrap"
    25 write .scrap processor1 ".scrap"
    26 write .scrap processor7 ".scrap"
-    * label *label329
    27 write "AJEMJJ-graphite-press0" processor1 ":buildBlockFromCfg:cfg"
    28 write null processor1 ":buildBlockFromCfg:config"
    29 write false processor1 ":buildBlockFromCfg*finished"
 
    32 wait 0
    33 read *tmp334 processor1 ":buildBlockFromCfg*finished"
    34 jump *label330 equal *tmp334 false
-    * label *label331
-    * label *label332
    35 write "AJTJK-battery1" processor1 ":buildBlockFromCfg:cfg"
    36 write null processor1 ":buildBlockFromCfg:config"
    37 write false processor1 ":buildBlockFromCfg*finished"
 
    40 wait 0
    41 read *tmp334 processor1 ":buildBlockFromCfg*finished"
    42 jump *label333 equal *tmp334 false
-    * label *label334
-    * label *label335
    43 write "ALTJL-battery2" processor1 ":buildBlockFromCfg:cfg"
    44 write null processor1 ":buildBlockFromCfg:config"
    45 write false processor1 ":buildBlockFromCfg*finished"
 
    48 wait 0
    49 read *tmp334 processor1 ":buildBlockFromCfg*finished"
    50 jump *label336 equal *tmp334 false
-    * label *label337
-    * label *label338
    51 write "AJRJM-combustion-generator3" processor1 ":buildBlockFromCfg:cfg"
    52 write null processor1 ":buildBlockFromCfg:config"
    53 write false processor1 ":buildBlockFromCfg*finished"
 
    56 wait 0
    57 read *tmp334 processor1 ":buildBlockFromCfg*finished"
    58 jump *label339 equal *tmp334 false
-    * label *label340
    59 write 400 processor1 ".powerTarget"
    60 set .sandContainer .core
    61 jump *label56 equal .scrap false
-    * label *label413
    62 write "AXPRJd-pulverizer26" processor1 ":buildBlockFromCfg:cfg"
    63 write null processor1 ":buildBlockFromCfg:config"
    64 write false processor1 ":buildBlockFromCfg*finished"
 
    68 read *tmp334 processor1 ":buildBlockFromCfg*finished"
    69 jump *label414 equal *tmp334 false
    70 read :buildBlockFromCfgLocal*retval processor1 ":buildBlockFromCfg*retval"
-    * label *label415
    71 set .sandContainer :buildBlockFromCfgLocal*retval
    72 write :buildBlockFromCfgLocal*retval processor1 ".sandContainer"
-    * label *label416
    73 write "A~PPJe-overflow-gate27" processor1 ":buildBlockFromCfg:cfg"
    74 write null processor1 ":buildBlockFromCfg:config"
    75 write false processor1 ":buildBlockFromCfg*finished"
 
    78 wait 0
    79 read *tmp334 processor1 ":buildBlockFromCfg*finished"
    80 jump *label417 equal *tmp334 false
-    * label *label418
-    * label *label419
    81 write "APTJf-power-node28" processor1 ":buildBlockFromCfg:cfg"
    82 write null processor1 ":buildBlockFromCfg:config"
    83 write false processor1 ":buildBlockFromCfg*finished"
 
    86 wait 0
    87 read *tmp334 processor1 ":buildBlockFromCfg*finished"
    88 jump *label420 equal *tmp334 false
-    * label *label421
    89 label *label56
-    * label *label57
-    * label *label341
    90 write "ALMQJN-silicon-smelter4" processor1 ":buildBlockFromCfg:cfg"
    91 write null processor1 ":buildBlockFromCfg:config"
    92 write false processor1 ":buildBlockFromCfg*finished"
 
    95 wait 0
    96 read *tmp334 processor1 ":buildBlockFromCfg*finished"
    97 jump *label342 equal *tmp334 false
-    * label *label343
-    * label *label344
    98 write "A{LNJO-inverted-sorter5" processor1 ":buildBlockFromCfg:cfg"
    99 write null processor1 ":buildBlockFromCfg:config"
   100 write false processor1 ":buildBlockFromCfg*finished"
 
   103 wait 0
   104 read *tmp334 processor1 ":buildBlockFromCfg*finished"
   105 jump *label345 equal *tmp334 false
-    * label *label346
   106 write "AJJJ~-pneumatic-drill52" processor1 ":meetTargetCfg:cfg"
   107 write false processor1 ":meetTargetCfg:forBuild"
   108 write false processor1 ":meetTargetCfg*finished"
 
   131 jump *label66 notEqual :buildFirstTitaniumDrill:result false
   132 error "Cannot locate spot for titanium drill"
   133 label *label66
-    * label *label67
   134 write @pneumatic-drill processor2 ".nextBlock"
   135 write :buildFirstTitaniumDrill:dx processor1 ":buildFirstTitaniumDrillAt:x"
   136 write :buildFirstTitaniumDrill:dy processor1 ":buildFirstTitaniumDrillAt:y"
 
   141 read *tmp185 processor1 ":buildFirstTitaniumDrillAt*finished"
   142 jump *label68 equal *tmp185 false
   143 read *tmp162 processor1 ":buildFirstTitaniumDrillAt*retval"
-    * label *label63
   144 write *tmp162 processor2 ".titaniumDrill"
   145 write *tmp162 processor1 ".titaniumDrill"
   146 jump *label69 equal .scrap false
-    * label *label422
   147 write "A©RPJg-unloader29" processor1 ":buildBlockFromCfg:cfg"
   148 write null processor1 ":buildBlockFromCfg:config"
   149 write false processor1 ":buildBlockFromCfg*finished"
 
   152 wait 0
   153 read *tmp334 processor1 ":buildBlockFromCfg*finished"
   154 jump *label423 equal *tmp334 false
-    * label *label424
-    * label *label425
   155 write "A¨SSJh-container30" processor1 ":buildBlockFromCfg:cfg"
   156 write null processor1 ":buildBlockFromCfg:config"
   157 write false processor1 ":buildBlockFromCfg*finished"
 
   161 read *tmp334 processor1 ":buildBlockFromCfg*finished"
   162 jump *label426 equal *tmp334 false
   163 read :buildBlockFromCfgLocal*retval processor1 ":buildBlockFromCfg*retval"
-    * label *label427
   164 set .sandContainer :buildBlockFromCfgLocal*retval
   165 write :buildBlockFromCfgLocal*retval processor1 ".sandContainer"
-    * label *label428
   166 write "AXTPJi-pulverizer31" processor1 ":buildBlockFromCfg:cfg"
   167 write null processor1 ":buildBlockFromCfg:config"
   168 write false processor1 ":buildBlockFromCfg*finished"
 
   171 wait 0
   172 read *tmp334 processor1 ":buildBlockFromCfg*finished"
   173 jump *label429 equal *tmp334 false
-    * label *label430
-    * label *label431
   174 write "A~RNJj-overflow-gate32" processor1 ":buildBlockFromCfg:cfg"
   175 write null processor1 ":buildBlockFromCfg:config"
   176 write false processor1 ":buildBlockFromCfg*finished"
 
   179 wait 0
   180 read *tmp334 processor1 ":buildBlockFromCfg*finished"
   181 jump *label432 equal *tmp334 false
-    * label *label433
-    * label *label434
   182 write "A~RLJk-overflow-gate33" processor1 ":buildBlockFromCfg:cfg"
   183 write null processor1 ":buildBlockFromCfg:config"
   184 write false processor1 ":buildBlockFromCfg*finished"
 
   187 wait 0
   188 read *tmp334 processor1 ":buildBlockFromCfg*finished"
   189 jump *label435 equal *tmp334 false
-    * label *label436
   190 label *label69
-    * label *label70
   191 write .sandContainer processor7 ".sandContainer"
-    * label *label347
   192 write "A{HNJQ-inverted-sorter7" processor1 ":buildBlockFromCfg:cfg"
   193 write null processor1 ":buildBlockFromCfg:config"
   194 write false processor1 ":buildBlockFromCfg*finished"
 
   197 wait 0
   198 read *tmp334 processor1 ":buildBlockFromCfg*finished"
   199 jump *label348 equal *tmp334 false
-    * label *label349
-    * label *label350
   200 write "A\u007fJPJR-underflow-gate8" processor1 ":buildBlockFromCfg:cfg"
   201 write null processor1 ":buildBlockFromCfg:config"
   202 write false processor1 ":buildBlockFromCfg*finished"
 
   205 wait 0
   206 read *tmp334 processor1 ":buildBlockFromCfg*finished"
   207 jump *label351 equal *tmp334 false
-    * label *label352
-    * label *label353
   208 write "A©JNJP-unloader6" processor1 ":buildBlockFromCfg:cfg"
   209 write null processor1 ":buildBlockFromCfg:config"
   210 write false processor1 ":buildBlockFromCfg*finished"
 
   213 wait 0
   214 read *tmp334 processor1 ":buildBlockFromCfg*finished"
   215 jump *label354 equal *tmp334 false
-    * label *label355
   216 write 80 processor1 ".graphiteSurplus"
   217 write "AÕFFJS-micro-processor9" processor1 ":buildBlockFromCfg:cfg"
   218 write processor4 processor1 ":buildBlockFromCfg:config"
 
   222 wait 0
   223 read *tmp200 processor1 ":buildBlockFromCfg*finished"
   224 jump *label80 equal *tmp200 false
-    * label *label79
   225 write processor9 AÕFFJS-micro-processor9 ".timer"
   226 write processor2 AÕFFJS-micro-processor9 ".displayProcessor"
   227 write .core AÕFFJS-micro-processor9 ".core"
   228 write bank1 AÕFFJS-micro-processor9 ".bank"
-    * label *label201
   229 set *tmp204 AJEMJJ-graphite-press0
   230 write *tmp204 AÕFFJS-micro-processor9 "AJEMJJ-graphite-press0"
-    * label *label202
-    * label *label205
   231 set *tmp204 AJTJK-battery1
   232 write *tmp204 AÕFFJS-micro-processor9 "AJTJK-battery1"
-    * label *label206
-    * label *label209
   233 set *tmp204 ALTJL-battery2
   234 write *tmp204 AÕFFJS-micro-processor9 "ALTJL-battery2"
-    * label *label210
-    * label *label213
   235 set *tmp204 AJRJM-combustion-generator3
   236 write *tmp204 AÕFFJS-micro-processor9 "AJRJM-combustion-generator3"
-    * label *label214
-    * label *label217
   237 set *tmp204 ALMQJN-silicon-smelter4
   238 write *tmp204 AÕFFJS-micro-processor9 "ALMQJN-silicon-smelter4"
-    * label *label218
-    * label *label221
   239 set *tmp204 A{LNJO-inverted-sorter5
   240 write *tmp204 AÕFFJS-micro-processor9 "A{LNJO-inverted-sorter5"
-    * label *label222
-    * label *label225
   241 set *tmp204 A©JNJP-unloader6
   242 write *tmp204 AÕFFJS-micro-processor9 "A©JNJP-unloader6"
-    * label *label226
-    * label *label229
   243 set *tmp204 A{HNJQ-inverted-sorter7
   244 write *tmp204 AÕFFJS-micro-processor9 "A{HNJQ-inverted-sorter7"
-    * label *label230
-    * label *label233
   245 set *tmp204 AJPJR-underflow-gate8
   246 write *tmp204 AÕFFJS-micro-processor9 "A\u007fJPJR-underflow-gate8"
-    * label *label234
-    * label *label237
   247 set *tmp204 AÕFFJS-micro-processor9
   248 write *tmp204 AÕFFJS-micro-processor9 "AÕFFJS-micro-processor9"
-    * label *label238
-    * label *label83
   249 write A©RPJg-unloader29 AÕFFJS-micro-processor9 "A©RPJg-unloader29"
-    * label *label356
   250 write "AFHJT-power-node10" processor1 ":buildBlockFromCfg:cfg"
   251 write null processor1 ":buildBlockFromCfg:config"
   252 write false processor1 ":buildBlockFromCfg*finished"
 
   255 wait 0
   256 read *tmp334 processor1 ":buildBlockFromCfg*finished"
   257 jump *label357 equal *tmp334 false
-    * label *label358
-    * label *label359
   258 write "A©FJJU-unloader11" processor1 ":buildBlockFromCfg:cfg"
   259 write null processor1 ":buildBlockFromCfg:config"
   260 write false processor1 ":buildBlockFromCfg*finished"
 
   263 wait 0
   264 read *tmp334 processor1 ":buildBlockFromCfg*finished"
   265 jump *label360 equal *tmp334 false
-    * label *label361
-    * label *label362
   266 write "A~DJJV-overflow-gate12" processor1 ":buildBlockFromCfg:cfg"
   267 write null processor1 ":buildBlockFromCfg:config"
   268 write false processor1 ":buildBlockFromCfg*finished"
 
   271 wait 0
   272 read *tmp334 processor1 ":buildBlockFromCfg*finished"
   273 jump *label363 equal *tmp334 false
-    * label *label364
-    * label *label365
   274 write "A¾BFLW-air-factory13" processor1 ":buildBlockFromCfg:cfg"
   275 write null processor1 ":buildBlockFromCfg:config"
   276 write false processor1 ":buildBlockFromCfg*finished"
 
   279 wait 0
   280 read *tmp334 processor1 ":buildBlockFromCfg*finished"
   281 jump *label366 equal *tmp334 false
-    * label *label367
   282 write 1 AÕFFJS-micro-processor9 ".flareTarget"
-    * label *label98
   283 write 5 AÕFFJS-micro-processor9 ".monoTarget"
-    * label *label99
   284 write 85 AÕFFJS-micro-processor9 ".pressTarget"
   285 write 150 AÕFFJS-micro-processor9 ".smelterTarget"
   286 write 30 AÕFFJS-micro-processor9 ".kilnTarget"
   287 write 20 processor1 ".siliconSurplus"
   288 write 2 processor1 ".leadSurplus"
-    * label *label404
   289 write 0 processor1 ":meetTarget:block"
   290 write 0 processor1 ":meetTarget:copper"
   291 write 0 processor1 ":meetTarget:lead"
 
   306 write null processor2 ".nextBlock"
   307 write 0 AÕFFJS-micro-processor9 ".siliconReserve"
   308 write 0 AÕFFJS-micro-processor9 ".graphiteReserve"
-    * label *label406
   309 label *label101
   310 write false processor1 ":supplyBase*finished"
   311 write 8 processor1 "@counter"
 
   317 jump *label105 greaterThanEq *tmp211 300
   318 jump *label103 always
   319 label *label105
-    * label *label106
-    * label *label102
   320 read *tmp215 AÕFFJS-micro-processor9 ".monos"
   321 jump *label101 lessThan *tmp215 2
   322 label *label103
   323 write 65 processor1 ".siliconSurplus"
-    * label *label368
   324 write "A©NHJX-unloader14" processor1 ":buildBlockFromCfg:cfg"
   325 write null processor1 ":buildBlockFromCfg:config"
   326 write false processor1 ":buildBlockFromCfg*finished"
 
   329 wait 0
   330 read *tmp334 processor1 ":buildBlockFromCfg*finished"
   331 jump *label369 equal *tmp334 false
-    * label *label370
-    * label *label371
   332 write "A{NJJY-inverted-sorter15" processor1 ":buildBlockFromCfg:cfg"
   333 write null processor1 ":buildBlockFromCfg:config"
   334 write false processor1 ":buildBlockFromCfg*finished"
 
   337 wait 0
   338 read *tmp334 processor1 ":buildBlockFromCfg*finished"
   339 jump *label372 equal *tmp334 false
-    * label *label373
-    * label *label374
   340 write "ANOMJZ-kiln16" processor1 ":buildBlockFromCfg:cfg"
   341 write null processor1 ":buildBlockFromCfg:config"
   342 write false processor1 ":buildBlockFromCfg*finished"
 
   345 wait 0
   346 read *tmp334 processor1 ":buildBlockFromCfg*finished"
   347 jump *label375 equal *tmp334 false
-    * label *label376
-    * label *label377
   348 write "AÜAOJ[-liquid-container17" processor1 ":buildBlockFromCfg:cfg"
   349 write null processor1 ":buildBlockFromCfg:config"
   350 write false processor1 ":buildBlockFromCfg*finished"
 
   353 wait 0
   354 read *tmp334 processor1 ":buildBlockFromCfg*finished"
   355 jump *label378 equal *tmp334 false
-    * label *label379
-    * label *label380
   356 write "A¡ASJ\\-water-extractor18" processor1 ":buildBlockFromCfg:cfg"
   357 write null processor1 ":buildBlockFromCfg:config"
   358 write false processor1 ":buildBlockFromCfg*finished"
 
   361 wait 0
   362 read *tmp334 processor1 ":buildBlockFromCfg*finished"
   363 jump *label381 equal *tmp334 false
-    * label *label382
-    * label *label383
   364 write "AAKJ]-steam-generator19" processor1 ":buildBlockFromCfg:cfg"
   365 write null processor1 ":buildBlockFromCfg:config"
   366 write false processor1 ":buildBlockFromCfg*finished"
 
   369 wait 0
   370 read *tmp334 processor1 ":buildBlockFromCfg*finished"
   371 jump *label384 equal *tmp334 false
-    * label *label385
-    * label *label386
   372 write "AKFRJ_-multi-press21" processor1 ":buildBlockFromCfg:cfg"
   373 write null processor1 ":buildBlockFromCfg:config"
   374 write false processor1 ":buildBlockFromCfg*finished"
 
   377 wait 0
   378 read *tmp334 processor1 ":buildBlockFromCfg*finished"
   379 jump *label387 equal *tmp334 false
-    * label *label388
   380 write 200 processor1 ".graphiteSurplus"
-    * label *label389
   381 write "ALQIJ^-silicon-smelter20" processor1 ":buildBlockFromCfg:cfg"
   382 write null processor1 ":buildBlockFromCfg:config"
   383 write false processor1 ":buildBlockFromCfg*finished"
 
   386 wait 0
   387 read *tmp334 processor1 ":buildBlockFromCfg*finished"
   388 jump *label390 equal *tmp334 false
-    * label *label391
   389 jump *label115 equal .scrap false
-    * label *label437
   390 write "AXTNJl-pulverizer34" processor1 ":buildBlockFromCfg:cfg"
   391 write null processor1 ":buildBlockFromCfg:config"
   392 write false processor1 ":buildBlockFromCfg*finished"
 
   395 wait 0
   396 read *tmp334 processor1 ":buildBlockFromCfg*finished"
   397 jump *label438 equal *tmp334 false
-    * label *label439
-    * label *label440
   398 write "AXTLJm-pulverizer35" processor1 ":buildBlockFromCfg:cfg"
   399 write null processor1 ":buildBlockFromCfg:config"
   400 write false processor1 ":buildBlockFromCfg*finished"
 
   403 wait 0
   404 read *tmp334 processor1 ":buildBlockFromCfg*finished"
   405 jump *label441 equal *tmp334 false
-    * label *label442
   406 write .sandContainer processor8 ":setScrapContainer:scrapContainer"
   407 write false processor8 ":setScrapContainer*finished"
   408 write 1 processor8 "@counter"
 
   411 read *tmp228 processor8 ":setScrapContainer*finished"
   412 jump *label119 equal *tmp228 false
   413 label *label115
-    * label *label116
-    * label *label392
   414 write "A©HFJ`-unloader22" processor1 ":buildBlockFromCfg:cfg"
   415 write null processor1 ":buildBlockFromCfg:config"
   416 write false processor1 ":buildBlockFromCfg*finished"
 
   419 wait 0
   420 read *tmp334 processor1 ":buildBlockFromCfg*finished"
   421 jump *label393 equal *tmp334 false
-    * label *label394
-    * label *label395
   422 write "A{HDJa-inverted-sorter23" processor1 ":buildBlockFromCfg:cfg"
   423 write null processor1 ":buildBlockFromCfg:config"
   424 write false processor1 ":buildBlockFromCfg*finished"
 
   427 wait 0
   428 read *tmp334 processor1 ":buildBlockFromCfg*finished"
   429 jump *label396 equal *tmp334 false
-    * label *label397
-    * label *label398
   430 write "AÀF@Lb-additive-reconstructor24" processor1 ":buildBlockFromCfg:cfg"
   431 write null processor1 ":buildBlockFromCfg:config"
   432 write false processor1 ":buildBlockFromCfg*finished"
 
   435 wait 0
   436 read *tmp334 processor1 ":buildBlockFromCfg*finished"
   437 jump *label399 equal *tmp334 false
-    * label *label400
   438 write 1000 processor1 ".siliconSurplus"
   439 write 20 processor1 ".siliconMonoSurplus"
   440 write 100 processor1 ".metaglassSurplus"
   441 write 4 AÕFFJS-micro-processor9 ".monoTarget"
-    * label *label123
   442 write 3 AÕFFJS-micro-processor9 ".polyTarget"
-    * label *label124
-    * label *label407
   443 write 0 processor1 ":meetTarget:block"
   444 write 0 processor1 ":meetTarget:copper"
   445 write 0 processor1 ":meetTarget:lead"
 
   460 write null processor2 ".nextBlock"
   461 write 0 AÕFFJS-micro-processor9 ".siliconReserve"
   462 write 0 AÕFFJS-micro-processor9 ".graphiteReserve"
-    * label *label409
-    * label *label126
   463 read *tmp233 AÕFFJS-micro-processor9 ".polys"
   464 jump *label128 greaterThanEq *tmp233 2
   465 label *label242
 
   469 wait 0
   470 read *tmp234 processor1 ":supplyBase*finished"
   471 jump *label129 equal *tmp234 false
-    * label *label127
   472 read *tmp233 AÕFFJS-micro-processor9 ".polys"
   473 jump *label242 lessThan *tmp233 2
   474 label *label128
   475 write 2 AÕFFJS-micro-processor9 ".flareTarget"
-    * label *label130
-    * label *label131
   476 read *tmp236 AÕFFJS-micro-processor9 ".flares"
   477 jump *label133 greaterThanEq *tmp236 2
   478 label *label243
 
   482 wait 0
   483 read *tmp237 processor1 ":supplyBase*finished"
   484 jump *label134 equal *tmp237 false
-    * label *label132
   485 read *tmp236 AÕFFJS-micro-processor9 ".flares"
   486 jump *label243 lessThan *tmp236 2
   487 label *label133
 
   507 jump *label136 equal *tmp250 false
   508 write false processor3 ":stopLocation*finished"
   509 write 3 processor3 "@counter"
-    * label *label135
   510 write null processor2 ".nextBlock"
   511 write 10 processor1 ".graphiteSurplus"
   512 write 50 processor1 ".metaglassSurplus"
 
   537 jump *label141 notEqual :buildThoriumDrill:result false
   538 error "Cannot locate spot for thorium drill"
   539 label *label141
-    * label *label142
   540 write @laser-drill processor1 ":buildBlockAt:block"
   541 read *tmp271 processor3 ".drillX"
   542 write *tmp271 processor1 ":buildBlockAt:x"
 
   554 read .thoriumDrill processor1 ":buildBlockAt*retval"
   555 read :buildRemoteBlockLocal:x processor3 ".water1X"
   556 read :buildRemoteBlockLocal:y processor3 ".water1Y"
-    * label *label305
   557 write "A¡ASJ\\-water-extractor18" processor1 ":buildRemoteBlock:cfg"
   558 write :buildRemoteBlockLocal:x processor1 ":buildRemoteBlock:x"
   559 write :buildRemoteBlockLocal:y processor1 ":buildRemoteBlock:y"
 
   563 wait 0
   564 read *tmp329 processor1 ":buildRemoteBlock*finished"
   565 jump *label306 equal *tmp329 false
-    * label *label307
   566 read :buildRemoteBlockLocal:x processor3 ".water2X"
   567 read :buildRemoteBlockLocal:y processor3 ".water2Y"
-    * label *label308
   568 write "A¡ASJ\\-water-extractor18" processor1 ":buildRemoteBlock:cfg"
   569 write :buildRemoteBlockLocal:x processor1 ":buildRemoteBlock:x"
   570 write :buildRemoteBlockLocal:y processor1 ":buildRemoteBlock:y"
 
   574 wait 0
   575 read *tmp329 processor1 ":buildRemoteBlock*finished"
   576 jump *label309 equal *tmp329 false
-    * label *label310
   577 read :buildRemoteBlockLocal:x processor3 ".generatorX"
   578 read :buildRemoteBlockLocal:y processor3 ".generatorY"
-    * label *label311
   579 write "AAKJ]-steam-generator19" processor1 ":buildRemoteBlock:cfg"
   580 write :buildRemoteBlockLocal:x processor1 ":buildRemoteBlock:x"
   581 write :buildRemoteBlockLocal:y processor1 ":buildRemoteBlock:y"
 
   586 read *tmp329 processor1 ":buildRemoteBlock*finished"
   587 jump *label312 equal *tmp329 false
   588 read .thoriumGenerator processor1 ":buildRemoteBlock*retval"
-    * label *label313
   589 read :buildRemoteBlockLocal:x processor3 ".node1X"
   590 read :buildRemoteBlockLocal:y processor3 ".node1Y"
-    * label *label314
   591 write "AFHJT-power-node10" processor1 ":buildRemoteBlock:cfg"
   592 write :buildRemoteBlockLocal:x processor1 ":buildRemoteBlock:x"
   593 write :buildRemoteBlockLocal:y processor1 ":buildRemoteBlock:y"
 
   597 wait 0
   598 read *tmp329 processor1 ":buildRemoteBlock*finished"
   599 jump *label315 equal *tmp329 false
-    * label *label316
   600 read :buildRemoteBlockLocal:x processor3 ".node2X"
   601 read :buildRemoteBlockLocal:y processor3 ".node2Y"
-    * label *label317
   602 write "AFHJT-power-node10" processor1 ":buildRemoteBlock:cfg"
   603 write :buildRemoteBlockLocal:x processor1 ":buildRemoteBlock:x"
   604 write :buildRemoteBlockLocal:y processor1 ":buildRemoteBlock:y"
 
   608 wait 0
   609 read *tmp329 processor1 ":buildRemoteBlock*finished"
   610 jump *label318 equal *tmp329 false
-    * label *label319
   611 read :buildRemoteBlockLocal:x processor3 ".panelX"
   612 read :buildRemoteBlockLocal:y processor3 ".panelY"
-    * label *label320
   613 write "AJJJ~-solar-panel52" processor1 ":buildRemoteBlock:cfg"
   614 write :buildRemoteBlockLocal:x processor1 ":buildRemoteBlock:x"
   615 write :buildRemoteBlockLocal:y processor1 ":buildRemoteBlock:y"
 
   619 wait 0
   620 read *tmp329 processor1 ":buildRemoteBlock*finished"
   621 jump *label321 equal *tmp329 false
-    * label *label322
   622 read :buildRemoteBlockLocal:x processor3 ".batteryX"
   623 read :buildRemoteBlockLocal:y processor3 ".batteryY"
-    * label *label323
   624 write "AJTJK-battery1" processor1 ":buildRemoteBlock:cfg"
   625 write :buildRemoteBlockLocal:x processor1 ":buildRemoteBlock:x"
   626 write :buildRemoteBlockLocal:y processor1 ":buildRemoteBlock:y"
 
   631 read *tmp329 processor1 ":buildRemoteBlock*finished"
   632 jump *label324 equal *tmp329 false
   633 read .thoriumBattery processor1 ":buildRemoteBlock*retval"
-    * label *label325
   634 read :buildRemoteBlockLocal:x processor3 ".containerX"
   635 read :buildRemoteBlockLocal:y processor3 ".containerY"
-    * label *label326
   636 write "A¨JJJ~-container52" processor1 ":buildRemoteBlock:cfg"
   637 write :buildRemoteBlockLocal:x processor1 ":buildRemoteBlock:x"
   638 write :buildRemoteBlockLocal:y processor1 ":buildRemoteBlock:y"
 
   643 read *tmp329 processor1 ":buildRemoteBlock*finished"
   644 jump *label327 equal *tmp329 false
   645 read :buildRemoteBlockLocal*retval processor1 ":buildRemoteBlock*retval"
-    * label *label328
   646 select .thoriumContainer equal :buildRemoteBlockLocal*retval null .thoriumDrill :buildRemoteBlockLocal*retval
   647 write .thoriumDrill processor2 ".thoriumDrill"
   648 write .thoriumContainer processor2 ".thoriumContainer"
 
   656 wait 0
   657 read *tmp303 processor8 ":setThoriumContainer*finished"
   658 jump *label154 equal *tmp303 false
-    * label *label137
   659 write null processor2 ".nextBlock"
-    * label *label155
   660 read *tmp305 AÕFFJS-micro-processor9 ".polys"
   661 jump *label157 greaterThanEq *tmp305 3
   662 label *label244
 
   666 wait 0
   667 read *tmp306 processor1 ":supplyBase*finished"
   668 jump *label158 equal *tmp306 false
-    * label *label156
   669 read *tmp305 AÕFFJS-micro-processor9 ".polys"
   670 jump *label244 lessThan *tmp305 3
   671 label *label157
   672 op add :setMonoTarget.2:target 4 .scrap
   673 write :setMonoTarget.2:target AÕFFJS-micro-processor9 ".monoTarget"
-    * label *label159
   674 write 3209 AÕFFJS-micro-processor9 ".powerTarget"
   675 write 120 processor1 ".siliconMonoSurplus"
   676 write 0 processor1 ".leadSurplus"
-    * label *label401
   677 write "AÁNBJc-multiplicative-reconstructor25" processor1 ":buildBlockFromCfg:cfg"
   678 write null processor1 ":buildBlockFromCfg:config"
   679 write false processor1 ":buildBlockFromCfg*finished"
 
   682 wait 0
   683 read *tmp334 processor1 ":buildBlockFromCfg*finished"
   684 jump *label402 equal *tmp334 false
-    * label *label403
   685 write 10 processor1 ".metaglassSurplus"
   686 write 0 AÕFFJS-micro-processor9 ".polyTarget"
-    * label *label161
   687 write 0 AÕFFJS-micro-processor9 ".flareTarget"
-    * label *label162
   688 write 1 AÕFFJS-micro-processor9 ".megaTarget"
-    * label *label163
-    * label *label410
   689 write 0 processor1 ":meetTarget:block"
   690 write 0 processor1 ":meetTarget:copper"
   691 write 0 processor1 ":meetTarget:lead"
 
   706 write null processor2 ".nextBlock"
   707 write 0 AÕFFJS-micro-processor9 ".siliconReserve"
   708 write 0 AÕFFJS-micro-processor9 ".graphiteReserve"
-    * label *label412
   709 read *tmp310 AÕFFJS-micro-processor9 ".polys"
   710 op sub :tmp *tmp310 1
   711 write :tmp AÕFFJS-micro-processor9 ".polyTarget"
 
   716 label *label165
   717 ucontrol move :x :y
   718 ucontrol payEnter
-    * label *label166
   719 read *tmp314 AÕFFJS-micro-processor9 ".megas"
   720 jump *label165 equal *tmp314 false
-    * label *label167
   721 write true AÕFFJS-micro-processor9 ".finished"
   722 control enabled processor9 false
   723 control enabled processor5 false
 
   726 control enabled processor3 false
   727 control enabled processor1 false
   728 control enabled processor6 false
-    * label *label273
   729 label *label274
   730 ubind @mega
   731 set :flagUnits:firstUnit @unit
-    * label *label275
   732 jump *label274 equal :flagUnits:firstUnit null
-    * label *label276
   733 op add :flagUnits:x .coreX 8
   734 label *label277
   735 ucontrol flag :flagUnits:x
   736 op add :flagUnits:x :flagUnits:x 4
   737 ubind @mega
-    * label *label278
   738 jump *label277 notEqual @unit :flagUnits:firstUnit
-    * label *label279
-    * label *label280
-    * label *label281
   739 label *label282
   740 ubind @poly
   741 set :flagUnits:firstUnit @unit
-    * label *label283
   742 jump *label282 equal :flagUnits:firstUnit null
-    * label *label284
   743 op add :flagUnits:x .coreX 8
   744 label *label285
   745 ucontrol flag :flagUnits:x
   746 op add :flagUnits:x :flagUnits:x 4
   747 ubind @poly
-    * label *label286
   748 jump *label285 notEqual @unit :flagUnits:firstUnit
-    * label *label287
-    * label *label288
-    * label *label289
   749 label *label290
   750 ubind @mono
   751 set :flagUnits:firstUnit @unit
-    * label *label291
   752 jump *label290 equal :flagUnits:firstUnit null
-    * label *label292
   753 op add :flagUnits:x .coreX 8
   754 label *label293
   755 ucontrol flag :flagUnits:x
   756 op add :flagUnits:x :flagUnits:x 4
   757 ubind @mono
-    * label *label294
   758 jump *label293 notEqual @unit :flagUnits:firstUnit
-    * label *label295
-    * label *label296
-    * label *label297
   759 label *label298
   760 ubind @flare
   761 set :flagUnits:firstUnit @unit
-    * label *label299
   762 jump *label298 equal :flagUnits:firstUnit null
-    * label *label300
   763 op add :flagUnits:x .coreX 8
   764 label *label301
   765 ucontrol flag :flagUnits:x
   766 op add :flagUnits:x :flagUnits:x 4
   767 ubind @flare
-    * label *label302
   768 jump *label301 notEqual @unit :flagUnits:firstUnit
-    * label *label303
-    * label *label304
   769 label *label173
   770 op add :lineUpUnits:y .coreY 6
-    * label *label245
   771 ubind @mega
   772 set :lineUpUnits:firstUnit @unit
   773 label *label246
 
   778 jump *label247 equal *tmp352 false
   779 ucontrol stop
   780 label *label247
-    * label *label248
   781 ubind @mega
-    * label *label249
   782 jump *label246 notEqual @unit :lineUpUnits:firstUnit
-    * label *label250
-    * label *label251
   783 op add :lineUpUnits:y .coreY 2
-    * label *label252
   784 ubind @poly
   785 set :lineUpUnits:firstUnit @unit
   786 label *label253
 
   791 jump *label254 equal *tmp352 false
   792 ucontrol stop
   793 label *label254
-    * label *label255
   794 ubind @poly
-    * label *label256
   795 jump *label253 notEqual @unit :lineUpUnits:firstUnit
-    * label *label257
-    * label *label258
   796 op sub :lineUpUnits:y .coreY 2
-    * label *label259
   797 ubind @mono
   798 set :lineUpUnits:firstUnit @unit
   799 label *label260
 
   804 jump *label261 equal *tmp352 false
   805 ucontrol stop
   806 label *label261
-    * label *label262
   807 ubind @mono
-    * label *label263
   808 jump *label260 notEqual @unit :lineUpUnits:firstUnit
-    * label *label264
-    * label *label265
   809 op sub :lineUpUnits:y .coreY 6
-    * label *label266
   810 ubind @flare
   811 set :lineUpUnits:firstUnit @unit
   812 label *label267
 
   817 jump *label268 equal *tmp352 false
   818 ucontrol stop
   819 label *label268
-    * label *label269
   820 ubind @flare
-    * label *label270
   821 jump *label267 notEqual @unit :lineUpUnits:firstUnit
-    * label *label271
-    * label *label272
-    * label *label174
   822 jump *label173 always
-    * label *label175
-    * label *label168
-    * label *label48
-    * end
-    * label *label37
-    * set .ERROR :error:error
-    * stop
-    * label *label200
-    * return :error*retaddr
-    * end

Modifications by Jumps phase, Jump Straightening, pass 4, iteration 1 (-1 instructions):
 
   314 read *tmp210 processor1 ":supplyBase*finished"
   315 jump *label104 equal *tmp210 false
   316 sensor *tmp211 AJTJK-battery1 @totalPower
-    * jump *label105 greaterThanEq *tmp211 300
-    * jump *label103 always
+  317 jump *label103 lessThan *tmp211 300
   318 label *label105
   319 read *tmp215 AÕFFJS-micro-processor9 ".monos"
   320 jump *label101 lessThan *tmp215 2

Modifications by Final phase, Temp Variables Elimination, iteration 1:
 
    17 label *label49
    18 ubind @poly
    19 set .builder @unit
-    * ulocate building core false @copper .coreX .coreY *tmp145 .core
+   20 ulocate building core false @copper .coreX .coreY 0 .core
    21 jump *label49 equal .core null
-    * ulocate ore core true @sand *tmp148 *tmp149 *tmp147 *tmp150
+   22 ulocate ore core true @sand 0 0 *tmp147 0
    23 op equal .scrap *tmp147 false
    24 write .scrap processor2 ".scrap"
    25 write .scrap processor1 ".scrap"

Final code before resolving virtual instructions:

    0:  set *id "id: Main"                                           BaseBuilder.mnd: #set syntax = strict;
        label *label43                                               BaseBuilder.mnd: remote(displayProcessor) require "Display.mnd";
    1:  read *tmp0 processor2 "*signature"                           ...
    2:  jump *label43 notEqual *tmp0 "0:v1"                          ...
        label *label44                                               BaseBuilder.mnd: remote(oreLocator) require "OreLocator.mnd";
    3:  read *tmp1 processor3 "*signature"                           ...
    4:  jump *label44 notEqual *tmp1 "2b365030e19b2b7f:v1"           ...
        label *label45                                               BaseBuilder.mnd: remote(monoController) require "MonoController.mnd";
    5:  read *tmp2 processor7 "*signature"                           ...
    6:  jump *label45 notEqual *tmp2 "0:v1"                          ...
        label *label46                                               BaseBuilder.mnd: remote(polyController) require "PolyController.mnd";
    7:  read *tmp3 processor8 "*signature"                           ...
    8:  jump *label46 notEqual *tmp3 "2bc8cecff9ae5b38:v1"           ...
        label *label47                                               BaseBuilder.mnd: remote(builderController) require "BuilderController.mnd";
    9:  read *tmp4 processor1 "*signature"                           ...
   10:  jump *label47 notEqual *tmp4 "68e0262eef69ac6b:v1"           ...
   11:  set .ERROR ""                                                BaseBuilder.mnd: export var ERROR = "";
        label *label49                                               BaseBuilder.mnd: do
   12:  ubind @poly                                                  BaseBuilder.mnd: builder = ubind(@poly);
   13:  set .builder @unit                                           ...
   14:  ulocate building core false @copper .coreX .coreY 0 .core    BaseBuilder.mnd: core = ulocate(:building, :core, false, out coreX, out coreY);
   15:  jump *label49 equal .core null                               BaseBuilder.mnd: do
   16:  ulocate ore core true @sand 0 0 *tmp5 0                      BaseBuilder.mnd: scrap = !ulocate(:ore, @sand);
   17:  op equal .scrap *tmp5 false                                  ...
   18:  write .scrap processor2 ".scrap"                             BaseBuilder.mnd: displayProcessor.scrap = scrap;
   19:  write .scrap processor1 ".scrap"                             BaseBuilder.mnd: builderController.scrap = scrap;
   20:  write .scrap processor7 ".scrap"                             BaseBuilder.mnd: monoController.scrap = scrap;
   21:  write "AJEMJJ-graphite-press0" processor1 ":buildBlockFromCf BaseBuilder.mnd: return builderController.buildBlockFromCfg(cfg, null);
   22:  write null processor1 ":buildBlockFromCfg:config"            ...
   23:  write false processor1 ":buildBlockFromCfg*finished"         ...
   24:  write 2 processor1 "@counter"                                ...
        label *label330                                              ...
   25:  wait 0                                                       ...
   26:  read *tmp33 processor1 ":buildBlockFromCfg*finished"         ...
   27:  jump *label330 equal *tmp33 false                            ...
   28:  write "AJTJK-battery1" processor1 ":buildBlockFromCfg:cfg"  ...
   29:  write null processor1 ":buildBlockFromCfg:config"            ...
   30:  write false processor1 ":buildBlockFromCfg*finished"         ...
   31:  write 2 processor1 "@counter"                                ...
        label *label333                                              ...
   32:  wait 0                                                       ...
   33:  read *tmp33 processor1 ":buildBlockFromCfg*finished"         ...
   34:  jump *label333 equal *tmp33 false                            ...
   35:  write "ALTJL-battery2" processor1 ":buildBlockFromCfg:cfg"  ...
   36:  write null processor1 ":buildBlockFromCfg:config"            ...
   37:  write false processor1 ":buildBlockFromCfg*finished"         ...
   38:  write 2 processor1 "@counter"                                ...
        label *label336                                              ...
   39:  wait 0                                                       ...
   40:  read *tmp33 processor1 ":buildBlockFromCfg*finished"         ...
   41:  jump *label336 equal *tmp33 false                            ...
   42:  write "AJRJM-combustion-generator3" processor1 ":buildBlock ...
   43:  write null processor1 ":buildBlockFromCfg:config"            ...
   44:  write false processor1 ":buildBlockFromCfg*finished"         ...
   45:  write 2 processor1 "@counter"                                ...
        label *label339                                              ...
   46:  wait 0                                                       ...
   47:  read *tmp33 processor1 ":buildBlockFromCfg*finished"         ...
   48:  jump *label339 equal *tmp33 false                            ...
   49:  write 400 processor1 ".powerTarget"                          BaseBuilder.mnd: builderController.powerTarget = 400;
   50:  set .sandContainer .core                                     BaseBuilder.mnd: sandContainer = core;
   51:  jump *label56 equal .scrap false                             BaseBuilder.mnd: if scrap then
   52:  write "AXPRJd-pulverizer26" processor1 ":buildBlockFromCfg:c BaseBuilder.mnd: return builderController.buildBlockFromCfg(cfg, null);
   53:  write null processor1 ":buildBlockFromCfg:config"            ...
   54:  write false processor1 ":buildBlockFromCfg*finished"         ...
   55:  write 2 processor1 "@counter"                                ...
        label *label414                                              ...
   56:  wait 0                                                       ...
   57:  read *tmp33 processor1 ":buildBlockFromCfg*finished"         ...
   58:  jump *label414 equal *tmp33 false                            ...
   59:  read :buildBlockFromCfgLocal*retval processor1 ":buildBlockF ...
   60:  set .sandContainer :buildBlockFromCfgLocal*retval            BaseBuilder.mnd: sandContainer = buildBlockFromCfgLocal(PULVERIZER1);
   61:  write :buildBlockFromCfgLocal*retval processor1 ".sandContai BaseBuilder.mnd: builderController.sandContainer = sandContainer;
   62:  write "A~PPJe-overflow-gate27" processor1 ":buildBlockFromCf BaseBuilder.mnd: return builderController.buildBlockFromCfg(cfg, null);
   63:  write null processor1 ":buildBlockFromCfg:config"            ...
   64:  write false processor1 ":buildBlockFromCfg*finished"         ...
   65:  write 2 processor1 "@counter"                                ...
        label *label417                                              ...
   66:  wait 0                                                       ...
   67:  read *tmp33 processor1 ":buildBlockFromCfg*finished"         ...
   68:  jump *label417 equal *tmp33 false                            ...
   69:  write "APTJf-power-node28" processor1 ":buildBlockFromCfg:c ...
   70:  write null processor1 ":buildBlockFromCfg:config"            ...
   71:  write false processor1 ":buildBlockFromCfg*finished"         ...
   72:  write 2 processor1 "@counter"                                ...
        label *label420                                              ...
   73:  wait 0                                                       ...
   74:  read *tmp33 processor1 ":buildBlockFromCfg*finished"         ...
   75:  jump *label420 equal *tmp33 false                            ...
        label *label56                                               BaseBuilder.mnd: if scrap then
   76:  write "ALMQJN-silicon-smelter4" processor1 ":buildBlockFromC BaseBuilder.mnd: return builderController.buildBlockFromCfg(cfg, null);
   77:  write null processor1 ":buildBlockFromCfg:config"            ...
   78:  write false processor1 ":buildBlockFromCfg*finished"         ...
   79:  write 2 processor1 "@counter"                                ...
        label *label342                                              ...
   80:  wait 0                                                       ...
   81:  read *tmp33 processor1 ":buildBlockFromCfg*finished"         ...
   82:  jump *label342 equal *tmp33 false                            ...
   83:  write "A{LNJO-inverted-sorter5" processor1 ":buildBlockFromC ...
   84:  write null processor1 ":buildBlockFromCfg:config"            ...
   85:  write false processor1 ":buildBlockFromCfg*finished"         ...
   86:  write 2 processor1 "@counter"                                ...
        label *label345                                              ...
   87:  wait 0                                                       ...
   88:  read *tmp33 processor1 ":buildBlockFromCfg*finished"         ...
   89:  jump *label345 equal *tmp33 false                            ...
   90:  write "AJJJ~-pneumatic-drill52" processor1 ":meetTargetCfg: BaseBuilder.mnd: builderController.meetTargetCfg(cfg, false);
   91:  write false processor1 ":meetTargetCfg:forBuild"             ...
   92:  write false processor1 ":meetTargetCfg*finished"             ...
   93:  write 7 processor1 "@counter"                                ...
        label *label64                                               ...
   94:  wait 0                                                       ...
   95:  read *tmp7 processor1 ":meetTargetCfg*finished"              ...
   96:  jump *label64 equal *tmp7 false                              ...
   97:  write @ore-titanium processor2 ".nextBlock"                  BaseBuilder.mnd: displayProcessor.nextBlock = @ore-titanium;
   98:  write .coreX processor3 ":findDrillLocation:x"               BaseBuilder.mnd: var result = oreLocator.findDrillLocation(coreX, coreY, @unit, @titanium, @ore-titanium, 2, 4, out dx, out dy);
   99:  write .coreY processor3 ":findDrillLocation:y"               ...
  100:  write @unit processor3 ":findDrillLocation:unit"             ...
  101:  write @titanium processor3 ":findDrillLocation:item"         ...
  102:  write @ore-titanium processor3 ":findDrillLocation:ore"      ...
  103:  write 2 processor3 ":findDrillLocation:size"                 ...
  104:  write 4 processor3 ":findDrillLocation:limit"                ...
  105:  write false processor3 ":findDrillLocation*finished"         ...
  106:  write 1 processor3 "@counter"                                ...
        label *label65                                               ...
  107:  wait 0                                                       ...
  108:  read *tmp8 processor3 ":findDrillLocation*finished"          ...
  109:  jump *label65 equal *tmp8 false                              ...
  110:  read :buildFirstTitaniumDrill:dx processor3 ":findDrillLocat ...
  111:  read :buildFirstTitaniumDrill:dy processor3 ":findDrillLocat ...
  112:  read :buildFirstTitaniumDrill:result processor3 ":findDrillL ...
  113:  jump *label66 notEqual :buildFirstTitaniumDrill:result false BaseBuilder.mnd: if !result then error("Cannot locate spot for titanium drill"); end;
  114:  error "Cannot locate spot for titanium drill" 0 0 0 0 0 0 0  ...
        label *label66                                               ...
  114:  write @pneumatic-drill processor2 ".nextBlock"               BaseBuilder.mnd: displayProcessor.nextBlock = @pneumatic-drill;
  115:  write :buildFirstTitaniumDrill:dx processor1 ":buildFirstTit BaseBuilder.mnd: return builderController.buildFirstTitaniumDrillAt(dx, dy);
  116:  write :buildFirstTitaniumDrill:dy processor1 ":buildFirstTit ...
  117:  write false processor1 ":buildFirstTitaniumDrillAt*finished" ...
  118:  write 3 processor1 "@counter"                                ...
        label *label68                                               ...
  119:  wait 0                                                       ...
  120:  read *tmp9 processor1 ":buildFirstTitaniumDrillAt*finished"  ...
  121:  jump *label68 equal *tmp9 false                              ...
  122:  read *tmp6 processor1 ":buildFirstTitaniumDrillAt*retval"    ...
  123:  write *tmp6 processor2 ".titaniumDrill"                      BaseBuilder.mnd: displayProcessor.titaniumDrill = titaniumDrill;
  124:  write *tmp6 processor1 ".titaniumDrill"                      BaseBuilder.mnd: builderController.titaniumDrill = titaniumDrill;
  125:  jump *label69 equal .scrap false                             BaseBuilder.mnd: if scrap then
  126:  write "A©RPJg-unloader29" processor1 ":buildBlockFromCfg:cfg BaseBuilder.mnd: return builderController.buildBlockFromCfg(cfg, null);
  127:  write null processor1 ":buildBlockFromCfg:config"            ...
  128:  write false processor1 ":buildBlockFromCfg*finished"         ...
  129:  write 2 processor1 "@counter"                                ...
        label *label423                                              ...
  130:  wait 0                                                       ...
  131:  read *tmp33 processor1 ":buildBlockFromCfg*finished"         ...
  132:  jump *label423 equal *tmp33 false                            ...
  133:  write "A¨SSJh-container30" processor1 ":buildBlockFromCfg:cf ...
  134:  write null processor1 ":buildBlockFromCfg:config"            ...
  135:  write false processor1 ":buildBlockFromCfg*finished"         ...
  136:  write 2 processor1 "@counter"                                ...
        label *label426                                              ...
  137:  wait 0                                                       ...
  138:  read *tmp33 processor1 ":buildBlockFromCfg*finished"         ...
  139:  jump *label426 equal *tmp33 false                            ...
  140:  read :buildBlockFromCfgLocal*retval processor1 ":buildBlockF ...
  141:  set .sandContainer :buildBlockFromCfgLocal*retval            BaseBuilder.mnd: sandContainer = buildBlockFromCfgLocal(CONTAINER_A);
  142:  write :buildBlockFromCfgLocal*retval processor1 ".sandContai BaseBuilder.mnd: builderController.sandContainer = sandContainer;
  143:  write "AXTPJi-pulverizer31" processor1 ":buildBlockFromCfg:c BaseBuilder.mnd: return builderController.buildBlockFromCfg(cfg, null);
  144:  write null processor1 ":buildBlockFromCfg:config"            ...
  145:  write false processor1 ":buildBlockFromCfg*finished"         ...
  146:  write 2 processor1 "@counter"                                ...
        label *label429                                              ...
  147:  wait 0                                                       ...
  148:  read *tmp33 processor1 ":buildBlockFromCfg*finished"         ...
  149:  jump *label429 equal *tmp33 false                            ...
  150:  write "A~RNJj-overflow-gate32" processor1 ":buildBlockFromCf ...
  151:  write null processor1 ":buildBlockFromCfg:config"            ...
  152:  write false processor1 ":buildBlockFromCfg*finished"         ...
  153:  write 2 processor1 "@counter"                                ...
        label *label432                                              ...
  154:  wait 0                                                       ...
  155:  read *tmp33 processor1 ":buildBlockFromCfg*finished"         ...
  156:  jump *label432 equal *tmp33 false                            ...
  157:  write "A~RLJk-overflow-gate33" processor1 ":buildBlockFromCf ...
  158:  write null processor1 ":buildBlockFromCfg:config"            ...
  159:  write false processor1 ":buildBlockFromCfg*finished"         ...
  160:  write 2 processor1 "@counter"                                ...
        label *label435                                              ...
  161:  wait 0                                                       ...
  162:  read *tmp33 processor1 ":buildBlockFromCfg*finished"         ...
  163:  jump *label435 equal *tmp33 false                            ...
        label *label69                                               BaseBuilder.mnd: if scrap then
  164:  write .sandContainer processor7 ".sandContainer"             BaseBuilder.mnd: monoController.sandContainer = sandContainer;
  165:  write "A{HNJQ-inverted-sorter7" processor1 ":buildBlockFromC BaseBuilder.mnd: return builderController.buildBlockFromCfg(cfg, null);
  166:  write null processor1 ":buildBlockFromCfg:config"            ...
  167:  write false processor1 ":buildBlockFromCfg*finished"         ...
  168:  write 2 processor1 "@counter"                                ...
        label *label348                                              ...
  169:  wait 0                                                       ...
  170:  read *tmp33 processor1 ":buildBlockFromCfg*finished"         ...
  171:  jump *label348 equal *tmp33 false                            ...
  172:  write "A\u007fJPJR-underflow-gate8" processor1 ":buildBlockF ...
  173:  write null processor1 ":buildBlockFromCfg:config"            ...
  174:  write false processor1 ":buildBlockFromCfg*finished"         ...
  175:  write 2 processor1 "@counter"                                ...
        label *label351                                              ...
  176:  wait 0                                                       ...
  177:  read *tmp33 processor1 ":buildBlockFromCfg*finished"         ...
  178:  jump *label351 equal *tmp33 false                            ...
  179:  write "A©JNJP-unloader6" processor1 ":buildBlockFromCfg:cfg" ...
  180:  write null processor1 ":buildBlockFromCfg:config"            ...
  181:  write false processor1 ":buildBlockFromCfg*finished"         ...
  182:  write 2 processor1 "@counter"                                ...
        label *label354                                              ...
  183:  wait 0                                                       ...
  184:  read *tmp33 processor1 ":buildBlockFromCfg*finished"         ...
  185:  jump *label354 equal *tmp33 false                            ...
  186:  write 80 processor1 ".graphiteSurplus"                       BaseBuilder.mnd: builderController.graphiteSurplus = 80;
  187:  write "AÕFFJS-micro-processor9" processor1 ":buildBlockFromC BaseBuilder.mnd: return builderController.buildBlockFromCfg(cfg, config);
  188:  write processor4 processor1 ":buildBlockFromCfg:config"      ...
  189:  write false processor1 ":buildBlockFromCfg*finished"         ...
  190:  write 2 processor1 "@counter"                                ...
        label *label80                                               ...
  191:  wait 0                                                       ...
  192:  read *tmp10 processor1 ":buildBlockFromCfg*finished"         ...
  193:  jump *label80 equal *tmp10 false                             ...
  194:  write processor9 AÕFFJS-micro-processor9 ".timer"            BaseBuilder.mnd: processor.timer = timer;
  195:  write processor2 AÕFFJS-micro-processor9 ".displayProcessor" BaseBuilder.mnd: processor.displayProcessor = displayProcessor;
  196:  write .core AÕFFJS-micro-processor9 ".core"                  BaseBuilder.mnd: processor.core = core;
  197:  write bank1 AÕFFJS-micro-processor9 ".bank"                  BaseBuilder.mnd: processor.bank = oreLogMemory;
  198:  set *tmp11 AJEMJJ-graphite-press0                            BaseBuilder.mnd: processor.write(@this.read(block), block);
  199:  write *tmp11 AÕFFJS-micro-processor9 "AJEMJJ-graphite-press0 ...
  200:  set *tmp11 AJTJK-battery1                                   ...
  201:  write *tmp11 AÕFFJS-micro-processor9 "AJTJK-battery1"       ...
  202:  set *tmp11 ALTJL-battery2                                   ...
  203:  write *tmp11 AÕFFJS-micro-processor9 "ALTJL-battery2"       ...
  204:  set *tmp11 AJRJM-combustion-generator3                      ...
  205:  write *tmp11 AÕFFJS-micro-processor9 "AJRJM-combustion-gene ...
  206:  set *tmp11 ALMQJN-silicon-smelter4                           ...
  207:  write *tmp11 AÕFFJS-micro-processor9 "ALMQJN-silicon-smelter ...
  208:  set *tmp11 A{LNJO-inverted-sorter5                           ...
  209:  write *tmp11 AÕFFJS-micro-processor9 "A{LNJO-inverted-sorter ...
  210:  set *tmp11 A©JNJP-unloader6                                  ...
  211:  write *tmp11 AÕFFJS-micro-processor9 "A©JNJP-unloader6"      ...
  212:  set *tmp11 A{HNJQ-inverted-sorter7                           ...
  213:  write *tmp11 AÕFFJS-micro-processor9 "A{HNJQ-inverted-sorter ...
  214:  set *tmp11 AJPJR-underflow-gate8                            ...
  215:  write *tmp11 AÕFFJS-micro-processor9 "A\u007fJPJR-underflow- ...
  216:  set *tmp11 AÕFFJS-micro-processor9                           ...
  217:  write *tmp11 AÕFFJS-micro-processor9 "AÕFFJS-micro-processor ...
  218:  write A©RPJg-unloader29 AÕFFJS-micro-processor9 "A©RPJg-unlo BaseBuilder.mnd: processor.write(@this.read(UNLOADER_A), UNLOADER_A);
  219:  write "AFHJT-power-node10" processor1 ":buildBlockFromCfg:c BaseBuilder.mnd: return builderController.buildBlockFromCfg(cfg, null);
  220:  write null processor1 ":buildBlockFromCfg:config"            ...
  221:  write false processor1 ":buildBlockFromCfg*finished"         ...
  222:  write 2 processor1 "@counter"                                ...
        label *label357                                              ...
  223:  wait 0                                                       ...
  224:  read *tmp33 processor1 ":buildBlockFromCfg*finished"         ...
  225:  jump *label357 equal *tmp33 false                            ...
  226:  write "A©FJJU-unloader11" processor1 ":buildBlockFromCfg:cfg ...
  227:  write null processor1 ":buildBlockFromCfg:config"            ...
  228:  write false processor1 ":buildBlockFromCfg*finished"         ...
  229:  write 2 processor1 "@counter"                                ...
        label *label360                                              ...
  230:  wait 0                                                       ...
  231:  read *tmp33 processor1 ":buildBlockFromCfg*finished"         ...
  232:  jump *label360 equal *tmp33 false                            ...
  233:  write "A~DJJV-overflow-gate12" processor1 ":buildBlockFromCf ...
  234:  write null processor1 ":buildBlockFromCfg:config"            ...
  235:  write false processor1 ":buildBlockFromCfg*finished"         ...
  236:  write 2 processor1 "@counter"                                ...
        label *label363                                              ...
  237:  wait 0                                                       ...
  238:  read *tmp33 processor1 ":buildBlockFromCfg*finished"         ...
  239:  jump *label363 equal *tmp33 false                            ...
  240:  write "A¾BFLW-air-factory13" processor1 ":buildBlockFromCfg: ...
  241:  write null processor1 ":buildBlockFromCfg:config"            ...
  242:  write false processor1 ":buildBlockFromCfg*finished"         ...
  243:  write 2 processor1 "@counter"                                ...
        label *label366                                              ...
  244:  wait 0                                                       ...
  245:  read *tmp33 processor1 ":buildBlockFromCfg*finished"         ...
  246:  jump *label366 equal *tmp33 false                            ...
  247:  write 1 AÕFFJS-micro-processor9 ".flareTarget"               BaseBuilder.mnd: processor.flareTarget = target;
  248:  write 5 AÕFFJS-micro-processor9 ".monoTarget"                BaseBuilder.mnd: processor.monoTarget = target;
  249:  write 85 AÕFFJS-micro-processor9 ".pressTarget"              BaseBuilder.mnd: processor.pressTarget = 85;
  250:  write 150 AÕFFJS-micro-processor9 ".smelterTarget"           BaseBuilder.mnd: processor.smelterTarget = 150;
  251:  write 30 AÕFFJS-micro-processor9 ".kilnTarget"               BaseBuilder.mnd: processor.kilnTarget = 30;
  252:  write 20 processor1 ".siliconSurplus"                        BaseBuilder.mnd: builderController.siliconSurplus = 20;
  253:  write 2 processor1 ".leadSurplus"                            BaseBuilder.mnd: builderController.leadSurplus = 2;
  254:  write 0 processor1 ":meetTarget:block"                       BaseBuilder.mnd: builderController.meetTarget(0, 0, 0, 0, 0, 0, 0, 0, false, true);
  255:  write 0 processor1 ":meetTarget:copper"                      ...
  256:  write 0 processor1 ":meetTarget:lead"                        ...
  257:  write 0 processor1 ":meetTarget:graphite"                    ...
  258:  write 0 processor1 ":meetTarget:silicon"                     ...
  259:  write 0 processor1 ":meetTarget:titanium"                    ...
  260:  write 0 processor1 ":meetTarget:metaglass"                   ...
  261:  write 0 processor1 ":meetTarget:thorium"                     ...
  262:  write false processor1 ":meetTarget:forBuild"                ...
  263:  write true processor1 ":meetTarget:isNoTarget"               ...
  264:  write false processor1 ":meetTarget*finished"                ...
  265:  write 6 processor1 "@counter"                                ...
        label *label405                                              ...
  266:  wait 0                                                       ...
  267:  read *tmp34 processor1 ":meetTarget*finished"                ...
  268:  jump *label405 equal *tmp34 false                            ...
  269:  write 0 processor2 ".totalTargets"                           BaseBuilder.mnd: displayProcessor.totalTargets = 0;
  270:  write null processor2 ".nextBlock"                           BaseBuilder.mnd: displayProcessor.nextBlock = null;
  271:  write 0 AÕFFJS-micro-processor9 ".siliconReserve"            BaseBuilder.mnd: processor.siliconReserve = 0;
  272:  write 0 AÕFFJS-micro-processor9 ".graphiteReserve"           BaseBuilder.mnd: processor.graphiteReserve = 0;
        label *label101                                              BaseBuilder.mnd: do
  273:  write false processor1 ":supplyBase*finished"                BaseBuilder.mnd: builderController.supplyBase();
  274:  write 8 processor1 "@counter"                                ...
        label *label104                                              ...
  275:  wait 0                                                       ...
  276:  read *tmp12 processor1 ":supplyBase*finished"                ...
  277:  jump *label104 equal *tmp12 false                            ...
  278:  sensor *tmp13 AJTJK-battery1 @totalPower                    BaseBuilder.mnd: if battery1.@totalPower < 300 then break; end;
  279:  jump *label103 lessThan *tmp13 300                           ...
  280:  read *tmp14 AÕFFJS-micro-processor9 ".monos"                 BaseBuilder.mnd: while processor.monos < 2;
  281:  jump *label101 lessThan *tmp14 2                             BaseBuilder.mnd: do
        label *label103                                              ...
  282:  write 65 processor1 ".siliconSurplus"                        BaseBuilder.mnd: builderController.siliconSurplus = 65;
  283:  write "A©NHJX-unloader14" processor1 ":buildBlockFromCfg:cfg BaseBuilder.mnd: return builderController.buildBlockFromCfg(cfg, null);
  284:  write null processor1 ":buildBlockFromCfg:config"            ...
  285:  write false processor1 ":buildBlockFromCfg*finished"         ...
  286:  write 2 processor1 "@counter"                                ...
        label *label369                                              ...
  287:  wait 0                                                       ...
  288:  read *tmp33 processor1 ":buildBlockFromCfg*finished"         ...
  289:  jump *label369 equal *tmp33 false                            ...
  290:  write "A{NJJY-inverted-sorter15" processor1 ":buildBlockFrom ...
  291:  write null processor1 ":buildBlockFromCfg:config"            ...
  292:  write false processor1 ":buildBlockFromCfg*finished"         ...
  293:  write 2 processor1 "@counter"                                ...
        label *label372                                              ...
  294:  wait 0                                                       ...
  295:  read *tmp33 processor1 ":buildBlockFromCfg*finished"         ...
  296:  jump *label372 equal *tmp33 false                            ...
  297:  write "ANOMJZ-kiln16" processor1 ":buildBlockFromCfg:cfg"    ...
  298:  write null processor1 ":buildBlockFromCfg:config"            ...
  299:  write false processor1 ":buildBlockFromCfg*finished"         ...
  300:  write 2 processor1 "@counter"                                ...
        label *label375                                              ...
  301:  wait 0                                                       ...
  302:  read *tmp33 processor1 ":buildBlockFromCfg*finished"         ...
  303:  jump *label375 equal *tmp33 false                            ...
  304:  write "AÜAOJ[-liquid-container17" processor1 ":buildBlockFro ...
  305:  write null processor1 ":buildBlockFromCfg:config"            ...
  306:  write false processor1 ":buildBlockFromCfg*finished"         ...
  307:  write 2 processor1 "@counter"                                ...
        label *label378                                              ...
  308:  wait 0                                                       ...
  309:  read *tmp33 processor1 ":buildBlockFromCfg*finished"         ...
  310:  jump *label378 equal *tmp33 false                            ...
  311:  write "A¡ASJ\\-water-extractor18" processor1 ":buildBlockFro ...
  312:  write null processor1 ":buildBlockFromCfg:config"            ...
  313:  write false processor1 ":buildBlockFromCfg*finished"         ...
  314:  write 2 processor1 "@counter"                                ...
        label *label381                                              ...
  315:  wait 0                                                       ...
  316:  read *tmp33 processor1 ":buildBlockFromCfg*finished"         ...
  317:  jump *label381 equal *tmp33 false                            ...
  318:  write "AAKJ]-steam-generator19" processor1 ":buildBlockFrom ...
  319:  write null processor1 ":buildBlockFromCfg:config"            ...
  320:  write false processor1 ":buildBlockFromCfg*finished"         ...
  321:  write 2 processor1 "@counter"                                ...
        label *label384                                              ...
  322:  wait 0                                                       ...
  323:  read *tmp33 processor1 ":buildBlockFromCfg*finished"         ...
  324:  jump *label384 equal *tmp33 false                            ...
  325:  write "AKFRJ_-multi-press21" processor1 ":buildBlockFromCfg: ...
  326:  write null processor1 ":buildBlockFromCfg:config"            ...
  327:  write false processor1 ":buildBlockFromCfg*finished"         ...
  328:  write 2 processor1 "@counter"                                ...
        label *label387                                              ...
  329:  wait 0                                                       ...
  330:  read *tmp33 processor1 ":buildBlockFromCfg*finished"         ...
  331:  jump *label387 equal *tmp33 false                            ...
  332:  write 200 processor1 ".graphiteSurplus"                      BaseBuilder.mnd: builderController.graphiteSurplus = 200;
  333:  write "ALQIJ^-silicon-smelter20" processor1 ":buildBlockFrom BaseBuilder.mnd: return builderController.buildBlockFromCfg(cfg, null);
  334:  write null processor1 ":buildBlockFromCfg:config"            ...
  335:  write false processor1 ":buildBlockFromCfg*finished"         ...
  336:  write 2 processor1 "@counter"                                ...
        label *label390                                              ...
  337:  wait 0                                                       ...
  338:  read *tmp33 processor1 ":buildBlockFromCfg*finished"         ...
  339:  jump *label390 equal *tmp33 false                            ...
  340:  jump *label115 equal .scrap false                            BaseBuilder.mnd: if scrap then
  341:  write "AXTNJl-pulverizer34" processor1 ":buildBlockFromCfg:c BaseBuilder.mnd: return builderController.buildBlockFromCfg(cfg, null);
  342:  write null processor1 ":buildBlockFromCfg:config"            ...
  343:  write false processor1 ":buildBlockFromCfg*finished"         ...
  344:  write 2 processor1 "@counter"                                ...
        label *label438                                              ...
  345:  wait 0                                                       ...
  346:  read *tmp33 processor1 ":buildBlockFromCfg*finished"         ...
  347:  jump *label438 equal *tmp33 false                            ...
  348:  write "AXTLJm-pulverizer35" processor1 ":buildBlockFromCfg:c ...
  349:  write null processor1 ":buildBlockFromCfg:config"            ...
  350:  write false processor1 ":buildBlockFromCfg*finished"         ...
  351:  write 2 processor1 "@counter"                                ...
        label *label441                                              ...
  352:  wait 0                                                       ...
  353:  read *tmp33 processor1 ":buildBlockFromCfg*finished"         ...
  354:  jump *label441 equal *tmp33 false                            ...
  355:  write .sandContainer processor8 ":setScrapContainer:scrapCon BaseBuilder.mnd: polyController.setScrapContainer(sandContainer);
  356:  write false processor8 ":setScrapContainer*finished"         ...
  357:  write 1 processor8 "@counter"                                ...
        label *label119                                              ...
  358:  wait 0                                                       ...
  359:  read *tmp15 processor8 ":setScrapContainer*finished"         ...
  360:  jump *label119 equal *tmp15 false                            ...
        label *label115                                              BaseBuilder.mnd: if scrap then
  361:  write "A©HFJ`-unloader22" processor1 ":buildBlockFromCfg:cfg BaseBuilder.mnd: return builderController.buildBlockFromCfg(cfg, null);
  362:  write null processor1 ":buildBlockFromCfg:config"            ...
  363:  write false processor1 ":buildBlockFromCfg*finished"         ...
  364:  write 2 processor1 "@counter"                                ...
        label *label393                                              ...
  365:  wait 0                                                       ...
  366:  read *tmp33 processor1 ":buildBlockFromCfg*finished"         ...
  367:  jump *label393 equal *tmp33 false                            ...
  368:  write "A{HDJa-inverted-sorter23" processor1 ":buildBlockFrom ...
  369:  write null processor1 ":buildBlockFromCfg:config"            ...
  370:  write false processor1 ":buildBlockFromCfg*finished"         ...
  371:  write 2 processor1 "@counter"                                ...
        label *label396                                              ...
  372:  wait 0                                                       ...
  373:  read *tmp33 processor1 ":buildBlockFromCfg*finished"         ...
  374:  jump *label396 equal *tmp33 false                            ...
  375:  write "AÀF@Lb-additive-reconstructor24" processor1 ":buildBl ...
  376:  write null processor1 ":buildBlockFromCfg:config"            ...
  377:  write false processor1 ":buildBlockFromCfg*finished"         ...
  378:  write 2 processor1 "@counter"                                ...
        label *label399                                              ...
  379:  wait 0                                                       ...
  380:  read *tmp33 processor1 ":buildBlockFromCfg*finished"         ...
  381:  jump *label399 equal *tmp33 false                            ...
  382:  write 1000 processor1 ".siliconSurplus"                      BaseBuilder.mnd: builderController.siliconSurplus = 1000;
  383:  write 20 processor1 ".siliconMonoSurplus"                    BaseBuilder.mnd: builderController.siliconMonoSurplus = 20;
  384:  write 100 processor1 ".metaglassSurplus"                     BaseBuilder.mnd: builderController.metaglassSurplus = 100;
  385:  write 4 AÕFFJS-micro-processor9 ".monoTarget"                BaseBuilder.mnd: processor.monoTarget = target;
  386:  write 3 AÕFFJS-micro-processor9 ".polyTarget"                BaseBuilder.mnd: processor.polyTarget = target;
  387:  write 0 processor1 ":meetTarget:block"                       BaseBuilder.mnd: builderController.meetTarget(0, 0, 0, 0, 0, 0, 0, 0, false, true);
  388:  write 0 processor1 ":meetTarget:copper"                      ...
  389:  write 0 processor1 ":meetTarget:lead"                        ...
  390:  write 0 processor1 ":meetTarget:graphite"                    ...
  391:  write 0 processor1 ":meetTarget:silicon"                     ...
  392:  write 0 processor1 ":meetTarget:titanium"                    ...
  393:  write 0 processor1 ":meetTarget:metaglass"                   ...
  394:  write 0 processor1 ":meetTarget:thorium"                     ...
  395:  write false processor1 ":meetTarget:forBuild"                ...
  396:  write true processor1 ":meetTarget:isNoTarget"               ...
  397:  write false processor1 ":meetTarget*finished"                ...
  398:  write 6 processor1 "@counter"                                ...
        label *label408                                              ...
  399:  wait 0                                                       ...
  400:  read *tmp34 processor1 ":meetTarget*finished"                ...
  401:  jump *label408 equal *tmp34 false                            ...
  402:  write 0 processor2 ".totalTargets"                           BaseBuilder.mnd: displayProcessor.totalTargets = 0;
  403:  write null processor2 ".nextBlock"                           BaseBuilder.mnd: displayProcessor.nextBlock = null;
  404:  write 0 AÕFFJS-micro-processor9 ".siliconReserve"            BaseBuilder.mnd: processor.siliconReserve = 0;
  405:  write 0 AÕFFJS-micro-processor9 ".graphiteReserve"           BaseBuilder.mnd: processor.graphiteReserve = 0;
  406:  read *tmp16 AÕFFJS-micro-processor9 ".polys"                 BaseBuilder.mnd: while processor.polys < 2 do
  407:  jump *label128 greaterThanEq *tmp16 2                        ...
        label *label242                                              ...
  408:  write false processor1 ":supplyBase*finished"                BaseBuilder.mnd: builderController.supplyBase();
  409:  write 8 processor1 "@counter"                                ...
        label *label129                                              ...
  410:  wait 0                                                       ...
  411:  read *tmp17 processor1 ":supplyBase*finished"                ...
  412:  jump *label129 equal *tmp17 false                            ...
  413:  read *tmp16 AÕFFJS-micro-processor9 ".polys"                 BaseBuilder.mnd: while processor.polys < 2 do
  414:  jump *label242 lessThan *tmp16 2                             ...
        label *label128                                              ...
  415:  write 2 AÕFFJS-micro-processor9 ".flareTarget"               BaseBuilder.mnd: processor.flareTarget = target;
  416:  read *tmp18 AÕFFJS-micro-processor9 ".flares"                BaseBuilder.mnd: while processor.flares < 2 do
  417:  jump *label133 greaterThanEq *tmp18 2                        ...
        label *label243                                              ...
  418:  write false processor1 ":supplyBase*finished"                BaseBuilder.mnd: builderController.supplyBase();
  419:  write 8 processor1 "@counter"                                ...
        label *label134                                              ...
  420:  wait 0                                                       ...
  421:  read *tmp19 processor1 ":supplyBase*finished"                ...
  422:  jump *label134 equal *tmp19 false                            ...
  423:  read *tmp18 AÕFFJS-micro-processor9 ".flares"                BaseBuilder.mnd: while processor.flares < 2 do
  424:  jump *label243 lessThan *tmp18 2                             ...
        label *label133                                              ...
  425:  write @ore-titanium processor2 ".nextBlock"                  BaseBuilder.mnd: displayProcessor.nextBlock = @ore-titanium;
  426:  ubind @flare                                                 BaseBuilder.mnd: ubind(@flare);
  427:  read :blocksBuildTitaniumDrills:current processor3 ".locatio BaseBuilder.mnd: var current = oreLocator.locations;
  428:  write .coreX processor3 ":findDrillLocation:x"               BaseBuilder.mnd: async(oreLocator.findDrillLocation(coreX, coreY, @unit, @titanium, @ore-titanium, 4, 1e9));
  429:  write .coreY processor3 ":findDrillLocation:y"               ...
  430:  write @unit processor3 ":findDrillLocation:unit"             ...
  431:  write @titanium processor3 ":findDrillLocation:item"         ...
  432:  write @ore-titanium processor3 ":findDrillLocation:ore"      ...
  433:  write 4 processor3 ":findDrillLocation:size"                 ...
  434:  write 1000000000 processor3 ":findDrillLocation:limit"       ...
  435:  write false processor3 ":findDrillLocation*finished"         ...
  436:  write 1 processor3 "@counter"                                ...
  437:  ubind .builder                                               BaseBuilder.mnd: ubind(builder);
  438:  write :blocksBuildTitaniumDrills:current processor1 ":buildT BaseBuilder.mnd: builderController.buildTitaniumDrills(current);
  439:  write false processor1 ":buildTitaniumDrills*finished"       ...
  440:  write 5 processor1 "@counter"                                ...
        label *label136                                              ...
  441:  wait 0                                                       ...
  442:  read *tmp20 processor1 ":buildTitaniumDrills*finished"       ...
  443:  jump *label136 equal *tmp20 false                            ...
  444:  write false processor3 ":stopLocation*finished"              BaseBuilder.mnd: async(oreLocator.stopLocation());
  445:  write 3 processor3 "@counter"                                ...
  446:  write null processor2 ".nextBlock"                           BaseBuilder.mnd: displayProcessor.nextBlock = null;
  447:  write 10 processor1 ".graphiteSurplus"                       BaseBuilder.mnd: builderController.graphiteSurplus = 10;
  448:  write 50 processor1 ".metaglassSurplus"                      BaseBuilder.mnd: builderController.metaglassSurplus = 50;
  449:  write @ore-thorium processor2 ".nextBlock"                   BaseBuilder.mnd: displayProcessor.nextBlock = @ore-thorium;
  450:  write .coreX processor3 ":layoutThoriumDrill:x"              BaseBuilder.mnd: oreLocator.layoutThoriumDrill(coreX, coreY, @unit, 7);
  451:  write .coreY processor3 ":layoutThoriumDrill:y"              ...
  452:  write @unit processor3 ":layoutThoriumDrill:unit"            ...
  453:  write 7 processor3 ":layoutThoriumDrill:limit"               ...
  454:  write false processor3 ":layoutThoriumDrill*finished"        ...
  455:  write 2 processor3 "@counter"                                ...
        label *label138                                              ...
  456:  wait 0                                                       ...
  457:  read *tmp21 processor3 ":layoutThoriumDrill*finished"        ...
  458:  jump *label138 equal *tmp21 false                            ...
  459:  write "AJJJ~-laser-drill52" processor1 ":meetTargetCfg:cfg" BaseBuilder.mnd: builderController.meetTargetCfg(LASER_DRILL, false);
  460:  write false processor1 ":meetTargetCfg:forBuild"             ...
  461:  write false processor1 ":meetTargetCfg*finished"             ...
  462:  write 7 processor1 "@counter"                                ...
        label *label139                                              ...
  463:  wait 0                                                       ...
  464:  read *tmp22 processor1 ":meetTargetCfg*finished"             ...
  465:  jump *label139 equal *tmp22 false                            ...
        label *label140                                              BaseBuilder.mnd: var result = await(oreLocator.layoutThoriumDrill);
  466:  wait 0                                                       ...
  467:  read *tmp23 processor3 ":layoutThoriumDrill*finished"        ...
  468:  jump *label140 equal *tmp23 false                            ...
  469:  read :buildThoriumDrill:result processor3 ":layoutThoriumDri ...
  470:  jump *label141 notEqual :buildThoriumDrill:result false      BaseBuilder.mnd: if !result then error("Cannot locate spot for thorium drill"); end;
  471:  error "Cannot locate spot for thorium drill" 0 0 0 0 0 0 0 0 ...
        label *label141                                              ...
  471:  write @laser-drill processor1 ":buildBlockAt:block"          BaseBuilder.mnd: thoriumDrill = builderController.buildBlockAt(@laser-drill, oreLocator.drillX, oreLocator.drillY, null, 0, -1);
  472:  read *tmp24 processor3 ".drillX"                             ...
  473:  write *tmp24 processor1 ":buildBlockAt:x"                    ...
  474:  read *tmp25 processor3 ".drillY"                             ...
  475:  write *tmp25 processor1 ":buildBlockAt:y"                    ...
  476:  write null processor1 ":buildBlockAt:rotation"               ...
  477:  write 0 processor1 ":buildBlockAt:config"                    ...
  478:  write -1 processor1 ":buildBlockAt:index"                    ...
  479:  write false processor1 ":buildBlockAt*finished"              ...
  480:  write 1 processor1 "@counter"                                ...
        label *label143                                              ...
  481:  wait 0                                                       ...
  482:  read *tmp26 processor1 ":buildBlockAt*finished"              ...
  483:  jump *label143 equal *tmp26 false                            ...
  484:  read .thoriumDrill processor1 ":buildBlockAt*retval"         ...
  485:  read :buildRemoteBlockLocal:x processor3 ".water1X"          BaseBuilder.mnd: buildRemoteBlockLocal(WATER_EXT, oreLocator.water1X, oreLocator.water1Y);
  486:  read :buildRemoteBlockLocal:y processor3 ".water1Y"          ...
  487:  write "A¡ASJ\\-water-extractor18" processor1 ":buildRemoteBl BaseBuilder.mnd: builderController.buildRemoteBlock(cfg, x, y);
  488:  write :buildRemoteBlockLocal:x processor1 ":buildRemoteBlock ...
  489:  write :buildRemoteBlockLocal:y processor1 ":buildRemoteBlock ...
  490:  write false processor1 ":buildRemoteBlock*finished"          ...
  491:  write 4 processor1 "@counter"                                ...
        label *label306                                              ...
  492:  wait 0                                                       ...
  493:  read *tmp32 processor1 ":buildRemoteBlock*finished"          ...
  494:  jump *label306 equal *tmp32 false                            ...
  495:  read :buildRemoteBlockLocal:x processor3 ".water2X"          BaseBuilder.mnd: buildRemoteBlockLocal(WATER_EXT, oreLocator.water2X, oreLocator.water2Y);
  496:  read :buildRemoteBlockLocal:y processor3 ".water2Y"          ...
  497:  write "A¡ASJ\\-water-extractor18" processor1 ":buildRemoteBl BaseBuilder.mnd: builderController.buildRemoteBlock(cfg, x, y);
  498:  write :buildRemoteBlockLocal:x processor1 ":buildRemoteBlock ...
  499:  write :buildRemoteBlockLocal:y processor1 ":buildRemoteBlock ...
  500:  write false processor1 ":buildRemoteBlock*finished"          ...
  501:  write 4 processor1 "@counter"                                ...
        label *label309                                              ...
  502:  wait 0                                                       ...
  503:  read *tmp32 processor1 ":buildRemoteBlock*finished"          ...
  504:  jump *label309 equal *tmp32 false                            ...
  505:  read :buildRemoteBlockLocal:x processor3 ".generatorX"       BaseBuilder.mnd: thoriumGenerator = buildRemoteBlockLocal(STEAM_GEN, oreLocator.generatorX, oreLocator.generatorY);
  506:  read :buildRemoteBlockLocal:y processor3 ".generatorY"       ...
  507:  write "AAKJ]-steam-generator19" processor1 ":buildRemoteBlo BaseBuilder.mnd: builderController.buildRemoteBlock(cfg, x, y);
  508:  write :buildRemoteBlockLocal:x processor1 ":buildRemoteBlock ...
  509:  write :buildRemoteBlockLocal:y processor1 ":buildRemoteBlock ...
  510:  write false processor1 ":buildRemoteBlock*finished"          ...
  511:  write 4 processor1 "@counter"                                ...
        label *label312                                              ...
  512:  wait 0                                                       ...
  513:  read *tmp32 processor1 ":buildRemoteBlock*finished"          ...
  514:  jump *label312 equal *tmp32 false                            ...
  515:  read .thoriumGenerator processor1 ":buildRemoteBlock*retval" BaseBuilder.mnd: def buildRemoteBlockLocal(cfg, x, y)
  516:  read :buildRemoteBlockLocal:x processor3 ".node1X"           BaseBuilder.mnd: buildRemoteBlockLocal(POWER_NODE, oreLocator.node1X, oreLocator.node1Y);
  517:  read :buildRemoteBlockLocal:y processor3 ".node1Y"           ...
  518:  write "AFHJT-power-node10" processor1 ":buildRemoteBlock:cf BaseBuilder.mnd: builderController.buildRemoteBlock(cfg, x, y);
  519:  write :buildRemoteBlockLocal:x processor1 ":buildRemoteBlock ...
  520:  write :buildRemoteBlockLocal:y processor1 ":buildRemoteBlock ...
  521:  write false processor1 ":buildRemoteBlock*finished"          ...
  522:  write 4 processor1 "@counter"                                ...
        label *label315                                              ...
  523:  wait 0                                                       ...
  524:  read *tmp32 processor1 ":buildRemoteBlock*finished"          ...
  525:  jump *label315 equal *tmp32 false                            ...
  526:  read :buildRemoteBlockLocal:x processor3 ".node2X"           BaseBuilder.mnd: buildRemoteBlockLocal(POWER_NODE, oreLocator.node2X, oreLocator.node2Y);
  527:  read :buildRemoteBlockLocal:y processor3 ".node2Y"           ...
  528:  write "AFHJT-power-node10" processor1 ":buildRemoteBlock:cf BaseBuilder.mnd: builderController.buildRemoteBlock(cfg, x, y);
  529:  write :buildRemoteBlockLocal:x processor1 ":buildRemoteBlock ...
  530:  write :buildRemoteBlockLocal:y processor1 ":buildRemoteBlock ...
  531:  write false processor1 ":buildRemoteBlock*finished"          ...
  532:  write 4 processor1 "@counter"                                ...
        label *label318                                              ...
  533:  wait 0                                                       ...
  534:  read *tmp32 processor1 ":buildRemoteBlock*finished"          ...
  535:  jump *label318 equal *tmp32 false                            ...
  536:  read :buildRemoteBlockLocal:x processor3 ".panelX"           BaseBuilder.mnd: buildRemoteBlockLocal(SOLAR_PANEL, oreLocator.panelX, oreLocator.panelY);
  537:  read :buildRemoteBlockLocal:y processor3 ".panelY"           ...
  538:  write "AJJJ~-solar-panel52" processor1 ":buildRemoteBlock:c BaseBuilder.mnd: builderController.buildRemoteBlock(cfg, x, y);
  539:  write :buildRemoteBlockLocal:x processor1 ":buildRemoteBlock ...
  540:  write :buildRemoteBlockLocal:y processor1 ":buildRemoteBlock ...
  541:  write false processor1 ":buildRemoteBlock*finished"          ...
  542:  write 4 processor1 "@counter"                                ...
        label *label321                                              ...
  543:  wait 0                                                       ...
  544:  read *tmp32 processor1 ":buildRemoteBlock*finished"          ...
  545:  jump *label321 equal *tmp32 false                            ...
  546:  read :buildRemoteBlockLocal:x processor3 ".batteryX"         BaseBuilder.mnd: thoriumBattery = buildRemoteBlockLocal(BATTERY1, oreLocator.batteryX, oreLocator.batteryY);
  547:  read :buildRemoteBlockLocal:y processor3 ".batteryY"         ...
  548:  write "AJTJK-battery1" processor1 ":buildRemoteBlock:cfg"   BaseBuilder.mnd: builderController.buildRemoteBlock(cfg, x, y);
  549:  write :buildRemoteBlockLocal:x processor1 ":buildRemoteBlock ...
  550:  write :buildRemoteBlockLocal:y processor1 ":buildRemoteBlock ...
  551:  write false processor1 ":buildRemoteBlock*finished"          ...
  552:  write 4 processor1 "@counter"                                ...
        label *label324                                              ...
  553:  wait 0                                                       ...
  554:  read *tmp32 processor1 ":buildRemoteBlock*finished"          ...
  555:  jump *label324 equal *tmp32 false                            ...
  556:  read .thoriumBattery processor1 ":buildRemoteBlock*retval"   BaseBuilder.mnd: def buildRemoteBlockLocal(cfg, x, y)
  557:  read :buildRemoteBlockLocal:x processor3 ".containerX"       BaseBuilder.mnd: thoriumContainer = buildRemoteBlockLocal(CONTAINER, oreLocator.containerX, oreLocator.containerY);
  558:  read :buildRemoteBlockLocal:y processor3 ".containerY"       ...
  559:  write "A¨JJJ~-container52" processor1 ":buildRemoteBlock:cfg BaseBuilder.mnd: builderController.buildRemoteBlock(cfg, x, y);
  560:  write :buildRemoteBlockLocal:x processor1 ":buildRemoteBlock ...
  561:  write :buildRemoteBlockLocal:y processor1 ":buildRemoteBlock ...
  562:  write false processor1 ":buildRemoteBlock*finished"          ...
  563:  write 4 processor1 "@counter"                                ...
        label *label327                                              ...
  564:  wait 0                                                       ...
  565:  read *tmp32 processor1 ":buildRemoteBlock*finished"          ...
  566:  jump *label327 equal *tmp32 false                            ...
  567:  read :buildRemoteBlockLocal*retval processor1 ":buildRemoteB BaseBuilder.mnd: def buildRemoteBlockLocal(cfg, x, y)
  568:  select .thoriumContainer equal :buildRemoteBlockLocal*retval BaseBuilder.mnd: if thoriumContainer == null then thoriumContainer = thoriumDrill; end;
  569:  write .thoriumDrill processor2 ".thoriumDrill"               BaseBuilder.mnd: displayProcessor.thoriumDrill = thoriumDrill;
  570:  write .thoriumContainer processor2 ".thoriumContainer"       BaseBuilder.mnd: displayProcessor.thoriumContainer = thoriumContainer;
  571:  write .thoriumBattery processor1 ".thoriumBattery"           BaseBuilder.mnd: builderController.thoriumBattery = thoriumBattery;
  572:  write .thoriumContainer processor1 ".thoriumContainer"       BaseBuilder.mnd: builderController.thoriumContainer = thoriumContainer;
  573:  write .thoriumGenerator processor1 ".thoriumGenerator"       BaseBuilder.mnd: builderController.thoriumGenerator = thoriumGenerator;
  574:  write .thoriumContainer processor8 ":setThoriumContainer:con BaseBuilder.mnd: polyController.setThoriumContainer(thoriumContainer);
  575:  write false processor8 ":setThoriumContainer*finished"       ...
  576:  write 2 processor8 "@counter"                                ...
        label *label154                                              ...
  577:  wait 0                                                       ...
  578:  read *tmp27 processor8 ":setThoriumContainer*finished"       ...
  579:  jump *label154 equal *tmp27 false                            ...
  580:  write null processor2 ".nextBlock"                           BaseBuilder.mnd: displayProcessor.nextBlock = null;
  581:  read *tmp28 AÕFFJS-micro-processor9 ".polys"                 BaseBuilder.mnd: while processor.polys < 3 do
  582:  jump *label157 greaterThanEq *tmp28 3                        ...
        label *label244                                              ...
  583:  write false processor1 ":supplyBase*finished"                BaseBuilder.mnd: builderController.supplyBase();
  584:  write 8 processor1 "@counter"                                ...
        label *label158                                              ...
  585:  wait 0                                                       ...
  586:  read *tmp29 processor1 ":supplyBase*finished"                ...
  587:  jump *label158 equal *tmp29 false                            ...
  588:  read *tmp28 AÕFFJS-micro-processor9 ".polys"                 BaseBuilder.mnd: while processor.polys < 3 do
  589:  jump *label244 lessThan *tmp28 3                             ...
        label *label157                                              ...
  590:  op add :setMonoTarget.2:target 4 .scrap                      BaseBuilder.mnd: setMonoTarget(4 + scrap);
  591:  write :setMonoTarget.2:target AÕFFJS-micro-processor9 ".mono BaseBuilder.mnd: processor.monoTarget = target;
  592:  write 3209 AÕFFJS-micro-processor9 ".powerTarget"            BaseBuilder.mnd: processor.powerTarget = 3209;
  593:  write 120 processor1 ".siliconMonoSurplus"                   BaseBuilder.mnd: builderController.siliconMonoSurplus = 120;
  594:  write 0 processor1 ".leadSurplus"                            BaseBuilder.mnd: builderController.leadSurplus = 0;
  595:  write "AÁNBJc-multiplicative-reconstructor25" processor1 ":b BaseBuilder.mnd: return builderController.buildBlockFromCfg(cfg, null);
  596:  write null processor1 ":buildBlockFromCfg:config"            ...
  597:  write false processor1 ":buildBlockFromCfg*finished"         ...
  598:  write 2 processor1 "@counter"                                ...
        label *label402                                              ...
  599:  wait 0                                                       ...
  600:  read *tmp33 processor1 ":buildBlockFromCfg*finished"         ...
  601:  jump *label402 equal *tmp33 false                            ...
  602:  write 10 processor1 ".metaglassSurplus"                      BaseBuilder.mnd: builderController.metaglassSurplus = 10;
  603:  write 0 AÕFFJS-micro-processor9 ".polyTarget"                BaseBuilder.mnd: processor.polyTarget = target;
  604:  write 0 AÕFFJS-micro-processor9 ".flareTarget"               BaseBuilder.mnd: processor.flareTarget = target;
  605:  write 1 AÕFFJS-micro-processor9 ".megaTarget"                BaseBuilder.mnd: processor.megaTarget = target;
  606:  write 0 processor1 ":meetTarget:block"                       BaseBuilder.mnd: builderController.meetTarget(0, 0, 0, 0, 0, 0, 0, 0, false, true);
  607:  write 0 processor1 ":meetTarget:copper"                      ...
  608:  write 0 processor1 ":meetTarget:lead"                        ...
  609:  write 0 processor1 ":meetTarget:graphite"                    ...
  610:  write 0 processor1 ":meetTarget:silicon"                     ...
  611:  write 0 processor1 ":meetTarget:titanium"                    ...
  612:  write 0 processor1 ":meetTarget:metaglass"                   ...
  613:  write 0 processor1 ":meetTarget:thorium"                     ...
  614:  write false processor1 ":meetTarget:forBuild"                ...
  615:  write true processor1 ":meetTarget:isNoTarget"               ...
  616:  write false processor1 ":meetTarget*finished"                ...
  617:  write 6 processor1 "@counter"                                ...
        label *label411                                              ...
  618:  wait 0                                                       ...
  619:  read *tmp34 processor1 ":meetTarget*finished"                ...
  620:  jump *label411 equal *tmp34 false                            ...
  621:  write 0 processor2 ".totalTargets"                           BaseBuilder.mnd: displayProcessor.totalTargets = 0;
  622:  write null processor2 ".nextBlock"                           BaseBuilder.mnd: displayProcessor.nextBlock = null;
  623:  write 0 AÕFFJS-micro-processor9 ".siliconReserve"            BaseBuilder.mnd: processor.siliconReserve = 0;
  624:  write 0 AÕFFJS-micro-processor9 ".graphiteReserve"           BaseBuilder.mnd: processor.graphiteReserve = 0;
  625:  read *tmp30 AÕFFJS-micro-processor9 ".polys"                 BaseBuilder.mnd: var tmp = processor.polys - 1;
  626:  op sub :tmp *tmp30 1                                         ...
  627:  write :tmp AÕFFJS-micro-processor9 ".polyTarget"             BaseBuilder.mnd: processor.polyTarget = tmp;
  628:  write :tmp AÕFFJS-micro-processor9 ".polys"                  BaseBuilder.mnd: processor.polys = tmp;
  629:  write :tmp processor2 ".polys"                               BaseBuilder.mnd: displayProcessor.polys = tmp;
  630:  sensor :x AÁNBJc-multiplicative-reconstructor25 @x           BaseBuilder.mnd: var x = multiplicative_rec.@x;
  631:  sensor :y AÁNBJc-multiplicative-reconstructor25 @y           BaseBuilder.mnd: var y = multiplicative_rec.@y;
        label *label165                                              BaseBuilder.mnd: do
  632:  ucontrol move :x :y 0 0 0                                    BaseBuilder.mnd: move(x, y);
  633:  ucontrol payEnter 0 0 0 0 0                                  BaseBuilder.mnd: payEnter();
  634:  read *tmp31 AÕFFJS-micro-processor9 ".megas"                 BaseBuilder.mnd: while !processor.megas;
  635:  jump *label165 equal *tmp31 false                            BaseBuilder.mnd: do
  636:  write true AÕFFJS-micro-processor9 ".finished"               BaseBuilder.mnd: processor.finished = true;
  637:  control enabled processor9 false 0 0 0                       BaseBuilder.mnd: timer.enabled = false;
  638:  control enabled processor5 false 0 0 0                       BaseBuilder.mnd: flareController.enabled = false;
  639:  control enabled processor7 false 0 0 0                       BaseBuilder.mnd: monoController.enabled = false;
  640:  control enabled processor8 false 0 0 0                       BaseBuilder.mnd: polyController.enabled = false;
  641:  control enabled processor3 false 0 0 0                       BaseBuilder.mnd: oreLocator.enabled = false;
  642:  control enabled processor1 false 0 0 0                       BaseBuilder.mnd: builderController.enabled = false;
  643:  control enabled processor6 false 0 0 0                       BaseBuilder.mnd: measurements.enabled = false;
        label *label274                                              BaseBuilder.mnd: do
  644:  ubind @mega                                                  BaseBuilder.mnd: firstUnit = ubind(unit);
  645:  set :flagUnits:firstUnit @unit                               ...
  646:  jump *label274 equal :flagUnits:firstUnit null               BaseBuilder.mnd: do
  647:  op add :flagUnits:x .coreX 8                                 BaseBuilder.mnd: var x = coreX + 8;
        label *label277                                              BaseBuilder.mnd: do
  648:  ucontrol flag :flagUnits:x 0 0 0 0                           BaseBuilder.mnd: flag(x);
  649:  op add :flagUnits:x :flagUnits:x 4                           BaseBuilder.mnd: x += 4;
  650:  ubind @mega                                                  BaseBuilder.mnd: ubind(unit);
  651:  jump *label277 notEqual @unit :flagUnits:firstUnit           BaseBuilder.mnd: do
        label *label282                                              BaseBuilder.mnd: do
  652:  ubind @poly                                                  BaseBuilder.mnd: firstUnit = ubind(unit);
  653:  set :flagUnits:firstUnit @unit                               ...
  654:  jump *label282 equal :flagUnits:firstUnit null               BaseBuilder.mnd: do
  655:  op add :flagUnits:x .coreX 8                                 BaseBuilder.mnd: var x = coreX + 8;
        label *label285                                              BaseBuilder.mnd: do
  656:  ucontrol flag :flagUnits:x 0 0 0 0                           BaseBuilder.mnd: flag(x);
  657:  op add :flagUnits:x :flagUnits:x 4                           BaseBuilder.mnd: x += 4;
  658:  ubind @poly                                                  BaseBuilder.mnd: ubind(unit);
  659:  jump *label285 notEqual @unit :flagUnits:firstUnit           BaseBuilder.mnd: do
        label *label290                                              BaseBuilder.mnd: do
  660:  ubind @mono                                                  BaseBuilder.mnd: firstUnit = ubind(unit);
  661:  set :flagUnits:firstUnit @unit                               ...
  662:  jump *label290 equal :flagUnits:firstUnit null               BaseBuilder.mnd: do
  663:  op add :flagUnits:x .coreX 8                                 BaseBuilder.mnd: var x = coreX + 8;
        label *label293                                              BaseBuilder.mnd: do
  664:  ucontrol flag :flagUnits:x 0 0 0 0                           BaseBuilder.mnd: flag(x);
  665:  op add :flagUnits:x :flagUnits:x 4                           BaseBuilder.mnd: x += 4;
  666:  ubind @mono                                                  BaseBuilder.mnd: ubind(unit);
  667:  jump *label293 notEqual @unit :flagUnits:firstUnit           BaseBuilder.mnd: do
        label *label298                                              BaseBuilder.mnd: do
  668:  ubind @flare                                                 BaseBuilder.mnd: firstUnit = ubind(unit);
  669:  set :flagUnits:firstUnit @unit                               ...
  670:  jump *label298 equal :flagUnits:firstUnit null               BaseBuilder.mnd: do
  671:  op add :flagUnits:x .coreX 8                                 BaseBuilder.mnd: var x = coreX + 8;
        label *label301                                              BaseBuilder.mnd: do
  672:  ucontrol flag :flagUnits:x 0 0 0 0                           BaseBuilder.mnd: flag(x);
  673:  op add :flagUnits:x :flagUnits:x 4                           BaseBuilder.mnd: x += 4;
  674:  ubind @flare                                                 BaseBuilder.mnd: ubind(unit);
  675:  jump *label301 notEqual @unit :flagUnits:firstUnit           BaseBuilder.mnd: do
        label *label173                                              BaseBuilder.mnd: while true do
  676:  op add :lineUpUnits:y .coreY 6                               BaseBuilder.mnd: lineUpUnits(coreY + 6, @mega);
  677:  ubind @mega                                                  BaseBuilder.mnd: var firstUnit = ubind(unit);
  678:  set :lineUpUnits:firstUnit @unit                             ...
        label *label246                                              BaseBuilder.mnd: do
  679:  sensor :lineUpUnits:x @unit @flag                            BaseBuilder.mnd: var x = @unit.@flag;
  680:  ucontrol itemDrop @air 1000 0 0 0                            BaseBuilder.mnd: itemDrop(@air, 1000);
  681:  ucontrol move :lineUpUnits:x :lineUpUnits:y 0 0 0            BaseBuilder.mnd: move(x, y);
  682:  sensor *tmp35 @unit @mining                                  BaseBuilder.mnd: if @unit.@mining then stop(); end;
  683:  jump *label247 equal *tmp35 false                            ...
  684:  ucontrol stop 0 0 0 0 0                                      ...
        label *label247                                              ...
  685:  ubind @mega                                                  BaseBuilder.mnd: ubind(unit);
  686:  jump *label246 notEqual @unit :lineUpUnits:firstUnit         BaseBuilder.mnd: do
  687:  op add :lineUpUnits:y .coreY 2                               BaseBuilder.mnd: lineUpUnits(coreY + 2, @poly);
  688:  ubind @poly                                                  BaseBuilder.mnd: var firstUnit = ubind(unit);
  689:  set :lineUpUnits:firstUnit @unit                             ...
        label *label253                                              BaseBuilder.mnd: do
  690:  sensor :lineUpUnits:x @unit @flag                            BaseBuilder.mnd: var x = @unit.@flag;
  691:  ucontrol itemDrop @air 1000 0 0 0                            BaseBuilder.mnd: itemDrop(@air, 1000);
  692:  ucontrol move :lineUpUnits:x :lineUpUnits:y 0 0 0            BaseBuilder.mnd: move(x, y);
  693:  sensor *tmp35 @unit @mining                                  BaseBuilder.mnd: if @unit.@mining then stop(); end;
  694:  jump *label254 equal *tmp35 false                            ...
  695:  ucontrol stop 0 0 0 0 0                                      ...
        label *label254                                              ...
  696:  ubind @poly                                                  BaseBuilder.mnd: ubind(unit);
  697:  jump *label253 notEqual @unit :lineUpUnits:firstUnit         BaseBuilder.mnd: do
  698:  op sub :lineUpUnits:y .coreY 2                               BaseBuilder.mnd: lineUpUnits(coreY - 2, @mono);
  699:  ubind @mono                                                  BaseBuilder.mnd: var firstUnit = ubind(unit);
  700:  set :lineUpUnits:firstUnit @unit                             ...
        label *label260                                              BaseBuilder.mnd: do
  701:  sensor :lineUpUnits:x @unit @flag                            BaseBuilder.mnd: var x = @unit.@flag;
  702:  ucontrol itemDrop @air 1000 0 0 0                            BaseBuilder.mnd: itemDrop(@air, 1000);
  703:  ucontrol move :lineUpUnits:x :lineUpUnits:y 0 0 0            BaseBuilder.mnd: move(x, y);
  704:  sensor *tmp35 @unit @mining                                  BaseBuilder.mnd: if @unit.@mining then stop(); end;
  705:  jump *label261 equal *tmp35 false                            ...
  706:  ucontrol stop 0 0 0 0 0                                      ...
        label *label261                                              ...
  707:  ubind @mono                                                  BaseBuilder.mnd: ubind(unit);
  708:  jump *label260 notEqual @unit :lineUpUnits:firstUnit         BaseBuilder.mnd: do
  709:  op sub :lineUpUnits:y .coreY 6                               BaseBuilder.mnd: lineUpUnits(coreY - 6, @flare);
  710:  ubind @flare                                                 BaseBuilder.mnd: var firstUnit = ubind(unit);
  711:  set :lineUpUnits:firstUnit @unit                             ...
        label *label267                                              BaseBuilder.mnd: do
  712:  sensor :lineUpUnits:x @unit @flag                            BaseBuilder.mnd: var x = @unit.@flag;
  713:  ucontrol itemDrop @air 1000 0 0 0                            BaseBuilder.mnd: itemDrop(@air, 1000);
  714:  ucontrol move :lineUpUnits:x :lineUpUnits:y 0 0 0            BaseBuilder.mnd: move(x, y);
  715:  sensor *tmp35 @unit @mining                                  BaseBuilder.mnd: if @unit.@mining then stop(); end;
  716:  jump *label268 equal *tmp35 false                            ...
  717:  ucontrol stop 0 0 0 0 0                                      ...
        label *label268                                              ...
  718:  ubind @flare                                                 BaseBuilder.mnd: ubind(unit);
  719:  jump *label267 notEqual @unit :lineUpUnits:firstUnit         BaseBuilder.mnd: do
  720:  jump *label173 always 0 0                                    BaseBuilder.mnd: while true do


Code size and number of instantiations by function:
  Size  Times  AvgSize  Function
   247    35x      7,1  def buildBlockFromCfgLocal(in cfg)
   139     1x    139,0  <no function>
    67     8x      8,4  def buildRemoteBlockLocal(in cfg, in x, in y)
    63     1x     63,0  void buildThoriumDrill()
    57     3x     19,0  void buildUnits()
    40     4x     10,0  void lineUpUnits(in y, in unit)
    33     1x     33,0  def buildFirstTitaniumDrill(in cfg)
    32     4x      8,0  void flagUnits(in unit)
    20     1x     20,0  void blocksBuildTitaniumDrills()
    14     1x     14,0  void stopAll()
     7     1x      7,0  def buildBlockFromCfgLocal(in cfg, in config)
     3     3x      1,0  inline void setFlareTarget(in target)
     3     3x      1,0  inline void setMonoTarget(in target)
     2     2x      1,0  inline void setPolyTarget(in target)
     1     1x      1,0  inline void setMegaTarget(in target)


Symbolic link resolution:
    builderController    -> processor1
    coreControllerConfig -> processor4
    displayProcessor     -> processor2
    flareController      -> processor5
    measurements         -> processor6
    monoController       -> processor7
    oreLocator           -> processor3
    oreLogMemory         -> bank1
    polyController       -> processor8
    timer                -> processor9

