  1390 instructions before optimizations.
    49 instructions eliminated by Temp Variables Elimination (3 passes, 7 iterations).
     1 instruction eliminated by Case Expression Optimization.
   139 instructions eliminated by Dead Code Elimination (12 iterations).
    76 instructions eliminated by Condition Optimization (6 iterations).
    61 instructions eliminated by Single Step Elimination (2 passes, 7 iterations).
     8 instructions eliminated by Expression Optimization (2 passes, 3 iterations).
    10 instructions eliminated by Boolean Optimization (6 iterations).
       1 final jump of a short-circuited expression optimized.
       3 fully-evaluated expressions optimized using 'select's.
     1 instruction eliminated by If Expression Optimization (3 iterations).
   167 instructions eliminated by Data Flow Optimization (24 passes, 83 iterations).
     8 instructions added by Loop Rotation (3 iterations).
       6 loop conditions were partially rotated.
     2 instructions eliminated by Loop Unrolling (35 iterations).
     1 loop unrolled by Loop Unrolling.
   118 instructions added by Function Inlining (35 iterations).
    51 function calls inlined by Function Inlining.
    10 instructions eliminated by Jump Straightening (2 passes, 7 iterations).
    22 instructions updated by Jump Threading.
    14 calls threaded by Jump Threading.
    18 instructions eliminated by Unreachable Code Elimination (2 iterations).
   974 instructions after optimizations.

Pass 1: speed optimization selection (cost limit 24):
    Full loop rotation at Actions.mnd:32:5                       size    +1, benefit   206651.7, efficiency 206651.661
    Full loop rotation at Actions.mnd:54:5                       size    +1, benefit   153099.8, efficiency 153099.845
    Full loop rotation at Actions.mnd:77:9                       size    +1, benefit    93682.9, efficiency  93682.926
    Full loop rotation at BuilderController.mnd:242:5            size    +2, benefit     4609.3, efficiency   2304.656
    Full loop rotation at BuilderController.mnd:248:9            size    +2, benefit     2304.7, efficiency   1152.328
    Full loop rotation at BuilderController.mnd:416:9            size    +1, benefit      650.0, efficiency    650.000
    Unroll iteration loop at BuilderController.mnd:213:5         size   -13, benefit     4786.6, efficiency   Infinity
    Inline function 'status1' defined at Actions.mnd:7:1         size    -1, benefit    24268.0, efficiency   Infinity
    Inline function 'status2' defined at Actions.mnd:11:1        size    +7, benefit    34941.2, efficiency   4991.600
  * Inline function 'status3' defined at Actions.mnd:17:1        size    -1, benefit    74135.7, efficiency   Infinity (-11 instructions)
    Inline function 'transportStatus' defined at Actions.mnd:21:1 size    +2, benefit    57651.0, efficiency  28825.516
    Inline function 'moveTo' defined at Actions.mnd:30:1         size   +13, benefit    18598.6, efficiency   1430.665
    Inline function 'moveToEmpty' defined at Actions.mnd:43:1    size   +15, benefit    28825.5, efficiency   1921.701
    Inline function 'dropAll' defined at Actions.mnd:52:1        size    +5, benefit    17665.4, efficiency   3533.073
    Inline function 'moveToBlock' defined at Actions.mnd:60:1    size    -1, benefit    14412.8, efficiency   Infinity
  ! Inline function 'depositItems' defined at Actions.mnd:67:1   size   +45, benefit    28825.5, efficiency    640.567
    Inline function 'locateOre' defined at Actions.mnd:85:1      size    -1, benefit    11861.3, efficiency   Infinity
  ! Inline function 'mineOre' defined at Actions.mnd:92:1        size   +83, benefit    11861.3, efficiency    142.907
    Inline function 'mineOre' defined at Actions.mnd:126:1       size   +17, benefit      142.8, efficiency      8.402
  ! Inline function 'mineOre' defined at Actions.mnd:131:1       size   +71, benefit     7146.3, efficiency    100.652
  ! Inline function 'fetchBlock' defined at Actions.mnd:136:1    size   +29, benefit    16620.1, efficiency    573.107
  ! Inline function 'supplyBlock' defined at Actions.mnd:154:1   size   +64, benefit     4466.7, efficiency     69.792
    Inline function 'supplyBlockFromCore' defined at Actions.mnd:163:1 size    -1, benefit     1662.0, efficiency   Infinity
  ! Inline function 'unpackCfg' defined at Common.mnd:9:1        size   +37, benefit     1332.1, efficiency     36.003
  ! Inline function 'targetMet' defined at BuilderController.mnd:197:1 size   +71, benefit   118788.4, efficiency   1673.076
    Inline function 'buildBlock' defined at BuilderController.mnd:263:1 size   +23, benefit       14.3, efficiency      0.620
  ! Inline function 'titaniumDrillScore' defined at BuilderController.mnd:361:1 size   +26, benefit     8437.5, efficiency    324.519
  ! Inline function 'buildTitaniumDrill' defined at BuilderController.mnd:373:1 size  +315, benefit     8437.5, efficiency     26.786
    Inline function call at Actions.mnd:31:5                     size    +0, benefit    14465.6, efficiency   Infinity
    Inline function call at Actions.mnd:44:5                     size    +0, benefit    25222.3, efficiency   Infinity
    Inline function call at Actions.mnd:61:5                     size    +7, benefit    16214.4, efficiency   2316.336
    Inline function call at Actions.mnd:68:5                     size    +0, benefit    25222.3, efficiency   Infinity
    Inline function call at Actions.mnd:70:9                     size    +6, benefit    14412.8, efficiency   2402.126
    Inline function call at Actions.mnd:81:5                     size    +1, benefit    28825.5, efficiency  28825.516
    Inline function call at Actions.mnd:94:5                     size    +1, benefit    10543.4, efficiency  10543.387
    Inline function call at Actions.mnd:96:5                     size    +1, benefit    11861.3, efficiency  11861.310
    Inline function call at Actions.mnd:98:5                     size    +8, benefit    10543.4, efficiency   1317.923
    Inline function call at Actions.mnd:99:37                    size    +3, benefit     3953.8, efficiency   1317.923
    Inline function call at Actions.mnd:101:5                    size    +0, benefit     9225.5, efficiency   Infinity
  ! Inline function call at Actions.mnd:112:16                   size   +36, benefit    98844.3, efficiency   2745.674
    Inline function call at Actions.mnd:122:5                    size   +23, benefit    10543.4, efficiency    458.408
    Inline function call at Actions.mnd:127:5                    size    +2, benefit      160.7, efficiency     80.341
  ! Inline function call at Actions.mnd:128:5                    size   +42, benefit      160.7, efficiency      3.826
    Inline function call at Actions.mnd:132:5                    size    +2, benefit     9188.1, efficiency   4594.067
  ! Inline function call at Actions.mnd:133:5                    size   +42, benefit     9188.1, efficiency    218.765
    Inline function call at Actions.mnd:137:5                    size    +1, benefit    16620.1, efficiency  16620.117
    Inline function call at Actions.mnd:138:5                    size    +2, benefit    18697.6, efficiency   9348.816
    Inline function call at Actions.mnd:139:5                    size    +8, benefit    16620.1, efficiency   2077.515
    Inline function call at Actions.mnd:140:5                    size    +3, benefit    12465.1, efficiency   4155.029
    Inline function call at Actions.mnd:150:5                    size   +23, benefit    16620.1, efficiency    722.614
    Inline function call at Actions.mnd:155:5                    size    +2, benefit     5025.0, efficiency   2512.494
  ! Inline function call at Actions.mnd:159:9                    size   +42, benefit     2512.5, efficiency     59.821
    Inline function call at Actions.mnd:165:5                    size    +1, benefit     1662.0, efficiency   1662.012
    Inline function call at Actions.mnd:166:5                    size    +2, benefit     1869.8, efficiency    934.882
    Inline function call at Actions.mnd:167:5                    size    +8, benefit     1662.0, efficiency    207.751
    Inline function call at Actions.mnd:168:5                    size    +3, benefit     1246.5, efficiency    415.503
    Inline function call at Actions.mnd:178:5                    size   +23, benefit     1662.0, efficiency     72.261
    Inline function call at BuilderController.mnd:166:5          size    +0, benefit    11634.1, efficiency   Infinity
    Inline function call at BuilderController.mnd:171:17         size   +13, benefit     1662.0, efficiency    127.847
  ! Inline function call at BuilderController.mnd:173:17         size   +29, benefit     1662.0, efficiency     57.311
  ! Inline function call at BuilderController.mnd:177:5          size   +30, benefit    13296.1, efficiency    443.203
    Inline function call at BuilderController.mnd:161:5          size    +0, benefit     5817.0, efficiency   Infinity
    Inline function call at BuilderController.mnd:162:5          size    +9, benefit     5817.0, efficiency    646.338
    Inline function call at BuilderController.mnd:70:17          size    +0, benefit      727.1, efficiency   Infinity
    Inline function call at BuilderController.mnd:71:17          size   +13, benefit      831.0, efficiency     63.924
    Inline function call at BuilderController.mnd:78:17          size    +0, benefit      727.1, efficiency   Infinity
    Inline function call at BuilderController.mnd:79:17          size   +13, benefit      831.0, efficiency     63.924
    Inline function call at BuilderController.mnd:86:17          size    +0, benefit      727.1, efficiency   Infinity
    Inline function call at BuilderController.mnd:87:17          size   +13, benefit      831.0, efficiency     63.924
    Inline function call at BuilderController.mnd:92:25          size    +0, benefit       90.9, efficiency   Infinity
    Inline function call at BuilderController.mnd:93:25          size   +13, benefit      103.9, efficiency      7.990
    Inline function call at BuilderController.mnd:97:21          size    +0, benefit      181.8, efficiency   Infinity
    Inline function call at BuilderController.mnd:98:21          size   +13, benefit      207.8, efficiency     15.981
    Inline function call at BuilderController.mnd:109:17         size    +0, benefit      727.1, efficiency   Infinity
    Inline function call at BuilderController.mnd:110:17         size    +9, benefit      727.1, efficiency     80.792
    Inline function call at BuilderController.mnd:113:21         size    +0, benefit      181.8, efficiency   Infinity
    Inline function call at BuilderController.mnd:119:25         size    +9, benefit      103.9, efficiency     11.542
    Inline function call at BuilderController.mnd:121:25         size    +9, benefit       90.9, efficiency     10.099
    Inline function call at BuilderController.mnd:124:21         size    +0, benefit      181.8, efficiency   Infinity
    Inline function call at BuilderController.mnd:128:21         size    +9, benefit      181.8, efficiency     20.198
    Inline function call at BuilderController.mnd:131:17         size    +0, benefit      181.8, efficiency   Infinity
    Inline function call at BuilderController.mnd:132:17         size    +9, benefit      181.8, efficiency     20.198
    Inline function call at BuilderController.mnd:134:17         size    +0, benefit       90.9, efficiency   Infinity
    Inline function call at BuilderController.mnd:135:17         size    +9, benefit       90.9, efficiency     10.099
    Inline function call at BuilderController.mnd:137:17         size    +0, benefit       45.4, efficiency   Infinity
    Inline function call at BuilderController.mnd:139:21         size    +9, benefit       26.0, efficiency      2.885
    Inline function call at BuilderController.mnd:141:21         size    +9, benefit       22.7, efficiency      2.525
    Inline function call at BuilderController.mnd:144:17         size    +0, benefit       45.4, efficiency   Infinity
    Inline function call at BuilderController.mnd:146:21         size    +9, benefit       22.7, efficiency      2.525
    Inline function call at BuilderController.mnd:148:21         size    +9, benefit       11.4, efficiency      1.262
    Inline function call at BuilderController.mnd:150:21         size    +9, benefit       13.0, efficiency      1.443
    Inline function call at BuilderController.mnd:155:9          size    +0, benefit     2908.5, efficiency   Infinity
  ! Inline function call at BuilderController.mnd:156:9          size   +30, benefit     3324.0, efficiency    110.801
  ! Inline function call at BuilderController.mnd:242:12         size   +36, benefit    13296.1, efficiency    369.336
  ! Inline function call at BuilderController.mnd:248:16         size   +36, benefit     6648.0, efficiency    184.668
    Inline function call at BuilderController.mnd:256:5          size   +19, benefit     1318.4, efficiency     69.387
    Inline function call at BuilderController.mnd:273:9          size   +19, benefit        4.3, efficiency      0.224
    Inline function call at BuilderController.mnd:274:16         size   +24, benefit        4.8, efficiency      0.198
    Inline function call at BuilderController.mnd:282:5          size   +19, benefit        9.5, efficiency      0.500
    Inline function call at BuilderController.mnd:284:20         size   +24, benefit        9.5, efficiency      0.396
    Inline function call at Actions.mnd:39:5                     size    +7, benefit      802.3, efficiency    114.609
    Inline function call at Actions.mnd:39:5                     size    +7, benefit     1582.0, efficiency    226.004
    Inline function call at BuilderController.mnd:378:13         size    +9, benefit     2109.4, efficiency    234.375
    Inline function call at BuilderController.mnd:379:13         size    +9, benefit     2109.4, efficiency    234.375
    Inline function call at BuilderController.mnd:380:13         size    +9, benefit     2109.4, efficiency    234.375
    Inline function call at BuilderController.mnd:381:13         size    +9, benefit     2109.4, efficiency    234.375
  ! Inline function call at BuilderController.mnd:423:29         size   +79, benefit     1875.0, efficiency     23.734
  ! Inline function call at BuilderController.mnd:424:23         size   +79, benefit     1875.0, efficiency     23.734
  ! Inline function call at BuilderController.mnd:425:23         size   +79, benefit     1875.0, efficiency     23.734
  ! Inline function call at BuilderController.mnd:426:23         size   +79, benefit     1875.0, efficiency     23.734
  ! Inline function call at BuilderController.mnd:429:29         size   +79, benefit      937.5, efficiency     11.867

Pass 1: speed optimization selection (cost limit 35):
    Full loop rotation at Actions.mnd:32:5                       size    +1, benefit   206651.7, efficiency 206651.661
    Full loop rotation at Actions.mnd:54:5                       size    +1, benefit   153099.8, efficiency 153099.845
    Full loop rotation at Actions.mnd:77:9                       size    +1, benefit    93682.9, efficiency  93682.926
    Full loop rotation at BuilderController.mnd:242:5            size    +2, benefit     4609.3, efficiency   2304.656
    Full loop rotation at BuilderController.mnd:248:9            size    +2, benefit     2304.7, efficiency   1152.328
    Full loop rotation at BuilderController.mnd:416:9            size    +1, benefit      650.0, efficiency    650.000
    Unroll iteration loop at BuilderController.mnd:213:5         size   -13, benefit     4786.6, efficiency   Infinity
  * Inline function 'status1' defined at Actions.mnd:7:1         size    -1, benefit    24268.0, efficiency   Infinity (-33 instructions)
    Inline function 'status2' defined at Actions.mnd:11:1        size    +7, benefit    34941.2, efficiency   4991.600
    Inline function 'transportStatus' defined at Actions.mnd:21:1 size    +2, benefit    57651.0, efficiency  28825.516
    Inline function 'moveTo' defined at Actions.mnd:30:1         size    +9, benefit    18598.6, efficiency   2066.517
    Inline function 'moveToEmpty' defined at Actions.mnd:43:1    size   +11, benefit    28825.5, efficiency   2620.501
    Inline function 'dropAll' defined at Actions.mnd:52:1        size    +5, benefit    17665.4, efficiency   3533.073
    Inline function 'moveToBlock' defined at Actions.mnd:60:1    size    -1, benefit    14412.8, efficiency   Infinity
  ! Inline function 'depositItems' defined at Actions.mnd:67:1   size   +41, benefit    28825.5, efficiency    703.061
    Inline function 'locateOre' defined at Actions.mnd:85:1      size    -1, benefit    11861.3, efficiency   Infinity
  ! Inline function 'mineOre' defined at Actions.mnd:92:1        size   +79, benefit    11861.3, efficiency    150.143
    Inline function 'mineOre' defined at Actions.mnd:126:1       size   +17, benefit      142.8, efficiency      8.402
  ! Inline function 'mineOre' defined at Actions.mnd:131:1       size   +71, benefit     7146.3, efficiency    100.652
    Inline function 'fetchBlock' defined at Actions.mnd:136:1    size   +29, benefit    16620.1, efficiency    573.107
  ! Inline function 'supplyBlock' defined at Actions.mnd:154:1   size   +64, benefit     4466.7, efficiency     69.792
    Inline function 'supplyBlockFromCore' defined at Actions.mnd:163:1 size    -1, benefit     1662.0, efficiency   Infinity
  ! Inline function 'unpackCfg' defined at Common.mnd:9:1        size   +37, benefit     1332.1, efficiency     36.003
  ! Inline function 'targetMet' defined at BuilderController.mnd:197:1 size   +71, benefit   118788.4, efficiency   1673.076
    Inline function 'buildBlock' defined at BuilderController.mnd:263:1 size   +23, benefit       14.3, efficiency      0.620
    Inline function 'titaniumDrillScore' defined at BuilderController.mnd:361:1 size   +26, benefit     8437.5, efficiency    324.519
  ! Inline function 'buildTitaniumDrill' defined at BuilderController.mnd:373:1 size  +315, benefit     8437.5, efficiency     26.786
    Inline function call at Actions.mnd:61:5                     size    +5, benefit    16214.4, efficiency   3242.871
    Inline function call at Actions.mnd:70:9                     size    +6, benefit    14412.8, efficiency   2402.126
    Inline function call at Actions.mnd:81:5                     size    +1, benefit    28825.5, efficiency  28825.516
    Inline function call at Actions.mnd:94:5                     size    +1, benefit    10543.4, efficiency  10543.387
    Inline function call at Actions.mnd:96:5                     size    +1, benefit    11861.3, efficiency  11861.310
    Inline function call at Actions.mnd:98:5                     size    +6, benefit    10543.4, efficiency   1757.231
    Inline function call at Actions.mnd:99:37                    size    +3, benefit     3953.8, efficiency   1317.923
  ! Inline function call at Actions.mnd:112:16                   size   +36, benefit    98844.3, efficiency   2745.674
    Inline function call at Actions.mnd:122:5                    size   +21, benefit    10543.4, efficiency    502.066
    Inline function call at Actions.mnd:127:5                    size    +2, benefit      160.7, efficiency     80.341
  ! Inline function call at Actions.mnd:128:5                    size   +40, benefit      160.7, efficiency      4.017
    Inline function call at Actions.mnd:132:5                    size    +2, benefit     9188.1, efficiency   4594.067
  ! Inline function call at Actions.mnd:133:5                    size   +40, benefit     9188.1, efficiency    229.703
    Inline function call at Actions.mnd:137:5                    size    +1, benefit    16620.1, efficiency  16620.117
    Inline function call at Actions.mnd:138:5                    size    +2, benefit    18697.6, efficiency   9348.816
    Inline function call at Actions.mnd:139:5                    size    +6, benefit    16620.1, efficiency   2770.020
    Inline function call at Actions.mnd:140:5                    size    +3, benefit    12465.1, efficiency   4155.029
    Inline function call at Actions.mnd:150:5                    size   +21, benefit    16620.1, efficiency    791.434
    Inline function call at Actions.mnd:155:5                    size    +2, benefit     5025.0, efficiency   2512.494
  ! Inline function call at Actions.mnd:159:9                    size   +40, benefit     2512.5, efficiency     62.812
    Inline function call at Actions.mnd:165:5                    size    +1, benefit     1662.0, efficiency   1662.012
    Inline function call at Actions.mnd:166:5                    size    +2, benefit     1869.8, efficiency    934.882
    Inline function call at Actions.mnd:167:5                    size    +6, benefit     1662.0, efficiency    277.002
    Inline function call at Actions.mnd:168:5                    size    +3, benefit     1246.5, efficiency    415.503
    Inline function call at Actions.mnd:178:5                    size   +21, benefit     1662.0, efficiency     79.143
    Inline function call at BuilderController.mnd:166:5          size    +0, benefit    11634.1, efficiency   Infinity
    Inline function call at BuilderController.mnd:171:17         size   +13, benefit     1662.0, efficiency    127.847
    Inline function call at BuilderController.mnd:173:17         size   +29, benefit     1662.0, efficiency     57.311
    Inline function call at BuilderController.mnd:177:5          size   +30, benefit    13296.1, efficiency    443.203
    Inline function call at BuilderController.mnd:161:5          size    +0, benefit     5817.0, efficiency   Infinity
    Inline function call at BuilderController.mnd:162:5          size    +9, benefit     5817.0, efficiency    646.338
    Inline function call at BuilderController.mnd:70:17          size    +0, benefit      727.1, efficiency   Infinity
    Inline function call at BuilderController.mnd:71:17          size   +13, benefit      831.0, efficiency     63.924
    Inline function call at BuilderController.mnd:78:17          size    +0, benefit      727.1, efficiency   Infinity
    Inline function call at BuilderController.mnd:79:17          size   +13, benefit      831.0, efficiency     63.924
    Inline function call at BuilderController.mnd:86:17          size    +0, benefit      727.1, efficiency   Infinity
    Inline function call at BuilderController.mnd:87:17          size   +13, benefit      831.0, efficiency     63.924
    Inline function call at BuilderController.mnd:92:25          size    +0, benefit       90.9, efficiency   Infinity
    Inline function call at BuilderController.mnd:93:25          size   +13, benefit      103.9, efficiency      7.990
    Inline function call at BuilderController.mnd:97:21          size    +0, benefit      181.8, efficiency   Infinity
    Inline function call at BuilderController.mnd:98:21          size   +13, benefit      207.8, efficiency     15.981
    Inline function call at BuilderController.mnd:109:17         size    +0, benefit      727.1, efficiency   Infinity
    Inline function call at BuilderController.mnd:110:17         size    +9, benefit      727.1, efficiency     80.792
    Inline function call at BuilderController.mnd:113:21         size    +0, benefit      181.8, efficiency   Infinity
    Inline function call at BuilderController.mnd:119:25         size    +9, benefit      103.9, efficiency     11.542
    Inline function call at BuilderController.mnd:121:25         size    +9, benefit       90.9, efficiency     10.099
    Inline function call at BuilderController.mnd:124:21         size    +0, benefit      181.8, efficiency   Infinity
    Inline function call at BuilderController.mnd:128:21         size    +9, benefit      181.8, efficiency     20.198
    Inline function call at BuilderController.mnd:131:17         size    +0, benefit      181.8, efficiency   Infinity
    Inline function call at BuilderController.mnd:132:17         size    +9, benefit      181.8, efficiency     20.198
    Inline function call at BuilderController.mnd:134:17         size    +0, benefit       90.9, efficiency   Infinity
    Inline function call at BuilderController.mnd:135:17         size    +9, benefit       90.9, efficiency     10.099
    Inline function call at BuilderController.mnd:137:17         size    +0, benefit       45.4, efficiency   Infinity
    Inline function call at BuilderController.mnd:139:21         size    +9, benefit       26.0, efficiency      2.885
    Inline function call at BuilderController.mnd:141:21         size    +9, benefit       22.7, efficiency      2.525
    Inline function call at BuilderController.mnd:144:17         size    +0, benefit       45.4, efficiency   Infinity
    Inline function call at BuilderController.mnd:146:21         size    +9, benefit       22.7, efficiency      2.525
    Inline function call at BuilderController.mnd:148:21         size    +9, benefit       11.4, efficiency      1.262
    Inline function call at BuilderController.mnd:150:21         size    +9, benefit       13.0, efficiency      1.443
    Inline function call at BuilderController.mnd:155:9          size    +0, benefit     2908.5, efficiency   Infinity
    Inline function call at BuilderController.mnd:156:9          size   +30, benefit     3324.0, efficiency    110.801
  ! Inline function call at BuilderController.mnd:242:12         size   +36, benefit    13296.1, efficiency    369.336
  ! Inline function call at BuilderController.mnd:248:16         size   +36, benefit     6648.0, efficiency    184.668
    Inline function call at BuilderController.mnd:256:5          size   +19, benefit     1318.4, efficiency     69.387
    Inline function call at BuilderController.mnd:273:9          size   +19, benefit        4.3, efficiency      0.224
    Inline function call at BuilderController.mnd:274:16         size   +24, benefit        4.8, efficiency      0.198
    Inline function call at BuilderController.mnd:282:5          size   +19, benefit        9.5, efficiency      0.500
    Inline function call at BuilderController.mnd:284:20         size   +24, benefit        9.5, efficiency      0.396
    Inline function call at Actions.mnd:39:5                     size    +5, benefit      802.3, efficiency    160.453
    Inline function call at Actions.mnd:39:5                     size    +5, benefit     1582.0, efficiency    316.406
    Inline function call at BuilderController.mnd:378:13         size    +9, benefit     2109.4, efficiency    234.375
    Inline function call at BuilderController.mnd:379:13         size    +9, benefit     2109.4, efficiency    234.375
    Inline function call at BuilderController.mnd:380:13         size    +9, benefit     2109.4, efficiency    234.375
    Inline function call at BuilderController.mnd:381:13         size    +9, benefit     2109.4, efficiency    234.375
  ! Inline function call at BuilderController.mnd:423:29         size   +79, benefit     1875.0, efficiency     23.734
  ! Inline function call at BuilderController.mnd:424:23         size   +79, benefit     1875.0, efficiency     23.734
  ! Inline function call at BuilderController.mnd:425:23         size   +79, benefit     1875.0, efficiency     23.734
  ! Inline function call at BuilderController.mnd:426:23         size   +79, benefit     1875.0, efficiency     23.734
  ! Inline function call at BuilderController.mnd:429:29         size   +79, benefit      937.5, efficiency     11.867

Pass 1: speed optimization selection (cost limit 68):
    Full loop rotation at Actions.mnd:32:5                       size    +1, benefit   206651.7, efficiency 206651.661
    Full loop rotation at Actions.mnd:54:5                       size    +1, benefit   153099.8, efficiency 153099.845
    Full loop rotation at Actions.mnd:77:9                       size    +1, benefit    93682.9, efficiency  93682.926
    Full loop rotation at BuilderController.mnd:242:5            size    +2, benefit     4609.3, efficiency   2304.656
    Full loop rotation at BuilderController.mnd:248:9            size    +2, benefit     2304.7, efficiency   1152.328
    Full loop rotation at BuilderController.mnd:416:9            size    +1, benefit      650.0, efficiency    650.000
    Unroll iteration loop at BuilderController.mnd:213:5         size   -13, benefit     4786.6, efficiency   Infinity
    Inline function 'status2' defined at Actions.mnd:11:1        size    +7, benefit    34941.2, efficiency   4991.600
    Inline function 'transportStatus' defined at Actions.mnd:21:1 size    +2, benefit    57651.0, efficiency  28825.516
    Inline function 'moveTo' defined at Actions.mnd:30:1         size    +9, benefit    18598.6, efficiency   2066.517
    Inline function 'moveToEmpty' defined at Actions.mnd:43:1    size   +11, benefit    28825.5, efficiency   2620.501
    Inline function 'dropAll' defined at Actions.mnd:52:1        size    +5, benefit    17665.4, efficiency   3533.073
  * Inline function 'moveToBlock' defined at Actions.mnd:60:1    size    -1, benefit    14412.8, efficiency   Infinity (-6 instructions)
    Inline function 'depositItems' defined at Actions.mnd:67:1   size   +41, benefit    28825.5, efficiency    703.061
    Inline function 'locateOre' defined at Actions.mnd:85:1      size    -1, benefit    11861.3, efficiency   Infinity
  ! Inline function 'mineOre' defined at Actions.mnd:92:1        size   +79, benefit    11861.3, efficiency    150.143
    Inline function 'mineOre' defined at Actions.mnd:126:1       size   +17, benefit      142.8, efficiency      8.402
  ! Inline function 'mineOre' defined at Actions.mnd:131:1       size   +71, benefit     7146.3, efficiency    100.652
    Inline function 'fetchBlock' defined at Actions.mnd:136:1    size   +29, benefit    16620.1, efficiency    573.107
    Inline function 'supplyBlock' defined at Actions.mnd:154:1   size   +64, benefit     4466.7, efficiency     69.792
    Inline function 'supplyBlockFromCore' defined at Actions.mnd:163:1 size    -1, benefit     1662.0, efficiency   Infinity
    Inline function 'unpackCfg' defined at Common.mnd:9:1        size   +37, benefit     1332.1, efficiency     36.003
  ! Inline function 'targetMet' defined at BuilderController.mnd:197:1 size   +71, benefit   118788.4, efficiency   1673.076
    Inline function 'buildBlock' defined at BuilderController.mnd:263:1 size   +23, benefit       14.3, efficiency      0.620
    Inline function 'titaniumDrillScore' defined at BuilderController.mnd:361:1 size   +26, benefit     8437.5, efficiency    324.519
  ! Inline function 'buildTitaniumDrill' defined at BuilderController.mnd:373:1 size  +315, benefit     8437.5, efficiency     26.786
    Inline function call at Actions.mnd:61:5                     size    +5, benefit    16214.4, efficiency   3242.871
    Inline function call at Actions.mnd:70:9                     size    +6, benefit    14412.8, efficiency   2402.126
    Inline function call at Actions.mnd:81:5                     size    +1, benefit    28825.5, efficiency  28825.516
    Inline function call at Actions.mnd:94:5                     size    +1, benefit    10543.4, efficiency  10543.387
    Inline function call at Actions.mnd:96:5                     size    +1, benefit    11861.3, efficiency  11861.310
    Inline function call at Actions.mnd:98:5                     size    +6, benefit    10543.4, efficiency   1757.231
    Inline function call at Actions.mnd:99:37                    size    +3, benefit     3953.8, efficiency   1317.923
    Inline function call at Actions.mnd:112:16                   size   +36, benefit    98844.3, efficiency   2745.674
    Inline function call at Actions.mnd:122:5                    size   +21, benefit    10543.4, efficiency    502.066
    Inline function call at Actions.mnd:127:5                    size    +2, benefit      160.7, efficiency     80.341
    Inline function call at Actions.mnd:128:5                    size   +40, benefit      160.7, efficiency      4.017
    Inline function call at Actions.mnd:132:5                    size    +2, benefit     9188.1, efficiency   4594.067
    Inline function call at Actions.mnd:133:5                    size   +40, benefit     9188.1, efficiency    229.703
    Inline function call at Actions.mnd:137:5                    size    +1, benefit    16620.1, efficiency  16620.117
    Inline function call at Actions.mnd:138:5                    size    +2, benefit    18697.6, efficiency   9348.816
    Inline function call at Actions.mnd:139:5                    size    +6, benefit    16620.1, efficiency   2770.020
    Inline function call at Actions.mnd:140:5                    size    +3, benefit    12465.1, efficiency   4155.029
    Inline function call at Actions.mnd:150:5                    size   +21, benefit    16620.1, efficiency    791.434
    Inline function call at Actions.mnd:155:5                    size    +2, benefit     5025.0, efficiency   2512.494
    Inline function call at Actions.mnd:159:9                    size   +40, benefit     2512.5, efficiency     62.812
    Inline function call at Actions.mnd:165:5                    size    +1, benefit     1662.0, efficiency   1662.012
    Inline function call at Actions.mnd:166:5                    size    +2, benefit     1869.8, efficiency    934.882
    Inline function call at Actions.mnd:167:5                    size    +6, benefit     1662.0, efficiency    277.002
    Inline function call at Actions.mnd:168:5                    size    +3, benefit     1246.5, efficiency    415.503
    Inline function call at Actions.mnd:178:5                    size   +21, benefit     1662.0, efficiency     79.143
    Inline function call at BuilderController.mnd:171:17         size   +13, benefit     1662.0, efficiency    127.847
    Inline function call at BuilderController.mnd:173:17         size   +29, benefit     1662.0, efficiency     57.311
    Inline function call at BuilderController.mnd:177:5          size   +30, benefit    13296.1, efficiency    443.203
    Inline function call at BuilderController.mnd:162:5          size    +9, benefit     5817.0, efficiency    646.338
    Inline function call at BuilderController.mnd:71:17          size   +13, benefit      831.0, efficiency     63.924
    Inline function call at BuilderController.mnd:79:17          size   +13, benefit      831.0, efficiency     63.924
    Inline function call at BuilderController.mnd:87:17          size   +13, benefit      831.0, efficiency     63.924
    Inline function call at BuilderController.mnd:93:25          size   +13, benefit      103.9, efficiency      7.990
    Inline function call at BuilderController.mnd:98:21          size   +13, benefit      207.8, efficiency     15.981
    Inline function call at BuilderController.mnd:110:17         size    +9, benefit      727.1, efficiency     80.792
    Inline function call at BuilderController.mnd:119:25         size    +9, benefit      103.9, efficiency     11.542
    Inline function call at BuilderController.mnd:121:25         size    +9, benefit       90.9, efficiency     10.099
    Inline function call at BuilderController.mnd:128:21         size    +9, benefit      181.8, efficiency     20.198
    Inline function call at BuilderController.mnd:132:17         size    +9, benefit      181.8, efficiency     20.198
    Inline function call at BuilderController.mnd:135:17         size    +9, benefit       90.9, efficiency     10.099
    Inline function call at BuilderController.mnd:139:21         size    +9, benefit       26.0, efficiency      2.885
    Inline function call at BuilderController.mnd:141:21         size    +9, benefit       22.7, efficiency      2.525
    Inline function call at BuilderController.mnd:146:21         size    +9, benefit       22.7, efficiency      2.525
    Inline function call at BuilderController.mnd:148:21         size    +9, benefit       11.4, efficiency      1.262
    Inline function call at BuilderController.mnd:150:21         size    +9, benefit       13.0, efficiency      1.443
    Inline function call at BuilderController.mnd:156:9          size   +30, benefit     3324.0, efficiency    110.801
    Inline function call at BuilderController.mnd:242:12         size   +36, benefit    13296.1, efficiency    369.336
    Inline function call at BuilderController.mnd:248:16         size   +36, benefit     6648.0, efficiency    184.668
    Inline function call at BuilderController.mnd:256:5          size   +19, benefit     1318.4, efficiency     69.387
    Inline function call at BuilderController.mnd:273:9          size   +19, benefit        4.3, efficiency      0.224
    Inline function call at BuilderController.mnd:274:16         size   +24, benefit        4.8, efficiency      0.198
    Inline function call at BuilderController.mnd:282:5          size   +19, benefit        9.5, efficiency      0.500
    Inline function call at BuilderController.mnd:284:20         size   +24, benefit        9.5, efficiency      0.396
    Inline function call at Actions.mnd:39:5                     size    +5, benefit      802.3, efficiency    160.453
    Inline function call at Actions.mnd:39:5                     size    +5, benefit     1582.0, efficiency    316.406
    Inline function call at BuilderController.mnd:378:13         size    +9, benefit     2109.4, efficiency    234.375
    Inline function call at BuilderController.mnd:379:13         size    +9, benefit     2109.4, efficiency    234.375
    Inline function call at BuilderController.mnd:380:13         size    +9, benefit     2109.4, efficiency    234.375
    Inline function call at BuilderController.mnd:381:13         size    +9, benefit     2109.4, efficiency    234.375
  ! Inline function call at BuilderController.mnd:423:29         size   +79, benefit     1875.0, efficiency     23.734
  ! Inline function call at BuilderController.mnd:424:23         size   +79, benefit     1875.0, efficiency     23.734
  ! Inline function call at BuilderController.mnd:425:23         size   +79, benefit     1875.0, efficiency     23.734
  ! Inline function call at BuilderController.mnd:426:23         size   +79, benefit     1875.0, efficiency     23.734
  ! Inline function call at BuilderController.mnd:429:29         size   +79, benefit      937.5, efficiency     11.867

Pass 1: speed optimization selection (cost limit 74):
    Full loop rotation at Actions.mnd:32:5                       size    +1, benefit   206651.7, efficiency 206651.661
    Full loop rotation at Actions.mnd:54:5                       size    +1, benefit   153099.8, efficiency 153099.845
    Full loop rotation at Actions.mnd:77:9                       size    +1, benefit    93682.9, efficiency  93682.926
    Full loop rotation at BuilderController.mnd:242:5            size    +2, benefit     4609.3, efficiency   2304.656
    Full loop rotation at BuilderController.mnd:248:9            size    +2, benefit     2304.7, efficiency   1152.328
    Full loop rotation at BuilderController.mnd:416:9            size    +1, benefit      650.0, efficiency    650.000
    Unroll iteration loop at BuilderController.mnd:213:5         size   -13, benefit     4786.6, efficiency   Infinity
    Inline function 'status2' defined at Actions.mnd:11:1        size    +7, benefit    34941.2, efficiency   4991.600
    Inline function 'transportStatus' defined at Actions.mnd:21:1 size    +2, benefit    57651.0, efficiency  28825.516
    Inline function 'moveTo' defined at Actions.mnd:30:1         size    +9, benefit    18598.6, efficiency   2066.517
    Inline function 'moveToEmpty' defined at Actions.mnd:43:1    size   +11, benefit    28825.5, efficiency   2620.501
    Inline function 'dropAll' defined at Actions.mnd:52:1        size    +5, benefit    17665.4, efficiency   3533.073
    Inline function 'depositItems' defined at Actions.mnd:67:1   size   +47, benefit    28825.5, efficiency    613.309
  * Inline function 'locateOre' defined at Actions.mnd:85:1      size    -1, benefit    11861.3, efficiency   Infinity (-5 instructions)
  ! Inline function 'mineOre' defined at Actions.mnd:92:1        size   +79, benefit    11861.3, efficiency    150.143
    Inline function 'mineOre' defined at Actions.mnd:126:1       size   +17, benefit      142.8, efficiency      8.402
    Inline function 'mineOre' defined at Actions.mnd:131:1       size   +71, benefit     7146.3, efficiency    100.652
    Inline function 'fetchBlock' defined at Actions.mnd:136:1    size   +29, benefit    16620.1, efficiency    573.107
    Inline function 'supplyBlock' defined at Actions.mnd:154:1   size   +64, benefit     4466.7, efficiency     69.792
    Inline function 'supplyBlockFromCore' defined at Actions.mnd:163:1 size    -1, benefit     1662.0, efficiency   Infinity
    Inline function 'unpackCfg' defined at Common.mnd:9:1        size   +37, benefit     1332.1, efficiency     36.003
    Inline function 'targetMet' defined at BuilderController.mnd:197:1 size   +71, benefit   118788.4, efficiency   1673.076
    Inline function 'buildBlock' defined at BuilderController.mnd:263:1 size   +23, benefit       14.3, efficiency      0.620
    Inline function 'titaniumDrillScore' defined at BuilderController.mnd:361:1 size   +26, benefit     8437.5, efficiency    324.519
  ! Inline function 'buildTitaniumDrill' defined at BuilderController.mnd:373:1 size  +315, benefit     8437.5, efficiency     26.786
    Inline function call at Actions.mnd:61:5                     size    +5, benefit    16214.4, efficiency   3242.871
    Inline function call at Actions.mnd:81:5                     size    +1, benefit    28825.5, efficiency  28825.516
    Inline function call at Actions.mnd:94:5                     size    +1, benefit    10543.4, efficiency  10543.387
    Inline function call at Actions.mnd:96:5                     size    +1, benefit    11861.3, efficiency  11861.310
    Inline function call at Actions.mnd:98:5                     size    +6, benefit    10543.4, efficiency   1757.231
    Inline function call at Actions.mnd:99:37                    size    +3, benefit     3953.8, efficiency   1317.923
    Inline function call at Actions.mnd:112:16                   size   +36, benefit    98844.3, efficiency   2745.674
    Inline function call at Actions.mnd:122:5                    size   +24, benefit    10543.4, efficiency    439.308
    Inline function call at Actions.mnd:127:5                    size    +2, benefit      160.7, efficiency     80.341
    Inline function call at Actions.mnd:128:5                    size   +40, benefit      160.7, efficiency      4.017
    Inline function call at Actions.mnd:132:5                    size    +2, benefit     9188.1, efficiency   4594.067
    Inline function call at Actions.mnd:133:5                    size   +40, benefit     9188.1, efficiency    229.703
    Inline function call at Actions.mnd:137:5                    size    +1, benefit    16620.1, efficiency  16620.117
    Inline function call at Actions.mnd:138:5                    size    +2, benefit    18697.6, efficiency   9348.816
    Inline function call at Actions.mnd:139:5                    size    +6, benefit    16620.1, efficiency   2770.020
    Inline function call at Actions.mnd:140:5                    size    +3, benefit    12465.1, efficiency   4155.029
    Inline function call at Actions.mnd:150:5                    size   +24, benefit    16620.1, efficiency    692.505
    Inline function call at Actions.mnd:155:5                    size    +2, benefit     5025.0, efficiency   2512.494
    Inline function call at Actions.mnd:159:9                    size   +40, benefit     2512.5, efficiency     62.812
    Inline function call at Actions.mnd:165:5                    size    +1, benefit     1662.0, efficiency   1662.012
    Inline function call at Actions.mnd:166:5                    size    +2, benefit     1869.8, efficiency    934.882
    Inline function call at Actions.mnd:167:5                    size    +6, benefit     1662.0, efficiency    277.002
    Inline function call at Actions.mnd:168:5                    size    +3, benefit     1246.5, efficiency    415.503
    Inline function call at Actions.mnd:178:5                    size   +24, benefit     1662.0, efficiency     69.250
    Inline function call at BuilderController.mnd:171:17         size   +13, benefit     1662.0, efficiency    127.847
    Inline function call at BuilderController.mnd:173:17         size   +29, benefit     1662.0, efficiency     57.311
    Inline function call at BuilderController.mnd:177:5          size   +30, benefit    13296.1, efficiency    443.203
    Inline function call at BuilderController.mnd:162:5          size    +9, benefit     5817.0, efficiency    646.338
    Inline function call at BuilderController.mnd:71:17          size   +13, benefit      831.0, efficiency     63.924
    Inline function call at BuilderController.mnd:79:17          size   +13, benefit      831.0, efficiency     63.924
    Inline function call at BuilderController.mnd:87:17          size   +13, benefit      831.0, efficiency     63.924
    Inline function call at BuilderController.mnd:93:25          size   +13, benefit      103.9, efficiency      7.990
    Inline function call at BuilderController.mnd:98:21          size   +13, benefit      207.8, efficiency     15.981
    Inline function call at BuilderController.mnd:110:17         size    +9, benefit      727.1, efficiency     80.792
    Inline function call at BuilderController.mnd:119:25         size    +9, benefit      103.9, efficiency     11.542
    Inline function call at BuilderController.mnd:121:25         size    +9, benefit       90.9, efficiency     10.099
    Inline function call at BuilderController.mnd:128:21         size    +9, benefit      181.8, efficiency     20.198
    Inline function call at BuilderController.mnd:132:17         size    +9, benefit      181.8, efficiency     20.198
    Inline function call at BuilderController.mnd:135:17         size    +9, benefit       90.9, efficiency     10.099
    Inline function call at BuilderController.mnd:139:21         size    +9, benefit       26.0, efficiency      2.885
    Inline function call at BuilderController.mnd:141:21         size    +9, benefit       22.7, efficiency      2.525
    Inline function call at BuilderController.mnd:146:21         size    +9, benefit       22.7, efficiency      2.525
    Inline function call at BuilderController.mnd:148:21         size    +9, benefit       11.4, efficiency      1.262
    Inline function call at BuilderController.mnd:150:21         size    +9, benefit       13.0, efficiency      1.443
    Inline function call at BuilderController.mnd:156:9          size   +30, benefit     3324.0, efficiency    110.801
    Inline function call at BuilderController.mnd:242:12         size   +36, benefit    13296.1, efficiency    369.336
    Inline function call at BuilderController.mnd:248:16         size   +36, benefit     6648.0, efficiency    184.668
    Inline function call at BuilderController.mnd:256:5          size   +19, benefit     1318.4, efficiency     69.387
    Inline function call at BuilderController.mnd:273:9          size   +19, benefit        4.3, efficiency      0.224
    Inline function call at BuilderController.mnd:274:16         size   +24, benefit        4.8, efficiency      0.198
    Inline function call at BuilderController.mnd:282:5          size   +19, benefit        9.5, efficiency      0.500
    Inline function call at BuilderController.mnd:284:20         size   +24, benefit        9.5, efficiency      0.396
    Inline function call at Actions.mnd:39:5                     size    +5, benefit      802.3, efficiency    160.453
    Inline function call at Actions.mnd:39:5                     size    +5, benefit     1582.0, efficiency    316.406
    Inline function call at BuilderController.mnd:378:13         size    +9, benefit     2109.4, efficiency    234.375
    Inline function call at BuilderController.mnd:379:13         size    +9, benefit     2109.4, efficiency    234.375
    Inline function call at BuilderController.mnd:380:13         size    +9, benefit     2109.4, efficiency    234.375
    Inline function call at BuilderController.mnd:381:13         size    +9, benefit     2109.4, efficiency    234.375
  ! Inline function call at BuilderController.mnd:423:29         size   +79, benefit     1875.0, efficiency     23.734
  ! Inline function call at BuilderController.mnd:424:23         size   +79, benefit     1875.0, efficiency     23.734
  ! Inline function call at BuilderController.mnd:425:23         size   +79, benefit     1875.0, efficiency     23.734
  ! Inline function call at BuilderController.mnd:426:23         size   +79, benefit     1875.0, efficiency     23.734
  ! Inline function call at BuilderController.mnd:429:29         size   +79, benefit      937.5, efficiency     11.867

Pass 1: speed optimization selection (cost limit 79):
    Full loop rotation at Actions.mnd:32:5                       size    +1, benefit   206651.7, efficiency 206651.661
    Full loop rotation at Actions.mnd:54:5                       size    +1, benefit   153099.8, efficiency 153099.845
    Full loop rotation at Actions.mnd:77:9                       size    +1, benefit    93682.9, efficiency  93682.926
    Full loop rotation at BuilderController.mnd:242:5            size    +2, benefit     4609.3, efficiency   2304.656
    Full loop rotation at BuilderController.mnd:248:9            size    +2, benefit     2304.7, efficiency   1152.328
    Full loop rotation at BuilderController.mnd:416:9            size    +1, benefit      650.0, efficiency    650.000
  * Unroll iteration loop at BuilderController.mnd:213:5         size   -13, benefit     4786.6, efficiency   Infinity (-10 instructions)
    Inline function 'status2' defined at Actions.mnd:11:1        size    +7, benefit    34941.2, efficiency   4991.600
    Inline function 'transportStatus' defined at Actions.mnd:21:1 size    +2, benefit    57651.0, efficiency  28825.516
    Inline function 'moveTo' defined at Actions.mnd:30:1         size    +9, benefit    18598.6, efficiency   2066.517
    Inline function 'moveToEmpty' defined at Actions.mnd:43:1    size   +11, benefit    28825.5, efficiency   2620.501
    Inline function 'dropAll' defined at Actions.mnd:52:1        size    +5, benefit    17665.4, efficiency   3533.073
    Inline function 'depositItems' defined at Actions.mnd:67:1   size   +47, benefit    28825.5, efficiency    613.309
    Inline function 'mineOre' defined at Actions.mnd:92:1        size   +77, benefit    11861.3, efficiency    154.043
    Inline function 'mineOre' defined at Actions.mnd:126:1       size   +17, benefit      142.8, efficiency      8.402
    Inline function 'mineOre' defined at Actions.mnd:131:1       size   +71, benefit     7146.3, efficiency    100.652
    Inline function 'fetchBlock' defined at Actions.mnd:136:1    size   +29, benefit    16620.1, efficiency    573.107
    Inline function 'supplyBlock' defined at Actions.mnd:154:1   size   +64, benefit     4466.7, efficiency     69.792
    Inline function 'supplyBlockFromCore' defined at Actions.mnd:163:1 size    -1, benefit     1662.0, efficiency   Infinity
    Inline function 'unpackCfg' defined at Common.mnd:9:1        size   +37, benefit     1332.1, efficiency     36.003
    Inline function 'targetMet' defined at BuilderController.mnd:197:1 size   +71, benefit   118788.4, efficiency   1673.076
    Inline function 'buildBlock' defined at BuilderController.mnd:263:1 size   +23, benefit       14.3, efficiency      0.620
    Inline function 'titaniumDrillScore' defined at BuilderController.mnd:361:1 size   +26, benefit     8437.5, efficiency    324.519
  ! Inline function 'buildTitaniumDrill' defined at BuilderController.mnd:373:1 size  +315, benefit     8437.5, efficiency     26.786
    Inline function call at Actions.mnd:61:5                     size    +5, benefit    16214.4, efficiency   3242.871
    Inline function call at Actions.mnd:81:5                     size    +1, benefit    28825.5, efficiency  28825.516
    Inline function call at Actions.mnd:94:5                     size    +1, benefit    10543.4, efficiency  10543.387
    Inline function call at Actions.mnd:98:5                     size    +6, benefit    10543.4, efficiency   1757.231
    Inline function call at Actions.mnd:99:37                    size    +3, benefit     3953.8, efficiency   1317.923
    Inline function call at Actions.mnd:112:16                   size   +36, benefit    98844.3, efficiency   2745.674
    Inline function call at Actions.mnd:122:5                    size   +24, benefit    10543.4, efficiency    439.308
    Inline function call at Actions.mnd:127:5                    size    +2, benefit      160.7, efficiency     80.341
    Inline function call at Actions.mnd:128:5                    size   +39, benefit      160.7, efficiency      4.120
    Inline function call at Actions.mnd:132:5                    size    +2, benefit     9188.1, efficiency   4594.067
    Inline function call at Actions.mnd:133:5                    size   +39, benefit     9188.1, efficiency    235.593
    Inline function call at Actions.mnd:137:5                    size    +1, benefit    16620.1, efficiency  16620.117
    Inline function call at Actions.mnd:138:5                    size    +2, benefit    18697.6, efficiency   9348.816
    Inline function call at Actions.mnd:139:5                    size    +6, benefit    16620.1, efficiency   2770.020
    Inline function call at Actions.mnd:140:5                    size    +3, benefit    12465.1, efficiency   4155.029
    Inline function call at Actions.mnd:150:5                    size   +24, benefit    16620.1, efficiency    692.505
    Inline function call at Actions.mnd:155:5                    size    +2, benefit     5025.0, efficiency   2512.494
    Inline function call at Actions.mnd:159:9                    size   +39, benefit     2512.5, efficiency     64.423
    Inline function call at Actions.mnd:165:5                    size    +1, benefit     1662.0, efficiency   1662.012
    Inline function call at Actions.mnd:166:5                    size    +2, benefit     1869.8, efficiency    934.882
    Inline function call at Actions.mnd:167:5                    size    +6, benefit     1662.0, efficiency    277.002
    Inline function call at Actions.mnd:168:5                    size    +3, benefit     1246.5, efficiency    415.503
    Inline function call at Actions.mnd:178:5                    size   +24, benefit     1662.0, efficiency     69.250
    Inline function call at BuilderController.mnd:171:17         size   +13, benefit     1662.0, efficiency    127.847
    Inline function call at BuilderController.mnd:173:17         size   +29, benefit     1662.0, efficiency     57.311
    Inline function call at BuilderController.mnd:177:5          size   +30, benefit    13296.1, efficiency    443.203
    Inline function call at BuilderController.mnd:162:5          size    +9, benefit     5817.0, efficiency    646.338
    Inline function call at BuilderController.mnd:71:17          size   +13, benefit      831.0, efficiency     63.924
    Inline function call at BuilderController.mnd:79:17          size   +13, benefit      831.0, efficiency     63.924
    Inline function call at BuilderController.mnd:87:17          size   +13, benefit      831.0, efficiency     63.924
    Inline function call at BuilderController.mnd:93:25          size   +13, benefit      103.9, efficiency      7.990
    Inline function call at BuilderController.mnd:98:21          size   +13, benefit      207.8, efficiency     15.981
    Inline function call at BuilderController.mnd:110:17         size    +9, benefit      727.1, efficiency     80.792
    Inline function call at BuilderController.mnd:119:25         size    +9, benefit      103.9, efficiency     11.542
    Inline function call at BuilderController.mnd:121:25         size    +9, benefit       90.9, efficiency     10.099
    Inline function call at BuilderController.mnd:128:21         size    +9, benefit      181.8, efficiency     20.198
    Inline function call at BuilderController.mnd:132:17         size    +9, benefit      181.8, efficiency     20.198
    Inline function call at BuilderController.mnd:135:17         size    +9, benefit       90.9, efficiency     10.099
    Inline function call at BuilderController.mnd:139:21         size    +9, benefit       26.0, efficiency      2.885
    Inline function call at BuilderController.mnd:141:21         size    +9, benefit       22.7, efficiency      2.525
    Inline function call at BuilderController.mnd:146:21         size    +9, benefit       22.7, efficiency      2.525
    Inline function call at BuilderController.mnd:148:21         size    +9, benefit       11.4, efficiency      1.262
    Inline function call at BuilderController.mnd:150:21         size    +9, benefit       13.0, efficiency      1.443
    Inline function call at BuilderController.mnd:156:9          size   +30, benefit     3324.0, efficiency    110.801
    Inline function call at BuilderController.mnd:242:12         size   +36, benefit    13296.1, efficiency    369.336
    Inline function call at BuilderController.mnd:248:16         size   +36, benefit     6648.0, efficiency    184.668
    Inline function call at BuilderController.mnd:256:5          size   +19, benefit     1318.4, efficiency     69.387
    Inline function call at BuilderController.mnd:273:9          size   +19, benefit        4.3, efficiency      0.224
    Inline function call at BuilderController.mnd:274:16         size   +24, benefit        4.8, efficiency      0.198
    Inline function call at BuilderController.mnd:282:5          size   +19, benefit        9.5, efficiency      0.500
    Inline function call at BuilderController.mnd:284:20         size   +24, benefit        9.5, efficiency      0.396
    Inline function call at Actions.mnd:39:5                     size    +5, benefit      802.3, efficiency    160.453
    Inline function call at Actions.mnd:39:5                     size    +5, benefit     1582.0, efficiency    316.406
    Inline function call at BuilderController.mnd:378:13         size    +9, benefit     2109.4, efficiency    234.375
    Inline function call at BuilderController.mnd:379:13         size    +9, benefit     2109.4, efficiency    234.375
    Inline function call at BuilderController.mnd:380:13         size    +9, benefit     2109.4, efficiency    234.375
    Inline function call at BuilderController.mnd:381:13         size    +9, benefit     2109.4, efficiency    234.375
    Inline function call at BuilderController.mnd:423:29         size   +79, benefit     1875.0, efficiency     23.734
    Inline function call at BuilderController.mnd:424:23         size   +79, benefit     1875.0, efficiency     23.734
    Inline function call at BuilderController.mnd:425:23         size   +79, benefit     1875.0, efficiency     23.734
    Inline function call at BuilderController.mnd:426:23         size   +79, benefit     1875.0, efficiency     23.734
    Inline function call at BuilderController.mnd:429:29         size   +79, benefit      937.5, efficiency     11.867

Pass 1: speed optimization selection (cost limit 89):
    Full loop rotation at Actions.mnd:32:5                       size    +1, benefit   206651.7, efficiency 206651.661
    Full loop rotation at Actions.mnd:54:5                       size    +1, benefit   153099.8, efficiency 153099.845
    Full loop rotation at Actions.mnd:77:9                       size    +1, benefit    93682.9, efficiency  93682.926
    Full loop rotation at BuilderController.mnd:242:5            size    +2, benefit     4609.3, efficiency   2304.656
    Full loop rotation at BuilderController.mnd:248:9            size    +2, benefit     2304.7, efficiency   1152.328
    Full loop rotation at BuilderController.mnd:416:9            size    +1, benefit      650.0, efficiency    650.000
    Inline function 'status2' defined at Actions.mnd:11:1        size    +7, benefit    34941.2, efficiency   4991.600
    Inline function 'transportStatus' defined at Actions.mnd:21:1 size    +2, benefit    57651.0, efficiency  28825.516
    Inline function 'moveTo' defined at Actions.mnd:30:1         size    +9, benefit    18598.6, efficiency   2066.517
    Inline function 'moveToEmpty' defined at Actions.mnd:43:1    size   +11, benefit    28825.5, efficiency   2620.501
    Inline function 'dropAll' defined at Actions.mnd:52:1        size    +5, benefit    17665.4, efficiency   3533.073
    Inline function 'depositItems' defined at Actions.mnd:67:1   size   +47, benefit    28825.5, efficiency    613.309
    Inline function 'mineOre' defined at Actions.mnd:92:1        size   +77, benefit    11861.3, efficiency    154.043
    Inline function 'mineOre' defined at Actions.mnd:126:1       size   +17, benefit      142.8, efficiency      8.402
    Inline function 'mineOre' defined at Actions.mnd:131:1       size   +71, benefit     7146.3, efficiency    100.652
    Inline function 'fetchBlock' defined at Actions.mnd:136:1    size   +29, benefit    16620.1, efficiency    573.107
    Inline function 'supplyBlock' defined at Actions.mnd:154:1   size   +64, benefit     4466.7, efficiency     69.792
  * Inline function 'supplyBlockFromCore' defined at Actions.mnd:163:1 size    -1, benefit     1662.0, efficiency   Infinity (-4 instructions)
    Inline function 'unpackCfg' defined at Common.mnd:9:1        size   +37, benefit     1332.1, efficiency     36.003
    Inline function 'targetMet' defined at BuilderController.mnd:197:1 size   +71, benefit   118788.4, efficiency   1673.076
    Inline function 'buildBlock' defined at BuilderController.mnd:263:1 size   +23, benefit       14.3, efficiency      0.620
    Inline function 'titaniumDrillScore' defined at BuilderController.mnd:361:1 size   +26, benefit     8437.5, efficiency    324.519
  ! Inline function 'buildTitaniumDrill' defined at BuilderController.mnd:373:1 size  +315, benefit     8437.5, efficiency     26.786
    Inline function call at Actions.mnd:61:5                     size    +5, benefit    16214.4, efficiency   3242.871
    Inline function call at Actions.mnd:81:5                     size    +1, benefit    28825.5, efficiency  28825.516
    Inline function call at Actions.mnd:94:5                     size    +1, benefit    10543.4, efficiency  10543.387
    Inline function call at Actions.mnd:98:5                     size    +6, benefit    10543.4, efficiency   1757.231
    Inline function call at Actions.mnd:99:37                    size    +3, benefit     3953.8, efficiency   1317.923
    Inline function call at Actions.mnd:112:16                   size   +36, benefit    98844.3, efficiency   2745.674
    Inline function call at Actions.mnd:122:5                    size   +24, benefit    10543.4, efficiency    439.308
    Inline function call at Actions.mnd:127:5                    size    +2, benefit      160.7, efficiency     80.341
    Inline function call at Actions.mnd:128:5                    size   +39, benefit      160.7, efficiency      4.120
    Inline function call at Actions.mnd:132:5                    size    +2, benefit     9188.1, efficiency   4594.067
    Inline function call at Actions.mnd:133:5                    size   +39, benefit     9188.1, efficiency    235.593
    Inline function call at Actions.mnd:137:5                    size    +1, benefit    16620.1, efficiency  16620.117
    Inline function call at Actions.mnd:138:5                    size    +2, benefit    18697.6, efficiency   9348.816
    Inline function call at Actions.mnd:139:5                    size    +6, benefit    16620.1, efficiency   2770.020
    Inline function call at Actions.mnd:140:5                    size    +3, benefit    12465.1, efficiency   4155.029
    Inline function call at Actions.mnd:150:5                    size   +24, benefit    16620.1, efficiency    692.505
    Inline function call at Actions.mnd:155:5                    size    +2, benefit     5025.0, efficiency   2512.494
    Inline function call at Actions.mnd:159:9                    size   +39, benefit     2512.5, efficiency     64.423
    Inline function call at Actions.mnd:165:5                    size    +1, benefit     1662.0, efficiency   1662.012
    Inline function call at Actions.mnd:166:5                    size    +2, benefit     1869.8, efficiency    934.882
    Inline function call at Actions.mnd:167:5                    size    +6, benefit     1662.0, efficiency    277.002
    Inline function call at Actions.mnd:168:5                    size    +3, benefit     1246.5, efficiency    415.503
    Inline function call at Actions.mnd:178:5                    size   +24, benefit     1662.0, efficiency     69.250
    Inline function call at BuilderController.mnd:171:17         size   +13, benefit     1662.0, efficiency    127.847
    Inline function call at BuilderController.mnd:173:17         size   +29, benefit     1662.0, efficiency     57.311
    Inline function call at BuilderController.mnd:177:5          size   +30, benefit    13296.1, efficiency    443.203
    Inline function call at BuilderController.mnd:162:5          size    +9, benefit     5817.0, efficiency    646.338
    Inline function call at BuilderController.mnd:71:17          size   +13, benefit      831.0, efficiency     63.924
    Inline function call at BuilderController.mnd:79:17          size   +13, benefit      831.0, efficiency     63.924
    Inline function call at BuilderController.mnd:87:17          size   +13, benefit      831.0, efficiency     63.924
    Inline function call at BuilderController.mnd:93:25          size   +13, benefit      103.9, efficiency      7.990
    Inline function call at BuilderController.mnd:98:21          size   +13, benefit      207.8, efficiency     15.981
    Inline function call at BuilderController.mnd:110:17         size    +9, benefit      727.1, efficiency     80.792
    Inline function call at BuilderController.mnd:119:25         size    +9, benefit      103.9, efficiency     11.542
    Inline function call at BuilderController.mnd:121:25         size    +9, benefit       90.9, efficiency     10.099
    Inline function call at BuilderController.mnd:128:21         size    +9, benefit      181.8, efficiency     20.198
    Inline function call at BuilderController.mnd:132:17         size    +9, benefit      181.8, efficiency     20.198
    Inline function call at BuilderController.mnd:135:17         size    +9, benefit       90.9, efficiency     10.099
    Inline function call at BuilderController.mnd:139:21         size    +9, benefit       26.0, efficiency      2.885
    Inline function call at BuilderController.mnd:141:21         size    +9, benefit       22.7, efficiency      2.525
    Inline function call at BuilderController.mnd:146:21         size    +9, benefit       22.7, efficiency      2.525
    Inline function call at BuilderController.mnd:148:21         size    +9, benefit       11.4, efficiency      1.262
    Inline function call at BuilderController.mnd:150:21         size    +9, benefit       13.0, efficiency      1.443
    Inline function call at BuilderController.mnd:156:9          size   +30, benefit     3324.0, efficiency    110.801
    Inline function call at BuilderController.mnd:242:12         size   +36, benefit    13296.1, efficiency    369.336
    Inline function call at BuilderController.mnd:248:16         size   +36, benefit     6648.0, efficiency    184.668
    Inline function call at BuilderController.mnd:256:5          size   +19, benefit     1318.4, efficiency     69.387
    Inline function call at BuilderController.mnd:273:9          size   +19, benefit        4.3, efficiency      0.224
    Inline function call at BuilderController.mnd:274:16         size   +24, benefit        4.8, efficiency      0.198
    Inline function call at BuilderController.mnd:282:5          size   +19, benefit        9.5, efficiency      0.500
    Inline function call at BuilderController.mnd:284:20         size   +24, benefit        9.5, efficiency      0.396
    Inline function call at Actions.mnd:39:5                     size    +5, benefit      802.3, efficiency    160.453
    Inline function call at Actions.mnd:39:5                     size    +5, benefit     1582.0, efficiency    316.406
    Inline function call at BuilderController.mnd:378:13         size    +9, benefit     2109.4, efficiency    234.375
    Inline function call at BuilderController.mnd:379:13         size    +9, benefit     2109.4, efficiency    234.375
    Inline function call at BuilderController.mnd:380:13         size    +9, benefit     2109.4, efficiency    234.375
    Inline function call at BuilderController.mnd:381:13         size    +9, benefit     2109.4, efficiency    234.375
    Inline function call at BuilderController.mnd:423:29         size   +79, benefit     1875.0, efficiency     23.734
    Inline function call at BuilderController.mnd:424:23         size   +79, benefit     1875.0, efficiency     23.734
    Inline function call at BuilderController.mnd:425:23         size   +79, benefit     1875.0, efficiency     23.734
    Inline function call at BuilderController.mnd:426:23         size   +79, benefit     1875.0, efficiency     23.734
    Inline function call at BuilderController.mnd:429:29         size   +79, benefit      937.5, efficiency     11.867

Pass 1: speed optimization selection (cost limit 93):
  * Full loop rotation at Actions.mnd:32:5                       size    +1, benefit   206651.7, efficiency 206651.661 (+1 instructions)
    Full loop rotation at Actions.mnd:54:5                       size    +1, benefit   153099.8, efficiency 153099.845
    Full loop rotation at Actions.mnd:77:9                       size    +1, benefit    93682.9, efficiency  93682.926
    Full loop rotation at BuilderController.mnd:242:5            size    +2, benefit     4609.3, efficiency   2304.656
    Full loop rotation at BuilderController.mnd:248:9            size    +2, benefit     2304.7, efficiency   1152.328
    Full loop rotation at BuilderController.mnd:416:9            size    +1, benefit      650.0, efficiency    650.000
    Inline function 'status2' defined at Actions.mnd:11:1        size    +7, benefit    34941.2, efficiency   4991.600
    Inline function 'transportStatus' defined at Actions.mnd:21:1 size    +2, benefit    57651.0, efficiency  28825.516
    Inline function 'moveTo' defined at Actions.mnd:30:1         size    +9, benefit    18598.6, efficiency   2066.517
    Inline function 'moveToEmpty' defined at Actions.mnd:43:1    size   +11, benefit    28825.5, efficiency   2620.501
    Inline function 'dropAll' defined at Actions.mnd:52:1        size    +5, benefit    17665.4, efficiency   3533.073
    Inline function 'depositItems' defined at Actions.mnd:67:1   size   +47, benefit    28825.5, efficiency    613.309
    Inline function 'mineOre' defined at Actions.mnd:92:1        size   +77, benefit    11861.3, efficiency    154.043
    Inline function 'mineOre' defined at Actions.mnd:126:1       size   +17, benefit      142.8, efficiency      8.402
    Inline function 'mineOre' defined at Actions.mnd:131:1       size   +71, benefit     7146.3, efficiency    100.652
    Inline function 'fetchBlock' defined at Actions.mnd:136:1    size   +29, benefit    16620.1, efficiency    573.107
    Inline function 'supplyBlock' defined at Actions.mnd:154:1   size   +64, benefit     4466.7, efficiency     69.792
    Inline function 'unpackCfg' defined at Common.mnd:9:1        size   +37, benefit     1332.1, efficiency     36.003
    Inline function 'targetMet' defined at BuilderController.mnd:197:1 size   +71, benefit   118788.4, efficiency   1673.076
    Inline function 'buildBlock' defined at BuilderController.mnd:263:1 size   +23, benefit       14.3, efficiency      0.620
    Inline function 'titaniumDrillScore' defined at BuilderController.mnd:361:1 size   +26, benefit     8437.5, efficiency    324.519
  ! Inline function 'buildTitaniumDrill' defined at BuilderController.mnd:373:1 size  +315, benefit     8437.5, efficiency     26.786
    Inline function call at Actions.mnd:61:5                     size    +5, benefit    16214.4, efficiency   3242.871
    Inline function call at Actions.mnd:81:5                     size    +1, benefit    28825.5, efficiency  28825.516
    Inline function call at Actions.mnd:94:5                     size    +1, benefit    10543.4, efficiency  10543.387
    Inline function call at Actions.mnd:98:5                     size    +6, benefit    10543.4, efficiency   1757.231
    Inline function call at Actions.mnd:99:37                    size    +3, benefit     3953.8, efficiency   1317.923
    Inline function call at Actions.mnd:112:16                   size   +36, benefit    98844.3, efficiency   2745.674
    Inline function call at Actions.mnd:122:5                    size   +24, benefit    10543.4, efficiency    439.308
    Inline function call at Actions.mnd:127:5                    size    +2, benefit      160.7, efficiency     80.341
    Inline function call at Actions.mnd:128:5                    size   +39, benefit      160.7, efficiency      4.120
    Inline function call at Actions.mnd:132:5                    size    +2, benefit     9188.1, efficiency   4594.067
    Inline function call at Actions.mnd:133:5                    size   +39, benefit     9188.1, efficiency    235.593
    Inline function call at Actions.mnd:137:5                    size    +1, benefit    16620.1, efficiency  16620.117
    Inline function call at Actions.mnd:138:5                    size    +2, benefit    18697.6, efficiency   9348.816
    Inline function call at Actions.mnd:139:5                    size    +6, benefit    16620.1, efficiency   2770.020
    Inline function call at Actions.mnd:140:5                    size    +3, benefit    12465.1, efficiency   4155.029
    Inline function call at Actions.mnd:150:5                    size   +24, benefit    16620.1, efficiency    692.505
    Inline function call at Actions.mnd:155:5                    size    +2, benefit     5025.0, efficiency   2512.494
    Inline function call at Actions.mnd:159:9                    size   +39, benefit     2512.5, efficiency     64.423
    Inline function call at BuilderController.mnd:171:17         size   +13, benefit     1662.0, efficiency    127.847
    Inline function call at Actions.mnd:165:5                    size    +1, benefit     1662.0, efficiency   1662.012
    Inline function call at Actions.mnd:166:5                    size    +2, benefit     1869.8, efficiency    934.882
    Inline function call at Actions.mnd:167:5                    size    +6, benefit     1662.0, efficiency    277.002
    Inline function call at Actions.mnd:168:5                    size    +3, benefit     1246.5, efficiency    415.503
    Inline function call at Actions.mnd:178:5                    size   +24, benefit     1662.0, efficiency     69.250
    Inline function call at BuilderController.mnd:177:5          size   +30, benefit    13296.1, efficiency    443.203
    Inline function call at BuilderController.mnd:162:5          size    +9, benefit     5817.0, efficiency    646.338
    Inline function call at BuilderController.mnd:71:17          size   +13, benefit      831.0, efficiency     63.924
    Inline function call at BuilderController.mnd:79:17          size   +13, benefit      831.0, efficiency     63.924
    Inline function call at BuilderController.mnd:87:17          size   +13, benefit      831.0, efficiency     63.924
    Inline function call at BuilderController.mnd:93:25          size   +13, benefit      103.9, efficiency      7.990
    Inline function call at BuilderController.mnd:98:21          size   +13, benefit      207.8, efficiency     15.981
    Inline function call at BuilderController.mnd:110:17         size    +9, benefit      727.1, efficiency     80.792
    Inline function call at BuilderController.mnd:119:25         size    +9, benefit      103.9, efficiency     11.542
    Inline function call at BuilderController.mnd:121:25         size    +9, benefit       90.9, efficiency     10.099
    Inline function call at BuilderController.mnd:128:21         size    +9, benefit      181.8, efficiency     20.198
    Inline function call at BuilderController.mnd:132:17         size    +9, benefit      181.8, efficiency     20.198
    Inline function call at BuilderController.mnd:135:17         size    +9, benefit       90.9, efficiency     10.099
    Inline function call at BuilderController.mnd:139:21         size    +9, benefit       26.0, efficiency      2.885
    Inline function call at BuilderController.mnd:141:21         size    +9, benefit       22.7, efficiency      2.525
    Inline function call at BuilderController.mnd:146:21         size    +9, benefit       22.7, efficiency      2.525
    Inline function call at BuilderController.mnd:148:21         size    +9, benefit       11.4, efficiency      1.262
    Inline function call at BuilderController.mnd:150:21         size    +9, benefit       13.0, efficiency      1.443
    Inline function call at BuilderController.mnd:156:9          size   +30, benefit     3324.0, efficiency    110.801
    Inline function call at BuilderController.mnd:242:12         size   +36, benefit    13296.1, efficiency    369.336
    Inline function call at BuilderController.mnd:248:16         size   +36, benefit     6648.0, efficiency    184.668
    Inline function call at BuilderController.mnd:256:5          size   +19, benefit     1318.4, efficiency     69.387
    Inline function call at BuilderController.mnd:273:9          size   +19, benefit        4.3, efficiency      0.224
    Inline function call at BuilderController.mnd:274:16         size   +24, benefit        4.8, efficiency      0.198
    Inline function call at BuilderController.mnd:282:5          size   +19, benefit        9.5, efficiency      0.500
    Inline function call at BuilderController.mnd:284:20         size   +24, benefit        9.5, efficiency      0.396
    Inline function call at Actions.mnd:39:5                     size    +5, benefit      802.3, efficiency    160.453
    Inline function call at Actions.mnd:39:5                     size    +5, benefit     1582.0, efficiency    316.406
    Inline function call at BuilderController.mnd:378:13         size    +9, benefit     2109.4, efficiency    234.375
    Inline function call at BuilderController.mnd:379:13         size    +9, benefit     2109.4, efficiency    234.375
    Inline function call at BuilderController.mnd:380:13         size    +9, benefit     2109.4, efficiency    234.375
    Inline function call at BuilderController.mnd:381:13         size    +9, benefit     2109.4, efficiency    234.375
    Inline function call at BuilderController.mnd:423:29         size   +79, benefit     1875.0, efficiency     23.734
    Inline function call at BuilderController.mnd:424:23         size   +79, benefit     1875.0, efficiency     23.734
    Inline function call at BuilderController.mnd:425:23         size   +79, benefit     1875.0, efficiency     23.734
    Inline function call at BuilderController.mnd:426:23         size   +79, benefit     1875.0, efficiency     23.734
    Inline function call at BuilderController.mnd:429:29         size   +79, benefit      937.5, efficiency     11.867

Pass 1: speed optimization selection (cost limit 92):
  * Full loop rotation at Actions.mnd:54:5                       size    +1, benefit   153099.8, efficiency 153099.845 (+1 instructions)
    Full loop rotation at Actions.mnd:77:9                       size    +1, benefit    93682.9, efficiency  93682.926
    Full loop rotation at BuilderController.mnd:242:5            size    +2, benefit     4609.3, efficiency   2304.656
    Full loop rotation at BuilderController.mnd:248:9            size    +2, benefit     2304.7, efficiency   1152.328
    Full loop rotation at BuilderController.mnd:416:9            size    +1, benefit      650.0, efficiency    650.000
    Inline function 'status2' defined at Actions.mnd:11:1        size    +7, benefit    34941.2, efficiency   4991.600
    Inline function 'transportStatus' defined at Actions.mnd:21:1 size    +2, benefit    57651.0, efficiency  28825.516
    Inline function 'moveTo' defined at Actions.mnd:30:1         size   +11, benefit    18598.6, efficiency   1690.786
    Inline function 'moveToEmpty' defined at Actions.mnd:43:1    size   +11, benefit    28825.5, efficiency   2620.501
    Inline function 'dropAll' defined at Actions.mnd:52:1        size    +5, benefit    17665.4, efficiency   3533.073
    Inline function 'depositItems' defined at Actions.mnd:67:1   size   +47, benefit    28825.5, efficiency    613.309
    Inline function 'mineOre' defined at Actions.mnd:92:1        size   +77, benefit    11861.3, efficiency    154.043
    Inline function 'mineOre' defined at Actions.mnd:126:1       size   +17, benefit      142.8, efficiency      8.402
    Inline function 'mineOre' defined at Actions.mnd:131:1       size   +71, benefit     7146.3, efficiency    100.652
    Inline function 'fetchBlock' defined at Actions.mnd:136:1    size   +29, benefit    16620.1, efficiency    573.107
    Inline function 'supplyBlock' defined at Actions.mnd:154:1   size   +64, benefit     4466.7, efficiency     69.792
    Inline function 'unpackCfg' defined at Common.mnd:9:1        size   +37, benefit     1332.1, efficiency     36.003
    Inline function 'targetMet' defined at BuilderController.mnd:197:1 size   +71, benefit   118788.4, efficiency   1673.076
    Inline function 'buildBlock' defined at BuilderController.mnd:263:1 size   +23, benefit       14.3, efficiency      0.620
    Inline function 'titaniumDrillScore' defined at BuilderController.mnd:361:1 size   +26, benefit     8437.5, efficiency    324.519
  ! Inline function 'buildTitaniumDrill' defined at BuilderController.mnd:373:1 size  +315, benefit     8437.5, efficiency     26.786
    Inline function call at Actions.mnd:61:5                     size    +6, benefit    16214.4, efficiency   2702.392
    Inline function call at Actions.mnd:81:5                     size    +1, benefit    28825.5, efficiency  28825.516
    Inline function call at Actions.mnd:94:5                     size    +1, benefit    10543.4, efficiency  10543.387
    Inline function call at Actions.mnd:98:5                     size    +6, benefit    10543.4, efficiency   1757.231
    Inline function call at Actions.mnd:99:37                    size    +3, benefit     3953.8, efficiency   1317.923
    Inline function call at Actions.mnd:112:16                   size   +36, benefit    98844.3, efficiency   2745.674
    Inline function call at Actions.mnd:122:5                    size   +24, benefit    10543.4, efficiency    439.308
    Inline function call at Actions.mnd:127:5                    size    +2, benefit      160.7, efficiency     80.341
    Inline function call at Actions.mnd:128:5                    size   +39, benefit      160.7, efficiency      4.120
    Inline function call at Actions.mnd:132:5                    size    +2, benefit     9188.1, efficiency   4594.067
    Inline function call at Actions.mnd:133:5                    size   +39, benefit     9188.1, efficiency    235.593
    Inline function call at Actions.mnd:137:5                    size    +1, benefit    16620.1, efficiency  16620.117
    Inline function call at Actions.mnd:138:5                    size    +2, benefit    18697.6, efficiency   9348.816
    Inline function call at Actions.mnd:139:5                    size    +6, benefit    16620.1, efficiency   2770.020
    Inline function call at Actions.mnd:140:5                    size    +3, benefit    12465.1, efficiency   4155.029
    Inline function call at Actions.mnd:150:5                    size   +24, benefit    16620.1, efficiency    692.505
    Inline function call at Actions.mnd:155:5                    size    +2, benefit     5025.0, efficiency   2512.494
    Inline function call at Actions.mnd:159:9                    size   +39, benefit     2512.5, efficiency     64.423
    Inline function call at BuilderController.mnd:171:17         size   +13, benefit     1662.0, efficiency    127.847
    Inline function call at Actions.mnd:165:5                    size    +1, benefit     1662.0, efficiency   1662.012
    Inline function call at Actions.mnd:166:5                    size    +2, benefit     1869.8, efficiency    934.882
    Inline function call at Actions.mnd:167:5                    size    +6, benefit     1662.0, efficiency    277.002
    Inline function call at Actions.mnd:168:5                    size    +3, benefit     1246.5, efficiency    415.503
    Inline function call at Actions.mnd:178:5                    size   +24, benefit     1662.0, efficiency     69.250
    Inline function call at BuilderController.mnd:177:5          size   +30, benefit    13296.1, efficiency    443.203
    Inline function call at BuilderController.mnd:162:5          size    +9, benefit     5817.0, efficiency    646.338
    Inline function call at BuilderController.mnd:71:17          size   +13, benefit      831.0, efficiency     63.924
    Inline function call at BuilderController.mnd:79:17          size   +13, benefit      831.0, efficiency     63.924
    Inline function call at BuilderController.mnd:87:17          size   +13, benefit      831.0, efficiency     63.924
    Inline function call at BuilderController.mnd:93:25          size   +13, benefit      103.9, efficiency      7.990
    Inline function call at BuilderController.mnd:98:21          size   +13, benefit      207.8, efficiency     15.981
    Inline function call at BuilderController.mnd:110:17         size    +9, benefit      727.1, efficiency     80.792
    Inline function call at BuilderController.mnd:119:25         size    +9, benefit      103.9, efficiency     11.542
    Inline function call at BuilderController.mnd:121:25         size    +9, benefit       90.9, efficiency     10.099
    Inline function call at BuilderController.mnd:128:21         size    +9, benefit      181.8, efficiency     20.198
    Inline function call at BuilderController.mnd:132:17         size    +9, benefit      181.8, efficiency     20.198
    Inline function call at BuilderController.mnd:135:17         size    +9, benefit       90.9, efficiency     10.099
    Inline function call at BuilderController.mnd:139:21         size    +9, benefit       26.0, efficiency      2.885
    Inline function call at BuilderController.mnd:141:21         size    +9, benefit       22.7, efficiency      2.525
    Inline function call at BuilderController.mnd:146:21         size    +9, benefit       22.7, efficiency      2.525
    Inline function call at BuilderController.mnd:148:21         size    +9, benefit       11.4, efficiency      1.262
    Inline function call at BuilderController.mnd:150:21         size    +9, benefit       13.0, efficiency      1.443
    Inline function call at BuilderController.mnd:156:9          size   +30, benefit     3324.0, efficiency    110.801
    Inline function call at BuilderController.mnd:242:12         size   +36, benefit    13296.1, efficiency    369.336
    Inline function call at BuilderController.mnd:248:16         size   +36, benefit     6648.0, efficiency    184.668
    Inline function call at BuilderController.mnd:256:5          size   +19, benefit     1318.4, efficiency     69.387
    Inline function call at BuilderController.mnd:273:9          size   +19, benefit        4.3, efficiency      0.224
    Inline function call at BuilderController.mnd:274:16         size   +24, benefit        4.8, efficiency      0.198
    Inline function call at BuilderController.mnd:282:5          size   +19, benefit        9.5, efficiency      0.500
    Inline function call at BuilderController.mnd:284:20         size   +24, benefit        9.5, efficiency      0.396
    Inline function call at Actions.mnd:39:5                     size    +6, benefit      802.3, efficiency    133.711
    Inline function call at Actions.mnd:39:5                     size    +6, benefit     1582.0, efficiency    263.672
    Inline function call at BuilderController.mnd:378:13         size    +9, benefit     2109.4, efficiency    234.375
    Inline function call at BuilderController.mnd:379:13         size    +9, benefit     2109.4, efficiency    234.375
    Inline function call at BuilderController.mnd:380:13         size    +9, benefit     2109.4, efficiency    234.375
    Inline function call at BuilderController.mnd:381:13         size    +9, benefit     2109.4, efficiency    234.375
    Inline function call at BuilderController.mnd:423:29         size   +79, benefit     1875.0, efficiency     23.734
    Inline function call at BuilderController.mnd:424:23         size   +79, benefit     1875.0, efficiency     23.734
    Inline function call at BuilderController.mnd:425:23         size   +79, benefit     1875.0, efficiency     23.734
    Inline function call at BuilderController.mnd:426:23         size   +79, benefit     1875.0, efficiency     23.734
    Inline function call at BuilderController.mnd:429:29         size   +79, benefit      937.5, efficiency     11.867

Pass 1: speed optimization selection (cost limit 91):
  * Full loop rotation at Actions.mnd:77:9                       size    +1, benefit    93682.9, efficiency  93682.926 (+1 instructions)
    Full loop rotation at BuilderController.mnd:242:5            size    +2, benefit     4609.3, efficiency   2304.656
    Full loop rotation at BuilderController.mnd:248:9            size    +2, benefit     2304.7, efficiency   1152.328
    Full loop rotation at BuilderController.mnd:416:9            size    +1, benefit      650.0, efficiency    650.000
    Inline function 'status2' defined at Actions.mnd:11:1        size    +7, benefit    34941.2, efficiency   4991.600
    Inline function 'transportStatus' defined at Actions.mnd:21:1 size    +2, benefit    57651.0, efficiency  28825.516
    Inline function 'moveTo' defined at Actions.mnd:30:1         size   +11, benefit    18598.6, efficiency   1690.786
    Inline function 'moveToEmpty' defined at Actions.mnd:43:1    size   +11, benefit    28825.5, efficiency   2620.501
    Inline function 'dropAll' defined at Actions.mnd:52:1        size    +7, benefit    17665.4, efficiency   2523.624
    Inline function 'depositItems' defined at Actions.mnd:67:1   size   +47, benefit    28825.5, efficiency    613.309
    Inline function 'mineOre' defined at Actions.mnd:92:1        size   +77, benefit    11861.3, efficiency    154.043
    Inline function 'mineOre' defined at Actions.mnd:126:1       size   +17, benefit      142.8, efficiency      8.402
    Inline function 'mineOre' defined at Actions.mnd:131:1       size   +71, benefit     7146.3, efficiency    100.652
    Inline function 'fetchBlock' defined at Actions.mnd:136:1    size   +29, benefit    16620.1, efficiency    573.107
    Inline function 'supplyBlock' defined at Actions.mnd:154:1   size   +64, benefit     4466.7, efficiency     69.792
    Inline function 'unpackCfg' defined at Common.mnd:9:1        size   +37, benefit     1332.1, efficiency     36.003
    Inline function 'targetMet' defined at BuilderController.mnd:197:1 size   +71, benefit   118788.4, efficiency   1673.076
    Inline function 'buildBlock' defined at BuilderController.mnd:263:1 size   +23, benefit       14.3, efficiency      0.620
    Inline function 'titaniumDrillScore' defined at BuilderController.mnd:361:1 size   +26, benefit     8437.5, efficiency    324.519
  ! Inline function 'buildTitaniumDrill' defined at BuilderController.mnd:373:1 size  +315, benefit     8437.5, efficiency     26.786
    Inline function call at Actions.mnd:61:5                     size    +6, benefit    16214.4, efficiency   2702.392
    Inline function call at Actions.mnd:81:5                     size    +1, benefit    28825.5, efficiency  28825.516
    Inline function call at Actions.mnd:94:5                     size    +1, benefit    10543.4, efficiency  10543.387
    Inline function call at Actions.mnd:98:5                     size    +6, benefit    10543.4, efficiency   1757.231
    Inline function call at Actions.mnd:99:37                    size    +4, benefit     3953.8, efficiency    988.443
    Inline function call at Actions.mnd:112:16                   size   +36, benefit    98844.3, efficiency   2745.674
    Inline function call at Actions.mnd:122:5                    size   +24, benefit    10543.4, efficiency    439.308
    Inline function call at Actions.mnd:127:5                    size    +2, benefit      160.7, efficiency     80.341
    Inline function call at Actions.mnd:128:5                    size   +39, benefit      160.7, efficiency      4.120
    Inline function call at Actions.mnd:132:5                    size    +2, benefit     9188.1, efficiency   4594.067
    Inline function call at Actions.mnd:133:5                    size   +39, benefit     9188.1, efficiency    235.593
    Inline function call at Actions.mnd:137:5                    size    +1, benefit    16620.1, efficiency  16620.117
    Inline function call at Actions.mnd:138:5                    size    +2, benefit    18697.6, efficiency   9348.816
    Inline function call at Actions.mnd:139:5                    size    +6, benefit    16620.1, efficiency   2770.020
    Inline function call at Actions.mnd:140:5                    size    +4, benefit    12465.1, efficiency   3116.272
    Inline function call at Actions.mnd:150:5                    size   +24, benefit    16620.1, efficiency    692.505
    Inline function call at Actions.mnd:155:5                    size    +2, benefit     5025.0, efficiency   2512.494
    Inline function call at Actions.mnd:159:9                    size   +39, benefit     2512.5, efficiency     64.423
    Inline function call at BuilderController.mnd:171:17         size   +13, benefit     1662.0, efficiency    127.847
    Inline function call at Actions.mnd:165:5                    size    +1, benefit     1662.0, efficiency   1662.012
    Inline function call at Actions.mnd:166:5                    size    +2, benefit     1869.8, efficiency    934.882
    Inline function call at Actions.mnd:167:5                    size    +6, benefit     1662.0, efficiency    277.002
    Inline function call at Actions.mnd:168:5                    size    +4, benefit     1246.5, efficiency    311.627
    Inline function call at Actions.mnd:178:5                    size   +24, benefit     1662.0, efficiency     69.250
    Inline function call at BuilderController.mnd:177:5          size   +30, benefit    13296.1, efficiency    443.203
    Inline function call at BuilderController.mnd:162:5          size    +9, benefit     5817.0, efficiency    646.338
    Inline function call at BuilderController.mnd:71:17          size   +13, benefit      831.0, efficiency     63.924
    Inline function call at BuilderController.mnd:79:17          size   +13, benefit      831.0, efficiency     63.924
    Inline function call at BuilderController.mnd:87:17          size   +13, benefit      831.0, efficiency     63.924
    Inline function call at BuilderController.mnd:93:25          size   +13, benefit      103.9, efficiency      7.990
    Inline function call at BuilderController.mnd:98:21          size   +13, benefit      207.8, efficiency     15.981
    Inline function call at BuilderController.mnd:110:17         size    +9, benefit      727.1, efficiency     80.792
    Inline function call at BuilderController.mnd:119:25         size    +9, benefit      103.9, efficiency     11.542
    Inline function call at BuilderController.mnd:121:25         size    +9, benefit       90.9, efficiency     10.099
    Inline function call at BuilderController.mnd:128:21         size    +9, benefit      181.8, efficiency     20.198
    Inline function call at BuilderController.mnd:132:17         size    +9, benefit      181.8, efficiency     20.198
    Inline function call at BuilderController.mnd:135:17         size    +9, benefit       90.9, efficiency     10.099
    Inline function call at BuilderController.mnd:139:21         size    +9, benefit       26.0, efficiency      2.885
    Inline function call at BuilderController.mnd:141:21         size    +9, benefit       22.7, efficiency      2.525
    Inline function call at BuilderController.mnd:146:21         size    +9, benefit       22.7, efficiency      2.525
    Inline function call at BuilderController.mnd:148:21         size    +9, benefit       11.4, efficiency      1.262
    Inline function call at BuilderController.mnd:150:21         size    +9, benefit       13.0, efficiency      1.443
    Inline function call at BuilderController.mnd:156:9          size   +30, benefit     3324.0, efficiency    110.801
    Inline function call at BuilderController.mnd:242:12         size   +36, benefit    13296.1, efficiency    369.336
    Inline function call at BuilderController.mnd:248:16         size   +36, benefit     6648.0, efficiency    184.668
    Inline function call at BuilderController.mnd:256:5          size   +19, benefit     1318.4, efficiency     69.387
    Inline function call at BuilderController.mnd:273:9          size   +19, benefit        4.3, efficiency      0.224
    Inline function call at BuilderController.mnd:274:16         size   +24, benefit        4.8, efficiency      0.198
    Inline function call at BuilderController.mnd:282:5          size   +19, benefit        9.5, efficiency      0.500
    Inline function call at BuilderController.mnd:284:20         size   +24, benefit        9.5, efficiency      0.396
    Inline function call at Actions.mnd:39:5                     size    +6, benefit      802.3, efficiency    133.711
    Inline function call at Actions.mnd:39:5                     size    +6, benefit     1582.0, efficiency    263.672
    Inline function call at BuilderController.mnd:378:13         size    +9, benefit     2109.4, efficiency    234.375
    Inline function call at BuilderController.mnd:379:13         size    +9, benefit     2109.4, efficiency    234.375
    Inline function call at BuilderController.mnd:380:13         size    +9, benefit     2109.4, efficiency    234.375
    Inline function call at BuilderController.mnd:381:13         size    +9, benefit     2109.4, efficiency    234.375
    Inline function call at BuilderController.mnd:423:29         size   +79, benefit     1875.0, efficiency     23.734
    Inline function call at BuilderController.mnd:424:23         size   +79, benefit     1875.0, efficiency     23.734
    Inline function call at BuilderController.mnd:425:23         size   +79, benefit     1875.0, efficiency     23.734
    Inline function call at BuilderController.mnd:426:23         size   +79, benefit     1875.0, efficiency     23.734
    Inline function call at BuilderController.mnd:429:29         size   +79, benefit      937.5, efficiency     11.867

Pass 1: speed optimization selection (cost limit 90):
    Full loop rotation at BuilderController.mnd:242:5            size    +2, benefit     4609.3, efficiency   2304.656
    Full loop rotation at BuilderController.mnd:248:9            size    +2, benefit     2304.7, efficiency   1152.328
    Full loop rotation at BuilderController.mnd:416:9            size    +1, benefit      650.0, efficiency    650.000
    Inline function 'status2' defined at Actions.mnd:11:1        size    +7, benefit    34941.2, efficiency   4991.600
  * Inline function 'transportStatus' defined at Actions.mnd:21:1 size    +2, benefit    57651.0, efficiency  28825.516 (-9 instructions)
    Inline function 'moveTo' defined at Actions.mnd:30:1         size   +11, benefit    18598.6, efficiency   1690.786
    Inline function 'moveToEmpty' defined at Actions.mnd:43:1    size   +11, benefit    28825.5, efficiency   2620.501
    Inline function 'dropAll' defined at Actions.mnd:52:1        size    +7, benefit    17665.4, efficiency   2523.624
    Inline function 'depositItems' defined at Actions.mnd:67:1   size   +49, benefit    28825.5, efficiency    588.276
    Inline function 'mineOre' defined at Actions.mnd:92:1        size   +77, benefit    11861.3, efficiency    154.043
    Inline function 'mineOre' defined at Actions.mnd:126:1       size   +17, benefit      142.8, efficiency      8.402
    Inline function 'mineOre' defined at Actions.mnd:131:1       size   +71, benefit     7146.3, efficiency    100.652
    Inline function 'fetchBlock' defined at Actions.mnd:136:1    size   +29, benefit    16620.1, efficiency    573.107
    Inline function 'supplyBlock' defined at Actions.mnd:154:1   size   +64, benefit     4466.7, efficiency     69.792
    Inline function 'unpackCfg' defined at Common.mnd:9:1        size   +37, benefit     1332.1, efficiency     36.003
    Inline function 'targetMet' defined at BuilderController.mnd:197:1 size   +71, benefit   118788.4, efficiency   1673.076
    Inline function 'buildBlock' defined at BuilderController.mnd:263:1 size   +23, benefit       14.3, efficiency      0.620
    Inline function 'titaniumDrillScore' defined at BuilderController.mnd:361:1 size   +26, benefit     8437.5, efficiency    324.519
  ! Inline function 'buildTitaniumDrill' defined at BuilderController.mnd:373:1 size  +315, benefit     8437.5, efficiency     26.786
    Inline function call at Actions.mnd:61:5                     size    +6, benefit    16214.4, efficiency   2702.392
    Inline function call at Actions.mnd:81:5                     size    +1, benefit    28825.5, efficiency  28825.516
    Inline function call at Actions.mnd:94:5                     size    +1, benefit    10543.4, efficiency  10543.387
    Inline function call at Actions.mnd:98:5                     size    +6, benefit    10543.4, efficiency   1757.231
    Inline function call at Actions.mnd:99:37                    size    +4, benefit     3953.8, efficiency    988.443
    Inline function call at Actions.mnd:112:16                   size   +36, benefit    98844.3, efficiency   2745.674
    Inline function call at Actions.mnd:122:5                    size   +25, benefit    10543.4, efficiency    421.735
    Inline function call at Actions.mnd:127:5                    size    +2, benefit      160.7, efficiency     80.341
    Inline function call at Actions.mnd:128:5                    size   +39, benefit      160.7, efficiency      4.120
    Inline function call at Actions.mnd:132:5                    size    +2, benefit     9188.1, efficiency   4594.067
    Inline function call at Actions.mnd:133:5                    size   +39, benefit     9188.1, efficiency    235.593
    Inline function call at Actions.mnd:137:5                    size    +1, benefit    16620.1, efficiency  16620.117
    Inline function call at Actions.mnd:138:5                    size    +2, benefit    18697.6, efficiency   9348.816
    Inline function call at Actions.mnd:139:5                    size    +6, benefit    16620.1, efficiency   2770.020
    Inline function call at Actions.mnd:140:5                    size    +4, benefit    12465.1, efficiency   3116.272
    Inline function call at Actions.mnd:150:5                    size   +25, benefit    16620.1, efficiency    664.805
    Inline function call at Actions.mnd:155:5                    size    +2, benefit     5025.0, efficiency   2512.494
    Inline function call at Actions.mnd:159:9                    size   +39, benefit     2512.5, efficiency     64.423
    Inline function call at BuilderController.mnd:171:17         size   +13, benefit     1662.0, efficiency    127.847
    Inline function call at Actions.mnd:165:5                    size    +1, benefit     1662.0, efficiency   1662.012
    Inline function call at Actions.mnd:166:5                    size    +2, benefit     1869.8, efficiency    934.882
    Inline function call at Actions.mnd:167:5                    size    +6, benefit     1662.0, efficiency    277.002
    Inline function call at Actions.mnd:168:5                    size    +4, benefit     1246.5, efficiency    311.627
    Inline function call at Actions.mnd:178:5                    size   +25, benefit     1662.0, efficiency     66.480
    Inline function call at BuilderController.mnd:177:5          size   +30, benefit    13296.1, efficiency    443.203
    Inline function call at BuilderController.mnd:162:5          size    +9, benefit     5817.0, efficiency    646.338
    Inline function call at BuilderController.mnd:71:17          size   +13, benefit      831.0, efficiency     63.924
    Inline function call at BuilderController.mnd:79:17          size   +13, benefit      831.0, efficiency     63.924
    Inline function call at BuilderController.mnd:87:17          size   +13, benefit      831.0, efficiency     63.924
    Inline function call at BuilderController.mnd:93:25          size   +13, benefit      103.9, efficiency      7.990
    Inline function call at BuilderController.mnd:98:21          size   +13, benefit      207.8, efficiency     15.981
    Inline function call at BuilderController.mnd:110:17         size    +9, benefit      727.1, efficiency     80.792
    Inline function call at BuilderController.mnd:119:25         size    +9, benefit      103.9, efficiency     11.542
    Inline function call at BuilderController.mnd:121:25         size    +9, benefit       90.9, efficiency     10.099
    Inline function call at BuilderController.mnd:128:21         size    +9, benefit      181.8, efficiency     20.198
    Inline function call at BuilderController.mnd:132:17         size    +9, benefit      181.8, efficiency     20.198
    Inline function call at BuilderController.mnd:135:17         size    +9, benefit       90.9, efficiency     10.099
    Inline function call at BuilderController.mnd:139:21         size    +9, benefit       26.0, efficiency      2.885
    Inline function call at BuilderController.mnd:141:21         size    +9, benefit       22.7, efficiency      2.525
    Inline function call at BuilderController.mnd:146:21         size    +9, benefit       22.7, efficiency      2.525
    Inline function call at BuilderController.mnd:148:21         size    +9, benefit       11.4, efficiency      1.262
    Inline function call at BuilderController.mnd:150:21         size    +9, benefit       13.0, efficiency      1.443
    Inline function call at BuilderController.mnd:156:9          size   +30, benefit     3324.0, efficiency    110.801
    Inline function call at BuilderController.mnd:242:12         size   +36, benefit    13296.1, efficiency    369.336
    Inline function call at BuilderController.mnd:248:16         size   +36, benefit     6648.0, efficiency    184.668
    Inline function call at BuilderController.mnd:256:5          size   +19, benefit     1318.4, efficiency     69.387
    Inline function call at BuilderController.mnd:273:9          size   +19, benefit        4.3, efficiency      0.224
    Inline function call at BuilderController.mnd:274:16         size   +24, benefit        4.8, efficiency      0.198
    Inline function call at BuilderController.mnd:282:5          size   +19, benefit        9.5, efficiency      0.500
    Inline function call at BuilderController.mnd:284:20         size   +24, benefit        9.5, efficiency      0.396
    Inline function call at Actions.mnd:39:5                     size    +6, benefit      802.3, efficiency    133.711
    Inline function call at Actions.mnd:39:5                     size    +6, benefit     1582.0, efficiency    263.672
    Inline function call at BuilderController.mnd:378:13         size    +9, benefit     2109.4, efficiency    234.375
    Inline function call at BuilderController.mnd:379:13         size    +9, benefit     2109.4, efficiency    234.375
    Inline function call at BuilderController.mnd:380:13         size    +9, benefit     2109.4, efficiency    234.375
    Inline function call at BuilderController.mnd:381:13         size    +9, benefit     2109.4, efficiency    234.375
    Inline function call at BuilderController.mnd:423:29         size   +79, benefit     1875.0, efficiency     23.734
    Inline function call at BuilderController.mnd:424:23         size   +79, benefit     1875.0, efficiency     23.734
    Inline function call at BuilderController.mnd:425:23         size   +79, benefit     1875.0, efficiency     23.734
    Inline function call at BuilderController.mnd:426:23         size   +79, benefit     1875.0, efficiency     23.734
    Inline function call at BuilderController.mnd:429:29         size   +79, benefit      937.5, efficiency     11.867

Pass 1: speed optimization selection (cost limit 99):
    Full loop rotation at BuilderController.mnd:242:5            size    +2, benefit     4609.3, efficiency   2304.656
    Full loop rotation at BuilderController.mnd:248:9            size    +2, benefit     2304.7, efficiency   1152.328
    Full loop rotation at BuilderController.mnd:416:9            size    +1, benefit      650.0, efficiency    650.000
    Inline function 'status2' defined at Actions.mnd:11:1        size    +7, benefit    34941.2, efficiency   4991.600
    Inline function 'moveTo' defined at Actions.mnd:30:1         size   +11, benefit    18598.6, efficiency   1690.786
    Inline function 'moveToEmpty' defined at Actions.mnd:43:1    size   +11, benefit    28825.5, efficiency   2620.501
    Inline function 'dropAll' defined at Actions.mnd:52:1        size    +7, benefit    17665.4, efficiency   2523.624
    Inline function 'depositItems' defined at Actions.mnd:67:1   size   +45, benefit    28825.5, efficiency    640.567
    Inline function 'mineOre' defined at Actions.mnd:92:1        size   +75, benefit    11861.3, efficiency    158.151
    Inline function 'mineOre' defined at Actions.mnd:126:1       size   +17, benefit      142.8, efficiency      8.402
    Inline function 'mineOre' defined at Actions.mnd:131:1       size   +71, benefit     7146.3, efficiency    100.652
    Inline function 'fetchBlock' defined at Actions.mnd:136:1    size   +28, benefit    16620.1, efficiency    593.576
    Inline function 'supplyBlock' defined at Actions.mnd:154:1   size   +64, benefit     4466.7, efficiency     69.792
    Inline function 'unpackCfg' defined at Common.mnd:9:1        size   +37, benefit     1332.1, efficiency     36.003
    Inline function 'targetMet' defined at BuilderController.mnd:197:1 size   +71, benefit   118788.4, efficiency   1673.076
    Inline function 'buildBlock' defined at BuilderController.mnd:263:1 size   +23, benefit       14.3, efficiency      0.620
    Inline function 'titaniumDrillScore' defined at BuilderController.mnd:361:1 size   +26, benefit     8437.5, efficiency    324.519
  ! Inline function 'buildTitaniumDrill' defined at BuilderController.mnd:373:1 size  +315, benefit     8437.5, efficiency     26.786
    Inline function call at Actions.mnd:61:5                     size    +6, benefit    16214.4, efficiency   2702.392
    Inline function call at Actions.mnd:98:5                     size    +6, benefit    10543.4, efficiency   1757.231
    Inline function call at Actions.mnd:99:37                    size    +4, benefit     3953.8, efficiency    988.443
    Inline function call at Actions.mnd:112:16                   size   +36, benefit    98844.3, efficiency   2745.674
    Inline function call at Actions.mnd:122:5                    size   +23, benefit    10543.4, efficiency    458.408
    Inline function call at Actions.mnd:127:5                    size    +2, benefit      160.7, efficiency     80.341
    Inline function call at Actions.mnd:128:5                    size   +38, benefit      160.7, efficiency      4.228
    Inline function call at Actions.mnd:132:5                    size    +2, benefit     9188.1, efficiency   4594.067
    Inline function call at Actions.mnd:133:5                    size   +38, benefit     9188.1, efficiency    241.793
  * Inline function call at Actions.mnd:138:5                    size    +2, benefit    18697.6, efficiency   9348.816 (-2 instructions)
    Inline function call at Actions.mnd:139:5                    size    +6, benefit    16620.1, efficiency   2770.020
    Inline function call at Actions.mnd:140:5                    size    +4, benefit    12465.1, efficiency   3116.272
    Inline function call at Actions.mnd:150:5                    size   +23, benefit    16620.1, efficiency    722.614
    Inline function call at Actions.mnd:155:5                    size    +2, benefit     5025.0, efficiency   2512.494
    Inline function call at Actions.mnd:159:9                    size   +38, benefit     2512.5, efficiency     66.118
    Inline function call at BuilderController.mnd:171:17         size   +13, benefit     1662.0, efficiency    127.847
    Inline function call at Actions.mnd:166:5                    size    +2, benefit     1869.8, efficiency    934.882
    Inline function call at Actions.mnd:167:5                    size    +6, benefit     1662.0, efficiency    277.002
    Inline function call at Actions.mnd:168:5                    size    +4, benefit     1246.5, efficiency    311.627
    Inline function call at Actions.mnd:178:5                    size   +23, benefit     1662.0, efficiency     72.261
    Inline function call at BuilderController.mnd:177:5          size   +29, benefit    13296.1, efficiency    458.486
    Inline function call at BuilderController.mnd:162:5          size    +9, benefit     5817.0, efficiency    646.338
    Inline function call at BuilderController.mnd:71:17          size   +13, benefit      831.0, efficiency     63.924
    Inline function call at BuilderController.mnd:79:17          size   +13, benefit      831.0, efficiency     63.924
    Inline function call at BuilderController.mnd:87:17          size   +13, benefit      831.0, efficiency     63.924
    Inline function call at BuilderController.mnd:93:25          size   +13, benefit      103.9, efficiency      7.990
    Inline function call at BuilderController.mnd:98:21          size   +13, benefit      207.8, efficiency     15.981
    Inline function call at BuilderController.mnd:110:17         size    +9, benefit      727.1, efficiency     80.792
    Inline function call at BuilderController.mnd:119:25         size    +9, benefit      103.9, efficiency     11.542
    Inline function call at BuilderController.mnd:121:25         size    +9, benefit       90.9, efficiency     10.099
    Inline function call at BuilderController.mnd:128:21         size    +9, benefit      181.8, efficiency     20.198
    Inline function call at BuilderController.mnd:132:17         size    +9, benefit      181.8, efficiency     20.198
    Inline function call at BuilderController.mnd:135:17         size    +9, benefit       90.9, efficiency     10.099
    Inline function call at BuilderController.mnd:139:21         size    +9, benefit       26.0, efficiency      2.885
    Inline function call at BuilderController.mnd:141:21         size    +9, benefit       22.7, efficiency      2.525
    Inline function call at BuilderController.mnd:146:21         size    +9, benefit       22.7, efficiency      2.525
    Inline function call at BuilderController.mnd:148:21         size    +9, benefit       11.4, efficiency      1.262
    Inline function call at BuilderController.mnd:150:21         size    +9, benefit       13.0, efficiency      1.443
    Inline function call at BuilderController.mnd:156:9          size   +29, benefit     3324.0, efficiency    114.621
    Inline function call at BuilderController.mnd:242:12         size   +36, benefit    13296.1, efficiency    369.336
    Inline function call at BuilderController.mnd:248:16         size   +36, benefit     6648.0, efficiency    184.668
    Inline function call at BuilderController.mnd:256:5          size   +19, benefit     1318.4, efficiency     69.387
    Inline function call at BuilderController.mnd:273:9          size   +19, benefit        4.3, efficiency      0.224
    Inline function call at BuilderController.mnd:274:16         size   +24, benefit        4.8, efficiency      0.198
    Inline function call at BuilderController.mnd:282:5          size   +19, benefit        9.5, efficiency      0.500
    Inline function call at BuilderController.mnd:284:20         size   +24, benefit        9.5, efficiency      0.396
    Inline function call at Actions.mnd:39:5                     size    +6, benefit      802.3, efficiency    133.711
    Inline function call at Actions.mnd:39:5                     size    +6, benefit     1582.0, efficiency    263.672
    Inline function call at BuilderController.mnd:378:13         size    +9, benefit     2109.4, efficiency    234.375
    Inline function call at BuilderController.mnd:379:13         size    +9, benefit     2109.4, efficiency    234.375
    Inline function call at BuilderController.mnd:380:13         size    +9, benefit     2109.4, efficiency    234.375
    Inline function call at BuilderController.mnd:381:13         size    +9, benefit     2109.4, efficiency    234.375
    Inline function call at BuilderController.mnd:423:29         size   +79, benefit     1875.0, efficiency     23.734
    Inline function call at BuilderController.mnd:424:23         size   +79, benefit     1875.0, efficiency     23.734
    Inline function call at BuilderController.mnd:425:23         size   +79, benefit     1875.0, efficiency     23.734
    Inline function call at BuilderController.mnd:426:23         size   +79, benefit     1875.0, efficiency     23.734
    Inline function call at BuilderController.mnd:429:29         size   +79, benefit      937.5, efficiency     11.867

Pass 1: speed optimization selection (cost limit 101):
    Full loop rotation at BuilderController.mnd:242:5            size    +2, benefit     4609.3, efficiency   2304.656
    Full loop rotation at BuilderController.mnd:248:9            size    +2, benefit     2304.7, efficiency   1152.328
    Full loop rotation at BuilderController.mnd:416:9            size    +1, benefit      650.0, efficiency    650.000
    Inline function 'status2' defined at Actions.mnd:11:1        size    +5, benefit    16243.6, efficiency   3248.714
    Inline function 'moveTo' defined at Actions.mnd:30:1         size   +11, benefit    18598.6, efficiency   1690.786
    Inline function 'moveToEmpty' defined at Actions.mnd:43:1    size   +11, benefit    28825.5, efficiency   2620.501
    Inline function 'dropAll' defined at Actions.mnd:52:1        size    +7, benefit    17665.4, efficiency   2523.624
    Inline function 'depositItems' defined at Actions.mnd:67:1   size   +45, benefit    28825.5, efficiency    640.567
    Inline function 'mineOre' defined at Actions.mnd:92:1        size   +75, benefit    11861.3, efficiency    158.151
    Inline function 'mineOre' defined at Actions.mnd:126:1       size   +17, benefit      142.8, efficiency      8.402
    Inline function 'mineOre' defined at Actions.mnd:131:1       size   +71, benefit     7146.3, efficiency    100.652
    Inline function 'fetchBlock' defined at Actions.mnd:136:1    size   +26, benefit    16620.1, efficiency    639.235
    Inline function 'supplyBlock' defined at Actions.mnd:154:1   size   +64, benefit     4466.7, efficiency     69.792
    Inline function 'unpackCfg' defined at Common.mnd:9:1        size   +37, benefit     1332.1, efficiency     36.003
    Inline function 'targetMet' defined at BuilderController.mnd:197:1 size   +71, benefit   118788.4, efficiency   1673.076
    Inline function 'buildBlock' defined at BuilderController.mnd:263:1 size   +23, benefit       14.3, efficiency      0.620
    Inline function 'titaniumDrillScore' defined at BuilderController.mnd:361:1 size   +26, benefit     8437.5, efficiency    324.519
  ! Inline function 'buildTitaniumDrill' defined at BuilderController.mnd:373:1 size  +315, benefit     8437.5, efficiency     26.786
    Inline function call at Actions.mnd:61:5                     size    +6, benefit    16214.4, efficiency   2702.392
    Inline function call at Actions.mnd:98:5                     size    +6, benefit    10543.4, efficiency   1757.231
    Inline function call at Actions.mnd:99:37                    size    +4, benefit     3953.8, efficiency    988.443
    Inline function call at Actions.mnd:112:16                   size   +36, benefit    98844.3, efficiency   2745.674
    Inline function call at Actions.mnd:122:5                    size   +23, benefit    10543.4, efficiency    458.408
    Inline function call at Actions.mnd:127:5                    size    +2, benefit      160.7, efficiency     80.341
    Inline function call at Actions.mnd:128:5                    size   +38, benefit      160.7, efficiency      4.228
  * Inline function call at Actions.mnd:132:5                    size    +2, benefit     9188.1, efficiency   4594.067 (-2 instructions)
    Inline function call at Actions.mnd:133:5                    size   +38, benefit     9188.1, efficiency    241.793
    Inline function call at Actions.mnd:139:5                    size    +6, benefit    16620.1, efficiency   2770.020
    Inline function call at Actions.mnd:140:5                    size    +4, benefit    12465.1, efficiency   3116.272
    Inline function call at Actions.mnd:150:5                    size   +23, benefit    16620.1, efficiency    722.614
    Inline function call at Actions.mnd:155:5                    size    +2, benefit     5025.0, efficiency   2512.494
    Inline function call at Actions.mnd:159:9                    size   +38, benefit     2512.5, efficiency     66.118
    Inline function call at BuilderController.mnd:171:17         size   +13, benefit     1662.0, efficiency    127.847
    Inline function call at Actions.mnd:166:5                    size    +2, benefit     1869.8, efficiency    934.882
    Inline function call at Actions.mnd:167:5                    size    +6, benefit     1662.0, efficiency    277.002
    Inline function call at Actions.mnd:168:5                    size    +4, benefit     1246.5, efficiency    311.627
    Inline function call at Actions.mnd:178:5                    size   +23, benefit     1662.0, efficiency     72.261
    Inline function call at BuilderController.mnd:177:5          size   +27, benefit    13296.1, efficiency    492.448
    Inline function call at BuilderController.mnd:162:5          size    +9, benefit     5817.0, efficiency    646.338
    Inline function call at BuilderController.mnd:71:17          size   +13, benefit      831.0, efficiency     63.924
    Inline function call at BuilderController.mnd:79:17          size   +13, benefit      831.0, efficiency     63.924
    Inline function call at BuilderController.mnd:87:17          size   +13, benefit      831.0, efficiency     63.924
    Inline function call at BuilderController.mnd:93:25          size   +13, benefit      103.9, efficiency      7.990
    Inline function call at BuilderController.mnd:98:21          size   +13, benefit      207.8, efficiency     15.981
    Inline function call at BuilderController.mnd:110:17         size    +9, benefit      727.1, efficiency     80.792
    Inline function call at BuilderController.mnd:119:25         size    +9, benefit      103.9, efficiency     11.542
    Inline function call at BuilderController.mnd:121:25         size    +9, benefit       90.9, efficiency     10.099
    Inline function call at BuilderController.mnd:128:21         size    +9, benefit      181.8, efficiency     20.198
    Inline function call at BuilderController.mnd:132:17         size    +9, benefit      181.8, efficiency     20.198
    Inline function call at BuilderController.mnd:135:17         size    +9, benefit       90.9, efficiency     10.099
    Inline function call at BuilderController.mnd:139:21         size    +9, benefit       26.0, efficiency      2.885
    Inline function call at BuilderController.mnd:141:21         size    +9, benefit       22.7, efficiency      2.525
    Inline function call at BuilderController.mnd:146:21         size    +9, benefit       22.7, efficiency      2.525
    Inline function call at BuilderController.mnd:148:21         size    +9, benefit       11.4, efficiency      1.262
    Inline function call at BuilderController.mnd:150:21         size    +9, benefit       13.0, efficiency      1.443
    Inline function call at BuilderController.mnd:156:9          size   +27, benefit     3324.0, efficiency    123.112
    Inline function call at BuilderController.mnd:242:12         size   +36, benefit    13296.1, efficiency    369.336
    Inline function call at BuilderController.mnd:248:16         size   +36, benefit     6648.0, efficiency    184.668
    Inline function call at BuilderController.mnd:256:5          size   +19, benefit     1318.4, efficiency     69.387
    Inline function call at BuilderController.mnd:273:9          size   +19, benefit        4.3, efficiency      0.224
    Inline function call at BuilderController.mnd:274:16         size   +24, benefit        4.8, efficiency      0.198
    Inline function call at BuilderController.mnd:282:5          size   +19, benefit        9.5, efficiency      0.500
    Inline function call at BuilderController.mnd:284:20         size   +24, benefit        9.5, efficiency      0.396
    Inline function call at Actions.mnd:39:5                     size    +6, benefit      802.3, efficiency    133.711
    Inline function call at Actions.mnd:39:5                     size    +6, benefit     1582.0, efficiency    263.672
    Inline function call at BuilderController.mnd:378:13         size    +9, benefit     2109.4, efficiency    234.375
    Inline function call at BuilderController.mnd:379:13         size    +9, benefit     2109.4, efficiency    234.375
    Inline function call at BuilderController.mnd:380:13         size    +9, benefit     2109.4, efficiency    234.375
    Inline function call at BuilderController.mnd:381:13         size    +9, benefit     2109.4, efficiency    234.375
    Inline function call at BuilderController.mnd:423:29         size   +79, benefit     1875.0, efficiency     23.734
    Inline function call at BuilderController.mnd:424:23         size   +79, benefit     1875.0, efficiency     23.734
    Inline function call at BuilderController.mnd:425:23         size   +79, benefit     1875.0, efficiency     23.734
    Inline function call at BuilderController.mnd:426:23         size   +79, benefit     1875.0, efficiency     23.734
    Inline function call at BuilderController.mnd:429:29         size   +79, benefit      937.5, efficiency     11.867

Pass 1: speed optimization selection (cost limit 103):
    Full loop rotation at BuilderController.mnd:242:5            size    +2, benefit     4609.3, efficiency   2304.656
    Full loop rotation at BuilderController.mnd:248:9            size    +2, benefit     2304.7, efficiency   1152.328
    Full loop rotation at BuilderController.mnd:416:9            size    +1, benefit      650.0, efficiency    650.000
    Inline function 'status2' defined at Actions.mnd:11:1        size    +3, benefit     7055.4, efficiency   2351.812
    Inline function 'moveTo' defined at Actions.mnd:30:1         size   +11, benefit    18598.6, efficiency   1690.786
    Inline function 'moveToEmpty' defined at Actions.mnd:43:1    size   +11, benefit    28825.5, efficiency   2620.501
    Inline function 'dropAll' defined at Actions.mnd:52:1        size    +7, benefit    17665.4, efficiency   2523.624
    Inline function 'depositItems' defined at Actions.mnd:67:1   size   +45, benefit    28825.5, efficiency    640.567
    Inline function 'mineOre' defined at Actions.mnd:92:1        size   +75, benefit    11861.3, efficiency    158.151
    Inline function 'mineOre' defined at Actions.mnd:126:1       size   +17, benefit      142.8, efficiency      8.402
    Inline function 'mineOre' defined at Actions.mnd:131:1       size   +55, benefit     7146.3, efficiency    129.933
    Inline function 'fetchBlock' defined at Actions.mnd:136:1    size   +26, benefit    16620.1, efficiency    639.235
    Inline function 'supplyBlock' defined at Actions.mnd:154:1   size   +64, benefit     4466.7, efficiency     69.792
    Inline function 'unpackCfg' defined at Common.mnd:9:1        size   +37, benefit     1332.1, efficiency     36.003
    Inline function 'targetMet' defined at BuilderController.mnd:197:1 size   +71, benefit   118788.4, efficiency   1673.076
    Inline function 'buildBlock' defined at BuilderController.mnd:263:1 size   +23, benefit       14.3, efficiency      0.620
    Inline function 'titaniumDrillScore' defined at BuilderController.mnd:361:1 size   +26, benefit     8437.5, efficiency    324.519
  ! Inline function 'buildTitaniumDrill' defined at BuilderController.mnd:373:1 size  +315, benefit     8437.5, efficiency     26.786
    Inline function call at Actions.mnd:61:5                     size    +6, benefit    16214.4, efficiency   2702.392
    Inline function call at Actions.mnd:98:5                     size    +6, benefit    10543.4, efficiency   1757.231
    Inline function call at Actions.mnd:99:37                    size    +4, benefit     3953.8, efficiency    988.443
    Inline function call at Actions.mnd:112:16                   size   +36, benefit    98844.3, efficiency   2745.674
    Inline function call at Actions.mnd:122:5                    size   +23, benefit    10543.4, efficiency    458.408
    Inline function call at Actions.mnd:127:5                    size    +2, benefit      160.7, efficiency     80.341
    Inline function call at Actions.mnd:128:5                    size   +38, benefit      160.7, efficiency      4.228
    Inline function call at Actions.mnd:133:5                    size   +38, benefit     9188.1, efficiency    241.793
    Inline function call at Actions.mnd:139:5                    size    +6, benefit    16620.1, efficiency   2770.020
  * Inline function call at Actions.mnd:140:5                    size    +4, benefit    12465.1, efficiency   3116.272 (+3 instructions)
    Inline function call at Actions.mnd:150:5                    size   +23, benefit    16620.1, efficiency    722.614
    Inline function call at Actions.mnd:155:5                    size    +2, benefit     5025.0, efficiency   2512.494
    Inline function call at Actions.mnd:159:9                    size   +38, benefit     2512.5, efficiency     66.118
    Inline function call at BuilderController.mnd:171:17         size   +13, benefit     1662.0, efficiency    127.847
    Inline function call at Actions.mnd:166:5                    size    +2, benefit     1869.8, efficiency    934.882
    Inline function call at Actions.mnd:167:5                    size    +6, benefit     1662.0, efficiency    277.002
    Inline function call at Actions.mnd:168:5                    size    +4, benefit     1246.5, efficiency    311.627
    Inline function call at Actions.mnd:178:5                    size   +23, benefit     1662.0, efficiency     72.261
    Inline function call at BuilderController.mnd:177:5          size   +27, benefit    13296.1, efficiency    492.448
    Inline function call at BuilderController.mnd:162:5          size    +7, benefit     5817.0, efficiency    831.006
    Inline function call at BuilderController.mnd:71:17          size   +13, benefit      831.0, efficiency     63.924
    Inline function call at BuilderController.mnd:79:17          size   +13, benefit      831.0, efficiency     63.924
    Inline function call at BuilderController.mnd:87:17          size   +13, benefit      831.0, efficiency     63.924
    Inline function call at BuilderController.mnd:93:25          size   +13, benefit      103.9, efficiency      7.990
    Inline function call at BuilderController.mnd:98:21          size   +13, benefit      207.8, efficiency     15.981
    Inline function call at BuilderController.mnd:110:17         size    +7, benefit      727.1, efficiency    103.876
    Inline function call at BuilderController.mnd:119:25         size    +9, benefit      103.9, efficiency     11.542
    Inline function call at BuilderController.mnd:121:25         size    +7, benefit       90.9, efficiency     12.984
    Inline function call at BuilderController.mnd:128:21         size    +7, benefit      181.8, efficiency     25.969
    Inline function call at BuilderController.mnd:132:17         size    +7, benefit      181.8, efficiency     25.969
    Inline function call at BuilderController.mnd:135:17         size    +7, benefit       90.9, efficiency     12.984
    Inline function call at BuilderController.mnd:139:21         size    +9, benefit       26.0, efficiency      2.885
    Inline function call at BuilderController.mnd:141:21         size    +7, benefit       22.7, efficiency      3.246
    Inline function call at BuilderController.mnd:146:21         size    +7, benefit       22.7, efficiency      3.246
    Inline function call at BuilderController.mnd:148:21         size    +7, benefit       11.4, efficiency      1.623
    Inline function call at BuilderController.mnd:150:21         size    +9, benefit       13.0, efficiency      1.443
    Inline function call at BuilderController.mnd:156:9          size   +27, benefit     3324.0, efficiency    123.112
    Inline function call at BuilderController.mnd:242:12         size   +36, benefit    13296.1, efficiency    369.336
    Inline function call at BuilderController.mnd:248:16         size   +36, benefit     6648.0, efficiency    184.668
    Inline function call at BuilderController.mnd:256:5          size   +19, benefit     1318.4, efficiency     69.387
    Inline function call at BuilderController.mnd:273:9          size   +19, benefit        4.3, efficiency      0.224
    Inline function call at BuilderController.mnd:274:16         size   +24, benefit        4.8, efficiency      0.198
    Inline function call at BuilderController.mnd:282:5          size   +19, benefit        9.5, efficiency      0.500
    Inline function call at BuilderController.mnd:284:20         size   +24, benefit        9.5, efficiency      0.396
    Inline function call at Actions.mnd:39:5                     size    +6, benefit      802.3, efficiency    133.711
    Inline function call at Actions.mnd:39:5                     size    +6, benefit     1582.0, efficiency    263.672
    Inline function call at BuilderController.mnd:378:13         size    +9, benefit     2109.4, efficiency    234.375
    Inline function call at BuilderController.mnd:379:13         size    +9, benefit     2109.4, efficiency    234.375
    Inline function call at BuilderController.mnd:380:13         size    +9, benefit     2109.4, efficiency    234.375
    Inline function call at BuilderController.mnd:381:13         size    +9, benefit     2109.4, efficiency    234.375
    Inline function call at BuilderController.mnd:423:29         size   +79, benefit     1875.0, efficiency     23.734
    Inline function call at BuilderController.mnd:424:23         size   +79, benefit     1875.0, efficiency     23.734
    Inline function call at BuilderController.mnd:425:23         size   +79, benefit     1875.0, efficiency     23.734
    Inline function call at BuilderController.mnd:426:23         size   +79, benefit     1875.0, efficiency     23.734
    Inline function call at BuilderController.mnd:429:29         size   +79, benefit      937.5, efficiency     11.867

Pass 1: speed optimization selection (cost limit 100):
    Full loop rotation at BuilderController.mnd:242:5            size    +2, benefit     4609.3, efficiency   2304.656
    Full loop rotation at BuilderController.mnd:248:9            size    +2, benefit     2304.7, efficiency   1152.328
    Full loop rotation at BuilderController.mnd:416:9            size    +1, benefit      650.0, efficiency    650.000
    Inline function 'status2' defined at Actions.mnd:11:1        size    +3, benefit     7055.4, efficiency   2351.812
    Inline function 'moveTo' defined at Actions.mnd:30:1         size   +11, benefit    18598.6, efficiency   1690.786
    Inline function 'moveToEmpty' defined at Actions.mnd:43:1    size   +11, benefit    28825.5, efficiency   2620.501
    Inline function 'dropAll' defined at Actions.mnd:52:1        size    +3, benefit     5200.3, efficiency   1733.426
    Inline function 'depositItems' defined at Actions.mnd:67:1   size   +45, benefit    28825.5, efficiency    640.567
    Inline function 'mineOre' defined at Actions.mnd:92:1        size   +75, benefit    11861.3, efficiency    158.151
    Inline function 'mineOre' defined at Actions.mnd:126:1       size   +17, benefit      142.8, efficiency      8.402
    Inline function 'mineOre' defined at Actions.mnd:131:1       size   +55, benefit     7146.3, efficiency    129.933
    Inline function 'fetchBlock' defined at Actions.mnd:136:1    size   +29, benefit    16620.1, efficiency    573.107
    Inline function 'supplyBlock' defined at Actions.mnd:154:1   size   +64, benefit     4466.7, efficiency     69.792
    Inline function 'unpackCfg' defined at Common.mnd:9:1        size   +37, benefit     1332.1, efficiency     36.003
    Inline function 'targetMet' defined at BuilderController.mnd:197:1 size   +71, benefit   118788.4, efficiency   1673.076
    Inline function 'buildBlock' defined at BuilderController.mnd:263:1 size   +23, benefit       14.3, efficiency      0.620
    Inline function 'titaniumDrillScore' defined at BuilderController.mnd:361:1 size   +26, benefit     8437.5, efficiency    324.519
  ! Inline function 'buildTitaniumDrill' defined at BuilderController.mnd:373:1 size  +315, benefit     8437.5, efficiency     26.786
    Inline function call at Actions.mnd:61:5                     size    +6, benefit    16214.4, efficiency   2702.392
    Inline function call at Actions.mnd:98:5                     size    +6, benefit    10543.4, efficiency   1757.231
    Inline function call at Actions.mnd:99:37                    size    +4, benefit     3953.8, efficiency    988.443
    Inline function call at Actions.mnd:112:16                   size   +36, benefit    98844.3, efficiency   2745.674
    Inline function call at Actions.mnd:122:5                    size   +23, benefit    10543.4, efficiency    458.408
    Inline function call at Actions.mnd:127:5                    size    +2, benefit      160.7, efficiency     80.341
    Inline function call at Actions.mnd:128:5                    size   +38, benefit      160.7, efficiency      4.228
    Inline function call at Actions.mnd:133:5                    size   +38, benefit     9188.1, efficiency    241.793
  * Inline function call at Actions.mnd:139:5                    size    +6, benefit    16620.1, efficiency   2770.020 (+3 instructions)
    Inline function call at Actions.mnd:150:5                    size   +23, benefit    16620.1, efficiency    722.614
    Inline function call at Actions.mnd:155:5                    size    +2, benefit     5025.0, efficiency   2512.494
    Inline function call at Actions.mnd:159:9                    size   +38, benefit     2512.5, efficiency     66.118
    Inline function call at BuilderController.mnd:171:17         size   +13, benefit     1662.0, efficiency    127.847
    Inline function call at Actions.mnd:166:5                    size    +2, benefit     1869.8, efficiency    934.882
    Inline function call at Actions.mnd:167:5                    size    +6, benefit     1662.0, efficiency    277.002
    Inline function call at Actions.mnd:168:5                    size    +4, benefit     1246.5, efficiency    311.627
    Inline function call at Actions.mnd:178:5                    size   +23, benefit     1662.0, efficiency     72.261
    Inline function call at BuilderController.mnd:177:5          size   +30, benefit    13296.1, efficiency    443.203
    Inline function call at BuilderController.mnd:162:5          size    +7, benefit     5817.0, efficiency    831.006
    Inline function call at BuilderController.mnd:71:17          size   +13, benefit      831.0, efficiency     63.924
    Inline function call at BuilderController.mnd:79:17          size   +13, benefit      831.0, efficiency     63.924
    Inline function call at BuilderController.mnd:87:17          size   +13, benefit      831.0, efficiency     63.924
    Inline function call at BuilderController.mnd:93:25          size   +13, benefit      103.9, efficiency      7.990
    Inline function call at BuilderController.mnd:98:21          size   +13, benefit      207.8, efficiency     15.981
    Inline function call at BuilderController.mnd:110:17         size    +7, benefit      727.1, efficiency    103.876
    Inline function call at BuilderController.mnd:119:25         size    +9, benefit      103.9, efficiency     11.542
    Inline function call at BuilderController.mnd:121:25         size    +7, benefit       90.9, efficiency     12.984
    Inline function call at BuilderController.mnd:128:21         size    +7, benefit      181.8, efficiency     25.969
    Inline function call at BuilderController.mnd:132:17         size    +7, benefit      181.8, efficiency     25.969
    Inline function call at BuilderController.mnd:135:17         size    +7, benefit       90.9, efficiency     12.984
    Inline function call at BuilderController.mnd:139:21         size    +9, benefit       26.0, efficiency      2.885
    Inline function call at BuilderController.mnd:141:21         size    +7, benefit       22.7, efficiency      3.246
    Inline function call at BuilderController.mnd:146:21         size    +7, benefit       22.7, efficiency      3.246
    Inline function call at BuilderController.mnd:148:21         size    +7, benefit       11.4, efficiency      1.623
    Inline function call at BuilderController.mnd:150:21         size    +9, benefit       13.0, efficiency      1.443
    Inline function call at BuilderController.mnd:156:9          size   +30, benefit     3324.0, efficiency    110.801
    Inline function call at BuilderController.mnd:242:12         size   +36, benefit    13296.1, efficiency    369.336
    Inline function call at BuilderController.mnd:248:16         size   +36, benefit     6648.0, efficiency    184.668
    Inline function call at BuilderController.mnd:256:5          size   +19, benefit     1318.4, efficiency     69.387
    Inline function call at BuilderController.mnd:273:9          size   +19, benefit        4.3, efficiency      0.224
    Inline function call at BuilderController.mnd:274:16         size   +24, benefit        4.8, efficiency      0.198
    Inline function call at BuilderController.mnd:282:5          size   +19, benefit        9.5, efficiency      0.500
    Inline function call at BuilderController.mnd:284:20         size   +24, benefit        9.5, efficiency      0.396
    Inline function call at Actions.mnd:39:5                     size    +6, benefit      802.3, efficiency    133.711
    Inline function call at Actions.mnd:39:5                     size    +6, benefit     1582.0, efficiency    263.672
    Inline function call at BuilderController.mnd:378:13         size    +9, benefit     2109.4, efficiency    234.375
    Inline function call at BuilderController.mnd:379:13         size    +9, benefit     2109.4, efficiency    234.375
    Inline function call at BuilderController.mnd:380:13         size    +9, benefit     2109.4, efficiency    234.375
    Inline function call at BuilderController.mnd:381:13         size    +9, benefit     2109.4, efficiency    234.375
    Inline function call at BuilderController.mnd:423:29         size   +79, benefit     1875.0, efficiency     23.734
    Inline function call at BuilderController.mnd:424:23         size   +79, benefit     1875.0, efficiency     23.734
    Inline function call at BuilderController.mnd:425:23         size   +79, benefit     1875.0, efficiency     23.734
    Inline function call at BuilderController.mnd:426:23         size   +79, benefit     1875.0, efficiency     23.734
    Inline function call at BuilderController.mnd:429:29         size   +79, benefit      937.5, efficiency     11.867

Pass 1: speed optimization selection (cost limit 97):
    Full loop rotation at BuilderController.mnd:242:5            size    +2, benefit     4609.3, efficiency   2304.656
    Full loop rotation at BuilderController.mnd:248:9            size    +2, benefit     2304.7, efficiency   1152.328
    Full loop rotation at BuilderController.mnd:416:9            size    +1, benefit      650.0, efficiency    650.000
    Inline function 'status2' defined at Actions.mnd:11:1        size    +3, benefit     7055.4, efficiency   2351.812
    Inline function 'moveTo' defined at Actions.mnd:30:1         size   +11, benefit    18598.6, efficiency   1690.786
    Inline function 'moveToEmpty' defined at Actions.mnd:43:1    size    +5, benefit    12205.4, efficiency   2441.080
    Inline function 'dropAll' defined at Actions.mnd:52:1        size    +3, benefit     5200.3, efficiency   1733.426
    Inline function 'depositItems' defined at Actions.mnd:67:1   size   +45, benefit    28825.5, efficiency    640.567
    Inline function 'mineOre' defined at Actions.mnd:92:1        size   +75, benefit    11861.3, efficiency    158.151
    Inline function 'mineOre' defined at Actions.mnd:126:1       size   +17, benefit      142.8, efficiency      8.402
    Inline function 'mineOre' defined at Actions.mnd:131:1       size   +55, benefit     7146.3, efficiency    129.933
    Inline function 'fetchBlock' defined at Actions.mnd:136:1    size   +32, benefit    16620.1, efficiency    519.379
    Inline function 'supplyBlock' defined at Actions.mnd:154:1   size   +64, benefit     4466.7, efficiency     69.792
    Inline function 'unpackCfg' defined at Common.mnd:9:1        size   +37, benefit     1332.1, efficiency     36.003
    Inline function 'targetMet' defined at BuilderController.mnd:197:1 size   +71, benefit   118788.4, efficiency   1673.076
    Inline function 'buildBlock' defined at BuilderController.mnd:263:1 size   +23, benefit       14.3, efficiency      0.620
    Inline function 'titaniumDrillScore' defined at BuilderController.mnd:361:1 size   +26, benefit     8437.5, efficiency    324.519
  ! Inline function 'buildTitaniumDrill' defined at BuilderController.mnd:373:1 size  +315, benefit     8437.5, efficiency     26.786
    Inline function call at Actions.mnd:61:5                     size    +6, benefit    16214.4, efficiency   2702.392
    Inline function call at Actions.mnd:98:5                     size    +6, benefit    10543.4, efficiency   1757.231
    Inline function call at Actions.mnd:99:37                    size    +4, benefit     3953.8, efficiency    988.443
  * Inline function call at Actions.mnd:112:16                   size   +36, benefit    98844.3, efficiency   2745.674 (+35 instructions)
    Inline function call at Actions.mnd:122:5                    size   +23, benefit    10543.4, efficiency    458.408
    Inline function call at Actions.mnd:127:5                    size    +2, benefit      160.7, efficiency     80.341
    Inline function call at Actions.mnd:128:5                    size   +38, benefit      160.7, efficiency      4.228
    Inline function call at Actions.mnd:133:5                    size   +38, benefit     9188.1, efficiency    241.793
    Inline function call at Actions.mnd:150:5                    size   +23, benefit    16620.1, efficiency    722.614
    Inline function call at Actions.mnd:155:5                    size    +2, benefit     5025.0, efficiency   2512.494
    Inline function call at Actions.mnd:159:9                    size   +38, benefit     2512.5, efficiency     66.118
    Inline function call at BuilderController.mnd:171:17         size   +13, benefit     1662.0, efficiency    127.847
    Inline function call at Actions.mnd:166:5                    size    +2, benefit     1869.8, efficiency    934.882
    Inline function call at Actions.mnd:167:5                    size    +6, benefit     1662.0, efficiency    277.002
    Inline function call at Actions.mnd:168:5                    size    +4, benefit     1246.5, efficiency    311.627
    Inline function call at Actions.mnd:178:5                    size   +23, benefit     1662.0, efficiency     72.261
    Inline function call at BuilderController.mnd:177:5          size   +33, benefit    13296.1, efficiency    402.912
    Inline function call at BuilderController.mnd:162:5          size    +7, benefit     5817.0, efficiency    831.006
    Inline function call at BuilderController.mnd:71:17          size   +13, benefit      831.0, efficiency     63.924
    Inline function call at BuilderController.mnd:79:17          size   +13, benefit      831.0, efficiency     63.924
    Inline function call at BuilderController.mnd:87:17          size   +13, benefit      831.0, efficiency     63.924
    Inline function call at BuilderController.mnd:93:25          size   +13, benefit      103.9, efficiency      7.990
    Inline function call at BuilderController.mnd:98:21          size   +13, benefit      207.8, efficiency     15.981
    Inline function call at BuilderController.mnd:110:17         size    +7, benefit      727.1, efficiency    103.876
    Inline function call at BuilderController.mnd:119:25         size    +9, benefit      103.9, efficiency     11.542
    Inline function call at BuilderController.mnd:121:25         size    +7, benefit       90.9, efficiency     12.984
    Inline function call at BuilderController.mnd:128:21         size    +7, benefit      181.8, efficiency     25.969
    Inline function call at BuilderController.mnd:132:17         size    +7, benefit      181.8, efficiency     25.969
    Inline function call at BuilderController.mnd:135:17         size    +7, benefit       90.9, efficiency     12.984
    Inline function call at BuilderController.mnd:139:21         size    +9, benefit       26.0, efficiency      2.885
    Inline function call at BuilderController.mnd:141:21         size    +7, benefit       22.7, efficiency      3.246
    Inline function call at BuilderController.mnd:146:21         size    +7, benefit       22.7, efficiency      3.246
    Inline function call at BuilderController.mnd:148:21         size    +7, benefit       11.4, efficiency      1.623
    Inline function call at BuilderController.mnd:150:21         size    +9, benefit       13.0, efficiency      1.443
    Inline function call at BuilderController.mnd:156:9          size   +33, benefit     3324.0, efficiency    100.728
    Inline function call at BuilderController.mnd:242:12         size   +36, benefit    13296.1, efficiency    369.336
    Inline function call at BuilderController.mnd:248:16         size   +36, benefit     6648.0, efficiency    184.668
    Inline function call at BuilderController.mnd:256:5          size   +19, benefit     1318.4, efficiency     69.387
    Inline function call at BuilderController.mnd:273:9          size   +19, benefit        4.3, efficiency      0.224
    Inline function call at BuilderController.mnd:274:16         size   +24, benefit        4.8, efficiency      0.198
    Inline function call at BuilderController.mnd:282:5          size   +19, benefit        9.5, efficiency      0.500
    Inline function call at BuilderController.mnd:284:20         size   +24, benefit        9.5, efficiency      0.396
    Inline function call at Actions.mnd:39:5                     size    +6, benefit      802.3, efficiency    133.711
    Inline function call at Actions.mnd:39:5                     size    +6, benefit     1582.0, efficiency    263.672
    Inline function call at BuilderController.mnd:378:13         size    +9, benefit     2109.4, efficiency    234.375
    Inline function call at BuilderController.mnd:379:13         size    +9, benefit     2109.4, efficiency    234.375
    Inline function call at BuilderController.mnd:380:13         size    +9, benefit     2109.4, efficiency    234.375
    Inline function call at BuilderController.mnd:381:13         size    +9, benefit     2109.4, efficiency    234.375
    Inline function call at BuilderController.mnd:423:29         size   +79, benefit     1875.0, efficiency     23.734
    Inline function call at BuilderController.mnd:424:23         size   +79, benefit     1875.0, efficiency     23.734
    Inline function call at BuilderController.mnd:425:23         size   +79, benefit     1875.0, efficiency     23.734
    Inline function call at BuilderController.mnd:426:23         size   +79, benefit     1875.0, efficiency     23.734
    Inline function call at BuilderController.mnd:429:29         size   +79, benefit      937.5, efficiency     11.867

Pass 1: speed optimization selection (cost limit 62):
    Full loop rotation at BuilderController.mnd:242:5            size    +2, benefit     4609.3, efficiency   2304.656
    Full loop rotation at BuilderController.mnd:248:9            size    +2, benefit     2304.7, efficiency   1152.328
    Full loop rotation at BuilderController.mnd:416:9            size    +1, benefit      650.0, efficiency    650.000
    Inline function 'status2' defined at Actions.mnd:11:1        size    +3, benefit     7055.4, efficiency   2351.812
    Inline function 'moveTo' defined at Actions.mnd:30:1         size   +11, benefit    18598.6, efficiency   1690.786
    Inline function 'moveToEmpty' defined at Actions.mnd:43:1    size    +5, benefit    12205.4, efficiency   2441.080
    Inline function 'dropAll' defined at Actions.mnd:52:1        size    +3, benefit     5200.3, efficiency   1733.426
    Inline function 'depositItems' defined at Actions.mnd:67:1   size   +45, benefit    28825.5, efficiency    640.567
  ! Inline function 'mineOre' defined at Actions.mnd:92:1        size  +145, benefit    11861.3, efficiency     81.802
    Inline function 'mineOre' defined at Actions.mnd:126:1       size   +17, benefit      142.8, efficiency      8.402
    Inline function 'mineOre' defined at Actions.mnd:131:1       size   +55, benefit     7146.3, efficiency    129.933
    Inline function 'fetchBlock' defined at Actions.mnd:136:1    size   +32, benefit    16620.1, efficiency    519.379
  ! Inline function 'supplyBlock' defined at Actions.mnd:154:1   size   +64, benefit     4466.7, efficiency     69.792
    Inline function 'unpackCfg' defined at Common.mnd:9:1        size   +37, benefit     1332.1, efficiency     36.003
    Inline function 'targetMet' defined at BuilderController.mnd:197:1 size   +35, benefit    19944.1, efficiency    569.833
    Inline function 'buildBlock' defined at BuilderController.mnd:263:1 size   +23, benefit       14.3, efficiency      0.620
    Inline function 'titaniumDrillScore' defined at BuilderController.mnd:361:1 size   +26, benefit     8437.5, efficiency    324.519
  ! Inline function 'buildTitaniumDrill' defined at BuilderController.mnd:373:1 size  +315, benefit     8437.5, efficiency     26.786
  * Inline function call at Actions.mnd:61:5                     size    +6, benefit    16214.4, efficiency   2702.392 (+1 instructions)
    Inline function call at Actions.mnd:98:5                     size    +6, benefit    10543.4, efficiency   1757.231
    Inline function call at Actions.mnd:99:37                    size    +4, benefit     3953.8, efficiency    988.443
    Inline function call at Actions.mnd:122:5                    size   +23, benefit    10543.4, efficiency    458.408
    Inline function call at Actions.mnd:127:5                    size    +2, benefit      160.7, efficiency     80.341
  ! Inline function call at Actions.mnd:128:5                    size   +73, benefit      160.7, efficiency      2.201
  ! Inline function call at Actions.mnd:133:5                    size   +73, benefit     9188.1, efficiency    125.865
    Inline function call at Actions.mnd:150:5                    size   +23, benefit    16620.1, efficiency    722.614
    Inline function call at Actions.mnd:155:5                    size    +2, benefit     5025.0, efficiency   2512.494
  ! Inline function call at Actions.mnd:159:9                    size   +73, benefit     2512.5, efficiency     34.418
    Inline function call at BuilderController.mnd:171:17         size   +13, benefit     1662.0, efficiency    127.847
    Inline function call at Actions.mnd:166:5                    size    +2, benefit     1869.8, efficiency    934.882
    Inline function call at Actions.mnd:167:5                    size    +6, benefit     1662.0, efficiency    277.002
    Inline function call at Actions.mnd:168:5                    size    +4, benefit     1246.5, efficiency    311.627
    Inline function call at Actions.mnd:178:5                    size   +23, benefit     1662.0, efficiency     72.261
    Inline function call at BuilderController.mnd:177:5          size   +33, benefit    13296.1, efficiency    402.912
    Inline function call at BuilderController.mnd:162:5          size    +7, benefit     5817.0, efficiency    831.006
    Inline function call at BuilderController.mnd:71:17          size   +13, benefit      831.0, efficiency     63.924
    Inline function call at BuilderController.mnd:79:17          size   +13, benefit      831.0, efficiency     63.924
    Inline function call at BuilderController.mnd:87:17          size   +13, benefit      831.0, efficiency     63.924
    Inline function call at BuilderController.mnd:93:25          size   +13, benefit      103.9, efficiency      7.990
    Inline function call at BuilderController.mnd:98:21          size   +13, benefit      207.8, efficiency     15.981
    Inline function call at BuilderController.mnd:110:17         size    +7, benefit      727.1, efficiency    103.876
    Inline function call at BuilderController.mnd:119:25         size    +9, benefit      103.9, efficiency     11.542
    Inline function call at BuilderController.mnd:121:25         size    +7, benefit       90.9, efficiency     12.984
    Inline function call at BuilderController.mnd:128:21         size    +7, benefit      181.8, efficiency     25.969
    Inline function call at BuilderController.mnd:132:17         size    +7, benefit      181.8, efficiency     25.969
    Inline function call at BuilderController.mnd:135:17         size    +7, benefit       90.9, efficiency     12.984
    Inline function call at BuilderController.mnd:139:21         size    +9, benefit       26.0, efficiency      2.885
    Inline function call at BuilderController.mnd:141:21         size    +7, benefit       22.7, efficiency      3.246
    Inline function call at BuilderController.mnd:146:21         size    +7, benefit       22.7, efficiency      3.246
    Inline function call at BuilderController.mnd:148:21         size    +7, benefit       11.4, efficiency      1.623
    Inline function call at BuilderController.mnd:150:21         size    +9, benefit       13.0, efficiency      1.443
    Inline function call at BuilderController.mnd:156:9          size   +33, benefit     3324.0, efficiency    100.728
    Inline function call at BuilderController.mnd:242:12         size   +36, benefit    13296.1, efficiency    369.336
    Inline function call at BuilderController.mnd:248:16         size   +36, benefit     6648.0, efficiency    184.668
    Inline function call at BuilderController.mnd:256:5          size   +19, benefit     1318.4, efficiency     69.387
    Inline function call at BuilderController.mnd:273:9          size   +19, benefit        4.3, efficiency      0.224
    Inline function call at BuilderController.mnd:274:16         size   +24, benefit        4.8, efficiency      0.198
    Inline function call at BuilderController.mnd:282:5          size   +19, benefit        9.5, efficiency      0.500
    Inline function call at BuilderController.mnd:284:20         size   +24, benefit        9.5, efficiency      0.396
    Inline function call at Actions.mnd:39:5                     size    +6, benefit      802.3, efficiency    133.711
    Inline function call at Actions.mnd:39:5                     size    +6, benefit     1582.0, efficiency    263.672
    Inline function call at BuilderController.mnd:378:13         size    +9, benefit     2109.4, efficiency    234.375
    Inline function call at BuilderController.mnd:379:13         size    +9, benefit     2109.4, efficiency    234.375
    Inline function call at BuilderController.mnd:380:13         size    +9, benefit     2109.4, efficiency    234.375
    Inline function call at BuilderController.mnd:381:13         size    +9, benefit     2109.4, efficiency    234.375
  ! Inline function call at BuilderController.mnd:423:29         size   +79, benefit     1875.0, efficiency     23.734
  ! Inline function call at BuilderController.mnd:424:23         size   +79, benefit     1875.0, efficiency     23.734
  ! Inline function call at BuilderController.mnd:425:23         size   +79, benefit     1875.0, efficiency     23.734
  ! Inline function call at BuilderController.mnd:426:23         size   +79, benefit     1875.0, efficiency     23.734
  ! Inline function call at BuilderController.mnd:429:29         size   +79, benefit      937.5, efficiency     11.867

Pass 1: speed optimization selection (cost limit 61):
    Full loop rotation at BuilderController.mnd:242:5            size    +2, benefit     4609.3, efficiency   2304.656
    Full loop rotation at BuilderController.mnd:248:9            size    +2, benefit     2304.7, efficiency   1152.328
    Full loop rotation at BuilderController.mnd:416:9            size    +1, benefit      650.0, efficiency    650.000
    Inline function 'status2' defined at Actions.mnd:11:1        size    +3, benefit     7055.4, efficiency   2351.812
    Inline function 'moveTo' defined at Actions.mnd:30:1         size    +5, benefit     2384.3, efficiency    476.859
    Inline function 'moveToEmpty' defined at Actions.mnd:43:1    size    +5, benefit    12205.4, efficiency   2441.080
    Inline function 'dropAll' defined at Actions.mnd:52:1        size    +3, benefit     5200.3, efficiency   1733.426
    Inline function 'depositItems' defined at Actions.mnd:67:1   size   +47, benefit    28825.5, efficiency    613.309
  ! Inline function 'mineOre' defined at Actions.mnd:92:1        size  +145, benefit    11861.3, efficiency     81.802
    Inline function 'mineOre' defined at Actions.mnd:126:1       size   +17, benefit      142.8, efficiency      8.402
    Inline function 'mineOre' defined at Actions.mnd:131:1       size   +55, benefit     7146.3, efficiency    129.933
    Inline function 'fetchBlock' defined at Actions.mnd:136:1    size   +32, benefit    16620.1, efficiency    519.379
  ! Inline function 'supplyBlock' defined at Actions.mnd:154:1   size   +64, benefit     4466.7, efficiency     69.792
    Inline function 'unpackCfg' defined at Common.mnd:9:1        size   +37, benefit     1332.1, efficiency     36.003
    Inline function 'targetMet' defined at BuilderController.mnd:197:1 size   +35, benefit    19944.1, efficiency    569.833
    Inline function 'buildBlock' defined at BuilderController.mnd:263:1 size   +23, benefit       14.3, efficiency      0.620
    Inline function 'titaniumDrillScore' defined at BuilderController.mnd:361:1 size   +26, benefit     8437.5, efficiency    324.519
  ! Inline function 'buildTitaniumDrill' defined at BuilderController.mnd:373:1 size  +315, benefit     8437.5, efficiency     26.786
    Inline function call at Actions.mnd:98:5                     size    +6, benefit    10543.4, efficiency   1757.231
    Inline function call at Actions.mnd:99:37                    size    +4, benefit     3953.8, efficiency    988.443
    Inline function call at Actions.mnd:122:5                    size   +24, benefit    10543.4, efficiency    439.308
    Inline function call at Actions.mnd:127:5                    size    +2, benefit      160.7, efficiency     80.341
  ! Inline function call at Actions.mnd:128:5                    size   +73, benefit      160.7, efficiency      2.201
  ! Inline function call at Actions.mnd:133:5                    size   +73, benefit     9188.1, efficiency    125.865
    Inline function call at Actions.mnd:150:5                    size   +24, benefit    16620.1, efficiency    692.505
  * Inline function call at Actions.mnd:155:5                    size    +2, benefit     5025.0, efficiency   2512.494 (-2 instructions)
  ! Inline function call at Actions.mnd:159:9                    size   +73, benefit     2512.5, efficiency     34.418
    Inline function call at BuilderController.mnd:171:17         size   +13, benefit     1662.0, efficiency    127.847
    Inline function call at Actions.mnd:166:5                    size    +2, benefit     1869.8, efficiency    934.882
    Inline function call at Actions.mnd:167:5                    size    +6, benefit     1662.0, efficiency    277.002
    Inline function call at Actions.mnd:168:5                    size    +4, benefit     1246.5, efficiency    311.627
    Inline function call at Actions.mnd:178:5                    size   +24, benefit     1662.0, efficiency     69.250
    Inline function call at BuilderController.mnd:177:5          size   +33, benefit    13296.1, efficiency    402.912
    Inline function call at BuilderController.mnd:162:5          size    +7, benefit     5817.0, efficiency    831.006
    Inline function call at BuilderController.mnd:71:17          size   +13, benefit      831.0, efficiency     63.924
    Inline function call at BuilderController.mnd:79:17          size   +13, benefit      831.0, efficiency     63.924
    Inline function call at BuilderController.mnd:87:17          size   +13, benefit      831.0, efficiency     63.924
    Inline function call at BuilderController.mnd:93:25          size   +13, benefit      103.9, efficiency      7.990
    Inline function call at BuilderController.mnd:98:21          size   +13, benefit      207.8, efficiency     15.981
    Inline function call at BuilderController.mnd:110:17         size    +7, benefit      727.1, efficiency    103.876
    Inline function call at BuilderController.mnd:119:25         size    +9, benefit      103.9, efficiency     11.542
    Inline function call at BuilderController.mnd:121:25         size    +7, benefit       90.9, efficiency     12.984
    Inline function call at BuilderController.mnd:128:21         size    +7, benefit      181.8, efficiency     25.969
    Inline function call at BuilderController.mnd:132:17         size    +7, benefit      181.8, efficiency     25.969
    Inline function call at BuilderController.mnd:135:17         size    +7, benefit       90.9, efficiency     12.984
    Inline function call at BuilderController.mnd:139:21         size    +9, benefit       26.0, efficiency      2.885
    Inline function call at BuilderController.mnd:141:21         size    +7, benefit       22.7, efficiency      3.246
    Inline function call at BuilderController.mnd:146:21         size    +7, benefit       22.7, efficiency      3.246
    Inline function call at BuilderController.mnd:148:21         size    +7, benefit       11.4, efficiency      1.623
    Inline function call at BuilderController.mnd:150:21         size    +9, benefit       13.0, efficiency      1.443
    Inline function call at BuilderController.mnd:156:9          size   +33, benefit     3324.0, efficiency    100.728
    Inline function call at BuilderController.mnd:242:12         size   +36, benefit    13296.1, efficiency    369.336
    Inline function call at BuilderController.mnd:248:16         size   +36, benefit     6648.0, efficiency    184.668
    Inline function call at BuilderController.mnd:256:5          size   +19, benefit     1318.4, efficiency     69.387
    Inline function call at BuilderController.mnd:273:9          size   +19, benefit        4.3, efficiency      0.224
    Inline function call at BuilderController.mnd:274:16         size   +24, benefit        4.8, efficiency      0.198
    Inline function call at BuilderController.mnd:282:5          size   +19, benefit        9.5, efficiency      0.500
    Inline function call at BuilderController.mnd:284:20         size   +24, benefit        9.5, efficiency      0.396
    Inline function call at Actions.mnd:39:5                     size    +6, benefit      802.3, efficiency    133.711
    Inline function call at Actions.mnd:39:5                     size    +6, benefit     1582.0, efficiency    263.672
    Inline function call at BuilderController.mnd:378:13         size    +9, benefit     2109.4, efficiency    234.375
    Inline function call at BuilderController.mnd:379:13         size    +9, benefit     2109.4, efficiency    234.375
    Inline function call at BuilderController.mnd:380:13         size    +9, benefit     2109.4, efficiency    234.375
    Inline function call at BuilderController.mnd:381:13         size    +9, benefit     2109.4, efficiency    234.375
  ! Inline function call at BuilderController.mnd:423:29         size   +79, benefit     1875.0, efficiency     23.734
  ! Inline function call at BuilderController.mnd:424:23         size   +79, benefit     1875.0, efficiency     23.734
  ! Inline function call at BuilderController.mnd:425:23         size   +79, benefit     1875.0, efficiency     23.734
  ! Inline function call at BuilderController.mnd:426:23         size   +79, benefit     1875.0, efficiency     23.734
  ! Inline function call at BuilderController.mnd:429:29         size   +79, benefit      937.5, efficiency     11.867

Pass 1: speed optimization selection (cost limit 63):
    Full loop rotation at BuilderController.mnd:242:5            size    +2, benefit     4609.3, efficiency   2304.656
    Full loop rotation at BuilderController.mnd:248:9            size    +2, benefit     2304.7, efficiency   1152.328
    Full loop rotation at BuilderController.mnd:416:9            size    +1, benefit      650.0, efficiency    650.000
    Inline function 'status2' defined at Actions.mnd:11:1        size    +1, benefit     2030.4, efficiency   2030.446
    Inline function 'moveTo' defined at Actions.mnd:30:1         size    +5, benefit     2384.3, efficiency    476.859
  * Inline function 'moveToEmpty' defined at Actions.mnd:43:1    size    +5, benefit    12205.4, efficiency   2441.080 (-3 instructions)
    Inline function 'dropAll' defined at Actions.mnd:52:1        size    +3, benefit     5200.3, efficiency   1733.426
    Inline function 'depositItems' defined at Actions.mnd:67:1   size   +47, benefit    28825.5, efficiency    613.309
  ! Inline function 'mineOre' defined at Actions.mnd:92:1        size  +145, benefit    11861.3, efficiency     81.802
    Inline function 'mineOre' defined at Actions.mnd:126:1       size   +17, benefit      142.8, efficiency      8.402
    Inline function 'mineOre' defined at Actions.mnd:131:1       size   +55, benefit     7146.3, efficiency    129.933
    Inline function 'fetchBlock' defined at Actions.mnd:136:1    size   +32, benefit    16620.1, efficiency    519.379
    Inline function 'supplyBlock' defined at Actions.mnd:154:1   size   +54, benefit     4466.7, efficiency     82.716
    Inline function 'unpackCfg' defined at Common.mnd:9:1        size   +37, benefit     1332.1, efficiency     36.003
    Inline function 'targetMet' defined at BuilderController.mnd:197:1 size   +35, benefit    19944.1, efficiency    569.833
    Inline function 'buildBlock' defined at BuilderController.mnd:263:1 size   +23, benefit       14.3, efficiency      0.620
    Inline function 'titaniumDrillScore' defined at BuilderController.mnd:361:1 size   +26, benefit     8437.5, efficiency    324.519
  ! Inline function 'buildTitaniumDrill' defined at BuilderController.mnd:373:1 size  +315, benefit     8437.5, efficiency     26.786
    Inline function call at Actions.mnd:98:5                     size    +6, benefit    10543.4, efficiency   1757.231
    Inline function call at Actions.mnd:99:37                    size    +4, benefit     3953.8, efficiency    988.443
    Inline function call at Actions.mnd:122:5                    size   +24, benefit    10543.4, efficiency    439.308
    Inline function call at Actions.mnd:127:5                    size    +2, benefit      160.7, efficiency     80.341
  ! Inline function call at Actions.mnd:128:5                    size   +73, benefit      160.7, efficiency      2.201
  ! Inline function call at Actions.mnd:133:5                    size   +73, benefit     9188.1, efficiency    125.865
    Inline function call at Actions.mnd:150:5                    size   +24, benefit    16620.1, efficiency    692.505
  ! Inline function call at Actions.mnd:159:9                    size   +73, benefit     2512.5, efficiency     34.418
    Inline function call at BuilderController.mnd:171:17         size   +11, benefit     1662.0, efficiency    151.092
    Inline function call at Actions.mnd:166:5                    size    +2, benefit     1869.8, efficiency    934.882
    Inline function call at Actions.mnd:167:5                    size    +6, benefit     1662.0, efficiency    277.002
    Inline function call at Actions.mnd:168:5                    size    +4, benefit     1246.5, efficiency    311.627
    Inline function call at Actions.mnd:178:5                    size   +24, benefit     1662.0, efficiency     69.250
    Inline function call at BuilderController.mnd:177:5          size   +33, benefit    13296.1, efficiency    402.912
    Inline function call at BuilderController.mnd:162:5          size    +7, benefit     5817.0, efficiency    831.006
    Inline function call at BuilderController.mnd:71:17          size   +11, benefit      831.0, efficiency     75.546
    Inline function call at BuilderController.mnd:79:17          size   +11, benefit      831.0, efficiency     75.546
    Inline function call at BuilderController.mnd:87:17          size   +11, benefit      831.0, efficiency     75.546
    Inline function call at BuilderController.mnd:93:25          size   +11, benefit      103.9, efficiency      9.443
    Inline function call at BuilderController.mnd:98:21          size   +11, benefit      207.8, efficiency     18.886
    Inline function call at BuilderController.mnd:110:17         size    +7, benefit      727.1, efficiency    103.876
    Inline function call at BuilderController.mnd:119:25         size    +9, benefit      103.9, efficiency     11.542
    Inline function call at BuilderController.mnd:121:25         size    +7, benefit       90.9, efficiency     12.984
    Inline function call at BuilderController.mnd:128:21         size    +7, benefit      181.8, efficiency     25.969
    Inline function call at BuilderController.mnd:132:17         size    +7, benefit      181.8, efficiency     25.969
    Inline function call at BuilderController.mnd:135:17         size    +7, benefit       90.9, efficiency     12.984
    Inline function call at BuilderController.mnd:139:21         size    +9, benefit       26.0, efficiency      2.885
    Inline function call at BuilderController.mnd:141:21         size    +7, benefit       22.7, efficiency      3.246
    Inline function call at BuilderController.mnd:146:21         size    +7, benefit       22.7, efficiency      3.246
    Inline function call at BuilderController.mnd:148:21         size    +7, benefit       11.4, efficiency      1.623
    Inline function call at BuilderController.mnd:150:21         size    +9, benefit       13.0, efficiency      1.443
    Inline function call at BuilderController.mnd:156:9          size   +33, benefit     3324.0, efficiency    100.728
    Inline function call at BuilderController.mnd:242:12         size   +36, benefit    13296.1, efficiency    369.336
    Inline function call at BuilderController.mnd:248:16         size   +36, benefit     6648.0, efficiency    184.668
    Inline function call at BuilderController.mnd:256:5          size   +19, benefit     1318.4, efficiency     69.387
    Inline function call at BuilderController.mnd:273:9          size   +19, benefit        4.3, efficiency      0.224
    Inline function call at BuilderController.mnd:274:16         size   +24, benefit        4.8, efficiency      0.198
    Inline function call at BuilderController.mnd:282:5          size   +19, benefit        9.5, efficiency      0.500
    Inline function call at BuilderController.mnd:284:20         size   +24, benefit        9.5, efficiency      0.396
    Inline function call at Actions.mnd:39:5                     size    +6, benefit      802.3, efficiency    133.711
    Inline function call at Actions.mnd:39:5                     size    +6, benefit     1582.0, efficiency    263.672
    Inline function call at BuilderController.mnd:378:13         size    +9, benefit     2109.4, efficiency    234.375
    Inline function call at BuilderController.mnd:379:13         size    +9, benefit     2109.4, efficiency    234.375
    Inline function call at BuilderController.mnd:380:13         size    +9, benefit     2109.4, efficiency    234.375
    Inline function call at BuilderController.mnd:381:13         size    +9, benefit     2109.4, efficiency    234.375
  ! Inline function call at BuilderController.mnd:423:29         size   +79, benefit     1875.0, efficiency     23.734
  ! Inline function call at BuilderController.mnd:424:23         size   +79, benefit     1875.0, efficiency     23.734
  ! Inline function call at BuilderController.mnd:425:23         size   +79, benefit     1875.0, efficiency     23.734
  ! Inline function call at BuilderController.mnd:426:23         size   +79, benefit     1875.0, efficiency     23.734
  ! Inline function call at BuilderController.mnd:429:29         size   +79, benefit      937.5, efficiency     11.867

Pass 1: speed optimization selection (cost limit 66):
  * Full loop rotation at BuilderController.mnd:242:5            size    +2, benefit     4609.3, efficiency   2304.656 (+2 instructions)
    Full loop rotation at BuilderController.mnd:248:9            size    +2, benefit     2304.7, efficiency   1152.328
    Full loop rotation at BuilderController.mnd:416:9            size    +1, benefit      650.0, efficiency    650.000
    Inline function 'status2' defined at Actions.mnd:11:1        size    +1, benefit     2030.4, efficiency   2030.446
    Inline function 'moveTo' defined at Actions.mnd:30:1         size    +5, benefit     2384.3, efficiency    476.859
    Inline function 'dropAll' defined at Actions.mnd:52:1        size    +3, benefit     5200.3, efficiency   1733.426
    Inline function 'depositItems' defined at Actions.mnd:67:1   size   +47, benefit    28825.5, efficiency    613.309
  ! Inline function 'mineOre' defined at Actions.mnd:92:1        size  +151, benefit    11861.3, efficiency     78.552
    Inline function 'mineOre' defined at Actions.mnd:126:1       size   +17, benefit      142.8, efficiency      8.402
    Inline function 'mineOre' defined at Actions.mnd:131:1       size   +55, benefit     7146.3, efficiency    129.933
    Inline function 'fetchBlock' defined at Actions.mnd:136:1    size   +32, benefit    16620.1, efficiency    519.379
    Inline function 'supplyBlock' defined at Actions.mnd:154:1   size   +54, benefit     4466.7, efficiency     82.716
    Inline function 'unpackCfg' defined at Common.mnd:9:1        size   +37, benefit     1332.1, efficiency     36.003
    Inline function 'targetMet' defined at BuilderController.mnd:197:1 size   +35, benefit    19944.1, efficiency    569.833
    Inline function 'buildBlock' defined at BuilderController.mnd:263:1 size   +23, benefit       14.3, efficiency      0.620
    Inline function 'titaniumDrillScore' defined at BuilderController.mnd:361:1 size   +26, benefit     8437.5, efficiency    324.519
  ! Inline function 'buildTitaniumDrill' defined at BuilderController.mnd:373:1 size  +315, benefit     8437.5, efficiency     26.786
    Inline function call at Actions.mnd:99:37                    size    +4, benefit     3953.8, efficiency    988.443
    Inline function call at Actions.mnd:122:5                    size   +24, benefit    10543.4, efficiency    439.308
    Inline function call at Actions.mnd:127:5                    size    +2, benefit      160.7, efficiency     80.341
  ! Inline function call at Actions.mnd:128:5                    size   +76, benefit      160.7, efficiency      2.114
  ! Inline function call at Actions.mnd:133:5                    size   +76, benefit     9188.1, efficiency    120.896
    Inline function call at Actions.mnd:150:5                    size   +24, benefit    16620.1, efficiency    692.505
  ! Inline function call at Actions.mnd:159:9                    size   +76, benefit     2512.5, efficiency     33.059
    Inline function call at BuilderController.mnd:171:17         size   +11, benefit     1662.0, efficiency    151.092
    Inline function call at Actions.mnd:166:5                    size    +2, benefit     1869.8, efficiency    934.882
    Inline function call at Actions.mnd:168:5                    size    +4, benefit     1246.5, efficiency    311.627
    Inline function call at Actions.mnd:178:5                    size   +24, benefit     1662.0, efficiency     69.250
    Inline function call at BuilderController.mnd:177:5          size   +33, benefit    13296.1, efficiency    402.912
    Inline function call at BuilderController.mnd:162:5          size    +7, benefit     5817.0, efficiency    831.006
    Inline function call at BuilderController.mnd:71:17          size   +11, benefit      831.0, efficiency     75.546
    Inline function call at BuilderController.mnd:79:17          size   +11, benefit      831.0, efficiency     75.546
    Inline function call at BuilderController.mnd:87:17          size   +11, benefit      831.0, efficiency     75.546
    Inline function call at BuilderController.mnd:93:25          size   +11, benefit      103.9, efficiency      9.443
    Inline function call at BuilderController.mnd:98:21          size   +11, benefit      207.8, efficiency     18.886
    Inline function call at BuilderController.mnd:110:17         size    +7, benefit      727.1, efficiency    103.876
    Inline function call at BuilderController.mnd:119:25         size    +9, benefit      103.9, efficiency     11.542
    Inline function call at BuilderController.mnd:121:25         size    +7, benefit       90.9, efficiency     12.984
    Inline function call at BuilderController.mnd:128:21         size    +7, benefit      181.8, efficiency     25.969
    Inline function call at BuilderController.mnd:132:17         size    +7, benefit      181.8, efficiency     25.969
    Inline function call at BuilderController.mnd:135:17         size    +7, benefit       90.9, efficiency     12.984
    Inline function call at BuilderController.mnd:139:21         size    +9, benefit       26.0, efficiency      2.885
    Inline function call at BuilderController.mnd:141:21         size    +7, benefit       22.7, efficiency      3.246
    Inline function call at BuilderController.mnd:146:21         size    +7, benefit       22.7, efficiency      3.246
    Inline function call at BuilderController.mnd:148:21         size    +7, benefit       11.4, efficiency      1.623
    Inline function call at BuilderController.mnd:150:21         size    +9, benefit       13.0, efficiency      1.443
    Inline function call at BuilderController.mnd:156:9          size   +33, benefit     3324.0, efficiency    100.728
    Inline function call at BuilderController.mnd:242:12         size   +36, benefit    13296.1, efficiency    369.336
    Inline function call at BuilderController.mnd:248:16         size   +36, benefit     6648.0, efficiency    184.668
    Inline function call at BuilderController.mnd:256:5          size   +19, benefit     1318.4, efficiency     69.387
    Inline function call at BuilderController.mnd:273:9          size   +19, benefit        4.3, efficiency      0.224
    Inline function call at BuilderController.mnd:274:16         size   +24, benefit        4.8, efficiency      0.198
    Inline function call at BuilderController.mnd:282:5          size   +19, benefit        9.5, efficiency      0.500
    Inline function call at BuilderController.mnd:284:20         size   +24, benefit        9.5, efficiency      0.396
    Inline function call at Actions.mnd:39:5                     size    +6, benefit      802.3, efficiency    133.711
    Inline function call at Actions.mnd:39:5                     size    +6, benefit     1582.0, efficiency    263.672
    Inline function call at BuilderController.mnd:378:13         size    +9, benefit     2109.4, efficiency    234.375
    Inline function call at BuilderController.mnd:379:13         size    +9, benefit     2109.4, efficiency    234.375
    Inline function call at BuilderController.mnd:380:13         size    +9, benefit     2109.4, efficiency    234.375
    Inline function call at BuilderController.mnd:381:13         size    +9, benefit     2109.4, efficiency    234.375
  ! Inline function call at BuilderController.mnd:423:29         size   +79, benefit     1875.0, efficiency     23.734
  ! Inline function call at BuilderController.mnd:424:23         size   +79, benefit     1875.0, efficiency     23.734
  ! Inline function call at BuilderController.mnd:425:23         size   +79, benefit     1875.0, efficiency     23.734
  ! Inline function call at BuilderController.mnd:426:23         size   +79, benefit     1875.0, efficiency     23.734
  ! Inline function call at BuilderController.mnd:429:29         size   +79, benefit      937.5, efficiency     11.867

Pass 1: speed optimization selection (cost limit 64):
    Full loop rotation at BuilderController.mnd:248:9            size    +2, benefit     2304.7, efficiency   1152.328
    Full loop rotation at BuilderController.mnd:416:9            size    +1, benefit      650.0, efficiency    650.000
  * Inline function 'status2' defined at Actions.mnd:11:1        size    +1, benefit     2030.4, efficiency   2030.446 (-9 instructions)
    Inline function 'moveTo' defined at Actions.mnd:30:1         size    +5, benefit     2384.3, efficiency    476.859
    Inline function 'dropAll' defined at Actions.mnd:52:1        size    +3, benefit     5200.3, efficiency   1733.426
    Inline function 'depositItems' defined at Actions.mnd:67:1   size   +47, benefit    28825.5, efficiency    613.309
  ! Inline function 'mineOre' defined at Actions.mnd:92:1        size  +151, benefit    11861.3, efficiency     78.552
    Inline function 'mineOre' defined at Actions.mnd:126:1       size   +17, benefit      142.8, efficiency      8.402
    Inline function 'mineOre' defined at Actions.mnd:131:1       size   +55, benefit     7146.3, efficiency    129.933
    Inline function 'fetchBlock' defined at Actions.mnd:136:1    size   +32, benefit    16620.1, efficiency    519.379
    Inline function 'supplyBlock' defined at Actions.mnd:154:1   size   +54, benefit     4466.7, efficiency     82.716
    Inline function 'unpackCfg' defined at Common.mnd:9:1        size   +37, benefit     1332.1, efficiency     36.003
  ! Inline function 'targetMet' defined at BuilderController.mnd:197:1 size   +71, benefit    20476.0, efficiency    288.394
    Inline function 'buildBlock' defined at BuilderController.mnd:263:1 size   +23, benefit       14.3, efficiency      0.620
    Inline function 'titaniumDrillScore' defined at BuilderController.mnd:361:1 size   +26, benefit     8437.5, efficiency    324.519
  ! Inline function 'buildTitaniumDrill' defined at BuilderController.mnd:373:1 size  +315, benefit     8437.5, efficiency     26.786
    Inline function call at Actions.mnd:99:37                    size    +4, benefit     3953.8, efficiency    988.443
    Inline function call at Actions.mnd:122:5                    size   +24, benefit    10543.4, efficiency    439.308
    Inline function call at Actions.mnd:127:5                    size    +2, benefit      160.7, efficiency     80.341
  ! Inline function call at Actions.mnd:128:5                    size   +76, benefit      160.7, efficiency      2.114
  ! Inline function call at Actions.mnd:133:5                    size   +76, benefit     9188.1, efficiency    120.896
    Inline function call at Actions.mnd:150:5                    size   +24, benefit    16620.1, efficiency    692.505
  ! Inline function call at Actions.mnd:159:9                    size   +76, benefit     2512.5, efficiency     33.059
    Inline function call at BuilderController.mnd:171:17         size   +11, benefit     1662.0, efficiency    151.092
    Inline function call at Actions.mnd:166:5                    size    +2, benefit     1869.8, efficiency    934.882
    Inline function call at Actions.mnd:168:5                    size    +4, benefit     1246.5, efficiency    311.627
    Inline function call at Actions.mnd:178:5                    size   +24, benefit     1662.0, efficiency     69.250
    Inline function call at BuilderController.mnd:177:5          size   +33, benefit    13296.1, efficiency    402.912
    Inline function call at BuilderController.mnd:162:5          size    +7, benefit     5817.0, efficiency    831.006
    Inline function call at BuilderController.mnd:71:17          size   +11, benefit      831.0, efficiency     75.546
    Inline function call at BuilderController.mnd:79:17          size   +11, benefit      831.0, efficiency     75.546
    Inline function call at BuilderController.mnd:87:17          size   +11, benefit      831.0, efficiency     75.546
    Inline function call at BuilderController.mnd:93:25          size   +11, benefit      103.9, efficiency      9.443
    Inline function call at BuilderController.mnd:98:21          size   +11, benefit      207.8, efficiency     18.886
    Inline function call at BuilderController.mnd:110:17         size    +7, benefit      727.1, efficiency    103.876
    Inline function call at BuilderController.mnd:119:25         size    +9, benefit      103.9, efficiency     11.542
    Inline function call at BuilderController.mnd:121:25         size    +7, benefit       90.9, efficiency     12.984
    Inline function call at BuilderController.mnd:128:21         size    +7, benefit      181.8, efficiency     25.969
    Inline function call at BuilderController.mnd:132:17         size    +7, benefit      181.8, efficiency     25.969
    Inline function call at BuilderController.mnd:135:17         size    +7, benefit       90.9, efficiency     12.984
    Inline function call at BuilderController.mnd:139:21         size    +9, benefit       26.0, efficiency      2.885
    Inline function call at BuilderController.mnd:141:21         size    +7, benefit       22.7, efficiency      3.246
    Inline function call at BuilderController.mnd:146:21         size    +7, benefit       22.7, efficiency      3.246
    Inline function call at BuilderController.mnd:148:21         size    +7, benefit       11.4, efficiency      1.623
    Inline function call at BuilderController.mnd:150:21         size    +9, benefit       13.0, efficiency      1.443
    Inline function call at BuilderController.mnd:156:9          size   +33, benefit     3324.0, efficiency    100.728
    Inline function call at BuilderController.mnd:242:12         size   +36, benefit      531.8, efficiency     14.773
    Inline function call at BuilderController.mnd:242:12         size   +36, benefit    13296.1, efficiency    369.336
    Inline function call at BuilderController.mnd:248:16         size   +36, benefit     6648.0, efficiency    184.668
    Inline function call at BuilderController.mnd:256:5          size   +19, benefit     1318.4, efficiency     69.387
    Inline function call at BuilderController.mnd:273:9          size   +19, benefit        4.3, efficiency      0.224
    Inline function call at BuilderController.mnd:274:16         size   +24, benefit        4.8, efficiency      0.198
    Inline function call at BuilderController.mnd:282:5          size   +19, benefit        9.5, efficiency      0.500
    Inline function call at BuilderController.mnd:284:20         size   +24, benefit        9.5, efficiency      0.396
    Inline function call at Actions.mnd:39:5                     size    +6, benefit      802.3, efficiency    133.711
    Inline function call at Actions.mnd:39:5                     size    +6, benefit     1582.0, efficiency    263.672
    Inline function call at BuilderController.mnd:378:13         size    +9, benefit     2109.4, efficiency    234.375
    Inline function call at BuilderController.mnd:379:13         size    +9, benefit     2109.4, efficiency    234.375
    Inline function call at BuilderController.mnd:380:13         size    +9, benefit     2109.4, efficiency    234.375
    Inline function call at BuilderController.mnd:381:13         size    +9, benefit     2109.4, efficiency    234.375
  ! Inline function call at BuilderController.mnd:423:29         size   +79, benefit     1875.0, efficiency     23.734
  ! Inline function call at BuilderController.mnd:424:23         size   +79, benefit     1875.0, efficiency     23.734
  ! Inline function call at BuilderController.mnd:425:23         size   +79, benefit     1875.0, efficiency     23.734
  ! Inline function call at BuilderController.mnd:426:23         size   +79, benefit     1875.0, efficiency     23.734
  ! Inline function call at BuilderController.mnd:429:29         size   +79, benefit      937.5, efficiency     11.867

Pass 1: speed optimization selection (cost limit 73):
    Full loop rotation at BuilderController.mnd:248:9            size    +2, benefit     2304.7, efficiency   1152.328
    Full loop rotation at BuilderController.mnd:416:9            size    +1, benefit      650.0, efficiency    650.000
    Inline function 'moveTo' defined at Actions.mnd:30:1         size    +5, benefit     2384.3, efficiency    476.859
  * Inline function 'dropAll' defined at Actions.mnd:52:1        size    +3, benefit     5200.3, efficiency   1733.426 (-4 instructions)
    Inline function 'depositItems' defined at Actions.mnd:67:1   size   +47, benefit    28825.5, efficiency    613.309
  ! Inline function 'mineOre' defined at Actions.mnd:92:1        size  +151, benefit    11861.3, efficiency     78.552
    Inline function 'mineOre' defined at Actions.mnd:126:1       size   +13, benefit      142.8, efficiency     10.987
    Inline function 'mineOre' defined at Actions.mnd:131:1       size   +55, benefit     7146.3, efficiency    129.933
    Inline function 'fetchBlock' defined at Actions.mnd:136:1    size   +32, benefit    16620.1, efficiency    519.379
    Inline function 'supplyBlock' defined at Actions.mnd:154:1   size   +54, benefit     4466.7, efficiency     82.716
    Inline function 'unpackCfg' defined at Common.mnd:9:1        size   +37, benefit     1332.1, efficiency     36.003
    Inline function 'targetMet' defined at BuilderController.mnd:197:1 size   +71, benefit    20476.0, efficiency    288.394
    Inline function 'buildBlock' defined at BuilderController.mnd:263:1 size   +23, benefit       14.3, efficiency      0.620
    Inline function 'titaniumDrillScore' defined at BuilderController.mnd:361:1 size   +26, benefit     8437.5, efficiency    324.519
  ! Inline function 'buildTitaniumDrill' defined at BuilderController.mnd:373:1 size  +315, benefit     8437.5, efficiency     26.786
    Inline function call at Actions.mnd:99:37                    size    +4, benefit     3953.8, efficiency    988.443
    Inline function call at Actions.mnd:122:5                    size   +24, benefit    10543.4, efficiency    439.308
  ! Inline function call at Actions.mnd:128:5                    size   +76, benefit      160.7, efficiency      2.114
  ! Inline function call at Actions.mnd:133:5                    size   +76, benefit     9188.1, efficiency    120.896
    Inline function call at Actions.mnd:150:5                    size   +24, benefit    16620.1, efficiency    692.505
  ! Inline function call at Actions.mnd:159:9                    size   +76, benefit     2512.5, efficiency     33.059
    Inline function call at BuilderController.mnd:171:17         size   +11, benefit     1662.0, efficiency    151.092
    Inline function call at Actions.mnd:168:5                    size    +4, benefit     1246.5, efficiency    311.627
    Inline function call at Actions.mnd:178:5                    size   +24, benefit     1662.0, efficiency     69.250
    Inline function call at BuilderController.mnd:177:5          size   +33, benefit    13296.1, efficiency    402.912
    Inline function call at BuilderController.mnd:162:5          size    +7, benefit     5817.0, efficiency    831.006
    Inline function call at BuilderController.mnd:71:17          size   +11, benefit      831.0, efficiency     75.546
    Inline function call at BuilderController.mnd:79:17          size   +11, benefit      831.0, efficiency     75.546
    Inline function call at BuilderController.mnd:87:17          size   +11, benefit      831.0, efficiency     75.546
    Inline function call at BuilderController.mnd:93:25          size   +11, benefit      103.9, efficiency      9.443
    Inline function call at BuilderController.mnd:98:21          size   +11, benefit      207.8, efficiency     18.886
    Inline function call at BuilderController.mnd:110:17         size    +7, benefit      727.1, efficiency    103.876
    Inline function call at BuilderController.mnd:119:25         size    +7, benefit      103.9, efficiency     14.839
    Inline function call at BuilderController.mnd:121:25         size    +7, benefit       90.9, efficiency     12.984
    Inline function call at BuilderController.mnd:128:21         size    +7, benefit      181.8, efficiency     25.969
    Inline function call at BuilderController.mnd:132:17         size    +7, benefit      181.8, efficiency     25.969
    Inline function call at BuilderController.mnd:135:17         size    +7, benefit       90.9, efficiency     12.984
    Inline function call at BuilderController.mnd:139:21         size    +7, benefit       26.0, efficiency      3.710
    Inline function call at BuilderController.mnd:141:21         size    +7, benefit       22.7, efficiency      3.246
    Inline function call at BuilderController.mnd:146:21         size    +7, benefit       22.7, efficiency      3.246
    Inline function call at BuilderController.mnd:148:21         size    +7, benefit       11.4, efficiency      1.623
    Inline function call at BuilderController.mnd:150:21         size    +7, benefit       13.0, efficiency      1.855
    Inline function call at BuilderController.mnd:156:9          size   +33, benefit     3324.0, efficiency    100.728
    Inline function call at BuilderController.mnd:242:12         size   +36, benefit      531.8, efficiency     14.773
    Inline function call at BuilderController.mnd:242:12         size   +36, benefit    13296.1, efficiency    369.336
    Inline function call at BuilderController.mnd:248:16         size   +36, benefit     6648.0, efficiency    184.668
    Inline function call at BuilderController.mnd:256:5          size   +19, benefit     1318.4, efficiency     69.387
    Inline function call at BuilderController.mnd:273:9          size   +19, benefit        4.3, efficiency      0.224
    Inline function call at BuilderController.mnd:274:16         size   +24, benefit        4.8, efficiency      0.198
    Inline function call at BuilderController.mnd:282:5          size   +19, benefit        9.5, efficiency      0.500
    Inline function call at BuilderController.mnd:284:20         size   +24, benefit        9.5, efficiency      0.396
    Inline function call at Actions.mnd:39:5                     size    +6, benefit      802.3, efficiency    133.711
    Inline function call at Actions.mnd:39:5                     size    +6, benefit     1582.0, efficiency    263.672
    Inline function call at BuilderController.mnd:378:13         size    +9, benefit     2109.4, efficiency    234.375
    Inline function call at BuilderController.mnd:379:13         size    +9, benefit     2109.4, efficiency    234.375
    Inline function call at BuilderController.mnd:380:13         size    +9, benefit     2109.4, efficiency    234.375
    Inline function call at BuilderController.mnd:381:13         size    +9, benefit     2109.4, efficiency    234.375
  ! Inline function call at BuilderController.mnd:423:29         size   +79, benefit     1875.0, efficiency     23.734
  ! Inline function call at BuilderController.mnd:424:23         size   +79, benefit     1875.0, efficiency     23.734
  ! Inline function call at BuilderController.mnd:425:23         size   +79, benefit     1875.0, efficiency     23.734
  ! Inline function call at BuilderController.mnd:426:23         size   +79, benefit     1875.0, efficiency     23.734
  ! Inline function call at BuilderController.mnd:429:29         size   +79, benefit      937.5, efficiency     11.867

Pass 1: speed optimization selection (cost limit 77):
  * Full loop rotation at BuilderController.mnd:248:9            size    +2, benefit     2304.7, efficiency   1152.328 (+2 instructions)
    Full loop rotation at BuilderController.mnd:416:9            size    +1, benefit      650.0, efficiency    650.000
    Inline function 'moveTo' defined at Actions.mnd:30:1         size    +5, benefit     2384.3, efficiency    476.859
    Inline function 'depositItems' defined at Actions.mnd:67:1   size   +47, benefit    28825.5, efficiency    613.309
  ! Inline function 'mineOre' defined at Actions.mnd:92:1        size  +153, benefit    11861.3, efficiency     77.525
    Inline function 'mineOre' defined at Actions.mnd:126:1       size   +13, benefit      142.8, efficiency     10.987
    Inline function 'mineOre' defined at Actions.mnd:131:1       size   +55, benefit     7146.3, efficiency    129.933
    Inline function 'fetchBlock' defined at Actions.mnd:136:1    size   +32, benefit    16620.1, efficiency    519.379
    Inline function 'supplyBlock' defined at Actions.mnd:154:1   size   +54, benefit     4466.7, efficiency     82.716
    Inline function 'unpackCfg' defined at Common.mnd:9:1        size   +37, benefit     1332.1, efficiency     36.003
    Inline function 'targetMet' defined at BuilderController.mnd:197:1 size   +71, benefit    20476.0, efficiency    288.394
    Inline function 'buildBlock' defined at BuilderController.mnd:263:1 size   +23, benefit       14.3, efficiency      0.620
    Inline function 'titaniumDrillScore' defined at BuilderController.mnd:361:1 size   +26, benefit     8437.5, efficiency    324.519
  ! Inline function 'buildTitaniumDrill' defined at BuilderController.mnd:373:1 size  +315, benefit     8437.5, efficiency     26.786
    Inline function call at Actions.mnd:122:5                    size   +24, benefit    10543.4, efficiency    439.308
    Inline function call at Actions.mnd:128:5                    size   +77, benefit      160.7, efficiency      2.087
    Inline function call at Actions.mnd:133:5                    size   +77, benefit     9188.1, efficiency    119.326
    Inline function call at Actions.mnd:150:5                    size   +24, benefit    16620.1, efficiency    692.505
    Inline function call at Actions.mnd:159:9                    size   +77, benefit     2512.5, efficiency     32.630
    Inline function call at BuilderController.mnd:171:17         size   +11, benefit     1662.0, efficiency    151.092
    Inline function call at Actions.mnd:178:5                    size   +24, benefit     1662.0, efficiency     69.250
    Inline function call at BuilderController.mnd:177:5          size   +33, benefit    13296.1, efficiency    402.912
    Inline function call at BuilderController.mnd:162:5          size    +7, benefit     5817.0, efficiency    831.006
    Inline function call at BuilderController.mnd:71:17          size   +11, benefit      831.0, efficiency     75.546
    Inline function call at BuilderController.mnd:79:17          size   +11, benefit      831.0, efficiency     75.546
    Inline function call at BuilderController.mnd:87:17          size   +11, benefit      831.0, efficiency     75.546
    Inline function call at BuilderController.mnd:93:25          size   +11, benefit      103.9, efficiency      9.443
    Inline function call at BuilderController.mnd:98:21          size   +11, benefit      207.8, efficiency     18.886
    Inline function call at BuilderController.mnd:110:17         size    +7, benefit      727.1, efficiency    103.876
    Inline function call at BuilderController.mnd:119:25         size    +7, benefit      103.9, efficiency     14.839
    Inline function call at BuilderController.mnd:121:25         size    +7, benefit       90.9, efficiency     12.984
    Inline function call at BuilderController.mnd:128:21         size    +7, benefit      181.8, efficiency     25.969
    Inline function call at BuilderController.mnd:132:17         size    +7, benefit      181.8, efficiency     25.969
    Inline function call at BuilderController.mnd:135:17         size    +7, benefit       90.9, efficiency     12.984
    Inline function call at BuilderController.mnd:139:21         size    +7, benefit       26.0, efficiency      3.710
    Inline function call at BuilderController.mnd:141:21         size    +7, benefit       22.7, efficiency      3.246
    Inline function call at BuilderController.mnd:146:21         size    +7, benefit       22.7, efficiency      3.246
    Inline function call at BuilderController.mnd:148:21         size    +7, benefit       11.4, efficiency      1.623
    Inline function call at BuilderController.mnd:150:21         size    +7, benefit       13.0, efficiency      1.855
    Inline function call at BuilderController.mnd:156:9          size   +33, benefit     3324.0, efficiency    100.728
    Inline function call at BuilderController.mnd:242:12         size   +36, benefit      531.8, efficiency     14.773
    Inline function call at BuilderController.mnd:242:12         size   +36, benefit    13296.1, efficiency    369.336
    Inline function call at BuilderController.mnd:248:16         size   +36, benefit     6648.0, efficiency    184.668
    Inline function call at BuilderController.mnd:256:5          size   +19, benefit     1318.4, efficiency     69.387
    Inline function call at BuilderController.mnd:273:9          size   +19, benefit        4.3, efficiency      0.224
    Inline function call at BuilderController.mnd:274:16         size   +24, benefit        4.8, efficiency      0.198
    Inline function call at BuilderController.mnd:282:5          size   +19, benefit        9.5, efficiency      0.500
    Inline function call at BuilderController.mnd:284:20         size   +24, benefit        9.5, efficiency      0.396
    Inline function call at Actions.mnd:39:5                     size    +6, benefit      802.3, efficiency    133.711
    Inline function call at Actions.mnd:39:5                     size    +6, benefit     1582.0, efficiency    263.672
    Inline function call at BuilderController.mnd:378:13         size    +9, benefit     2109.4, efficiency    234.375
    Inline function call at BuilderController.mnd:379:13         size    +9, benefit     2109.4, efficiency    234.375
    Inline function call at BuilderController.mnd:380:13         size    +9, benefit     2109.4, efficiency    234.375
    Inline function call at BuilderController.mnd:381:13         size    +9, benefit     2109.4, efficiency    234.375
  ! Inline function call at BuilderController.mnd:423:29         size   +79, benefit     1875.0, efficiency     23.734
  ! Inline function call at BuilderController.mnd:424:23         size   +79, benefit     1875.0, efficiency     23.734
  ! Inline function call at BuilderController.mnd:425:23         size   +79, benefit     1875.0, efficiency     23.734
  ! Inline function call at BuilderController.mnd:426:23         size   +79, benefit     1875.0, efficiency     23.734
  ! Inline function call at BuilderController.mnd:429:29         size   +79, benefit      937.5, efficiency     11.867

Pass 1: speed optimization selection (cost limit 75):
    Full loop rotation at BuilderController.mnd:416:9            size    +1, benefit      650.0, efficiency    650.000
    Inline function 'moveTo' defined at Actions.mnd:30:1         size    +5, benefit     2384.3, efficiency    476.859
    Inline function 'depositItems' defined at Actions.mnd:67:1   size   +47, benefit    28825.5, efficiency    613.309
  ! Inline function 'mineOre' defined at Actions.mnd:92:1        size  +153, benefit    11861.3, efficiency     77.525
    Inline function 'mineOre' defined at Actions.mnd:126:1       size   +13, benefit      142.8, efficiency     10.987
    Inline function 'mineOre' defined at Actions.mnd:131:1       size   +55, benefit     7146.3, efficiency    129.933
    Inline function 'fetchBlock' defined at Actions.mnd:136:1    size   +32, benefit    16620.1, efficiency    519.379
    Inline function 'supplyBlock' defined at Actions.mnd:154:1   size   +54, benefit     4466.7, efficiency     82.716
    Inline function 'unpackCfg' defined at Common.mnd:9:1        size   +37, benefit     1332.1, efficiency     36.003
  ! Inline function 'targetMet' defined at BuilderController.mnd:197:1 size  +107, benefit    20741.9, efficiency    193.850
    Inline function 'buildBlock' defined at BuilderController.mnd:263:1 size   +23, benefit       14.3, efficiency      0.620
    Inline function 'titaniumDrillScore' defined at BuilderController.mnd:361:1 size   +26, benefit     8437.5, efficiency    324.519
  ! Inline function 'buildTitaniumDrill' defined at BuilderController.mnd:373:1 size  +315, benefit     8437.5, efficiency     26.786
    Inline function call at Actions.mnd:122:5                    size   +24, benefit    10543.4, efficiency    439.308
  ! Inline function call at Actions.mnd:128:5                    size   +77, benefit      160.7, efficiency      2.087
  ! Inline function call at Actions.mnd:133:5                    size   +77, benefit     9188.1, efficiency    119.326
    Inline function call at Actions.mnd:150:5                    size   +24, benefit    16620.1, efficiency    692.505
  ! Inline function call at Actions.mnd:159:9                    size   +77, benefit     2512.5, efficiency     32.630
    Inline function call at BuilderController.mnd:171:17         size   +11, benefit     1662.0, efficiency    151.092
    Inline function call at Actions.mnd:178:5                    size   +24, benefit     1662.0, efficiency     69.250
    Inline function call at BuilderController.mnd:177:5          size   +33, benefit    13296.1, efficiency    402.912
  * Inline function call at BuilderController.mnd:162:5          size    +7, benefit     5817.0, efficiency    831.006 (+6 instructions)
    Inline function call at BuilderController.mnd:71:17          size   +11, benefit      831.0, efficiency     75.546
    Inline function call at BuilderController.mnd:79:17          size   +11, benefit      831.0, efficiency     75.546
    Inline function call at BuilderController.mnd:87:17          size   +11, benefit      831.0, efficiency     75.546
    Inline function call at BuilderController.mnd:93:25          size   +11, benefit      103.9, efficiency      9.443
    Inline function call at BuilderController.mnd:98:21          size   +11, benefit      207.8, efficiency     18.886
    Inline function call at BuilderController.mnd:110:17         size    +7, benefit      727.1, efficiency    103.876
    Inline function call at BuilderController.mnd:119:25         size    +7, benefit      103.9, efficiency     14.839
    Inline function call at BuilderController.mnd:121:25         size    +7, benefit       90.9, efficiency     12.984
    Inline function call at BuilderController.mnd:128:21         size    +7, benefit      181.8, efficiency     25.969
    Inline function call at BuilderController.mnd:132:17         size    +7, benefit      181.8, efficiency     25.969
    Inline function call at BuilderController.mnd:135:17         size    +7, benefit       90.9, efficiency     12.984
    Inline function call at BuilderController.mnd:139:21         size    +7, benefit       26.0, efficiency      3.710
    Inline function call at BuilderController.mnd:141:21         size    +7, benefit       22.7, efficiency      3.246
    Inline function call at BuilderController.mnd:146:21         size    +7, benefit       22.7, efficiency      3.246
    Inline function call at BuilderController.mnd:148:21         size    +7, benefit       11.4, efficiency      1.623
    Inline function call at BuilderController.mnd:150:21         size    +7, benefit       13.0, efficiency      1.855
    Inline function call at BuilderController.mnd:156:9          size   +33, benefit     3324.0, efficiency    100.728
    Inline function call at BuilderController.mnd:242:12         size   +36, benefit      531.8, efficiency     14.773
    Inline function call at BuilderController.mnd:242:12         size   +36, benefit    13296.1, efficiency    369.336
    Inline function call at BuilderController.mnd:248:16         size   +36, benefit      265.9, efficiency      7.387
    Inline function call at BuilderController.mnd:248:16         size   +36, benefit     6648.0, efficiency    184.668
    Inline function call at BuilderController.mnd:256:5          size   +19, benefit     1318.4, efficiency     69.387
    Inline function call at BuilderController.mnd:273:9          size   +19, benefit        4.3, efficiency      0.224
    Inline function call at BuilderController.mnd:274:16         size   +24, benefit        4.8, efficiency      0.198
    Inline function call at BuilderController.mnd:282:5          size   +19, benefit        9.5, efficiency      0.500
    Inline function call at BuilderController.mnd:284:20         size   +24, benefit        9.5, efficiency      0.396
    Inline function call at Actions.mnd:39:5                     size    +6, benefit      802.3, efficiency    133.711
    Inline function call at Actions.mnd:39:5                     size    +6, benefit     1582.0, efficiency    263.672
    Inline function call at BuilderController.mnd:378:13         size    +9, benefit     2109.4, efficiency    234.375
    Inline function call at BuilderController.mnd:379:13         size    +9, benefit     2109.4, efficiency    234.375
    Inline function call at BuilderController.mnd:380:13         size    +9, benefit     2109.4, efficiency    234.375
    Inline function call at BuilderController.mnd:381:13         size    +9, benefit     2109.4, efficiency    234.375
  ! Inline function call at BuilderController.mnd:423:29         size   +79, benefit     1875.0, efficiency     23.734
  ! Inline function call at BuilderController.mnd:424:23         size   +79, benefit     1875.0, efficiency     23.734
  ! Inline function call at BuilderController.mnd:425:23         size   +79, benefit     1875.0, efficiency     23.734
  ! Inline function call at BuilderController.mnd:426:23         size   +79, benefit     1875.0, efficiency     23.734
  ! Inline function call at BuilderController.mnd:429:29         size   +79, benefit      937.5, efficiency     11.867

Pass 1: speed optimization selection (cost limit 69):
    Full loop rotation at BuilderController.mnd:416:9            size    +1, benefit      650.0, efficiency    650.000
    Inline function 'moveTo' defined at Actions.mnd:30:1         size    +5, benefit     2384.3, efficiency    476.859
    Inline function 'depositItems' defined at Actions.mnd:67:1   size   +47, benefit    28825.5, efficiency    613.309
  ! Inline function 'mineOre' defined at Actions.mnd:92:1        size  +230, benefit    19340.4, efficiency     84.089
    Inline function 'mineOre' defined at Actions.mnd:126:1       size   +13, benefit      142.8, efficiency     10.987
    Inline function 'mineOre' defined at Actions.mnd:131:1       size   +48, benefit     1329.3, efficiency     27.693
    Inline function 'fetchBlock' defined at Actions.mnd:136:1    size   +32, benefit    16620.1, efficiency    519.379
    Inline function 'supplyBlock' defined at Actions.mnd:154:1   size   +54, benefit     4466.7, efficiency     82.716
    Inline function 'unpackCfg' defined at Common.mnd:9:1        size   +37, benefit     1332.1, efficiency     36.003
  ! Inline function 'targetMet' defined at BuilderController.mnd:197:1 size  +107, benefit    20741.9, efficiency    193.850
    Inline function 'buildBlock' defined at BuilderController.mnd:263:1 size   +23, benefit       14.3, efficiency      0.620
    Inline function 'titaniumDrillScore' defined at BuilderController.mnd:361:1 size   +26, benefit     8437.5, efficiency    324.519
  ! Inline function 'buildTitaniumDrill' defined at BuilderController.mnd:373:1 size  +315, benefit     8437.5, efficiency     26.786
    Inline function call at Actions.mnd:122:5                    size   +24, benefit    10543.4, efficiency    439.308
  ! Inline function call at Actions.mnd:128:5                    size   +77, benefit      160.7, efficiency      2.087
  ! Inline function call at Actions.mnd:133:5                    size   +77, benefit     9188.1, efficiency    119.326
  * Inline function call at Actions.mnd:150:5                    size   +24, benefit    16620.1, efficiency    692.505 (+21 instructions)
  ! Inline function call at Actions.mnd:159:9                    size   +77, benefit     2512.5, efficiency     32.630
    Inline function call at BuilderController.mnd:171:17         size   +11, benefit     1662.0, efficiency    151.092
    Inline function call at Actions.mnd:178:5                    size   +24, benefit     1662.0, efficiency     69.250
    Inline function call at BuilderController.mnd:177:5          size   +33, benefit    13296.1, efficiency    402.912
  ! Inline function call at Actions.mnd:133:5                    size   +77, benefit     7479.1, efficiency     97.131
    Inline function call at BuilderController.mnd:71:17          size   +11, benefit      831.0, efficiency     75.546
    Inline function call at BuilderController.mnd:79:17          size   +11, benefit      831.0, efficiency     75.546
    Inline function call at BuilderController.mnd:87:17          size   +11, benefit      831.0, efficiency     75.546
    Inline function call at BuilderController.mnd:93:25          size   +11, benefit      103.9, efficiency      9.443
    Inline function call at BuilderController.mnd:98:21          size   +11, benefit      207.8, efficiency     18.886
    Inline function call at BuilderController.mnd:110:17         size    +7, benefit      727.1, efficiency    103.876
    Inline function call at BuilderController.mnd:119:25         size    +7, benefit      103.9, efficiency     14.839
    Inline function call at BuilderController.mnd:121:25         size    +7, benefit       90.9, efficiency     12.984
    Inline function call at BuilderController.mnd:128:21         size    +7, benefit      181.8, efficiency     25.969
    Inline function call at BuilderController.mnd:132:17         size    +7, benefit      181.8, efficiency     25.969
    Inline function call at BuilderController.mnd:135:17         size    +7, benefit       90.9, efficiency     12.984
    Inline function call at BuilderController.mnd:139:21         size    +7, benefit       26.0, efficiency      3.710
    Inline function call at BuilderController.mnd:141:21         size    +7, benefit       22.7, efficiency      3.246
    Inline function call at BuilderController.mnd:146:21         size    +7, benefit       22.7, efficiency      3.246
    Inline function call at BuilderController.mnd:148:21         size    +7, benefit       11.4, efficiency      1.623
    Inline function call at BuilderController.mnd:150:21         size    +7, benefit       13.0, efficiency      1.855
    Inline function call at BuilderController.mnd:156:9          size   +33, benefit     3324.0, efficiency    100.728
    Inline function call at BuilderController.mnd:242:12         size   +36, benefit      531.8, efficiency     14.773
    Inline function call at BuilderController.mnd:242:12         size   +36, benefit    13296.1, efficiency    369.336
    Inline function call at BuilderController.mnd:248:16         size   +36, benefit      265.9, efficiency      7.387
    Inline function call at BuilderController.mnd:248:16         size   +36, benefit     6648.0, efficiency    184.668
    Inline function call at BuilderController.mnd:256:5          size   +19, benefit     1318.4, efficiency     69.387
    Inline function call at BuilderController.mnd:273:9          size   +19, benefit        4.3, efficiency      0.224
    Inline function call at BuilderController.mnd:274:16         size   +24, benefit        4.8, efficiency      0.198
    Inline function call at BuilderController.mnd:282:5          size   +19, benefit        9.5, efficiency      0.500
    Inline function call at BuilderController.mnd:284:20         size   +24, benefit        9.5, efficiency      0.396
    Inline function call at Actions.mnd:39:5                     size    +6, benefit      802.3, efficiency    133.711
    Inline function call at Actions.mnd:39:5                     size    +6, benefit     1582.0, efficiency    263.672
    Inline function call at BuilderController.mnd:378:13         size    +9, benefit     2109.4, efficiency    234.375
    Inline function call at BuilderController.mnd:379:13         size    +9, benefit     2109.4, efficiency    234.375
    Inline function call at BuilderController.mnd:380:13         size    +9, benefit     2109.4, efficiency    234.375
    Inline function call at BuilderController.mnd:381:13         size    +9, benefit     2109.4, efficiency    234.375
  ! Inline function call at BuilderController.mnd:423:29         size   +79, benefit     1875.0, efficiency     23.734
  ! Inline function call at BuilderController.mnd:424:23         size   +79, benefit     1875.0, efficiency     23.734
  ! Inline function call at BuilderController.mnd:425:23         size   +79, benefit     1875.0, efficiency     23.734
  ! Inline function call at BuilderController.mnd:426:23         size   +79, benefit     1875.0, efficiency     23.734
  ! Inline function call at BuilderController.mnd:429:29         size   +79, benefit      937.5, efficiency     11.867

Pass 1: speed optimization selection (cost limit 48):
  * Full loop rotation at BuilderController.mnd:416:9            size    +1, benefit      650.0, efficiency    650.000 (+1 instructions)
    Inline function 'moveTo' defined at Actions.mnd:30:1         size    +5, benefit     2384.3, efficiency    476.859
    Inline function 'depositItems' defined at Actions.mnd:67:1   size   +23, benefit    12205.4, efficiency    530.670
  ! Inline function 'mineOre' defined at Actions.mnd:92:1        size  +230, benefit    19340.4, efficiency     84.089
    Inline function 'mineOre' defined at Actions.mnd:126:1       size   +13, benefit      142.8, efficiency     10.987
    Inline function 'mineOre' defined at Actions.mnd:131:1       size   +48, benefit     1329.3, efficiency     27.693
  ! Inline function 'fetchBlock' defined at Actions.mnd:136:1    size   +53, benefit    16620.1, efficiency    313.587
  ! Inline function 'supplyBlock' defined at Actions.mnd:154:1   size   +54, benefit     4466.7, efficiency     82.716
    Inline function 'unpackCfg' defined at Common.mnd:9:1        size   +37, benefit     1332.1, efficiency     36.003
  ! Inline function 'targetMet' defined at BuilderController.mnd:197:1 size  +107, benefit    20741.9, efficiency    193.850
    Inline function 'buildBlock' defined at BuilderController.mnd:263:1 size   +23, benefit       14.3, efficiency      0.620
    Inline function 'titaniumDrillScore' defined at BuilderController.mnd:361:1 size   +26, benefit     8437.5, efficiency    324.519
  ! Inline function 'buildTitaniumDrill' defined at BuilderController.mnd:373:1 size  +315, benefit     8437.5, efficiency     26.786
    Inline function call at Actions.mnd:122:5                    size   +24, benefit    10543.4, efficiency    439.308
  ! Inline function call at Actions.mnd:128:5                    size   +77, benefit      160.7, efficiency      2.087
  ! Inline function call at Actions.mnd:133:5                    size   +77, benefit     9188.1, efficiency    119.326
  ! Inline function call at Actions.mnd:159:9                    size   +77, benefit     2512.5, efficiency     32.630
    Inline function call at BuilderController.mnd:171:17         size   +11, benefit     1662.0, efficiency    151.092
    Inline function call at Actions.mnd:178:5                    size   +24, benefit     1662.0, efficiency     69.250
  ! Inline function call at BuilderController.mnd:177:5          size   +54, benefit    13296.1, efficiency    246.224
  ! Inline function call at Actions.mnd:133:5                    size   +77, benefit     7479.1, efficiency     97.131
    Inline function call at BuilderController.mnd:71:17          size   +11, benefit      831.0, efficiency     75.546
    Inline function call at BuilderController.mnd:79:17          size   +11, benefit      831.0, efficiency     75.546
    Inline function call at BuilderController.mnd:87:17          size   +11, benefit      831.0, efficiency     75.546
    Inline function call at BuilderController.mnd:93:25          size   +11, benefit      103.9, efficiency      9.443
    Inline function call at BuilderController.mnd:98:21          size   +11, benefit      207.8, efficiency     18.886
    Inline function call at BuilderController.mnd:110:17         size    +7, benefit      727.1, efficiency    103.876
    Inline function call at BuilderController.mnd:119:25         size    +7, benefit      103.9, efficiency     14.839
    Inline function call at BuilderController.mnd:121:25         size    +7, benefit       90.9, efficiency     12.984
    Inline function call at BuilderController.mnd:128:21         size    +7, benefit      181.8, efficiency     25.969
    Inline function call at BuilderController.mnd:132:17         size    +7, benefit      181.8, efficiency     25.969
    Inline function call at BuilderController.mnd:135:17         size    +7, benefit       90.9, efficiency     12.984
    Inline function call at BuilderController.mnd:139:21         size    +7, benefit       26.0, efficiency      3.710
    Inline function call at BuilderController.mnd:141:21         size    +7, benefit       22.7, efficiency      3.246
    Inline function call at BuilderController.mnd:146:21         size    +7, benefit       22.7, efficiency      3.246
    Inline function call at BuilderController.mnd:148:21         size    +7, benefit       11.4, efficiency      1.623
    Inline function call at BuilderController.mnd:150:21         size    +7, benefit       13.0, efficiency      1.855
  ! Inline function call at BuilderController.mnd:156:9          size   +54, benefit     3324.0, efficiency     61.556
    Inline function call at BuilderController.mnd:242:12         size   +36, benefit      531.8, efficiency     14.773
    Inline function call at BuilderController.mnd:242:12         size   +36, benefit    13296.1, efficiency    369.336
    Inline function call at BuilderController.mnd:248:16         size   +36, benefit      265.9, efficiency      7.387
    Inline function call at BuilderController.mnd:248:16         size   +36, benefit     6648.0, efficiency    184.668
    Inline function call at BuilderController.mnd:256:5          size   +19, benefit     1318.4, efficiency     69.387
    Inline function call at BuilderController.mnd:273:9          size   +19, benefit        4.3, efficiency      0.224
    Inline function call at BuilderController.mnd:274:16         size   +24, benefit        4.8, efficiency      0.198
    Inline function call at BuilderController.mnd:282:5          size   +19, benefit        9.5, efficiency      0.500
    Inline function call at BuilderController.mnd:284:20         size   +24, benefit        9.5, efficiency      0.396
    Inline function call at Actions.mnd:39:5                     size    +6, benefit      802.3, efficiency    133.711
    Inline function call at Actions.mnd:39:5                     size    +6, benefit     1582.0, efficiency    263.672
    Inline function call at BuilderController.mnd:378:13         size    +9, benefit     2109.4, efficiency    234.375
    Inline function call at BuilderController.mnd:379:13         size    +9, benefit     2109.4, efficiency    234.375
    Inline function call at BuilderController.mnd:380:13         size    +9, benefit     2109.4, efficiency    234.375
    Inline function call at BuilderController.mnd:381:13         size    +9, benefit     2109.4, efficiency    234.375
  ! Inline function call at BuilderController.mnd:423:29         size   +79, benefit     1875.0, efficiency     23.734
  ! Inline function call at BuilderController.mnd:424:23         size   +79, benefit     1875.0, efficiency     23.734
  ! Inline function call at BuilderController.mnd:425:23         size   +79, benefit     1875.0, efficiency     23.734
  ! Inline function call at BuilderController.mnd:426:23         size   +79, benefit     1875.0, efficiency     23.734
  ! Inline function call at BuilderController.mnd:429:29         size   +79, benefit      937.5, efficiency     11.867

Pass 1: speed optimization selection (cost limit 47):
    Inline function 'moveTo' defined at Actions.mnd:30:1         size    +5, benefit     2384.3, efficiency    476.859
  * Inline function 'depositItems' defined at Actions.mnd:67:1   size   +23, benefit    12205.4, efficiency    530.670 (+14 instructions)
  ! Inline function 'mineOre' defined at Actions.mnd:92:1        size  +230, benefit    19340.4, efficiency     84.089
    Inline function 'mineOre' defined at Actions.mnd:126:1       size   +13, benefit      142.8, efficiency     10.987
  ! Inline function 'mineOre' defined at Actions.mnd:131:1       size   +48, benefit     1329.3, efficiency     27.693
  ! Inline function 'fetchBlock' defined at Actions.mnd:136:1    size   +53, benefit    16620.1, efficiency    313.587
  ! Inline function 'supplyBlock' defined at Actions.mnd:154:1   size   +54, benefit     4466.7, efficiency     82.716
    Inline function 'unpackCfg' defined at Common.mnd:9:1        size   +37, benefit     1332.1, efficiency     36.003
  ! Inline function 'targetMet' defined at BuilderController.mnd:197:1 size  +107, benefit    20741.9, efficiency    193.850
    Inline function 'buildBlock' defined at BuilderController.mnd:263:1 size   +23, benefit       14.3, efficiency      0.620
    Inline function 'titaniumDrillScore' defined at BuilderController.mnd:361:1 size   +26, benefit     8437.5, efficiency    324.519
  ! Inline function 'buildTitaniumDrill' defined at BuilderController.mnd:373:1 size  +315, benefit     8437.5, efficiency     26.786
    Inline function call at Actions.mnd:122:5                    size   +24, benefit    10543.4, efficiency    439.308
  ! Inline function call at Actions.mnd:128:5                    size   +77, benefit      160.7, efficiency      2.087
  ! Inline function call at Actions.mnd:133:5                    size   +77, benefit     9188.1, efficiency    119.326
  ! Inline function call at Actions.mnd:159:9                    size   +77, benefit     2512.5, efficiency     32.630
    Inline function call at BuilderController.mnd:171:17         size   +11, benefit     1662.0, efficiency    151.092
    Inline function call at Actions.mnd:178:5                    size   +24, benefit     1662.0, efficiency     69.250
  ! Inline function call at BuilderController.mnd:177:5          size   +54, benefit    13296.1, efficiency    246.224
  ! Inline function call at Actions.mnd:133:5                    size   +77, benefit     7479.1, efficiency     97.131
    Inline function call at BuilderController.mnd:71:17          size   +11, benefit      831.0, efficiency     75.546
    Inline function call at BuilderController.mnd:79:17          size   +11, benefit      831.0, efficiency     75.546
    Inline function call at BuilderController.mnd:87:17          size   +11, benefit      831.0, efficiency     75.546
    Inline function call at BuilderController.mnd:93:25          size   +11, benefit      103.9, efficiency      9.443
    Inline function call at BuilderController.mnd:98:21          size   +11, benefit      207.8, efficiency     18.886
    Inline function call at BuilderController.mnd:110:17         size    +7, benefit      727.1, efficiency    103.876
    Inline function call at BuilderController.mnd:119:25         size    +7, benefit      103.9, efficiency     14.839
    Inline function call at BuilderController.mnd:121:25         size    +7, benefit       90.9, efficiency     12.984
    Inline function call at BuilderController.mnd:128:21         size    +7, benefit      181.8, efficiency     25.969
    Inline function call at BuilderController.mnd:132:17         size    +7, benefit      181.8, efficiency     25.969
    Inline function call at BuilderController.mnd:135:17         size    +7, benefit       90.9, efficiency     12.984
    Inline function call at BuilderController.mnd:139:21         size    +7, benefit       26.0, efficiency      3.710
    Inline function call at BuilderController.mnd:141:21         size    +7, benefit       22.7, efficiency      3.246
    Inline function call at BuilderController.mnd:146:21         size    +7, benefit       22.7, efficiency      3.246
    Inline function call at BuilderController.mnd:148:21         size    +7, benefit       11.4, efficiency      1.623
    Inline function call at BuilderController.mnd:150:21         size    +7, benefit       13.0, efficiency      1.855
  ! Inline function call at BuilderController.mnd:156:9          size   +54, benefit     3324.0, efficiency     61.556
    Inline function call at BuilderController.mnd:242:12         size   +36, benefit      531.8, efficiency     14.773
    Inline function call at BuilderController.mnd:242:12         size   +36, benefit    13296.1, efficiency    369.336
    Inline function call at BuilderController.mnd:248:16         size   +36, benefit      265.9, efficiency      7.387
    Inline function call at BuilderController.mnd:248:16         size   +36, benefit     6648.0, efficiency    184.668
    Inline function call at BuilderController.mnd:256:5          size   +19, benefit     1318.4, efficiency     69.387
    Inline function call at BuilderController.mnd:273:9          size   +19, benefit        4.3, efficiency      0.224
    Inline function call at BuilderController.mnd:274:16         size   +24, benefit        4.8, efficiency      0.198
    Inline function call at BuilderController.mnd:282:5          size   +19, benefit        9.5, efficiency      0.500
    Inline function call at BuilderController.mnd:284:20         size   +24, benefit        9.5, efficiency      0.396
    Inline function call at Actions.mnd:39:5                     size    +6, benefit      802.3, efficiency    133.711
    Inline function call at Actions.mnd:39:5                     size    +6, benefit     1582.0, efficiency    263.672
    Inline function call at BuilderController.mnd:378:13         size    +9, benefit     2109.4, efficiency    234.375
    Inline function call at BuilderController.mnd:379:13         size    +9, benefit     2109.4, efficiency    234.375
    Inline function call at BuilderController.mnd:380:13         size    +9, benefit     2109.4, efficiency    234.375
    Inline function call at BuilderController.mnd:381:13         size    +9, benefit     2109.4, efficiency    234.375
  ! Inline function call at BuilderController.mnd:423:29         size   +79, benefit     1875.0, efficiency     23.734
  ! Inline function call at BuilderController.mnd:424:23         size   +79, benefit     1875.0, efficiency     23.734
  ! Inline function call at BuilderController.mnd:425:23         size   +79, benefit     1875.0, efficiency     23.734
  ! Inline function call at BuilderController.mnd:426:23         size   +79, benefit     1875.0, efficiency     23.734
  ! Inline function call at BuilderController.mnd:429:29         size   +79, benefit      937.5, efficiency     11.867

Pass 1: speed optimization selection (cost limit 33):
  * Inline function 'moveTo' defined at Actions.mnd:30:1         size    +5, benefit     2384.3, efficiency    476.859 (-7 instructions)
  ! Inline function 'mineOre' defined at Actions.mnd:92:1        size  +290, benefit    19340.4, efficiency     66.691
    Inline function 'mineOre' defined at Actions.mnd:126:1       size   +13, benefit      142.8, efficiency     10.987
  ! Inline function 'mineOre' defined at Actions.mnd:131:1       size   +48, benefit     1329.3, efficiency     27.693
  ! Inline function 'fetchBlock' defined at Actions.mnd:136:1    size   +53, benefit    16620.1, efficiency    313.587
  ! Inline function 'supplyBlock' defined at Actions.mnd:154:1   size   +54, benefit     4466.7, efficiency     82.716
  ! Inline function 'unpackCfg' defined at Common.mnd:9:1        size   +37, benefit     1332.1, efficiency     36.003
  ! Inline function 'targetMet' defined at BuilderController.mnd:197:1 size  +107, benefit    20741.9, efficiency    193.850
    Inline function 'buildBlock' defined at BuilderController.mnd:263:1 size   +23, benefit       14.3, efficiency      0.620
    Inline function 'titaniumDrillScore' defined at BuilderController.mnd:361:1 size   +26, benefit     8437.5, efficiency    324.519
  ! Inline function 'buildTitaniumDrill' defined at BuilderController.mnd:373:1 size  +315, benefit     8437.5, efficiency     26.786
  ! Inline function call at Actions.mnd:128:5                    size   +97, benefit      160.7, efficiency      1.657
  ! Inline function call at Actions.mnd:133:5                    size   +97, benefit     9188.1, efficiency     94.723
  ! Inline function call at Actions.mnd:159:9                    size   +97, benefit     2512.5, efficiency     25.902
    Inline function call at BuilderController.mnd:171:17         size   +11, benefit     1662.0, efficiency    151.092
  ! Inline function call at BuilderController.mnd:177:5          size   +54, benefit    13296.1, efficiency    246.224
  ! Inline function call at Actions.mnd:133:5                    size   +97, benefit     7479.1, efficiency     77.104
    Inline function call at BuilderController.mnd:71:17          size   +11, benefit      831.0, efficiency     75.546
    Inline function call at BuilderController.mnd:79:17          size   +11, benefit      831.0, efficiency     75.546
    Inline function call at BuilderController.mnd:87:17          size   +11, benefit      831.0, efficiency     75.546
    Inline function call at BuilderController.mnd:93:25          size   +11, benefit      103.9, efficiency      9.443
    Inline function call at BuilderController.mnd:98:21          size   +11, benefit      207.8, efficiency     18.886
    Inline function call at BuilderController.mnd:110:17         size    +7, benefit      727.1, efficiency    103.876
    Inline function call at BuilderController.mnd:119:25         size    +7, benefit      103.9, efficiency     14.839
    Inline function call at BuilderController.mnd:121:25         size    +7, benefit       90.9, efficiency     12.984
    Inline function call at BuilderController.mnd:128:21         size    +7, benefit      181.8, efficiency     25.969
    Inline function call at BuilderController.mnd:132:17         size    +7, benefit      181.8, efficiency     25.969
    Inline function call at BuilderController.mnd:135:17         size    +7, benefit       90.9, efficiency     12.984
    Inline function call at BuilderController.mnd:139:21         size    +7, benefit       26.0, efficiency      3.710
    Inline function call at BuilderController.mnd:141:21         size    +7, benefit       22.7, efficiency      3.246
    Inline function call at BuilderController.mnd:146:21         size    +7, benefit       22.7, efficiency      3.246
    Inline function call at BuilderController.mnd:148:21         size    +7, benefit       11.4, efficiency      1.623
    Inline function call at BuilderController.mnd:150:21         size    +7, benefit       13.0, efficiency      1.855
  ! Inline function call at BuilderController.mnd:156:9          size   +54, benefit     3324.0, efficiency     61.556
  ! Inline function call at BuilderController.mnd:242:12         size   +36, benefit      531.8, efficiency     14.773
  ! Inline function call at BuilderController.mnd:242:12         size   +36, benefit    13296.1, efficiency    369.336
  ! Inline function call at BuilderController.mnd:248:16         size   +36, benefit      265.9, efficiency      7.387
  ! Inline function call at BuilderController.mnd:248:16         size   +36, benefit     6648.0, efficiency    184.668
    Inline function call at BuilderController.mnd:256:5          size   +19, benefit     1318.4, efficiency     69.387
    Inline function call at BuilderController.mnd:273:9          size   +19, benefit        4.3, efficiency      0.224
    Inline function call at BuilderController.mnd:274:16         size   +24, benefit        4.8, efficiency      0.198
    Inline function call at BuilderController.mnd:282:5          size   +19, benefit        9.5, efficiency      0.500
    Inline function call at BuilderController.mnd:284:20         size   +24, benefit        9.5, efficiency      0.396
    Inline function call at Actions.mnd:39:5                     size    +6, benefit      802.3, efficiency    133.711
    Inline function call at Actions.mnd:39:5                     size    +6, benefit     1582.0, efficiency    263.672
    Inline function call at BuilderController.mnd:378:13         size    +9, benefit     2109.4, efficiency    234.375
    Inline function call at BuilderController.mnd:379:13         size    +9, benefit     2109.4, efficiency    234.375
    Inline function call at BuilderController.mnd:380:13         size    +9, benefit     2109.4, efficiency    234.375
    Inline function call at BuilderController.mnd:381:13         size    +9, benefit     2109.4, efficiency    234.375
  ! Inline function call at BuilderController.mnd:423:29         size   +79, benefit     1875.0, efficiency     23.734
  ! Inline function call at BuilderController.mnd:424:23         size   +79, benefit     1875.0, efficiency     23.734
  ! Inline function call at BuilderController.mnd:425:23         size   +79, benefit     1875.0, efficiency     23.734
  ! Inline function call at BuilderController.mnd:426:23         size   +79, benefit     1875.0, efficiency     23.734
  ! Inline function call at BuilderController.mnd:429:29         size   +79, benefit      937.5, efficiency     11.867

Pass 1: speed optimization selection (cost limit 40):
  ! Inline function 'mineOre' defined at Actions.mnd:92:1        size  +290, benefit    19340.4, efficiency     66.691
    Inline function 'mineOre' defined at Actions.mnd:126:1       size   +13, benefit      142.8, efficiency     10.987
  ! Inline function 'mineOre' defined at Actions.mnd:131:1       size   +48, benefit     1329.3, efficiency     27.693
  ! Inline function 'fetchBlock' defined at Actions.mnd:136:1    size   +53, benefit    16620.1, efficiency    313.587
  ! Inline function 'supplyBlock' defined at Actions.mnd:154:1   size   +54, benefit     4466.7, efficiency     82.716
    Inline function 'unpackCfg' defined at Common.mnd:9:1        size   +37, benefit     1332.1, efficiency     36.003
  ! Inline function 'targetMet' defined at BuilderController.mnd:197:1 size  +107, benefit    20741.9, efficiency    193.850
    Inline function 'buildBlock' defined at BuilderController.mnd:263:1 size   +23, benefit       14.3, efficiency      0.620
    Inline function 'titaniumDrillScore' defined at BuilderController.mnd:361:1 size   +26, benefit     8437.5, efficiency    324.519
  ! Inline function 'buildTitaniumDrill' defined at BuilderController.mnd:373:1 size  +319, benefit     8437.5, efficiency     26.450
  ! Inline function call at Actions.mnd:128:5                    size   +97, benefit      160.7, efficiency      1.657
  ! Inline function call at Actions.mnd:133:5                    size   +97, benefit     9188.1, efficiency     94.723
  ! Inline function call at Actions.mnd:159:9                    size   +97, benefit     2512.5, efficiency     25.902
    Inline function call at BuilderController.mnd:171:17         size   +11, benefit     1662.0, efficiency    151.092
  ! Inline function call at BuilderController.mnd:177:5          size   +54, benefit    13296.1, efficiency    246.224
  ! Inline function call at Actions.mnd:133:5                    size   +97, benefit     7479.1, efficiency     77.104
    Inline function call at BuilderController.mnd:71:17          size   +11, benefit      831.0, efficiency     75.546
    Inline function call at BuilderController.mnd:79:17          size   +11, benefit      831.0, efficiency     75.546
    Inline function call at BuilderController.mnd:87:17          size   +11, benefit      831.0, efficiency     75.546
    Inline function call at BuilderController.mnd:93:25          size   +11, benefit      103.9, efficiency      9.443
    Inline function call at BuilderController.mnd:98:21          size   +11, benefit      207.8, efficiency     18.886
    Inline function call at BuilderController.mnd:110:17         size    +7, benefit      727.1, efficiency    103.876
    Inline function call at BuilderController.mnd:119:25         size    +7, benefit      103.9, efficiency     14.839
    Inline function call at BuilderController.mnd:121:25         size    +7, benefit       90.9, efficiency     12.984
    Inline function call at BuilderController.mnd:128:21         size    +7, benefit      181.8, efficiency     25.969
    Inline function call at BuilderController.mnd:132:17         size    +7, benefit      181.8, efficiency     25.969
    Inline function call at BuilderController.mnd:135:17         size    +7, benefit       90.9, efficiency     12.984
    Inline function call at BuilderController.mnd:139:21         size    +7, benefit       26.0, efficiency      3.710
    Inline function call at BuilderController.mnd:141:21         size    +7, benefit       22.7, efficiency      3.246
    Inline function call at BuilderController.mnd:146:21         size    +7, benefit       22.7, efficiency      3.246
    Inline function call at BuilderController.mnd:148:21         size    +7, benefit       11.4, efficiency      1.623
    Inline function call at BuilderController.mnd:150:21         size    +7, benefit       13.0, efficiency      1.855
  ! Inline function call at BuilderController.mnd:156:9          size   +54, benefit     3324.0, efficiency     61.556
    Inline function call at BuilderController.mnd:242:12         size   +36, benefit      531.8, efficiency     14.773
  * Inline function call at BuilderController.mnd:242:12         size   +36, benefit    13296.1, efficiency    369.336 (+35 instructions)
    Inline function call at BuilderController.mnd:248:16         size   +36, benefit      265.9, efficiency      7.387
    Inline function call at BuilderController.mnd:248:16         size   +36, benefit     6648.0, efficiency    184.668
    Inline function call at BuilderController.mnd:256:5          size   +19, benefit     1318.4, efficiency     69.387
    Inline function call at BuilderController.mnd:273:9          size   +19, benefit        4.3, efficiency      0.224
    Inline function call at BuilderController.mnd:274:16         size   +24, benefit        4.8, efficiency      0.198
    Inline function call at BuilderController.mnd:282:5          size   +19, benefit        9.5, efficiency      0.500
    Inline function call at BuilderController.mnd:284:20         size   +24, benefit        9.5, efficiency      0.396
    Inline function call at BuilderController.mnd:378:13         size    +9, benefit     2109.4, efficiency    234.375
    Inline function call at BuilderController.mnd:379:13         size    +9, benefit     2109.4, efficiency    234.375
    Inline function call at BuilderController.mnd:380:13         size    +9, benefit     2109.4, efficiency    234.375
    Inline function call at BuilderController.mnd:381:13         size    +9, benefit     2109.4, efficiency    234.375
  ! Inline function call at BuilderController.mnd:423:29         size   +80, benefit     1875.0, efficiency     23.438
  ! Inline function call at BuilderController.mnd:424:23         size   +80, benefit     1875.0, efficiency     23.438
  ! Inline function call at BuilderController.mnd:425:23         size   +80, benefit     1875.0, efficiency     23.438
  ! Inline function call at BuilderController.mnd:426:23         size   +80, benefit     1875.0, efficiency     23.438
  ! Inline function call at BuilderController.mnd:429:29         size   +80, benefit      937.5, efficiency     11.719

Pass 1: speed optimization selection (cost limit 5):
  ! Inline function 'mineOre' defined at Actions.mnd:92:1        size  +290, benefit    19340.4, efficiency     66.691
  ! Inline function 'mineOre' defined at Actions.mnd:126:1       size   +13, benefit      142.8, efficiency     10.987
  ! Inline function 'mineOre' defined at Actions.mnd:131:1       size   +48, benefit     1329.3, efficiency     27.693
  ! Inline function 'fetchBlock' defined at Actions.mnd:136:1    size   +53, benefit    16620.1, efficiency    313.587
  ! Inline function 'supplyBlock' defined at Actions.mnd:154:1   size   +54, benefit     4466.7, efficiency     82.716
  ! Inline function 'unpackCfg' defined at Common.mnd:9:1        size   +37, benefit     1332.1, efficiency     36.003
  ! Inline function 'targetMet' defined at BuilderController.mnd:197:1 size   +71, benefit     7445.8, efficiency    104.871
  ! Inline function 'buildBlock' defined at BuilderController.mnd:263:1 size   +23, benefit       14.3, efficiency      0.620
  ! Inline function 'titaniumDrillScore' defined at BuilderController.mnd:361:1 size   +26, benefit     8437.5, efficiency    324.519
  ! Inline function 'buildTitaniumDrill' defined at BuilderController.mnd:373:1 size  +319, benefit     8437.5, efficiency     26.450
  ! Inline function call at Actions.mnd:128:5                    size   +97, benefit      160.7, efficiency      1.657
  ! Inline function call at Actions.mnd:133:5                    size   +97, benefit     9188.1, efficiency     94.723
  ! Inline function call at Actions.mnd:159:9                    size   +97, benefit     2512.5, efficiency     25.902
  ! Inline function call at BuilderController.mnd:171:17         size   +11, benefit     1662.0, efficiency    151.092
  ! Inline function call at BuilderController.mnd:177:5          size   +54, benefit    13296.1, efficiency    246.224
  ! Inline function call at Actions.mnd:133:5                    size   +97, benefit     7479.1, efficiency     77.104
  ! Inline function call at BuilderController.mnd:71:17          size   +11, benefit      831.0, efficiency     75.546
  ! Inline function call at BuilderController.mnd:79:17          size   +11, benefit      831.0, efficiency     75.546
  ! Inline function call at BuilderController.mnd:87:17          size   +11, benefit      831.0, efficiency     75.546
  ! Inline function call at BuilderController.mnd:93:25          size   +11, benefit      103.9, efficiency      9.443
  ! Inline function call at BuilderController.mnd:98:21          size   +11, benefit      207.8, efficiency     18.886
  ! Inline function call at BuilderController.mnd:110:17         size    +7, benefit      727.1, efficiency    103.876
  ! Inline function call at BuilderController.mnd:119:25         size    +7, benefit      103.9, efficiency     14.839
  ! Inline function call at BuilderController.mnd:121:25         size    +7, benefit       90.9, efficiency     12.984
  ! Inline function call at BuilderController.mnd:128:21         size    +7, benefit      181.8, efficiency     25.969
  ! Inline function call at BuilderController.mnd:132:17         size    +7, benefit      181.8, efficiency     25.969
  ! Inline function call at BuilderController.mnd:135:17         size    +7, benefit       90.9, efficiency     12.984
  ! Inline function call at BuilderController.mnd:139:21         size    +7, benefit       26.0, efficiency      3.710
  ! Inline function call at BuilderController.mnd:141:21         size    +7, benefit       22.7, efficiency      3.246
  ! Inline function call at BuilderController.mnd:146:21         size    +7, benefit       22.7, efficiency      3.246
  ! Inline function call at BuilderController.mnd:148:21         size    +7, benefit       11.4, efficiency      1.623
  ! Inline function call at BuilderController.mnd:150:21         size    +7, benefit       13.0, efficiency      1.855
  ! Inline function call at BuilderController.mnd:156:9          size   +54, benefit     3324.0, efficiency     61.556
  ! Inline function call at BuilderController.mnd:242:12         size   +36, benefit      531.8, efficiency     14.773
  ! Inline function call at BuilderController.mnd:248:16         size   +36, benefit      265.9, efficiency      7.387
  ! Inline function call at BuilderController.mnd:248:16         size   +36, benefit     6648.0, efficiency    184.668
  ! Inline function call at BuilderController.mnd:256:5          size   +19, benefit     1318.4, efficiency     69.387
  ! Inline function call at BuilderController.mnd:273:9          size   +19, benefit        4.3, efficiency      0.224
  ! Inline function call at BuilderController.mnd:274:16         size   +24, benefit        4.8, efficiency      0.198
  ! Inline function call at BuilderController.mnd:282:5          size   +19, benefit        9.5, efficiency      0.500
  ! Inline function call at BuilderController.mnd:284:20         size   +24, benefit        9.5, efficiency      0.396
  ! Inline function call at BuilderController.mnd:378:13         size    +9, benefit     2109.4, efficiency    234.375
  ! Inline function call at BuilderController.mnd:379:13         size    +9, benefit     2109.4, efficiency    234.375
  ! Inline function call at BuilderController.mnd:380:13         size    +9, benefit     2109.4, efficiency    234.375
  ! Inline function call at BuilderController.mnd:381:13         size    +9, benefit     2109.4, efficiency    234.375
  ! Inline function call at BuilderController.mnd:423:29         size   +80, benefit     1875.0, efficiency     23.438
  ! Inline function call at BuilderController.mnd:424:23         size   +80, benefit     1875.0, efficiency     23.438
  ! Inline function call at BuilderController.mnd:425:23         size   +80, benefit     1875.0, efficiency     23.438
  ! Inline function call at BuilderController.mnd:426:23         size   +80, benefit     1875.0, efficiency     23.438
  ! Inline function call at BuilderController.mnd:429:29         size   +80, benefit      937.5, efficiency     11.719

Pass 2: speed optimization selection (cost limit 17):
  ! Inline function 'mineOre' defined at Actions.mnd:92:1        size  +287, benefit    19340.4, efficiency     67.388
    Inline function 'mineOre' defined at Actions.mnd:126:1       size   +13, benefit      142.8, efficiency     10.987
  ! Inline function 'mineOre' defined at Actions.mnd:131:1       size   +48, benefit     1329.3, efficiency     27.693
  ! Inline function 'fetchBlock' defined at Actions.mnd:136:1    size   +53, benefit    16620.1, efficiency    313.587
  ! Inline function 'supplyBlock' defined at Actions.mnd:154:1   size   +54, benefit     4466.7, efficiency     82.716
  ! Inline function 'unpackCfg' defined at Common.mnd:9:1        size   +37, benefit     1332.1, efficiency     36.003
  ! Inline function 'targetMet' defined at BuilderController.mnd:197:1 size   +69, benefit     7445.8, efficiency    107.910
  ! Inline function 'buildBlock' defined at BuilderController.mnd:263:1 size   +22, benefit       14.3, efficiency      0.648
  ! Inline function 'titaniumDrillScore' defined at BuilderController.mnd:361:1 size   +23, benefit     8437.5, efficiency    366.848
  ! Inline function 'buildTitaniumDrill' defined at BuilderController.mnd:373:1 size  +315, benefit     8437.5, efficiency     26.786
  ! Inline function call at Actions.mnd:128:5                    size   +96, benefit      160.7, efficiency      1.674
  ! Inline function call at Actions.mnd:133:5                    size   +96, benefit     9188.1, efficiency     95.710
  ! Inline function call at Actions.mnd:159:9                    size   +96, benefit     2512.5, efficiency     26.172
    Inline function call at BuilderController.mnd:171:17         size   +11, benefit     1662.0, efficiency    151.092
  ! Inline function call at BuilderController.mnd:177:5          size   +54, benefit    13296.1, efficiency    246.224
  ! Inline function call at Actions.mnd:133:5                    size   +96, benefit     7479.1, efficiency     77.907
    Inline function call at BuilderController.mnd:71:17          size   +11, benefit      831.0, efficiency     75.546
    Inline function call at BuilderController.mnd:79:17          size   +11, benefit      831.0, efficiency     75.546
    Inline function call at BuilderController.mnd:87:17          size   +11, benefit      831.0, efficiency     75.546
    Inline function call at BuilderController.mnd:93:25          size   +11, benefit      103.9, efficiency      9.443
    Inline function call at BuilderController.mnd:98:21          size   +11, benefit      207.8, efficiency     18.886
    Inline function call at BuilderController.mnd:110:17         size    +7, benefit      727.1, efficiency    103.876
    Inline function call at BuilderController.mnd:119:25         size    +7, benefit      103.9, efficiency     14.839
    Inline function call at BuilderController.mnd:121:25         size    +7, benefit       90.9, efficiency     12.984
    Inline function call at BuilderController.mnd:128:21         size    +7, benefit      181.8, efficiency     25.969
    Inline function call at BuilderController.mnd:132:17         size    +7, benefit      181.8, efficiency     25.969
    Inline function call at BuilderController.mnd:135:17         size    +7, benefit       90.9, efficiency     12.984
    Inline function call at BuilderController.mnd:139:21         size    +7, benefit       26.0, efficiency      3.710
    Inline function call at BuilderController.mnd:141:21         size    +7, benefit       22.7, efficiency      3.246
    Inline function call at BuilderController.mnd:146:21         size    +7, benefit       22.7, efficiency      3.246
    Inline function call at BuilderController.mnd:148:21         size    +7, benefit       11.4, efficiency      1.623
    Inline function call at BuilderController.mnd:150:21         size    +7, benefit       13.0, efficiency      1.855
  ! Inline function call at BuilderController.mnd:156:9          size   +54, benefit     3324.0, efficiency     61.556
  ! Inline function call at BuilderController.mnd:242:12         size   +35, benefit      531.8, efficiency     15.196
  ! Inline function call at BuilderController.mnd:248:16         size   +35, benefit      265.9, efficiency      7.598
  ! Inline function call at BuilderController.mnd:248:16         size   +35, benefit     6648.0, efficiency    189.944
  ! Inline function call at BuilderController.mnd:256:5          size   +19, benefit     1318.4, efficiency     69.387
  ! Inline function call at BuilderController.mnd:273:9          size   +19, benefit        4.3, efficiency      0.224
  ! Inline function call at BuilderController.mnd:274:16         size   +23, benefit        4.8, efficiency      0.207
  ! Inline function call at BuilderController.mnd:282:5          size   +19, benefit        9.5, efficiency      0.500
  ! Inline function call at BuilderController.mnd:284:20         size   +23, benefit        9.5, efficiency      0.413
  * Inline function call at BuilderController.mnd:378:13         size    +8, benefit     2109.4, efficiency    263.672 (+3 instructions)
    Inline function call at BuilderController.mnd:379:13         size    +8, benefit     2109.4, efficiency    263.672
    Inline function call at BuilderController.mnd:380:13         size    +8, benefit     2109.4, efficiency    263.672
    Inline function call at BuilderController.mnd:381:13         size    +8, benefit     2109.4, efficiency    263.672
  ! Inline function call at BuilderController.mnd:423:29         size   +79, benefit     1875.0, efficiency     23.734
  ! Inline function call at BuilderController.mnd:424:23         size   +79, benefit     1875.0, efficiency     23.734
  ! Inline function call at BuilderController.mnd:425:23         size   +79, benefit     1875.0, efficiency     23.734
  ! Inline function call at BuilderController.mnd:426:23         size   +79, benefit     1875.0, efficiency     23.734
  ! Inline function call at BuilderController.mnd:429:29         size   +79, benefit      937.5, efficiency     11.867

Pass 2: speed optimization selection (cost limit 14):
  ! Inline function 'mineOre' defined at Actions.mnd:92:1        size  +287, benefit    19340.4, efficiency     67.388
    Inline function 'mineOre' defined at Actions.mnd:126:1       size   +13, benefit      142.8, efficiency     10.987
  ! Inline function 'mineOre' defined at Actions.mnd:131:1       size   +48, benefit     1329.3, efficiency     27.693
  ! Inline function 'fetchBlock' defined at Actions.mnd:136:1    size   +53, benefit    16620.1, efficiency    313.587
  ! Inline function 'supplyBlock' defined at Actions.mnd:154:1   size   +54, benefit     4466.7, efficiency     82.716
  ! Inline function 'unpackCfg' defined at Common.mnd:9:1        size   +37, benefit     1332.1, efficiency     36.003
  ! Inline function 'targetMet' defined at BuilderController.mnd:197:1 size   +69, benefit     7445.8, efficiency    107.910
  ! Inline function 'buildBlock' defined at BuilderController.mnd:263:1 size   +22, benefit       14.3, efficiency      0.648
  ! Inline function 'titaniumDrillScore' defined at BuilderController.mnd:361:1 size   +15, benefit     6328.1, efficiency    421.875
  ! Inline function 'buildTitaniumDrill' defined at BuilderController.mnd:373:1 size  +331, benefit     8437.5, efficiency     25.491
  ! Inline function call at Actions.mnd:128:5                    size   +96, benefit      160.7, efficiency      1.674
  ! Inline function call at Actions.mnd:133:5                    size   +96, benefit     9188.1, efficiency     95.710
  ! Inline function call at Actions.mnd:159:9                    size   +96, benefit     2512.5, efficiency     26.172
    Inline function call at BuilderController.mnd:171:17         size   +11, benefit     1662.0, efficiency    151.092
  ! Inline function call at BuilderController.mnd:177:5          size   +54, benefit    13296.1, efficiency    246.224
  ! Inline function call at Actions.mnd:133:5                    size   +96, benefit     7479.1, efficiency     77.907
    Inline function call at BuilderController.mnd:71:17          size   +11, benefit      831.0, efficiency     75.546
    Inline function call at BuilderController.mnd:79:17          size   +11, benefit      831.0, efficiency     75.546
    Inline function call at BuilderController.mnd:87:17          size   +11, benefit      831.0, efficiency     75.546
    Inline function call at BuilderController.mnd:93:25          size   +11, benefit      103.9, efficiency      9.443
    Inline function call at BuilderController.mnd:98:21          size   +11, benefit      207.8, efficiency     18.886
    Inline function call at BuilderController.mnd:110:17         size    +7, benefit      727.1, efficiency    103.876
    Inline function call at BuilderController.mnd:119:25         size    +7, benefit      103.9, efficiency     14.839
    Inline function call at BuilderController.mnd:121:25         size    +7, benefit       90.9, efficiency     12.984
    Inline function call at BuilderController.mnd:128:21         size    +7, benefit      181.8, efficiency     25.969
    Inline function call at BuilderController.mnd:132:17         size    +7, benefit      181.8, efficiency     25.969
    Inline function call at BuilderController.mnd:135:17         size    +7, benefit       90.9, efficiency     12.984
    Inline function call at BuilderController.mnd:139:21         size    +7, benefit       26.0, efficiency      3.710
    Inline function call at BuilderController.mnd:141:21         size    +7, benefit       22.7, efficiency      3.246
    Inline function call at BuilderController.mnd:146:21         size    +7, benefit       22.7, efficiency      3.246
    Inline function call at BuilderController.mnd:148:21         size    +7, benefit       11.4, efficiency      1.623
    Inline function call at BuilderController.mnd:150:21         size    +7, benefit       13.0, efficiency      1.855
  ! Inline function call at BuilderController.mnd:156:9          size   +54, benefit     3324.0, efficiency     61.556
  ! Inline function call at BuilderController.mnd:242:12         size   +35, benefit      531.8, efficiency     15.196
  ! Inline function call at BuilderController.mnd:248:16         size   +35, benefit      265.9, efficiency      7.598
  ! Inline function call at BuilderController.mnd:248:16         size   +35, benefit     6648.0, efficiency    189.944
  ! Inline function call at BuilderController.mnd:256:5          size   +19, benefit     1318.4, efficiency     69.387
  ! Inline function call at BuilderController.mnd:273:9          size   +19, benefit        4.3, efficiency      0.224
  ! Inline function call at BuilderController.mnd:274:16         size   +23, benefit        4.8, efficiency      0.207
  ! Inline function call at BuilderController.mnd:282:5          size   +19, benefit        9.5, efficiency      0.500
  ! Inline function call at BuilderController.mnd:284:20         size   +23, benefit        9.5, efficiency      0.413
  * Inline function call at BuilderController.mnd:379:13         size    +8, benefit     2109.4, efficiency    263.672 (+4 instructions)
    Inline function call at BuilderController.mnd:380:13         size    +8, benefit     2109.4, efficiency    263.672
    Inline function call at BuilderController.mnd:381:13         size    +8, benefit     2109.4, efficiency    263.672
  ! Inline function call at BuilderController.mnd:423:29         size   +83, benefit     1875.0, efficiency     22.590
  ! Inline function call at BuilderController.mnd:424:23         size   +83, benefit     1875.0, efficiency     22.590
  ! Inline function call at BuilderController.mnd:425:23         size   +83, benefit     1875.0, efficiency     22.590
  ! Inline function call at BuilderController.mnd:426:23         size   +83, benefit     1875.0, efficiency     22.590
  ! Inline function call at BuilderController.mnd:429:29         size   +83, benefit      937.5, efficiency     11.295

Pass 2: speed optimization selection (cost limit 10):
  ! Inline function 'mineOre' defined at Actions.mnd:92:1        size  +287, benefit    19340.4, efficiency     67.388
  ! Inline function 'mineOre' defined at Actions.mnd:126:1       size   +13, benefit      142.8, efficiency     10.987
  ! Inline function 'mineOre' defined at Actions.mnd:131:1       size   +48, benefit     1329.3, efficiency     27.693
  ! Inline function 'fetchBlock' defined at Actions.mnd:136:1    size   +53, benefit    16620.1, efficiency    313.587
  ! Inline function 'supplyBlock' defined at Actions.mnd:154:1   size   +54, benefit     4466.7, efficiency     82.716
  ! Inline function 'unpackCfg' defined at Common.mnd:9:1        size   +37, benefit     1332.1, efficiency     36.003
  ! Inline function 'targetMet' defined at BuilderController.mnd:197:1 size   +69, benefit     7445.8, efficiency    107.910
  ! Inline function 'buildBlock' defined at BuilderController.mnd:263:1 size   +22, benefit       14.3, efficiency      0.648
  * Inline function 'titaniumDrillScore' defined at BuilderController.mnd:361:1 size    +7, benefit     4218.8, efficiency    602.679 (-3 instructions)
  ! Inline function 'buildTitaniumDrill' defined at BuilderController.mnd:373:1 size  +347, benefit     8437.5, efficiency     24.316
  ! Inline function call at Actions.mnd:128:5                    size   +96, benefit      160.7, efficiency      1.674
  ! Inline function call at Actions.mnd:133:5                    size   +96, benefit     9188.1, efficiency     95.710
  ! Inline function call at Actions.mnd:159:9                    size   +96, benefit     2512.5, efficiency     26.172
  ! Inline function call at BuilderController.mnd:171:17         size   +11, benefit     1662.0, efficiency    151.092
  ! Inline function call at BuilderController.mnd:177:5          size   +54, benefit    13296.1, efficiency    246.224
  ! Inline function call at Actions.mnd:133:5                    size   +96, benefit     7479.1, efficiency     77.907
  ! Inline function call at BuilderController.mnd:71:17          size   +11, benefit      831.0, efficiency     75.546
  ! Inline function call at BuilderController.mnd:79:17          size   +11, benefit      831.0, efficiency     75.546
  ! Inline function call at BuilderController.mnd:87:17          size   +11, benefit      831.0, efficiency     75.546
  ! Inline function call at BuilderController.mnd:93:25          size   +11, benefit      103.9, efficiency      9.443
  ! Inline function call at BuilderController.mnd:98:21          size   +11, benefit      207.8, efficiency     18.886
    Inline function call at BuilderController.mnd:110:17         size    +7, benefit      727.1, efficiency    103.876
    Inline function call at BuilderController.mnd:119:25         size    +7, benefit      103.9, efficiency     14.839
    Inline function call at BuilderController.mnd:121:25         size    +7, benefit       90.9, efficiency     12.984
    Inline function call at BuilderController.mnd:128:21         size    +7, benefit      181.8, efficiency     25.969
    Inline function call at BuilderController.mnd:132:17         size    +7, benefit      181.8, efficiency     25.969
    Inline function call at BuilderController.mnd:135:17         size    +7, benefit       90.9, efficiency     12.984
    Inline function call at BuilderController.mnd:139:21         size    +7, benefit       26.0, efficiency      3.710
    Inline function call at BuilderController.mnd:141:21         size    +7, benefit       22.7, efficiency      3.246
    Inline function call at BuilderController.mnd:146:21         size    +7, benefit       22.7, efficiency      3.246
    Inline function call at BuilderController.mnd:148:21         size    +7, benefit       11.4, efficiency      1.623
    Inline function call at BuilderController.mnd:150:21         size    +7, benefit       13.0, efficiency      1.855
  ! Inline function call at BuilderController.mnd:156:9          size   +54, benefit     3324.0, efficiency     61.556
  ! Inline function call at BuilderController.mnd:242:12         size   +35, benefit      531.8, efficiency     15.196
  ! Inline function call at BuilderController.mnd:248:16         size   +35, benefit      265.9, efficiency      7.598
  ! Inline function call at BuilderController.mnd:248:16         size   +35, benefit     6648.0, efficiency    189.944
  ! Inline function call at BuilderController.mnd:256:5          size   +19, benefit     1318.4, efficiency     69.387
  ! Inline function call at BuilderController.mnd:273:9          size   +19, benefit        4.3, efficiency      0.224
  ! Inline function call at BuilderController.mnd:274:16         size   +23, benefit        4.8, efficiency      0.207
  ! Inline function call at BuilderController.mnd:282:5          size   +19, benefit        9.5, efficiency      0.500
  ! Inline function call at BuilderController.mnd:284:20         size   +23, benefit        9.5, efficiency      0.413
    Inline function call at BuilderController.mnd:380:13         size    +8, benefit     2109.4, efficiency    263.672
    Inline function call at BuilderController.mnd:381:13         size    +8, benefit     2109.4, efficiency    263.672
  ! Inline function call at BuilderController.mnd:423:29         size   +87, benefit     1875.0, efficiency     21.552
  ! Inline function call at BuilderController.mnd:424:23         size   +87, benefit     1875.0, efficiency     21.552
  ! Inline function call at BuilderController.mnd:425:23         size   +87, benefit     1875.0, efficiency     21.552
  ! Inline function call at BuilderController.mnd:426:23         size   +87, benefit     1875.0, efficiency     21.552
  ! Inline function call at BuilderController.mnd:429:29         size   +87, benefit      937.5, efficiency     10.776

Pass 2: speed optimization selection (cost limit 13):
  ! Inline function 'mineOre' defined at Actions.mnd:92:1        size  +287, benefit    19340.4, efficiency     67.388
    Inline function 'mineOre' defined at Actions.mnd:126:1       size   +13, benefit      142.8, efficiency     10.987
  ! Inline function 'mineOre' defined at Actions.mnd:131:1       size   +48, benefit     1329.3, efficiency     27.693
  ! Inline function 'fetchBlock' defined at Actions.mnd:136:1    size   +53, benefit    16620.1, efficiency    313.587
  ! Inline function 'supplyBlock' defined at Actions.mnd:154:1   size   +54, benefit     4466.7, efficiency     82.716
  ! Inline function 'unpackCfg' defined at Common.mnd:9:1        size   +37, benefit     1332.1, efficiency     36.003
  ! Inline function 'targetMet' defined at BuilderController.mnd:197:1 size   +69, benefit     7445.8, efficiency    107.910
  ! Inline function 'buildBlock' defined at BuilderController.mnd:263:1 size   +22, benefit       14.3, efficiency      0.648
  ! Inline function 'buildTitaniumDrill' defined at BuilderController.mnd:373:1 size  +379, benefit     8437.5, efficiency     22.263
  ! Inline function call at Actions.mnd:128:5                    size   +96, benefit      160.7, efficiency      1.674
  ! Inline function call at Actions.mnd:133:5                    size   +96, benefit     9188.1, efficiency     95.710
  ! Inline function call at Actions.mnd:159:9                    size   +96, benefit     2512.5, efficiency     26.172
  * Inline function call at BuilderController.mnd:171:17         size   +11, benefit     1662.0, efficiency    151.092 (+10 instructions)
  ! Inline function call at BuilderController.mnd:177:5          size   +54, benefit    13296.1, efficiency    246.224
  ! Inline function call at Actions.mnd:133:5                    size   +96, benefit     7479.1, efficiency     77.907
    Inline function call at BuilderController.mnd:71:17          size   +11, benefit      831.0, efficiency     75.546
    Inline function call at BuilderController.mnd:79:17          size   +11, benefit      831.0, efficiency     75.546
    Inline function call at BuilderController.mnd:87:17          size   +11, benefit      831.0, efficiency     75.546
    Inline function call at BuilderController.mnd:93:25          size   +11, benefit      103.9, efficiency      9.443
    Inline function call at BuilderController.mnd:98:21          size   +11, benefit      207.8, efficiency     18.886
    Inline function call at BuilderController.mnd:110:17         size    +7, benefit      727.1, efficiency    103.876
    Inline function call at BuilderController.mnd:119:25         size    +7, benefit      103.9, efficiency     14.839
    Inline function call at BuilderController.mnd:121:25         size    +7, benefit       90.9, efficiency     12.984
    Inline function call at BuilderController.mnd:128:21         size    +7, benefit      181.8, efficiency     25.969
    Inline function call at BuilderController.mnd:132:17         size    +7, benefit      181.8, efficiency     25.969
    Inline function call at BuilderController.mnd:135:17         size    +7, benefit       90.9, efficiency     12.984
    Inline function call at BuilderController.mnd:139:21         size    +7, benefit       26.0, efficiency      3.710
    Inline function call at BuilderController.mnd:141:21         size    +7, benefit       22.7, efficiency      3.246
    Inline function call at BuilderController.mnd:146:21         size    +7, benefit       22.7, efficiency      3.246
    Inline function call at BuilderController.mnd:148:21         size    +7, benefit       11.4, efficiency      1.623
    Inline function call at BuilderController.mnd:150:21         size    +7, benefit       13.0, efficiency      1.855
  ! Inline function call at BuilderController.mnd:156:9          size   +54, benefit     3324.0, efficiency     61.556
  ! Inline function call at BuilderController.mnd:242:12         size   +35, benefit      531.8, efficiency     15.196
  ! Inline function call at BuilderController.mnd:248:16         size   +35, benefit      265.9, efficiency      7.598
  ! Inline function call at BuilderController.mnd:248:16         size   +35, benefit     6648.0, efficiency    189.944
  ! Inline function call at BuilderController.mnd:256:5          size   +19, benefit     1318.4, efficiency     69.387
  ! Inline function call at BuilderController.mnd:273:9          size   +19, benefit        4.3, efficiency      0.224
  ! Inline function call at BuilderController.mnd:274:16         size   +23, benefit        4.8, efficiency      0.207
  ! Inline function call at BuilderController.mnd:282:5          size   +19, benefit        9.5, efficiency      0.500
  ! Inline function call at BuilderController.mnd:284:20         size   +23, benefit        9.5, efficiency      0.413
  ! Inline function call at BuilderController.mnd:423:29         size   +95, benefit     1875.0, efficiency     19.737
  ! Inline function call at BuilderController.mnd:424:23         size   +95, benefit     1875.0, efficiency     19.737
  ! Inline function call at BuilderController.mnd:425:23         size   +95, benefit     1875.0, efficiency     19.737
  ! Inline function call at BuilderController.mnd:426:23         size   +95, benefit     1875.0, efficiency     19.737
  ! Inline function call at BuilderController.mnd:429:29         size   +95, benefit      937.5, efficiency      9.868

Pass 2: speed optimization selection (cost limit 3):
  ! Inline function 'mineOre' defined at Actions.mnd:92:1        size  +383, benefit    20275.2, efficiency     52.938
  ! Inline function 'mineOre' defined at Actions.mnd:126:1       size   +13, benefit      142.8, efficiency     10.987
  ! Inline function 'mineOre' defined at Actions.mnd:131:1       size   +48, benefit     1329.3, efficiency     27.693
  ! Inline function 'fetchBlock' defined at Actions.mnd:136:1    size   +53, benefit    16620.1, efficiency    313.587
  ! Inline function 'supplyBlock' defined at Actions.mnd:154:1   size   +43, benefit     2804.6, efficiency     65.224
  ! Inline function 'unpackCfg' defined at Common.mnd:9:1        size   +37, benefit     1332.1, efficiency     36.003
  ! Inline function 'targetMet' defined at BuilderController.mnd:197:1 size   +69, benefit     7445.8, efficiency    107.910
  ! Inline function 'buildBlock' defined at BuilderController.mnd:263:1 size   +22, benefit       14.3, efficiency      0.648
  ! Inline function 'buildTitaniumDrill' defined at BuilderController.mnd:373:1 size  +379, benefit     8437.5, efficiency     22.263
  ! Inline function call at Actions.mnd:128:5                    size   +96, benefit      160.7, efficiency      1.674
  ! Inline function call at Actions.mnd:133:5                    size   +96, benefit     9188.1, efficiency     95.710
  ! Inline function call at Actions.mnd:159:9                    size   +96, benefit     2512.5, efficiency     26.172
  ! Inline function call at Actions.mnd:159:9                    size   +96, benefit      934.9, efficiency      9.738
  ! Inline function call at BuilderController.mnd:177:5          size   +54, benefit    13296.1, efficiency    246.224
  ! Inline function call at Actions.mnd:133:5                    size   +96, benefit     7479.1, efficiency     77.907
  ! Inline function call at BuilderController.mnd:71:17          size   +11, benefit      831.0, efficiency     75.546
  ! Inline function call at BuilderController.mnd:79:17          size   +11, benefit      831.0, efficiency     75.546
  ! Inline function call at BuilderController.mnd:87:17          size   +11, benefit      831.0, efficiency     75.546
  ! Inline function call at BuilderController.mnd:93:25          size   +11, benefit      103.9, efficiency      9.443
  ! Inline function call at BuilderController.mnd:98:21          size   +11, benefit      207.8, efficiency     18.886
  ! Inline function call at BuilderController.mnd:110:17         size    +7, benefit      727.1, efficiency    103.876
  ! Inline function call at BuilderController.mnd:119:25         size    +7, benefit      103.9, efficiency     14.839
  ! Inline function call at BuilderController.mnd:121:25         size    +7, benefit       90.9, efficiency     12.984
  ! Inline function call at BuilderController.mnd:128:21         size    +7, benefit      181.8, efficiency     25.969
  ! Inline function call at BuilderController.mnd:132:17         size    +7, benefit      181.8, efficiency     25.969
  ! Inline function call at BuilderController.mnd:135:17         size    +7, benefit       90.9, efficiency     12.984
  ! Inline function call at BuilderController.mnd:139:21         size    +7, benefit       26.0, efficiency      3.710
  ! Inline function call at BuilderController.mnd:141:21         size    +7, benefit       22.7, efficiency      3.246
  ! Inline function call at BuilderController.mnd:146:21         size    +7, benefit       22.7, efficiency      3.246
  ! Inline function call at BuilderController.mnd:148:21         size    +7, benefit       11.4, efficiency      1.623
  ! Inline function call at BuilderController.mnd:150:21         size    +7, benefit       13.0, efficiency      1.855
  ! Inline function call at BuilderController.mnd:156:9          size   +54, benefit     3324.0, efficiency     61.556
  ! Inline function call at BuilderController.mnd:242:12         size   +35, benefit      531.8, efficiency     15.196
  ! Inline function call at BuilderController.mnd:248:16         size   +35, benefit      265.9, efficiency      7.598
  ! Inline function call at BuilderController.mnd:248:16         size   +35, benefit     6648.0, efficiency    189.944
  ! Inline function call at BuilderController.mnd:256:5          size   +19, benefit     1318.4, efficiency     69.387
  ! Inline function call at BuilderController.mnd:273:9          size   +19, benefit        4.3, efficiency      0.224
  ! Inline function call at BuilderController.mnd:274:16         size   +23, benefit        4.8, efficiency      0.207
  ! Inline function call at BuilderController.mnd:282:5          size   +19, benefit        9.5, efficiency      0.500
  ! Inline function call at BuilderController.mnd:284:20         size   +23, benefit        9.5, efficiency      0.413
  ! Inline function call at BuilderController.mnd:423:29         size   +95, benefit     1875.0, efficiency     19.737
  ! Inline function call at BuilderController.mnd:424:23         size   +95, benefit     1875.0, efficiency     19.737
  ! Inline function call at BuilderController.mnd:425:23         size   +95, benefit     1875.0, efficiency     19.737
  ! Inline function call at BuilderController.mnd:426:23         size   +95, benefit     1875.0, efficiency     19.737
  ! Inline function call at BuilderController.mnd:429:29         size   +95, benefit      937.5, efficiency      9.868

Pass 3: speed optimization selection (cost limit 3):
  ! Inline function 'mineOre' defined at Actions.mnd:92:1        size  +383, benefit    20275.2, efficiency     52.938
  ! Inline function 'mineOre' defined at Actions.mnd:126:1       size   +13, benefit      142.8, efficiency     10.987
  ! Inline function 'mineOre' defined at Actions.mnd:131:1       size   +48, benefit     1329.3, efficiency     27.693
  ! Inline function 'fetchBlock' defined at Actions.mnd:136:1    size   +53, benefit    16620.1, efficiency    313.587
  ! Inline function 'supplyBlock' defined at Actions.mnd:154:1   size   +43, benefit     2804.6, efficiency     65.224
  ! Inline function 'unpackCfg' defined at Common.mnd:9:1        size   +37, benefit     1332.1, efficiency     36.003
  ! Inline function 'targetMet' defined at BuilderController.mnd:197:1 size   +69, benefit     7445.8, efficiency    107.910
  ! Inline function 'buildBlock' defined at BuilderController.mnd:263:1 size   +22, benefit       14.3, efficiency      0.648
  ! Inline function 'buildTitaniumDrill' defined at BuilderController.mnd:373:1 size  +379, benefit     8437.5, efficiency     22.263
  ! Inline function call at Actions.mnd:128:5                    size   +96, benefit      160.7, efficiency      1.674
  ! Inline function call at Actions.mnd:133:5                    size   +96, benefit     9188.1, efficiency     95.710
  ! Inline function call at Actions.mnd:159:9                    size   +96, benefit     2512.5, efficiency     26.172
  ! Inline function call at Actions.mnd:159:9                    size   +96, benefit      934.9, efficiency      9.738
  ! Inline function call at BuilderController.mnd:177:5          size   +54, benefit    13296.1, efficiency    246.224
  ! Inline function call at Actions.mnd:133:5                    size   +96, benefit     7479.1, efficiency     77.907
  ! Inline function call at BuilderController.mnd:71:17          size   +11, benefit      831.0, efficiency     75.546
  ! Inline function call at BuilderController.mnd:79:17          size   +11, benefit      831.0, efficiency     75.546
  ! Inline function call at BuilderController.mnd:87:17          size   +11, benefit      831.0, efficiency     75.546
  ! Inline function call at BuilderController.mnd:93:25          size   +11, benefit      103.9, efficiency      9.443
  ! Inline function call at BuilderController.mnd:98:21          size   +11, benefit      207.8, efficiency     18.886
  ! Inline function call at BuilderController.mnd:110:17         size    +7, benefit      727.1, efficiency    103.876
  ! Inline function call at BuilderController.mnd:119:25         size    +7, benefit      103.9, efficiency     14.839
  ! Inline function call at BuilderController.mnd:121:25         size    +7, benefit       90.9, efficiency     12.984
  ! Inline function call at BuilderController.mnd:128:21         size    +7, benefit      181.8, efficiency     25.969
  ! Inline function call at BuilderController.mnd:132:17         size    +7, benefit      181.8, efficiency     25.969
  ! Inline function call at BuilderController.mnd:135:17         size    +7, benefit       90.9, efficiency     12.984
  ! Inline function call at BuilderController.mnd:139:21         size    +7, benefit       26.0, efficiency      3.710
  ! Inline function call at BuilderController.mnd:141:21         size    +7, benefit       22.7, efficiency      3.246
  ! Inline function call at BuilderController.mnd:146:21         size    +7, benefit       22.7, efficiency      3.246
  ! Inline function call at BuilderController.mnd:148:21         size    +7, benefit       11.4, efficiency      1.623
  ! Inline function call at BuilderController.mnd:150:21         size    +7, benefit       13.0, efficiency      1.855
  ! Inline function call at BuilderController.mnd:156:9          size   +54, benefit     3324.0, efficiency     61.556
  ! Inline function call at BuilderController.mnd:242:12         size   +35, benefit      531.8, efficiency     15.196
  ! Inline function call at BuilderController.mnd:248:16         size   +35, benefit      265.9, efficiency      7.598
  ! Inline function call at BuilderController.mnd:248:16         size   +35, benefit     6648.0, efficiency    189.944
  ! Inline function call at BuilderController.mnd:256:5          size   +19, benefit     1318.4, efficiency     69.387
  ! Inline function call at BuilderController.mnd:273:9          size   +19, benefit        4.3, efficiency      0.224
  ! Inline function call at BuilderController.mnd:274:16         size   +23, benefit        4.8, efficiency      0.207
  ! Inline function call at BuilderController.mnd:282:5          size   +19, benefit        9.5, efficiency      0.500
  ! Inline function call at BuilderController.mnd:284:20         size   +23, benefit        9.5, efficiency      0.413
  ! Inline function call at BuilderController.mnd:423:29         size   +95, benefit     1875.0, efficiency     19.737
  ! Inline function call at BuilderController.mnd:424:23         size   +95, benefit     1875.0, efficiency     19.737
  ! Inline function call at BuilderController.mnd:425:23         size   +95, benefit     1875.0, efficiency     19.737
  ! Inline function call at BuilderController.mnd:426:23         size   +95, benefit     1875.0, efficiency     19.737
  ! Inline function call at BuilderController.mnd:429:29         size   +95, benefit      937.5, efficiency      9.868

Modifications by Initial phase, Case Expression Optimization, iteration 1 (-1 instructions):
 
  1469 jump *label350 always
  1470 set *tmp382 null
  1471 label *label350
-    * set *tmp385 *tmp382
-    * jump *label352 equal *tmp385 @ore-titanium
+ 1472 jump *label352 equal *tmp382 @ore-titanium
  1473 jump *label351 always
  1474 label *label352
  1475 set *tmp386 :titaniumDrillScore:positive
 
  1477 set *tmp381 *tmp386
  1478 jump *label349 always
  1479 label *label351
-    * jump *label354 equal *tmp385 @ore-copper
-    * jump *label354 equal *tmp385 @ore-lead
-    * jump *label354 equal *tmp385 @ore-scrap
-    * jump *label354 equal *tmp385 @ore-coal
+ 1480 jump *label354 equal *tmp382 @ore-copper
+ 1481 jump *label354 equal *tmp382 @ore-lead
+ 1482 jump *label354 equal *tmp382 @ore-scrap
+ 1483 jump *label354 equal *tmp382 @ore-coal
  1484 jump *label353 always
  1485 label *label354
  1486 set *tmp387 :titaniumDrillScore:negative

Modifications by Initial phase, Dead Code Elimination, iteration 1 (-78 instructions):
 
    96 op notEqual *tmp108 *tmp107 null
    97 jump *label74 equal *tmp108 false
    98 ucontrol itemDrop @air 1000
-    * set *tmp109 null
    99 jump *label75 always
   100 label *label74
-    * set *tmp109 null
   101 label *label75
   102 ucontrol approach :moveToEmpty:x :moveToEmpty:y 5.5
   103 label *label72
 
   156 op greaterThan *tmp123 *tmp121 *tmp122
   157 jump *label87 notEqual *tmp123 false
   158 label *label89
-    * set *tmp118 null
   159 jump *label85 always
   160 label *label84
   161 label *label90
 
   166 label *label91
   167 jump *label90 always
   168 label *label92
-    * set *tmp118 null
   169 label *label85
   170 set :transportStatus:target 0
   171 set :transportStatus:item null
 
   180 op equal *tmp128 *tmp126 false
   181 jump *label95 equal *tmp128 false
   182 error "Cannot locate ore"
-    * set *tmp129 null
   183 jump *label96 always
   184 label *label95
-    * set *tmp129 null
   185 label *label96
   186 label *label94
   187 return :locateOre*retaddr
 
   211 setaddr :dropAll*retaddr *label103 (h:*label103)
   212 call *label34 *invalid :dropAll*retval (m:*label103) (h:*label103)
   213 label *label103
-    * set *tmp133 null
   214 jump *label102 always
   215 label *label101
-    * set *tmp133 null
   216 label *label102
   217 set :status3:text "Mining..."
   218 setaddr :status3*retaddr *label104 (h:*label104)
 
   228 op land *tmp138 *tmp136 *tmp137
   229 jump *label108 equal *tmp138 false
   230 jump *label107 always
-    * set *tmp139 null
   231 jump *label109 always
   232 label *label108
-    * set *tmp139 null
   233 label *label109
   234 ucontrol mine :mineOre:x :mineOre:y
   235 op greaterThan *tmp140 @second :mineOre:stop
   236 jump *label110 equal *tmp140 false
   237 jump *label107 always
-    * set *tmp141 null
   238 jump *label111 always
   239 label *label110
-    * set *tmp141 null
   240 label *label111
   241 op equal *tmp142 .noTarget false
   242 jump *label112 equal *tmp142 false
 
   250 label *label114
   251 set *tmp144 null
   252 label *label115
-    * set *tmp143 *tmp144
   253 jump *label113 always
   254 label *label112
-    * set *tmp143 null
   255 label *label113
   256 label *label106
   257 sensor *tmp145 @unit @totalItems
 
   338 jump *label134 always
   339 label *label134
   340 ucontrol itemDrop @air 1000
-    * set *tmp157 null
   341 jump *label133 always
   342 label *label132
-    * set *tmp157 null
   343 label *label133
   344 label *label130
   345 sensor *tmp158 @unit :fetchBlock:item
 
   378 setaddr :mineOre*retaddr *label142 (h:*label142)
   379 call *label38 *invalid :mineOre*retval (m:*label142) (h:*label142)
   380 label *label142
-    * set *tmp165 null
   381 jump *label141 always
   382 label *label140
-    * set *tmp165 null
   383 label *label141
   384 label *label138
   385 return :supplyBlock*retaddr
 
   419 jump *label153 always
   420 label *label153
   421 ucontrol itemDrop @air 1000
-    * set *tmp171 null
   422 jump *label152 always
   423 label *label151
-    * set *tmp171 null
   424 label *label152
   425 label *label149
   426 sensor *tmp172 @unit :supplyBlockFromCore:item
 
   484 sensor *tmp199 :unpackCfg:type @thorium
   485 set :unpackCfg:th *tmp199
   486 sensor *tmp200 :unpackCfg:type @size
-    * set :unpackCfg:size *tmp200
   487 label *label157
   488 return :unpackCfg*retaddr
   489 end
 
   529 label *label165
   530 set *tmp211 null
   531 label *label166
-    * set *tmp208 *tmp211
   532 jump *label164 always
   533 label *label163
-    * set *tmp208 null
   534 label *label164
   535 set :fetchBlock:block .thoriumContainer
   536 set :fetchBlock:item @thorium
 
   546 set :setPolyTarget:target 4
   547 write :setPolyTarget:target AÕFFJS-micro-processor9 ".polyTarget"
   548 label *label175
-    * set *tmp217 null
   549 jump *label173 always
   550 label *label172
-    * set *tmp217 null
   551 label *label173
   552 label *label161
-    * set *tmp205 null
   553 jump *label160 always
   554 label *label159
   555 read *tmp219 AÕFFJS-micro-processor9 ".monos"
 
   591 label *label186
   592 set *tmp228 null
   593 label *label187
-    * set *tmp225 *tmp228
   594 jump *label185 always
   595 label *label184
-    * set *tmp225 null
   596 label *label185
   597 sensor *tmp229 AJTJK-battery1 @totalPower
   598 op lessThan *tmp230 *tmp229 .powerTarget
 
   615 label *label192
   616 set *tmp234 null
   617 label *label193
-    * set *tmp231 *tmp234
   618 jump *label191 always
   619 label *label190
-    * set *tmp231 null
   620 label *label191
   621 sensor *tmp235 .core @silicon
   622 op lessThan *tmp236 *tmp235 silicon
 
   686 label *label196
   687 set *tmp237 null
   688 label *label197
-    * set *tmp222 *tmp237
   689 jump *label183 always
   690 label *label182
-    * set *tmp222 null
   691 label *label183
   692 sensor *tmp248 .core @titanium
   693 op lessThan *tmp249 *tmp248 titanium
 
   908 label *label216
   909 set *tmp258 null
   910 label *label217
-    * set *tmp256 *tmp258
   911 jump *label215 always
   912 label *label214
   913 set :status1:text "Goal 11: Fetching titanium"
 
   919 setaddr :fetchBlock*retaddr *label267 (h:*label267)
   920 call *label41 *invalid :fetchBlock*retval (m:*label267) (h:*label267)
   921 label *label267
-    * set *tmp256 null
   922 label *label215
   923 label *label181
   924 set *tmp220 null
   925 label *label177
-    * set *tmp205 *tmp220
   926 label *label160
   927 label *label158
   928 set :supplyBase*finished true
 
   935 write @silicon processor2 ".missing"
   936 set :targetMet*retval false
   937 jump *label268 always
-    * set *tmp302 null
   938 jump *label270 always
   939 label *label269
-    * set *tmp302 null
   940 label *label270
   941 sensor *tmp303 .core @copper
   942 op lessThan *tmp304 *tmp303 copper
 
   944 write @copper processor2 ".missing"
   945 set :targetMet*retval false
   946 jump *label268 always
-    * set *tmp305 null
   947 jump *label272 always
   948 label *label271
-    * set *tmp305 null
   949 label *label272
   950 sensor *tmp306 .core @lead
   951 op lessThan *tmp307 *tmp306 lead
 
   953 write @lead processor2 ".missing"
   954 set :targetMet*retval false
   955 jump *label268 always
-    * set *tmp308 null
   956 jump *label274 always
   957 label *label273
-    * set *tmp308 null
   958 label *label274
   959 sensor *tmp309 .core @metaglass
   960 op lessThan *tmp310 *tmp309 metaglass
 
   962 write @metaglass processor2 ".missing"
   963 set :targetMet*retval false
   964 jump *label268 always
-    * set *tmp311 null
   965 jump *label276 always
   966 label *label275
-    * set *tmp311 null
   967 label *label276
   968 sensor *tmp312 .core @graphite
   969 op lessThan *tmp313 *tmp312 graphite
 
   971 write @graphite processor2 ".missing"
   972 set :targetMet*retval false
   973 jump *label268 always
-    * set *tmp314 null
   974 jump *label278 always
   975 label *label277
-    * set *tmp314 null
   976 label *label278
   977 sensor *tmp315 .core @titanium
   978 op lessThan *tmp316 *tmp315 titanium
 
   980 write @titanium processor2 ".missing"
   981 set :targetMet*retval false
   982 jump *label268 always
-    * set *tmp317 null
   983 jump *label280 always
   984 label *label279
-    * set *tmp317 null
   985 label *label280
   986 sensor *tmp318 .core @thorium
   987 op lessThan *tmp319 *tmp318 thorium
 
   989 write @thorium processor2 ".missing"
   990 set :targetMet*retval false
   991 jump *label268 always
-    * set *tmp320 null
   992 jump *label282 always
   993 label *label281
-    * set *tmp320 null
   994 label *label282
   995 set :targetMet*retval true
   996 jump *label268 always
 
  1102 label *label303
  1103 jump *label302 always
  1104 label *label304
-    * set *tmp335 null
  1105 jump *label300 always
  1106 label *label299
-    * set *tmp335 null
  1107 label *label300
  1108 label *label283
  1109 set :meetTarget*finished true
 
  1210 label *label317
  1211 set :buildRemoteBlock*retval :buildBlock*retval
  1212 jump *label313 always
-    * set *tmp342 null
  1213 jump *label315 always
  1214 label *label314
-    * set *tmp342 null
  1215 label *label315
  1216 set :buildRemoteBlock*retval false
  1217 jump *label313 always
 
  1289 jump *label326 equal *tmp351 false
  1290 set :buildBlockAt*retval :buildBlockAt:building
  1291 jump *label321 always
-    * set *tmp352 null
  1292 jump *label327 always
  1293 label *label326
-    * set *tmp352 null
  1294 label *label327
  1295 error "Cannot build $block at position ($x, $y): $type is already there."
-    * set *tmp350 null
  1296 jump *label325 always
  1297 label *label324
-    * set *tmp350 null
  1298 label *label325
  1299 ucontrol build :buildBlockAt:x :buildBlockAt:y :buildBlockAt:block :buildBlockAt:rotation :buildBlockAt:config
  1300 wait 0.25
 
  1311 jump *label333 always
  1312 label *label333
  1313 error "Error while building $block at $x, $y: $type was found."
-    * set *tmp357 null
  1314 jump *label332 always
  1315 label *label331
  1316 set :buildBlockAt:success true
-    * set *tmp357 :buildBlockAt:success
  1317 label *label332
  1318 op equal *tmp358 :buildBlockAt:block @multiplicative-reconstructor
  1319 jump *label335 equal *tmp358 false
 
  1328 label *label337
  1329 set *tmp362 null
  1330 label *label338
-    * set *tmp359 *tmp362
  1331 jump *label336 always
  1332 label *label335
-    * set *tmp359 null
  1333 label *label336
  1334 label *label329
  1335 op notEqual *tmp363 :buildBlockAt:type :buildBlockAt:block
 
  1362 op or *tmp378 *tmp377 *tmp376
  1363 write *tmp378 processor2 ".blocksBuilt"
  1364 write :logBlock:index processor2 ".recentBuildIndex"
-    * set *tmp375 :logBlock:index
  1365 jump *label342 always
  1366 label *label341
-    * set *tmp375 null
  1367 label *label342
  1368 label *label339
  1369 set :buildBlockAt*retval :buildBlockAt:building
 
  1460 label *label362
  1461 set .positive :titaniumDrillScore:positive
  1462 set .negative :titaniumDrillScore:negative
-    * set *tmp396 :titaniumDrillScore*retval
  1463 op sub *tmp397 :buildTitaniumDrill:x 0.5
  1464 op add *tmp398 :buildTitaniumDrill:y 0.5
  1465 set :titaniumDrillScore:x *tmp397
 
  1471 label *label363
  1472 set .positive :titaniumDrillScore:positive
  1473 set .negative :titaniumDrillScore:negative
-    * set *tmp399 :titaniumDrillScore*retval
  1474 op add *tmp400 :buildTitaniumDrill:x 0.5
  1475 op sub *tmp401 :buildTitaniumDrill:y 0.5
  1476 set :titaniumDrillScore:x *tmp400
 
  1482 label *label364
  1483 set .positive :titaniumDrillScore:positive
  1484 set .negative :titaniumDrillScore:negative
-    * set *tmp402 :titaniumDrillScore*retval
  1485 op add *tmp403 :buildTitaniumDrill:x 0.5
  1486 op add *tmp404 :buildTitaniumDrill:y 0.5
  1487 set :titaniumDrillScore:x *tmp403
 
  1493 label *label365
  1494 set .positive :titaniumDrillScore:positive
  1495 set .negative :titaniumDrillScore:negative
-    * set *tmp405 :titaniumDrillScore*retval
  1496 op greaterThan *tmp406 .positive .negative
  1497 op greaterThanEq *tmp407 .positive 2
  1498 op land *tmp408 *tmp406 *tmp407
 
  1545 label *label358
  1546 set *tmp391 null
  1547 label *label359
-    * set *tmp389 *tmp391
  1548 jump *label357 always
  1549 label *label356
-    * set *tmp389 null
  1550 label *label357
  1551 set :buildTitaniumDrill*retval 0
  1552 jump *label355 always
 
  1559 set :buildTitaniumDrills:tiles 0
  1560 jump *label375 equal .scrap false
  1561 op add .MAX_TILES .MAX_TILES 2
-    * set *tmp416 .MAX_TILES
  1562 jump *label376 always
  1563 label *label375
-    * set *tmp416 null
  1564 label *label376
  1565 wait 0.0001
  1566 wait 0.0001
 
  1655 label *label389
  1656 set *tmp450 null
  1657 label *label390
-    * set *tmp425 *tmp450
  1658 jump *label384 always
  1659 label *label383
-    * set *tmp425 null
  1660 label *label384
-    * set *tmp452 :buildTitaniumDrills:current
  1661 op add :buildTitaniumDrills:current :buildTitaniumDrills:current 1
  1662 label *label381
  1663 jump *label380 always
 
  1665 op greaterThanEq *tmp453 :buildTitaniumDrills:tiles .MAX_TILES
  1666 jump *label392 equal *tmp453 false
  1667 jump *label379 always
-    * set *tmp454 null
  1668 jump *label393 always
  1669 label *label392
-    * set *tmp454 null
  1670 label *label393
  1671 op greaterThanEq *tmp455 :buildTitaniumDrills:count .MAX_COUNT
  1672 jump *label394 equal *tmp455 false
  1673 jump *label379 always
-    * set *tmp456 null
  1674 jump *label395 always
  1675 label *label394
-    * set *tmp456 null
  1676 label *label395
  1677 label *label378
  1678 read *tmp458 processor3 ".searchFinished"

Modifications by Initial phase, Dead Code Elimination, iteration 2 (-22 instructions):
 
   245 label *label116
   246 jump *label114 equal :targetMet*retval false
   247 jump *label107 always
-    * set *tmp144 null
   248 jump *label115 always
   249 label *label114
-    * set *tmp144 null
   250 label *label115
   251 jump *label113 always
   252 label *label112
 
   481 set :unpackCfg:mg *tmp198
   482 sensor *tmp199 :unpackCfg:type @thorium
   483 set :unpackCfg:th *tmp199
-    * sensor *tmp200 :unpackCfg:type @size
   484 label *label157
   485 return :unpackCfg*retaddr
   486 end
 
   521 label *label170
   522 set *tmp214 null
   523 label *label168
-    * set *tmp211 *tmp214
   524 jump *label166 always
   525 label *label165
-    * set *tmp211 null
   526 label *label166
   527 jump *label164 always
   528 label *label163
 
   559 call *label40 *invalid :mineOre.2*retval (m:*label180) (h:*label180)
   560 label *label180
   561 label *label178
-    * set *tmp220 null
   562 jump *label177 always
   563 label *label176
   564 set :supplyBase0:supplied false
 
   580 call *label42 *invalid :supplyBlock*retval (m:*label189) (h:*label189)
   581 label *label189
   582 set :supplyBase0:supplied true
-    * set *tmp228 :supplyBase0:supplied
   583 jump *label187 always
   584 label *label186
-    * set *tmp228 null
   585 label *label187
   586 jump *label185 always
   587 label *label184
 
   602 call *label42 *invalid :supplyBlock*retval (m:*label195) (h:*label195)
   603 label *label195
   604 jump *label181 always
-    * set *tmp234 null
   605 jump *label193 always
   606 label *label192
-    * set *tmp234 null
   607 label *label193
   608 jump *label191 always
   609 label *label190
 
   671 label *label203
   672 set *tmp240 *tmp243
   673 label *label199
-    * set *tmp237 *tmp240
   674 jump *label197 always
   675 label *label196
-    * set *tmp237 null
   676 label *label197
   677 jump *label183 always
   678 label *label182
 
   891 label *label223
   892 set *tmp262 *tmp265
   893 label *label219
-    * set *tmp258 *tmp262
   894 jump *label217 always
   895 label *label216
-    * set *tmp258 null
   896 label *label217
   897 jump *label215 always
   898 label *label214
 
   907 label *label267
   908 label *label215
   909 label *label181
-    * set *tmp220 null
   910 label *label177
   911 label *label160
   912 label *label158
 
  1308 jump *label337 equal *tmp361 false
  1309 ucontrol approach :buildBlockAt:x :buildBlockAt:y 6
  1310 ucontrol build :buildBlockAt:x :buildBlockAt:y :buildBlockAt:block :buildBlockAt:rotation :buildBlockAt:config
-    * set *tmp362 null
  1311 jump *label338 always
  1312 label *label337
-    * set *tmp362 null
  1313 label *label338
  1314 jump *label336 always
  1315 label *label335
 
  1410 label *label353
  1411 set *tmp381 null
  1412 label *label349
-    * set :titaniumDrillScore*retval *tmp381
  1413 label *label348
  1414 return :titaniumDrillScore*retaddr
  1415 end
 
  1522 label *label366
  1523 set *tmp409 null
  1524 label *label367
-    * set *tmp391 *tmp409
  1525 jump *label359 always
  1526 label *label358
-    * set *tmp391 null
  1527 label *label359
  1528 jump *label357 always
  1529 label *label356
 
  1630 set :buildTitaniumDrills:tiles :buildTitaniumDrill:tiles
  1631 set *tmp451 :buildTitaniumDrill*retval
  1632 set :buildTitaniumDrills:built *tmp451
-    * set *tmp450 :buildTitaniumDrills:built
  1633 jump *label390 always
  1634 label *label389
-    * set *tmp450 null
  1635 label *label390
  1636 jump *label384 always
  1637 label *label383

Modifications by Initial phase, Dead Code Elimination, iteration 3 (-11 instructions):
 
   511 setaddr :supplyBlock*retaddr *label169 (h:*label169)
   512 call *label42 *invalid :supplyBlock*retval (m:*label169) (h:*label169)
   513 label *label169
-    * set *tmp214 null
   514 jump *label168 always
   515 label *label167
   516 set :supplyBlockFromCore:target .thoriumGenerator
 
   518 setaddr :supplyBlockFromCore*retaddr *label170 (h:*label170)
   519 call *label43 *invalid :supplyBlockFromCore*retval (m:*label170) (h:*label170)
   520 label *label170
-    * set *tmp214 null
   521 label *label168
   522 jump *label166 always
   523 label *label165
 
   622 call *label42 *invalid :supplyBlock*retval (m:*label201) (h:*label201)
   623 label *label201
   624 set :supplyBase0:supplied true
-    * set *tmp240 :supplyBase0:supplied
   625 jump *label199 always
   626 label *label198
   627 sensor *tmp241 ALMQJN-silicon-smelter4 @sand
 
   666 label *label202
   667 set *tmp243 null
   668 label *label203
-    * set *tmp240 *tmp243
   669 label *label199
   670 jump *label197 always
   671 label *label196
 
   702 setaddr :mineOre.2*retaddr *label221 (h:*label221)
   703 call *label40 *invalid :mineOre.2*retval (m:*label221) (h:*label221)
   704 label *label221
-    * set *tmp262 null
   705 jump *label219 always
   706 label *label218
   707 sensor *tmp263 .core @silicon
 
   884 label *label240
   885 set *tmp265 *tmp280
   886 label *label223
-    * set *tmp262 *tmp265
   887 label *label219
   888 jump *label217 always
   889 label *label216
 
  1388 label *label352
  1389 set *tmp386 :titaniumDrillScore:positive
  1390 op add :titaniumDrillScore:positive :titaniumDrillScore:positive 1
-    * set *tmp381 *tmp386
  1391 jump *label349 always
  1392 label *label351
  1393 jump *label354 equal *tmp382 @ore-copper
 
  1398 label *label354
  1399 set *tmp387 :titaniumDrillScore:negative
  1400 op add :titaniumDrillScore:negative :titaniumDrillScore:negative 1
-    * set *tmp381 *tmp387
  1401 jump *label349 always
  1402 label *label353
-    * set *tmp381 null
  1403 label *label349
  1404 label *label348
  1405 return :titaniumDrillScore*retaddr
 
  1508 label *label370
  1509 set *tmp411 null
  1510 label *label371
-    * set *tmp409 *tmp411
  1511 jump *label367 always
  1512 label *label366
-    * set *tmp409 null
  1513 label *label367
  1514 jump *label359 always
  1515 label *label358

Modifications by Initial phase, Dead Code Elimination, iteration 4 (-8 instructions):
 
   661 set :supplyBase0:supplied true
   662 set *tmp244 :supplyBase0:supplied
   663 label *label205
-    * set *tmp243 *tmp244
   664 jump *label203 always
   665 label *label202
-    * set *tmp243 null
   666 label *label203
   667 label *label199
   668 jump *label197 always
 
   770 label *label238
   771 set *tmp266 null
   772 label *label225
-    * set *tmp265 *tmp266
   773 jump *label223 always
   774 label *label222
   775 sensor *tmp278 .core @copper
 
   879 label *label244
   880 set *tmp280 *tmp283
   881 label *label240
-    * set *tmp265 *tmp280
   882 label *label223
   883 label *label219
   884 jump *label217 always
 
  1382 jump *label352 equal *tmp382 @ore-titanium
  1383 jump *label351 always
  1384 label *label352
-    * set *tmp386 :titaniumDrillScore:positive
  1385 op add :titaniumDrillScore:positive :titaniumDrillScore:positive 1
  1386 jump *label349 always
  1387 label *label351
 
  1391 jump *label354 equal *tmp382 @ore-coal
  1392 jump *label353 always
  1393 label *label354
-    * set *tmp387 :titaniumDrillScore:negative
  1394 op add :titaniumDrillScore:negative :titaniumDrillScore:negative 1
  1395 jump *label349 always
  1396 label *label353
 
  1497 op add :buildTitaniumDrill:tiles :buildTitaniumDrill:tiles *tmp415
  1498 set :buildTitaniumDrill*retval .positive
  1499 jump *label355 always
-    * set *tmp411 null
  1500 jump *label371 always
  1501 label *label370
-    * set *tmp411 null
  1502 label *label371
  1503 jump *label367 always
  1504 label *label366

Modifications by Initial phase, Dead Code Elimination, iteration 5 (-6 instructions):
 
   646 label *label206
   647 set *tmp247 null
   648 label *label207
-    * set *tmp244 *tmp247
   649 jump *label205 always
   650 label *label204
   651 set :status1:text "Goal 3: sand for silicon requirement"
 
   658 call *label42 *invalid :supplyBlock*retval (m:*label211) (h:*label211)
   659 label *label211
   660 set :supplyBase0:supplied true
-    * set *tmp244 :supplyBase0:supplied
   661 label *label205
   662 jump *label203 always
   663 label *label202
 
   743 label *label234
   744 set *tmp267 null
   745 label *label228
-    * set *tmp266 *tmp267
   746 jump *label225 always
   747 label *label224
   748 set :status1:text "Goal 6: silicon requirement"
 
   765 setaddr :mineOre.2*retaddr *label238 (h:*label238)
   766 call *label40 *invalid :mineOre.2*retval (m:*label238) (h:*label238)
   767 label *label238
-    * set *tmp266 null
   768 label *label225
   769 jump *label223 always
   770 label *label222
 
   779 setaddr :mineOre.2*retaddr *label242 (h:*label242)
   780 call *label40 *invalid :mineOre.2*retval (m:*label242) (h:*label242)
   781 label *label242
-    * set *tmp280 null
   782 jump *label240 always
   783 label *label239
   784 sensor *tmp281 .core @lead
 
   872 label *label248
   873 set *tmp283 *tmp286
   874 label *label244
-    * set *tmp280 *tmp283
   875 label *label240
   876 label *label223
   877 label *label219

Modifications by Initial phase, Dead Code Elimination, iteration 6 (-6 instructions):
 
   641 call *label42 *invalid :supplyBlock*retval (m:*label209) (h:*label209)
   642 label *label209
   643 set :supplyBase0:supplied true
-    * set *tmp247 :supplyBase0:supplied
   644 jump *label207 always
   645 label *label206
-    * set *tmp247 null
   646 label *label207
   647 jump *label205 always
   648 label *label204
 
   732 setaddr :mineOre.1*retaddr *label233 (h:*label233)
   733 call *label39 *invalid :mineOre.1*retval (m:*label233) (h:*label233)
   734 label *label233
-    * set *tmp267 null
   735 jump *label228 always
   736 label *label227
   737 set :mineOre.2:ore @coal
   738 setaddr :mineOre.2*retaddr *label234 (h:*label234)
   739 call *label40 *invalid :mineOre.2*retval (m:*label234) (h:*label234)
   740 label *label234
-    * set *tmp267 null
   741 label *label228
   742 jump *label225 always
   743 label *label224
 
   788 setaddr :mineOre.2*retaddr *label246 (h:*label246)
   789 call *label40 *invalid :mineOre.2*retval (m:*label246) (h:*label246)
   790 label *label246
-    * set *tmp283 null
   791 jump *label244 always
   792 label *label243
   793 sensor *tmp284 .core @metaglass
 
   865 label *label256
   866 set *tmp286 *tmp289
   867 label *label248
-    * set *tmp283 *tmp286
   868 label *label244
   869 label *label240
   870 label *label223

Modifications by Initial phase, Dead Code Elimination, iteration 7 (-2 instructions):
 
   812 label *label253
   813 set *tmp287 null
   814 label *label251
-    * set *tmp286 *tmp287
   815 jump *label248 always
   816 label *label247
   817 set :status1:text "Goal 10: supplying base"
 
   862 label *label263
   863 set *tmp289 *tmp299
   864 label *label256
-    * set *tmp286 *tmp289
   865 label *label248
   866 label *label244
   867 label *label240

Modifications by Initial phase, Dead Code Elimination, iteration 8 (-4 instructions):
 
   803 setaddr :mineOre.1*retaddr *label252 (h:*label252)
   804 call *label39 *invalid :mineOre.1*retval (m:*label252) (h:*label252)
   805 label *label252
-    * set *tmp287 null
   806 jump *label251 always
   807 label *label250
   808 set :mineOre.2:ore @sand
   809 setaddr :mineOre.2*retaddr *label253 (h:*label253)
   810 call *label40 *invalid :mineOre.2*retval (m:*label253) (h:*label253)
   811 label *label253
-    * set *tmp287 null
   812 label *label251
   813 jump *label248 always
   814 label *label247
 
   835 setaddr :mineOre.2*retaddr *label261 (h:*label261)
   836 call *label40 *invalid :mineOre.2*retval (m:*label261) (h:*label261)
   837 label *label261
-    * set *tmp289 null
   838 jump *label256 always
   839 label *label255
   840 sensor *tmp294 .core @coal
 
   857 label *label265
   858 set *tmp299 null
   859 label *label263
-    * set *tmp289 *tmp299
   860 label *label256
   861 label *label248
   862 label *label244

Modifications by Initial phase, Dead Code Elimination, iteration 9 (-2 instructions):
 
   847 setaddr :mineOre.2*retaddr *label264 (h:*label264)
   848 call *label40 *invalid :mineOre.2*retval (m:*label264) (h:*label264)
   849 label *label264
-    * set *tmp299 null
   850 jump *label263 always
   851 label *label262
   852 set :mineOre.1:ore @scrap
 
   854 setaddr :mineOre.1*retaddr *label265 (h:*label265)
   855 call *label39 *invalid :mineOre.1*retval (m:*label265) (h:*label265)
   856 label *label265
-    * set *tmp299 null
   857 label *label263
   858 label *label256
   859 label *label248

Modifications by Initial phase, Temp Variables Elimination, iteration 1 (-48 instructions):
 
    33 label *label56
    34 ubind @poly
    35 set .builder @unit
-    * ulocate building core false @copper .coreX .coreY *tmp102 *tmp101
-    * set .core *tmp101
+   36 ulocate building core false @copper .coreX .coreY *tmp102 .core
    37 label *label57
    38 op equal *tmp103 .core null
    39 jump *label56 notEqual *tmp103 false
 
   144 setaddr :moveToBlock*retaddr *label86 (h:*label86)
   145 call *label35 *invalid :moveToBlock*retval (m:*label86) (h:*label86)
   146 label *label86
-    * sensor *tmp119 :depositItems:block @itemCapacity
-    * set :depositItems:cap *tmp119
+  147 sensor :depositItems:cap :depositItems:block @itemCapacity
   148 label *label87
   149 ucontrol itemDrop :depositItems:block 28
   150 label *label88
 
   185 return :locateOre*retaddr
   186 end
   187 label *label38
-    * op min *tmp130 :mineOre:amount 28
-    * set :mineOre:amount *tmp130
+  188 op min :mineOre:amount :mineOre:amount 28
   189 set :transportStatus:target :mineOre:amount
   190 set :transportStatus:item :mineOre:ore
   191 setaddr :transportStatus*retaddr *label98 (h:*label98)
 
   215 setaddr :status3*retaddr *label104 (h:*label104)
   216 call *label30 *invalid :status3*retval (m:*label104) (h:*label104)
   217 label *label104
-    * op add *tmp134 @second 10
-    * set :mineOre:stop *tmp134
+  218 op add :mineOre:stop @second 10
   219 label *label105
-    * sensor *tmp135 @unit @firstItem
-    * set :mineOre:item *tmp135
+  220 sensor :mineOre:item @unit @firstItem
   221 op notEqual *tmp136 :mineOre:item null
   222 op notEqual *tmp137 :mineOre:item :mineOre:ore
   223 op land *tmp138 *tmp136 *tmp137
 
   285 setaddr :status2*retaddr *label122 (h:*label122)
   286 call *label29 *invalid :status2*retval (m:*label122) (h:*label122)
   287 label *label122
-    * set *tmp149 :mineOre.2:ore
-    * set :mineOre:ore *tmp149
+  288 set :mineOre:ore :mineOre.2:ore
   289 set :mineOre:amount 28
   290 set :mineOre:block .core
   291 setaddr :mineOre*retaddr *label123 (h:*label123)
 
   296 end
   297 label *label41
   298 sensor *tmp150 :fetchBlock:block @itemCapacity
-    * op min *tmp151 *tmp150 28
-    * set :transportStatus:target *tmp151
+  299 op min :transportStatus:target *tmp150 28
   300 set :transportStatus:item :fetchBlock:item
   301 setaddr :transportStatus*retaddr *label125 (h:*label125)
   302 call *label31 *invalid :transportStatus*retval (m:*label125) (h:*label125)
 
   319 label *label128
   320 label *label129
   321 ucontrol itemTake :fetchBlock:block :fetchBlock:item 28
-    * sensor *tmp154 @unit @firstItem
-    * set :fetchBlock:unitItem *tmp154
+  322 sensor :fetchBlock:unitItem @unit @firstItem
   323 op notEqual *tmp155 :fetchBlock:unitItem null
   324 jump *label132 equal *tmp155 false
   325 label *label135
 
   355 setaddr :status2*retaddr *label139 (h:*label139)
   356 call *label29 *invalid :status2*retval (m:*label139) (h:*label139)
   357 label *label139
-    * sensor *tmp161 :supplyBlock:block @itemCapacity
-    * set :supplyBlock:blockCapacity *tmp161
+  358 sensor :supplyBlock:blockCapacity :supplyBlock:block @itemCapacity
   359 sensor *tmp162 :supplyBlock:block :supplyBlock:ore
-    * op sub *tmp163 :supplyBlock:blockCapacity *tmp162
-    * set :supplyBlock:missing *tmp163
+  360 op sub :supplyBlock:missing :supplyBlock:blockCapacity *tmp162
   361 op greaterThan *tmp164 :supplyBlock:missing 0
   362 jump *label140 equal *tmp164 false
   363 set :mineOre:ore :supplyBlock:ore
 
   374 end
   375 label *label43
   376 sensor *tmp166 :supplyBlockFromCore:target @itemCapacity
-    * op min *tmp167 *tmp166 28
-    * set :supplyBlockFromCore:cap *tmp167
+  377 op min :supplyBlockFromCore:cap *tmp166 28
   378 set :transportStatus:target :supplyBlockFromCore:cap
   379 set :transportStatus:item :supplyBlockFromCore:item
   380 setaddr :transportStatus*retaddr *label144 (h:*label144)
 
   396 label *label147
   397 label *label148
   398 ucontrol itemTake .core :supplyBlockFromCore:item :supplyBlockFromCore:cap
-    * sensor *tmp168 @unit @firstItem
-    * set :supplyBlockFromCore:unitItem *tmp168
+  399 sensor :supplyBlockFromCore:unitItem @unit @firstItem
   400 op notEqual *tmp169 :supplyBlockFromCore:unitItem null
   401 jump *label151 equal *tmp169 false
   402 label *label154
 
   431 op add :unpackCfg:index :unpackCfg:index 1
   432 read *tmp176 :unpackCfg:cfg *tmp175
   433 op sub *tmp177 *tmp176 74
-    * lookup block *tmp178 *tmp177
-    * set :unpackCfg:type *tmp178
+  434 lookup block :unpackCfg:type *tmp177
   435 set *tmp179 :unpackCfg:index
   436 op add :unpackCfg:index :unpackCfg:index 1
   437 read *tmp180 :unpackCfg:cfg *tmp179
   438 op sub *tmp181 *tmp180 74
-    * op div *tmp182 *tmp181 2
-    * set :unpackCfg:x *tmp182
+  439 op div :unpackCfg:x *tmp181 2
   440 set *tmp183 :unpackCfg:index
   441 op add :unpackCfg:index :unpackCfg:index 1
   442 read *tmp184 :unpackCfg:cfg *tmp183
   443 op sub *tmp185 *tmp184 74
-    * op div *tmp186 *tmp185 2
-    * set :unpackCfg:y *tmp186
+  444 op div :unpackCfg:y *tmp185 2
   445 set *tmp187 :unpackCfg:index
   446 op add :unpackCfg:index :unpackCfg:index 1
   447 read *tmp188 :unpackCfg:cfg *tmp187
-    * op sub *tmp189 *tmp188 74
-    * set :unpackCfg:rotation *tmp189
+  448 op sub :unpackCfg:rotation *tmp188 74
   449 set *tmp190 :unpackCfg:index
   450 op add :unpackCfg:index :unpackCfg:index 1
   451 read *tmp191 :unpackCfg:cfg *tmp190
-    * op sub *tmp192 *tmp191 74
-    * set :unpackCfg:ind *tmp192
-    * sensor *tmp193 :unpackCfg:type @copper
-    * set :unpackCfg:cu *tmp193
-    * sensor *tmp194 :unpackCfg:type @lead
-    * set :unpackCfg:pb *tmp194
-    * sensor *tmp195 :unpackCfg:type @graphite
-    * set :unpackCfg:gr *tmp195
-    * sensor *tmp196 :unpackCfg:type @silicon
-    * set :unpackCfg:si *tmp196
-    * sensor *tmp197 :unpackCfg:type @titanium
-    * set :unpackCfg:ti *tmp197
-    * sensor *tmp198 :unpackCfg:type @metaglass
-    * set :unpackCfg:mg *tmp198
-    * sensor *tmp199 :unpackCfg:type @thorium
-    * set :unpackCfg:th *tmp199
+  452 op sub :unpackCfg:ind *tmp191 74
+  453 sensor :unpackCfg:cu :unpackCfg:type @copper
+  454 sensor :unpackCfg:pb :unpackCfg:type @lead
+  455 sensor :unpackCfg:gr :unpackCfg:type @graphite
+  456 sensor :unpackCfg:si :unpackCfg:type @silicon
+  457 sensor :unpackCfg:ti :unpackCfg:type @titanium
+  458 sensor :unpackCfg:mg :unpackCfg:type @metaglass
+  459 sensor :unpackCfg:th :unpackCfg:type @thorium
   460 label *label157
   461 return :unpackCfg*retaddr
   462 end
 
   648 jump *label212 equal *tmp249 false
   649 sensor *tmp251 .core @titanium
   650 op sub *tmp252 titanium *tmp251
-    * op min *tmp253 5 *tmp252
-    * set *tmp250 *tmp253
+  651 op min *tmp250 5 *tmp252
   652 jump *label213 always
   653 label *label212
   654 set *tmp250 100
 
   682 call *label28 *invalid :status1*retval (m:*label226) (h:*label226)
   683 label *label226
   684 jump *label227 equal A¨SSJh-container30 false
-    * sensor *tmp268 .core @coal
-    * set :supplyBase0:coal *tmp268
-    * sensor *tmp269 A¨SSJh-container30 @sand
-    * set :supplyBase0:sand *tmp269
+  685 sensor :supplyBase0:coal .core @coal
+  686 sensor :supplyBase0:sand A¨SSJh-container30 @sand
   687 op lessThan *tmp270 :supplyBase0:coal :supplyBase0:sand
   688 jump *label229 equal *tmp270 false
   689 set *tmp271 @coal
 
   718 setaddr :status1*retaddr *label235 (h:*label235)
   719 call *label28 *invalid :status1*retval (m:*label235) (h:*label235)
   720 label *label235
-    * sensor *tmp274 .core @coal
-    * set :supplyBase0:coal.1 *tmp274
-    * sensor *tmp275 .core @sand
-    * set :supplyBase0:sand.1 *tmp275
+  721 sensor :supplyBase0:coal.1 .core @coal
+  722 sensor :supplyBase0:sand.1 .core @sand
   723 op lessThan *tmp276 :supplyBase0:coal.1 :supplyBase0:sand.1
   724 jump *label236 equal *tmp276 false
   725 set *tmp277 @coal
 
   971 write :meetTarget:metaglass processor2 ".targetMetaglass"
   972 write :meetTarget:thorium processor2 ".targetThorium"
   973 set copper :meetTarget:copper
-    * op add *tmp323 :meetTarget:lead .leadSurplus
-    * set lead *tmp323
+  974 op add lead :meetTarget:lead .leadSurplus
   975 set graphite :meetTarget:graphite
   976 set silicon :meetTarget:silicon
   977 set titanium :meetTarget:titanium
 
   998 setaddr :targetMet*retaddr *label297 (h:*label297)
   999 call *label46 *invalid :targetMet*retval (m:*label297) (h:*label297)
  1000 label *label297
-    * set *tmp333 :targetMet*retval
-    * op equal *tmp334 *tmp333 false
+ 1001 op equal *tmp334 :targetMet*retval false
  1002 jump *label296 equal *tmp334 false
  1003 setaddr :supplyBase*retaddr *label298 (h:*label298)
  1004 call *label13 *invalid :supplyBase*retval (m:*label298) (h:*label298)
 
  1017 setaddr :targetMet*retaddr *label305 (h:*label305)
  1018 call *label46 *invalid :targetMet*retval (m:*label305) (h:*label305)
  1019 label *label305
-    * set *tmp337 :targetMet*retval
-    * op equal *tmp338 *tmp337 false
+ 1020 op equal *tmp338 :targetMet*retval false
  1021 jump *label304 equal *tmp338 false
  1022 setaddr :supplyBase*retaddr *label306 (h:*label306)
  1023 call *label13 *invalid :supplyBase*retval (m:*label306) (h:*label306)
 
  1204 call *label32 *invalid :moveTo*retval (m:*label323) (h:*label323)
  1205 label *label323
  1206 label *label322
-    * ucontrol getBlock :buildBlockAt:x :buildBlockAt:y :buildBlockAt:type *tmp347 *tmp348
-    * set :buildBlockAt:building *tmp347
+ 1207 ucontrol getBlock :buildBlockAt:x :buildBlockAt:y :buildBlockAt:type :buildBlockAt:building *tmp348
  1208 op notEqual *tmp349 :buildBlockAt:building null
  1209 jump *label324 equal *tmp349 false
  1210 op equal *tmp351 :buildBlockAt:type :buildBlockAt:block
 
  1223 set :buildBlockAt:success false
  1224 label *label328
  1225 ucontrol build :buildBlockAt:x :buildBlockAt:y :buildBlockAt:block :buildBlockAt:rotation :buildBlockAt:config
-    * ucontrol getBlock :buildBlockAt:x :buildBlockAt:y :buildBlockAt:type *tmp353 *tmp354
-    * set :buildBlockAt:building *tmp353
+ 1226 ucontrol getBlock :buildBlockAt:x :buildBlockAt:y :buildBlockAt:type :buildBlockAt:building *tmp354
  1227 op equal *tmp355 :buildBlockAt:building null
  1228 jump *label331 equal *tmp355 false
  1229 label *label334
 
  1258 ubind .builder
  1259 set :logBlock:block :buildBlockAt:block
  1260 set :logBlock:index :buildBlockAt:index
-    * sensor *tmp365 :logBlock:block @id
-    * set :log:encodedId *tmp365
+ 1261 sensor :log:encodedId :logBlock:block @id
  1262 read *tmp366 bank1 511
  1263 op sub *tmp367 *tmp366 1
  1264 write *tmp367 bank1 511
 
  1438 op min *tmp414 :setFlareTarget:target 8
  1439 write *tmp414 AÕFFJS-micro-processor9 ".flareTarget"
  1440 label *label373
-    * set *tmp415 .positive
-    * op add :buildTitaniumDrill:tiles :buildTitaniumDrill:tiles *tmp415
+ 1441 op add :buildTitaniumDrill:tiles :buildTitaniumDrill:tiles .positive
  1442 set :buildTitaniumDrill*retval .positive
  1443 jump *label355 always
  1444 jump *label371 always
 
  1474 read *tmp418 processor3 ".locations"
  1475 op lessThan *tmp417 :buildTitaniumDrills:current *tmp418
  1476 jump *label382 equal *tmp417 false
-    * op mul *tmp419 :buildTitaniumDrills:current 4
-    * set :buildTitaniumDrills:index *tmp419
+ 1477 op mul :buildTitaniumDrills:index :buildTitaniumDrills:current 4
  1478 op add *tmp420 :buildTitaniumDrills:index 1
-    * set *tmp421 *tmp420
-    * read *tmp423 bank1 *tmp421
-    * set :buildTitaniumDrills:size *tmp423
+ 1479 read :buildTitaniumDrills:size bank1 *tmp420
  1480 op greaterThanEq *tmp424 :buildTitaniumDrills:size 3
  1481 jump *label383 equal *tmp424 false
-    * op add *tmp426 :buildTitaniumDrills:index 2
-    * set *tmp427 *tmp426
-    * read *tmp429 bank1 *tmp427
-    * set :buildTitaniumDrills:x *tmp429
+ 1482 op add *tmp427 :buildTitaniumDrills:index 2
+ 1483 read :buildTitaniumDrills:x bank1 *tmp427
  1484 op add *tmp430 :buildTitaniumDrills:index 3
-    * set *tmp431 *tmp430
-    * read *tmp433 bank1 *tmp431
-    * set :buildTitaniumDrills:y *tmp433
+ 1485 read :buildTitaniumDrills:y bank1 *tmp430
  1486 op sub *tmp434 :buildTitaniumDrills:x 1
  1487 op sub *tmp435 :buildTitaniumDrills:y 1
  1488 set :buildTitaniumDrill:x *tmp434
 
  1506 label *label386
  1507 set :buildTitaniumDrills:count :buildTitaniumDrill:count
  1508 set :buildTitaniumDrills:tiles :buildTitaniumDrill:tiles
-    * set *tmp439 :buildTitaniumDrill*retval
-    * op add *tmp440 *tmp436 *tmp439
+ 1509 op add *tmp440 *tmp436 :buildTitaniumDrill*retval
  1510 op sub *tmp441 :buildTitaniumDrills:x 1
  1511 op add *tmp442 :buildTitaniumDrills:y 1
  1512 set :buildTitaniumDrill:x *tmp441
 
  1518 label *label387
  1519 set :buildTitaniumDrills:count :buildTitaniumDrill:count
  1520 set :buildTitaniumDrills:tiles :buildTitaniumDrill:tiles
-    * set *tmp443 :buildTitaniumDrill*retval
-    * op add *tmp444 *tmp440 *tmp443
+ 1521 op add *tmp444 *tmp440 :buildTitaniumDrill*retval
  1522 op add *tmp445 :buildTitaniumDrills:x 1
  1523 op add *tmp446 :buildTitaniumDrills:y 1
  1524 set :buildTitaniumDrill:x *tmp445
 
  1530 label *label388
  1531 set :buildTitaniumDrills:count :buildTitaniumDrill:count
  1532 set :buildTitaniumDrills:tiles :buildTitaniumDrill:tiles
-    * set *tmp447 :buildTitaniumDrill*retval
-    * op add *tmp448 *tmp444 *tmp447
-    * set :buildTitaniumDrills:built *tmp448
+ 1533 op add :buildTitaniumDrills:built *tmp444 :buildTitaniumDrill*retval
  1534 op equal *tmp449 :buildTitaniumDrills:built 0
  1535 jump *label389 equal *tmp449 false
  1536 set :buildTitaniumDrill:x :buildTitaniumDrills:x
 
  1542 label *label391
  1543 set :buildTitaniumDrills:count :buildTitaniumDrill:count
  1544 set :buildTitaniumDrills:tiles :buildTitaniumDrill:tiles
-    * set *tmp451 :buildTitaniumDrill*retval
-    * set :buildTitaniumDrills:built *tmp451
+ 1545 set :buildTitaniumDrills:built :buildTitaniumDrill*retval
  1546 jump *label390 always
  1547 label *label389
  1548 label *label390

Modifications by Iterated phase, Jump Straightening, pass 1, iteration 1 (-5 instructions):
 
   337 jump *label131 equal *tmp159 false
   338 label *label136
   339 sensor *tmp160 :fetchBlock:block :fetchBlock:item
-    * jump *label131 equal *tmp160 false
-    * jump *label129 always
+  340 jump *label129 notEqual *tmp160 false
   341 label *label131
   342 set :depositItems:block .core
   343 set :depositItems:item :fetchBlock:item
 
   413 jump *label150 equal *tmp173 false
   414 label *label155
   415 sensor *tmp174 .core :supplyBlockFromCore:item
-    * jump *label150 equal *tmp174 false
-    * jump *label148 always
+  416 jump *label148 notEqual *tmp174 false
   417 label *label150
   418 set :depositItems:block :supplyBlockFromCore:target
   419 set :depositItems:item :supplyBlockFromCore:item
 
   792 sensor *tmp290 .core @coal
   793 sensor *tmp291 .core @sand
   794 op lessThanEq *tmp292 *tmp290 *tmp291
-    * jump *label259 notEqual *tmp292 false
-    * jump *label257 always
+  795 jump *label257 equal *tmp292 false
   796 label *label259
   797 set *tmp293 @coal
   798 jump *label258 always
 
  1321 jump *label350 always
  1322 set *tmp382 null
  1323 label *label350
-    * jump *label352 equal *tmp382 @ore-titanium
-    * jump *label351 always
+ 1324 jump *label351 notEqual *tmp382 @ore-titanium
  1325 label *label352
  1326 op add :titaniumDrillScore:positive :titaniumDrillScore:positive 1
  1327 jump *label349 always
 
  1329 jump *label354 equal *tmp382 @ore-copper
  1330 jump *label354 equal *tmp382 @ore-lead
  1331 jump *label354 equal *tmp382 @ore-scrap
-    * jump *label354 equal *tmp382 @ore-coal
-    * jump *label353 always
+ 1332 jump *label353 notEqual *tmp382 @ore-coal
  1333 label *label354
  1334 op add :titaniumDrillScore:negative :titaniumDrillScore:negative 1
  1335 jump *label349 always

Modifications by Iterated phase, Condition Optimization, pass 1, iteration 1 (-76 instructions):
 
    35 set .builder @unit
    36 ulocate building core false @copper .coreX .coreY *tmp102 .core
    37 label *label57
-    * op equal *tmp103 .core null
-    * jump *label56 notEqual *tmp103 false
+   38 jump *label56 equal .core null
    39 label *label58
    40 set .sandContainer .core
    41 label *label55
 
    74 label *label65
    75 label *label66
    76 ucontrol within :moveTo:x :moveTo:y :moveTo:radius *tmp104
-    * op equal *tmp105 *tmp104 false
-    * jump *label68 equal *tmp105 false
+   77 jump *label68 notEqual *tmp104 false
    78 op sub *tmp106 :moveTo:radius 0.5
    79 ucontrol approach :moveTo:x :moveTo:y *tmp106
    80 label *label67
 
    90 label *label70
    91 label *label71
    92 sensor *tmp107 @unit @firstItem
-    * op notEqual *tmp108 *tmp107 null
-    * jump *label74 equal *tmp108 false
+   93 jump *label74 equal *tmp107 null
    94 ucontrol itemDrop @air 1000
    95 jump *label75 always
    96 label *label74
 
    98 ucontrol approach :moveToEmpty:x :moveToEmpty:y 5.5
    99 label *label72
   100 ucontrol within :moveToEmpty:x :moveToEmpty:y 6 *tmp110
-    * op equal *tmp111 *tmp110 false
-    * jump *label71 notEqual *tmp111 false
+  101 jump *label71 equal *tmp110 false
   102 label *label73
   103 label *label69
   104 return :moveToEmpty*retaddr
 
   106 label *label34
   107 label *label77
   108 sensor *tmp112 @unit @firstItem
-    * op notEqual *tmp113 *tmp112 null
-    * jump *label79 equal *tmp113 false
+  109 jump *label79 equal *tmp112 null
   110 ucontrol itemDrop @air 1000
   111 label *label78
   112 jump *label77 always
 
   132 call *label30 *invalid :status3*retval (m:*label83) (h:*label83)
   133 label *label83
   134 sensor *tmp116 @unit @firstItem
-    * op equal *tmp117 *tmp116 :depositItems:item
-    * jump *label84 equal *tmp117 false
+  135 jump *label84 notEqual *tmp116 :depositItems:item
   136 set :moveToBlock:block :depositItems:block
   137 set :moveToBlock:radius 6
   138 setaddr :moveToBlock*retaddr *label86 (h:*label86)
 
   145 sensor *tmp120 @unit @firstItem
   146 op mul *tmp121 *tmp120 :depositItems:cap
   147 sensor *tmp122 :depositItems:block :depositItems:item
-    * op greaterThan *tmp123 *tmp121 *tmp122
-    * jump *label87 notEqual *tmp123 false
+  148 jump *label87 greaterThan *tmp121 *tmp122
   149 label *label89
   150 jump *label85 always
   151 label *label84
   152 label *label90
   153 sensor *tmp124 @unit @firstItem
-    * op notEqual *tmp125 *tmp124 null
-    * jump *label92 equal *tmp125 false
+  154 jump *label92 equal *tmp124 null
   155 ucontrol itemDrop @air 1000
   156 label *label91
   157 jump *label90 always
 
   167 end
   168 label *label37
   169 ulocate ore core true :locateOre:ore :locateOre:x :locateOre:y *tmp126 *tmp127
-    * op equal *tmp128 *tmp126 false
-    * jump *label95 equal *tmp128 false
+  170 jump *label95 notEqual *tmp126 false
   171 error "Cannot locate ore"
   172 jump *label96 always
   173 label *label95
 
   194 call *label33 *invalid :moveToEmpty*retval (m:*label100) (h:*label100)
   195 label *label100
   196 sensor *tmp131 @unit @firstItem
-    * op notEqual *tmp132 *tmp131 :mineOre:ore
-    * jump *label101 equal *tmp132 false
+  197 jump *label101 equal *tmp131 :mineOre:ore
   198 setaddr :dropAll*retaddr *label103 (h:*label103)
   199 call *label34 *invalid :dropAll*retval (m:*label103) (h:*label103)
   200 label *label103
 
   217 label *label108
   218 label *label109
   219 ucontrol mine :mineOre:x :mineOre:y
-    * op greaterThan *tmp140 @second :mineOre:stop
-    * jump *label110 equal *tmp140 false
+  220 jump *label110 lessThanEq @second :mineOre:stop
   221 jump *label107 always
   222 jump *label111 always
   223 label *label110
   224 label *label111
-    * op equal *tmp142 .noTarget false
-    * jump *label112 equal *tmp142 false
+  225 jump *label112 notEqual .noTarget false
   226 setaddr :targetMet*retaddr *label116 (h:*label116)
   227 call *label46 *invalid :targetMet*retval (m:*label116) (h:*label116)
   228 label *label116
 
   236 label *label113
   237 label *label106
   238 sensor *tmp145 @unit @totalItems
-    * op lessThan *tmp146 *tmp145 :mineOre:amount
-    * jump *label105 notEqual *tmp146 false
+  239 jump *label105 lessThan *tmp145 :mineOre:amount
   240 label *label107
   241 ucontrol unbind
   242 set :depositItems:block :mineOre:block
 
   307 label *label129
   308 ucontrol itemTake :fetchBlock:block :fetchBlock:item 28
   309 sensor :fetchBlock:unitItem @unit @firstItem
-    * op notEqual *tmp155 :fetchBlock:unitItem null
-    * jump *label132 equal *tmp155 false
+  310 jump *label132 equal :fetchBlock:unitItem null
   311 label *label135
-    * op notEqual *tmp156 :fetchBlock:unitItem :fetchBlock:item
-    * jump *label132 equal *tmp156 false
+  312 jump *label132 equal :fetchBlock:unitItem :fetchBlock:item
   313 jump *label134 always
   314 label *label134
   315 ucontrol itemDrop @air 1000
 
   318 label *label133
   319 label *label130
   320 sensor *tmp158 @unit :fetchBlock:item
-    * op lessThan *tmp159 *tmp158 28
-    * jump *label131 equal *tmp159 false
+  321 jump *label131 greaterThanEq *tmp158 28
   322 label *label136
   323 sensor *tmp160 :fetchBlock:block :fetchBlock:item
   324 jump *label129 notEqual *tmp160 false
 
   341 sensor :supplyBlock:blockCapacity :supplyBlock:block @itemCapacity
   342 sensor *tmp162 :supplyBlock:block :supplyBlock:ore
   343 op sub :supplyBlock:missing :supplyBlock:blockCapacity *tmp162
-    * op greaterThan *tmp164 :supplyBlock:missing 0
-    * jump *label140 equal *tmp164 false
+  344 jump *label140 lessThanEq :supplyBlock:missing 0
   345 set :mineOre:ore :supplyBlock:ore
   346 set :mineOre:amount :supplyBlock:blockCapacity
   347 set :mineOre:block :supplyBlock:block
 
   379 label *label148
   380 ucontrol itemTake .core :supplyBlockFromCore:item :supplyBlockFromCore:cap
   381 sensor :supplyBlockFromCore:unitItem @unit @firstItem
-    * op notEqual *tmp169 :supplyBlockFromCore:unitItem null
-    * jump *label151 equal *tmp169 false
+  382 jump *label151 equal :supplyBlockFromCore:unitItem null
   383 label *label154
-    * op notEqual *tmp170 :supplyBlockFromCore:unitItem :supplyBlockFromCore:item
-    * jump *label151 equal *tmp170 false
+  384 jump *label151 equal :supplyBlockFromCore:unitItem :supplyBlockFromCore:item
   385 jump *label153 always
   386 label *label153
   387 ucontrol itemDrop @air 1000
 
   390 label *label152
   391 label *label149
   392 sensor *tmp172 @unit :supplyBlockFromCore:item
-    * op lessThan *tmp173 *tmp172 :supplyBlockFromCore:cap
-    * jump *label150 equal *tmp173 false
+  393 jump *label150 greaterThanEq *tmp172 :supplyBlockFromCore:cap
   394 label *label155
   395 sensor *tmp174 .core :supplyBlockFromCore:item
   396 jump *label148 notEqual *tmp174 false
 
   452 call *label28 *invalid :status1*retval (m:*label162) (h:*label162)
   453 label *label162
   454 sensor *tmp206 .thoriumBattery @totalPower
-    * op lessThan *tmp207 *tmp206 2000
-    * jump *label163 equal *tmp207 false
+  455 jump *label163 greaterThanEq *tmp206 2000
   456 sensor *tmp209 .thoriumGenerator @coal
-    * op equal *tmp210 *tmp209 0
-    * jump *label165 equal *tmp210 false
+  457 jump *label165 notEqual *tmp209 0
   458 sensor *tmp212 .core @coal
-    * op lessThan *tmp213 *tmp212 50
-    * jump *label167 equal *tmp213 false
+  459 jump *label167 greaterThanEq *tmp212 50
   460 set :supplyBlock:block .thoriumGenerator
   461 set :supplyBlock:ore @coal
   462 setaddr :supplyBlock*retaddr *label169 (h:*label169)
 
   482 call *label41 *invalid :fetchBlock*retval (m:*label171) (h:*label171)
   483 label *label171
   484 sensor *tmp215 .core @thorium
-    * op greaterThan *tmp216 *tmp215 400
-    * jump *label172 equal *tmp216 false
+  485 jump *label172 lessThanEq *tmp215 400
   486 set :setMonoTarget:target 0
   487 write :setMonoTarget:target AÕFFJS-micro-processor9 ".monoTarget"
   488 label *label174
 
   496 jump *label160 always
   497 label *label159
   498 read *tmp219 AÕFFJS-micro-processor9 ".monos"
-    * op greaterThan *tmp218 *tmp219 1
-    * jump *label176 equal *tmp218 false
+  499 jump *label176 lessThanEq *tmp219 1
   500 set :status1:text "Phase 1: supplying base"
   501 setaddr :status1*retaddr *label179 (h:*label179)
   502 call *label28 *invalid :status1*retval (m:*label179) (h:*label179)
 
   509 jump *label177 always
   510 label *label176
   511 set :supplyBase0:supplied false
-    * op equal *tmp221 A©JNJP-unloader6 null
-    * jump *label182 equal *tmp221 false
+  512 jump *label182 notEqual A©JNJP-unloader6 null
   513 sensor *tmp223 .core @graphite
-    * op lessThan *tmp224 *tmp223 graphite
-    * jump *label184 equal *tmp224 false
+  514 jump *label184 greaterThanEq *tmp223 graphite
   515 sensor *tmp226 AJEMJJ-graphite-press0 @coal
-    * op lessThan *tmp227 *tmp226 5
-    * jump *label186 equal *tmp227 false
+  516 jump *label186 greaterThanEq *tmp226 5
   517 set :status1:text "Goal 1: graphite requirement"
   518 setaddr :status1*retaddr *label188 (h:*label188)
   519 call *label28 *invalid :status1*retval (m:*label188) (h:*label188)
 
   531 label *label184
   532 label *label185
   533 sensor *tmp229 AJTJK-battery1 @totalPower
-    * op lessThan *tmp230 *tmp229 .powerTarget
-    * jump *label190 equal *tmp230 false
+  534 jump *label190 greaterThanEq *tmp229 .powerTarget
   535 sensor *tmp232 AJRJM-combustion-generator3 @coal
-    * op lessThan *tmp233 *tmp232 2
-    * jump *label192 equal *tmp233 false
+  536 jump *label192 greaterThanEq *tmp232 2
   537 set :status1:text "Goal 4: supplying generator"
   538 setaddr :status1*retaddr *label194 (h:*label194)
   539 call *label28 *invalid :status1*retval (m:*label194) (h:*label194)
 
   551 label *label190
   552 label *label191
   553 sensor *tmp235 .core @silicon
-    * op lessThan *tmp236 *tmp235 silicon
-    * jump *label196 equal *tmp236 false
+  554 jump *label196 greaterThanEq *tmp235 silicon
   555 sensor *tmp238 ALMQJN-silicon-smelter4 @coal
-    * op lessThan *tmp239 *tmp238 5
-    * jump *label198 equal *tmp239 false
+  556 jump *label198 greaterThanEq *tmp238 5
   557 set :status1:text "Goal 2: coal for silicon requirement"
   558 setaddr :status1*retaddr *label200 (h:*label200)
   559 call *label28 *invalid :status1*retval (m:*label200) (h:*label200)
 
   567 jump *label199 always
   568 label *label198
   569 sensor *tmp241 ALMQJN-silicon-smelter4 @sand
-    * op lessThan *tmp242 *tmp241 5
-    * jump *label202 equal *tmp242 false
+  570 jump *label202 greaterThanEq *tmp241 5
   571 jump *label204 equal .scrap false
   572 sensor *tmp245 AXPRJd-pulverizer26 @scrap
-    * op lessThan *tmp246 *tmp245 10
-    * jump *label206 equal *tmp246 false
+  573 jump *label206 greaterThanEq *tmp245 10
   574 set :status1:text "Goal 3a: scrap for silicon requirement"
   575 setaddr :status1*retaddr *label208 (h:*label208)
   576 call *label28 *invalid :status1*retval (m:*label208) (h:*label208)
 
   608 label *label182
   609 label *label183
   610 sensor *tmp248 .core @titanium
-    * op lessThan *tmp249 *tmp248 titanium
-    * jump *label212 equal *tmp249 false
+  611 jump *label212 greaterThanEq *tmp248 titanium
   612 sensor *tmp251 .core @titanium
   613 op sub *tmp252 titanium *tmp251
   614 op min *tmp250 5 *tmp252
 
   618 label *label213
   619 set :supplyBase0:titaniumTrigger *tmp250
   620 sensor *tmp254 .titaniumDrill @titanium
-    * op lessThan *tmp255 *tmp254 :supplyBase0:titaniumTrigger
-    * jump *label214 equal *tmp255 false
-    * op equal *tmp257 :supplyBase0:supplied false
-    * jump *label216 equal *tmp257 false
+  621 jump *label214 greaterThanEq *tmp254 :supplyBase0:titaniumTrigger
+  622 jump *label216 notEqual :supplyBase0:supplied false
   623 sensor *tmp259 AJTJK-battery1 @totalPower
   624 op mul *tmp260 A©JNJP-unloader6 .powerTarget
-    * op lessThan *tmp261 *tmp259 *tmp260
-    * jump *label218 equal *tmp261 false
+  625 jump *label218 greaterThanEq *tmp259 *tmp260
   626 set :status1:text "Goal 5: supplying generator"
   627 setaddr :status1*retaddr *label220 (h:*label220)
   628 call *label28 *invalid :status1*retval (m:*label220) (h:*label220)
 
   634 jump *label219 always
   635 label *label218
   636 sensor *tmp263 .core @silicon
-    * op lessThan *tmp264 *tmp263 silicon
-    * jump *label222 equal *tmp264 false
+  637 jump *label222 greaterThanEq *tmp263 silicon
   638 jump *label224 equal .scrap false
   639 set :status1:text "Goal 6: silicon requirement"
   640 setaddr :status1*retaddr *label226 (h:*label226)
 
   643 jump *label227 equal A¨SSJh-container30 false
   644 sensor :supplyBase0:coal .core @coal
   645 sensor :supplyBase0:sand A¨SSJh-container30 @sand
-    * op lessThan *tmp270 :supplyBase0:coal :supplyBase0:sand
-    * jump *label229 equal *tmp270 false
+  646 jump *label229 greaterThanEq :supplyBase0:coal :supplyBase0:sand
   647 set *tmp271 @coal
   648 jump *label230 always
   649 label *label229
   650 set *tmp271 @scrap
   651 label *label230
   652 set :supplyBase0:ore *tmp271
-    * op lessThan *tmp272 :supplyBase0:coal :supplyBase0:sand
-    * jump *label231 equal *tmp272 false
+  653 jump *label231 greaterThanEq :supplyBase0:coal :supplyBase0:sand
   654 set *tmp273 .core
   655 jump *label232 always
   656 label *label231
 
   677 label *label235
   678 sensor :supplyBase0:coal.1 .core @coal
   679 sensor :supplyBase0:sand.1 .core @sand
-    * op lessThan *tmp276 :supplyBase0:coal.1 :supplyBase0:sand.1
-    * jump *label236 equal *tmp276 false
+  680 jump *label236 greaterThanEq :supplyBase0:coal.1 :supplyBase0:sand.1
   681 set *tmp277 @coal
   682 jump *label237 always
   683 label *label236
 
   692 jump *label223 always
   693 label *label222
   694 sensor *tmp278 .core @copper
-    * op lessThan *tmp279 *tmp278 copper
-    * jump *label239 equal *tmp279 false
+  695 jump *label239 greaterThanEq *tmp278 copper
   696 set :status1:text "Goal 7: copper requirement"
   697 setaddr :status1*retaddr *label241 (h:*label241)
   698 call *label28 *invalid :status1*retval (m:*label241) (h:*label241)
 
   704 jump *label240 always
   705 label *label239
   706 sensor *tmp281 .core @lead
-    * op lessThan *tmp282 *tmp281 lead
-    * jump *label243 equal *tmp282 false
+  707 jump *label243 greaterThanEq *tmp281 lead
   708 set :status1:text "Goal 8: lead requirement"
   709 setaddr :status1*retaddr *label245 (h:*label245)
   710 call *label28 *invalid :status1*retval (m:*label245) (h:*label245)
 
   716 jump *label244 always
   717 label *label243
   718 sensor *tmp284 .core @metaglass
-    * op lessThan *tmp285 *tmp284 metaglass
-    * jump *label247 equal *tmp285 false
+  719 jump *label247 greaterThanEq *tmp284 metaglass
   720 set :status1:text "Goal 9: metaglass requirement"
   721 setaddr :status1*retaddr *label249 (h:*label249)
   722 call *label28 *invalid :status1*retval (m:*label249) (h:*label249)
 
   740 setaddr :status1*retaddr *label254 (h:*label254)
   741 call *label28 *invalid :status1*retval (m:*label254) (h:*label254)
   742 label *label254
-    * op equal *tmp288 A¨SSJh-container30 null
-    * jump *label255 equal *tmp288 false
+  743 jump *label255 notEqual A¨SSJh-container30 null
   744 jump *label259 notEqual .scrap false
   745 label *label260
   746 sensor *tmp290 .core @coal
   747 sensor *tmp291 .core @sand
-    * op lessThanEq *tmp292 *tmp290 *tmp291
-    * jump *label257 equal *tmp292 false
+  748 jump *label257 greaterThan *tmp290 *tmp291
   749 label *label259
   750 set *tmp293 @coal
   751 jump *label258 always
 
   762 sensor *tmp295 A¨SSJh-container30 @sand
   763 sensor *tmp296 A¨SSJh-container30 @scrap
   764 op add *tmp297 *tmp295 *tmp296
-    * op lessThanEq *tmp298 *tmp294 *tmp297
-    * jump *label262 equal *tmp298 false
+  765 jump *label262 greaterThan *tmp294 *tmp297
   766 set :mineOre.2:ore @coal
   767 setaddr :mineOre.2*retaddr *label264 (h:*label264)
   768 call *label40 *invalid :mineOre.2*retval (m:*label264) (h:*label264)
 
   805 end
   806 label *label46
   807 sensor *tmp300 .core @silicon
-    * op lessThan *tmp301 *tmp300 silicon
-    * jump *label269 equal *tmp301 false
+  808 jump *label269 greaterThanEq *tmp300 silicon
   809 write @silicon processor2 ".missing"
   810 set :targetMet*retval false
   811 jump *label268 always
 
   813 label *label269
   814 label *label270
   815 sensor *tmp303 .core @copper
-    * op lessThan *tmp304 *tmp303 copper
-    * jump *label271 equal *tmp304 false
+  816 jump *label271 greaterThanEq *tmp303 copper
   817 write @copper processor2 ".missing"
   818 set :targetMet*retval false
   819 jump *label268 always
 
   821 label *label271
   822 label *label272
   823 sensor *tmp306 .core @lead
-    * op lessThan *tmp307 *tmp306 lead
-    * jump *label273 equal *tmp307 false
+  824 jump *label273 greaterThanEq *tmp306 lead
   825 write @lead processor2 ".missing"
   826 set :targetMet*retval false
   827 jump *label268 always
 
   829 label *label273
   830 label *label274
   831 sensor *tmp309 .core @metaglass
-    * op lessThan *tmp310 *tmp309 metaglass
-    * jump *label275 equal *tmp310 false
+  832 jump *label275 greaterThanEq *tmp309 metaglass
   833 write @metaglass processor2 ".missing"
   834 set :targetMet*retval false
   835 jump *label268 always
 
   837 label *label275
   838 label *label276
   839 sensor *tmp312 .core @graphite
-    * op lessThan *tmp313 *tmp312 graphite
-    * jump *label277 equal *tmp313 false
+  840 jump *label277 greaterThanEq *tmp312 graphite
   841 write @graphite processor2 ".missing"
   842 set :targetMet*retval false
   843 jump *label268 always
 
   845 label *label277
   846 label *label278
   847 sensor *tmp315 .core @titanium
-    * op lessThan *tmp316 *tmp315 titanium
-    * jump *label279 equal *tmp316 false
+  848 jump *label279 greaterThanEq *tmp315 titanium
   849 write @titanium processor2 ".missing"
   850 set :targetMet*retval false
   851 jump *label268 always
 
   853 label *label279
   854 label *label280
   855 sensor *tmp318 .core @thorium
-    * op lessThan *tmp319 *tmp318 thorium
-    * jump *label281 equal *tmp319 false
+  856 jump *label281 greaterThanEq *tmp318 thorium
   857 write @thorium processor2 ".missing"
   858 set :targetMet*retval false
   859 jump *label268 always
 
   940 setaddr :targetMet*retaddr *label297 (h:*label297)
   941 call *label46 *invalid :targetMet*retval (m:*label297) (h:*label297)
   942 label *label297
-    * op equal *tmp334 :targetMet*retval false
-    * jump *label296 equal *tmp334 false
+  943 jump *label296 notEqual :targetMet*retval false
   944 setaddr :supplyBase*retaddr *label298 (h:*label298)
   945 call *label13 *invalid :supplyBase*retval (m:*label298) (h:*label298)
   946 label *label298
 
   958 setaddr :targetMet*retaddr *label305 (h:*label305)
   959 call *label46 *invalid :targetMet*retval (m:*label305) (h:*label305)
   960 label *label305
-    * op equal *tmp338 :targetMet*retval false
-    * jump *label304 equal *tmp338 false
+  961 jump *label304 notEqual :targetMet*retval false
   962 setaddr :supplyBase*retaddr *label306 (h:*label306)
   963 call *label13 *invalid :supplyBase*retval (m:*label306) (h:*label306)
   964 label *label306
 
  1039 end
  1040 label *label18
  1041 op add *tmp340 :buildRemoteBlock:x :buildRemoteBlock:y
-    * op greaterThan *tmp341 *tmp340 0
-    * jump *label314 equal *tmp341 false
+ 1042 jump *label314 lessThanEq *tmp340 0
  1043 set :unpackCfg:cfg :buildRemoteBlock:cfg
  1044 setaddr :unpackCfg*retaddr *label316 (h:*label316)
  1045 call *label45 *invalid :unpackCfg*retval (m:*label316) (h:*label316)
 
  1144 label *label323
  1145 label *label322
  1146 ucontrol getBlock :buildBlockAt:x :buildBlockAt:y :buildBlockAt:type :buildBlockAt:building *tmp348
-    * op notEqual *tmp349 :buildBlockAt:building null
-    * jump *label324 equal *tmp349 false
-    * op equal *tmp351 :buildBlockAt:type :buildBlockAt:block
-    * jump *label326 equal *tmp351 false
+ 1147 jump *label324 equal :buildBlockAt:building null
+ 1148 jump *label326 notEqual :buildBlockAt:type :buildBlockAt:block
  1149 set :buildBlockAt*retval :buildBlockAt:building
  1150 jump *label321 always
  1151 jump *label327 always
 
  1161 label *label328
  1162 ucontrol build :buildBlockAt:x :buildBlockAt:y :buildBlockAt:block :buildBlockAt:rotation :buildBlockAt:config
  1163 ucontrol getBlock :buildBlockAt:x :buildBlockAt:y :buildBlockAt:type :buildBlockAt:building *tmp354
-    * op equal *tmp355 :buildBlockAt:building null
-    * jump *label331 equal *tmp355 false
+ 1164 jump *label331 notEqual :buildBlockAt:building null
  1165 label *label334
-    * op equal *tmp356 :buildBlockAt:success false
-    * jump *label331 equal *tmp356 false
+ 1166 jump *label331 notEqual :buildBlockAt:success false
  1167 jump *label333 always
  1168 label *label333
  1169 error "Error while building $block at $x, $y: $type was found."
 
  1171 label *label331
  1172 set :buildBlockAt:success true
  1173 label *label332
-    * op equal *tmp358 :buildBlockAt:block @multiplicative-reconstructor
-    * jump *label335 equal *tmp358 false
+ 1174 jump *label335 notEqual :buildBlockAt:block @multiplicative-reconstructor
  1175 control enabled processor6 false
  1176 ubind @poly
-    * op notEqual *tmp361 @unit .builder
-    * jump *label337 equal *tmp361 false
+ 1177 jump *label337 equal @unit .builder
  1178 ucontrol approach :buildBlockAt:x :buildBlockAt:y 6
  1179 ucontrol build :buildBlockAt:x :buildBlockAt:y :buildBlockAt:block :buildBlockAt:rotation :buildBlockAt:config
  1180 jump *label338 always
 
  1184 label *label335
  1185 label *label336
  1186 label *label329
-    * op notEqual *tmp363 :buildBlockAt:type :buildBlockAt:block
-    * jump *label328 notEqual *tmp363 false
+ 1187 jump *label328 notEqual :buildBlockAt:type :buildBlockAt:block
  1188 label *label330
  1189 control enabled processor6 true
  1190 ubind .builder
 
  1200 op add *tmp372 :log:encodedId *tmp370
  1201 write *tmp372 bank1 *tmp368
  1202 label *label340
-    * op greaterThanEq *tmp373 :logBlock:index 0
-    * jump *label341 equal *tmp373 false
+ 1203 jump *label341 lessThan :logBlock:index 0
  1204 label *label344
-    * op lessThan *tmp374 :logBlock:index 36
-    * jump *label341 equal *tmp374 false
+ 1205 jump *label341 greaterThanEq :logBlock:index 36
  1206 jump *label343 always
  1207 label *label343
  1208 op shl *tmp376 1 :logBlock:index
 
  1272 return :titaniumDrillScore*retaddr
  1273 end
  1274 label *label49
-    * op lessThan *tmp388 :buildTitaniumDrill:count .MAX_COUNT
-    * jump *label356 equal *tmp388 false
-    * op lessThan *tmp390 :buildTitaniumDrill:tiles .MAX_TILES
-    * jump *label358 equal *tmp390 false
+ 1275 jump *label356 greaterThanEq :buildTitaniumDrill:count .MAX_COUNT
+ 1276 jump *label358 greaterThanEq :buildTitaniumDrill:tiles .MAX_TILES
  1277 set :moveTo.2:x :buildTitaniumDrill:x
  1278 set :moveTo.2:y :buildTitaniumDrill:y
  1279 set *tmp392 :moveTo.2:x
 
  1350 call *label23 *invalid :buildBlockAt*retval (m:*label369) (h:*label369)
  1351 label *label369
  1352 set :buildTitaniumDrill:drill :buildBlockAt*retval
-    * op notEqual *tmp410 :buildTitaniumDrill:drill null
-    * jump *label370 equal *tmp410 false
+ 1353 jump *label370 equal :buildTitaniumDrill:drill null
  1354 write :buildTitaniumDrill:drill processor4 ":addTitaniumDrill:drill"
  1355 write false processor4 ":addTitaniumDrill*finished"
  1356 write 1 processor4 "@counter"
 
  1397 label *label377
  1398 label *label380
  1399 read *tmp418 processor3 ".locations"
-    * op lessThan *tmp417 :buildTitaniumDrills:current *tmp418
-    * jump *label382 equal *tmp417 false
+ 1400 jump *label382 greaterThanEq :buildTitaniumDrills:current *tmp418
  1401 op mul :buildTitaniumDrills:index :buildTitaniumDrills:current 4
  1402 op add *tmp420 :buildTitaniumDrills:index 1
  1403 read :buildTitaniumDrills:size bank1 *tmp420
-    * op greaterThanEq *tmp424 :buildTitaniumDrills:size 3
-    * jump *label383 equal *tmp424 false
+ 1404 jump *label383 lessThan :buildTitaniumDrills:size 3
  1405 op add *tmp427 :buildTitaniumDrills:index 2
  1406 read :buildTitaniumDrills:x bank1 *tmp427
  1407 op add *tmp430 :buildTitaniumDrills:index 3
 
  1454 set :buildTitaniumDrills:count :buildTitaniumDrill:count
  1455 set :buildTitaniumDrills:tiles :buildTitaniumDrill:tiles
  1456 op add :buildTitaniumDrills:built *tmp444 :buildTitaniumDrill*retval
-    * op equal *tmp449 :buildTitaniumDrills:built 0
-    * jump *label389 equal *tmp449 false
+ 1457 jump *label389 notEqual :buildTitaniumDrills:built 0
  1458 set :buildTitaniumDrill:x :buildTitaniumDrills:x
  1459 set :buildTitaniumDrill:y :buildTitaniumDrills:y
  1460 set :buildTitaniumDrill:count :buildTitaniumDrills:count
 
  1475 label *label381
  1476 jump *label380 always
  1477 label *label382
-    * op greaterThanEq *tmp453 :buildTitaniumDrills:tiles .MAX_TILES
-    * jump *label392 equal *tmp453 false
+ 1478 jump *label392 lessThan :buildTitaniumDrills:tiles .MAX_TILES
  1479 jump *label379 always
  1480 jump *label393 always
  1481 label *label392
  1482 label *label393
-    * op greaterThanEq *tmp455 :buildTitaniumDrills:count .MAX_COUNT
-    * jump *label394 equal *tmp455 false
+ 1483 jump *label394 lessThan :buildTitaniumDrills:count .MAX_COUNT
  1484 jump *label379 always
  1485 jump *label395 always
  1486 label *label394
  1487 label *label395
  1488 label *label378
  1489 read *tmp458 processor3 ".searchFinished"
-    * op equal *tmp457 *tmp458 false
-    * jump *label377 notEqual *tmp457 false
+ 1490 jump *label377 equal *tmp458 false
  1491 label *label379
  1492 label *label374
  1493 set :buildTitaniumDrills*finished true

Modifications by Iterated phase, Single Step Elimination, pass 1, iteration 1 (-50 instructions):
 
    92 sensor *tmp107 @unit @firstItem
    93 jump *label74 equal *tmp107 null
    94 ucontrol itemDrop @air 1000
-    * jump *label75 always
    95 label *label74
    96 label *label75
    97 ucontrol approach :moveToEmpty:x :moveToEmpty:y 5.5
 
   168 ulocate ore core true :locateOre:ore :locateOre:x :locateOre:y *tmp126 *tmp127
   169 jump *label95 notEqual *tmp126 false
   170 error "Cannot locate ore"
-    * jump *label96 always
   171 label *label95
   172 label *label96
   173 label *label94
 
   196 setaddr :dropAll*retaddr *label103 (h:*label103)
   197 call *label34 *invalid :dropAll*retval (m:*label103) (h:*label103)
   198 label *label103
-    * jump *label102 always
   199 label *label101
   200 label *label102
   201 set :status3:text "Mining..."
 
   210 op land *tmp138 *tmp136 *tmp137
   211 jump *label108 equal *tmp138 false
   212 jump *label107 always
-    * jump *label109 always
   213 label *label108
   214 label *label109
   215 ucontrol mine :mineOre:x :mineOre:y
   216 jump *label110 lessThanEq @second :mineOre:stop
   217 jump *label107 always
-    * jump *label111 always
   218 label *label110
   219 label *label111
   220 jump *label112 notEqual .noTarget false
 
   223 label *label116
   224 jump *label114 equal :targetMet*retval false
   225 jump *label107 always
-    * jump *label115 always
   226 label *label114
   227 label *label115
-    * jump *label113 always
   228 label *label112
   229 label *label113
   230 label *label106
 
   303 jump *label132 equal :fetchBlock:unitItem null
   304 label *label135
   305 jump *label132 equal :fetchBlock:unitItem :fetchBlock:item
-    * jump *label134 always
   306 label *label134
   307 ucontrol itemDrop @air 1000
-    * jump *label133 always
   308 label *label132
   309 label *label133
   310 label *label130
 
   339 setaddr :mineOre*retaddr *label142 (h:*label142)
   340 call *label38 *invalid :mineOre*retval (m:*label142) (h:*label142)
   341 label *label142
-    * jump *label141 always
   342 label *label140
   343 label *label141
   344 label *label138
 
   372 jump *label151 equal :supplyBlockFromCore:unitItem null
   373 label *label154
   374 jump *label151 equal :supplyBlockFromCore:unitItem :supplyBlockFromCore:item
-    * jump *label153 always
   375 label *label153
   376 ucontrol itemDrop @air 1000
-    * jump *label152 always
   377 label *label151
   378 label *label152
   379 label *label149
 
   458 call *label43 *invalid :supplyBlockFromCore*retval (m:*label170) (h:*label170)
   459 label *label170
   460 label *label168
-    * jump *label166 always
   461 label *label165
   462 label *label166
-    * jump *label164 always
   463 label *label163
   464 label *label164
   465 set :fetchBlock:block .thoriumContainer
 
   475 set :setPolyTarget:target 4
   476 write :setPolyTarget:target AÕFFJS-micro-processor9 ".polyTarget"
   477 label *label175
-    * jump *label173 always
   478 label *label172
   479 label *label173
   480 label *label161
 
   509 call *label42 *invalid :supplyBlock*retval (m:*label189) (h:*label189)
   510 label *label189
   511 set :supplyBase0:supplied true
-    * jump *label187 always
   512 label *label186
   513 label *label187
-    * jump *label185 always
   514 label *label184
   515 label *label185
   516 sensor *tmp229 AJTJK-battery1 @totalPower
 
   527 call *label42 *invalid :supplyBlock*retval (m:*label195) (h:*label195)
   528 label *label195
   529 jump *label181 always
-    * jump *label193 always
   530 label *label192
   531 label *label193
-    * jump *label191 always
   532 label *label190
   533 label *label191
   534 sensor *tmp235 .core @silicon
 
   562 call *label42 *invalid :supplyBlock*retval (m:*label209) (h:*label209)
   563 label *label209
   564 set :supplyBase0:supplied true
-    * jump *label207 always
   565 label *label206
   566 label *label207
   567 jump *label205 always
 
   577 label *label211
   578 set :supplyBase0:supplied true
   579 label *label205
-    * jump *label203 always
   580 label *label202
   581 label *label203
   582 label *label199
-    * jump *label197 always
   583 label *label196
   584 label *label197
-    * jump *label183 always
   585 label *label182
   586 label *label183
   587 sensor *tmp248 .core @titanium
 
   758 label *label240
   759 label *label223
   760 label *label219
-    * jump *label217 always
   761 label *label216
   762 label *label217
   763 jump *label215 always
 
   785 write @silicon processor2 ".missing"
   786 set :targetMet*retval false
   787 jump *label268 always
-    * jump *label270 always
   788 label *label269
   789 label *label270
   790 sensor *tmp303 .core @copper
 
   792 write @copper processor2 ".missing"
   793 set :targetMet*retval false
   794 jump *label268 always
-    * jump *label272 always
   795 label *label271
   796 label *label272
   797 sensor *tmp306 .core @lead
 
   799 write @lead processor2 ".missing"
   800 set :targetMet*retval false
   801 jump *label268 always
-    * jump *label274 always
   802 label *label273
   803 label *label274
   804 sensor *tmp309 .core @metaglass
 
   806 write @metaglass processor2 ".missing"
   807 set :targetMet*retval false
   808 jump *label268 always
-    * jump *label276 always
   809 label *label275
   810 label *label276
   811 sensor *tmp312 .core @graphite
 
   813 write @graphite processor2 ".missing"
   814 set :targetMet*retval false
   815 jump *label268 always
-    * jump *label278 always
   816 label *label277
   817 label *label278
   818 sensor *tmp315 .core @titanium
 
   820 write @titanium processor2 ".missing"
   821 set :targetMet*retval false
   822 jump *label268 always
-    * jump *label280 always
   823 label *label279
   824 label *label280
   825 sensor *tmp318 .core @thorium
 
   827 write @thorium processor2 ".missing"
   828 set :targetMet*retval false
   829 jump *label268 always
-    * jump *label282 always
   830 label *label281
   831 label *label282
   832 set :targetMet*retval true
 
   934 label *label303
   935 jump *label302 always
   936 label *label304
-    * jump *label300 always
   937 label *label299
   938 label *label300
   939 label *label283
 
  1040 label *label317
  1041 set :buildRemoteBlock*retval :buildBlock*retval
  1042 jump *label313 always
-    * jump *label315 always
  1043 label *label314
  1044 label *label315
  1045 set :buildRemoteBlock*retval false
 
  1115 jump *label326 notEqual :buildBlockAt:type :buildBlockAt:block
  1116 set :buildBlockAt*retval :buildBlockAt:building
  1117 jump *label321 always
-    * jump *label327 always
  1118 label *label326
  1119 label *label327
  1120 error "Cannot build $block at position ($x, $y): $type is already there."
-    * jump *label325 always
  1121 label *label324
  1122 label *label325
  1123 ucontrol build :buildBlockAt:x :buildBlockAt:y :buildBlockAt:block :buildBlockAt:rotation :buildBlockAt:config
 
  1129 jump *label331 notEqual :buildBlockAt:building null
  1130 label *label334
  1131 jump *label331 notEqual :buildBlockAt:success false
-    * jump *label333 always
  1132 label *label333
  1133 error "Error while building $block at $x, $y: $type was found."
  1134 jump *label332 always
 
  1141 jump *label337 equal @unit .builder
  1142 ucontrol approach :buildBlockAt:x :buildBlockAt:y 6
  1143 ucontrol build :buildBlockAt:x :buildBlockAt:y :buildBlockAt:block :buildBlockAt:rotation :buildBlockAt:config
-    * jump *label338 always
  1144 label *label337
  1145 label *label338
-    * jump *label336 always
  1146 label *label335
  1147 label *label336
  1148 label *label329
 
  1165 jump *label341 lessThan :logBlock:index 0
  1166 label *label344
  1167 jump *label341 greaterThanEq :logBlock:index 36
-    * jump *label343 always
  1168 label *label343
  1169 op shl *tmp376 1 :logBlock:index
  1170 read *tmp377 processor2 ".blocksBuilt"
  1171 op or *tmp378 *tmp377 *tmp376
  1172 write *tmp378 processor2 ".blocksBuilt"
  1173 write :logBlock:index processor2 ".recentBuildIndex"
-    * jump *label342 always
  1174 label *label341
  1175 label *label342
  1176 label *label339
 
  1225 jump *label353 notEqual *tmp382 @ore-coal
  1226 label *label354
  1227 op add :titaniumDrillScore:negative :titaniumDrillScore:negative 1
-    * jump *label349 always
  1228 label *label353
  1229 label *label349
  1230 label *label348
 
  1325 op add :buildTitaniumDrill:tiles :buildTitaniumDrill:tiles .positive
  1326 set :buildTitaniumDrill*retval .positive
  1327 jump *label355 always
-    * jump *label371 always
  1328 label *label370
  1329 label *label371
-    * jump *label367 always
  1330 label *label366
  1331 label *label367
-    * jump *label359 always
  1332 label *label358
  1333 label *label359
-    * jump *label357 always
  1334 label *label356
  1335 label *label357
  1336 set :buildTitaniumDrill*retval 0
 
  1344 set :buildTitaniumDrills:tiles 0
  1345 jump *label375 equal .scrap false
  1346 op add .MAX_TILES .MAX_TILES 2
-    * jump *label376 always
  1347 label *label375
  1348 label *label376
  1349 wait 0.0001
 
  1419 set :buildTitaniumDrills:count :buildTitaniumDrill:count
  1420 set :buildTitaniumDrills:tiles :buildTitaniumDrill:tiles
  1421 set :buildTitaniumDrills:built :buildTitaniumDrill*retval
-    * jump *label390 always
  1422 label *label389
  1423 label *label390
-    * jump *label384 always
  1424 label *label383
  1425 label *label384
  1426 op add :buildTitaniumDrills:current :buildTitaniumDrills:current 1
 
  1429 label *label382
  1430 jump *label392 lessThan :buildTitaniumDrills:tiles .MAX_TILES
  1431 jump *label379 always
-    * jump *label393 always
  1432 label *label392
  1433 label *label393
  1434 jump *label394 lessThan :buildTitaniumDrills:count .MAX_COUNT
  1435 jump *label379 always
-    * jump *label395 always
  1436 label *label394
  1437 label *label395
  1438 label *label378

Modifications by Iterated phase, Data Flow Optimization, pass 1, iteration 1 (-8 instructions):
 
   186 label *label99
   187 set :mineOre:x :locateOre:x
   188 set :mineOre:y :locateOre:y
-    * set :moveToEmpty:x :mineOre:x
-    * set :moveToEmpty:y :mineOre:y
+  189 set :moveToEmpty:x :locateOre:x
+  190 set :moveToEmpty:y :locateOre:y
   191 setaddr :moveToEmpty*retaddr *label100 (h:*label100)
   192 call *label33 *invalid :moveToEmpty*retval (m:*label100) (h:*label100)
   193 label *label100
 
   249 label *label119
   250 set *tmp147 :mineOre.1:ore
   251 set *tmp148 :mineOre.1:block
-    * set :mineOre:ore *tmp147
+  252 set :mineOre:ore :mineOre.1:ore
   253 set :mineOre:amount 28
-    * set :mineOre:block *tmp148
+  254 set :mineOre:block :mineOre.1:block
   255 setaddr :mineOre*retaddr *label120 (h:*label120)
   256 call *label38 *invalid :mineOre*retval (m:*label120) (h:*label120)
   257 label *label120
 
   393 end
   394 label *label45
   395 set :unpackCfg:index 1
-    * set *tmp175 :unpackCfg:index
-    * op add :unpackCfg:index :unpackCfg:index 1
+  396 set *tmp175 1
+  397 op add :unpackCfg:index 1 1
   398 read *tmp176 :unpackCfg:cfg *tmp175
   399 op sub *tmp177 *tmp176 74
   400 lookup block :unpackCfg:type *tmp177
-    * set *tmp179 :unpackCfg:index
-    * op add :unpackCfg:index :unpackCfg:index 1
+  401 set *tmp179 2
+  402 op add :unpackCfg:index 2 1
   403 read *tmp180 :unpackCfg:cfg *tmp179
   404 op sub *tmp181 *tmp180 74
   405 op div :unpackCfg:x *tmp181 2
-    * set *tmp183 :unpackCfg:index
-    * op add :unpackCfg:index :unpackCfg:index 1
+  406 set *tmp183 3
+  407 op add :unpackCfg:index 3 1
   408 read *tmp184 :unpackCfg:cfg *tmp183
   409 op sub *tmp185 *tmp184 74
   410 op div :unpackCfg:y *tmp185 2
-    * set *tmp187 :unpackCfg:index
-    * op add :unpackCfg:index :unpackCfg:index 1
+  411 set *tmp187 4
+  412 op add :unpackCfg:index 4 1
   413 read *tmp188 :unpackCfg:cfg *tmp187
   414 op sub :unpackCfg:rotation *tmp188 74
-    * set *tmp190 :unpackCfg:index
-    * op add :unpackCfg:index :unpackCfg:index 1
+  415 set *tmp190 5
+  416 op add :unpackCfg:index 5 1
   417 read *tmp191 :unpackCfg:cfg *tmp190
   418 op sub :unpackCfg:ind *tmp191 74
   419 sensor :unpackCfg:cu :unpackCfg:type @copper
 
   470 sensor *tmp215 .core @thorium
   471 jump *label172 lessThanEq *tmp215 400
   472 set :setMonoTarget:target 0
-    * write :setMonoTarget:target AÕFFJS-micro-processor9 ".monoTarget"
+  473 write 0 AÕFFJS-micro-processor9 ".monoTarget"
   474 label *label174
   475 set :setPolyTarget:target 4
-    * write :setPolyTarget:target AÕFFJS-micro-processor9 ".polyTarget"
+  476 write 4 AÕFFJS-micro-processor9 ".polyTarget"
   477 label *label175
   478 label *label172
   479 label *label173
 
   595 label *label213
   596 set :supplyBase0:titaniumTrigger *tmp250
   597 sensor *tmp254 .titaniumDrill @titanium
-    * jump *label214 greaterThanEq *tmp254 :supplyBase0:titaniumTrigger
+  598 jump *label214 greaterThanEq *tmp254 *tmp250
   599 jump *label216 notEqual :supplyBase0:supplied false
   600 sensor *tmp259 AJTJK-battery1 @totalPower
   601 op mul *tmp260 A©JNJP-unloader6 .powerTarget
 
   634 set *tmp273 A¨SSJh-container30
   635 label *label232
   636 set :supplyBase0:block *tmp273
-    * set :mineOre.1:ore :supplyBase0:ore
-    * set :mineOre.1:block :supplyBase0:block
+  637 set :mineOre.1:ore *tmp271
+  638 set :mineOre.1:block *tmp273
   639 setaddr :mineOre.1*retaddr *label233 (h:*label233)
   640 call *label39 *invalid :mineOre.1*retval (m:*label233) (h:*label233)
   641 label *label233
 
   661 set *tmp277 @sand
   662 label *label237
   663 set :supplyBase0:ore.1 *tmp277
-    * set :mineOre.2:ore :supplyBase0:ore.1
+  664 set :mineOre.2:ore *tmp277
   665 setaddr :mineOre.2*retaddr *label238 (h:*label238)
   666 call *label40 *invalid :mineOre.2*retval (m:*label238) (h:*label238)
   667 label *label238
 
   831 label *label282
   832 set :targetMet*retval true
   833 jump *label268 always
-    * set :targetMet*retval null
   834 label *label268
   835 return :targetMet*retaddr
   836 end
 
   903 op add *tmp332 :meetTarget:graphite *tmp331
   904 write *tmp332 AÕFFJS-micro-processor9 ".graphiteReserve"
   905 write lead processor5 ".leadTarget"
-    * write copper processor5 ".copperTarget"
+  906 write :meetTarget:copper processor5 ".copperTarget"
   907 label *label294
   908 setaddr :targetMet*retaddr *label297 (h:*label297)
   909 call *label46 *invalid :targetMet*retval (m:*label297) (h:*label297)
 
   954 set :meetTargetCfg:ti :unpackCfg:ti
   955 set :meetTargetCfg:mg :unpackCfg:mg
   956 set :meetTargetCfg:th :unpackCfg:th
-    * set :meetTarget:block :meetTargetCfg:type
-    * set :meetTarget:copper :meetTargetCfg:cu
-    * set :meetTarget:lead :meetTargetCfg:pb
-    * set :meetTarget:graphite :meetTargetCfg:gr
-    * set :meetTarget:silicon :meetTargetCfg:si
-    * set :meetTarget:titanium :meetTargetCfg:ti
-    * set :meetTarget:metaglass :meetTargetCfg:mg
-    * set :meetTarget:thorium :meetTargetCfg:th
+  957 set :meetTarget:block :unpackCfg:type
+  958 set :meetTarget:copper :unpackCfg:cu
+  959 set :meetTarget:lead :unpackCfg:pb
+  960 set :meetTarget:graphite :unpackCfg:gr
+  961 set :meetTarget:silicon :unpackCfg:si
+  962 set :meetTarget:titanium :unpackCfg:ti
+  963 set :meetTarget:metaglass :unpackCfg:mg
+  964 set :meetTarget:thorium :unpackCfg:th
   965 set :meetTarget:forBuild :meetTargetCfg:forBuild
   966 set :meetTarget:isNoTarget false
   967 setaddr :meetTarget*retaddr *label309 (h:*label309)
 
   998 set :buildBlock:built :buildBlockAt*retval
   999 write false AÕFFJS-micro-processor9 ":buildStop*finished"
  1000 write 2 AÕFFJS-micro-processor9 "@counter"
-    * set :buildBlock*retval :buildBlock:built
+ 1001 set :buildBlock*retval :buildBlockAt*retval
  1002 jump *label310 always
-    * set :buildBlock*retval null
  1003 label *label310
  1004 return :buildBlock*retaddr
  1005 end
 
  1020 set :buildRemoteBlock:th :unpackCfg:th
  1021 set :buildRemoteBlock:rotation :unpackCfg:rotation
  1022 set :buildRemoteBlock:index :unpackCfg:ind
-    * set :buildBlock:block :buildRemoteBlock:type
+ 1023 set :buildBlock:block :unpackCfg:type
  1024 set :buildBlock:x :buildRemoteBlock:x
  1025 set :buildBlock:y :buildRemoteBlock:y
-    * set :buildBlock:copper :buildRemoteBlock:cu
-    * set :buildBlock:lead :buildRemoteBlock:pb
-    * set :buildBlock:graphite :buildRemoteBlock:gr
-    * set :buildBlock:silicon :buildRemoteBlock:si
-    * set :buildBlock:titanium :buildRemoteBlock:ti
-    * set :buildBlock:metaglass :buildRemoteBlock:mg
-    * set :buildBlock:thorium :buildRemoteBlock:th
-    * set :buildBlock:rotation :buildRemoteBlock:rotation
+ 1026 set :buildBlock:copper :unpackCfg:cu
+ 1027 set :buildBlock:lead :unpackCfg:pb
+ 1028 set :buildBlock:graphite :unpackCfg:gr
+ 1029 set :buildBlock:silicon :unpackCfg:si
+ 1030 set :buildBlock:titanium :unpackCfg:ti
+ 1031 set :buildBlock:metaglass :unpackCfg:mg
+ 1032 set :buildBlock:thorium :unpackCfg:th
+ 1033 set :buildBlock:rotation :unpackCfg:rotation
  1034 set :buildBlock:config null
-    * set :buildBlock:index :buildRemoteBlock:index
+ 1035 set :buildBlock:index :unpackCfg:ind
  1036 setaddr :buildBlock*retaddr *label317 (h:*label317)
  1037 call *label47 *invalid :buildBlock*retval (m:*label317) (h:*label317)
  1038 label *label317
 
  1042 label *label315
  1043 set :buildRemoteBlock*retval false
  1044 jump *label313 always
-    * set :buildRemoteBlock*retval null
  1045 label *label313
  1046 set :buildRemoteBlock*finished true
  1047 jump *label59 always
 
  1063 set :buildBlockFromCfg:th :unpackCfg:th
  1064 set :buildBlockFromCfg:rotation :unpackCfg:rotation
  1065 set :buildBlockFromCfg:index :unpackCfg:ind
-    * op add *tmp343 .coreX :buildBlockFromCfg:x
-    * op add *tmp344 .coreY :buildBlockFromCfg:y
-    * set :buildBlock:block :buildBlockFromCfg:type
+ 1066 op add *tmp343 .coreX :unpackCfg:x
+ 1067 op add *tmp344 .coreY :unpackCfg:y
+ 1068 set :buildBlock:block :unpackCfg:type
  1069 set :buildBlock:x *tmp343
  1070 set :buildBlock:y *tmp344
-    * set :buildBlock:copper :buildBlockFromCfg:cu
-    * set :buildBlock:lead :buildBlockFromCfg:pb
-    * set :buildBlock:graphite :buildBlockFromCfg:gr
-    * set :buildBlock:silicon :buildBlockFromCfg:si
-    * set :buildBlock:titanium :buildBlockFromCfg:ti
-    * set :buildBlock:metaglass :buildBlockFromCfg:mg
-    * set :buildBlock:thorium :buildBlockFromCfg:th
-    * set :buildBlock:rotation :buildBlockFromCfg:rotation
+ 1071 set :buildBlock:copper :unpackCfg:cu
+ 1072 set :buildBlock:lead :unpackCfg:pb
+ 1073 set :buildBlock:graphite :unpackCfg:gr
+ 1074 set :buildBlock:silicon :unpackCfg:si
+ 1075 set :buildBlock:titanium :unpackCfg:ti
+ 1076 set :buildBlock:metaglass :unpackCfg:mg
+ 1077 set :buildBlock:thorium :unpackCfg:th
+ 1078 set :buildBlock:rotation :unpackCfg:rotation
  1079 set :buildBlock:config :buildBlockFromCfg:config
-    * set :buildBlock:index :buildBlockFromCfg:index
+ 1080 set :buildBlock:index :unpackCfg:ind
  1081 setaddr :buildBlock*retaddr *label320 (h:*label320)
  1082 call *label47 *invalid :buildBlock*retval (m:*label320) (h:*label320)
  1083 label *label320
  1084 set :buildBlockFromCfg:building :buildBlock*retval
-    * write :buildBlockFromCfg:building @this :buildBlockFromCfg:cfg
-    * write :buildBlockFromCfg:building processor2 :buildBlockFromCfg:cfg
-    * write :buildBlockFromCfg:building AÕFFJS-micro-processor9 :buildBlockFromCfg:cfg
-    * write :buildBlockFromCfg:building processor1 :buildBlockFromCfg:cfg
-    * set :buildBlockFromCfg*retval :buildBlockFromCfg:building
+ 1085 write :buildBlock*retval @this :buildBlockFromCfg:cfg
+ 1086 write :buildBlock*retval processor2 :buildBlockFromCfg:cfg
+ 1087 write :buildBlock*retval AÕFFJS-micro-processor9 :buildBlockFromCfg:cfg
+ 1088 write :buildBlock*retval processor1 :buildBlockFromCfg:cfg
+ 1089 set :buildBlockFromCfg*retval :buildBlock*retval
  1090 jump *label318 always
-    * set :buildBlockFromCfg*retval null
  1091 label *label318
  1092 set :buildBlockFromCfg*finished true
  1093 jump *label59 always
 
  1097 label *label23
  1098 set :moveTo.1:x :buildBlockAt:x
  1099 set :moveTo.1:y :buildBlockAt:y
-    * set *tmp345 :moveTo.1:x
-    * set *tmp346 :moveTo.1:y
-    * set :moveTo:x *tmp345
-    * set :moveTo:y *tmp346
+ 1100 set *tmp345 :buildBlockAt:x
+ 1101 set *tmp346 :buildBlockAt:y
+ 1102 set :moveTo:x :moveTo.1:x
+ 1103 set :moveTo:y :moveTo.1:y
  1104 set :moveTo:radius 6
  1105 setaddr :moveTo*retaddr *label323 (h:*label323)
  1106 call *label32 *invalid :moveTo*retval (m:*label323) (h:*label323)
 
  1148 ubind .builder
  1149 set :logBlock:block :buildBlockAt:block
  1150 set :logBlock:index :buildBlockAt:index
-    * sensor :log:encodedId :logBlock:block @id
+ 1151 sensor :log:encodedId :buildBlockAt:block @id
  1152 read *tmp366 bank1 511
  1153 op sub *tmp367 *tmp366 1
  1154 write *tmp367 bank1 511
 
  1156 read *tmp371 processor7 "time"
  1157 op mul *tmp370 *tmp371 1000
  1158 op add *tmp372 :log:encodedId *tmp370
-    * write *tmp372 bank1 *tmp368
+ 1159 write *tmp372 bank1 *tmp367
  1160 label *label340
-    * jump *label341 lessThan :logBlock:index 0
+ 1161 jump *label341 lessThan :buildBlockAt:index 0
  1162 label *label344
-    * jump *label341 greaterThanEq :logBlock:index 36
+ 1163 jump *label341 greaterThanEq :buildBlockAt:index 36
  1164 label *label343
-    * op shl *tmp376 1 :logBlock:index
+ 1165 op shl *tmp376 1 :buildBlockAt:index
  1166 read *tmp377 processor2 ".blocksBuilt"
  1167 op or *tmp378 *tmp377 *tmp376
  1168 write *tmp378 processor2 ".blocksBuilt"
-    * write :logBlock:index processor2 ".recentBuildIndex"
+ 1169 write :buildBlockAt:index processor2 ".recentBuildIndex"
  1170 label *label341
  1171 label *label342
  1172 label *label339
  1173 set :buildBlockAt*retval :buildBlockAt:building
  1174 jump *label321 always
-    * set :buildBlockAt*retval null
  1175 label *label321
  1176 set :buildBlockAt*finished true
  1177 return :buildBlockAt*retaddr
 
  1187 call *label23 *invalid :buildBlockAt*retval (m:*label346) (h:*label346)
  1188 label *label346
  1189 set :buildFirstTitaniumDrillAt:drill :buildBlockAt*retval
-    * write :buildFirstTitaniumDrillAt:drill processor4 ":addTitaniumDrill:drill"
+ 1190 write :buildBlockAt*retval processor4 ":addTitaniumDrill:drill"
  1191 write false processor4 ":addTitaniumDrill*finished"
  1192 write 1 processor4 "@counter"
  1193 label *label347
  1194 wait 0
  1195 read *tmp380 processor4 ":addTitaniumDrill*finished"
  1196 jump *label347 equal *tmp380 false
-    * set :buildFirstTitaniumDrillAt*retval :buildFirstTitaniumDrillAt:drill
+ 1197 set :buildFirstTitaniumDrillAt*retval :buildBlockAt*retval
  1198 jump *label345 always
-    * set :buildFirstTitaniumDrillAt*retval null
  1199 label *label345
  1200 set :buildFirstTitaniumDrillAt*finished true
  1201 jump *label59 always
 
  1203 label *label48
  1204 set :getFloor:x :titaniumDrillScore:x
  1205 set :getFloor:y :titaniumDrillScore:y
-    * ucontrol getBlock :getFloor:x :getFloor:y *tmp384 *tmp383 :getFloor:floor
+ 1206 ucontrol getBlock :titaniumDrillScore:x :titaniumDrillScore:y *tmp384 *tmp383 :getFloor:floor
  1207 set *tmp382 :getFloor:floor
  1208 jump *label350 always
-    * set *tmp382 null
  1209 label *label350
-    * jump *label351 notEqual *tmp382 @ore-titanium
+ 1210 jump *label351 notEqual :getFloor:floor @ore-titanium
  1211 label *label352
  1212 op add :titaniumDrillScore:positive :titaniumDrillScore:positive 1
  1213 jump *label349 always
  1214 label *label351
-    * jump *label354 equal *tmp382 @ore-copper
-    * jump *label354 equal *tmp382 @ore-lead
-    * jump *label354 equal *tmp382 @ore-scrap
-    * jump *label353 notEqual *tmp382 @ore-coal
+ 1215 jump *label354 equal :getFloor:floor @ore-copper
+ 1216 jump *label354 equal :getFloor:floor @ore-lead
+ 1217 jump *label354 equal :getFloor:floor @ore-scrap
+ 1218 jump *label353 notEqual :getFloor:floor @ore-coal
  1219 label *label354
  1220 op add :titaniumDrillScore:negative :titaniumDrillScore:negative 1
  1221 label *label353
 
  1228 jump *label358 greaterThanEq :buildTitaniumDrill:tiles .MAX_TILES
  1229 set :moveTo.2:x :buildTitaniumDrill:x
  1230 set :moveTo.2:y :buildTitaniumDrill:y
-    * set *tmp392 :moveTo.2:x
-    * set *tmp393 :moveTo.2:y
-    * set :moveTo:x *tmp392
-    * set :moveTo:y *tmp393
+ 1231 set *tmp392 :buildTitaniumDrill:x
+ 1232 set *tmp393 :buildTitaniumDrill:y
+ 1233 set :moveTo:x :moveTo.2:x
+ 1234 set :moveTo:y :moveTo.2:y
  1235 set :moveTo:radius 6
  1236 setaddr :moveTo*retaddr *label361 (h:*label361)
  1237 call *label32 *invalid :moveTo*retval (m:*label361) (h:*label361)
 
  1302 call *label23 *invalid :buildBlockAt*retval (m:*label369) (h:*label369)
  1303 label *label369
  1304 set :buildTitaniumDrill:drill :buildBlockAt*retval
-    * jump *label370 equal :buildTitaniumDrill:drill null
-    * write :buildTitaniumDrill:drill processor4 ":addTitaniumDrill:drill"
+ 1305 jump *label370 equal :buildBlockAt*retval null
+ 1306 write :buildBlockAt*retval processor4 ":addTitaniumDrill:drill"
  1307 write false processor4 ":addTitaniumDrill*finished"
  1308 write 1 processor4 "@counter"
  1309 label *label372
 
  1312 jump *label372 equal *tmp413 false
  1313 op add :buildTitaniumDrill:count :buildTitaniumDrill:count 1
  1314 set :setFlareTarget:target :buildTitaniumDrill:count
-    * op min *tmp414 :setFlareTarget:target 8
+ 1315 op min *tmp414 :buildTitaniumDrill:count 8
  1316 write *tmp414 AÕFFJS-micro-processor9 ".flareTarget"
  1317 label *label373
  1318 op add :buildTitaniumDrill:tiles :buildTitaniumDrill:tiles .positive
 
  1328 label *label357
  1329 set :buildTitaniumDrill*retval 0
  1330 jump *label355 always
-    * set :buildTitaniumDrill*retval null
  1331 label *label355
  1332 return :buildTitaniumDrill*retaddr
  1333 end
 
  1368 op sub *tmp438 :buildTitaniumDrills:y 1
  1369 set :buildTitaniumDrill:x *tmp437
  1370 set :buildTitaniumDrill:y *tmp438
-    * set :buildTitaniumDrill:count :buildTitaniumDrills:count
-    * set :buildTitaniumDrill:tiles :buildTitaniumDrills:tiles
+ 1371 set :buildTitaniumDrill:count :buildTitaniumDrill:count
+ 1372 set :buildTitaniumDrill:tiles :buildTitaniumDrill:tiles
  1373 setaddr :buildTitaniumDrill*retaddr *label386 (h:*label386)
  1374 call *label49 *invalid :buildTitaniumDrill*retval (m:*label386) (h:*label386)
  1375 label *label386
 
  1380 op add *tmp442 :buildTitaniumDrills:y 1
  1381 set :buildTitaniumDrill:x *tmp441
  1382 set :buildTitaniumDrill:y *tmp442
-    * set :buildTitaniumDrill:count :buildTitaniumDrills:count
-    * set :buildTitaniumDrill:tiles :buildTitaniumDrills:tiles
+ 1383 set :buildTitaniumDrill:count :buildTitaniumDrill:count
+ 1384 set :buildTitaniumDrill:tiles :buildTitaniumDrill:tiles
  1385 setaddr :buildTitaniumDrill*retaddr *label387 (h:*label387)
  1386 call *label49 *invalid :buildTitaniumDrill*retval (m:*label387) (h:*label387)
  1387 label *label387
 
  1392 op add *tmp446 :buildTitaniumDrills:y 1
  1393 set :buildTitaniumDrill:x *tmp445
  1394 set :buildTitaniumDrill:y *tmp446
-    * set :buildTitaniumDrill:count :buildTitaniumDrills:count
-    * set :buildTitaniumDrill:tiles :buildTitaniumDrills:tiles
+ 1395 set :buildTitaniumDrill:count :buildTitaniumDrill:count
+ 1396 set :buildTitaniumDrill:tiles :buildTitaniumDrill:tiles
  1397 setaddr :buildTitaniumDrill*retaddr *label388 (h:*label388)
  1398 call *label49 *invalid :buildTitaniumDrill*retval (m:*label388) (h:*label388)
  1399 label *label388
 
  1403 jump *label389 notEqual :buildTitaniumDrills:built 0
  1404 set :buildTitaniumDrill:x :buildTitaniumDrills:x
  1405 set :buildTitaniumDrill:y :buildTitaniumDrills:y
-    * set :buildTitaniumDrill:count :buildTitaniumDrills:count
-    * set :buildTitaniumDrill:tiles :buildTitaniumDrills:tiles
+ 1406 set :buildTitaniumDrill:count :buildTitaniumDrill:count
+ 1407 set :buildTitaniumDrill:tiles :buildTitaniumDrill:tiles
  1408 setaddr :buildTitaniumDrill*retaddr *label391 (h:*label391)
  1409 call *label49 *invalid :buildTitaniumDrill*retval (m:*label391) (h:*label391)
  1410 label *label391

Modifications by Iterated phase, Data Flow Optimization, pass 1, iteration 2 (-59 instructions):
 
   247 setaddr :status2*retaddr *label119 (h:*label119)
   248 call *label29 *invalid :status2*retval (m:*label119) (h:*label119)
   249 label *label119
-    * set *tmp147 :mineOre.1:ore
-    * set *tmp148 :mineOre.1:block
   250 set :mineOre:ore :mineOre.1:ore
   251 set :mineOre:amount 28
   252 set :mineOre:block :mineOre.1:block
 
   390 return :supplyBlockFromCore*retaddr
   391 end
   392 label *label45
-    * set :unpackCfg:index 1
   393 set *tmp175 1
-    * op add :unpackCfg:index 1 1
-    * read *tmp176 :unpackCfg:cfg *tmp175
+  394 read *tmp176 :unpackCfg:cfg 1
   395 op sub *tmp177 *tmp176 74
   396 lookup block :unpackCfg:type *tmp177
   397 set *tmp179 2
-    * op add :unpackCfg:index 2 1
-    * read *tmp180 :unpackCfg:cfg *tmp179
+  398 read *tmp180 :unpackCfg:cfg 2
   399 op sub *tmp181 *tmp180 74
   400 op div :unpackCfg:x *tmp181 2
   401 set *tmp183 3
-    * op add :unpackCfg:index 3 1
-    * read *tmp184 :unpackCfg:cfg *tmp183
+  402 read *tmp184 :unpackCfg:cfg 3
   403 op sub *tmp185 *tmp184 74
   404 op div :unpackCfg:y *tmp185 2
   405 set *tmp187 4
-    * op add :unpackCfg:index 4 1
-    * read *tmp188 :unpackCfg:cfg *tmp187
+  406 read *tmp188 :unpackCfg:cfg 4
   407 op sub :unpackCfg:rotation *tmp188 74
   408 set *tmp190 5
-    * op add :unpackCfg:index 5 1
-    * read *tmp191 :unpackCfg:cfg *tmp190
+  409 read *tmp191 :unpackCfg:cfg 5
   410 op sub :unpackCfg:ind *tmp191 74
   411 sensor :unpackCfg:cu :unpackCfg:type @copper
   412 sensor :unpackCfg:pb :unpackCfg:type @lead
 
   461 label *label171
   462 sensor *tmp215 .core @thorium
   463 jump *label172 lessThanEq *tmp215 400
-    * set :setMonoTarget:target 0
   464 write 0 AÕFFJS-micro-processor9 ".monoTarget"
   465 label *label174
-    * set :setPolyTarget:target 4
   466 write 4 AÕFFJS-micro-processor9 ".polyTarget"
   467 label *label175
   468 label *label172
 
   583 label *label212
   584 set *tmp250 100
   585 label *label213
-    * set :supplyBase0:titaniumTrigger *tmp250
   586 sensor *tmp254 .titaniumDrill @titanium
   587 jump *label214 greaterThanEq *tmp254 *tmp250
   588 jump *label216 notEqual :supplyBase0:supplied false
 
   615 label *label229
   616 set *tmp271 @scrap
   617 label *label230
-    * set :supplyBase0:ore *tmp271
   618 jump *label231 greaterThanEq :supplyBase0:coal :supplyBase0:sand
   619 set *tmp273 .core
   620 jump *label232 always
   621 label *label231
   622 set *tmp273 A¨SSJh-container30
   623 label *label232
-    * set :supplyBase0:block *tmp273
   624 set :mineOre.1:ore *tmp271
   625 set :mineOre.1:block *tmp273
   626 setaddr :mineOre.1*retaddr *label233 (h:*label233)
 
   647 label *label236
   648 set *tmp277 @sand
   649 label *label237
-    * set :supplyBase0:ore.1 *tmp277
   650 set :mineOre.2:ore *tmp277
   651 setaddr :mineOre.2*retaddr *label238 (h:*label238)
   652 call *label40 *invalid :mineOre.2*retval (m:*label238) (h:*label238)
 
   932 setaddr :unpackCfg*retaddr *label308 (h:*label308)
   933 call *label45 *invalid :unpackCfg*retval (m:*label308) (h:*label308)
   934 label *label308
-    * set :meetTargetCfg:type :unpackCfg:type
-    * set :meetTargetCfg:cu :unpackCfg:cu
-    * set :meetTargetCfg:pb :unpackCfg:pb
-    * set :meetTargetCfg:gr :unpackCfg:gr
-    * set :meetTargetCfg:si :unpackCfg:si
-    * set :meetTargetCfg:ti :unpackCfg:ti
-    * set :meetTargetCfg:mg :unpackCfg:mg
-    * set :meetTargetCfg:th :unpackCfg:th
   935 set :meetTarget:block :unpackCfg:type
   936 set :meetTarget:copper :unpackCfg:cu
   937 set :meetTarget:lead :unpackCfg:pb
 
   973 setaddr :buildBlockAt*retaddr *label312 (h:*label312)
   974 call *label23 *invalid :buildBlockAt*retval (m:*label312) (h:*label312)
   975 label *label312
-    * set :buildBlock:built :buildBlockAt*retval
   976 write false AÕFFJS-micro-processor9 ":buildStop*finished"
   977 write 2 AÕFFJS-micro-processor9 "@counter"
   978 set :buildBlock*retval :buildBlockAt*retval
 
   987 setaddr :unpackCfg*retaddr *label316 (h:*label316)
   988 call *label45 *invalid :unpackCfg*retval (m:*label316) (h:*label316)
   989 label *label316
-    * set :buildRemoteBlock:type :unpackCfg:type
-    * set :buildRemoteBlock:cu :unpackCfg:cu
-    * set :buildRemoteBlock:pb :unpackCfg:pb
-    * set :buildRemoteBlock:gr :unpackCfg:gr
-    * set :buildRemoteBlock:si :unpackCfg:si
-    * set :buildRemoteBlock:ti :unpackCfg:ti
-    * set :buildRemoteBlock:mg :unpackCfg:mg
-    * set :buildRemoteBlock:th :unpackCfg:th
-    * set :buildRemoteBlock:rotation :unpackCfg:rotation
-    * set :buildRemoteBlock:index :unpackCfg:ind
   990 set :buildBlock:block :unpackCfg:type
   991 set :buildBlock:x :buildRemoteBlock:x
   992 set :buildBlock:y :buildRemoteBlock:y
 
  1018 setaddr :unpackCfg*retaddr *label319 (h:*label319)
  1019 call *label45 *invalid :unpackCfg*retval (m:*label319) (h:*label319)
  1020 label *label319
-    * set :buildBlockFromCfg:type :unpackCfg:type
-    * set :buildBlockFromCfg:x :unpackCfg:x
-    * set :buildBlockFromCfg:y :unpackCfg:y
-    * set :buildBlockFromCfg:cu :unpackCfg:cu
-    * set :buildBlockFromCfg:pb :unpackCfg:pb
-    * set :buildBlockFromCfg:gr :unpackCfg:gr
-    * set :buildBlockFromCfg:si :unpackCfg:si
-    * set :buildBlockFromCfg:ti :unpackCfg:ti
-    * set :buildBlockFromCfg:mg :unpackCfg:mg
-    * set :buildBlockFromCfg:th :unpackCfg:th
-    * set :buildBlockFromCfg:rotation :unpackCfg:rotation
-    * set :buildBlockFromCfg:index :unpackCfg:ind
  1021 op add *tmp343 .coreX :unpackCfg:x
  1022 op add *tmp344 .coreY :unpackCfg:y
  1023 set :buildBlock:block :unpackCfg:type
 
  1036 setaddr :buildBlock*retaddr *label320 (h:*label320)
  1037 call *label47 *invalid :buildBlock*retval (m:*label320) (h:*label320)
  1038 label *label320
-    * set :buildBlockFromCfg:building :buildBlock*retval
  1039 write :buildBlock*retval @this :buildBlockFromCfg:cfg
  1040 write :buildBlock*retval processor2 :buildBlockFromCfg:cfg
  1041 write :buildBlock*retval AÕFFJS-micro-processor9 :buildBlockFromCfg:cfg
 
  1051 label *label23
  1052 set :moveTo.1:x :buildBlockAt:x
  1053 set :moveTo.1:y :buildBlockAt:y
-    * set *tmp345 :buildBlockAt:x
-    * set *tmp346 :buildBlockAt:y
-    * set :moveTo:x :moveTo.1:x
-    * set :moveTo:y :moveTo.1:y
+ 1054 set :moveTo:x :buildBlockAt:x
+ 1055 set :moveTo:y :buildBlockAt:y
  1056 set :moveTo:radius 6
  1057 setaddr :moveTo*retaddr *label323 (h:*label323)
  1058 call *label32 *invalid :moveTo*retval (m:*label323) (h:*label323)
 
  1098 label *label330
  1099 control enabled processor6 true
  1100 ubind .builder
-    * set :logBlock:block :buildBlockAt:block
-    * set :logBlock:index :buildBlockAt:index
  1101 sensor :log:encodedId :buildBlockAt:block @id
  1102 read *tmp366 bank1 511
  1103 op sub *tmp367 *tmp366 1
  1104 write *tmp367 bank1 511
-    * set *tmp368 *tmp367
  1105 read *tmp371 processor7 "time"
  1106 op mul *tmp370 *tmp371 1000
  1107 op add *tmp372 :log:encodedId *tmp370
 
  1135 setaddr :buildBlockAt*retaddr *label346 (h:*label346)
  1136 call *label23 *invalid :buildBlockAt*retval (m:*label346) (h:*label346)
  1137 label *label346
-    * set :buildFirstTitaniumDrillAt:drill :buildBlockAt*retval
  1138 write :buildBlockAt*retval processor4 ":addTitaniumDrill:drill"
  1139 write false processor4 ":addTitaniumDrill*finished"
  1140 write 1 processor4 "@counter"
 
  1149 jump *label59 always
  1150 end
  1151 label *label48
-    * set :getFloor:x :titaniumDrillScore:x
-    * set :getFloor:y :titaniumDrillScore:y
  1152 ucontrol getBlock :titaniumDrillScore:x :titaniumDrillScore:y *tmp384 *tmp383 :getFloor:floor
-    * set *tmp382 :getFloor:floor
  1153 jump *label350 always
  1154 label *label350
  1155 jump *label351 notEqual :getFloor:floor @ore-titanium
 
  1173 jump *label358 greaterThanEq :buildTitaniumDrill:tiles .MAX_TILES
  1174 set :moveTo.2:x :buildTitaniumDrill:x
  1175 set :moveTo.2:y :buildTitaniumDrill:y
-    * set *tmp392 :buildTitaniumDrill:x
-    * set *tmp393 :buildTitaniumDrill:y
-    * set :moveTo:x :moveTo.2:x
-    * set :moveTo:y :moveTo.2:y
+ 1176 set :moveTo:x :buildTitaniumDrill:x
+ 1177 set :moveTo:y :buildTitaniumDrill:y
  1178 set :moveTo:radius 6
  1179 setaddr :moveTo*retaddr *label361 (h:*label361)
  1180 call *label32 *invalid :moveTo*retval (m:*label361) (h:*label361)
 
  1244 setaddr :buildBlockAt*retaddr *label369 (h:*label369)
  1245 call *label23 *invalid :buildBlockAt*retval (m:*label369) (h:*label369)
  1246 label *label369
-    * set :buildTitaniumDrill:drill :buildBlockAt*retval
  1247 jump *label370 equal :buildBlockAt*retval null
  1248 write :buildBlockAt*retval processor4 ":addTitaniumDrill:drill"
  1249 write false processor4 ":addTitaniumDrill*finished"
 
  1253 read *tmp413 processor4 ":addTitaniumDrill*finished"
  1254 jump *label372 equal *tmp413 false
  1255 op add :buildTitaniumDrill:count :buildTitaniumDrill:count 1
-    * set :setFlareTarget:target :buildTitaniumDrill:count
  1256 op min *tmp414 :buildTitaniumDrill:count 8
  1257 write *tmp414 AÕFFJS-micro-processor9 ".flareTarget"
  1258 label *label373

Modifications by Iterated phase, Data Flow Optimization, pass 1, iteration 3 (-9 instructions):
 
   390 return :supplyBlockFromCore*retaddr
   391 end
   392 label *label45
-    * set *tmp175 1
   393 read *tmp176 :unpackCfg:cfg 1
   394 op sub *tmp177 *tmp176 74
   395 lookup block :unpackCfg:type *tmp177
-    * set *tmp179 2
   396 read *tmp180 :unpackCfg:cfg 2
   397 op sub *tmp181 *tmp180 74
   398 op div :unpackCfg:x *tmp181 2
-    * set *tmp183 3
   399 read *tmp184 :unpackCfg:cfg 3
   400 op sub *tmp185 *tmp184 74
   401 op div :unpackCfg:y *tmp185 2
-    * set *tmp187 4
   402 read *tmp188 :unpackCfg:cfg 4
   403 op sub :unpackCfg:rotation *tmp188 74
-    * set *tmp190 5
   404 read *tmp191 :unpackCfg:cfg 5
   405 op sub :unpackCfg:ind *tmp191 74
   406 sensor :unpackCfg:cu :unpackCfg:type @copper
 
  1044 label *label22
  1045 setaddr :buildBlockAt*retaddr *label59
  1046 label *label23
-    * set :moveTo.1:x :buildBlockAt:x
-    * set :moveTo.1:y :buildBlockAt:y
  1047 set :moveTo:x :buildBlockAt:x
  1048 set :moveTo:y :buildBlockAt:y
  1049 set :moveTo:radius 6
 
  1164 label *label49
  1165 jump *label356 greaterThanEq :buildTitaniumDrill:count .MAX_COUNT
  1166 jump *label358 greaterThanEq :buildTitaniumDrill:tiles .MAX_TILES
-    * set :moveTo.2:x :buildTitaniumDrill:x
-    * set :moveTo.2:y :buildTitaniumDrill:y
  1167 set :moveTo:x :buildTitaniumDrill:x
  1168 set :moveTo:y :buildTitaniumDrill:y
  1169 set :moveTo:radius 6

Modifications by Iterated phase, Expression Optimization, pass 1, iteration 1 (-8 instructions):
 
  1300 op sub *tmp438 :buildTitaniumDrills:y 1
  1301 set :buildTitaniumDrill:x *tmp437
  1302 set :buildTitaniumDrill:y *tmp438
-    * set :buildTitaniumDrill:count :buildTitaniumDrill:count
-    * set :buildTitaniumDrill:tiles :buildTitaniumDrill:tiles
  1303 setaddr :buildTitaniumDrill*retaddr *label386 (h:*label386)
  1304 call *label49 *invalid :buildTitaniumDrill*retval (m:*label386) (h:*label386)
  1305 label *label386
 
  1310 op add *tmp442 :buildTitaniumDrills:y 1
  1311 set :buildTitaniumDrill:x *tmp441
  1312 set :buildTitaniumDrill:y *tmp442
-    * set :buildTitaniumDrill:count :buildTitaniumDrill:count
-    * set :buildTitaniumDrill:tiles :buildTitaniumDrill:tiles
  1313 setaddr :buildTitaniumDrill*retaddr *label387 (h:*label387)
  1314 call *label49 *invalid :buildTitaniumDrill*retval (m:*label387) (h:*label387)
  1315 label *label387
 
  1320 op add *tmp446 :buildTitaniumDrills:y 1
  1321 set :buildTitaniumDrill:x *tmp445
  1322 set :buildTitaniumDrill:y *tmp446
-    * set :buildTitaniumDrill:count :buildTitaniumDrill:count
-    * set :buildTitaniumDrill:tiles :buildTitaniumDrill:tiles
  1323 setaddr :buildTitaniumDrill*retaddr *label388 (h:*label388)
  1324 call *label49 *invalid :buildTitaniumDrill*retval (m:*label388) (h:*label388)
  1325 label *label388
 
  1329 jump *label389 notEqual :buildTitaniumDrills:built 0
  1330 set :buildTitaniumDrill:x :buildTitaniumDrills:x
  1331 set :buildTitaniumDrill:y :buildTitaniumDrills:y
-    * set :buildTitaniumDrill:count :buildTitaniumDrill:count
-    * set :buildTitaniumDrill:tiles :buildTitaniumDrill:tiles
  1332 setaddr :buildTitaniumDrill*retaddr *label391 (h:*label391)
  1333 call *label49 *invalid :buildTitaniumDrill*retval (m:*label391) (h:*label391)
  1334 label *label391

Modifications by Iterated phase, Boolean Optimization, pass 1, iteration 1 (-10 instructions):
 
   299 ucontrol itemTake :fetchBlock:block :fetchBlock:item 28
   300 sensor :fetchBlock:unitItem @unit @firstItem
   301 jump *label132 equal :fetchBlock:unitItem null
-    * label *label135
   302 jump *label132 equal :fetchBlock:unitItem :fetchBlock:item
-    * label *label134
   303 ucontrol itemDrop @air 1000
   304 label *label132
   305 label *label133
 
   365 ucontrol itemTake .core :supplyBlockFromCore:item :supplyBlockFromCore:cap
   366 sensor :supplyBlockFromCore:unitItem @unit @firstItem
   367 jump *label151 equal :supplyBlockFromCore:unitItem null
-    * label *label154
   368 jump *label151 equal :supplyBlockFromCore:unitItem :supplyBlockFromCore:item
-    * label *label153
   369 ucontrol itemDrop @air 1000
   370 label *label151
   371 label *label152
 
   598 jump *label227 equal A¨SSJh-container30 false
   599 sensor :supplyBase0:coal .core @coal
   600 sensor :supplyBase0:sand A¨SSJh-container30 @sand
-    * jump *label229 greaterThanEq :supplyBase0:coal :supplyBase0:sand
-    * set *tmp271 @coal
-    * jump *label230 always
-    * label *label229
-    * set *tmp271 @scrap
-    * label *label230
-    * jump *label231 greaterThanEq :supplyBase0:coal :supplyBase0:sand
-    * set *tmp273 .core
-    * jump *label232 always
-    * label *label231
-    * set *tmp273 A¨SSJh-container30
-    * label *label232
+  601 select *tmp271 lessThan :supplyBase0:coal :supplyBase0:sand @coal @scrap
+  602 select *tmp273 lessThan :supplyBase0:coal :supplyBase0:sand .core A¨SSJh-container30
   603 set :mineOre.1:ore *tmp271
   604 set :mineOre.1:block *tmp273
   605 setaddr :mineOre.1*retaddr *label233 (h:*label233)
 
   620 label *label235
   621 sensor :supplyBase0:coal.1 .core @coal
   622 sensor :supplyBase0:sand.1 .core @sand
-    * jump *label236 greaterThanEq :supplyBase0:coal.1 :supplyBase0:sand.1
-    * set *tmp277 @coal
-    * jump *label237 always
-    * label *label236
-    * set *tmp277 @sand
-    * label *label237
+  623 select *tmp277 lessThan :supplyBase0:coal.1 :supplyBase0:sand.1 @coal @sand
   624 set :mineOre.2:ore *tmp277
   625 setaddr :mineOre.2*retaddr *label238 (h:*label238)
   626 call *label40 *invalid :mineOre.2*retval (m:*label238) (h:*label238)
 
   678 call *label28 *invalid :status1*retval (m:*label254) (h:*label254)
   679 label *label254
   680 jump *label255 notEqual A¨SSJh-container30 null
-    * jump *label259 notEqual .scrap false
-    * label *label260
-    * sensor *tmp290 .core @coal
-    * sensor *tmp291 .core @sand
-    * jump *label257 greaterThan *tmp290 *tmp291
+  681 jump *label257 equal .scrap false
   682 label *label259
   683 set *tmp293 @coal
   684 jump *label258 always
   685 label *label257
-    * set *tmp293 @sand
+  686 sensor *tmp290 .core @coal
+  687 sensor *tmp291 .core @sand
+  688 select *tmp293 greaterThan *tmp290 *tmp291 @sand @coal
   689 label *label258
   690 set :mineOre.2:ore *tmp293
   691 setaddr :mineOre.2*retaddr *label261 (h:*label261)
 
  1045 ucontrol build :buildBlockAt:x :buildBlockAt:y :buildBlockAt:block :buildBlockAt:rotation :buildBlockAt:config
  1046 ucontrol getBlock :buildBlockAt:x :buildBlockAt:y :buildBlockAt:type :buildBlockAt:building *tmp354
  1047 jump *label331 notEqual :buildBlockAt:building null
-    * label *label334
  1048 jump *label331 notEqual :buildBlockAt:success false
-    * label *label333
  1049 error "Error while building $block at $x, $y: $type was found."
  1050 jump *label332 always
  1051 label *label331
 
  1076 write *tmp372 bank1 *tmp367
  1077 label *label340
  1078 jump *label341 lessThan :buildBlockAt:index 0
-    * label *label344
  1079 jump *label341 greaterThanEq :buildBlockAt:index 36
-    * label *label343
  1080 op shl *tmp376 1 :buildBlockAt:index
  1081 read *tmp377 processor2 ".blocksBuilt"
  1082 op or *tmp378 *tmp377 *tmp376

Modifications by Iterated phase, If Expression Optimization, pass 1, iteration 1 (-1 instructions):
 
   563 label *label197
   564 label *label182
   565 label *label183
+  566 set *tmp250 100
   567 sensor *tmp248 .core @titanium
-    * jump *label212 greaterThanEq *tmp248 titanium
+  568 jump *label213 greaterThanEq *tmp248 titanium
   569 sensor *tmp251 .core @titanium
   570 op sub *tmp252 titanium *tmp251
   571 op min *tmp250 5 *tmp252
   572 jump *label213 always
-    * label *label212
-    * set *tmp250 100
   573 label *label213
   574 sensor *tmp254 .titaniumDrill @titanium
   575 jump *label214 greaterThanEq *tmp254 *tmp250
 
   678 label *label254
   679 jump *label255 notEqual A¨SSJh-container30 null
   680 jump *label257 equal .scrap false
-    * set *tmp293 @coal
+  681 set :mineOre.2:ore @coal
   682 jump *label258 always
   683 label *label257
   684 sensor *tmp290 .core @coal
   685 sensor *tmp291 .core @sand
-    * select *tmp293 greaterThan *tmp290 *tmp291 @sand @coal
+  686 select :mineOre.2:ore greaterThan *tmp290 *tmp291 @sand @coal
   687 label *label258
-    * set :mineOre.2:ore *tmp293
   688 setaddr :mineOre.2*retaddr *label261 (h:*label261)
   689 call *label40 *invalid :mineOre.2*retval (m:*label261) (h:*label261)
   690 label *label261

Modifications by Inline function 'status3' defined at Actions.mnd:17:1 (-7 instructions):
 
    56 label *label61
    57 return :status2*retaddr
    58 end
-    * label *label30
-    * write :status3:text processor2 ".status3"
-    * label *label62
-    * return :status3*retaddr
-    * end
    59 label *label31
    60 write :transportStatus:target processor2 ".transportTarget"
    61 write :transportStatus:item processor2 ".transportItem"
 
    64 end
    65 label *label32
    66 set :status3:text "Moving..."
-    * setaddr :status3*retaddr *label65 (h:*label65)
-    * call *label30 *invalid :status3*retval (m:*label65) (h:*label65)
-    * label *label65
+   67 label *label397
+   68 write :status3:text processor2 ".status3"
+   69 label *label398
    70 label *label66
    71 ucontrol within :moveTo:x :moveTo:y :moveTo:radius *tmp104
    72 jump *label68 notEqual *tmp104 false
 
    80 end
    81 label *label33
    82 set :status3:text "Moving..."
-    * setaddr :status3*retaddr *label70 (h:*label70)
-    * call *label30 *invalid :status3*retval (m:*label70) (h:*label70)
-    * label *label70
+   83 label *label399
+   84 write :status3:text processor2 ".status3"
+   85 label *label400
    86 label *label71
    87 sensor *tmp107 @unit @firstItem
    88 jump *label74 equal *tmp107 null
 
   122 end
   123 label *label36
   124 set :status3:text "Depositing..."
-    * setaddr :status3*retaddr *label83 (h:*label83)
-    * call *label30 *invalid :status3*retval (m:*label83) (h:*label83)
-    * label *label83
+  125 label *label401
+  126 write :status3:text processor2 ".status3"
+  127 label *label402
   128 sensor *tmp116 @unit @firstItem
   129 jump *label84 notEqual *tmp116 :depositItems:item
   130 set :moveToBlock:block :depositItems:block
 
   194 label *label101
   195 label *label102
   196 set :status3:text "Mining..."
-    * setaddr :status3*retaddr *label104 (h:*label104)
-    * call *label30 *invalid :status3*retval (m:*label104) (h:*label104)
-    * label *label104
+  197 label *label403
+  198 write :status3:text processor2 ".status3"
+  199 label *label404
   200 op add :mineOre:stop @second 10
   201 label *label105
   202 sensor :mineOre:item @unit @firstItem

Modifications by Iterated phase, Data Flow Optimization, pass 1, iteration 1:
 
    65 label *label32
    66 set :status3:text "Moving..."
    67 label *label397
-    * write :status3:text processor2 ".status3"
+   68 write "Moving..." processor2 ".status3"
    69 label *label398
    70 label *label66
    71 ucontrol within :moveTo:x :moveTo:y :moveTo:radius *tmp104
 
    81 label *label33
    82 set :status3:text "Moving..."
    83 label *label399
-    * write :status3:text processor2 ".status3"
+   84 write "Moving..." processor2 ".status3"
    85 label *label400
    86 label *label71
    87 sensor *tmp107 @unit @firstItem
 
   123 label *label36
   124 set :status3:text "Depositing..."
   125 label *label401
-    * write :status3:text processor2 ".status3"
+  126 write "Depositing..." processor2 ".status3"
   127 label *label402
   128 sensor *tmp116 @unit @firstItem
   129 jump *label84 notEqual *tmp116 :depositItems:item
 
   195 label *label102
   196 set :status3:text "Mining..."
   197 label *label403
-    * write :status3:text processor2 ".status3"
+  198 write "Mining..." processor2 ".status3"
   199 label *label404
   200 op add :mineOre:stop @second 10
   201 label *label105

Modifications by Iterated phase, Data Flow Optimization, pass 1, iteration 2 (-4 instructions):
 
    63 return :transportStatus*retaddr
    64 end
    65 label *label32
-    * set :status3:text "Moving..."
    66 label *label397
    67 write "Moving..." processor2 ".status3"
    68 label *label398
 
    78 return :moveTo*retaddr
    79 end
    80 label *label33
-    * set :status3:text "Moving..."
    81 label *label399
    82 write "Moving..." processor2 ".status3"
    83 label *label400
 
   119 return :moveToBlock*retaddr
   120 end
   121 label *label36
-    * set :status3:text "Depositing..."
   122 label *label401
   123 write "Depositing..." processor2 ".status3"
   124 label *label402
 
   190 label *label103
   191 label *label101
   192 label *label102
-    * set :status3:text "Mining..."
   193 label *label403
   194 write "Mining..." processor2 ".status3"
   195 label *label404

Modifications by Inline function 'status1' defined at Actions.mnd:7:1 (-18 instructions):
 
    44 wait 1e12
    45 jump *label59 always
    46 end
-    * label *label28
-    * write :status1:text processor2 ".status1"
-    * label *label60
-    * return :status1*retaddr
-    * end
    47 label *label29
    48 write :status2:text processor2 ".status2"
    49 write :status2:item processor2 ".item2"
 
   403 write *tmp204 processor5 ".sandTarget"
   404 jump *label159 equal .thoriumContainer false
   405 set :status1:text "Phase 2: servicing thorium drill"
-    * setaddr :status1*retaddr *label162 (h:*label162)
-    * call *label28 *invalid :status1*retval (m:*label162) (h:*label162)
-    * label *label162
+  406 label *label405
+  407 write :status1:text processor2 ".status1"
+  408 label *label406
   409 sensor *tmp206 .thoriumBattery @totalPower
   410 jump *label163 greaterThanEq *tmp206 2000
   411 sensor *tmp209 .thoriumGenerator @coal
 
   448 read *tmp219 AÕFFJS-micro-processor9 ".monos"
   449 jump *label176 lessThanEq *tmp219 1
   450 set :status1:text "Phase 1: supplying base"
-    * setaddr :status1*retaddr *label179 (h:*label179)
-    * call *label28 *invalid :status1*retval (m:*label179) (h:*label179)
-    * label *label179
+  451 label *label407
+  452 write :status1:text processor2 ".status1"
+  453 label *label408
   454 set :mineOre.2:ore @coal
   455 setaddr :mineOre.2*retaddr *label180 (h:*label180)
   456 call *label40 *invalid :mineOre.2*retval (m:*label180) (h:*label180)
 
   465 sensor *tmp226 AJEMJJ-graphite-press0 @coal
   466 jump *label186 greaterThanEq *tmp226 5
   467 set :status1:text "Goal 1: graphite requirement"
-    * setaddr :status1*retaddr *label188 (h:*label188)
-    * call *label28 *invalid :status1*retval (m:*label188) (h:*label188)
-    * label *label188
+  468 label *label409
+  469 write :status1:text processor2 ".status1"
+  470 label *label410
   471 set :supplyBlock:block AJEMJJ-graphite-press0
   472 set :supplyBlock:ore @coal
   473 setaddr :supplyBlock*retaddr *label189 (h:*label189)
 
   483 sensor *tmp232 AJRJM-combustion-generator3 @coal
   484 jump *label192 greaterThanEq *tmp232 2
   485 set :status1:text "Goal 4: supplying generator"
-    * setaddr :status1*retaddr *label194 (h:*label194)
-    * call *label28 *invalid :status1*retval (m:*label194) (h:*label194)
-    * label *label194
+  486 label *label411
+  487 write :status1:text processor2 ".status1"
+  488 label *label412
   489 set :supplyBlock:block AJRJM-combustion-generator3
   490 set :supplyBlock:ore @coal
   491 setaddr :supplyBlock*retaddr *label195 (h:*label195)
 
   501 sensor *tmp238 ALMQJN-silicon-smelter4 @coal
   502 jump *label198 greaterThanEq *tmp238 5
   503 set :status1:text "Goal 2: coal for silicon requirement"
-    * setaddr :status1*retaddr *label200 (h:*label200)
-    * call *label28 *invalid :status1*retval (m:*label200) (h:*label200)
-    * label *label200
+  504 label *label413
+  505 write :status1:text processor2 ".status1"
+  506 label *label414
   507 set :supplyBlock:block ALMQJN-silicon-smelter4
   508 set :supplyBlock:ore @coal
   509 setaddr :supplyBlock*retaddr *label201 (h:*label201)
 
   518 sensor *tmp245 AXPRJd-pulverizer26 @scrap
   519 jump *label206 greaterThanEq *tmp245 10
   520 set :status1:text "Goal 3a: scrap for silicon requirement"
-    * setaddr :status1*retaddr *label208 (h:*label208)
-    * call *label28 *invalid :status1*retval (m:*label208) (h:*label208)
-    * label *label208
+  521 label *label415
+  522 write :status1:text processor2 ".status1"
+  523 label *label416
   524 set :supplyBlock:block AXPRJd-pulverizer26
   525 set :supplyBlock:ore @scrap
   526 setaddr :supplyBlock*retaddr *label209 (h:*label209)
 
   532 jump *label205 always
   533 label *label204
   534 set :status1:text "Goal 3: sand for silicon requirement"
-    * setaddr :status1*retaddr *label210 (h:*label210)
-    * call *label28 *invalid :status1*retval (m:*label210) (h:*label210)
-    * label *label210
+  535 label *label417
+  536 write :status1:text processor2 ".status1"
+  537 label *label418
   538 set :supplyBlock:block ALMQJN-silicon-smelter4
   539 set :supplyBlock:ore @sand
   540 setaddr :supplyBlock*retaddr *label211 (h:*label211)
 
   564 op mul *tmp260 A©JNJP-unloader6 .powerTarget
   565 jump *label218 greaterThanEq *tmp259 *tmp260
   566 set :status1:text "Goal 5: supplying generator"
-    * setaddr :status1*retaddr *label220 (h:*label220)
-    * call *label28 *invalid :status1*retval (m:*label220) (h:*label220)
-    * label *label220
+  567 label *label419
+  568 write :status1:text processor2 ".status1"
+  569 label *label420
   570 set :mineOre.2:ore @coal
   571 setaddr :mineOre.2*retaddr *label221 (h:*label221)
   572 call *label40 *invalid :mineOre.2*retval (m:*label221) (h:*label221)
 
   577 jump *label222 greaterThanEq *tmp263 silicon
   578 jump *label224 equal .scrap false
   579 set :status1:text "Goal 6: silicon requirement"
-    * setaddr :status1*retaddr *label226 (h:*label226)
-    * call *label28 *invalid :status1*retval (m:*label226) (h:*label226)
-    * label *label226
+  580 label *label421
+  581 write :status1:text processor2 ".status1"
+  582 label *label422
   583 jump *label227 equal A¨SSJh-container30 false
   584 sensor :supplyBase0:coal .core @coal
   585 sensor :supplyBase0:sand A¨SSJh-container30 @sand
 
   600 jump *label225 always
   601 label *label224
   602 set :status1:text "Goal 6: silicon requirement"
-    * setaddr :status1*retaddr *label235 (h:*label235)
-    * call *label28 *invalid :status1*retval (m:*label235) (h:*label235)
-    * label *label235
+  603 label *label423
+  604 write :status1:text processor2 ".status1"
+  605 label *label424
   606 sensor :supplyBase0:coal.1 .core @coal
   607 sensor :supplyBase0:sand.1 .core @sand
   608 select *tmp277 lessThan :supplyBase0:coal.1 :supplyBase0:sand.1 @coal @sand
 
   616 sensor *tmp278 .core @copper
   617 jump *label239 greaterThanEq *tmp278 copper
   618 set :status1:text "Goal 7: copper requirement"
-    * setaddr :status1*retaddr *label241 (h:*label241)
-    * call *label28 *invalid :status1*retval (m:*label241) (h:*label241)
-    * label *label241
+  619 label *label425
+  620 write :status1:text processor2 ".status1"
+  621 label *label426
   622 set :mineOre.2:ore @copper
   623 setaddr :mineOre.2*retaddr *label242 (h:*label242)
   624 call *label40 *invalid :mineOre.2*retval (m:*label242) (h:*label242)
 
   628 sensor *tmp281 .core @lead
   629 jump *label243 greaterThanEq *tmp281 lead
   630 set :status1:text "Goal 8: lead requirement"
-    * setaddr :status1*retaddr *label245 (h:*label245)
-    * call *label28 *invalid :status1*retval (m:*label245) (h:*label245)
-    * label *label245
+  631 label *label427
+  632 write :status1:text processor2 ".status1"
+  633 label *label428
   634 set :mineOre.2:ore @lead
   635 setaddr :mineOre.2*retaddr *label246 (h:*label246)
   636 call *label40 *invalid :mineOre.2*retval (m:*label246) (h:*label246)
 
   640 sensor *tmp284 .core @metaglass
   641 jump *label247 greaterThanEq *tmp284 metaglass
   642 set :status1:text "Goal 9: metaglass requirement"
-    * setaddr :status1*retaddr *label249 (h:*label249)
-    * call *label28 *invalid :status1*retval (m:*label249) (h:*label249)
-    * label *label249
+  643 label *label429
+  644 write :status1:text processor2 ".status1"
+  645 label *label430
   646 jump *label250 equal .scrap false
   647 set :mineOre.1:ore @scrap
   648 set :mineOre.1:block .sandContainer
 
   659 jump *label248 always
   660 label *label247
   661 set :status1:text "Goal 10: supplying base"
-    * setaddr :status1*retaddr *label254 (h:*label254)
-    * call *label28 *invalid :status1*retval (m:*label254) (h:*label254)
-    * label *label254
+  662 label *label431
+  663 write :status1:text processor2 ".status1"
+  664 label *label432
   665 jump *label255 notEqual A¨SSJh-container30 null
   666 jump *label257 equal .scrap false
   667 set :mineOre.2:ore @coal
 
   704 jump *label215 always
   705 label *label214
   706 set :status1:text "Goal 11: Fetching titanium"
-    * setaddr :status1*retaddr *label266 (h:*label266)
-    * call *label28 *invalid :status1*retval (m:*label266) (h:*label266)
-    * label *label266
+  707 label *label433
+  708 write :status1:text processor2 ".status1"
+  709 label *label434
   710 set :fetchBlock:block .titaniumDrill
   711 set :fetchBlock:item @titanium
   712 setaddr :fetchBlock*retaddr *label267 (h:*label267)

Modifications by Iterated phase, Data Flow Optimization, pass 1, iteration 1:
 
   404 jump *label159 equal .thoriumContainer false
   405 set :status1:text "Phase 2: servicing thorium drill"
   406 label *label405
-    * write :status1:text processor2 ".status1"
+  407 write "Phase 2: servicing thorium drill" processor2 ".status1"
   408 label *label406
   409 sensor *tmp206 .thoriumBattery @totalPower
   410 jump *label163 greaterThanEq *tmp206 2000
 
   449 jump *label176 lessThanEq *tmp219 1
   450 set :status1:text "Phase 1: supplying base"
   451 label *label407
-    * write :status1:text processor2 ".status1"
+  452 write "Phase 1: supplying base" processor2 ".status1"
   453 label *label408
   454 set :mineOre.2:ore @coal
   455 setaddr :mineOre.2*retaddr *label180 (h:*label180)
 
   466 jump *label186 greaterThanEq *tmp226 5
   467 set :status1:text "Goal 1: graphite requirement"
   468 label *label409
-    * write :status1:text processor2 ".status1"
+  469 write "Goal 1: graphite requirement" processor2 ".status1"
   470 label *label410
   471 set :supplyBlock:block AJEMJJ-graphite-press0
   472 set :supplyBlock:ore @coal
 
   484 jump *label192 greaterThanEq *tmp232 2
   485 set :status1:text "Goal 4: supplying generator"
   486 label *label411
-    * write :status1:text processor2 ".status1"
+  487 write "Goal 4: supplying generator" processor2 ".status1"
   488 label *label412
   489 set :supplyBlock:block AJRJM-combustion-generator3
   490 set :supplyBlock:ore @coal
 
   502 jump *label198 greaterThanEq *tmp238 5
   503 set :status1:text "Goal 2: coal for silicon requirement"
   504 label *label413
-    * write :status1:text processor2 ".status1"
+  505 write "Goal 2: coal for silicon requirement" processor2 ".status1"
   506 label *label414
   507 set :supplyBlock:block ALMQJN-silicon-smelter4
   508 set :supplyBlock:ore @coal
 
   519 jump *label206 greaterThanEq *tmp245 10
   520 set :status1:text "Goal 3a: scrap for silicon requirement"
   521 label *label415
-    * write :status1:text processor2 ".status1"
+  522 write "Goal 3a: scrap for silicon requirement" processor2 ".status1"
   523 label *label416
   524 set :supplyBlock:block AXPRJd-pulverizer26
   525 set :supplyBlock:ore @scrap
 
   533 label *label204
   534 set :status1:text "Goal 3: sand for silicon requirement"
   535 label *label417
-    * write :status1:text processor2 ".status1"
+  536 write "Goal 3: sand for silicon requirement" processor2 ".status1"
   537 label *label418
   538 set :supplyBlock:block ALMQJN-silicon-smelter4
   539 set :supplyBlock:ore @sand
 
   565 jump *label218 greaterThanEq *tmp259 *tmp260
   566 set :status1:text "Goal 5: supplying generator"
   567 label *label419
-    * write :status1:text processor2 ".status1"
+  568 write "Goal 5: supplying generator" processor2 ".status1"
   569 label *label420
   570 set :mineOre.2:ore @coal
   571 setaddr :mineOre.2*retaddr *label221 (h:*label221)
 
   578 jump *label224 equal .scrap false
   579 set :status1:text "Goal 6: silicon requirement"
   580 label *label421
-    * write :status1:text processor2 ".status1"
+  581 write "Goal 6: silicon requirement" processor2 ".status1"
   582 label *label422
   583 jump *label227 equal A¨SSJh-container30 false
   584 sensor :supplyBase0:coal .core @coal
 
   601 label *label224
   602 set :status1:text "Goal 6: silicon requirement"
   603 label *label423
-    * write :status1:text processor2 ".status1"
+  604 write "Goal 6: silicon requirement" processor2 ".status1"
   605 label *label424
   606 sensor :supplyBase0:coal.1 .core @coal
   607 sensor :supplyBase0:sand.1 .core @sand
 
   617 jump *label239 greaterThanEq *tmp278 copper
   618 set :status1:text "Goal 7: copper requirement"
   619 label *label425
-    * write :status1:text processor2 ".status1"
+  620 write "Goal 7: copper requirement" processor2 ".status1"
   621 label *label426
   622 set :mineOre.2:ore @copper
   623 setaddr :mineOre.2*retaddr *label242 (h:*label242)
 
   629 jump *label243 greaterThanEq *tmp281 lead
   630 set :status1:text "Goal 8: lead requirement"
   631 label *label427
-    * write :status1:text processor2 ".status1"
+  632 write "Goal 8: lead requirement" processor2 ".status1"
   633 label *label428
   634 set :mineOre.2:ore @lead
   635 setaddr :mineOre.2*retaddr *label246 (h:*label246)
 
   641 jump *label247 greaterThanEq *tmp284 metaglass
   642 set :status1:text "Goal 9: metaglass requirement"
   643 label *label429
-    * write :status1:text processor2 ".status1"
+  644 write "Goal 9: metaglass requirement" processor2 ".status1"
   645 label *label430
   646 jump *label250 equal .scrap false
   647 set :mineOre.1:ore @scrap
 
   660 label *label247
   661 set :status1:text "Goal 10: supplying base"
   662 label *label431
-    * write :status1:text processor2 ".status1"
+  663 write "Goal 10: supplying base" processor2 ".status1"
   664 label *label432
   665 jump *label255 notEqual A¨SSJh-container30 null
   666 jump *label257 equal .scrap false
 
   705 label *label214
   706 set :status1:text "Goal 11: Fetching titanium"
   707 label *label433
-    * write :status1:text processor2 ".status1"
+  708 write "Goal 11: Fetching titanium" processor2 ".status1"
   709 label *label434
   710 set :fetchBlock:block .titaniumDrill
   711 set :fetchBlock:item @titanium

Modifications by Iterated phase, Data Flow Optimization, pass 1, iteration 2 (-15 instructions):
 
   402 op max *tmp204 0 *tmp203
   403 write *tmp204 processor5 ".sandTarget"
   404 jump *label159 equal .thoriumContainer false
-    * set :status1:text "Phase 2: servicing thorium drill"
   405 label *label405
   406 write "Phase 2: servicing thorium drill" processor2 ".status1"
   407 label *label406
 
   446 label *label159
   447 read *tmp219 AÕFFJS-micro-processor9 ".monos"
   448 jump *label176 lessThanEq *tmp219 1
-    * set :status1:text "Phase 1: supplying base"
   449 label *label407
   450 write "Phase 1: supplying base" processor2 ".status1"
   451 label *label408
 
   462 jump *label184 greaterThanEq *tmp223 graphite
   463 sensor *tmp226 AJEMJJ-graphite-press0 @coal
   464 jump *label186 greaterThanEq *tmp226 5
-    * set :status1:text "Goal 1: graphite requirement"
   465 label *label409
   466 write "Goal 1: graphite requirement" processor2 ".status1"
   467 label *label410
 
   479 jump *label190 greaterThanEq *tmp229 .powerTarget
   480 sensor *tmp232 AJRJM-combustion-generator3 @coal
   481 jump *label192 greaterThanEq *tmp232 2
-    * set :status1:text "Goal 4: supplying generator"
   482 label *label411
   483 write "Goal 4: supplying generator" processor2 ".status1"
   484 label *label412
 
   496 jump *label196 greaterThanEq *tmp235 silicon
   497 sensor *tmp238 ALMQJN-silicon-smelter4 @coal
   498 jump *label198 greaterThanEq *tmp238 5
-    * set :status1:text "Goal 2: coal for silicon requirement"
   499 label *label413
   500 write "Goal 2: coal for silicon requirement" processor2 ".status1"
   501 label *label414
 
   512 jump *label204 equal .scrap false
   513 sensor *tmp245 AXPRJd-pulverizer26 @scrap
   514 jump *label206 greaterThanEq *tmp245 10
-    * set :status1:text "Goal 3a: scrap for silicon requirement"
   515 label *label415
   516 write "Goal 3a: scrap for silicon requirement" processor2 ".status1"
   517 label *label416
 
   525 label *label207
   526 jump *label205 always
   527 label *label204
-    * set :status1:text "Goal 3: sand for silicon requirement"
   528 label *label417
   529 write "Goal 3: sand for silicon requirement" processor2 ".status1"
   530 label *label418
 
   556 sensor *tmp259 AJTJK-battery1 @totalPower
   557 op mul *tmp260 A©JNJP-unloader6 .powerTarget
   558 jump *label218 greaterThanEq *tmp259 *tmp260
-    * set :status1:text "Goal 5: supplying generator"
   559 label *label419
   560 write "Goal 5: supplying generator" processor2 ".status1"
   561 label *label420
 
   568 sensor *tmp263 .core @silicon
   569 jump *label222 greaterThanEq *tmp263 silicon
   570 jump *label224 equal .scrap false
-    * set :status1:text "Goal 6: silicon requirement"
   571 label *label421
   572 write "Goal 6: silicon requirement" processor2 ".status1"
   573 label *label422
 
   590 label *label228
   591 jump *label225 always
   592 label *label224
-    * set :status1:text "Goal 6: silicon requirement"
   593 label *label423
   594 write "Goal 6: silicon requirement" processor2 ".status1"
   595 label *label424
 
   605 label *label222
   606 sensor *tmp278 .core @copper
   607 jump *label239 greaterThanEq *tmp278 copper
-    * set :status1:text "Goal 7: copper requirement"
   608 label *label425
   609 write "Goal 7: copper requirement" processor2 ".status1"
   610 label *label426
 
   616 label *label239
   617 sensor *tmp281 .core @lead
   618 jump *label243 greaterThanEq *tmp281 lead
-    * set :status1:text "Goal 8: lead requirement"
   619 label *label427
   620 write "Goal 8: lead requirement" processor2 ".status1"
   621 label *label428
 
   627 label *label243
   628 sensor *tmp284 .core @metaglass
   629 jump *label247 greaterThanEq *tmp284 metaglass
-    * set :status1:text "Goal 9: metaglass requirement"
   630 label *label429
   631 write "Goal 9: metaglass requirement" processor2 ".status1"
   632 label *label430
 
   645 label *label251
   646 jump *label248 always
   647 label *label247
-    * set :status1:text "Goal 10: supplying base"
   648 label *label431
   649 write "Goal 10: supplying base" processor2 ".status1"
   650 label *label432
 
   689 label *label217
   690 jump *label215 always
   691 label *label214
-    * set :status1:text "Goal 11: Fetching titanium"
   692 label *label433
   693 write "Goal 11: Fetching titanium" processor2 ".status1"
   694 label *label434

Modifications by Inline function 'moveToBlock' defined at Actions.mnd:60:1 (-4 instructions):
 
   101 label *label76
   102 return :dropAll*retaddr
   103 end
-    * label *label35
-    * sensor *tmp114 :moveToBlock:block @x
-    * sensor *tmp115 :moveToBlock:block @y
-    * set :moveTo:x *tmp114
-    * set :moveTo:y *tmp115
-    * set :moveTo:radius :moveToBlock:radius
-    * setaddr :moveTo*retaddr *label81 (h:*label81)
-    * call *label32 *invalid :moveTo*retval (m:*label81) (h:*label81)
-    * label *label81
-    * label *label80
-    * return :moveToBlock*retaddr
-    * end
   104 label *label36
   105 label *label401
   106 write "Depositing..." processor2 ".status3"
 
   109 jump *label84 notEqual *tmp116 :depositItems:item
   110 set :moveToBlock:block :depositItems:block
   111 set :moveToBlock:radius 6
-    * setaddr :moveToBlock*retaddr *label86 (h:*label86)
-    * call *label35 *invalid :moveToBlock*retval (m:*label86) (h:*label86)
-    * label *label86
+  112 label *label435
+  113 sensor *tmp114 :moveToBlock:block @x
+  114 sensor *tmp115 :moveToBlock:block @y
+  115 set :moveTo:x *tmp114
+  116 set :moveTo:y *tmp115
+  117 set :moveTo:radius :moveToBlock:radius
+  118 setaddr :moveTo*retaddr *label436 (h:*label436)
+  119 call *label32 *invalid :moveTo*retval (m:*label436) (h:*label436)
+  120 label *label436
+  121 label *label437
   122 sensor :depositItems:cap :depositItems:block @itemCapacity
   123 label *label87
   124 ucontrol itemDrop :depositItems:block 28

Modifications by Iterated phase, Data Flow Optimization, pass 1, iteration 1:
 
   110 set :moveToBlock:block :depositItems:block
   111 set :moveToBlock:radius 6
   112 label *label435
-    * sensor *tmp114 :moveToBlock:block @x
-    * sensor *tmp115 :moveToBlock:block @y
+  113 sensor *tmp114 :depositItems:block @x
+  114 sensor *tmp115 :depositItems:block @y
   115 set :moveTo:x *tmp114
   116 set :moveTo:y *tmp115
-    * set :moveTo:radius :moveToBlock:radius
+  117 set :moveTo:radius 6
   118 setaddr :moveTo*retaddr *label436 (h:*label436)
   119 call *label32 *invalid :moveTo*retval (m:*label436) (h:*label436)
   120 label *label436

Modifications by Iterated phase, Data Flow Optimization, pass 1, iteration 2 (-2 instructions):
 
   107 label *label402
   108 sensor *tmp116 @unit @firstItem
   109 jump *label84 notEqual *tmp116 :depositItems:item
-    * set :moveToBlock:block :depositItems:block
-    * set :moveToBlock:radius 6
   110 label *label435
   111 sensor *tmp114 :depositItems:block @x
   112 sensor *tmp115 :depositItems:block @y

Modifications by Inline function 'locateOre' defined at Actions.mnd:85:1 (-4 instructions):
 
   144 label *label82
   145 return :depositItems*retaddr
   146 end
-    * label *label37
-    * ulocate ore core true :locateOre:ore :locateOre:x :locateOre:y *tmp126 *tmp127
-    * jump *label95 notEqual *tmp126 false
-    * error "Cannot locate ore"
-    * label *label95
-    * label *label96
-    * label *label94
-    * return :locateOre*retaddr
-    * end
   147 label *label38
   148 op min :mineOre:amount :mineOre:amount 28
   149 set :transportStatus:target :mineOre:amount
 
   152 call *label31 *invalid :transportStatus*retval (m:*label98) (h:*label98)
   153 label *label98
   154 set :locateOre:ore :mineOre:ore
-    * setaddr :locateOre*retaddr *label99 (h:*label99)
-    * call *label37 *invalid :locateOre*retval (m:*label99) (h:*label99)
-    * label *label99
+  155 label *label438
+  156 ulocate ore core true :locateOre:ore :locateOre:x :locateOre:y *tmp126 *tmp127
+  157 jump *label439 notEqual *tmp126 false
+  158 error "Cannot locate ore"
+  159 label *label439
+  160 label *label440
+  161 label *label441
   162 set :mineOre:x :locateOre:x
   163 set :mineOre:y :locateOre:y
   164 set :moveToEmpty:x :locateOre:x

Modifications by Iterated phase, Data Flow Optimization, pass 1, iteration 1:
 
   153 label *label98
   154 set :locateOre:ore :mineOre:ore
   155 label *label438
-    * ulocate ore core true :locateOre:ore :locateOre:x :locateOre:y *tmp126 *tmp127
+  156 ulocate ore core true :mineOre:ore :locateOre:x :locateOre:y *tmp126 *tmp127
   157 jump *label439 notEqual *tmp126 false
   158 error "Cannot locate ore"
   159 label *label439

Modifications by Iterated phase, Data Flow Optimization, pass 1, iteration 2 (-1 instructions):
 
   151 setaddr :transportStatus*retaddr *label98 (h:*label98)
   152 call *label31 *invalid :transportStatus*retval (m:*label98) (h:*label98)
   153 label *label98
-    * set :locateOre:ore :mineOre:ore
   154 label *label438
   155 ulocate ore core true :mineOre:ore :locateOre:x :locateOre:y *tmp126 *tmp127
   156 jump *label439 notEqual *tmp126 false

Modifications by Unroll iteration loop at BuilderController.mnd:213:5 (-2 instructions):
 
   751 setaddr :meetTarget*retaddr *label59
   752 label *label15
   753 set :meetTarget:count 0
-    * set :meetTarget:t :meetTarget:copper
-    * setaddr *tmp321 *label287
-    * jump *label284 always
-    * multilabel *label287 (m:marker0)
-    * set :meetTarget:t :meetTarget:lead
-    * setaddr *tmp321 *label288
-    * jump *label284 always
-    * multilabel *label288 (m:marker0)
-    * set :meetTarget:t :meetTarget:graphite
-    * setaddr *tmp321 *label289
-    * jump *label284 always
-    * multilabel *label289 (m:marker0)
-    * set :meetTarget:t :meetTarget:silicon
-    * setaddr *tmp321 *label290
-    * jump *label284 always
-    * multilabel *label290 (m:marker0)
-    * set :meetTarget:t :meetTarget:titanium
-    * setaddr *tmp321 *label291
-    * jump *label284 always
-    * multilabel *label291 (m:marker0)
-    * set :meetTarget:t :meetTarget:metaglass
-    * setaddr *tmp321 *label292
-    * jump *label284 always
-    * multilabel *label292 (m:marker0)
-    * set :meetTarget:t :meetTarget:thorium
-    * setaddr *tmp321 *label293
-    * label *label284
-    * op sign *tmp322 :meetTarget:t
-    * op add :meetTarget:count :meetTarget:count *tmp322
-    * label *label285
-    * multijump *tmp321 0 0 (m:marker0)
-    * multilabel *label293 (m:marker0)
-    * label *label286
+  754 set :meetTarget:t :meetTarget:copper
+  755 label *label442
+  756 op sign *tmp322 :meetTarget:t
+  757 op add :meetTarget:count :meetTarget:count *tmp322
+  758 label *label443
+  759 set :meetTarget:t :meetTarget:lead
+  760 label *label446
+  761 op sign *tmp322 :meetTarget:t
+  762 op add :meetTarget:count :meetTarget:count *tmp322
+  763 label *label447
+  764 set :meetTarget:t :meetTarget:graphite
+  765 label *label450
+  766 op sign *tmp322 :meetTarget:t
+  767 op add :meetTarget:count :meetTarget:count *tmp322
+  768 label *label451
+  769 set :meetTarget:t :meetTarget:silicon
+  770 label *label454
+  771 op sign *tmp322 :meetTarget:t
+  772 op add :meetTarget:count :meetTarget:count *tmp322
+  773 label *label455
+  774 set :meetTarget:t :meetTarget:titanium
+  775 label *label458
+  776 op sign *tmp322 :meetTarget:t
+  777 op add :meetTarget:count :meetTarget:count *tmp322
+  778 label *label459
+  779 set :meetTarget:t :meetTarget:metaglass
+  780 label *label462
+  781 op sign *tmp322 :meetTarget:t
+  782 op add :meetTarget:count :meetTarget:count *tmp322
+  783 label *label463
+  784 set :meetTarget:t :meetTarget:thorium
+  785 label *label466
+  786 op sign *tmp322 :meetTarget:t
+  787 op add :meetTarget:count :meetTarget:count *tmp322
+  788 label *label467
+  789 label *label286
   790 write :meetTarget:count processor2 ".totalTargets"
   791 write :meetTarget:block processor2 ".nextBlock"
   792 write :meetTarget:copper processor2 ".targetCopper"

Modifications by Iterated phase, Data Flow Optimization, pass 1, iteration 1:
 
   753 set :meetTarget:count 0
   754 set :meetTarget:t :meetTarget:copper
   755 label *label442
-    * op sign *tmp322 :meetTarget:t
-    * op add :meetTarget:count :meetTarget:count *tmp322
+  756 op sign *tmp322 :meetTarget:copper
+  757 op add :meetTarget:count 0 *tmp322
   758 label *label443
   759 set :meetTarget:t :meetTarget:lead
   760 label *label446
-    * op sign *tmp322 :meetTarget:t
+  761 op sign *tmp322 :meetTarget:lead
   762 op add :meetTarget:count :meetTarget:count *tmp322
   763 label *label447
   764 set :meetTarget:t :meetTarget:graphite
   765 label *label450
-    * op sign *tmp322 :meetTarget:t
+  766 op sign *tmp322 :meetTarget:graphite
   767 op add :meetTarget:count :meetTarget:count *tmp322
   768 label *label451
   769 set :meetTarget:t :meetTarget:silicon
   770 label *label454
-    * op sign *tmp322 :meetTarget:t
+  771 op sign *tmp322 :meetTarget:silicon
   772 op add :meetTarget:count :meetTarget:count *tmp322
   773 label *label455
   774 set :meetTarget:t :meetTarget:titanium
   775 label *label458
-    * op sign *tmp322 :meetTarget:t
+  776 op sign *tmp322 :meetTarget:titanium
   777 op add :meetTarget:count :meetTarget:count *tmp322
   778 label *label459
   779 set :meetTarget:t :meetTarget:metaglass
   780 label *label462
-    * op sign *tmp322 :meetTarget:t
+  781 op sign *tmp322 :meetTarget:metaglass
   782 op add :meetTarget:count :meetTarget:count *tmp322
   783 label *label463
   784 set :meetTarget:t :meetTarget:thorium
   785 label *label466
-    * op sign *tmp322 :meetTarget:t
+  786 op sign *tmp322 :meetTarget:thorium
   787 op add :meetTarget:count :meetTarget:count *tmp322
   788 label *label467
   789 label *label286

Modifications by Iterated phase, Data Flow Optimization, pass 1, iteration 2 (-8 instructions):
 
   750 label *label14
   751 setaddr :meetTarget*retaddr *label59
   752 label *label15
-    * set :meetTarget:count 0
-    * set :meetTarget:t :meetTarget:copper
   753 label *label442
   754 op sign *tmp322 :meetTarget:copper
   755 op add :meetTarget:count 0 *tmp322
   756 label *label443
-    * set :meetTarget:t :meetTarget:lead
   757 label *label446
   758 op sign *tmp322 :meetTarget:lead
   759 op add :meetTarget:count :meetTarget:count *tmp322
   760 label *label447
-    * set :meetTarget:t :meetTarget:graphite
   761 label *label450
   762 op sign *tmp322 :meetTarget:graphite
   763 op add :meetTarget:count :meetTarget:count *tmp322
   764 label *label451
-    * set :meetTarget:t :meetTarget:silicon
   765 label *label454
   766 op sign *tmp322 :meetTarget:silicon
   767 op add :meetTarget:count :meetTarget:count *tmp322
   768 label *label455
-    * set :meetTarget:t :meetTarget:titanium
   769 label *label458
   770 op sign *tmp322 :meetTarget:titanium
   771 op add :meetTarget:count :meetTarget:count *tmp322
   772 label *label459
-    * set :meetTarget:t :meetTarget:metaglass
   773 label *label462
   774 op sign *tmp322 :meetTarget:metaglass
   775 op add :meetTarget:count :meetTarget:count *tmp322
   776 label *label463
-    * set :meetTarget:t :meetTarget:thorium
   777 label *label466
   778 op sign *tmp322 :meetTarget:thorium
   779 op add :meetTarget:count :meetTarget:count *tmp322

Modifications by Inline function 'supplyBlockFromCore' defined at Actions.mnd:163:1 (-4 instructions):
 
   312 label *label138
   313 return :supplyBlock*retaddr
   314 end
-    * label *label43
-    * sensor *tmp166 :supplyBlockFromCore:target @itemCapacity
-    * op min :supplyBlockFromCore:cap *tmp166 28
-    * set :transportStatus:target :supplyBlockFromCore:cap
-    * set :transportStatus:item :supplyBlockFromCore:item
-    * setaddr :transportStatus*retaddr *label144 (h:*label144)
-    * call *label31 *invalid :transportStatus*retval (m:*label144) (h:*label144)
-    * label *label144
-    * set :status2:text "Transferring "
-    * set :status2:item :supplyBlockFromCore:item
-    * set :status2:block :supplyBlockFromCore:target
-    * setaddr :status2*retaddr *label145 (h:*label145)
-    * call *label29 *invalid :status2*retval (m:*label145) (h:*label145)
-    * label *label145
-    * set :moveToEmpty:x .coreX
-    * set :moveToEmpty:y .coreY
-    * setaddr :moveToEmpty*retaddr *label146 (h:*label146)
-    * call *label33 *invalid :moveToEmpty*retval (m:*label146) (h:*label146)
-    * label *label146
-    * setaddr :dropAll*retaddr *label147 (h:*label147)
-    * call *label34 *invalid :dropAll*retval (m:*label147) (h:*label147)
-    * label *label147
-    * label *label148
-    * ucontrol itemTake .core :supplyBlockFromCore:item :supplyBlockFromCore:cap
-    * sensor :supplyBlockFromCore:unitItem @unit @firstItem
-    * jump *label151 equal :supplyBlockFromCore:unitItem null
-    * jump *label151 equal :supplyBlockFromCore:unitItem :supplyBlockFromCore:item
-    * ucontrol itemDrop @air 1000
-    * label *label151
-    * label *label152
-    * label *label149
-    * sensor *tmp172 @unit :supplyBlockFromCore:item
-    * jump *label150 greaterThanEq *tmp172 :supplyBlockFromCore:cap
-    * sensor *tmp174 .core :supplyBlockFromCore:item
-    * jump *label148 notEqual *tmp174 false
-    * label *label150
-    * set :depositItems:block :supplyBlockFromCore:target
-    * set :depositItems:item :supplyBlockFromCore:item
-    * setaddr :depositItems*retaddr *label156 (h:*label156)
-    * call *label36 *invalid :depositItems*retval (m:*label156) (h:*label156)
-    * label *label156
-    * label *label143
-    * return :supplyBlockFromCore*retaddr
-    * end
   315 label *label45
   316 read *tmp176 :unpackCfg:cfg 1
   317 op sub *tmp177 *tmp176 74
 
   363 label *label167
   364 set :supplyBlockFromCore:target .thoriumGenerator
   365 set :supplyBlockFromCore:item @coal
-    * setaddr :supplyBlockFromCore*retaddr *label170 (h:*label170)
-    * call *label43 *invalid :supplyBlockFromCore*retval (m:*label170) (h:*label170)
-    * label *label170
+  366 label *label471
+  367 sensor *tmp166 :supplyBlockFromCore:target @itemCapacity
+  368 op min :supplyBlockFromCore:cap *tmp166 28
+  369 set :transportStatus:target :supplyBlockFromCore:cap
+  370 set :transportStatus:item :supplyBlockFromCore:item
+  371 setaddr :transportStatus*retaddr *label472 (h:*label472)
+  372 call *label31 *invalid :transportStatus*retval (m:*label472) (h:*label472)
+  373 label *label472
+  374 set :status2:text "Transferring "
+  375 set :status2:item :supplyBlockFromCore:item
+  376 set :status2:block :supplyBlockFromCore:target
+  377 setaddr :status2*retaddr *label473 (h:*label473)
+  378 call *label29 *invalid :status2*retval (m:*label473) (h:*label473)
+  379 label *label473
+  380 set :moveToEmpty:x .coreX
+  381 set :moveToEmpty:y .coreY
+  382 setaddr :moveToEmpty*retaddr *label474 (h:*label474)
+  383 call *label33 *invalid :moveToEmpty*retval (m:*label474) (h:*label474)
+  384 label *label474
+  385 setaddr :dropAll*retaddr *label475 (h:*label475)
+  386 call *label34 *invalid :dropAll*retval (m:*label475) (h:*label475)
+  387 label *label475
+  388 label *label476
+  389 ucontrol itemTake .core :supplyBlockFromCore:item :supplyBlockFromCore:cap
+  390 sensor :supplyBlockFromCore:unitItem @unit @firstItem
+  391 jump *label477 equal :supplyBlockFromCore:unitItem null
+  392 jump *label477 equal :supplyBlockFromCore:unitItem :supplyBlockFromCore:item
+  393 ucontrol itemDrop @air 1000
+  394 label *label477
+  395 label *label478
+  396 label *label479
+  397 sensor *tmp172 @unit :supplyBlockFromCore:item
+  398 jump *label480 greaterThanEq *tmp172 :supplyBlockFromCore:cap
+  399 sensor *tmp174 .core :supplyBlockFromCore:item
+  400 jump *label476 notEqual *tmp174 false
+  401 label *label480
+  402 set :depositItems:block :supplyBlockFromCore:target
+  403 set :depositItems:item :supplyBlockFromCore:item
+  404 setaddr :depositItems*retaddr *label481 (h:*label481)
+  405 call *label36 *invalid :depositItems*retval (m:*label481) (h:*label481)
+  406 label *label481
+  407 label *label482
   408 label *label168
   409 label *label165
   410 label *label166

Modifications by Iterated phase, Data Flow Optimization, pass 1, iteration 1:
 
   367 sensor *tmp166 :supplyBlockFromCore:target @itemCapacity
   368 op min :supplyBlockFromCore:cap *tmp166 28
   369 set :transportStatus:target :supplyBlockFromCore:cap
-    * set :transportStatus:item :supplyBlockFromCore:item
+  370 set :transportStatus:item @coal
   371 setaddr :transportStatus*retaddr *label472 (h:*label472)
   372 call *label31 *invalid :transportStatus*retval (m:*label472) (h:*label472)
   373 label *label472

Modifications by Full loop rotation at Actions.mnd:32:5 (+1 instructions):
 
    64 label *label66
    65 ucontrol within :moveTo:x :moveTo:y :moveTo:radius *tmp104
    66 jump *label68 notEqual *tmp104 false
+   67 label *label483
    68 op sub *tmp106 :moveTo:radius 0.5
    69 ucontrol approach :moveTo:x :moveTo:y *tmp106
    70 label *label67
-    * jump *label66 always
+   71 ucontrol within :moveTo:x :moveTo:y :moveTo:radius *tmp104
+   72 jump *label483 equal *tmp104 false
    73 label *label68
    74 label *label64
    75 return :moveTo*retaddr

Modifications by Full loop rotation at Actions.mnd:54:5 (+1 instructions):
 
    96 label *label77
    97 sensor *tmp112 @unit @firstItem
    98 jump *label79 equal *tmp112 null
+   99 label *label484
   100 ucontrol itemDrop @air 1000
   101 label *label78
-    * jump *label77 always
+  102 sensor *tmp112 @unit @firstItem
+  103 jump *label484 notEqual *tmp112 null
   104 label *label79
   105 label *label76
   106 return :dropAll*retaddr

Modifications by Full loop rotation at Actions.mnd:77:9 (+1 instructions):
 
   135 label *label90
   136 sensor *tmp124 @unit @firstItem
   137 jump *label92 equal *tmp124 null
+  138 label *label485
   139 ucontrol itemDrop @air 1000
   140 label *label91
-    * jump *label90 always
+  141 sensor *tmp124 @unit @firstItem
+  142 jump *label485 notEqual *tmp124 null
   143 label *label92
   144 label *label85
   145 set :transportStatus:target 0

Modifications by Inline function 'transportStatus' defined at Actions.mnd:21:1 (-4 instructions):
 
    51 label *label61
    52 return :status2*retaddr
    53 end
-    * label *label31
-    * write :transportStatus:target processor2 ".transportTarget"
-    * write :transportStatus:item processor2 ".transportItem"
-    * label *label63
-    * return :transportStatus*retaddr
-    * end
    54 label *label32
    55 label *label397
    56 write "Moving..." processor2 ".status3"
 
   138 label *label85
   139 set :transportStatus:target 0
   140 set :transportStatus:item null
-    * setaddr :transportStatus*retaddr *label93 (h:*label93)
-    * call *label31 *invalid :transportStatus*retval (m:*label93) (h:*label93)
-    * label *label93
+  141 label *label486
+  142 write :transportStatus:target processor2 ".transportTarget"
+  143 write :transportStatus:item processor2 ".transportItem"
+  144 label *label487
   145 label *label82
   146 return :depositItems*retaddr
   147 end
 
   149 op min :mineOre:amount :mineOre:amount 28
   150 set :transportStatus:target :mineOre:amount
   151 set :transportStatus:item :mineOre:ore
-    * setaddr :transportStatus*retaddr *label98 (h:*label98)
-    * call *label31 *invalid :transportStatus*retval (m:*label98) (h:*label98)
-    * label *label98
+  152 label *label488
+  153 write :transportStatus:target processor2 ".transportTarget"
+  154 write :transportStatus:item processor2 ".transportItem"
+  155 label *label489
   156 label *label438
   157 ulocate ore core true :mineOre:ore :locateOre:x :locateOre:y *tmp126 *tmp127
   158 jump *label439 notEqual *tmp126 false
 
   251 sensor *tmp150 :fetchBlock:block @itemCapacity
   252 op min :transportStatus:target *tmp150 28
   253 set :transportStatus:item :fetchBlock:item
-    * setaddr :transportStatus*retaddr *label125 (h:*label125)
-    * call *label31 *invalid :transportStatus*retval (m:*label125) (h:*label125)
-    * label *label125
+  254 label *label490
+  255 write :transportStatus:target processor2 ".transportTarget"
+  256 write :transportStatus:item processor2 ".transportItem"
+  257 label *label491
   258 set :status2:text "Fetching "
   259 set :status2:item :fetchBlock:item
   260 set :status2:block :fetchBlock:block
 
   371 op min :supplyBlockFromCore:cap *tmp166 28
   372 set :transportStatus:target :supplyBlockFromCore:cap
   373 set :transportStatus:item @coal
-    * setaddr :transportStatus*retaddr *label472 (h:*label472)
-    * call *label31 *invalid :transportStatus*retval (m:*label472) (h:*label472)
-    * label *label472
+  374 label *label492
+  375 write :transportStatus:target processor2 ".transportTarget"
+  376 write :transportStatus:item processor2 ".transportItem"
+  377 label *label493
   378 set :status2:text "Transferring "
   379 set :status2:item :supplyBlockFromCore:item
   380 set :status2:block :supplyBlockFromCore:target

Modifications by Iterated phase, Data Flow Optimization, pass 1, iteration 1:
 
   139 set :transportStatus:target 0
   140 set :transportStatus:item null
   141 label *label486
-    * write :transportStatus:target processor2 ".transportTarget"
-    * write :transportStatus:item processor2 ".transportItem"
+  142 write 0 processor2 ".transportTarget"
+  143 write null processor2 ".transportItem"
   144 label *label487
   145 label *label82
   146 return :depositItems*retaddr
 
   150 set :transportStatus:target :mineOre:amount
   151 set :transportStatus:item :mineOre:ore
   152 label *label488
-    * write :transportStatus:target processor2 ".transportTarget"
-    * write :transportStatus:item processor2 ".transportItem"
+  153 write :mineOre:amount processor2 ".transportTarget"
+  154 write :mineOre:ore processor2 ".transportItem"
   155 label *label489
   156 label *label438
   157 ulocate ore core true :mineOre:ore :locateOre:x :locateOre:y *tmp126 *tmp127
 
   253 set :transportStatus:item :fetchBlock:item
   254 label *label490
   255 write :transportStatus:target processor2 ".transportTarget"
-    * write :transportStatus:item processor2 ".transportItem"
+  256 write :fetchBlock:item processor2 ".transportItem"
   257 label *label491
   258 set :status2:text "Fetching "
   259 set :status2:item :fetchBlock:item
 
   372 set :transportStatus:target :supplyBlockFromCore:cap
   373 set :transportStatus:item @coal
   374 label *label492
-    * write :transportStatus:target processor2 ".transportTarget"
-    * write :transportStatus:item processor2 ".transportItem"
+  375 write :supplyBlockFromCore:cap processor2 ".transportTarget"
+  376 write @coal processor2 ".transportItem"
   377 label *label493
   378 set :status2:text "Transferring "
-    * set :status2:item :supplyBlockFromCore:item
+  379 set :status2:item @coal
   380 set :status2:block :supplyBlockFromCore:target
   381 setaddr :status2*retaddr *label473 (h:*label473)
   382 call *label29 *invalid :status2*retval (m:*label473) (h:*label473)

Modifications by Iterated phase, Data Flow Optimization, pass 1, iteration 2 (-5 instructions):
 
   136 jump *label485 notEqual *tmp124 null
   137 label *label92
   138 label *label85
-    * set :transportStatus:target 0
-    * set :transportStatus:item null
   139 label *label486
   140 write 0 processor2 ".transportTarget"
   141 write null processor2 ".transportItem"
 
   146 label *label38
   147 op min :mineOre:amount :mineOre:amount 28
   148 set :transportStatus:target :mineOre:amount
-    * set :transportStatus:item :mineOre:ore
   149 label *label488
   150 write :mineOre:amount processor2 ".transportTarget"
   151 write :mineOre:ore processor2 ".transportItem"
 
   247 label *label41
   248 sensor *tmp150 :fetchBlock:block @itemCapacity
   249 op min :transportStatus:target *tmp150 28
-    * set :transportStatus:item :fetchBlock:item
   250 label *label490
   251 write :transportStatus:target processor2 ".transportTarget"
   252 write :fetchBlock:item processor2 ".transportItem"
 
   366 sensor *tmp166 :supplyBlockFromCore:target @itemCapacity
   367 op min :supplyBlockFromCore:cap *tmp166 28
   368 set :transportStatus:target :supplyBlockFromCore:cap
-    * set :transportStatus:item @coal
   369 label *label492
   370 write :supplyBlockFromCore:cap processor2 ".transportTarget"
   371 write @coal processor2 ".transportItem"

Modifications by Inline function call at Actions.mnd:138:5 (+1 instructions):
 
   254 set :status2:text "Fetching "
   255 set :status2:item :fetchBlock:item
   256 set :status2:block :fetchBlock:block
-    * setaddr :status2*retaddr *label126 (h:*label126)
-    * call *label29 *invalid :status2*retval (m:*label126) (h:*label126)
-    * label *label126
+  257 label *label494
+  258 write :status2:text processor2 ".status2"
+  259 write :status2:item processor2 ".item2"
+  260 write :status2:block processor2 ".block2"
+  261 label *label495
   262 sensor *tmp152 :fetchBlock:block @x
   263 sensor *tmp153 :fetchBlock:block @y
   264 set :moveToEmpty:x *tmp152

Modifications by Iterated phase, Data Flow Optimization, pass 1, iteration 1:
 
   255 set :status2:item :fetchBlock:item
   256 set :status2:block :fetchBlock:block
   257 label *label494
-    * write :status2:text processor2 ".status2"
-    * write :status2:item processor2 ".item2"
-    * write :status2:block processor2 ".block2"
+  258 write "Fetching " processor2 ".status2"
+  259 write :fetchBlock:item processor2 ".item2"
+  260 write :fetchBlock:block processor2 ".block2"
   261 label *label495
   262 sensor *tmp152 :fetchBlock:block @x
   263 sensor *tmp153 :fetchBlock:block @y

Modifications by Iterated phase, Data Flow Optimization, pass 1, iteration 2 (-3 instructions):
 
   251 write :transportStatus:target processor2 ".transportTarget"
   252 write :fetchBlock:item processor2 ".transportItem"
   253 label *label491
-    * set :status2:text "Fetching "
-    * set :status2:item :fetchBlock:item
-    * set :status2:block :fetchBlock:block
   254 label *label494
   255 write "Fetching " processor2 ".status2"
   256 write :fetchBlock:item processor2 ".item2"

Modifications by Inline function call at Actions.mnd:132:5 (+1 instructions):
 
   232 set :status2:text "Mining "
   233 set :status2:item :mineOre.2:ore
   234 set :status2:block "core"
-    * setaddr :status2*retaddr *label122 (h:*label122)
-    * call *label29 *invalid :status2*retval (m:*label122) (h:*label122)
-    * label *label122
+  235 label *label496
+  236 write :status2:text processor2 ".status2"
+  237 write :status2:item processor2 ".item2"
+  238 write :status2:block processor2 ".block2"
+  239 label *label497
   240 set :mineOre:ore :mineOre.2:ore
   241 set :mineOre:amount 28
   242 set :mineOre:block .core

Modifications by Iterated phase, Data Flow Optimization, pass 1, iteration 1:
 
   233 set :status2:item :mineOre.2:ore
   234 set :status2:block "core"
   235 label *label496
-    * write :status2:text processor2 ".status2"
-    * write :status2:item processor2 ".item2"
-    * write :status2:block processor2 ".block2"
+  236 write "Mining " processor2 ".status2"
+  237 write :mineOre.2:ore processor2 ".item2"
+  238 write "core" processor2 ".block2"
   239 label *label497
   240 set :mineOre:ore :mineOre.2:ore
   241 set :mineOre:amount 28

Modifications by Iterated phase, Data Flow Optimization, pass 1, iteration 2 (-3 instructions):
 
   229 return :mineOre.1*retaddr
   230 end
   231 label *label40
-    * set :status2:text "Mining "
-    * set :status2:item :mineOre.2:ore
-    * set :status2:block "core"
   232 label *label496
   233 write "Mining " processor2 ".status2"
   234 write :mineOre.2:ore processor2 ".item2"

Modifications by Inline function call at Actions.mnd:140:5 (+3 instructions):
 
   262 setaddr :moveToEmpty*retaddr *label127 (h:*label127)
   263 call *label33 *invalid :moveToEmpty*retval (m:*label127) (h:*label127)
   264 label *label127
-    * setaddr :dropAll*retaddr *label128 (h:*label128)
-    * call *label34 *invalid :dropAll*retval (m:*label128) (h:*label128)
-    * label *label128
+  265 label *label498
+  266 label *label499
+  267 sensor *tmp112 @unit @firstItem
+  268 jump *label502 equal *tmp112 null
+  269 label *label500
+  270 ucontrol itemDrop @air 1000
+  271 label *label501
+  272 sensor *tmp112 @unit @firstItem
+  273 jump *label500 notEqual *tmp112 null
+  274 label *label502
+  275 label *label503
   276 label *label129
   277 ucontrol itemTake :fetchBlock:block :fetchBlock:item 28
   278 sensor :fetchBlock:unitItem @unit @firstItem

Modifications by Inline function call at Actions.mnd:139:5 (+5 instructions):
 
   259 sensor *tmp153 :fetchBlock:block @y
   260 set :moveToEmpty:x *tmp152
   261 set :moveToEmpty:y *tmp153
-    * setaddr :moveToEmpty*retaddr *label127 (h:*label127)
-    * call *label33 *invalid :moveToEmpty*retval (m:*label127) (h:*label127)
-    * label *label127
+  262 label *label504
+  263 label *label505
+  264 write "Moving..." processor2 ".status3"
+  265 label *label506
+  266 label *label507
+  267 sensor *tmp107 @unit @firstItem
+  268 jump *label508 equal *tmp107 null
+  269 ucontrol itemDrop @air 1000
+  270 label *label508
+  271 label *label509
+  272 ucontrol approach :moveToEmpty:x :moveToEmpty:y 5.5
+  273 label *label510
+  274 ucontrol within :moveToEmpty:x :moveToEmpty:y 6 *tmp110
+  275 jump *label507 equal *tmp110 false
+  276 label *label511
+  277 label *label512
   278 label *label498
   279 label *label499
   280 sensor *tmp112 @unit @firstItem

Modifications by Iterated phase, Data Flow Optimization, pass 1, iteration 1:
 
   269 ucontrol itemDrop @air 1000
   270 label *label508
   271 label *label509
-    * ucontrol approach :moveToEmpty:x :moveToEmpty:y 5.5
+  272 ucontrol approach *tmp152 *tmp153 5.5
   273 label *label510
-    * ucontrol within :moveToEmpty:x :moveToEmpty:y 6 *tmp110
+  274 ucontrol within *tmp152 *tmp153 6 *tmp110
   275 jump *label507 equal *tmp110 false
   276 label *label511
   277 label *label512

Modifications by Iterated phase, Data Flow Optimization, pass 1, iteration 2 (-2 instructions):
 
   257 label *label495
   258 sensor *tmp152 :fetchBlock:block @x
   259 sensor *tmp153 :fetchBlock:block @y
-    * set :moveToEmpty:x *tmp152
-    * set :moveToEmpty:y *tmp153
   260 label *label504
   261 label *label505
   262 write "Moving..." processor2 ".status3"

Modifications by Inline function call at Actions.mnd:112:16 (+35 instructions):
 
   190 label *label110
   191 label *label111
   192 jump *label112 notEqual .noTarget false
-    * setaddr :targetMet*retaddr *label116 (h:*label116)
-    * call *label46 *invalid :targetMet*retval (m:*label116) (h:*label116)
-    * label *label116
+  193 label *label513
+  194 sensor *tmp300 .core @silicon
+  195 jump *label514 greaterThanEq *tmp300 silicon
+  196 write @silicon processor2 ".missing"
+  197 set :targetMet*retval false
+  198 jump *label528 always
+  199 label *label514
+  200 label *label515
+  201 sensor *tmp303 .core @copper
+  202 jump *label516 greaterThanEq *tmp303 copper
+  203 write @copper processor2 ".missing"
+  204 set :targetMet*retval false
+  205 jump *label528 always
+  206 label *label516
+  207 label *label517
+  208 sensor *tmp306 .core @lead
+  209 jump *label518 greaterThanEq *tmp306 lead
+  210 write @lead processor2 ".missing"
+  211 set :targetMet*retval false
+  212 jump *label528 always
+  213 label *label518
+  214 label *label519
+  215 sensor *tmp309 .core @metaglass
+  216 jump *label520 greaterThanEq *tmp309 metaglass
+  217 write @metaglass processor2 ".missing"
+  218 set :targetMet*retval false
+  219 jump *label528 always
+  220 label *label520
+  221 label *label521
+  222 sensor *tmp312 .core @graphite
+  223 jump *label522 greaterThanEq *tmp312 graphite
+  224 write @graphite processor2 ".missing"
+  225 set :targetMet*retval false
+  226 jump *label528 always
+  227 label *label522
+  228 label *label523
+  229 sensor *tmp315 .core @titanium
+  230 jump *label524 greaterThanEq *tmp315 titanium
+  231 write @titanium processor2 ".missing"
+  232 set :targetMet*retval false
+  233 jump *label528 always
+  234 label *label524
+  235 label *label525
+  236 sensor *tmp318 .core @thorium
+  237 jump *label526 greaterThanEq *tmp318 thorium
+  238 write @thorium processor2 ".missing"
+  239 set :targetMet*retval false
+  240 jump *label528 always
+  241 label *label526
+  242 label *label527
+  243 set :targetMet*retval true
+  244 jump *label528 always
+  245 label *label528
   246 jump *label114 equal :targetMet*retval false
   247 jump *label107 always
   248 label *label114

Modifications by Inline function call at Actions.mnd:61:5 (+5 instructions):
 
   111 set :moveTo:x *tmp114
   112 set :moveTo:y *tmp115
   113 set :moveTo:radius 6
-    * setaddr :moveTo*retaddr *label436 (h:*label436)
-    * call *label32 *invalid :moveTo*retval (m:*label436) (h:*label436)
-    * label *label436
+  114 label *label529
+  115 label *label530
+  116 write "Moving..." processor2 ".status3"
+  117 label *label531
+  118 label *label532
+  119 ucontrol within :moveTo:x :moveTo:y :moveTo:radius *tmp104
+  120 jump *label535 notEqual *tmp104 false
+  121 label *label533
+  122 op sub *tmp106 :moveTo:radius 0.5
+  123 ucontrol approach :moveTo:x :moveTo:y *tmp106
+  124 label *label534
+  125 ucontrol within :moveTo:x :moveTo:y :moveTo:radius *tmp104
+  126 jump *label533 equal *tmp104 false
+  127 label *label535
+  128 label *label536
   129 label *label437
   130 sensor :depositItems:cap :depositItems:block @itemCapacity
   131 label *label87

Modifications by Iterated phase, Data Flow Optimization, pass 1, iteration 1:
 
   116 write "Moving..." processor2 ".status3"
   117 label *label531
   118 label *label532
-    * ucontrol within :moveTo:x :moveTo:y :moveTo:radius *tmp104
+  119 ucontrol within *tmp114 *tmp115 6 *tmp104
   120 jump *label535 notEqual *tmp104 false
   121 label *label533
-    * op sub *tmp106 :moveTo:radius 0.5
-    * ucontrol approach :moveTo:x :moveTo:y *tmp106
+  122 op sub *tmp106 6 0.5
+  123 ucontrol approach *tmp114 *tmp115 5.5
   124 label *label534
-    * ucontrol within :moveTo:x :moveTo:y :moveTo:radius *tmp104
+  125 ucontrol within *tmp114 *tmp115 6 *tmp104
   126 jump *label533 equal *tmp104 false
   127 label *label535
   128 label *label536

Modifications by Iterated phase, Data Flow Optimization, pass 1, iteration 2 (-4 instructions):
 
   108 label *label435
   109 sensor *tmp114 :depositItems:block @x
   110 sensor *tmp115 :depositItems:block @y
-    * set :moveTo:x *tmp114
-    * set :moveTo:y *tmp115
-    * set :moveTo:radius 6
   111 label *label529
   112 label *label530
   113 write "Moving..." processor2 ".status3"
 
   116 ucontrol within *tmp114 *tmp115 6 *tmp104
   117 jump *label535 notEqual *tmp104 false
   118 label *label533
-    * op sub *tmp106 6 0.5
   119 ucontrol approach *tmp114 *tmp115 5.5
   120 label *label534
   121 ucontrol within *tmp114 *tmp115 6 *tmp104

Modifications by Inline function call at Actions.mnd:155:5 (+1 instructions):
 
   368 set :status2:text "Supplying "
   369 set :status2:item :supplyBlock:ore
   370 set :status2:block :supplyBlock:block
-    * setaddr :status2*retaddr *label139 (h:*label139)
-    * call *label29 *invalid :status2*retval (m:*label139) (h:*label139)
-    * label *label139
+  371 label *label537
+  372 write :status2:text processor2 ".status2"
+  373 write :status2:item processor2 ".item2"
+  374 write :status2:block processor2 ".block2"
+  375 label *label538
   376 sensor :supplyBlock:blockCapacity :supplyBlock:block @itemCapacity
   377 sensor *tmp162 :supplyBlock:block :supplyBlock:ore
   378 op sub :supplyBlock:missing :supplyBlock:blockCapacity *tmp162

Modifications by Iterated phase, Data Flow Optimization, pass 1, iteration 1:
 
   369 set :status2:item :supplyBlock:ore
   370 set :status2:block :supplyBlock:block
   371 label *label537
-    * write :status2:text processor2 ".status2"
-    * write :status2:item processor2 ".item2"
-    * write :status2:block processor2 ".block2"
+  372 write "Supplying " processor2 ".status2"
+  373 write :supplyBlock:ore processor2 ".item2"
+  374 write :supplyBlock:block processor2 ".block2"
   375 label *label538
   376 sensor :supplyBlock:blockCapacity :supplyBlock:block @itemCapacity
   377 sensor *tmp162 :supplyBlock:block :supplyBlock:ore

Modifications by Iterated phase, Data Flow Optimization, pass 1, iteration 2 (-3 instructions):
 
   365 return :fetchBlock*retaddr
   366 end
   367 label *label42
-    * set :status2:text "Supplying "
-    * set :status2:item :supplyBlock:ore
-    * set :status2:block :supplyBlock:block
   368 label *label537
   369 write "Supplying " processor2 ".status2"
   370 write :supplyBlock:ore processor2 ".item2"

Modifications by Inline function 'moveToEmpty' defined at Actions.mnd:43:1 (+1 instructions):
 
    68 label *label64
    69 return :moveTo*retaddr
    70 end
-    * label *label33
-    * label *label399
-    * write "Moving..." processor2 ".status3"
-    * label *label400
-    * label *label71
-    * sensor *tmp107 @unit @firstItem
-    * jump *label74 equal *tmp107 null
-    * ucontrol itemDrop @air 1000
-    * label *label74
-    * label *label75
-    * ucontrol approach :moveToEmpty:x :moveToEmpty:y 5.5
-    * label *label72
-    * ucontrol within :moveToEmpty:x :moveToEmpty:y 6 *tmp110
-    * jump *label71 equal *tmp110 false
-    * label *label73
-    * label *label69
-    * return :moveToEmpty*retaddr
-    * end
    71 label *label34
    72 label *label77
    73 sensor *tmp112 @unit @firstItem
 
   151 set :mineOre:y :locateOre:y
   152 set :moveToEmpty:x :locateOre:x
   153 set :moveToEmpty:y :locateOre:y
-    * setaddr :moveToEmpty*retaddr *label100 (h:*label100)
-    * call *label33 *invalid :moveToEmpty*retval (m:*label100) (h:*label100)
-    * label *label100
+  154 label *label539
+  155 label *label540
+  156 write "Moving..." processor2 ".status3"
+  157 label *label541
+  158 label *label542
+  159 sensor *tmp107 @unit @firstItem
+  160 jump *label543 equal *tmp107 null
+  161 ucontrol itemDrop @air 1000
+  162 label *label543
+  163 label *label544
+  164 ucontrol approach :moveToEmpty:x :moveToEmpty:y 5.5
+  165 label *label545
+  166 ucontrol within :moveToEmpty:x :moveToEmpty:y 6 *tmp110
+  167 jump *label542 equal *tmp110 false
+  168 label *label546
+  169 label *label547
   170 sensor *tmp131 @unit @firstItem
   171 jump *label101 equal *tmp131 :mineOre:ore
   172 setaddr :dropAll*retaddr *label103 (h:*label103)
 
   447 label *label473
   448 set :moveToEmpty:x .coreX
   449 set :moveToEmpty:y .coreY
-    * setaddr :moveToEmpty*retaddr *label474 (h:*label474)
-    * call *label33 *invalid :moveToEmpty*retval (m:*label474) (h:*label474)
-    * label *label474
+  450 label *label548
+  451 label *label549
+  452 write "Moving..." processor2 ".status3"
+  453 label *label550
+  454 label *label551
+  455 sensor *tmp107 @unit @firstItem
+  456 jump *label552 equal *tmp107 null
+  457 ucontrol itemDrop @air 1000
+  458 label *label552
+  459 label *label553
+  460 ucontrol approach :moveToEmpty:x :moveToEmpty:y 5.5
+  461 label *label554
+  462 ucontrol within :moveToEmpty:x :moveToEmpty:y 6 *tmp110
+  463 jump *label551 equal *tmp110 false
+  464 label *label555
+  465 label *label556
   466 setaddr :dropAll*retaddr *label475 (h:*label475)
   467 call *label34 *invalid :dropAll*retval (m:*label475) (h:*label475)
   468 label *label475

Modifications by Iterated phase, Data Flow Optimization, pass 1, iteration 1:
 
   161 ucontrol itemDrop @air 1000
   162 label *label543
   163 label *label544
-    * ucontrol approach :moveToEmpty:x :moveToEmpty:y 5.5
+  164 ucontrol approach :locateOre:x :locateOre:y 5.5
   165 label *label545
-    * ucontrol within :moveToEmpty:x :moveToEmpty:y 6 *tmp110
+  166 ucontrol within :locateOre:x :locateOre:y 6 *tmp110
   167 jump *label542 equal *tmp110 false
   168 label *label546
   169 label *label547
 
   457 ucontrol itemDrop @air 1000
   458 label *label552
   459 label *label553
-    * ucontrol approach :moveToEmpty:x :moveToEmpty:y 5.5
+  460 ucontrol approach .coreX .coreY 5.5
   461 label *label554
-    * ucontrol within :moveToEmpty:x :moveToEmpty:y 6 *tmp110
+  462 ucontrol within .coreX .coreY 6 *tmp110
   463 jump *label551 equal *tmp110 false
   464 label *label555
   465 label *label556

Modifications by Iterated phase, Data Flow Optimization, pass 1, iteration 2 (-4 instructions):
 
   149 label *label441
   150 set :mineOre:x :locateOre:x
   151 set :mineOre:y :locateOre:y
-    * set :moveToEmpty:x :locateOre:x
-    * set :moveToEmpty:y :locateOre:y
   152 label *label539
   153 label *label540
   154 write "Moving..." processor2 ".status3"
 
   443 setaddr :status2*retaddr *label473 (h:*label473)
   444 call *label29 *invalid :status2*retval (m:*label473) (h:*label473)
   445 label *label473
-    * set :moveToEmpty:x .coreX
-    * set :moveToEmpty:y .coreY
   446 label *label548
   447 label *label549
   448 write "Moving..." processor2 ".status3"

Modifications by Full loop rotation at BuilderController.mnd:242:5 (+2 instructions):
 
   889 call *label46 *invalid :targetMet*retval (m:*label297) (h:*label297)
   890 label *label297
   891 jump *label296 notEqual :targetMet*retval false
+  892 label *label558
   893 setaddr :supplyBase*retaddr *label298 (h:*label298)
   894 call *label13 *invalid :supplyBase*retval (m:*label298) (h:*label298)
   895 label *label298
   896 label *label295
-    * jump *label294 always
+  897 setaddr :targetMet*retaddr *label557 (h:*label557)
+  898 call *label46 *invalid :targetMet*retval (m:*label557) (h:*label557)
+  899 label *label557
+  900 jump *label558 equal :targetMet*retval false
   901 label *label296
   902 jump *label299 equal :meetTarget:forBuild false
   903 write false AÕFFJS-micro-processor9 ":buildStart*finished"

Modifications by Inline function 'status2' defined at Actions.mnd:11:1 (-3 instructions):
 
    44 wait 1e12
    45 jump *label59 always
    46 end
-    * label *label29
-    * write :status2:text processor2 ".status2"
-    * write :status2:item processor2 ".item2"
-    * write :status2:block processor2 ".block2"
-    * label *label61
-    * return :status2*retaddr
-    * end
    47 label *label32
    48 label *label397
    49 write "Moving..." processor2 ".status3"
 
   260 set :status2:text "Mining "
   261 set :status2:item :mineOre.1:ore
   262 set :status2:block :mineOre.1:block
-    * setaddr :status2*retaddr *label119 (h:*label119)
-    * call *label29 *invalid :status2*retval (m:*label119) (h:*label119)
-    * label *label119
+  263 label *label559
+  264 write :status2:text processor2 ".status2"
+  265 write :status2:item processor2 ".item2"
+  266 write :status2:block processor2 ".block2"
+  267 label *label560
   268 set :mineOre:ore :mineOre.1:ore
   269 set :mineOre:amount 28
   270 set :mineOre:block :mineOre.1:block
 
   435 set :status2:text "Transferring "
   436 set :status2:item @coal
   437 set :status2:block :supplyBlockFromCore:target
-    * setaddr :status2*retaddr *label473 (h:*label473)
-    * call *label29 *invalid :status2*retval (m:*label473) (h:*label473)
-    * label *label473
+  438 label *label561
+  439 write :status2:text processor2 ".status2"
+  440 write :status2:item processor2 ".item2"
+  441 write :status2:block processor2 ".block2"
+  442 label *label562
   443 label *label548
   444 label *label549
   445 write "Moving..." processor2 ".status3"

Modifications by Iterated phase, Data Flow Optimization, pass 1, iteration 1:
 
   261 set :status2:item :mineOre.1:ore
   262 set :status2:block :mineOre.1:block
   263 label *label559
-    * write :status2:text processor2 ".status2"
-    * write :status2:item processor2 ".item2"
-    * write :status2:block processor2 ".block2"
+  264 write "Mining " processor2 ".status2"
+  265 write :mineOre.1:ore processor2 ".item2"
+  266 write :mineOre.1:block processor2 ".block2"
   267 label *label560
   268 set :mineOre:ore :mineOre.1:ore
   269 set :mineOre:amount 28
 
   436 set :status2:item @coal
   437 set :status2:block :supplyBlockFromCore:target
   438 label *label561
-    * write :status2:text processor2 ".status2"
-    * write :status2:item processor2 ".item2"
-    * write :status2:block processor2 ".block2"
+  439 write "Transferring " processor2 ".status2"
+  440 write @coal processor2 ".item2"
+  441 write :supplyBlockFromCore:target processor2 ".block2"
   442 label *label562
   443 label *label548
   444 label *label549

Modifications by Iterated phase, Data Flow Optimization, pass 1, iteration 2 (-6 instructions):
 
   257 return :mineOre*retaddr
   258 end
   259 label *label39
-    * set :status2:text "Mining "
-    * set :status2:item :mineOre.1:ore
-    * set :status2:block :mineOre.1:block
   260 label *label559
   261 write "Mining " processor2 ".status2"
   262 write :mineOre.1:ore processor2 ".item2"
 
   429 write :supplyBlockFromCore:cap processor2 ".transportTarget"
   430 write @coal processor2 ".transportItem"
   431 label *label493
-    * set :status2:text "Transferring "
-    * set :status2:item @coal
-    * set :status2:block :supplyBlockFromCore:target
   432 label *label561
   433 write "Transferring " processor2 ".status2"
   434 write @coal processor2 ".item2"

Modifications by Inline function 'dropAll' defined at Actions.mnd:52:1 (-1 instructions):
 
    61 label *label64
    62 return :moveTo*retaddr
    63 end
-    * label *label34
-    * label *label77
-    * sensor *tmp112 @unit @firstItem
-    * jump *label79 equal *tmp112 null
-    * label *label484
-    * ucontrol itemDrop @air 1000
-    * label *label78
-    * sensor *tmp112 @unit @firstItem
-    * jump *label484 notEqual *tmp112 null
-    * label *label79
-    * label *label76
-    * return :dropAll*retaddr
-    * end
    64 label *label36
    65 label *label401
    66 write "Depositing..." processor2 ".status3"
 
   147 label *label547
   148 sensor *tmp131 @unit @firstItem
   149 jump *label101 equal *tmp131 :mineOre:ore
-    * setaddr :dropAll*retaddr *label103 (h:*label103)
-    * call *label34 *invalid :dropAll*retval (m:*label103) (h:*label103)
-    * label *label103
+  150 label *label563
+  151 label *label564
+  152 sensor *tmp112 @unit @firstItem
+  153 jump *label567 equal *tmp112 null
+  154 label *label565
+  155 ucontrol itemDrop @air 1000
+  156 label *label566
+  157 sensor *tmp112 @unit @firstItem
+  158 jump *label565 notEqual *tmp112 null
+  159 label *label567
+  160 label *label568
   161 label *label101
   162 label *label102
   163 label *label403
 
   445 jump *label551 equal *tmp110 false
   446 label *label555
   447 label *label556
-    * setaddr :dropAll*retaddr *label475 (h:*label475)
-    * call *label34 *invalid :dropAll*retval (m:*label475) (h:*label475)
-    * label *label475
+  448 label *label569
+  449 label *label570
+  450 sensor *tmp112 @unit @firstItem
+  451 jump *label573 equal *tmp112 null
+  452 label *label571
+  453 ucontrol itemDrop @air 1000
+  454 label *label572
+  455 sensor *tmp112 @unit @firstItem
+  456 jump *label571 notEqual *tmp112 null
+  457 label *label573
+  458 label *label574
   459 label *label476
   460 ucontrol itemTake .core :supplyBlockFromCore:item :supplyBlockFromCore:cap
   461 sensor :supplyBlockFromCore:unitItem @unit @firstItem

Modifications by Iterated phase, Data Flow Optimization, pass 1, iteration 1:
 
   173 jump *label107 always
   174 label *label108
   175 label *label109
-    * ucontrol mine :mineOre:x :mineOre:y
+  176 ucontrol mine :locateOre:x :locateOre:y
   177 jump *label110 lessThanEq @second :mineOre:stop
   178 jump *label107 always
   179 label *label110
 
   457 label *label573
   458 label *label574
   459 label *label476
-    * ucontrol itemTake .core :supplyBlockFromCore:item :supplyBlockFromCore:cap
+  460 ucontrol itemTake .core @coal :supplyBlockFromCore:cap
   461 sensor :supplyBlockFromCore:unitItem @unit @firstItem
   462 jump *label477 equal :supplyBlockFromCore:unitItem null
-    * jump *label477 equal :supplyBlockFromCore:unitItem :supplyBlockFromCore:item
+  463 jump *label477 equal :supplyBlockFromCore:unitItem @coal
   464 ucontrol itemDrop @air 1000
   465 label *label477
   466 label *label478
   467 label *label479
-    * sensor *tmp172 @unit :supplyBlockFromCore:item
+  468 sensor *tmp172 @unit @coal
   469 jump *label480 greaterThanEq *tmp172 :supplyBlockFromCore:cap
-    * sensor *tmp174 .core :supplyBlockFromCore:item
+  470 sensor *tmp174 .core @coal
   471 jump *label476 notEqual *tmp174 false
   472 label *label480
   473 set :depositItems:block :supplyBlockFromCore:target
-    * set :depositItems:item :supplyBlockFromCore:item
+  474 set :depositItems:item @coal
   475 setaddr :depositItems*retaddr *label481 (h:*label481)
   476 call *label36 *invalid :depositItems*retval (m:*label481) (h:*label481)
   477 label *label481

Modifications by Iterated phase, Data Flow Optimization, pass 1, iteration 2 (-3 instructions):
 
   127 label *label439
   128 label *label440
   129 label *label441
-    * set :mineOre:x :locateOre:x
-    * set :mineOre:y :locateOre:y
   130 label *label539
   131 label *label540
   132 write "Moving..." processor2 ".status3"
 
   413 jump *label168 always
   414 label *label167
   415 set :supplyBlockFromCore:target .thoriumGenerator
-    * set :supplyBlockFromCore:item @coal
   416 label *label471
   417 sensor *tmp166 :supplyBlockFromCore:target @itemCapacity
   418 op min :supplyBlockFromCore:cap *tmp166 28

Modifications by Full loop rotation at BuilderController.mnd:248:9 (+2 instructions):
 
   902 call *label46 *invalid :targetMet*retval (m:*label305) (h:*label305)
   903 label *label305
   904 jump *label304 notEqual :targetMet*retval false
+  905 label *label576
   906 setaddr :supplyBase*retaddr *label306 (h:*label306)
   907 call *label13 *invalid :supplyBase*retval (m:*label306) (h:*label306)
   908 label *label306
   909 label *label303
-    * jump *label302 always
+  910 setaddr :targetMet*retaddr *label575 (h:*label575)
+  911 call *label46 *invalid :targetMet*retval (m:*label575) (h:*label575)
+  912 label *label575
+  913 jump *label576 equal :targetMet*retval false
   914 label *label304
   915 label *label299
   916 label *label300

Modifications by Inline function call at BuilderController.mnd:162:5 (+6 instructions):
 
   500 write "Phase 1: supplying base" processor2 ".status1"
   501 label *label408
   502 set :mineOre.2:ore @coal
-    * setaddr :mineOre.2*retaddr *label180 (h:*label180)
-    * call *label40 *invalid :mineOre.2*retval (m:*label180) (h:*label180)
-    * label *label180
+  503 label *label577
+  504 label *label578
+  505 write "Mining " processor2 ".status2"
+  506 write :mineOre.2:ore processor2 ".item2"
+  507 write "core" processor2 ".block2"
+  508 label *label579
+  509 set :mineOre:ore :mineOre.2:ore
+  510 set :mineOre:amount 28
+  511 set :mineOre:block .core
+  512 setaddr :mineOre*retaddr *label580 (h:*label580)
+  513 call *label38 *invalid :mineOre*retval (m:*label580) (h:*label580)
+  514 label *label580
+  515 label *label581
   516 label *label178
   517 jump *label177 always
   518 label *label176

Modifications by Iterated phase, Data Flow Optimization, pass 1, iteration 1:
 
   503 label *label577
   504 label *label578
   505 write "Mining " processor2 ".status2"
-    * write :mineOre.2:ore processor2 ".item2"
+  506 write @coal processor2 ".item2"
   507 write "core" processor2 ".block2"
   508 label *label579
-    * set :mineOre:ore :mineOre.2:ore
+  509 set :mineOre:ore @coal
   510 set :mineOre:amount 28
   511 set :mineOre:block .core
   512 setaddr :mineOre*retaddr *label580 (h:*label580)

Modifications by Inline function call at Actions.mnd:150:5 (+23 instructions):
 
   336 label *label131
   337 set :depositItems:block .core
   338 set :depositItems:item :fetchBlock:item
-    * setaddr :depositItems*retaddr *label137 (h:*label137)
-    * call *label36 *invalid :depositItems*retval (m:*label137) (h:*label137)
-    * label *label137
+  339 label *label582
+  340 label *label583
+  341 write "Depositing..." processor2 ".status3"
+  342 label *label584
+  343 sensor *tmp116 @unit @firstItem
+  344 jump *label598 notEqual *tmp116 :depositItems:item
+  345 label *label585
+  346 sensor *tmp114 :depositItems:block @x
+  347 sensor *tmp115 :depositItems:block @y
+  348 label *label586
+  349 label *label587
+  350 write "Moving..." processor2 ".status3"
+  351 label *label588
+  352 label *label589
+  353 ucontrol within *tmp114 *tmp115 6 *tmp104
+  354 jump *label592 notEqual *tmp104 false
+  355 label *label590
+  356 ucontrol approach *tmp114 *tmp115 5.5
+  357 label *label591
+  358 ucontrol within *tmp114 *tmp115 6 *tmp104
+  359 jump *label590 equal *tmp104 false
+  360 label *label592
+  361 label *label593
+  362 label *label594
+  363 sensor :depositItems:cap :depositItems:block @itemCapacity
+  364 label *label595
+  365 ucontrol itemDrop :depositItems:block 28
+  366 label *label596
+  367 sensor *tmp120 @unit @firstItem
+  368 op mul *tmp121 *tmp120 :depositItems:cap
+  369 sensor *tmp122 :depositItems:block :depositItems:item
+  370 jump *label595 greaterThan *tmp121 *tmp122
+  371 label *label597
+  372 jump *label603 always
+  373 label *label598
+  374 label *label599
+  375 sensor *tmp124 @unit @firstItem
+  376 jump *label602 equal *tmp124 null
+  377 label *label600
+  378 ucontrol itemDrop @air 1000
+  379 label *label601
+  380 sensor *tmp124 @unit @firstItem
+  381 jump *label600 notEqual *tmp124 null
+  382 label *label602
+  383 label *label603
+  384 label *label604
+  385 write 0 processor2 ".transportTarget"
+  386 write null processor2 ".transportItem"
+  387 label *label605
+  388 label *label606
   389 label *label124
   390 return :fetchBlock*retaddr
   391 end

Modifications by Iterated phase, Data Flow Optimization, pass 1, iteration 1:
 
   341 write "Depositing..." processor2 ".status3"
   342 label *label584
   343 sensor *tmp116 @unit @firstItem
-    * jump *label598 notEqual *tmp116 :depositItems:item
+  344 jump *label598 notEqual *tmp116 :fetchBlock:item
   345 label *label585
-    * sensor *tmp114 :depositItems:block @x
-    * sensor *tmp115 :depositItems:block @y
+  346 sensor *tmp114 .core @x
+  347 sensor *tmp115 .core @y
   348 label *label586
   349 label *label587
   350 write "Moving..." processor2 ".status3"
 
   360 label *label592
   361 label *label593
   362 label *label594
-    * sensor :depositItems:cap :depositItems:block @itemCapacity
+  363 sensor :depositItems:cap .core @itemCapacity
   364 label *label595
-    * ucontrol itemDrop :depositItems:block 28
+  365 ucontrol itemDrop .core 28
   366 label *label596
   367 sensor *tmp120 @unit @firstItem
   368 op mul *tmp121 *tmp120 :depositItems:cap
-    * sensor *tmp122 :depositItems:block :depositItems:item
+  369 sensor *tmp122 .core :fetchBlock:item
   370 jump *label595 greaterThan *tmp121 *tmp122
   371 label *label597
   372 jump *label603 always

Modifications by Iterated phase, Data Flow Optimization, pass 1, iteration 2 (-2 instructions):
 
   334 sensor *tmp160 :fetchBlock:block :fetchBlock:item
   335 jump *label129 notEqual *tmp160 false
   336 label *label131
-    * set :depositItems:block .core
-    * set :depositItems:item :fetchBlock:item
   337 label *label582
   338 label *label583
   339 write "Depositing..." processor2 ".status3"

Modifications by Full loop rotation at BuilderController.mnd:416:9 (+1 instructions):
 
  1325 label *label380
  1326 read *tmp418 processor3 ".locations"
  1327 jump *label382 greaterThanEq :buildTitaniumDrills:current *tmp418
+ 1328 label *label607
  1329 op mul :buildTitaniumDrills:index :buildTitaniumDrills:current 4
  1330 op add *tmp420 :buildTitaniumDrills:index 1
  1331 read :buildTitaniumDrills:size bank1 *tmp420
 
  1391 label *label384
  1392 op add :buildTitaniumDrills:current :buildTitaniumDrills:current 1
  1393 label *label381
-    * jump *label380 always
+ 1394 read *tmp418 processor3 ".locations"
+ 1395 jump *label607 lessThan :buildTitaniumDrills:current *tmp418
  1396 label *label382
  1397 jump *label392 lessThan :buildTitaniumDrills:tiles .MAX_TILES
  1398 jump *label379 always

Modifications by Inline function 'depositItems' defined at Actions.mnd:67:1 (+19 instructions):
 
    61 label *label64
    62 return :moveTo*retaddr
    63 end
-    * label *label36
-    * label *label401
-    * write "Depositing..." processor2 ".status3"
-    * label *label402
-    * sensor *tmp116 @unit @firstItem
-    * jump *label84 notEqual *tmp116 :depositItems:item
-    * label *label435
-    * sensor *tmp114 :depositItems:block @x
-    * sensor *tmp115 :depositItems:block @y
-    * label *label529
-    * label *label530
-    * write "Moving..." processor2 ".status3"
-    * label *label531
-    * label *label532
-    * ucontrol within *tmp114 *tmp115 6 *tmp104
-    * jump *label535 notEqual *tmp104 false
-    * label *label533
-    * ucontrol approach *tmp114 *tmp115 5.5
-    * label *label534
-    * ucontrol within *tmp114 *tmp115 6 *tmp104
-    * jump *label533 equal *tmp104 false
-    * label *label535
-    * label *label536
-    * label *label437
-    * sensor :depositItems:cap :depositItems:block @itemCapacity
-    * label *label87
-    * ucontrol itemDrop :depositItems:block 28
-    * label *label88
-    * sensor *tmp120 @unit @firstItem
-    * op mul *tmp121 *tmp120 :depositItems:cap
-    * sensor *tmp122 :depositItems:block :depositItems:item
-    * jump *label87 greaterThan *tmp121 *tmp122
-    * label *label89
-    * jump *label85 always
-    * label *label84
-    * label *label90
-    * sensor *tmp124 @unit @firstItem
-    * jump *label92 equal *tmp124 null
-    * label *label485
-    * ucontrol itemDrop @air 1000
-    * label *label91
-    * sensor *tmp124 @unit @firstItem
-    * jump *label485 notEqual *tmp124 null
-    * label *label92
-    * label *label85
-    * label *label486
-    * write 0 processor2 ".transportTarget"
-    * write null processor2 ".transportItem"
-    * label *label487
-    * label *label82
-    * return :depositItems*retaddr
-    * end
    64 label *label38
    65 op min :mineOre:amount :mineOre:amount 28
    66 set :transportStatus:target :mineOre:amount
 
   191 ucontrol unbind
   192 set :depositItems:block :mineOre:block
   193 set :depositItems:item :mineOre:ore
-    * setaddr :depositItems*retaddr *label117 (h:*label117)
-    * call *label36 *invalid :depositItems*retval (m:*label117) (h:*label117)
-    * label *label117
+  194 label *label608
+  195 label *label609
+  196 write "Depositing..." processor2 ".status3"
+  197 label *label610
+  198 sensor *tmp116 @unit @firstItem
+  199 jump *label624 notEqual *tmp116 :depositItems:item
+  200 label *label611
+  201 sensor *tmp114 :depositItems:block @x
+  202 sensor *tmp115 :depositItems:block @y
+  203 label *label612
+  204 label *label613
+  205 write "Moving..." processor2 ".status3"
+  206 label *label614
+  207 label *label615
+  208 ucontrol within *tmp114 *tmp115 6 *tmp104
+  209 jump *label618 notEqual *tmp104 false
+  210 label *label616
+  211 ucontrol approach *tmp114 *tmp115 5.5
+  212 label *label617
+  213 ucontrol within *tmp114 *tmp115 6 *tmp104
+  214 jump *label616 equal *tmp104 false
+  215 label *label618
+  216 label *label619
+  217 label *label620
+  218 sensor :depositItems:cap :depositItems:block @itemCapacity
+  219 label *label621
+  220 ucontrol itemDrop :depositItems:block 28
+  221 label *label622
+  222 sensor *tmp120 @unit @firstItem
+  223 op mul *tmp121 *tmp120 :depositItems:cap
+  224 sensor *tmp122 :depositItems:block :depositItems:item
+  225 jump *label621 greaterThan *tmp121 *tmp122
+  226 label *label623
+  227 jump *label629 always
+  228 label *label624
+  229 label *label625
+  230 sensor *tmp124 @unit @firstItem
+  231 jump *label628 equal *tmp124 null
+  232 label *label626
+  233 ucontrol itemDrop @air 1000
+  234 label *label627
+  235 sensor *tmp124 @unit @firstItem
+  236 jump *label626 notEqual *tmp124 null
+  237 label *label628
+  238 label *label629
+  239 label *label630
+  240 write 0 processor2 ".transportTarget"
+  241 write null processor2 ".transportItem"
+  242 label *label631
+  243 label *label632
   244 label *label97
   245 return :mineOre*retaddr
   246 end
 
   509 label *label480
   510 set :depositItems:block :supplyBlockFromCore:target
   511 set :depositItems:item @coal
-    * setaddr :depositItems*retaddr *label481 (h:*label481)
-    * call *label36 *invalid :depositItems*retval (m:*label481) (h:*label481)
-    * label *label481
+  512 label *label633
+  513 label *label634
+  514 write "Depositing..." processor2 ".status3"
+  515 label *label635
+  516 sensor *tmp116 @unit @firstItem
+  517 jump *label649 notEqual *tmp116 :depositItems:item
+  518 label *label636
+  519 sensor *tmp114 :depositItems:block @x
+  520 sensor *tmp115 :depositItems:block @y
+  521 label *label637
+  522 label *label638
+  523 write "Moving..." processor2 ".status3"
+  524 label *label639
+  525 label *label640
+  526 ucontrol within *tmp114 *tmp115 6 *tmp104
+  527 jump *label643 notEqual *tmp104 false
+  528 label *label641
+  529 ucontrol approach *tmp114 *tmp115 5.5
+  530 label *label642
+  531 ucontrol within *tmp114 *tmp115 6 *tmp104
+  532 jump *label641 equal *tmp104 false
+  533 label *label643
+  534 label *label644
+  535 label *label645
+  536 sensor :depositItems:cap :depositItems:block @itemCapacity
+  537 label *label646
+  538 ucontrol itemDrop :depositItems:block 28
+  539 label *label647
+  540 sensor *tmp120 @unit @firstItem
+  541 op mul *tmp121 *tmp120 :depositItems:cap
+  542 sensor *tmp122 :depositItems:block :depositItems:item
+  543 jump *label646 greaterThan *tmp121 *tmp122
+  544 label *label648
+  545 jump *label654 always
+  546 label *label649
+  547 label *label650
+  548 sensor *tmp124 @unit @firstItem
+  549 jump *label653 equal *tmp124 null
+  550 label *label651
+  551 ucontrol itemDrop @air 1000
+  552 label *label652
+  553 sensor *tmp124 @unit @firstItem
+  554 jump *label651 notEqual *tmp124 null
+  555 label *label653
+  556 label *label654
+  557 label *label655
+  558 write 0 processor2 ".transportTarget"
+  559 write null processor2 ".transportItem"
+  560 label *label656
+  561 label *label657
   562 label *label482
   563 label *label168
   564 label *label165

Modifications by Iterated phase, Data Flow Optimization, pass 1, iteration 1 (-1 instructions):
 
    63 end
    64 label *label38
    65 op min :mineOre:amount :mineOre:amount 28
-    * set :transportStatus:target :mineOre:amount
    66 label *label488
    67 write :mineOre:amount processor2 ".transportTarget"
    68 write :mineOre:ore processor2 ".transportItem"
 
   195 write "Depositing..." processor2 ".status3"
   196 label *label610
   197 sensor *tmp116 @unit @firstItem
-    * jump *label624 notEqual *tmp116 :depositItems:item
+  198 jump *label624 notEqual *tmp116 :mineOre:ore
   199 label *label611
-    * sensor *tmp114 :depositItems:block @x
-    * sensor *tmp115 :depositItems:block @y
+  200 sensor *tmp114 :mineOre:block @x
+  201 sensor *tmp115 :mineOre:block @y
   202 label *label612
   203 label *label613
   204 write "Moving..." processor2 ".status3"
 
   214 label *label618
   215 label *label619
   216 label *label620
-    * sensor :depositItems:cap :depositItems:block @itemCapacity
+  217 sensor :depositItems:cap :mineOre:block @itemCapacity
   218 label *label621
-    * ucontrol itemDrop :depositItems:block 28
+  219 ucontrol itemDrop :mineOre:block 28
   220 label *label622
   221 sensor *tmp120 @unit @firstItem
   222 op mul *tmp121 *tmp120 :depositItems:cap
-    * sensor *tmp122 :depositItems:block :depositItems:item
+  223 sensor *tmp122 :mineOre:block :mineOre:ore
   224 jump *label621 greaterThan *tmp121 *tmp122
   225 label *label623
   226 jump *label629 always
 
   513 write "Depositing..." processor2 ".status3"
   514 label *label635
   515 sensor *tmp116 @unit @firstItem
-    * jump *label649 notEqual *tmp116 :depositItems:item
+  516 jump *label649 notEqual *tmp116 @coal
   517 label *label636
-    * sensor *tmp114 :depositItems:block @x
-    * sensor *tmp115 :depositItems:block @y
+  518 sensor *tmp114 :supplyBlockFromCore:target @x
+  519 sensor *tmp115 :supplyBlockFromCore:target @y
   520 label *label637
   521 label *label638
   522 write "Moving..." processor2 ".status3"
 
   532 label *label643
   533 label *label644
   534 label *label645
-    * sensor :depositItems:cap :depositItems:block @itemCapacity
+  535 sensor :depositItems:cap :supplyBlockFromCore:target @itemCapacity
   536 label *label646
-    * ucontrol itemDrop :depositItems:block 28
+  537 ucontrol itemDrop :supplyBlockFromCore:target 28
   538 label *label647
   539 sensor *tmp120 @unit @firstItem
   540 op mul *tmp121 *tmp120 :depositItems:cap
-    * sensor *tmp122 :depositItems:block :depositItems:item
+  541 sensor *tmp122 :supplyBlockFromCore:target @coal
   542 jump *label646 greaterThan *tmp121 *tmp122
   543 label *label648
   544 jump *label654 always

Modifications by Iterated phase, Data Flow Optimization, pass 1, iteration 2 (-4 instructions):
 
   188 jump *label105 lessThan *tmp145 :mineOre:amount
   189 label *label107
   190 ucontrol unbind
-    * set :depositItems:block :mineOre:block
-    * set :depositItems:item :mineOre:ore
   191 label *label608
   192 label *label609
   193 write "Depositing..." processor2 ".status3"
 
   504 sensor *tmp174 .core @coal
   505 jump *label476 notEqual *tmp174 false
   506 label *label480
-    * set :depositItems:block :supplyBlockFromCore:target
-    * set :depositItems:item @coal
   507 label *label633
   508 label *label634
   509 write "Depositing..." processor2 ".status3"

Modifications by Inline function 'moveTo' defined at Actions.mnd:30:1 (+1 instructions):
 
    44 wait 1e12
    45 jump *label59 always
    46 end
-    * label *label32
-    * label *label397
-    * write "Moving..." processor2 ".status3"
-    * label *label398
-    * label *label66
-    * ucontrol within :moveTo:x :moveTo:y :moveTo:radius *tmp104
-    * jump *label68 notEqual *tmp104 false
-    * label *label483
-    * op sub *tmp106 :moveTo:radius 0.5
-    * ucontrol approach :moveTo:x :moveTo:y *tmp106
-    * label *label67
-    * ucontrol within :moveTo:x :moveTo:y :moveTo:radius *tmp104
-    * jump *label483 equal *tmp104 false
-    * label *label68
-    * label *label64
-    * return :moveTo*retaddr
-    * end
    47 label *label38
    48 op min :mineOre:amount :mineOre:amount 28
    49 label *label488
 
  1120 set :moveTo:x :buildBlockAt:x
  1121 set :moveTo:y :buildBlockAt:y
  1122 set :moveTo:radius 6
-    * setaddr :moveTo*retaddr *label323 (h:*label323)
-    * call *label32 *invalid :moveTo*retval (m:*label323) (h:*label323)
-    * label *label323
+ 1123 label *label658
+ 1124 label *label659
+ 1125 write "Moving..." processor2 ".status3"
+ 1126 label *label660
+ 1127 label *label661
+ 1128 ucontrol within :moveTo:x :moveTo:y :moveTo:radius *tmp104
+ 1129 jump *label664 notEqual *tmp104 false
+ 1130 label *label662
+ 1131 op sub *tmp106 :moveTo:radius 0.5
+ 1132 ucontrol approach :moveTo:x :moveTo:y *tmp106
+ 1133 label *label663
+ 1134 ucontrol within :moveTo:x :moveTo:y :moveTo:radius *tmp104
+ 1135 jump *label662 equal *tmp104 false
+ 1136 label *label664
+ 1137 label *label665
  1138 label *label322
  1139 ucontrol getBlock :buildBlockAt:x :buildBlockAt:y :buildBlockAt:type :buildBlockAt:building *tmp348
  1140 jump *label324 equal :buildBlockAt:building null
 
  1248 set :moveTo:x :buildTitaniumDrill:x
  1249 set :moveTo:y :buildTitaniumDrill:y
  1250 set :moveTo:radius 6
-    * setaddr :moveTo*retaddr *label361 (h:*label361)
-    * call *label32 *invalid :moveTo*retval (m:*label361) (h:*label361)
-    * label *label361
+ 1251 label *label666
+ 1252 label *label667
+ 1253 write "Moving..." processor2 ".status3"
+ 1254 label *label668
+ 1255 label *label669
+ 1256 ucontrol within :moveTo:x :moveTo:y :moveTo:radius *tmp104
+ 1257 jump *label672 notEqual *tmp104 false
+ 1258 label *label670
+ 1259 op sub *tmp106 :moveTo:radius 0.5
+ 1260 ucontrol approach :moveTo:x :moveTo:y *tmp106
+ 1261 label *label671
+ 1262 ucontrol within :moveTo:x :moveTo:y :moveTo:radius *tmp104
+ 1263 jump *label670 equal *tmp104 false
+ 1264 label *label672
+ 1265 label *label673
  1266 label *label360
  1267 set .positive 0
  1268 set .negative 0

Modifications by Iterated phase, Data Flow Optimization, pass 1, iteration 1:
 
  1125 write "Moving..." processor2 ".status3"
  1126 label *label660
  1127 label *label661
-    * ucontrol within :moveTo:x :moveTo:y :moveTo:radius *tmp104
+ 1128 ucontrol within :buildBlockAt:x :buildBlockAt:y 6 *tmp104
  1129 jump *label664 notEqual *tmp104 false
  1130 label *label662
-    * op sub *tmp106 :moveTo:radius 0.5
-    * ucontrol approach :moveTo:x :moveTo:y *tmp106
+ 1131 op sub *tmp106 6 0.5
+ 1132 ucontrol approach :buildBlockAt:x :buildBlockAt:y 5.5
  1133 label *label663
-    * ucontrol within :moveTo:x :moveTo:y :moveTo:radius *tmp104
+ 1134 ucontrol within :buildBlockAt:x :buildBlockAt:y 6 *tmp104
  1135 jump *label662 equal *tmp104 false
  1136 label *label664
  1137 label *label665
 
  1253 write "Moving..." processor2 ".status3"
  1254 label *label668
  1255 label *label669
-    * ucontrol within :moveTo:x :moveTo:y :moveTo:radius *tmp104
+ 1256 ucontrol within :buildTitaniumDrill:x :buildTitaniumDrill:y 6 *tmp104
  1257 jump *label672 notEqual *tmp104 false
  1258 label *label670
-    * op sub *tmp106 :moveTo:radius 0.5
-    * ucontrol approach :moveTo:x :moveTo:y *tmp106
+ 1259 op sub *tmp106 6 0.5
+ 1260 ucontrol approach :buildTitaniumDrill:x :buildTitaniumDrill:y 5.5
  1261 label *label671
-    * ucontrol within :moveTo:x :moveTo:y :moveTo:radius *tmp104
+ 1262 ucontrol within :buildTitaniumDrill:x :buildTitaniumDrill:y 6 *tmp104
  1263 jump *label670 equal *tmp104 false
  1264 label *label672
  1265 label *label673

Modifications by Iterated phase, Data Flow Optimization, pass 1, iteration 2 (-8 instructions):
 
  1117 label *label22
  1118 setaddr :buildBlockAt*retaddr *label59
  1119 label *label23
-    * set :moveTo:x :buildBlockAt:x
-    * set :moveTo:y :buildBlockAt:y
-    * set :moveTo:radius 6
  1120 label *label658
  1121 label *label659
  1122 write "Moving..." processor2 ".status3"
 
  1125 ucontrol within :buildBlockAt:x :buildBlockAt:y 6 *tmp104
  1126 jump *label664 notEqual *tmp104 false
  1127 label *label662
-    * op sub *tmp106 6 0.5
  1128 ucontrol approach :buildBlockAt:x :buildBlockAt:y 5.5
  1129 label *label663
  1130 ucontrol within :buildBlockAt:x :buildBlockAt:y 6 *tmp104
 
  1241 label *label49
  1242 jump *label356 greaterThanEq :buildTitaniumDrill:count .MAX_COUNT
  1243 jump *label358 greaterThanEq :buildTitaniumDrill:tiles .MAX_TILES
-    * set :moveTo:x :buildTitaniumDrill:x
-    * set :moveTo:y :buildTitaniumDrill:y
-    * set :moveTo:radius 6
  1244 label *label666
  1245 label *label667
  1246 write "Moving..." processor2 ".status3"
 
  1249 ucontrol within :buildTitaniumDrill:x :buildTitaniumDrill:y 6 *tmp104
  1250 jump *label672 notEqual *tmp104 false
  1251 label *label670
-    * op sub *tmp106 6 0.5
  1252 ucontrol approach :buildTitaniumDrill:x :buildTitaniumDrill:y 5.5
  1253 label *label671
  1254 ucontrol within :buildTitaniumDrill:x :buildTitaniumDrill:y 6 *tmp104

Modifications by Inline function call at BuilderController.mnd:242:12 (+35 instructions):
 
   960 call *label13 *invalid :supplyBase*retval (m:*label298) (h:*label298)
   961 label *label298
   962 label *label295
-    * setaddr :targetMet*retaddr *label557 (h:*label557)
-    * call *label46 *invalid :targetMet*retval (m:*label557) (h:*label557)
-    * label *label557
+  963 label *label674
+  964 sensor *tmp300 .core @silicon
+  965 jump *label675 greaterThanEq *tmp300 silicon
+  966 write @silicon processor2 ".missing"
+  967 set :targetMet*retval false
+  968 jump *label689 always
+  969 label *label675
+  970 label *label676
+  971 sensor *tmp303 .core @copper
+  972 jump *label677 greaterThanEq *tmp303 copper
+  973 write @copper processor2 ".missing"
+  974 set :targetMet*retval false
+  975 jump *label689 always
+  976 label *label677
+  977 label *label678
+  978 sensor *tmp306 .core @lead
+  979 jump *label679 greaterThanEq *tmp306 lead
+  980 write @lead processor2 ".missing"
+  981 set :targetMet*retval false
+  982 jump *label689 always
+  983 label *label679
+  984 label *label680
+  985 sensor *tmp309 .core @metaglass
+  986 jump *label681 greaterThanEq *tmp309 metaglass
+  987 write @metaglass processor2 ".missing"
+  988 set :targetMet*retval false
+  989 jump *label689 always
+  990 label *label681
+  991 label *label682
+  992 sensor *tmp312 .core @graphite
+  993 jump *label683 greaterThanEq *tmp312 graphite
+  994 write @graphite processor2 ".missing"
+  995 set :targetMet*retval false
+  996 jump *label689 always
+  997 label *label683
+  998 label *label684
+  999 sensor *tmp315 .core @titanium
+ 1000 jump *label685 greaterThanEq *tmp315 titanium
+ 1001 write @titanium processor2 ".missing"
+ 1002 set :targetMet*retval false
+ 1003 jump *label689 always
+ 1004 label *label685
+ 1005 label *label686
+ 1006 sensor *tmp318 .core @thorium
+ 1007 jump *label687 greaterThanEq *tmp318 thorium
+ 1008 write @thorium processor2 ".missing"
+ 1009 set :targetMet*retval false
+ 1010 jump *label689 always
+ 1011 label *label687
+ 1012 label *label688
+ 1013 set :targetMet*retval true
+ 1014 jump *label689 always
+ 1015 label *label689
  1016 jump *label558 equal :targetMet*retval false
  1017 label *label296
  1018 jump *label299 equal :meetTarget:forBuild false

Modifications by Iterated phase, Single Step Elimination, pass 2, iteration 1 (-11 instructions):
 
   158 label *label526
   159 label *label527
   160 set :targetMet*retval true
-    * jump *label528 always
   161 label *label528
   162 jump *label114 equal :targetMet*retval false
   163 jump *label107 always
 
   672 sensor *tmp251 .core @titanium
   673 op sub *tmp252 titanium *tmp251
   674 op min *tmp250 5 *tmp252
-    * jump *label213 always
   675 label *label213
   676 sensor *tmp254 .titaniumDrill @titanium
   677 jump *label214 greaterThanEq *tmp254 *tmp250
 
   879 label *label281
   880 label *label282
   881 set :targetMet*retval true
-    * jump *label268 always
   882 label *label268
   883 return :targetMet*retaddr
   884 end
 
  1008 label *label687
  1009 label *label688
  1010 set :targetMet*retval true
-    * jump *label689 always
  1011 label *label689
  1012 jump *label558 equal :targetMet*retval false
  1013 label *label296
 
  1090 write false AÕFFJS-micro-processor9 ":buildStop*finished"
  1091 write 2 AÕFFJS-micro-processor9 "@counter"
  1092 set :buildBlock*retval :buildBlockAt*retval
-    * jump *label310 always
  1093 label *label310
  1094 return :buildBlock*retaddr
  1095 end
 
  1121 label *label314
  1122 label *label315
  1123 set :buildRemoteBlock*retval false
-    * jump *label313 always
  1124 label *label313
  1125 set :buildRemoteBlock*finished true
  1126 jump *label59 always
 
  1153 write :buildBlock*retval AÕFFJS-micro-processor9 :buildBlockFromCfg:cfg
  1154 write :buildBlock*retval processor1 :buildBlockFromCfg:cfg
  1155 set :buildBlockFromCfg*retval :buildBlock*retval
-    * jump *label318 always
  1156 label *label318
  1157 set :buildBlockFromCfg*finished true
  1158 jump *label59 always
 
  1233 label *label342
  1234 label *label339
  1235 set :buildBlockAt*retval :buildBlockAt:building
-    * jump *label321 always
  1236 label *label321
  1237 set :buildBlockAt*finished true
  1238 return :buildBlockAt*retaddr
 
  1255 read *tmp380 processor4 ":addTitaniumDrill*finished"
  1256 jump *label347 equal *tmp380 false
  1257 set :buildFirstTitaniumDrillAt*retval :buildBlockAt*retval
-    * jump *label345 always
  1258 label *label345
  1259 set :buildFirstTitaniumDrillAt*finished true
  1260 jump *label59 always
  1261 end
  1262 label *label48
  1263 ucontrol getBlock :titaniumDrillScore:x :titaniumDrillScore:y *tmp384 *tmp383 :getFloor:floor
-    * jump *label350 always
  1264 label *label350
  1265 jump *label351 notEqual :getFloor:floor @ore-titanium
  1266 label *label352
 
  1384 label *label356
  1385 label *label357
  1386 set :buildTitaniumDrill*retval 0
-    * jump *label355 always
  1387 label *label355
  1388 return :buildTitaniumDrill*retaddr
  1389 end

Modifications by Iterated phase, Expression Optimization, pass 2, iteration 1:
 
   887 label *label15
   888 label *label442
   889 op sign *tmp322 :meetTarget:copper
-    * op add :meetTarget:count 0 *tmp322
+  890 set :meetTarget:count *tmp322
   891 label *label443
   892 label *label446
   893 op sign *tmp322 :meetTarget:lead

Modifications by Iterated phase, Temp Variables Elimination, pass 2, iteration 1 (-1 instructions):
 
   718 label *label424
   719 sensor :supplyBase0:coal.1 .core @coal
   720 sensor :supplyBase0:sand.1 .core @sand
-    * select *tmp277 lessThan :supplyBase0:coal.1 :supplyBase0:sand.1 @coal @sand
-    * set :mineOre.2:ore *tmp277
+  721 select :mineOre.2:ore lessThan :supplyBase0:coal.1 :supplyBase0:sand.1 @coal @sand
   722 setaddr :mineOre.2*retaddr *label238 (h:*label238)
   723 call *label40 *invalid :mineOre.2*retval (m:*label238) (h:*label238)
   724 label *label238

Modifications by Inline function call at BuilderController.mnd:378:13 (+7 instructions):
 
  1303 set :titaniumDrillScore:y *tmp395
  1304 set :titaniumDrillScore:positive .positive
  1305 set :titaniumDrillScore:negative .negative
-    * setaddr :titaniumDrillScore*retaddr *label362 (h:*label362)
-    * call *label48 *invalid :titaniumDrillScore*retval (m:*label362) (h:*label362)
-    * label *label362
+ 1306 label *label690
+ 1307 ucontrol getBlock :titaniumDrillScore:x :titaniumDrillScore:y *tmp384 *tmp383 :getFloor:floor
+ 1308 label *label691
+ 1309 jump *label693 notEqual :getFloor:floor @ore-titanium
+ 1310 label *label692
+ 1311 op add :titaniumDrillScore:positive :titaniumDrillScore:positive 1
+ 1312 jump *label696 always
+ 1313 label *label693
+ 1314 jump *label694 equal :getFloor:floor @ore-copper
+ 1315 jump *label694 equal :getFloor:floor @ore-lead
+ 1316 jump *label694 equal :getFloor:floor @ore-scrap
+ 1317 jump *label695 notEqual :getFloor:floor @ore-coal
+ 1318 label *label694
+ 1319 op add :titaniumDrillScore:negative :titaniumDrillScore:negative 1
+ 1320 label *label695
+ 1321 label *label696
+ 1322 label *label697
  1323 set .positive :titaniumDrillScore:positive
  1324 set .negative :titaniumDrillScore:negative
  1325 op sub *tmp397 :buildTitaniumDrill:x 0.5

Modifications by Iterated phase, Data Flow Optimization, pass 2, iteration 1 (-1 instructions):
 
   885 setaddr :meetTarget*retaddr *label59
   886 label *label15
   887 label *label442
-    * op sign *tmp322 :meetTarget:copper
-    * set :meetTarget:count *tmp322
+  888 op sign :meetTarget:count :meetTarget:copper
   889 label *label443
   890 label *label446
   891 op sign *tmp322 :meetTarget:lead

Modifications by Iterated phase, Data Flow Optimization, pass 2, iteration 2:
 
  1303 set :titaniumDrillScore:positive .positive
  1304 set :titaniumDrillScore:negative .negative
  1305 label *label690
-    * ucontrol getBlock :titaniumDrillScore:x :titaniumDrillScore:y *tmp384 *tmp383 :getFloor:floor
+ 1306 ucontrol getBlock *tmp394 *tmp395 *tmp384 *tmp383 :getFloor:floor
  1307 label *label691
  1308 jump *label693 notEqual :getFloor:floor @ore-titanium
  1309 label *label692
 
  1323 set .negative :titaniumDrillScore:negative
  1324 op sub *tmp397 :buildTitaniumDrill:x 0.5
  1325 op add *tmp398 :buildTitaniumDrill:y 0.5
-    * set :titaniumDrillScore:x *tmp397
+ 1326 set :titaniumDrillScore:x *tmp394
  1327 set :titaniumDrillScore:y *tmp398
  1328 set :titaniumDrillScore:positive .positive
  1329 set :titaniumDrillScore:negative .negative

Modifications by Iterated phase, Data Flow Optimization, pass 2, iteration 3 (-3 instructions):
 
  1298 set .negative 0
  1299 op sub *tmp394 :buildTitaniumDrill:x 0.5
  1300 op sub *tmp395 :buildTitaniumDrill:y 0.5
-    * set :titaniumDrillScore:x *tmp394
-    * set :titaniumDrillScore:y *tmp395
  1301 set :titaniumDrillScore:positive .positive
  1302 set :titaniumDrillScore:negative .negative
  1303 label *label690
 
  1319 label *label697
  1320 set .positive :titaniumDrillScore:positive
  1321 set .negative :titaniumDrillScore:negative
-    * op sub *tmp397 :buildTitaniumDrill:x 0.5
  1322 op add *tmp398 :buildTitaniumDrill:y 0.5
  1323 set :titaniumDrillScore:x *tmp394
  1324 set :titaniumDrillScore:y *tmp398

Modifications by Inline function call at BuilderController.mnd:379:13 (+7 instructions):
 
  1324 set :titaniumDrillScore:y *tmp398
  1325 set :titaniumDrillScore:positive .positive
  1326 set :titaniumDrillScore:negative .negative
-    * setaddr :titaniumDrillScore*retaddr *label363 (h:*label363)
-    * call *label48 *invalid :titaniumDrillScore*retval (m:*label363) (h:*label363)
-    * label *label363
+ 1327 label *label698
+ 1328 ucontrol getBlock :titaniumDrillScore:x :titaniumDrillScore:y *tmp384 *tmp383 :getFloor:floor
+ 1329 label *label699
+ 1330 jump *label701 notEqual :getFloor:floor @ore-titanium
+ 1331 label *label700
+ 1332 op add :titaniumDrillScore:positive :titaniumDrillScore:positive 1
+ 1333 jump *label704 always
+ 1334 label *label701
+ 1335 jump *label702 equal :getFloor:floor @ore-copper
+ 1336 jump *label702 equal :getFloor:floor @ore-lead
+ 1337 jump *label702 equal :getFloor:floor @ore-scrap
+ 1338 jump *label703 notEqual :getFloor:floor @ore-coal
+ 1339 label *label702
+ 1340 op add :titaniumDrillScore:negative :titaniumDrillScore:negative 1
+ 1341 label *label703
+ 1342 label *label704
+ 1343 label *label705
  1344 set .positive :titaniumDrillScore:positive
  1345 set .negative :titaniumDrillScore:negative
  1346 op add *tmp400 :buildTitaniumDrill:x 0.5

Modifications by Iterated phase, Data Flow Optimization, pass 2, iteration 1:
 
  1325 set :titaniumDrillScore:positive .positive
  1326 set :titaniumDrillScore:negative .negative
  1327 label *label698
-    * ucontrol getBlock :titaniumDrillScore:x :titaniumDrillScore:y *tmp384 *tmp383 :getFloor:floor
+ 1328 ucontrol getBlock *tmp394 *tmp398 *tmp384 *tmp383 :getFloor:floor
  1329 label *label699
  1330 jump *label701 notEqual :getFloor:floor @ore-titanium
  1331 label *label700
 
  1346 op add *tmp400 :buildTitaniumDrill:x 0.5
  1347 op sub *tmp401 :buildTitaniumDrill:y 0.5
  1348 set :titaniumDrillScore:x *tmp400
-    * set :titaniumDrillScore:y *tmp401
+ 1349 set :titaniumDrillScore:y *tmp395
  1350 set :titaniumDrillScore:positive .positive
  1351 set :titaniumDrillScore:negative .negative
  1352 setaddr :titaniumDrillScore*retaddr *label364 (h:*label364)

Modifications by Iterated phase, Data Flow Optimization, pass 2, iteration 2 (-3 instructions):
 
  1320 set .positive :titaniumDrillScore:positive
  1321 set .negative :titaniumDrillScore:negative
  1322 op add *tmp398 :buildTitaniumDrill:y 0.5
-    * set :titaniumDrillScore:x *tmp394
-    * set :titaniumDrillScore:y *tmp398
  1323 set :titaniumDrillScore:positive .positive
  1324 set :titaniumDrillScore:negative .negative
  1325 label *label698
 
  1342 set .positive :titaniumDrillScore:positive
  1343 set .negative :titaniumDrillScore:negative
  1344 op add *tmp400 :buildTitaniumDrill:x 0.5
-    * op sub *tmp401 :buildTitaniumDrill:y 0.5
  1345 set :titaniumDrillScore:x *tmp400
  1346 set :titaniumDrillScore:y *tmp395
  1347 set :titaniumDrillScore:positive .positive

Modifications by Inline function 'titaniumDrillScore' defined at BuilderController.mnd:361:1 (+3 instructions):
 
  1257 set :buildFirstTitaniumDrillAt*finished true
  1258 jump *label59 always
  1259 end
-    * label *label48
-    * ucontrol getBlock :titaniumDrillScore:x :titaniumDrillScore:y *tmp384 *tmp383 :getFloor:floor
-    * label *label350
-    * jump *label351 notEqual :getFloor:floor @ore-titanium
-    * label *label352
-    * op add :titaniumDrillScore:positive :titaniumDrillScore:positive 1
-    * jump *label349 always
-    * label *label351
-    * jump *label354 equal :getFloor:floor @ore-copper
-    * jump *label354 equal :getFloor:floor @ore-lead
-    * jump *label354 equal :getFloor:floor @ore-scrap
-    * jump *label353 notEqual :getFloor:floor @ore-coal
-    * label *label354
-    * op add :titaniumDrillScore:negative :titaniumDrillScore:negative 1
-    * label *label353
-    * label *label349
-    * label *label348
-    * return :titaniumDrillScore*retaddr
-    * end
  1260 label *label49
  1261 jump *label356 greaterThanEq :buildTitaniumDrill:count .MAX_COUNT
  1262 jump *label358 greaterThanEq :buildTitaniumDrill:tiles .MAX_TILES
 
  1327 set :titaniumDrillScore:y *tmp395
  1328 set :titaniumDrillScore:positive .positive
  1329 set :titaniumDrillScore:negative .negative
-    * setaddr :titaniumDrillScore*retaddr *label364 (h:*label364)
-    * call *label48 *invalid :titaniumDrillScore*retval (m:*label364) (h:*label364)
-    * label *label364
+ 1330 label *label706
+ 1331 ucontrol getBlock :titaniumDrillScore:x :titaniumDrillScore:y *tmp384 *tmp383 :getFloor:floor
+ 1332 label *label707
+ 1333 jump *label709 notEqual :getFloor:floor @ore-titanium
+ 1334 label *label708
+ 1335 op add :titaniumDrillScore:positive :titaniumDrillScore:positive 1
+ 1336 jump *label712 always
+ 1337 label *label709
+ 1338 jump *label710 equal :getFloor:floor @ore-copper
+ 1339 jump *label710 equal :getFloor:floor @ore-lead
+ 1340 jump *label710 equal :getFloor:floor @ore-scrap
+ 1341 jump *label711 notEqual :getFloor:floor @ore-coal
+ 1342 label *label710
+ 1343 op add :titaniumDrillScore:negative :titaniumDrillScore:negative 1
+ 1344 label *label711
+ 1345 label *label712
+ 1346 label *label713
  1347 set .positive :titaniumDrillScore:positive
  1348 set .negative :titaniumDrillScore:negative
  1349 op add *tmp403 :buildTitaniumDrill:x 0.5
 
  1352 set :titaniumDrillScore:y *tmp404
  1353 set :titaniumDrillScore:positive .positive
  1354 set :titaniumDrillScore:negative .negative
-    * setaddr :titaniumDrillScore*retaddr *label365 (h:*label365)
-    * call *label48 *invalid :titaniumDrillScore*retval (m:*label365) (h:*label365)
-    * label *label365
+ 1355 label *label714
+ 1356 ucontrol getBlock :titaniumDrillScore:x :titaniumDrillScore:y *tmp384 *tmp383 :getFloor:floor
+ 1357 label *label715
+ 1358 jump *label717 notEqual :getFloor:floor @ore-titanium
+ 1359 label *label716
+ 1360 op add :titaniumDrillScore:positive :titaniumDrillScore:positive 1
+ 1361 jump *label720 always
+ 1362 label *label717
+ 1363 jump *label718 equal :getFloor:floor @ore-copper
+ 1364 jump *label718 equal :getFloor:floor @ore-lead
+ 1365 jump *label718 equal :getFloor:floor @ore-scrap
+ 1366 jump *label719 notEqual :getFloor:floor @ore-coal
+ 1367 label *label718
+ 1368 op add :titaniumDrillScore:negative :titaniumDrillScore:negative 1
+ 1369 label *label719
+ 1370 label *label720
+ 1371 label *label721
  1372 set .positive :titaniumDrillScore:positive
  1373 set .negative :titaniumDrillScore:negative
  1374 op greaterThan *tmp406 .positive .negative

Modifications by Iterated phase, Data Flow Optimization, pass 2, iteration 1:
 
  1328 set :titaniumDrillScore:positive .positive
  1329 set :titaniumDrillScore:negative .negative
  1330 label *label706
-    * ucontrol getBlock :titaniumDrillScore:x :titaniumDrillScore:y *tmp384 *tmp383 :getFloor:floor
+ 1331 ucontrol getBlock *tmp400 *tmp395 *tmp384 *tmp383 :getFloor:floor
  1332 label *label707
  1333 jump *label709 notEqual :getFloor:floor @ore-titanium
  1334 label *label708
 
  1348 set .negative :titaniumDrillScore:negative
  1349 op add *tmp403 :buildTitaniumDrill:x 0.5
  1350 op add *tmp404 :buildTitaniumDrill:y 0.5
-    * set :titaniumDrillScore:x *tmp403
-    * set :titaniumDrillScore:y *tmp404
+ 1351 set :titaniumDrillScore:x *tmp400
+ 1352 set :titaniumDrillScore:y *tmp398
  1353 set :titaniumDrillScore:positive .positive
  1354 set :titaniumDrillScore:negative .negative
  1355 label *label714
-    * ucontrol getBlock :titaniumDrillScore:x :titaniumDrillScore:y *tmp384 *tmp383 :getFloor:floor
+ 1356 ucontrol getBlock *tmp403 *tmp404 *tmp384 *tmp383 :getFloor:floor
  1357 label *label715
  1358 jump *label717 notEqual :getFloor:floor @ore-titanium
  1359 label *label716

Modifications by Iterated phase, Data Flow Optimization, pass 2, iteration 2 (-4 instructions):
 
  1323 set .positive :titaniumDrillScore:positive
  1324 set .negative :titaniumDrillScore:negative
  1325 op add *tmp400 :buildTitaniumDrill:x 0.5
-    * set :titaniumDrillScore:x *tmp400
-    * set :titaniumDrillScore:y *tmp395
  1326 set :titaniumDrillScore:positive .positive
  1327 set :titaniumDrillScore:negative .negative
  1328 label *label706
 
  1346 set .negative :titaniumDrillScore:negative
  1347 op add *tmp403 :buildTitaniumDrill:x 0.5
  1348 op add *tmp404 :buildTitaniumDrill:y 0.5
-    * set :titaniumDrillScore:x *tmp400
-    * set :titaniumDrillScore:y *tmp398
  1349 set :titaniumDrillScore:positive .positive
  1350 set :titaniumDrillScore:negative .negative
  1351 label *label714
-    * ucontrol getBlock *tmp403 *tmp404 *tmp384 *tmp383 :getFloor:floor
+ 1352 ucontrol getBlock *tmp400 *tmp398 *tmp384 *tmp383 :getFloor:floor
  1353 label *label715
  1354 jump *label717 notEqual :getFloor:floor @ore-titanium
  1355 label *label716

Modifications by Iterated phase, Data Flow Optimization, pass 2, iteration 3 (-2 instructions):
 
  1344 label *label713
  1345 set .positive :titaniumDrillScore:positive
  1346 set .negative :titaniumDrillScore:negative
-    * op add *tmp403 :buildTitaniumDrill:x 0.5
-    * op add *tmp404 :buildTitaniumDrill:y 0.5
  1347 set :titaniumDrillScore:positive .positive
  1348 set :titaniumDrillScore:negative .negative
  1349 label *label714

Modifications by Inline function call at BuilderController.mnd:171:17 (+10 instructions):
 
   426 jump *label167 greaterThanEq *tmp212 50
   427 set :supplyBlock:block .thoriumGenerator
   428 set :supplyBlock:ore @coal
-    * setaddr :supplyBlock*retaddr *label169 (h:*label169)
-    * call *label42 *invalid :supplyBlock*retval (m:*label169) (h:*label169)
-    * label *label169
+  429 label *label722
+  430 label *label723
+  431 write "Supplying " processor2 ".status2"
+  432 write :supplyBlock:ore processor2 ".item2"
+  433 write :supplyBlock:block processor2 ".block2"
+  434 label *label724
+  435 sensor :supplyBlock:blockCapacity :supplyBlock:block @itemCapacity
+  436 sensor *tmp162 :supplyBlock:block :supplyBlock:ore
+  437 op sub :supplyBlock:missing :supplyBlock:blockCapacity *tmp162
+  438 jump *label726 lessThanEq :supplyBlock:missing 0
+  439 set :mineOre:ore :supplyBlock:ore
+  440 set :mineOre:amount :supplyBlock:blockCapacity
+  441 set :mineOre:block :supplyBlock:block
+  442 setaddr :mineOre*retaddr *label725 (h:*label725)
+  443 call *label38 *invalid :mineOre*retval (m:*label725) (h:*label725)
+  444 label *label725
+  445 label *label726
+  446 label *label727
+  447 label *label728
   448 jump *label168 always
   449 label *label167
   450 set :supplyBlockFromCore:target .thoriumGenerator

Modifications by Iterated phase, Data Flow Optimization, pass 2, iteration 1:
 
   429 label *label722
   430 label *label723
   431 write "Supplying " processor2 ".status2"
-    * write :supplyBlock:ore processor2 ".item2"
+  432 write @coal processor2 ".item2"
   433 write :supplyBlock:block processor2 ".block2"
   434 label *label724
   435 sensor :supplyBlock:blockCapacity :supplyBlock:block @itemCapacity
-    * sensor *tmp162 :supplyBlock:block :supplyBlock:ore
+  436 sensor *tmp162 :supplyBlock:block @coal
   437 op sub :supplyBlock:missing :supplyBlock:blockCapacity *tmp162
   438 jump *label726 lessThanEq :supplyBlock:missing 0
-    * set :mineOre:ore :supplyBlock:ore
+  439 set :mineOre:ore @coal
   440 set :mineOre:amount :supplyBlock:blockCapacity
   441 set :mineOre:block :supplyBlock:block
   442 setaddr :mineOre*retaddr *label725 (h:*label725)

Modifications by Jumps phase, Unreachable Code Elimination, pass 4, iteration 1 (-18 instructions):
 
    34 ubind @poly
    35 set .builder @unit
    36 ulocate building core false @copper .coreX .coreY *tmp102 .core
-    * label *label57
    37 jump *label56 equal .core null
-    * label *label58
    38 set .sandContainer .core
-    * label *label55
    39 set *signature "68e0262eef69ac6b:v1"
    40 label *label59
    41 wait 1e12
    42 jump *label59 always
-    * end
    43 label *label38
    44 op min :mineOre:amount :mineOre:amount 28
-    * label *label488
    45 write :mineOre:amount processor2 ".transportTarget"
    46 write :mineOre:ore processor2 ".transportItem"
-    * label *label489
-    * label *label438
    47 ulocate ore core true :mineOre:ore :locateOre:x :locateOre:y *tmp126 *tmp127
    48 jump *label439 notEqual *tmp126 false
    49 error "Cannot locate ore"
    50 label *label439
-    * label *label440
-    * label *label441
-    * label *label539
-    * label *label540
    51 write "Moving..." processor2 ".status3"
-    * label *label541
    52 label *label542
    53 sensor *tmp107 @unit @firstItem
    54 jump *label543 equal *tmp107 null
    55 ucontrol itemDrop @air 1000
    56 label *label543
-    * label *label544
    57 ucontrol approach :locateOre:x :locateOre:y 5.5
-    * label *label545
    58 ucontrol within :locateOre:x :locateOre:y 6 *tmp110
    59 jump *label542 equal *tmp110 false
-    * label *label546
-    * label *label547
    60 sensor *tmp131 @unit @firstItem
    61 jump *label101 equal *tmp131 :mineOre:ore
-    * label *label563
-    * label *label564
    62 sensor *tmp112 @unit @firstItem
    63 jump *label567 equal *tmp112 null
    64 label *label565
    65 ucontrol itemDrop @air 1000
-    * label *label566
    66 sensor *tmp112 @unit @firstItem
    67 jump *label565 notEqual *tmp112 null
    68 label *label567
-    * label *label568
    69 label *label101
-    * label *label102
-    * label *label403
    70 write "Mining..." processor2 ".status3"
-    * label *label404
    71 op add :mineOre:stop @second 10
    72 label *label105
    73 sensor :mineOre:item @unit @firstItem
 
    77 jump *label108 equal *tmp138 false
    78 jump *label107 always
    79 label *label108
-    * label *label109
    80 ucontrol mine :locateOre:x :locateOre:y
    81 jump *label110 lessThanEq @second :mineOre:stop
    82 jump *label107 always
    83 label *label110
-    * label *label111
    84 jump *label112 notEqual .noTarget false
-    * label *label513
    85 sensor *tmp300 .core @silicon
    86 jump *label514 greaterThanEq *tmp300 silicon
    87 write @silicon processor2 ".missing"
    88 set :targetMet*retval false
    89 jump *label528 always
    90 label *label514
-    * label *label515
    91 sensor *tmp303 .core @copper
    92 jump *label516 greaterThanEq *tmp303 copper
    93 write @copper processor2 ".missing"
    94 set :targetMet*retval false
    95 jump *label528 always
    96 label *label516
-    * label *label517
    97 sensor *tmp306 .core @lead
    98 jump *label518 greaterThanEq *tmp306 lead
    99 write @lead processor2 ".missing"
   100 set :targetMet*retval false
   101 jump *label528 always
   102 label *label518
-    * label *label519
   103 sensor *tmp309 .core @metaglass
   104 jump *label520 greaterThanEq *tmp309 metaglass
   105 write @metaglass processor2 ".missing"
   106 set :targetMet*retval false
   107 jump *label528 always
   108 label *label520
-    * label *label521
   109 sensor *tmp312 .core @graphite
   110 jump *label522 greaterThanEq *tmp312 graphite
   111 write @graphite processor2 ".missing"
   112 set :targetMet*retval false
   113 jump *label528 always
   114 label *label522
-    * label *label523
   115 sensor *tmp315 .core @titanium
   116 jump *label524 greaterThanEq *tmp315 titanium
   117 write @titanium processor2 ".missing"
   118 set :targetMet*retval false
   119 jump *label528 always
   120 label *label524
-    * label *label525
   121 sensor *tmp318 .core @thorium
   122 jump *label526 greaterThanEq *tmp318 thorium
   123 write @thorium processor2 ".missing"
   124 set :targetMet*retval false
   125 jump *label528 always
   126 label *label526
-    * label *label527
   127 set :targetMet*retval true
   128 label *label528
   129 jump *label114 equal :targetMet*retval false
   130 jump *label107 always
   131 label *label114
-    * label *label115
   132 label *label112
-    * label *label113
-    * label *label106
   133 sensor *tmp145 @unit @totalItems
   134 jump *label105 lessThan *tmp145 :mineOre:amount
   135 label *label107
   136 ucontrol unbind
-    * label *label608
-    * label *label609
   137 write "Depositing..." processor2 ".status3"
-    * label *label610
   138 sensor *tmp116 @unit @firstItem
   139 jump *label624 notEqual *tmp116 :mineOre:ore
-    * label *label611
   140 sensor *tmp114 :mineOre:block @x
   141 sensor *tmp115 :mineOre:block @y
-    * label *label612
-    * label *label613
   142 write "Moving..." processor2 ".status3"
-    * label *label614
-    * label *label615
   143 ucontrol within *tmp114 *tmp115 6 *tmp104
   144 jump *label618 notEqual *tmp104 false
   145 label *label616
   146 ucontrol approach *tmp114 *tmp115 5.5
-    * label *label617
   147 ucontrol within *tmp114 *tmp115 6 *tmp104
   148 jump *label616 equal *tmp104 false
   149 label *label618
-    * label *label619
-    * label *label620
   150 sensor :depositItems:cap :mineOre:block @itemCapacity
   151 label *label621
   152 ucontrol itemDrop :mineOre:block 28
-    * label *label622
   153 sensor *tmp120 @unit @firstItem
   154 op mul *tmp121 *tmp120 :depositItems:cap
   155 sensor *tmp122 :mineOre:block :mineOre:ore
   156 jump *label621 greaterThan *tmp121 *tmp122
-    * label *label623
   157 jump *label629 always
   158 label *label624
-    * label *label625
   159 sensor *tmp124 @unit @firstItem
   160 jump *label628 equal *tmp124 null
   161 label *label626
   162 ucontrol itemDrop @air 1000
-    * label *label627
   163 sensor *tmp124 @unit @firstItem
   164 jump *label626 notEqual *tmp124 null
   165 label *label628
   166 label *label629
-    * label *label630
   167 write 0 processor2 ".transportTarget"
   168 write null processor2 ".transportItem"
-    * label *label631
-    * label *label632
-    * label *label97
   169 return :mineOre*retaddr
-    * end
   170 label *label39
-    * label *label559
   171 write "Mining " processor2 ".status2"
   172 write :mineOre.1:ore processor2 ".item2"
   173 write :mineOre.1:block processor2 ".block2"
-    * label *label560
   174 set :mineOre:ore :mineOre.1:ore
   175 set :mineOre:amount 28
   176 set :mineOre:block :mineOre.1:block
   177 setaddr :mineOre*retaddr *label120 (h:*label120)
   178 call *label38 *invalid :mineOre*retval (m:*label120) (h:*label120)
   179 label *label120
-    * label *label118
   180 return :mineOre.1*retaddr
-    * end
   181 label *label40
-    * label *label496
   182 write "Mining " processor2 ".status2"
   183 write :mineOre.2:ore processor2 ".item2"
   184 write "core" processor2 ".block2"
-    * label *label497
   185 set :mineOre:ore :mineOre.2:ore
   186 set :mineOre:amount 28
   187 set :mineOre:block .core
   188 setaddr :mineOre*retaddr *label123 (h:*label123)
   189 call *label38 *invalid :mineOre*retval (m:*label123) (h:*label123)
   190 label *label123
-    * label *label121
   191 return :mineOre.2*retaddr
-    * end
   192 label *label41
   193 sensor *tmp150 :fetchBlock:block @itemCapacity
   194 op min :transportStatus:target *tmp150 28
-    * label *label490
   195 write :transportStatus:target processor2 ".transportTarget"
   196 write :fetchBlock:item processor2 ".transportItem"
-    * label *label491
-    * label *label494
   197 write "Fetching " processor2 ".status2"
   198 write :fetchBlock:item processor2 ".item2"
   199 write :fetchBlock:block processor2 ".block2"
-    * label *label495
   200 sensor *tmp152 :fetchBlock:block @x
   201 sensor *tmp153 :fetchBlock:block @y
-    * label *label504
-    * label *label505
   202 write "Moving..." processor2 ".status3"
-    * label *label506
   203 label *label507
   204 sensor *tmp107 @unit @firstItem
   205 jump *label508 equal *tmp107 null
   206 ucontrol itemDrop @air 1000
   207 label *label508
-    * label *label509
   208 ucontrol approach *tmp152 *tmp153 5.5
-    * label *label510
   209 ucontrol within *tmp152 *tmp153 6 *tmp110
   210 jump *label507 equal *tmp110 false
-    * label *label511
-    * label *label512
-    * label *label498
-    * label *label499
   211 sensor *tmp112 @unit @firstItem
   212 jump *label502 equal *tmp112 null
   213 label *label500
   214 ucontrol itemDrop @air 1000
-    * label *label501
   215 sensor *tmp112 @unit @firstItem
   216 jump *label500 notEqual *tmp112 null
   217 label *label502
-    * label *label503
   218 label *label129
   219 ucontrol itemTake :fetchBlock:block :fetchBlock:item 28
   220 sensor :fetchBlock:unitItem @unit @firstItem
 
   222 jump *label132 equal :fetchBlock:unitItem :fetchBlock:item
   223 ucontrol itemDrop @air 1000
   224 label *label132
-    * label *label133
-    * label *label130
   225 sensor *tmp158 @unit :fetchBlock:item
   226 jump *label131 greaterThanEq *tmp158 28
   227 sensor *tmp160 :fetchBlock:block :fetchBlock:item
   228 jump *label129 notEqual *tmp160 false
   229 label *label131
-    * label *label582
-    * label *label583
   230 write "Depositing..." processor2 ".status3"
-    * label *label584
   231 sensor *tmp116 @unit @firstItem
   232 jump *label598 notEqual *tmp116 :fetchBlock:item
-    * label *label585
   233 sensor *tmp114 .core @x
   234 sensor *tmp115 .core @y
-    * label *label586
-    * label *label587
   235 write "Moving..." processor2 ".status3"
-    * label *label588
-    * label *label589
   236 ucontrol within *tmp114 *tmp115 6 *tmp104
   237 jump *label592 notEqual *tmp104 false
   238 label *label590
   239 ucontrol approach *tmp114 *tmp115 5.5
-    * label *label591
   240 ucontrol within *tmp114 *tmp115 6 *tmp104
   241 jump *label590 equal *tmp104 false
   242 label *label592
-    * label *label593
-    * label *label594
   243 sensor :depositItems:cap .core @itemCapacity
   244 label *label595
   245 ucontrol itemDrop .core 28
-    * label *label596
   246 sensor *tmp120 @unit @firstItem
   247 op mul *tmp121 *tmp120 :depositItems:cap
   248 sensor *tmp122 .core :fetchBlock:item
   249 jump *label595 greaterThan *tmp121 *tmp122
-    * label *label597
   250 jump *label603 always
   251 label *label598
-    * label *label599
   252 sensor *tmp124 @unit @firstItem
   253 jump *label602 equal *tmp124 null
   254 label *label600
   255 ucontrol itemDrop @air 1000
-    * label *label601
   256 sensor *tmp124 @unit @firstItem
   257 jump *label600 notEqual *tmp124 null
   258 label *label602
   259 label *label603
-    * label *label604
   260 write 0 processor2 ".transportTarget"
   261 write null processor2 ".transportItem"
-    * label *label605
-    * label *label606
-    * label *label124
   262 return :fetchBlock*retaddr
-    * end
   263 label *label42
-    * label *label537
   264 write "Supplying " processor2 ".status2"
   265 write :supplyBlock:ore processor2 ".item2"
   266 write :supplyBlock:block processor2 ".block2"
-    * label *label538
   267 sensor :supplyBlock:blockCapacity :supplyBlock:block @itemCapacity
   268 sensor *tmp162 :supplyBlock:block :supplyBlock:ore
   269 op sub :supplyBlock:missing :supplyBlock:blockCapacity *tmp162
 
   275 call *label38 *invalid :mineOre*retval (m:*label142) (h:*label142)
   276 label *label142
   277 label *label140
-    * label *label141
-    * label *label138
   278 return :supplyBlock*retaddr
-    * end
   279 label *label45
   280 read *tmp176 :unpackCfg:cfg 1
   281 op sub *tmp177 *tmp176 74
 
   297 sensor :unpackCfg:ti :unpackCfg:type @titanium
   298 sensor :unpackCfg:mg :unpackCfg:type @metaglass
   299 sensor :unpackCfg:th :unpackCfg:type @thorium
-    * label *label157
   300 return :unpackCfg*retaddr
-    * end
   301 label *label12
   302 setaddr :supplyBase*retaddr *label59
   303 label *label13
 
   307 op max *tmp204 0 *tmp203
   308 write *tmp204 processor5 ".sandTarget"
   309 jump *label159 equal .thoriumContainer false
-    * label *label405
   310 write "Phase 2: servicing thorium drill" processor2 ".status1"
-    * label *label406
   311 sensor *tmp206 .thoriumBattery @totalPower
   312 jump *label163 greaterThanEq *tmp206 2000
   313 sensor *tmp209 .thoriumGenerator @coal
 
   316 jump *label167 greaterThanEq *tmp212 50
   317 set :supplyBlock:block .thoriumGenerator
   318 set :supplyBlock:ore @coal
-    * label *label722
-    * label *label723
   319 write "Supplying " processor2 ".status2"
   320 write @coal processor2 ".item2"
   321 write :supplyBlock:block processor2 ".block2"
-    * label *label724
   322 sensor :supplyBlock:blockCapacity :supplyBlock:block @itemCapacity
   323 sensor *tmp162 :supplyBlock:block @coal
   324 op sub :supplyBlock:missing :supplyBlock:blockCapacity *tmp162
 
   330 call *label38 *invalid :mineOre*retval (m:*label725) (h:*label725)
   331 label *label725
   332 label *label726
-    * label *label727
-    * label *label728
   333 jump *label168 always
   334 label *label167
   335 set :supplyBlockFromCore:target .thoriumGenerator
-    * label *label471
   336 sensor *tmp166 :supplyBlockFromCore:target @itemCapacity
   337 op min :supplyBlockFromCore:cap *tmp166 28
   338 set :transportStatus:target :supplyBlockFromCore:cap
-    * label *label492
   339 write :supplyBlockFromCore:cap processor2 ".transportTarget"
   340 write @coal processor2 ".transportItem"
-    * label *label493
-    * label *label561
   341 write "Transferring " processor2 ".status2"
   342 write @coal processor2 ".item2"
   343 write :supplyBlockFromCore:target processor2 ".block2"
-    * label *label562
-    * label *label548
-    * label *label549
   344 write "Moving..." processor2 ".status3"
-    * label *label550
   345 label *label551
   346 sensor *tmp107 @unit @firstItem
   347 jump *label552 equal *tmp107 null
   348 ucontrol itemDrop @air 1000
   349 label *label552
-    * label *label553
   350 ucontrol approach .coreX .coreY 5.5
-    * label *label554
   351 ucontrol within .coreX .coreY 6 *tmp110
   352 jump *label551 equal *tmp110 false
-    * label *label555
-    * label *label556
-    * label *label569
-    * label *label570
   353 sensor *tmp112 @unit @firstItem
   354 jump *label573 equal *tmp112 null
   355 label *label571
   356 ucontrol itemDrop @air 1000
-    * label *label572
   357 sensor *tmp112 @unit @firstItem
   358 jump *label571 notEqual *tmp112 null
   359 label *label573
-    * label *label574
   360 label *label476
   361 ucontrol itemTake .core @coal :supplyBlockFromCore:cap
   362 sensor :supplyBlockFromCore:unitItem @unit @firstItem
 
   364 jump *label477 equal :supplyBlockFromCore:unitItem @coal
   365 ucontrol itemDrop @air 1000
   366 label *label477
-    * label *label478
-    * label *label479
   367 sensor *tmp172 @unit @coal
   368 jump *label480 greaterThanEq *tmp172 :supplyBlockFromCore:cap
   369 sensor *tmp174 .core @coal
   370 jump *label476 notEqual *tmp174 false
   371 label *label480
-    * label *label633
-    * label *label634
   372 write "Depositing..." processor2 ".status3"
-    * label *label635
   373 sensor *tmp116 @unit @firstItem
   374 jump *label649 notEqual *tmp116 @coal
-    * label *label636
   375 sensor *tmp114 :supplyBlockFromCore:target @x
   376 sensor *tmp115 :supplyBlockFromCore:target @y
-    * label *label637
-    * label *label638
   377 write "Moving..." processor2 ".status3"
-    * label *label639
-    * label *label640
   378 ucontrol within *tmp114 *tmp115 6 *tmp104
   379 jump *label643 notEqual *tmp104 false
   380 label *label641
   381 ucontrol approach *tmp114 *tmp115 5.5
-    * label *label642
   382 ucontrol within *tmp114 *tmp115 6 *tmp104
   383 jump *label641 equal *tmp104 false
   384 label *label643
-    * label *label644
-    * label *label645
   385 sensor :depositItems:cap :supplyBlockFromCore:target @itemCapacity
   386 label *label646
   387 ucontrol itemDrop :supplyBlockFromCore:target 28
-    * label *label647
   388 sensor *tmp120 @unit @firstItem
   389 op mul *tmp121 *tmp120 :depositItems:cap
   390 sensor *tmp122 :supplyBlockFromCore:target @coal
   391 jump *label646 greaterThan *tmp121 *tmp122
-    * label *label648
   392 jump *label654 always
   393 label *label649
-    * label *label650
   394 sensor *tmp124 @unit @firstItem
   395 jump *label653 equal *tmp124 null
   396 label *label651
   397 ucontrol itemDrop @air 1000
-    * label *label652
   398 sensor *tmp124 @unit @firstItem
   399 jump *label651 notEqual *tmp124 null
   400 label *label653
   401 label *label654
-    * label *label655
   402 write 0 processor2 ".transportTarget"
   403 write null processor2 ".transportItem"
-    * label *label656
-    * label *label657
-    * label *label482
   404 label *label168
   405 label *label165
-    * label *label166
   406 label *label163
-    * label *label164
   407 set :fetchBlock:block .thoriumContainer
   408 set :fetchBlock:item @thorium
   409 setaddr :fetchBlock*retaddr *label171 (h:*label171)
 
   412 sensor *tmp215 .core @thorium
   413 jump *label172 lessThanEq *tmp215 400
   414 write 0 AÕFFJS-micro-processor9 ".monoTarget"
-    * label *label174
   415 write 4 AÕFFJS-micro-processor9 ".polyTarget"
-    * label *label175
   416 label *label172
-    * label *label173
-    * label *label161
   417 jump *label160 always
   418 label *label159
   419 read *tmp219 AÕFFJS-micro-processor9 ".monos"
   420 jump *label176 lessThanEq *tmp219 1
-    * label *label407
   421 write "Phase 1: supplying base" processor2 ".status1"
-    * label *label408
   422 set :mineOre.2:ore @coal
-    * label *label577
-    * label *label578
   423 write "Mining " processor2 ".status2"
   424 write @coal processor2 ".item2"
   425 write "core" processor2 ".block2"
-    * label *label579
   426 set :mineOre:ore @coal
   427 set :mineOre:amount 28
   428 set :mineOre:block .core
   429 setaddr :mineOre*retaddr *label580 (h:*label580)
   430 call *label38 *invalid :mineOre*retval (m:*label580) (h:*label580)
   431 label *label580
-    * label *label581
-    * label *label178
   432 jump *label177 always
   433 label *label176
   434 set :supplyBase0:supplied false
 
   437 jump *label184 greaterThanEq *tmp223 graphite
   438 sensor *tmp226 AJEMJJ-graphite-press0 @coal
   439 jump *label186 greaterThanEq *tmp226 5
-    * label *label409
   440 write "Goal 1: graphite requirement" processor2 ".status1"
-    * label *label410
   441 set :supplyBlock:block AJEMJJ-graphite-press0
   442 set :supplyBlock:ore @coal
   443 setaddr :supplyBlock*retaddr *label189 (h:*label189)
 
   445 label *label189
   446 set :supplyBase0:supplied true
   447 label *label186
-    * label *label187
   448 label *label184
-    * label *label185
   449 sensor *tmp229 AJTJK-battery1 @totalPower
   450 jump *label190 greaterThanEq *tmp229 .powerTarget
   451 sensor *tmp232 AJRJM-combustion-generator3 @coal
   452 jump *label192 greaterThanEq *tmp232 2
-    * label *label411
   453 write "Goal 4: supplying generator" processor2 ".status1"
-    * label *label412
   454 set :supplyBlock:block AJRJM-combustion-generator3
   455 set :supplyBlock:ore @coal
   456 setaddr :supplyBlock*retaddr *label195 (h:*label195)
 
   458 label *label195
   459 jump *label181 always
   460 label *label192
-    * label *label193
   461 label *label190
-    * label *label191
   462 sensor *tmp235 .core @silicon
   463 jump *label196 greaterThanEq *tmp235 silicon
   464 sensor *tmp238 ALMQJN-silicon-smelter4 @coal
   465 jump *label198 greaterThanEq *tmp238 5
-    * label *label413
   466 write "Goal 2: coal for silicon requirement" processor2 ".status1"
-    * label *label414
   467 set :supplyBlock:block ALMQJN-silicon-smelter4
   468 set :supplyBlock:ore @coal
   469 setaddr :supplyBlock*retaddr *label201 (h:*label201)
 
   477 jump *label204 equal .scrap false
   478 sensor *tmp245 AXPRJd-pulverizer26 @scrap
   479 jump *label206 greaterThanEq *tmp245 10
-    * label *label415
   480 write "Goal 3a: scrap for silicon requirement" processor2 ".status1"
-    * label *label416
   481 set :supplyBlock:block AXPRJd-pulverizer26
   482 set :supplyBlock:ore @scrap
   483 setaddr :supplyBlock*retaddr *label209 (h:*label209)
 
   485 label *label209
   486 set :supplyBase0:supplied true
   487 label *label206
-    * label *label207
   488 jump *label205 always
   489 label *label204
-    * label *label417
   490 write "Goal 3: sand for silicon requirement" processor2 ".status1"
-    * label *label418
   491 set :supplyBlock:block ALMQJN-silicon-smelter4
   492 set :supplyBlock:ore @sand
   493 setaddr :supplyBlock*retaddr *label211 (h:*label211)
 
   496 set :supplyBase0:supplied true
   497 label *label205
   498 label *label202
-    * label *label203
   499 label *label199
   500 label *label196
-    * label *label197
   501 label *label182
-    * label *label183
   502 set *tmp250 100
   503 sensor *tmp248 .core @titanium
   504 jump *label213 greaterThanEq *tmp248 titanium
 
   512 sensor *tmp259 AJTJK-battery1 @totalPower
   513 op mul *tmp260 A©JNJP-unloader6 .powerTarget
   514 jump *label218 greaterThanEq *tmp259 *tmp260
-    * label *label419
   515 write "Goal 5: supplying generator" processor2 ".status1"
-    * label *label420
   516 set :mineOre.2:ore @coal
   517 setaddr :mineOre.2*retaddr *label221 (h:*label221)
   518 call *label40 *invalid :mineOre.2*retval (m:*label221) (h:*label221)
 
   522 sensor *tmp263 .core @silicon
   523 jump *label222 greaterThanEq *tmp263 silicon
   524 jump *label224 equal .scrap false
-    * label *label421
   525 write "Goal 6: silicon requirement" processor2 ".status1"
-    * label *label422
   526 jump *label227 equal A¨SSJh-container30 false
   527 sensor :supplyBase0:coal .core @coal
   528 sensor :supplyBase0:sand A¨SSJh-container30 @sand
 
   542 label *label228
   543 jump *label225 always
   544 label *label224
-    * label *label423
   545 write "Goal 6: silicon requirement" processor2 ".status1"
-    * label *label424
   546 sensor :supplyBase0:coal.1 .core @coal
   547 sensor :supplyBase0:sand.1 .core @sand
   548 select :mineOre.2:ore lessThan :supplyBase0:coal.1 :supplyBase0:sand.1 @coal @sand
 
   554 label *label222
   555 sensor *tmp278 .core @copper
   556 jump *label239 greaterThanEq *tmp278 copper
-    * label *label425
   557 write "Goal 7: copper requirement" processor2 ".status1"
-    * label *label426
   558 set :mineOre.2:ore @copper
   559 setaddr :mineOre.2*retaddr *label242 (h:*label242)
   560 call *label40 *invalid :mineOre.2*retval (m:*label242) (h:*label242)
 
   563 label *label239
   564 sensor *tmp281 .core @lead
   565 jump *label243 greaterThanEq *tmp281 lead
-    * label *label427
   566 write "Goal 8: lead requirement" processor2 ".status1"
-    * label *label428
   567 set :mineOre.2:ore @lead
   568 setaddr :mineOre.2*retaddr *label246 (h:*label246)
   569 call *label40 *invalid :mineOre.2*retval (m:*label246) (h:*label246)
 
   572 label *label243
   573 sensor *tmp284 .core @metaglass
   574 jump *label247 greaterThanEq *tmp284 metaglass
-    * label *label429
   575 write "Goal 9: metaglass requirement" processor2 ".status1"
-    * label *label430
   576 jump *label250 equal .scrap false
   577 set :mineOre.1:ore @scrap
   578 set :mineOre.1:block .sandContainer
 
   588 label *label251
   589 jump *label248 always
   590 label *label247
-    * label *label431
   591 write "Goal 10: supplying base" processor2 ".status1"
-    * label *label432
   592 jump *label255 notEqual A¨SSJh-container30 null
   593 jump *label257 equal .scrap false
   594 set :mineOre.2:ore @coal
 
   627 label *label223
   628 label *label219
   629 label *label216
-    * label *label217
   630 jump *label215 always
   631 label *label214
-    * label *label433
   632 write "Goal 11: Fetching titanium" processor2 ".status1"
-    * label *label434
   633 set :fetchBlock:block .titaniumDrill
   634 set :fetchBlock:item @titanium
   635 setaddr :fetchBlock*retaddr *label267 (h:*label267)
 
   639 label *label181
   640 label *label177
   641 label *label160
-    * label *label158
   642 set :supplyBase*finished true
   643 return :supplyBase*retaddr
-    * end
   644 label *label46
   645 sensor *tmp300 .core @silicon
   646 jump *label269 greaterThanEq *tmp300 silicon
 
   648 set :targetMet*retval false
   649 jump *label268 always
   650 label *label269
-    * label *label270
   651 sensor *tmp303 .core @copper
   652 jump *label271 greaterThanEq *tmp303 copper
   653 write @copper processor2 ".missing"
   654 set :targetMet*retval false
   655 jump *label268 always
   656 label *label271
-    * label *label272
   657 sensor *tmp306 .core @lead
   658 jump *label273 greaterThanEq *tmp306 lead
   659 write @lead processor2 ".missing"
   660 set :targetMet*retval false
   661 jump *label268 always
   662 label *label273
-    * label *label274
   663 sensor *tmp309 .core @metaglass
   664 jump *label275 greaterThanEq *tmp309 metaglass
   665 write @metaglass processor2 ".missing"
   666 set :targetMet*retval false
   667 jump *label268 always
   668 label *label275
-    * label *label276
   669 sensor *tmp312 .core @graphite
   670 jump *label277 greaterThanEq *tmp312 graphite
   671 write @graphite processor2 ".missing"
   672 set :targetMet*retval false
   673 jump *label268 always
   674 label *label277
-    * label *label278
   675 sensor *tmp315 .core @titanium
   676 jump *label279 greaterThanEq *tmp315 titanium
   677 write @titanium processor2 ".missing"
   678 set :targetMet*retval false
   679 jump *label268 always
   680 label *label279
-    * label *label280
   681 sensor *tmp318 .core @thorium
   682 jump *label281 greaterThanEq *tmp318 thorium
   683 write @thorium processor2 ".missing"
   684 set :targetMet*retval false
   685 jump *label268 always
   686 label *label281
-    * label *label282
   687 set :targetMet*retval true
   688 label *label268
   689 return :targetMet*retaddr
-    * end
   690 label *label14
   691 setaddr :meetTarget*retaddr *label59
   692 label *label15
-    * label *label442
   693 op sign :meetTarget:count :meetTarget:copper
-    * label *label443
-    * label *label446
   694 op sign *tmp322 :meetTarget:lead
   695 op add :meetTarget:count :meetTarget:count *tmp322
-    * label *label447
-    * label *label450
   696 op sign *tmp322 :meetTarget:graphite
   697 op add :meetTarget:count :meetTarget:count *tmp322
-    * label *label451
-    * label *label454
   698 op sign *tmp322 :meetTarget:silicon
   699 op add :meetTarget:count :meetTarget:count *tmp322
-    * label *label455
-    * label *label458
   700 op sign *tmp322 :meetTarget:titanium
   701 op add :meetTarget:count :meetTarget:count *tmp322
-    * label *label459
-    * label *label462
   702 op sign *tmp322 :meetTarget:metaglass
   703 op add :meetTarget:count :meetTarget:count *tmp322
-    * label *label463
-    * label *label466
   704 op sign *tmp322 :meetTarget:thorium
   705 op add :meetTarget:count :meetTarget:count *tmp322
-    * label *label467
-    * label *label286
   706 write :meetTarget:count processor2 ".totalTargets"
   707 write :meetTarget:block processor2 ".nextBlock"
   708 write :meetTarget:copper processor2 ".targetCopper"
 
   736 write *tmp332 AÕFFJS-micro-processor9 ".graphiteReserve"
   737 write lead processor5 ".leadTarget"
   738 write :meetTarget:copper processor5 ".copperTarget"
-    * label *label294
   739 setaddr :targetMet*retaddr *label297 (h:*label297)
   740 call *label46 *invalid :targetMet*retval (m:*label297) (h:*label297)
   741 label *label297
 
   744 setaddr :supplyBase*retaddr *label298 (h:*label298)
   745 call *label13 *invalid :supplyBase*retval (m:*label298) (h:*label298)
   746 label *label298
-    * label *label295
-    * label *label674
   747 sensor *tmp300 .core @silicon
   748 jump *label675 greaterThanEq *tmp300 silicon
   749 write @silicon processor2 ".missing"
   750 set :targetMet*retval false
   751 jump *label689 always
   752 label *label675
-    * label *label676
   753 sensor *tmp303 .core @copper
   754 jump *label677 greaterThanEq *tmp303 copper
   755 write @copper processor2 ".missing"
   756 set :targetMet*retval false
   757 jump *label689 always
   758 label *label677
-    * label *label678
   759 sensor *tmp306 .core @lead
   760 jump *label679 greaterThanEq *tmp306 lead
   761 write @lead processor2 ".missing"
   762 set :targetMet*retval false
   763 jump *label689 always
   764 label *label679
-    * label *label680
   765 sensor *tmp309 .core @metaglass
   766 jump *label681 greaterThanEq *tmp309 metaglass
   767 write @metaglass processor2 ".missing"
   768 set :targetMet*retval false
   769 jump *label689 always
   770 label *label681
-    * label *label682
   771 sensor *tmp312 .core @graphite
   772 jump *label683 greaterThanEq *tmp312 graphite
   773 write @graphite processor2 ".missing"
   774 set :targetMet*retval false
   775 jump *label689 always
   776 label *label683
-    * label *label684
   777 sensor *tmp315 .core @titanium
   778 jump *label685 greaterThanEq *tmp315 titanium
   779 write @titanium processor2 ".missing"
   780 set :targetMet*retval false
   781 jump *label689 always
   782 label *label685
-    * label *label686
   783 sensor *tmp318 .core @thorium
   784 jump *label687 greaterThanEq *tmp318 thorium
   785 write @thorium processor2 ".missing"
   786 set :targetMet*retval false
   787 jump *label689 always
   788 label *label687
-    * label *label688
   789 set :targetMet*retval true
   790 label *label689
   791 jump *label558 equal :targetMet*retval false
 
   797 wait 0
   798 read *tmp336 AÕFFJS-micro-processor9 ":buildStart*finished"
   799 jump *label301 equal *tmp336 false
-    * label *label302
   800 setaddr :targetMet*retaddr *label305 (h:*label305)
   801 call *label46 *invalid :targetMet*retval (m:*label305) (h:*label305)
   802 label *label305
 
   805 setaddr :supplyBase*retaddr *label306 (h:*label306)
   806 call *label13 *invalid :supplyBase*retval (m:*label306) (h:*label306)
   807 label *label306
-    * label *label303
   808 setaddr :targetMet*retaddr *label575 (h:*label575)
   809 call *label46 *invalid :targetMet*retval (m:*label575) (h:*label575)
   810 label *label575
   811 jump *label576 equal :targetMet*retval false
   812 label *label304
   813 label *label299
-    * label *label300
-    * label *label283
   814 set :meetTarget*finished true
   815 return :meetTarget*retaddr
-    * end
   816 label *label16
   817 setaddr :meetTargetCfg*retaddr *label59
   818 label *label17
 
   833 setaddr :meetTarget*retaddr *label309 (h:*label309)
   834 call *label15 *invalid :meetTarget*retval (m:*label309) (h:*label309)
   835 label *label309
-    * label *label307
   836 set :meetTargetCfg*finished true
   837 return :meetTargetCfg*retaddr
-    * end
   838 label *label47
   839 op notEqual *tmp339 AÕFFJS-micro-processor9 null
   840 set :meetTarget:block :buildBlock:block
 
   862 write false AÕFFJS-micro-processor9 ":buildStop*finished"
   863 write 2 AÕFFJS-micro-processor9 "@counter"
   864 set :buildBlock*retval :buildBlockAt*retval
-    * label *label310
   865 return :buildBlock*retaddr
-    * end
   866 label *label18
   867 op add *tmp340 :buildRemoteBlock:x :buildRemoteBlock:y
   868 jump *label314 lessThanEq *tmp340 0
 
   889 set :buildRemoteBlock*retval :buildBlock*retval
   890 jump *label313 always
   891 label *label314
-    * label *label315
   892 set :buildRemoteBlock*retval false
   893 label *label313
   894 set :buildRemoteBlock*finished true
   895 jump *label59 always
-    * end
   896 label *label20
   897 set :unpackCfg:cfg :buildBlockFromCfg:cfg
   898 setaddr :unpackCfg*retaddr *label319 (h:*label319)
 
   921 write :buildBlock*retval AÕFFJS-micro-processor9 :buildBlockFromCfg:cfg
   922 write :buildBlock*retval processor1 :buildBlockFromCfg:cfg
   923 set :buildBlockFromCfg*retval :buildBlock*retval
-    * label *label318
   924 set :buildBlockFromCfg*finished true
   925 jump *label59 always
-    * end
   926 label *label22
   927 setaddr :buildBlockAt*retaddr *label59
   928 label *label23
-    * label *label658
-    * label *label659
   929 write "Moving..." processor2 ".status3"
-    * label *label660
-    * label *label661
   930 ucontrol within :buildBlockAt:x :buildBlockAt:y 6 *tmp104
   931 jump *label664 notEqual *tmp104 false
   932 label *label662
   933 ucontrol approach :buildBlockAt:x :buildBlockAt:y 5.5
-    * label *label663
   934 ucontrol within :buildBlockAt:x :buildBlockAt:y 6 *tmp104
   935 jump *label662 equal *tmp104 false
   936 label *label664
-    * label *label665
-    * label *label322
   937 ucontrol getBlock :buildBlockAt:x :buildBlockAt:y :buildBlockAt:type :buildBlockAt:building *tmp348
   938 jump *label324 equal :buildBlockAt:building null
   939 jump *label326 notEqual :buildBlockAt:type :buildBlockAt:block
   940 set :buildBlockAt*retval :buildBlockAt:building
   941 jump *label321 always
   942 label *label326
-    * label *label327
   943 error "Cannot build $block at position ($x, $y): $type is already there."
   944 label *label324
-    * label *label325
   945 ucontrol build :buildBlockAt:x :buildBlockAt:y :buildBlockAt:block :buildBlockAt:rotation :buildBlockAt:config
   946 wait 0.25
   947 set :buildBlockAt:success false
 
   962 ucontrol approach :buildBlockAt:x :buildBlockAt:y 6
   963 ucontrol build :buildBlockAt:x :buildBlockAt:y :buildBlockAt:block :buildBlockAt:rotation :buildBlockAt:config
   964 label *label337
-    * label *label338
   965 label *label335
-    * label *label336
-    * label *label329
   966 jump *label328 notEqual :buildBlockAt:type :buildBlockAt:block
-    * label *label330
   967 control enabled processor6 true
   968 ubind .builder
   969 sensor :log:encodedId :buildBlockAt:block @id
 
   974 op mul *tmp370 *tmp371 1000
   975 op add *tmp372 :log:encodedId *tmp370
   976 write *tmp372 bank1 *tmp367
-    * label *label340
   977 jump *label341 lessThan :buildBlockAt:index 0
   978 jump *label341 greaterThanEq :buildBlockAt:index 36
   979 op shl *tmp376 1 :buildBlockAt:index
 
   982 write *tmp378 processor2 ".blocksBuilt"
   983 write :buildBlockAt:index processor2 ".recentBuildIndex"
   984 label *label341
-    * label *label342
-    * label *label339
   985 set :buildBlockAt*retval :buildBlockAt:building
   986 label *label321
   987 set :buildBlockAt*finished true
   988 return :buildBlockAt*retaddr
-    * end
   989 label *label24
   990 set :buildBlockAt:block @pneumatic-drill
   991 set :buildBlockAt:x :buildFirstTitaniumDrillAt:x
 
  1004 read *tmp380 processor4 ":addTitaniumDrill*finished"
  1005 jump *label347 equal *tmp380 false
  1006 set :buildFirstTitaniumDrillAt*retval :buildBlockAt*retval
-    * label *label345
  1007 set :buildFirstTitaniumDrillAt*finished true
  1008 jump *label59 always
-    * end
  1009 label *label49
  1010 jump *label356 greaterThanEq :buildTitaniumDrill:count .MAX_COUNT
  1011 jump *label358 greaterThanEq :buildTitaniumDrill:tiles .MAX_TILES
-    * label *label666
-    * label *label667
  1012 write "Moving..." processor2 ".status3"
-    * label *label668
-    * label *label669
  1013 ucontrol within :buildTitaniumDrill:x :buildTitaniumDrill:y 6 *tmp104
  1014 jump *label672 notEqual *tmp104 false
  1015 label *label670
  1016 ucontrol approach :buildTitaniumDrill:x :buildTitaniumDrill:y 5.5
-    * label *label671
  1017 ucontrol within :buildTitaniumDrill:x :buildTitaniumDrill:y 6 *tmp104
  1018 jump *label670 equal *tmp104 false
  1019 label *label672
-    * label *label673
-    * label *label360
  1020 set .positive 0
  1021 set .negative 0
  1022 op sub *tmp394 :buildTitaniumDrill:x 0.5
  1023 op sub *tmp395 :buildTitaniumDrill:y 0.5
  1024 set :titaniumDrillScore:positive .positive
  1025 set :titaniumDrillScore:negative .negative
-    * label *label690
  1026 ucontrol getBlock *tmp394 *tmp395 *tmp384 *tmp383 :getFloor:floor
-    * label *label691
  1027 jump *label693 notEqual :getFloor:floor @ore-titanium
-    * label *label692
  1028 op add :titaniumDrillScore:positive :titaniumDrillScore:positive 1
  1029 jump *label696 always
  1030 label *label693
 
  1036 op add :titaniumDrillScore:negative :titaniumDrillScore:negative 1
  1037 label *label695
  1038 label *label696
-    * label *label697
  1039 set .positive :titaniumDrillScore:positive
  1040 set .negative :titaniumDrillScore:negative
  1041 op add *tmp398 :buildTitaniumDrill:y 0.5
  1042 set :titaniumDrillScore:positive .positive
  1043 set :titaniumDrillScore:negative .negative
-    * label *label698
  1044 ucontrol getBlock *tmp394 *tmp398 *tmp384 *tmp383 :getFloor:floor
-    * label *label699
  1045 jump *label701 notEqual :getFloor:floor @ore-titanium
-    * label *label700
  1046 op add :titaniumDrillScore:positive :titaniumDrillScore:positive 1
  1047 jump *label704 always
  1048 label *label701
 
  1054 op add :titaniumDrillScore:negative :titaniumDrillScore:negative 1
  1055 label *label703
  1056 label *label704
-    * label *label705
  1057 set .positive :titaniumDrillScore:positive
  1058 set .negative :titaniumDrillScore:negative
  1059 op add *tmp400 :buildTitaniumDrill:x 0.5
  1060 set :titaniumDrillScore:positive .positive
  1061 set :titaniumDrillScore:negative .negative
-    * label *label706
  1062 ucontrol getBlock *tmp400 *tmp395 *tmp384 *tmp383 :getFloor:floor
-    * label *label707
  1063 jump *label709 notEqual :getFloor:floor @ore-titanium
-    * label *label708
  1064 op add :titaniumDrillScore:positive :titaniumDrillScore:positive 1
  1065 jump *label712 always
  1066 label *label709
 
  1072 op add :titaniumDrillScore:negative :titaniumDrillScore:negative 1
  1073 label *label711
  1074 label *label712
-    * label *label713
  1075 set .positive :titaniumDrillScore:positive
  1076 set .negative :titaniumDrillScore:negative
  1077 set :titaniumDrillScore:positive .positive
  1078 set :titaniumDrillScore:negative .negative
-    * label *label714
  1079 ucontrol getBlock *tmp400 *tmp398 *tmp384 *tmp383 :getFloor:floor
-    * label *label715
  1080 jump *label717 notEqual :getFloor:floor @ore-titanium
-    * label *label716
  1081 op add :titaniumDrillScore:positive :titaniumDrillScore:positive 1
  1082 jump *label720 always
  1083 label *label717
 
  1089 op add :titaniumDrillScore:negative :titaniumDrillScore:negative 1
  1090 label *label719
  1091 label *label720
-    * label *label721
  1092 set .positive :titaniumDrillScore:positive
  1093 set .negative :titaniumDrillScore:negative
  1094 op greaterThan *tmp406 .positive .negative
 
  1120 op add :buildTitaniumDrill:count :buildTitaniumDrill:count 1
  1121 op min *tmp414 :buildTitaniumDrill:count 8
  1122 write *tmp414 AÕFFJS-micro-processor9 ".flareTarget"
-    * label *label373
  1123 op add :buildTitaniumDrill:tiles :buildTitaniumDrill:tiles .positive
  1124 set :buildTitaniumDrill*retval .positive
  1125 jump *label355 always
  1126 label *label370
-    * label *label371
  1127 label *label366
-    * label *label367
  1128 label *label358
-    * label *label359
  1129 label *label356
-    * label *label357
  1130 set :buildTitaniumDrill*retval 0
  1131 label *label355
  1132 return :buildTitaniumDrill*retaddr
-    * end
  1133 label *label26
  1134 set :buildTitaniumDrills:count 1
  1135 set :buildTitaniumDrills:tiles 0
  1136 jump *label375 equal .scrap false
  1137 op add .MAX_TILES .MAX_TILES 2
  1138 label *label375
-    * label *label376
  1139 wait 0.0001
  1140 wait 0.0001
  1141 label *label377
-    * label *label380
  1142 read *tmp418 processor3 ".locations"
  1143 jump *label382 greaterThanEq :buildTitaniumDrills:current *tmp418
  1144 label *label607
 
  1202 set :buildTitaniumDrills:tiles :buildTitaniumDrill:tiles
  1203 set :buildTitaniumDrills:built :buildTitaniumDrill*retval
  1204 label *label389
-    * label *label390
  1205 label *label383
-    * label *label384
  1206 op add :buildTitaniumDrills:current :buildTitaniumDrills:current 1
-    * label *label381
  1207 read *tmp418 processor3 ".locations"
  1208 jump *label607 lessThan :buildTitaniumDrills:current *tmp418
  1209 label *label382
  1210 jump *label392 lessThan :buildTitaniumDrills:tiles .MAX_TILES
  1211 jump *label379 always
  1212 label *label392
-    * label *label393
  1213 jump *label394 lessThan :buildTitaniumDrills:count .MAX_COUNT
  1214 jump *label379 always
  1215 label *label394
-    * label *label395
-    * label *label378
  1216 read *tmp458 processor3 ".searchFinished"
  1217 jump *label377 equal *tmp458 false
  1218 label *label379
-    * label *label374
  1219 set :buildTitaniumDrills*finished true
  1220 jump *label59 always
-    * end

Modifications by Jumps phase, Jump Straightening, pass 4, iteration 1 (-5 instructions):
 
    74 op notEqual *tmp136 :mineOre:item null
    75 op notEqual *tmp137 :mineOre:item :mineOre:ore
    76 op land *tmp138 *tmp136 *tmp137
-    * jump *label108 equal *tmp138 false
-    * jump *label107 always
+   77 jump *label107 notEqual *tmp138 false
    78 label *label108
    79 ucontrol mine :locateOre:x :locateOre:y
-    * jump *label110 lessThanEq @second :mineOre:stop
-    * jump *label107 always
+   80 jump *label107 greaterThan @second :mineOre:stop
    81 label *label110
    82 jump *label112 notEqual .noTarget false
    83 sensor *tmp300 .core @silicon
 
   124 label *label526
   125 set :targetMet*retval true
   126 label *label528
-    * jump *label114 equal :targetMet*retval false
-    * jump *label107 always
+  127 jump *label107 notEqual :targetMet*retval false
   128 label *label114
   129 label *label112
   130 sensor *tmp145 @unit @totalItems
 
  1204 read *tmp418 processor3 ".locations"
  1205 jump *label607 lessThan :buildTitaniumDrills:current *tmp418
  1206 label *label382
-    * jump *label392 lessThan :buildTitaniumDrills:tiles .MAX_TILES
-    * jump *label379 always
+ 1207 jump *label379 greaterThanEq :buildTitaniumDrills:tiles .MAX_TILES
  1208 label *label392
-    * jump *label394 lessThan :buildTitaniumDrills:count .MAX_COUNT
-    * jump *label379 always
+ 1209 jump *label379 greaterThanEq :buildTitaniumDrills:count .MAX_COUNT
  1210 label *label394
  1211 read *tmp458 processor3 ".searchFinished"
  1212 jump *label377 equal *tmp458 false

Modifications by Jumps phase, Jump Threading, pass 4, iteration 1:
 
   316 sensor :supplyBlock:blockCapacity :supplyBlock:block @itemCapacity
   317 sensor *tmp162 :supplyBlock:block @coal
   318 op sub :supplyBlock:missing :supplyBlock:blockCapacity *tmp162
-    * jump *label726 lessThanEq :supplyBlock:missing 0
+  319 jump *label168 lessThanEq :supplyBlock:missing 0
   320 set :mineOre:ore @coal
   321 set :mineOre:amount :supplyBlock:blockCapacity
   322 set :mineOre:block :supplyBlock:block
-    * setaddr :mineOre*retaddr *label725 (h:*label725)
+  323 setaddr :mineOre*retaddr *label168 (h:*label725)
   324 call *label38 *invalid :mineOre*retval (m:*label725) (h:*label725)
   325 label *label725
   326 label *label726
 
   404 call *label41 *invalid :fetchBlock*retval (m:*label171) (h:*label171)
   405 label *label171
   406 sensor *tmp215 .core @thorium
-    * jump *label172 lessThanEq *tmp215 400
+  407 jump *label160 lessThanEq *tmp215 400
   408 write 0 AÕFFJS-micro-processor9 ".monoTarget"
   409 write 4 AÕFFJS-micro-processor9 ".polyTarget"
   410 label *label172
 
   420 set :mineOre:ore @coal
   421 set :mineOre:amount 28
   422 set :mineOre:block .core
-    * setaddr :mineOre*retaddr *label580 (h:*label580)
+  423 setaddr :mineOre*retaddr *label177 (h:*label580)
   424 call *label38 *invalid :mineOre*retval (m:*label580) (h:*label580)
   425 label *label580
   426 jump *label177 always
 
   447 write "Goal 4: supplying generator" processor2 ".status1"
   448 set :supplyBlock:block AJRJM-combustion-generator3
   449 set :supplyBlock:ore @coal
-    * setaddr :supplyBlock*retaddr *label195 (h:*label195)
+  450 setaddr :supplyBlock*retaddr *label181 (h:*label195)
   451 call *label42 *invalid :supplyBlock*retval (m:*label195) (h:*label195)
   452 label *label195
   453 jump *label181 always
 
   470 jump *label202 greaterThanEq *tmp241 5
   471 jump *label204 equal .scrap false
   472 sensor *tmp245 AXPRJd-pulverizer26 @scrap
-    * jump *label206 greaterThanEq *tmp245 10
+  473 jump *label205 greaterThanEq *tmp245 10
   474 write "Goal 3a: scrap for silicon requirement" processor2 ".status1"
   475 set :supplyBlock:block AXPRJd-pulverizer26
   476 set :supplyBlock:ore @scrap
 
   502 label *label213
   503 sensor *tmp254 .titaniumDrill @titanium
   504 jump *label214 greaterThanEq *tmp254 *tmp250
-    * jump *label216 notEqual :supplyBase0:supplied false
+  505 jump *label215 notEqual :supplyBase0:supplied false
   506 sensor *tmp259 AJTJK-battery1 @totalPower
   507 op mul *tmp260 A©JNJP-unloader6 .powerTarget
   508 jump *label218 greaterThanEq *tmp259 *tmp260
   509 write "Goal 5: supplying generator" processor2 ".status1"
   510 set :mineOre.2:ore @coal
-    * setaddr :mineOre.2*retaddr *label221 (h:*label221)
+  511 setaddr :mineOre.2*retaddr *label215 (h:*label221)
   512 call *label40 *invalid :mineOre.2*retval (m:*label221) (h:*label221)
   513 label *label221
-    * jump *label219 always
+  514 jump *label215 always
   515 label *label218
   516 sensor *tmp263 .core @silicon
   517 jump *label222 greaterThanEq *tmp263 silicon
 
   524 select *tmp273 lessThan :supplyBase0:coal :supplyBase0:sand .core A¨SSJh-container30
   525 set :mineOre.1:ore *tmp271
   526 set :mineOre.1:block *tmp273
-    * setaddr :mineOre.1*retaddr *label233 (h:*label233)
+  527 setaddr :mineOre.1*retaddr *label215 (h:*label233)
   528 call *label39 *invalid :mineOre.1*retval (m:*label233) (h:*label233)
   529 label *label233
-    * jump *label228 always
+  530 jump *label215 always
   531 label *label227
   532 set :mineOre.2:ore @coal
-    * setaddr :mineOre.2*retaddr *label234 (h:*label234)
+  533 setaddr :mineOre.2*retaddr *label215 (h:*label234)
   534 call *label40 *invalid :mineOre.2*retval (m:*label234) (h:*label234)
   535 label *label234
   536 label *label228
-    * jump *label225 always
+  537 jump *label215 always
   538 label *label224
   539 write "Goal 6: silicon requirement" processor2 ".status1"
   540 sensor :supplyBase0:coal.1 .core @coal
   541 sensor :supplyBase0:sand.1 .core @sand
   542 select :mineOre.2:ore lessThan :supplyBase0:coal.1 :supplyBase0:sand.1 @coal @sand
-    * setaddr :mineOre.2*retaddr *label238 (h:*label238)
+  543 setaddr :mineOre.2*retaddr *label215 (h:*label238)
   544 call *label40 *invalid :mineOre.2*retval (m:*label238) (h:*label238)
   545 label *label238
   546 label *label225
-    * jump *label223 always
+  547 jump *label215 always
   548 label *label222
   549 sensor *tmp278 .core @copper
   550 jump *label239 greaterThanEq *tmp278 copper
   551 write "Goal 7: copper requirement" processor2 ".status1"
   552 set :mineOre.2:ore @copper
-    * setaddr :mineOre.2*retaddr *label242 (h:*label242)
+  553 setaddr :mineOre.2*retaddr *label215 (h:*label242)
   554 call *label40 *invalid :mineOre.2*retval (m:*label242) (h:*label242)
   555 label *label242
-    * jump *label240 always
+  556 jump *label215 always
   557 label *label239
   558 sensor *tmp281 .core @lead
   559 jump *label243 greaterThanEq *tmp281 lead
   560 write "Goal 8: lead requirement" processor2 ".status1"
   561 set :mineOre.2:ore @lead
-    * setaddr :mineOre.2*retaddr *label246 (h:*label246)
+  562 setaddr :mineOre.2*retaddr *label215 (h:*label246)
   563 call *label40 *invalid :mineOre.2*retval (m:*label246) (h:*label246)
   564 label *label246
-    * jump *label244 always
+  565 jump *label215 always
   566 label *label243
   567 sensor *tmp284 .core @metaglass
   568 jump *label247 greaterThanEq *tmp284 metaglass
 
   570 jump *label250 equal .scrap false
   571 set :mineOre.1:ore @scrap
   572 set :mineOre.1:block .sandContainer
-    * setaddr :mineOre.1*retaddr *label252 (h:*label252)
+  573 setaddr :mineOre.1*retaddr *label215 (h:*label252)
   574 call *label39 *invalid :mineOre.1*retval (m:*label252) (h:*label252)
   575 label *label252
-    * jump *label251 always
+  576 jump *label215 always
   577 label *label250
   578 set :mineOre.2:ore @sand
-    * setaddr :mineOre.2*retaddr *label253 (h:*label253)
+  579 setaddr :mineOre.2*retaddr *label215 (h:*label253)
   580 call *label40 *invalid :mineOre.2*retval (m:*label253) (h:*label253)
   581 label *label253
   582 label *label251
-    * jump *label248 always
+  583 jump *label215 always
   584 label *label247
   585 write "Goal 10: supplying base" processor2 ".status1"
   586 jump *label255 notEqual A¨SSJh-container30 null
 
   592 sensor *tmp291 .core @sand
   593 select :mineOre.2:ore greaterThan *tmp290 *tmp291 @sand @coal
   594 label *label258
-    * setaddr :mineOre.2*retaddr *label261 (h:*label261)
+  595 setaddr :mineOre.2*retaddr *label215 (h:*label261)
   596 call *label40 *invalid :mineOre.2*retval (m:*label261) (h:*label261)
   597 label *label261
-    * jump *label256 always
+  598 jump *label215 always
   599 label *label255
   600 sensor *tmp294 .core @coal
   601 sensor *tmp295 A¨SSJh-container30 @sand
 
   603 op add *tmp297 *tmp295 *tmp296
   604 jump *label262 greaterThan *tmp294 *tmp297
   605 set :mineOre.2:ore @coal
-    * setaddr :mineOre.2*retaddr *label264 (h:*label264)
+  606 setaddr :mineOre.2*retaddr *label215 (h:*label264)
   607 call *label40 *invalid :mineOre.2*retval (m:*label264) (h:*label264)
   608 label *label264
-    * jump *label263 always
+  609 jump *label215 always
   610 label *label262
   611 set :mineOre.1:ore @scrap
   612 set :mineOre.1:block A¨SSJh-container30
-    * setaddr :mineOre.1*retaddr *label265 (h:*label265)
+  613 setaddr :mineOre.1*retaddr *label215 (h:*label265)
   614 call *label39 *invalid :mineOre.1*retval (m:*label265) (h:*label265)
   615 label *label265
   616 label *label263
 
   640 jump *label269 greaterThanEq *tmp300 silicon
   641 write @silicon processor2 ".missing"
   642 set :targetMet*retval false
-    * jump *label268 always
+  643 return :targetMet*retaddr
   644 label *label269
   645 sensor *tmp303 .core @copper
   646 jump *label271 greaterThanEq *tmp303 copper
   647 write @copper processor2 ".missing"
   648 set :targetMet*retval false
-    * jump *label268 always
+  649 return :targetMet*retaddr
   650 label *label271
   651 sensor *tmp306 .core @lead
   652 jump *label273 greaterThanEq *tmp306 lead
   653 write @lead processor2 ".missing"
   654 set :targetMet*retval false
-    * jump *label268 always
+  655 return :targetMet*retaddr
   656 label *label273
   657 sensor *tmp309 .core @metaglass
   658 jump *label275 greaterThanEq *tmp309 metaglass
   659 write @metaglass processor2 ".missing"
   660 set :targetMet*retval false
-    * jump *label268 always
+  661 return :targetMet*retaddr
   662 label *label275
   663 sensor *tmp312 .core @graphite
   664 jump *label277 greaterThanEq *tmp312 graphite
   665 write @graphite processor2 ".missing"
   666 set :targetMet*retval false
-    * jump *label268 always
+  667 return :targetMet*retaddr
   668 label *label277
   669 sensor *tmp315 .core @titanium
   670 jump *label279 greaterThanEq *tmp315 titanium
   671 write @titanium processor2 ".missing"
   672 set :targetMet*retval false
-    * jump *label268 always
+  673 return :targetMet*retaddr
   674 label *label279
   675 sensor *tmp318 .core @thorium
   676 jump *label281 greaterThanEq *tmp318 thorium
   677 write @thorium processor2 ".missing"
   678 set :targetMet*retval false
-    * jump *label268 always
+  679 return :targetMet*retaddr
   680 label *label281
   681 set :targetMet*retval true
   682 label *label268
 
  1116 write *tmp414 AÕFFJS-micro-processor9 ".flareTarget"
  1117 op add :buildTitaniumDrill:tiles :buildTitaniumDrill:tiles .positive
  1118 set :buildTitaniumDrill*retval .positive
-    * jump *label355 always
+ 1119 return :buildTitaniumDrill*retaddr
  1120 label *label370
  1121 label *label366
  1122 label *label358

Modifications by Final phase, Temp Variables Elimination, iteration 1:
 
    33 label *label56
    34 ubind @poly
    35 set .builder @unit
-    * ulocate building core false @copper .coreX .coreY *tmp102 .core
+   36 ulocate building core false @copper .coreX .coreY 0 .core
    37 jump *label56 equal .core null
    38 set .sandContainer .core
    39 set *signature "68e0262eef69ac6b:v1"
 
    44 op min :mineOre:amount :mineOre:amount 28
    45 write :mineOre:amount processor2 ".transportTarget"
    46 write :mineOre:ore processor2 ".transportItem"
-    * ulocate ore core true :mineOre:ore :locateOre:x :locateOre:y *tmp126 *tmp127
+   47 ulocate ore core true :mineOre:ore :locateOre:x :locateOre:y *tmp126 0
    48 jump *label439 notEqual *tmp126 false
    49 error "Cannot locate ore"
    50 label *label439
 
   899 ucontrol within :buildBlockAt:x :buildBlockAt:y 6 *tmp104
   900 jump *label662 equal *tmp104 false
   901 label *label664
-    * ucontrol getBlock :buildBlockAt:x :buildBlockAt:y :buildBlockAt:type :buildBlockAt:building *tmp348
+  902 ucontrol getBlock :buildBlockAt:x :buildBlockAt:y :buildBlockAt:type :buildBlockAt:building 0
   903 jump *label324 equal :buildBlockAt:building null
   904 jump *label326 notEqual :buildBlockAt:type :buildBlockAt:block
   905 set :buildBlockAt*retval :buildBlockAt:building
 
   912 set :buildBlockAt:success false
   913 label *label328
   914 ucontrol build :buildBlockAt:x :buildBlockAt:y :buildBlockAt:block :buildBlockAt:rotation :buildBlockAt:config
-    * ucontrol getBlock :buildBlockAt:x :buildBlockAt:y :buildBlockAt:type :buildBlockAt:building *tmp354
+  915 ucontrol getBlock :buildBlockAt:x :buildBlockAt:y :buildBlockAt:type :buildBlockAt:building 0
   916 jump *label331 notEqual :buildBlockAt:building null
   917 jump *label331 notEqual :buildBlockAt:success false
   918 error "Error while building $block at $x, $y: $type was found."
 
   988 op sub *tmp395 :buildTitaniumDrill:y 0.5
   989 set :titaniumDrillScore:positive .positive
   990 set :titaniumDrillScore:negative .negative
-    * ucontrol getBlock *tmp394 *tmp395 *tmp384 *tmp383 :getFloor:floor
+  991 ucontrol getBlock *tmp394 *tmp395 0 0 :getFloor:floor
   992 jump *label693 notEqual :getFloor:floor @ore-titanium
   993 op add :titaniumDrillScore:positive :titaniumDrillScore:positive 1
   994 jump *label696 always
 
  1006 op add *tmp398 :buildTitaniumDrill:y 0.5
  1007 set :titaniumDrillScore:positive .positive
  1008 set :titaniumDrillScore:negative .negative
-    * ucontrol getBlock *tmp394 *tmp398 *tmp384 *tmp383 :getFloor:floor
+ 1009 ucontrol getBlock *tmp394 *tmp398 0 0 :getFloor:floor
  1010 jump *label701 notEqual :getFloor:floor @ore-titanium
  1011 op add :titaniumDrillScore:positive :titaniumDrillScore:positive 1
  1012 jump *label704 always
 
  1024 op add *tmp400 :buildTitaniumDrill:x 0.5
  1025 set :titaniumDrillScore:positive .positive
  1026 set :titaniumDrillScore:negative .negative
-    * ucontrol getBlock *tmp400 *tmp395 *tmp384 *tmp383 :getFloor:floor
+ 1027 ucontrol getBlock *tmp400 *tmp395 0 0 :getFloor:floor
  1028 jump *label709 notEqual :getFloor:floor @ore-titanium
  1029 op add :titaniumDrillScore:positive :titaniumDrillScore:positive 1
  1030 jump *label712 always
 
  1041 set .negative :titaniumDrillScore:negative
  1042 set :titaniumDrillScore:positive .positive
  1043 set :titaniumDrillScore:negative .negative
-    * ucontrol getBlock *tmp400 *tmp398 *tmp384 *tmp383 :getFloor:floor
+ 1044 ucontrol getBlock *tmp400 *tmp398 0 0 :getFloor:floor
  1045 jump *label717 notEqual :getFloor:floor @ore-titanium
  1046 op add :titaniumDrillScore:positive :titaniumDrillScore:positive 1
  1047 jump *label720 always

Final code before resolving virtual instructions:

    0:  jump *label50 always 0 0                                     BuilderController.mnd: #set syntax = strict;
    1:  jump *label22 always 0 0                                     ...
    2:  jump *label20 always 0 0                                     ...
    3:  jump *label24 always 0 0                                     ...
    4:  jump *label18 always 0 0                                     ...
    5:  jump *label26 always 0 0                                     ...
    6:  jump *label14 always 0 0                                     ...
    7:  jump *label16 always 0 0                                     ...
    8:  jump *label12 always 0 0                                     ...
        label *label50                                               ...
    9:  set *id "id: Builder Unit Controller"                        ...
        label *label51                                               BuilderController.mnd: remote(displayProcessor) require "Display.mnd";
   10:  read *tmp0 processor2 "*signature"                           ...
   11:  jump *label51 notEqual *tmp0 "0:v1"                          ...
        label *label52                                               BuilderController.mnd: remote(oreLocator) require "OreLocator.mnd";
   12:  read *tmp1 processor3 "*signature"                           ...
   13:  jump *label52 notEqual *tmp1 "2b365030e19b2b7f:v1"           ...
        label *label53                                               BuilderController.mnd: remote(flareController) require "FlareController.mnd";
   14:  read *tmp2 processor4 "*signature"                           ...
   15:  jump *label53 notEqual *tmp2 "880295ee1d8ade1d:v1"           ...
        label *label54                                               BuilderController.mnd: remote(monoController) require "MonoController.mnd";
   16:  read *tmp3 processor5 "*signature"                           ...
   17:  jump *label54 notEqual *tmp3 "0:v1"                          ...
   18:  set .leadSurplus 0                                           BuilderController.mnd: export var
   19:  set .graphiteSurplus 20                                      ...
   20:  set .siliconSurplus 20                                       ...
   21:  set .siliconMonoSurplus 0                                    ...
   22:  set .metaglassSurplus 20                                     ...
   23:  write 511 bank1 511                                          BuilderController.mnd: external(oreLogMemory[511]) logPosition = 511;
   24:  set .positive 0                                              BuilderController.mnd: volatile var positive = 0, negative = 0;
   25:  set .negative 0                                              ...
   26:  set .MAX_TILES 10                                            BuilderController.mnd: var MAX_TILES = 10;
   27:  set .MAX_COUNT 6                                             BuilderController.mnd: var MAX_COUNT = 6;
        label *label56                                               BuilderController.mnd: do
   28:  ubind @poly                                                  BuilderController.mnd: builder = ubind(@poly);
   29:  set .builder @unit                                           ...
   30:  ulocate building core false @copper .coreX .coreY 0 .core    BuilderController.mnd: core = ulocate(:building, :core, false, out coreX, out coreY);
   31:  jump *label56 equal .core null                               BuilderController.mnd: do
   32:  set .sandContainer .core                                     BuilderController.mnd: sandContainer = core;
   33:  set *signature "68e0262eef69ac6b:v1"                         BuilderController.mnd: #set syntax = strict;
        label *label59                                               ...
   34:  wait 1e12                                                    ...
   35:  jump *label59 always 0 0                                     ...
        label *label38                                               Actions.mnd: void mineOre(ore, amount, block)
   36:  op min :mineOre:amount :mineOre:amount 28                    Actions.mnd: amount = min(amount, capacity);
   37:  write :mineOre:amount processor2 ".transportTarget"          Actions.mnd: displayProcessor.transportTarget = target;
   38:  write :mineOre:ore processor2 ".transportItem"               Actions.mnd: displayProcessor.transportItem = item;
   39:  ulocate ore core true :mineOre:ore :locateOre:x :locateOre:y Actions.mnd: if !ulocate(:ore, ore, out x, out y) then
   40:  jump *label439 notEqual *tmp15 false                         ...
   41:  error "Cannot locate ore" 0 0 0 0 0 0 0 0 0                  Actions.mnd: error("Cannot locate ore");
        label *label439                                              Actions.mnd: if !ulocate(:ore, ore, out x, out y) then
   41:  write "Moving..." processor2 ".status3"                      Actions.mnd: displayProcessor.status3 = text;
        label *label542                                              Actions.mnd: do
   42:  sensor *tmp5 @unit @firstItem                                Actions.mnd: if @unit.@firstItem != null then itemDrop(@air, 1000); end;
   43:  jump *label543 equal *tmp5 null                              ...
   44:  ucontrol itemDrop @air 1000 0 0 0                            ...
        label *label543                                              ...
   45:  ucontrol approach :locateOre:x :locateOre:y 5.5 0 0          Actions.mnd: approach(x, y, RADIUS - 0.5);
   46:  ucontrol within :locateOre:x :locateOre:y 6 *tmp6 0          Actions.mnd: while !within(x, y, RADIUS);
   47:  jump *label542 equal *tmp6 false                             Actions.mnd: do
   48:  sensor *tmp16 @unit @firstItem                               Actions.mnd: if @unit.@firstItem != ore then dropAll(); end;
   49:  jump *label101 equal *tmp16 :mineOre:ore                     ...
   50:  sensor *tmp7 @unit @firstItem                                Actions.mnd: while @unit.@firstItem != null do
   51:  jump *label567 equal *tmp7 null                              ...
        label *label565                                              ...
   52:  ucontrol itemDrop @air 1000 0 0 0                            Actions.mnd: itemDrop(@air, 1000);
   53:  sensor *tmp7 @unit @firstItem                                Actions.mnd: while @unit.@firstItem != null do
   54:  jump *label565 notEqual *tmp7 null                           ...
        label *label567                                              ...
        label *label101                                              Actions.mnd: if @unit.@firstItem != ore then dropAll(); end;
   55:  write "Mining..." processor2 ".status3"                      Actions.mnd: displayProcessor.status3 = text;
   56:  op add :mineOre:stop @second 10                              Actions.mnd: var stop = @second + 10;
        label *label105                                              Actions.mnd: do
   57:  sensor :mineOre:item @unit @firstItem                        Actions.mnd: var item = @unit.@firstItem;
   58:  op notEqual *tmp17 :mineOre:item null                        Actions.mnd: if item != null && item != ore then break; end;
   59:  op notEqual *tmp18 :mineOre:item :mineOre:ore                ...
   60:  op land *tmp19 *tmp17 *tmp18                                 ...
   61:  jump *label107 notEqual *tmp19 false                         ...
   62:  ucontrol mine :locateOre:x :locateOre:y 0 0 0                Actions.mnd: mine(x, y);
   63:  jump *label107 greaterThan @second :mineOre:stop             Actions.mnd: if @second > stop then break; end;
   64:  jump *label112 notEqual .noTarget false                      Actions.mnd: if not noTarget then
   65:  sensor *tmp74 .core @silicon                                 BuilderController.mnd: if core.@silicon < targetSilicon then displayProcessor.missing = @silicon; return false; end;
   66:  jump *label514 greaterThanEq *tmp74 silicon                  ...
   67:  write @silicon processor2 ".missing"                         ...
   68:  set :targetMet*retval false                                  ...
   69:  jump *label528 always 0 0                                    ...
        label *label514                                              ...
   70:  sensor *tmp75 .core @copper                                  BuilderController.mnd: if core.@copper < targetCopper then displayProcessor.missing = @copper; return false; end;
   71:  jump *label516 greaterThanEq *tmp75 copper                   ...
   72:  write @copper processor2 ".missing"                          ...
   73:  set :targetMet*retval false                                  ...
   74:  jump *label528 always 0 0                                    ...
        label *label516                                              ...
   75:  sensor *tmp76 .core @lead                                    BuilderController.mnd: if core.@lead < targetLead then displayProcessor.missing = @lead; return false; end;
   76:  jump *label518 greaterThanEq *tmp76 lead                     ...
   77:  write @lead processor2 ".missing"                            ...
   78:  set :targetMet*retval false                                  ...
   79:  jump *label528 always 0 0                                    ...
        label *label518                                              ...
   80:  sensor *tmp77 .core @metaglass                               BuilderController.mnd: if core.@metaglass < targetMetaglass then displayProcessor.missing = @metaglass; return false; end;
   81:  jump *label520 greaterThanEq *tmp77 metaglass                ...
   82:  write @metaglass processor2 ".missing"                       ...
   83:  set :targetMet*retval false                                  ...
   84:  jump *label528 always 0 0                                    ...
        label *label520                                              ...
   85:  sensor *tmp78 .core @graphite                                BuilderController.mnd: if core.@graphite < targetGraphite then displayProcessor.missing = @graphite; return false; end;
   86:  jump *label522 greaterThanEq *tmp78 graphite                 ...
   87:  write @graphite processor2 ".missing"                        ...
   88:  set :targetMet*retval false                                  ...
   89:  jump *label528 always 0 0                                    ...
        label *label522                                              ...
   90:  sensor *tmp79 .core @titanium                                BuilderController.mnd: if core.@titanium < targetTitanium then displayProcessor.missing = @titanium; return false; end;
   91:  jump *label524 greaterThanEq *tmp79 titanium                 ...
   92:  write @titanium processor2 ".missing"                        ...
   93:  set :targetMet*retval false                                  ...
   94:  jump *label528 always 0 0                                    ...
        label *label524                                              ...
   95:  sensor *tmp80 .core @thorium                                 BuilderController.mnd: if core.@thorium < targetThorium then displayProcessor.missing = @thorium; return false; end;
   96:  jump *label526 greaterThanEq *tmp80 thorium                  ...
   97:  write @thorium processor2 ".missing"                         ...
   98:  set :targetMet*retval false                                  ...
   99:  jump *label528 always 0 0                                    ...
        label *label526                                              ...
  100:  set :targetMet*retval true                                   BuilderController.mnd: return true;
        label *label528                                              BuilderController.mnd: def targetMet()
  101:  jump *label107 notEqual :targetMet*retval false              Actions.mnd: if targetMet() then
        label *label112                                              Actions.mnd: if not noTarget then
  102:  sensor *tmp20 @unit @totalItems                              Actions.mnd: while @unit.@totalItems < amount;
  103:  jump *label105 lessThan *tmp20 :mineOre:amount               Actions.mnd: do
        label *label107                                              ...
  104:  ucontrol unbind 0 0 0 0 0                                    Actions.mnd: unbind();
  105:  write "Depositing..." processor2 ".status3"                  Actions.mnd: displayProcessor.status3 = text;
  106:  sensor *tmp10 @unit @firstItem                               Actions.mnd: if @unit.@firstItem == item then
  107:  jump *label624 notEqual *tmp10 :mineOre:ore                  ...
  108:  sensor *tmp8 :mineOre:block @x                               Actions.mnd: moveTo(block.@x, block.@y, radius);
  109:  sensor *tmp9 :mineOre:block @y                               ...
  110:  write "Moving..." processor2 ".status3"                      Actions.mnd: displayProcessor.status3 = text;
  111:  ucontrol within *tmp8 *tmp9 6 *tmp4 0                        Actions.mnd: while !within(x, y, radius) do
  112:  jump *label618 notEqual *tmp4 false                          ...
        label *label616                                              ...
  113:  ucontrol approach *tmp8 *tmp9 5.5 0 0                        Actions.mnd: approach(x, y, radius - 0.5);
  114:  ucontrol within *tmp8 *tmp9 6 *tmp4 0                        Actions.mnd: while !within(x, y, radius) do
  115:  jump *label616 equal *tmp4 false                             ...
        label *label618                                              ...
  116:  sensor :depositItems:cap :mineOre:block @itemCapacity        Actions.mnd: var cap = block.@itemCapacity;
        label *label621                                              Actions.mnd: do
  117:  ucontrol itemDrop :mineOre:block 28 0 0 0                    Actions.mnd: itemDrop(block, capacity);
  118:  sensor *tmp11 @unit @firstItem                               Actions.mnd: while @unit.@firstItem * cap > block.sensor(item);
  119:  op mul *tmp12 *tmp11 :depositItems:cap                       ...
  120:  sensor *tmp13 :mineOre:block :mineOre:ore                    ...
  121:  jump *label621 greaterThan *tmp12 *tmp13                     Actions.mnd: do
  122:  jump *label629 always 0 0                                    Actions.mnd: if @unit.@firstItem == item then
        label *label624                                              ...
  123:  sensor *tmp14 @unit @firstItem                               Actions.mnd: while @unit.@firstItem != null do
  124:  jump *label628 equal *tmp14 null                             ...
        label *label626                                              ...
  125:  ucontrol itemDrop @air 1000 0 0 0                            Actions.mnd: itemDrop(@air, 1000);
  126:  sensor *tmp14 @unit @firstItem                               Actions.mnd: while @unit.@firstItem != null do
  127:  jump *label626 notEqual *tmp14 null                          ...
        label *label628                                              ...
        label *label629                                              Actions.mnd: if @unit.@firstItem == item then
  128:  write 0 processor2 ".transportTarget"                        Actions.mnd: displayProcessor.transportTarget = target;
  129:  write null processor2 ".transportItem"                       Actions.mnd: displayProcessor.transportItem = item;
  130:  return :mineOre*retaddr                                      Actions.mnd: void mineOre(ore, amount, block)
        label *label39                                               Actions.mnd: void mineOre(ore, block)
  131:  write "Mining " processor2 ".status2"                        Actions.mnd: displayProcessor.status2 = text;
  132:  write :mineOre.1:ore processor2 ".item2"                     Actions.mnd: displayProcessor.item2 = item;
  133:  write :mineOre.1:block processor2 ".block2"                  Actions.mnd: displayProcessor.block2 = block;
  134:  set :mineOre:ore :mineOre.1:ore                              Actions.mnd: mineOre(ore, capacity, block);
  135:  set :mineOre:amount 28                                       ...
  136:  set :mineOre:block :mineOre.1:block                          ...
  137:  setaddr :mineOre*retaddr *label120                           ...
  138:  call *label38 *invalid :mineOre*retval                       ...
        label *label120                                              ...
  139:  return :mineOre.1*retaddr                                    Actions.mnd: void mineOre(ore, block)
        label *label40                                               Actions.mnd: void mineOre(ore)
  140:  write "Mining " processor2 ".status2"                        Actions.mnd: displayProcessor.status2 = text;
  141:  write :mineOre.2:ore processor2 ".item2"                     Actions.mnd: displayProcessor.item2 = item;
  142:  write "core" processor2 ".block2"                            Actions.mnd: displayProcessor.block2 = block;
  143:  set :mineOre:ore :mineOre.2:ore                              Actions.mnd: mineOre(ore, capacity, core);
  144:  set :mineOre:amount 28                                       ...
  145:  set :mineOre:block .core                                     ...
  146:  setaddr :mineOre*retaddr *label123                           ...
  147:  call *label38 *invalid :mineOre*retval                       ...
        label *label123                                              ...
  148:  return :mineOre.2*retaddr                                    Actions.mnd: void mineOre(ore)
        label *label41                                               Actions.mnd: void fetchBlock(block, item)
  149:  sensor *tmp21 :fetchBlock:block @itemCapacity                Actions.mnd: transportStatus(min(block.@itemCapacity, capacity), item);
  150:  op min :transportStatus:target *tmp21 28                     ...
  151:  write :transportStatus:target processor2 ".transportTarget"  Actions.mnd: displayProcessor.transportTarget = target;
  152:  write :fetchBlock:item processor2 ".transportItem"           Actions.mnd: displayProcessor.transportItem = item;
  153:  write "Fetching " processor2 ".status2"                      Actions.mnd: displayProcessor.status2 = text;
  154:  write :fetchBlock:item processor2 ".item2"                   Actions.mnd: displayProcessor.item2 = item;
  155:  write :fetchBlock:block processor2 ".block2"                 Actions.mnd: displayProcessor.block2 = block;
  156:  sensor *tmp22 :fetchBlock:block @x                           Actions.mnd: moveToEmpty(block.@x, block.@y);
  157:  sensor *tmp23 :fetchBlock:block @y                           ...
  158:  write "Moving..." processor2 ".status3"                      Actions.mnd: displayProcessor.status3 = text;
        label *label507                                              Actions.mnd: do
  159:  sensor *tmp5 @unit @firstItem                                Actions.mnd: if @unit.@firstItem != null then itemDrop(@air, 1000); end;
  160:  jump *label508 equal *tmp5 null                              ...
  161:  ucontrol itemDrop @air 1000 0 0 0                            ...
        label *label508                                              ...
  162:  ucontrol approach *tmp22 *tmp23 5.5 0 0                      Actions.mnd: approach(x, y, RADIUS - 0.5);
  163:  ucontrol within *tmp22 *tmp23 6 *tmp6 0                      Actions.mnd: while !within(x, y, RADIUS);
  164:  jump *label507 equal *tmp6 false                             Actions.mnd: do
  165:  sensor *tmp7 @unit @firstItem                                Actions.mnd: while @unit.@firstItem != null do
  166:  jump *label502 equal *tmp7 null                              ...
        label *label500                                              ...
  167:  ucontrol itemDrop @air 1000 0 0 0                            Actions.mnd: itemDrop(@air, 1000);
  168:  sensor *tmp7 @unit @firstItem                                Actions.mnd: while @unit.@firstItem != null do
  169:  jump *label500 notEqual *tmp7 null                           ...
        label *label502                                              ...
        label *label129                                              Actions.mnd: do
  170:  ucontrol itemTake :fetchBlock:block :fetchBlock:item 28 0 0  Actions.mnd: itemTake(block, item, capacity);
  171:  sensor :fetchBlock:unitItem @unit @firstItem                 Actions.mnd: var unitItem = @unit.@firstItem;
  172:  jump *label132 equal :fetchBlock:unitItem null               Actions.mnd: if unitItem != null and unitItem != item then
  173:  jump *label132 equal :fetchBlock:unitItem :fetchBlock:item   ...
  174:  ucontrol itemDrop @air 1000 0 0 0                            Actions.mnd: itemDrop(@air, 1000);
        label *label132                                              Actions.mnd: if unitItem != null and unitItem != item then
  175:  sensor *tmp24 @unit :fetchBlock:item                         Actions.mnd: while @unit.sensor(item) < capacity and block.sensor(item);
  176:  jump *label131 greaterThanEq *tmp24 28                       ...
  177:  sensor *tmp25 :fetchBlock:block :fetchBlock:item             ...
  178:  jump *label129 notEqual *tmp25 false                         ...
        label *label131                                              Actions.mnd: do
  179:  write "Depositing..." processor2 ".status3"                  Actions.mnd: displayProcessor.status3 = text;
  180:  sensor *tmp10 @unit @firstItem                               Actions.mnd: if @unit.@firstItem == item then
  181:  jump *label598 notEqual *tmp10 :fetchBlock:item              ...
  182:  sensor *tmp8 .core @x                                        Actions.mnd: moveTo(block.@x, block.@y, radius);
  183:  sensor *tmp9 .core @y                                        ...
  184:  write "Moving..." processor2 ".status3"                      Actions.mnd: displayProcessor.status3 = text;
  185:  ucontrol within *tmp8 *tmp9 6 *tmp4 0                        Actions.mnd: while !within(x, y, radius) do
  186:  jump *label592 notEqual *tmp4 false                          ...
        label *label590                                              ...
  187:  ucontrol approach *tmp8 *tmp9 5.5 0 0                        Actions.mnd: approach(x, y, radius - 0.5);
  188:  ucontrol within *tmp8 *tmp9 6 *tmp4 0                        Actions.mnd: while !within(x, y, radius) do
  189:  jump *label590 equal *tmp4 false                             ...
        label *label592                                              ...
  190:  sensor :depositItems:cap .core @itemCapacity                 Actions.mnd: var cap = block.@itemCapacity;
        label *label595                                              Actions.mnd: do
  191:  ucontrol itemDrop .core 28 0 0 0                             Actions.mnd: itemDrop(block, capacity);
  192:  sensor *tmp11 @unit @firstItem                               Actions.mnd: while @unit.@firstItem * cap > block.sensor(item);
  193:  op mul *tmp12 *tmp11 :depositItems:cap                       ...
  194:  sensor *tmp13 .core :fetchBlock:item                         ...
  195:  jump *label595 greaterThan *tmp12 *tmp13                     Actions.mnd: do
  196:  jump *label603 always 0 0                                    Actions.mnd: if @unit.@firstItem == item then
        label *label598                                              ...
  197:  sensor *tmp14 @unit @firstItem                               Actions.mnd: while @unit.@firstItem != null do
  198:  jump *label602 equal *tmp14 null                             ...
        label *label600                                              ...
  199:  ucontrol itemDrop @air 1000 0 0 0                            Actions.mnd: itemDrop(@air, 1000);
  200:  sensor *tmp14 @unit @firstItem                               Actions.mnd: while @unit.@firstItem != null do
  201:  jump *label600 notEqual *tmp14 null                          ...
        label *label602                                              ...
        label *label603                                              Actions.mnd: if @unit.@firstItem == item then
  202:  write 0 processor2 ".transportTarget"                        Actions.mnd: displayProcessor.transportTarget = target;
  203:  write null processor2 ".transportItem"                       Actions.mnd: displayProcessor.transportItem = item;
  204:  return :fetchBlock*retaddr                                   Actions.mnd: void fetchBlock(block, item)
        label *label42                                               Actions.mnd: void supplyBlock(block, ore)
  205:  write "Supplying " processor2 ".status2"                     Actions.mnd: displayProcessor.status2 = text;
  206:  write :supplyBlock:ore processor2 ".item2"                   Actions.mnd: displayProcessor.item2 = item;
  207:  write :supplyBlock:block processor2 ".block2"                Actions.mnd: displayProcessor.block2 = block;
  208:  sensor :supplyBlock:blockCapacity :supplyBlock:block @itemCa Actions.mnd: var blockCapacity = block.@itemCapacity;
  209:  sensor *tmp26 :supplyBlock:block :supplyBlock:ore            Actions.mnd: var missing = blockCapacity - block.sensor(ore);
  210:  op sub :supplyBlock:missing :supplyBlock:blockCapacity *tmp2 ...
  211:  jump *label140 lessThanEq :supplyBlock:missing 0             Actions.mnd: if missing > 0 then
  212:  set :mineOre:ore :supplyBlock:ore                            Actions.mnd: mineOre(ore, blockCapacity, block);
  213:  set :mineOre:amount :supplyBlock:blockCapacity               ...
  214:  set :mineOre:block :supplyBlock:block                        ...
  215:  setaddr :mineOre*retaddr *label142                           ...
  216:  call *label38 *invalid :mineOre*retval                       ...
        label *label142                                              ...
        label *label140                                              Actions.mnd: if missing > 0 then
  217:  return :supplyBlock*retaddr                                  Actions.mnd: void supplyBlock(block, ore)
        label *label45                                               Common.mnd: void unpackCfg(cfg, out type, out x, out y, out cu, out pb, out gr, out si, out ti, out mg, out th, out rotation, out size, out ind)
  218:  read *tmp30 :unpackCfg:cfg 1                                 Common.mnd: type = lookup(:block, char(cfg, index++) - _Common_offset);
  219:  op sub *tmp31 *tmp30 74                                      ...
  220:  lookup block :unpackCfg:type *tmp31                          ...
  221:  read *tmp32 :unpackCfg:cfg 2                                 Common.mnd: x = (char(cfg, index++) - _Common_offset) / 2;
  222:  op sub *tmp33 *tmp32 74                                      ...
  223:  op div :unpackCfg:x *tmp33 2                                 ...
  224:  read *tmp34 :unpackCfg:cfg 3                                 Common.mnd: y = (char(cfg, index++) - _Common_offset) / 2;
  225:  op sub *tmp35 *tmp34 74                                      ...
  226:  op div :unpackCfg:y *tmp35 2                                 ...
  227:  read *tmp36 :unpackCfg:cfg 4                                 Common.mnd: rotation = char(cfg, index++) - _Common_offset;
  228:  op sub :unpackCfg:rotation *tmp36 74                         ...
  229:  read *tmp37 :unpackCfg:cfg 5                                 Common.mnd: ind = char(cfg, index++) - _Common_offset;
  230:  op sub :unpackCfg:ind *tmp37 74                              ...
  231:  sensor :unpackCfg:cu :unpackCfg:type @copper                 Common.mnd: cu = type.@copper;
  232:  sensor :unpackCfg:pb :unpackCfg:type @lead                   Common.mnd: pb = type.@lead;
  233:  sensor :unpackCfg:gr :unpackCfg:type @graphite               Common.mnd: gr = type.@graphite;
  234:  sensor :unpackCfg:si :unpackCfg:type @silicon                Common.mnd: si = type.@silicon;
  235:  sensor :unpackCfg:ti :unpackCfg:type @titanium               Common.mnd: ti = type.@titanium;
  236:  sensor :unpackCfg:mg :unpackCfg:type @metaglass              Common.mnd: mg = type.@metaglass;
  237:  sensor :unpackCfg:th :unpackCfg:type @thorium                Common.mnd: th = type.@thorium;
  238:  return :unpackCfg*retaddr                                    Common.mnd: void unpackCfg(cfg, out type, out x, out y, out cu, out pb, out gr, out si, out ti, out mg, out th, out rotation, out size, out ind)
        label *label12                                               BuilderController.mnd: export void supplyBase()
  239:  setaddr :supplyBase*retaddr *label59                         ...
        label *label13                                               ...
  240:  op add *tmp38 .siliconMonoSurplus silicon                    BuilderController.mnd: monoController.sandTarget = max(0, siliconMonoSurplus + targetSilicon - core.@silicon);
  241:  sensor *tmp39 .core @silicon                                 ...
  242:  op sub *tmp40 *tmp38 *tmp39                                  ...
  243:  op max *tmp41 0 *tmp40                                       ...
  244:  write *tmp41 processor5 ".sandTarget"                        ...
  245:  jump *label159 equal .thoriumContainer false                 BuilderController.mnd: if thoriumContainer then
  246:  write "Phase 2: servicing thorium drill" processor2 ".status Actions.mnd: displayProcessor.status1 = text;
  247:  sensor *tmp42 .thoriumBattery @totalPower                    BuilderController.mnd: if thoriumBattery.@totalPower < 2000 then
  248:  jump *label163 greaterThanEq *tmp42 2000                     ...
  249:  sensor *tmp43 .thoriumGenerator @coal                        BuilderController.mnd: if thoriumGenerator.@coal == 0 then
  250:  jump *label165 notEqual *tmp43 0                             ...
  251:  sensor *tmp44 .core @coal                                    BuilderController.mnd: if core.@coal < 50 then
  252:  jump *label167 greaterThanEq *tmp44 50                       ...
  253:  set :supplyBlock:block .thoriumGenerator                     BuilderController.mnd: supplyBlock(thoriumGenerator, @coal);
  254:  set :supplyBlock:ore @coal                                   ...
  255:  write "Supplying " processor2 ".status2"                     Actions.mnd: displayProcessor.status2 = text;
  256:  write @coal processor2 ".item2"                              Actions.mnd: displayProcessor.item2 = item;
  257:  write :supplyBlock:block processor2 ".block2"                Actions.mnd: displayProcessor.block2 = block;
  258:  sensor :supplyBlock:blockCapacity :supplyBlock:block @itemCa Actions.mnd: var blockCapacity = block.@itemCapacity;
  259:  sensor *tmp26 :supplyBlock:block @coal                       Actions.mnd: var missing = blockCapacity - block.sensor(ore);
  260:  op sub :supplyBlock:missing :supplyBlock:blockCapacity *tmp2 ...
  261:  jump *label168 lessThanEq :supplyBlock:missing 0             Actions.mnd: if missing > 0 then
  262:  set :mineOre:ore @coal                                       Actions.mnd: mineOre(ore, blockCapacity, block);
  263:  set :mineOre:amount :supplyBlock:blockCapacity               ...
  264:  set :mineOre:block :supplyBlock:block                        ...
  265:  setaddr :mineOre*retaddr *label168                           ...
  266:  call *label38 *invalid :mineOre*retval                       ...
  267:  jump *label168 always 0 0                                    BuilderController.mnd: if core.@coal < 50 then
        label *label167                                              ...
  268:  set :supplyBlockFromCore:target .thoriumGenerator            BuilderController.mnd: supplyBlockFromCore(thoriumGenerator, @coal);
  269:  sensor *tmp27 :supplyBlockFromCore:target @itemCapacity      Actions.mnd: var cap = min(target.@itemCapacity, capacity);
  270:  op min :supplyBlockFromCore:cap *tmp27 28                    ...
  271:  set :transportStatus:target :supplyBlockFromCore:cap         Actions.mnd: transportStatus(cap, item);
  272:  write :supplyBlockFromCore:cap processor2 ".transportTarget" Actions.mnd: displayProcessor.transportTarget = target;
  273:  write @coal processor2 ".transportItem"                      Actions.mnd: displayProcessor.transportItem = item;
  274:  write "Transferring " processor2 ".status2"                  Actions.mnd: displayProcessor.status2 = text;
  275:  write @coal processor2 ".item2"                              Actions.mnd: displayProcessor.item2 = item;
  276:  write :supplyBlockFromCore:target processor2 ".block2"       Actions.mnd: displayProcessor.block2 = block;
  277:  write "Moving..." processor2 ".status3"                      Actions.mnd: displayProcessor.status3 = text;
        label *label551                                              Actions.mnd: do
  278:  sensor *tmp5 @unit @firstItem                                Actions.mnd: if @unit.@firstItem != null then itemDrop(@air, 1000); end;
  279:  jump *label552 equal *tmp5 null                              ...
  280:  ucontrol itemDrop @air 1000 0 0 0                            ...
        label *label552                                              ...
  281:  ucontrol approach .coreX .coreY 5.5 0 0                      Actions.mnd: approach(x, y, RADIUS - 0.5);
  282:  ucontrol within .coreX .coreY 6 *tmp6 0                      Actions.mnd: while !within(x, y, RADIUS);
  283:  jump *label551 equal *tmp6 false                             Actions.mnd: do
  284:  sensor *tmp7 @unit @firstItem                                Actions.mnd: while @unit.@firstItem != null do
  285:  jump *label573 equal *tmp7 null                              ...
        label *label571                                              ...
  286:  ucontrol itemDrop @air 1000 0 0 0                            Actions.mnd: itemDrop(@air, 1000);
  287:  sensor *tmp7 @unit @firstItem                                Actions.mnd: while @unit.@firstItem != null do
  288:  jump *label571 notEqual *tmp7 null                           ...
        label *label573                                              ...
        label *label476                                              Actions.mnd: do
  289:  ucontrol itemTake .core @coal :supplyBlockFromCore:cap 0 0   Actions.mnd: itemTake(core, item, cap);
  290:  sensor :supplyBlockFromCore:unitItem @unit @firstItem        Actions.mnd: var unitItem = @unit.@firstItem;
  291:  jump *label477 equal :supplyBlockFromCore:unitItem null      Actions.mnd: if unitItem != null and unitItem != item then
  292:  jump *label477 equal :supplyBlockFromCore:unitItem @coal     ...
  293:  ucontrol itemDrop @air 1000 0 0 0                            Actions.mnd: itemDrop(@air, 1000);
        label *label477                                              Actions.mnd: if unitItem != null and unitItem != item then
  294:  sensor *tmp28 @unit @coal                                    Actions.mnd: while @unit.sensor(item) < cap and core.sensor(item);
  295:  jump *label480 greaterThanEq *tmp28 :supplyBlockFromCore:cap ...
  296:  sensor *tmp29 .core @coal                                    ...
  297:  jump *label476 notEqual *tmp29 false                         ...
        label *label480                                              Actions.mnd: do
  298:  write "Depositing..." processor2 ".status3"                  Actions.mnd: displayProcessor.status3 = text;
  299:  sensor *tmp10 @unit @firstItem                               Actions.mnd: if @unit.@firstItem == item then
  300:  jump *label649 notEqual *tmp10 @coal                         ...
  301:  sensor *tmp8 :supplyBlockFromCore:target @x                  Actions.mnd: moveTo(block.@x, block.@y, radius);
  302:  sensor *tmp9 :supplyBlockFromCore:target @y                  ...
  303:  write "Moving..." processor2 ".status3"                      Actions.mnd: displayProcessor.status3 = text;
  304:  ucontrol within *tmp8 *tmp9 6 *tmp4 0                        Actions.mnd: while !within(x, y, radius) do
  305:  jump *label643 notEqual *tmp4 false                          ...
        label *label641                                              ...
  306:  ucontrol approach *tmp8 *tmp9 5.5 0 0                        Actions.mnd: approach(x, y, radius - 0.5);
  307:  ucontrol within *tmp8 *tmp9 6 *tmp4 0                        Actions.mnd: while !within(x, y, radius) do
  308:  jump *label641 equal *tmp4 false                             ...
        label *label643                                              ...
  309:  sensor :depositItems:cap :supplyBlockFromCore:target @itemCa Actions.mnd: var cap = block.@itemCapacity;
        label *label646                                              Actions.mnd: do
  310:  ucontrol itemDrop :supplyBlockFromCore:target 28 0 0 0       Actions.mnd: itemDrop(block, capacity);
  311:  sensor *tmp11 @unit @firstItem                               Actions.mnd: while @unit.@firstItem * cap > block.sensor(item);
  312:  op mul *tmp12 *tmp11 :depositItems:cap                       ...
  313:  sensor *tmp13 :supplyBlockFromCore:target @coal              ...
  314:  jump *label646 greaterThan *tmp12 *tmp13                     Actions.mnd: do
  315:  jump *label654 always 0 0                                    Actions.mnd: if @unit.@firstItem == item then
        label *label649                                              ...
  316:  sensor *tmp14 @unit @firstItem                               Actions.mnd: while @unit.@firstItem != null do
  317:  jump *label653 equal *tmp14 null                             ...
        label *label651                                              ...
  318:  ucontrol itemDrop @air 1000 0 0 0                            Actions.mnd: itemDrop(@air, 1000);
  319:  sensor *tmp14 @unit @firstItem                               Actions.mnd: while @unit.@firstItem != null do
  320:  jump *label651 notEqual *tmp14 null                          ...
        label *label653                                              ...
        label *label654                                              Actions.mnd: if @unit.@firstItem == item then
  321:  write 0 processor2 ".transportTarget"                        Actions.mnd: displayProcessor.transportTarget = target;
  322:  write null processor2 ".transportItem"                       Actions.mnd: displayProcessor.transportItem = item;
        label *label168                                              BuilderController.mnd: if core.@coal < 50 then
        label *label165                                              BuilderController.mnd: if thoriumGenerator.@coal == 0 then
        label *label163                                              BuilderController.mnd: if thoriumBattery.@totalPower < 2000 then
  323:  set :fetchBlock:block .thoriumContainer                      BuilderController.mnd: fetchBlock(thoriumContainer, @thorium);
  324:  set :fetchBlock:item @thorium                                ...
  325:  setaddr :fetchBlock*retaddr *label171                        ...
  326:  call *label41 *invalid :fetchBlock*retval                    ...
        label *label171                                              ...
  327:  sensor *tmp45 .core @thorium                                 BuilderController.mnd: if core.@thorium > 400 then
  328:  jump *label160 lessThanEq *tmp45 400                         ...
  329:  write 0 AÕFFJS-micro-processor9 ".monoTarget"                BuilderController.mnd: processor.monoTarget = target;
  330:  write 4 AÕFFJS-micro-processor9 ".polyTarget"                BuilderController.mnd: processor.polyTarget = target;
  331:  jump *label160 always 0 0                                    BuilderController.mnd: if thoriumContainer then
        label *label159                                              ...
  332:  read *tmp46 AÕFFJS-micro-processor9 ".monos"                 BuilderController.mnd: elsif processor.monos > 1 then
  333:  jump *label176 lessThanEq *tmp46 1                           ...
  334:  write "Phase 1: supplying base" processor2 ".status1"        Actions.mnd: displayProcessor.status1 = text;
  335:  set :mineOre.2:ore @coal                                     BuilderController.mnd: mineOre(@coal);
  336:  write "Mining " processor2 ".status2"                        Actions.mnd: displayProcessor.status2 = text;
  337:  write @coal processor2 ".item2"                              Actions.mnd: displayProcessor.item2 = item;
  338:  write "core" processor2 ".block2"                            Actions.mnd: displayProcessor.block2 = block;
  339:  set :mineOre:ore @coal                                       Actions.mnd: mineOre(ore, capacity, core);
  340:  set :mineOre:amount 28                                       ...
  341:  set :mineOre:block .core                                     ...
  342:  setaddr :mineOre*retaddr *label177                           ...
  343:  call *label38 *invalid :mineOre*retval                       ...
  344:  jump *label177 always 0 0                                    BuilderController.mnd: elsif processor.monos > 1 then
        label *label176                                              ...
  345:  set :supplyBase0:supplied false                              BuilderController.mnd: var supplied = false;
  346:  jump *label182 notEqual A©JNJP-unloader6 null                BuilderController.mnd: if unloader1 == null then
  347:  sensor *tmp47 .core @graphite                                BuilderController.mnd: if core.@graphite < targetGraphite then
  348:  jump *label184 greaterThanEq *tmp47 graphite                 ...
  349:  sensor *tmp48 AJEMJJ-graphite-press0 @coal                   BuilderController.mnd: if press.@coal < 5 then
  350:  jump *label186 greaterThanEq *tmp48 5                        ...
  351:  write "Goal 1: graphite requirement" processor2 ".status1"   Actions.mnd: displayProcessor.status1 = text;
  352:  set :supplyBlock:block AJEMJJ-graphite-press0                BuilderController.mnd: supplyBlock(press, @coal);
  353:  set :supplyBlock:ore @coal                                   ...
  354:  setaddr :supplyBlock*retaddr *label189                       ...
  355:  call *label42 *invalid :supplyBlock*retval                   ...
        label *label189                                              ...
  356:  set :supplyBase0:supplied true                               BuilderController.mnd: supplied = true;
        label *label186                                              BuilderController.mnd: if press.@coal < 5 then
        label *label184                                              BuilderController.mnd: if core.@graphite < targetGraphite then
  357:  sensor *tmp49 AJTJK-battery1 @totalPower                    BuilderController.mnd: if battery1.@totalPower < powerTarget then
  358:  jump *label190 greaterThanEq *tmp49 .powerTarget             ...
  359:  sensor *tmp50 AJRJM-combustion-generator3 @coal             BuilderController.mnd: if generator.@coal < 2 then
  360:  jump *label192 greaterThanEq *tmp50 2                        ...
  361:  write "Goal 4: supplying generator" processor2 ".status1"    Actions.mnd: displayProcessor.status1 = text;
  362:  set :supplyBlock:block AJRJM-combustion-generator3          BuilderController.mnd: supplyBlock(generator, @coal);
  363:  set :supplyBlock:ore @coal                                   ...
  364:  setaddr :supplyBlock*retaddr *label181                       ...
  365:  call *label42 *invalid :supplyBlock*retval                   ...
  366:  jump *label181 always 0 0                                    BuilderController.mnd: return;
        label *label192                                              BuilderController.mnd: if generator.@coal < 2 then
        label *label190                                              BuilderController.mnd: if battery1.@totalPower < powerTarget then
  367:  sensor *tmp51 .core @silicon                                 BuilderController.mnd: if core.@silicon < targetSilicon then
  368:  jump *label196 greaterThanEq *tmp51 silicon                  ...
  369:  sensor *tmp52 ALMQJN-silicon-smelter4 @coal                  BuilderController.mnd: if smelter.@coal < 5 then
  370:  jump *label198 greaterThanEq *tmp52 5                        ...
  371:  write "Goal 2: coal for silicon requirement" processor2 ".st Actions.mnd: displayProcessor.status1 = text;
  372:  set :supplyBlock:block ALMQJN-silicon-smelter4               BuilderController.mnd: supplyBlock(smelter, @coal);
  373:  set :supplyBlock:ore @coal                                   ...
  374:  setaddr :supplyBlock*retaddr *label201                       ...
  375:  call *label42 *invalid :supplyBlock*retval                   ...
        label *label201                                              ...
  376:  set :supplyBase0:supplied true                               BuilderController.mnd: supplied = true;
  377:  jump *label199 always 0 0                                    BuilderController.mnd: if smelter.@coal < 5 then
        label *label198                                              ...
  378:  sensor *tmp53 ALMQJN-silicon-smelter4 @sand                  BuilderController.mnd: elsif smelter.@sand < 5 then
  379:  jump *label202 greaterThanEq *tmp53 5                        ...
  380:  jump *label204 equal .scrap false                            BuilderController.mnd: if scrap then
  381:  sensor *tmp54 AXPRJd-pulverizer26 @scrap                     BuilderController.mnd: if pulverizer1.@scrap < 10 then
  382:  jump *label205 greaterThanEq *tmp54 10                       ...
  383:  write "Goal 3a: scrap for silicon requirement" processor2 ". Actions.mnd: displayProcessor.status1 = text;
  384:  set :supplyBlock:block AXPRJd-pulverizer26                   BuilderController.mnd: supplyBlock(pulverizer1, @scrap);
  385:  set :supplyBlock:ore @scrap                                  ...
  386:  setaddr :supplyBlock*retaddr *label209                       ...
  387:  call *label42 *invalid :supplyBlock*retval                   ...
        label *label209                                              ...
  388:  set :supplyBase0:supplied true                               BuilderController.mnd: supplied = true;
  389:  jump *label205 always 0 0                                    BuilderController.mnd: if scrap then
        label *label204                                              ...
  390:  write "Goal 3: sand for silicon requirement" processor2 ".st Actions.mnd: displayProcessor.status1 = text;
  391:  set :supplyBlock:block ALMQJN-silicon-smelter4               BuilderController.mnd: supplyBlock(smelter, @sand);
  392:  set :supplyBlock:ore @sand                                   ...
  393:  setaddr :supplyBlock*retaddr *label211                       ...
  394:  call *label42 *invalid :supplyBlock*retval                   ...
        label *label211                                              ...
  395:  set :supplyBase0:supplied true                               BuilderController.mnd: supplied = true;
        label *label205                                              BuilderController.mnd: if scrap then
        label *label202                                              BuilderController.mnd: elsif smelter.@sand < 5 then
        label *label199                                              BuilderController.mnd: if smelter.@coal < 5 then
        label *label196                                              BuilderController.mnd: if core.@silicon < targetSilicon then
        label *label182                                              BuilderController.mnd: if unloader1 == null then
  396:  set *tmp56 100                                               BuilderController.mnd: var titaniumTrigger = core.@titanium < targetTitanium ? min(5, targetTitanium - core.@titanium) : 100;
  397:  sensor *tmp55 .core @titanium                                ...
  398:  jump *label213 greaterThanEq *tmp55 titanium                 ...
  399:  sensor *tmp57 .core @titanium                                ...
  400:  op sub *tmp58 titanium *tmp57                                ...
  401:  op min *tmp56 5 *tmp58                                       ...
        label *label213                                              ...
  402:  sensor *tmp59 .titaniumDrill @titanium                       BuilderController.mnd: if titaniumDrill.@titanium < titaniumTrigger then
  403:  jump *label214 greaterThanEq *tmp59 *tmp56                   ...
  404:  jump *label215 notEqual :supplyBase0:supplied false          BuilderController.mnd: if !supplied then
  405:  sensor *tmp60 AJTJK-battery1 @totalPower                    BuilderController.mnd: if battery1.@totalPower < unloader1 * powerTarget then
  406:  op mul *tmp61 A©JNJP-unloader6 .powerTarget                  ...
  407:  jump *label218 greaterThanEq *tmp60 *tmp61                   ...
  408:  write "Goal 5: supplying generator" processor2 ".status1"    Actions.mnd: displayProcessor.status1 = text;
  409:  set :mineOre.2:ore @coal                                     BuilderController.mnd: mineOre(@coal);
  410:  setaddr :mineOre.2*retaddr *label215                         ...
  411:  call *label40 *invalid :mineOre.2*retval                     ...
  412:  jump *label215 always 0 0                                    BuilderController.mnd: if battery1.@totalPower < unloader1 * powerTarget then
        label *label218                                              ...
  413:  sensor *tmp62 .core @silicon                                 BuilderController.mnd: elsif core.@silicon < targetSilicon then
  414:  jump *label222 greaterThanEq *tmp62 silicon                  ...
  415:  jump *label224 equal .scrap false                            BuilderController.mnd: if scrap then
  416:  write "Goal 6: silicon requirement" processor2 ".status1"    Actions.mnd: displayProcessor.status1 = text;
  417:  jump *label227 equal A¨SSJh-container30 false                BuilderController.mnd: if container_a then
  418:  sensor :supplyBase0:coal .core @coal                         BuilderController.mnd: var coal = core.@coal;
  419:  sensor :supplyBase0:sand A¨SSJh-container30 @sand            BuilderController.mnd: var sand = container_a.@sand;
  420:  select *tmp63 lessThan :supplyBase0:coal :supplyBase0:sand @ BuilderController.mnd: var ore = coal < sand ? @coal : @scrap;
  421:  select *tmp64 lessThan :supplyBase0:coal :supplyBase0:sand . BuilderController.mnd: var block = coal < sand ? core : container_a;
  422:  set :mineOre.1:ore *tmp63                                    BuilderController.mnd: mineOre(ore, block);
  423:  set :mineOre.1:block *tmp64                                  ...
  424:  setaddr :mineOre.1*retaddr *label215                         ...
  425:  call *label39 *invalid :mineOre.1*retval                     ...
  426:  jump *label215 always 0 0                                    BuilderController.mnd: if container_a then
        label *label227                                              ...
  427:  set :mineOre.2:ore @coal                                     BuilderController.mnd: mineOre(@coal);
  428:  setaddr :mineOre.2*retaddr *label215                         ...
  429:  call *label40 *invalid :mineOre.2*retval                     ...
  430:  jump *label215 always 0 0                                    BuilderController.mnd: if scrap then
        label *label224                                              ...
  431:  write "Goal 6: silicon requirement" processor2 ".status1"    Actions.mnd: displayProcessor.status1 = text;
  432:  sensor :supplyBase0:coal.1 .core @coal                       BuilderController.mnd: var coal = core.@coal;
  433:  sensor :supplyBase0:sand.1 .core @sand                       BuilderController.mnd: var sand = core.@sand;
  434:  select :mineOre.2:ore lessThan :supplyBase0:coal.1 :supplyBa BuilderController.mnd: var ore = coal < sand ? @coal : @sand;
  435:  setaddr :mineOre.2*retaddr *label215                         BuilderController.mnd: mineOre(ore);
  436:  call *label40 *invalid :mineOre.2*retval                     ...
  437:  jump *label215 always 0 0                                    BuilderController.mnd: elsif core.@silicon < targetSilicon then
        label *label222                                              ...
  438:  sensor *tmp65 .core @copper                                  BuilderController.mnd: elsif core.@copper < targetCopper then
  439:  jump *label239 greaterThanEq *tmp65 copper                   ...
  440:  write "Goal 7: copper requirement" processor2 ".status1"     Actions.mnd: displayProcessor.status1 = text;
  441:  set :mineOre.2:ore @copper                                   BuilderController.mnd: mineOre(@copper);
  442:  setaddr :mineOre.2*retaddr *label215                         ...
  443:  call *label40 *invalid :mineOre.2*retval                     ...
  444:  jump *label215 always 0 0                                    BuilderController.mnd: elsif core.@copper < targetCopper then
        label *label239                                              ...
  445:  sensor *tmp66 .core @lead                                    BuilderController.mnd: elsif core.@lead < targetLead then
  446:  jump *label243 greaterThanEq *tmp66 lead                     ...
  447:  write "Goal 8: lead requirement" processor2 ".status1"       Actions.mnd: displayProcessor.status1 = text;
  448:  set :mineOre.2:ore @lead                                     BuilderController.mnd: mineOre(@lead);
  449:  setaddr :mineOre.2*retaddr *label215                         ...
  450:  call *label40 *invalid :mineOre.2*retval                     ...
  451:  jump *label215 always 0 0                                    BuilderController.mnd: elsif core.@lead < targetLead then
        label *label243                                              ...
  452:  sensor *tmp67 .core @metaglass                               BuilderController.mnd: elsif core.@metaglass < targetMetaglass then
  453:  jump *label247 greaterThanEq *tmp67 metaglass                ...
  454:  write "Goal 9: metaglass requirement" processor2 ".status1"  Actions.mnd: displayProcessor.status1 = text;
  455:  jump *label250 equal .scrap false                            BuilderController.mnd: if scrap then
  456:  set :mineOre.1:ore @scrap                                    BuilderController.mnd: mineOre(@scrap, sandContainer);
  457:  set :mineOre.1:block .sandContainer                          ...
  458:  setaddr :mineOre.1*retaddr *label215                         ...
  459:  call *label39 *invalid :mineOre.1*retval                     ...
  460:  jump *label215 always 0 0                                    BuilderController.mnd: if scrap then
        label *label250                                              ...
  461:  set :mineOre.2:ore @sand                                     BuilderController.mnd: mineOre(@sand);
  462:  setaddr :mineOre.2*retaddr *label215                         ...
  463:  call *label40 *invalid :mineOre.2*retval                     ...
  464:  jump *label215 always 0 0                                    BuilderController.mnd: elsif core.@metaglass < targetMetaglass then
        label *label247                                              ...
  465:  write "Goal 10: supplying base" processor2 ".status1"        Actions.mnd: displayProcessor.status1 = text;
  466:  jump *label255 notEqual A¨SSJh-container30 null              BuilderController.mnd: if container_a == null then
  467:  jump *label257 equal .scrap false                            BuilderController.mnd: mineOre(scrap or core.@coal <= core.@sand ? @coal : @sand);
  468:  set :mineOre.2:ore @coal                                     ...
  469:  jump *label258 always 0 0                                    ...
        label *label257                                              ...
  470:  sensor *tmp68 .core @coal                                    ...
  471:  sensor *tmp69 .core @sand                                    ...
  472:  select :mineOre.2:ore greaterThan *tmp68 *tmp69 @sand @coal  ...
        label *label258                                              ...
  473:  setaddr :mineOre.2*retaddr *label215                         ...
  474:  call *label40 *invalid :mineOre.2*retval                     ...
  475:  jump *label215 always 0 0                                    BuilderController.mnd: if container_a == null then
        label *label255                                              ...
  476:  sensor *tmp70 .core @coal                                    BuilderController.mnd: elsif core.@coal <= container_a.@sand + container_a.@scrap then
  477:  sensor *tmp71 A¨SSJh-container30 @sand                       ...
  478:  sensor *tmp72 A¨SSJh-container30 @scrap                      ...
  479:  op add *tmp73 *tmp71 *tmp72                                  ...
  480:  jump *label262 greaterThan *tmp70 *tmp73                     ...
  481:  set :mineOre.2:ore @coal                                     BuilderController.mnd: mineOre(@coal);
  482:  setaddr :mineOre.2*retaddr *label215                         ...
  483:  call *label40 *invalid :mineOre.2*retval                     ...
  484:  jump *label215 always 0 0                                    BuilderController.mnd: elsif core.@coal <= container_a.@sand + container_a.@scrap then
        label *label262                                              ...
  485:  set :mineOre.1:ore @scrap                                    BuilderController.mnd: mineOre(@scrap, container_a);
  486:  set :mineOre.1:block A¨SSJh-container30                      ...
  487:  setaddr :mineOre.1*retaddr *label215                         ...
  488:  call *label39 *invalid :mineOre.1*retval                     ...
  489:  jump *label215 always 0 0                                    BuilderController.mnd: if titaniumDrill.@titanium < titaniumTrigger then
        label *label214                                              ...
  490:  write "Goal 11: Fetching titanium" processor2 ".status1"     Actions.mnd: displayProcessor.status1 = text;
  491:  set :fetchBlock:block .titaniumDrill                         BuilderController.mnd: fetchBlock(titaniumDrill, @titanium);
  492:  set :fetchBlock:item @titanium                               ...
  493:  setaddr :fetchBlock*retaddr *label267                        ...
  494:  call *label41 *invalid :fetchBlock*retval                    ...
        label *label267                                              ...
        label *label215                                              BuilderController.mnd: if titaniumDrill.@titanium < titaniumTrigger then
        label *label181                                              BuilderController.mnd: supplyBase0();
        label *label177                                              BuilderController.mnd: elsif processor.monos > 1 then
        label *label160                                              BuilderController.mnd: if thoriumContainer then
  495:  set :supplyBase*finished true                                BuilderController.mnd: export void supplyBase()
  496:  return :supplyBase*retaddr                                   ...
        label *label46                                               BuilderController.mnd: def targetMet()
  497:  sensor *tmp74 .core @silicon                                 BuilderController.mnd: if core.@silicon < targetSilicon then displayProcessor.missing = @silicon; return false; end;
  498:  jump *label269 greaterThanEq *tmp74 silicon                  ...
  499:  write @silicon processor2 ".missing"                         ...
  500:  set :targetMet*retval false                                  ...
  501:  return :targetMet*retaddr                                    ...
        label *label269                                              ...
  502:  sensor *tmp75 .core @copper                                  BuilderController.mnd: if core.@copper < targetCopper then displayProcessor.missing = @copper; return false; end;
  503:  jump *label271 greaterThanEq *tmp75 copper                   ...
  504:  write @copper processor2 ".missing"                          ...
  505:  set :targetMet*retval false                                  ...
  506:  return :targetMet*retaddr                                    ...
        label *label271                                              ...
  507:  sensor *tmp76 .core @lead                                    BuilderController.mnd: if core.@lead < targetLead then displayProcessor.missing = @lead; return false; end;
  508:  jump *label273 greaterThanEq *tmp76 lead                     ...
  509:  write @lead processor2 ".missing"                            ...
  510:  set :targetMet*retval false                                  ...
  511:  return :targetMet*retaddr                                    ...
        label *label273                                              ...
  512:  sensor *tmp77 .core @metaglass                               BuilderController.mnd: if core.@metaglass < targetMetaglass then displayProcessor.missing = @metaglass; return false; end;
  513:  jump *label275 greaterThanEq *tmp77 metaglass                ...
  514:  write @metaglass processor2 ".missing"                       ...
  515:  set :targetMet*retval false                                  ...
  516:  return :targetMet*retaddr                                    ...
        label *label275                                              ...
  517:  sensor *tmp78 .core @graphite                                BuilderController.mnd: if core.@graphite < targetGraphite then displayProcessor.missing = @graphite; return false; end;
  518:  jump *label277 greaterThanEq *tmp78 graphite                 ...
  519:  write @graphite processor2 ".missing"                        ...
  520:  set :targetMet*retval false                                  ...
  521:  return :targetMet*retaddr                                    ...
        label *label277                                              ...
  522:  sensor *tmp79 .core @titanium                                BuilderController.mnd: if core.@titanium < targetTitanium then displayProcessor.missing = @titanium; return false; end;
  523:  jump *label279 greaterThanEq *tmp79 titanium                 ...
  524:  write @titanium processor2 ".missing"                        ...
  525:  set :targetMet*retval false                                  ...
  526:  return :targetMet*retaddr                                    ...
        label *label279                                              ...
  527:  sensor *tmp80 .core @thorium                                 BuilderController.mnd: if core.@thorium < targetThorium then displayProcessor.missing = @thorium; return false; end;
  528:  jump *label281 greaterThanEq *tmp80 thorium                  ...
  529:  write @thorium processor2 ".missing"                         ...
  530:  set :targetMet*retval false                                  ...
  531:  return :targetMet*retaddr                                    ...
        label *label281                                              ...
  532:  set :targetMet*retval true                                   BuilderController.mnd: return true;
  533:  return :targetMet*retaddr                                    BuilderController.mnd: def targetMet()
        label *label14                                               BuilderController.mnd: export void meetTarget(block, copper, lead, graphite, silicon, titanium, metaglass, thorium, forBuild, isNoTarget)
  534:  setaddr :meetTarget*retaddr *label59                         ...
        label *label15                                               ...
  535:  op sign :meetTarget:count :meetTarget:copper 0               BuilderController.mnd: for var t in copper, lead, graphite, silicon, titanium, metaglass, thorium do count += sign(t); end;
  536:  op sign *tmp81 :meetTarget:lead 0                            ...
  537:  op add :meetTarget:count :meetTarget:count *tmp81            ...
  538:  op sign *tmp81 :meetTarget:graphite 0                        ...
  539:  op add :meetTarget:count :meetTarget:count *tmp81            ...
  540:  op sign *tmp81 :meetTarget:silicon 0                         ...
  541:  op add :meetTarget:count :meetTarget:count *tmp81            ...
  542:  op sign *tmp81 :meetTarget:titanium 0                        ...
  543:  op add :meetTarget:count :meetTarget:count *tmp81            ...
  544:  op sign *tmp81 :meetTarget:metaglass 0                       ...
  545:  op add :meetTarget:count :meetTarget:count *tmp81            ...
  546:  op sign *tmp81 :meetTarget:thorium 0                         ...
  547:  op add :meetTarget:count :meetTarget:count *tmp81            ...
  548:  write :meetTarget:count processor2 ".totalTargets"           BuilderController.mnd: displayProcessor.totalTargets = count;
  549:  write :meetTarget:block processor2 ".nextBlock"              BuilderController.mnd: displayProcessor.nextBlock = block;
  550:  write :meetTarget:copper processor2 ".targetCopper"          BuilderController.mnd: displayProcessor.targetCopper = copper;
  551:  write :meetTarget:lead processor2 ".targetLead"              BuilderController.mnd: displayProcessor.targetLead = lead;
  552:  write :meetTarget:graphite processor2 ".targetGraphite"      BuilderController.mnd: displayProcessor.targetGraphite = graphite;
  553:  write :meetTarget:silicon processor2 ".targetSilicon"        BuilderController.mnd: displayProcessor.targetSilicon = silicon;
  554:  write :meetTarget:titanium processor2 ".targetTitanium"      BuilderController.mnd: displayProcessor.targetTitanium = titanium;
  555:  write :meetTarget:metaglass processor2 ".targetMetaglass"    BuilderController.mnd: displayProcessor.targetMetaglass = metaglass;
  556:  write :meetTarget:thorium processor2 ".targetThorium"        BuilderController.mnd: displayProcessor.targetThorium = thorium;
  557:  set copper :meetTarget:copper                                BuilderController.mnd: targetCopper = copper;
  558:  op add lead :meetTarget:lead .leadSurplus                    BuilderController.mnd: targetLead = lead + leadSurplus;
  559:  set graphite :meetTarget:graphite                            BuilderController.mnd: targetGraphite = graphite;
  560:  set silicon :meetTarget:silicon                              BuilderController.mnd: targetSilicon = silicon;
  561:  set titanium :meetTarget:titanium                            BuilderController.mnd: targetTitanium = titanium;
  562:  set metaglass :meetTarget:metaglass                          BuilderController.mnd: targetMetaglass = metaglass;
  563:  set thorium :meetTarget:thorium                              BuilderController.mnd: targetThorium = thorium;
  564:  set .noTarget :meetTarget:isNoTarget                         BuilderController.mnd: noTarget = isNoTarget;
  565:  op add *tmp82 :meetTarget:graphite .graphiteSurplus          BuilderController.mnd: processor.pressTarget = graphite + graphiteSurplus;
  566:  write *tmp82 AÕFFJS-micro-processor9 ".pressTarget"          ...
  567:  op add *tmp83 :meetTarget:silicon .siliconSurplus            BuilderController.mnd: processor.smelterTarget = silicon + siliconSurplus;
  568:  write *tmp83 AÕFFJS-micro-processor9 ".smelterTarget"        ...
  569:  op add *tmp84 :meetTarget:metaglass .metaglassSurplus        BuilderController.mnd: processor.kilnTarget = metaglass + metaglassSurplus;
  570:  write *tmp84 AÕFFJS-micro-processor9 ".kilnTarget"           ...
  571:  op sign *tmp85 :meetTarget:silicon 0                         BuilderController.mnd: processor.siliconReserve = silicon + sign(silicon) * 20;
  572:  op mul *tmp86 *tmp85 20                                      ...
  573:  op add *tmp87 :meetTarget:silicon *tmp86                     ...
  574:  write *tmp87 AÕFFJS-micro-processor9 ".siliconReserve"       ...
  575:  op sign *tmp88 :meetTarget:graphite 0                        BuilderController.mnd: processor.graphiteReserve = graphite + sign(graphite) * 20;
  576:  op mul *tmp89 *tmp88 20                                      ...
  577:  op add *tmp90 :meetTarget:graphite *tmp89                    ...
  578:  write *tmp90 AÕFFJS-micro-processor9 ".graphiteReserve"      ...
  579:  write lead processor5 ".leadTarget"                          BuilderController.mnd: monoController.leadTarget = targetLead;
  580:  write :meetTarget:copper processor5 ".copperTarget"          BuilderController.mnd: monoController.copperTarget = targetCopper;
  581:  setaddr :targetMet*retaddr *label297                         BuilderController.mnd: while !targetMet() do
  582:  call *label46 *invalid :targetMet*retval                     ...
        label *label297                                              ...
  583:  jump *label296 notEqual :targetMet*retval false              ...
        label *label558                                              ...
  584:  setaddr :supplyBase*retaddr *label298                        BuilderController.mnd: supplyBase();
  585:  call *label13 *invalid :supplyBase*retval                    ...
        label *label298                                              ...
  586:  sensor *tmp74 .core @silicon                                 BuilderController.mnd: if core.@silicon < targetSilicon then displayProcessor.missing = @silicon; return false; end;
  587:  jump *label675 greaterThanEq *tmp74 silicon                  ...
  588:  write @silicon processor2 ".missing"                         ...
  589:  set :targetMet*retval false                                  ...
  590:  jump *label689 always 0 0                                    ...
        label *label675                                              ...
  591:  sensor *tmp75 .core @copper                                  BuilderController.mnd: if core.@copper < targetCopper then displayProcessor.missing = @copper; return false; end;
  592:  jump *label677 greaterThanEq *tmp75 copper                   ...
  593:  write @copper processor2 ".missing"                          ...
  594:  set :targetMet*retval false                                  ...
  595:  jump *label689 always 0 0                                    ...
        label *label677                                              ...
  596:  sensor *tmp76 .core @lead                                    BuilderController.mnd: if core.@lead < targetLead then displayProcessor.missing = @lead; return false; end;
  597:  jump *label679 greaterThanEq *tmp76 lead                     ...
  598:  write @lead processor2 ".missing"                            ...
  599:  set :targetMet*retval false                                  ...
  600:  jump *label689 always 0 0                                    ...
        label *label679                                              ...
  601:  sensor *tmp77 .core @metaglass                               BuilderController.mnd: if core.@metaglass < targetMetaglass then displayProcessor.missing = @metaglass; return false; end;
  602:  jump *label681 greaterThanEq *tmp77 metaglass                ...
  603:  write @metaglass processor2 ".missing"                       ...
  604:  set :targetMet*retval false                                  ...
  605:  jump *label689 always 0 0                                    ...
        label *label681                                              ...
  606:  sensor *tmp78 .core @graphite                                BuilderController.mnd: if core.@graphite < targetGraphite then displayProcessor.missing = @graphite; return false; end;
  607:  jump *label683 greaterThanEq *tmp78 graphite                 ...
  608:  write @graphite processor2 ".missing"                        ...
  609:  set :targetMet*retval false                                  ...
  610:  jump *label689 always 0 0                                    ...
        label *label683                                              ...
  611:  sensor *tmp79 .core @titanium                                BuilderController.mnd: if core.@titanium < targetTitanium then displayProcessor.missing = @titanium; return false; end;
  612:  jump *label685 greaterThanEq *tmp79 titanium                 ...
  613:  write @titanium processor2 ".missing"                        ...
  614:  set :targetMet*retval false                                  ...
  615:  jump *label689 always 0 0                                    ...
        label *label685                                              ...
  616:  sensor *tmp80 .core @thorium                                 BuilderController.mnd: if core.@thorium < targetThorium then displayProcessor.missing = @thorium; return false; end;
  617:  jump *label687 greaterThanEq *tmp80 thorium                  ...
  618:  write @thorium processor2 ".missing"                         ...
  619:  set :targetMet*retval false                                  ...
  620:  jump *label689 always 0 0                                    ...
        label *label687                                              ...
  621:  set :targetMet*retval true                                   BuilderController.mnd: return true;
        label *label689                                              BuilderController.mnd: def targetMet()
  622:  jump *label558 equal :targetMet*retval false                 BuilderController.mnd: while !targetMet() do
        label *label296                                              ...
  623:  jump *label299 equal :meetTarget:forBuild false              BuilderController.mnd: if forBuild then
  624:  write false AÕFFJS-micro-processor9 ":buildStart*finished"   BuilderController.mnd: processor.buildStart();
  625:  write 1 AÕFFJS-micro-processor9 "@counter"                   ...
        label *label301                                              ...
  626:  wait 0                                                       ...
  627:  read *tmp91 AÕFFJS-micro-processor9 ":buildStart*finished"   ...
  628:  jump *label301 equal *tmp91 false                            ...
  629:  setaddr :targetMet*retaddr *label305                         BuilderController.mnd: while !targetMet() do
  630:  call *label46 *invalid :targetMet*retval                     ...
        label *label305                                              ...
  631:  jump *label304 notEqual :targetMet*retval false              ...
        label *label576                                              ...
  632:  setaddr :supplyBase*retaddr *label306                        BuilderController.mnd: supplyBase();
  633:  call *label13 *invalid :supplyBase*retval                    ...
        label *label306                                              ...
  634:  setaddr :targetMet*retaddr *label575                         BuilderController.mnd: while !targetMet() do
  635:  call *label46 *invalid :targetMet*retval                     ...
        label *label575                                              ...
  636:  jump *label576 equal :targetMet*retval false                 ...
        label *label304                                              ...
        label *label299                                              BuilderController.mnd: if forBuild then
  637:  set :meetTarget*finished true                                BuilderController.mnd: export void meetTarget(block, copper, lead, graphite, silicon, titanium, metaglass, thorium, forBuild, isNoTarget)
  638:  return :meetTarget*retaddr                                   ...
        label *label16                                               BuilderController.mnd: export void meetTargetCfg(cfg, forBuild)
  639:  setaddr :meetTargetCfg*retaddr *label59                      ...
        label *label17                                               ...
  640:  set :unpackCfg:cfg :meetTargetCfg:cfg                        BuilderController.mnd: unpackCfg(cfg, out type, , , out cu, out pb, out gr, out si, out ti, out mg, out th);
  641:  setaddr :unpackCfg*retaddr *label308                         ...
  642:  call *label45 *invalid :unpackCfg*retval                     ...
        label *label308                                              ...
  643:  set :meetTarget:block :unpackCfg:type                        BuilderController.mnd: meetTarget(type, cu, pb, gr, si, ti, mg, th, forBuild, false);
  644:  set :meetTarget:copper :unpackCfg:cu                         ...
  645:  set :meetTarget:lead :unpackCfg:pb                           ...
  646:  set :meetTarget:graphite :unpackCfg:gr                       ...
  647:  set :meetTarget:silicon :unpackCfg:si                        ...
  648:  set :meetTarget:titanium :unpackCfg:ti                       ...
  649:  set :meetTarget:metaglass :unpackCfg:mg                      ...
  650:  set :meetTarget:thorium :unpackCfg:th                        ...
  651:  set :meetTarget:forBuild :meetTargetCfg:forBuild             ...
  652:  set :meetTarget:isNoTarget false                             ...
  653:  setaddr :meetTarget*retaddr *label309                        ...
  654:  call *label15 *invalid :meetTarget*retval                    ...
        label *label309                                              ...
  655:  set :meetTargetCfg*finished true                             BuilderController.mnd: export void meetTargetCfg(cfg, forBuild)
  656:  return :meetTargetCfg*retaddr                                ...
        label *label47                                               BuilderController.mnd: def buildBlock(block, x, y, copper, lead, graphite, silicon, titanium, metaglass, thorium, rotation, config, index)
  657:  op notEqual *tmp92 AÕFFJS-micro-processor9 null              BuilderController.mnd: meetTarget(block, copper, lead, graphite, silicon, titanium, metaglass, thorium, processor != null, false);
  658:  set :meetTarget:block :buildBlock:block                      ...
  659:  set :meetTarget:copper :buildBlock:copper                    ...
  660:  set :meetTarget:lead :buildBlock:lead                        ...
  661:  set :meetTarget:graphite :buildBlock:graphite                ...
  662:  set :meetTarget:silicon :buildBlock:silicon                  ...
  663:  set :meetTarget:titanium :buildBlock:titanium                ...
  664:  set :meetTarget:metaglass :buildBlock:metaglass              ...
  665:  set :meetTarget:thorium :buildBlock:thorium                  ...
  666:  set :meetTarget:forBuild *tmp92                              ...
  667:  set :meetTarget:isNoTarget false                             ...
  668:  setaddr :meetTarget*retaddr *label311                        ...
  669:  call *label15 *invalid :meetTarget*retval                    ...
        label *label311                                              ...
  670:  set :buildBlockAt:block :buildBlock:block                    BuilderController.mnd: var built = buildBlockAt(block, x, y, rotation, config, index);
  671:  set :buildBlockAt:x :buildBlock:x                            ...
  672:  set :buildBlockAt:y :buildBlock:y                            ...
  673:  set :buildBlockAt:rotation :buildBlock:rotation              ...
  674:  set :buildBlockAt:config :buildBlock:config                  ...
  675:  set :buildBlockAt:index :buildBlock:index                    ...
  676:  setaddr :buildBlockAt*retaddr *label312                      ...
  677:  call *label23 *invalid :buildBlockAt*retval                  ...
        label *label312                                              ...
  678:  write false AÕFFJS-micro-processor9 ":buildStop*finished"    BuilderController.mnd: async(processor.buildStop());
  679:  write 2 AÕFFJS-micro-processor9 "@counter"                   ...
  680:  set :buildBlock*retval :buildBlockAt*retval                  BuilderController.mnd: return built;
  681:  return :buildBlock*retaddr                                   BuilderController.mnd: def buildBlock(block, x, y, copper, lead, graphite, silicon, titanium, metaglass, thorium, rotation, config, index)
        label *label18                                               BuilderController.mnd: export def buildRemoteBlock(cfg, x, y)
  682:  op add *tmp93 :buildRemoteBlock:x :buildRemoteBlock:y        BuilderController.mnd: if x + y > 0 then
  683:  jump *label314 lessThanEq *tmp93 0                           ...
  684:  set :unpackCfg:cfg :buildRemoteBlock:cfg                     BuilderController.mnd: unpackCfg(cfg, out type, , , out cu, out pb, out gr, out si, out ti, out mg, out th, out rotation, , out index);
  685:  setaddr :unpackCfg*retaddr *label316                         ...
  686:  call *label45 *invalid :unpackCfg*retval                     ...
        label *label316                                              ...
  687:  set :buildBlock:block :unpackCfg:type                        BuilderController.mnd: return buildBlock(type, x, y, cu, pb, gr, si, ti, mg, th, rotation, null, index);
  688:  set :buildBlock:x :buildRemoteBlock:x                        ...
  689:  set :buildBlock:y :buildRemoteBlock:y                        ...
  690:  set :buildBlock:copper :unpackCfg:cu                         ...
  691:  set :buildBlock:lead :unpackCfg:pb                           ...
  692:  set :buildBlock:graphite :unpackCfg:gr                       ...
  693:  set :buildBlock:silicon :unpackCfg:si                        ...
  694:  set :buildBlock:titanium :unpackCfg:ti                       ...
  695:  set :buildBlock:metaglass :unpackCfg:mg                      ...
  696:  set :buildBlock:thorium :unpackCfg:th                        ...
  697:  set :buildBlock:rotation :unpackCfg:rotation                 ...
  698:  set :buildBlock:config null                                  ...
  699:  set :buildBlock:index :unpackCfg:ind                         ...
  700:  setaddr :buildBlock*retaddr *label317                        ...
  701:  call *label47 *invalid :buildBlock*retval                    ...
        label *label317                                              ...
  702:  set :buildRemoteBlock*retval :buildBlock*retval              ...
  703:  jump *label313 always 0 0                                    ...
        label *label314                                              BuilderController.mnd: if x + y > 0 then
  704:  set :buildRemoteBlock*retval false                           BuilderController.mnd: return false;
        label *label313                                              BuilderController.mnd: export def buildRemoteBlock(cfg, x, y)
  705:  set :buildRemoteBlock*finished true                          ...
  706:  jump *label59 always 0 0                                     ...
        label *label20                                               BuilderController.mnd: export def buildBlockFromCfg(cfg, config)
  707:  set :unpackCfg:cfg :buildBlockFromCfg:cfg                    BuilderController.mnd: unpackCfg(cfg, out type, out x, out y, out cu, out pb, out gr, out si, out ti, out mg, out th, out rotation, , out index);
  708:  setaddr :unpackCfg*retaddr *label319                         ...
  709:  call *label45 *invalid :unpackCfg*retval                     ...
        label *label319                                              ...
  710:  op add *tmp94 .coreX :unpackCfg:x                            BuilderController.mnd: var building = buildBlock(type, coreX + x, coreY + y, cu, pb, gr, si, ti, mg, th, rotation, config, index);
  711:  op add *tmp95 .coreY :unpackCfg:y                            ...
  712:  set :buildBlock:block :unpackCfg:type                        ...
  713:  set :buildBlock:x *tmp94                                     ...
  714:  set :buildBlock:y *tmp95                                     ...
  715:  set :buildBlock:copper :unpackCfg:cu                         ...
  716:  set :buildBlock:lead :unpackCfg:pb                           ...
  717:  set :buildBlock:graphite :unpackCfg:gr                       ...
  718:  set :buildBlock:silicon :unpackCfg:si                        ...
  719:  set :buildBlock:titanium :unpackCfg:ti                       ...
  720:  set :buildBlock:metaglass :unpackCfg:mg                      ...
  721:  set :buildBlock:thorium :unpackCfg:th                        ...
  722:  set :buildBlock:rotation :unpackCfg:rotation                 ...
  723:  set :buildBlock:config :buildBlockFromCfg:config             ...
  724:  set :buildBlock:index :unpackCfg:ind                         ...
  725:  setaddr :buildBlock*retaddr *label320                        ...
  726:  call *label47 *invalid :buildBlock*retval                    ...
        label *label320                                              ...
  727:  write :buildBlock*retval @this :buildBlockFromCfg:cfg        BuilderController.mnd: @this.write(building, cfg);
  728:  write :buildBlock*retval processor2 :buildBlockFromCfg:cfg   BuilderController.mnd: displayProcessor.write(building, cfg);
  729:  write :buildBlock*retval AÕFFJS-micro-processor9 :buildBlock BuilderController.mnd: processor.write(building, cfg);
  730:  write :buildBlock*retval processor1 :buildBlockFromCfg:cfg   BuilderController.mnd: baseBuilder.write(building, cfg);
  731:  set :buildBlockFromCfg*retval :buildBlock*retval             BuilderController.mnd: return building;
  732:  set :buildBlockFromCfg*finished true                         BuilderController.mnd: export def buildBlockFromCfg(cfg, config)
  733:  jump *label59 always 0 0                                     ...
        label *label22                                               BuilderController.mnd: export def buildBlockAt(block, x, y, rotation, config, index)
  734:  setaddr :buildBlockAt*retaddr *label59                       ...
        label *label23                                               ...
  735:  write "Moving..." processor2 ".status3"                      Actions.mnd: displayProcessor.status3 = text;
  736:  ucontrol within :buildBlockAt:x :buildBlockAt:y 6 *tmp4 0    Actions.mnd: while !within(x, y, radius) do
  737:  jump *label664 notEqual *tmp4 false                          ...
        label *label662                                              ...
  738:  ucontrol approach :buildBlockAt:x :buildBlockAt:y 5.5 0 0    Actions.mnd: approach(x, y, radius - 0.5);
  739:  ucontrol within :buildBlockAt:x :buildBlockAt:y 6 *tmp4 0    Actions.mnd: while !within(x, y, radius) do
  740:  jump *label662 equal *tmp4 false                             ...
        label *label664                                              ...
  741:  ucontrol getBlock :buildBlockAt:x :buildBlockAt:y :buildBloc BuilderController.mnd: var building = getBlock(x, y, out type);
  742:  jump *label324 equal :buildBlockAt:building null             BuilderController.mnd: if building != null then
  743:  jump *label326 notEqual :buildBlockAt:type :buildBlockAt:blo BuilderController.mnd: if type == block then return building; end;
  744:  set :buildBlockAt*retval :buildBlockAt:building              ...
  745:  jump *label321 always 0 0                                    ...
        label *label326                                              ...
  746:  error "Cannot build $block at position ($x, $y): $type is al BuilderController.mnd: error("Cannot build $block at position ($x, $y): $type is already there.");
        label *label324                                              BuilderController.mnd: if building != null then
  746:  ucontrol build :buildBlockAt:x :buildBlockAt:y :buildBlockAt BuilderController.mnd: build(x, y, block, rotation, config);
  747:  wait 0.25                                                    BuilderController.mnd: wait(0.25);
  748:  set :buildBlockAt:success false                              BuilderController.mnd: var success = false;
        label *label328                                              BuilderController.mnd: do
  749:  ucontrol build :buildBlockAt:x :buildBlockAt:y :buildBlockAt BuilderController.mnd: build(x, y, block, rotation, config);
  750:  ucontrol getBlock :buildBlockAt:x :buildBlockAt:y :buildBloc BuilderController.mnd: building = getBlock(x, y, out type);
  751:  jump *label331 notEqual :buildBlockAt:building null          BuilderController.mnd: if building == null and !success then
  752:  jump *label331 notEqual :buildBlockAt:success false          ...
  753:  error "Error while building $block at $x, $y: $type was foun BuilderController.mnd: error("Error while building $block at $x, $y: $type was found.");
  753:  jump *label332 always 0 0                                    BuilderController.mnd: if building == null and !success then
        label *label331                                              ...
  754:  set :buildBlockAt:success true                               BuilderController.mnd: success = true;
        label *label332                                              BuilderController.mnd: if building == null and !success then
  755:  jump *label335 notEqual :buildBlockAt:block @multiplicative- BuilderController.mnd: if block == @multiplicative-reconstructor then
  756:  control enabled processor6 false 0 0 0                       BuilderController.mnd: polyController.enabled = false;     // Brutal, but effective :)
  757:  ubind @poly                                                  BuilderController.mnd: ubind(@poly);
  758:  jump *label337 equal @unit .builder                          BuilderController.mnd: if @unit != builder then
  759:  ucontrol approach :buildBlockAt:x :buildBlockAt:y 6 0 0      BuilderController.mnd: approach(x, y, RADIUS);
  760:  ucontrol build :buildBlockAt:x :buildBlockAt:y :buildBlockAt BuilderController.mnd: build(x, y, block, rotation, config);
        label *label337                                              BuilderController.mnd: if @unit != builder then
        label *label335                                              BuilderController.mnd: if block == @multiplicative-reconstructor then
  761:  jump *label328 notEqual :buildBlockAt:type :buildBlockAt:blo BuilderController.mnd: do
  762:  control enabled processor6 true 0 0 0                        BuilderController.mnd: polyController.enabled = true;
  763:  ubind .builder                                               BuilderController.mnd: ubind(builder);
  764:  sensor :log:encodedId :buildBlockAt:block @id                BuilderController.mnd: log(block.@id);
  765:  read *tmp96 bank1 511                                        BuilderController.mnd: oreLogMemory[--logPosition] = encodedId + TIME * 1000;
  766:  op sub *tmp97 *tmp96 1                                       ...
  767:  write *tmp97 bank1 511                                       ...
  768:  read *tmp99 processor7 "time"                                ...
  769:  op mul *tmp98 *tmp99 1000                                    ...
  770:  op add *tmp100 :log:encodedId *tmp98                         ...
  771:  write *tmp100 bank1 *tmp97                                   ...
  772:  jump *label341 lessThan :buildBlockAt:index 0                BuilderController.mnd: if index >= 0 and index < length(BLOCKS) then
  773:  jump *label341 greaterThanEq :buildBlockAt:index 36          ...
  774:  op shl *tmp101 1 :buildBlockAt:index                         BuilderController.mnd: displayProcessor.blocksBuilt |= (1 << index);
  775:  read *tmp102 processor2 ".blocksBuilt"                       ...
  776:  op or *tmp103 *tmp102 *tmp101                                ...
  777:  write *tmp103 processor2 ".blocksBuilt"                      ...
  778:  write :buildBlockAt:index processor2 ".recentBuildIndex"     BuilderController.mnd: displayProcessor.recentBuildIndex = index;
        label *label341                                              BuilderController.mnd: if index >= 0 and index < length(BLOCKS) then
  779:  set :buildBlockAt*retval :buildBlockAt:building              BuilderController.mnd: return building;
        label *label321                                              BuilderController.mnd: export def buildBlockAt(block, x, y, rotation, config, index)
  780:  set :buildBlockAt*finished true                              ...
  781:  return :buildBlockAt*retaddr                                 ...
        label *label24                                               BuilderController.mnd: export def buildFirstTitaniumDrillAt(x, y)
  782:  set :buildBlockAt:block @pneumatic-drill                     BuilderController.mnd: var drill = buildBlockAt(@pneumatic-drill, x, y, 0, null, -1);
  783:  set :buildBlockAt:x :buildFirstTitaniumDrillAt:x             ...
  784:  set :buildBlockAt:y :buildFirstTitaniumDrillAt:y             ...
  785:  set :buildBlockAt:rotation 0                                 ...
  786:  set :buildBlockAt:config null                                ...
  787:  set :buildBlockAt:index -1                                   ...
  788:  setaddr :buildBlockAt*retaddr *label346                      ...
  789:  call *label23 *invalid :buildBlockAt*retval                  ...
        label *label346                                              ...
  790:  write :buildBlockAt*retval processor4 ":addTitaniumDrill:dri BuilderController.mnd: flareController.addTitaniumDrill(drill);
  791:  write false processor4 ":addTitaniumDrill*finished"          ...
  792:  write 1 processor4 "@counter"                                ...
        label *label347                                              ...
  793:  wait 0                                                       ...
  794:  read *tmp104 processor4 ":addTitaniumDrill*finished"         ...
  795:  jump *label347 equal *tmp104 false                           ...
  796:  set :buildFirstTitaniumDrillAt*retval :buildBlockAt*retval   BuilderController.mnd: return drill;
  797:  set :buildFirstTitaniumDrillAt*finished true                 BuilderController.mnd: export def buildFirstTitaniumDrillAt(x, y)
  798:  jump *label59 always 0 0                                     ...
        label *label49                                               BuilderController.mnd: def buildTitaniumDrill(x, y, in out count, in out tiles)
  799:  jump *label356 greaterThanEq :buildTitaniumDrill:count .MAX_ BuilderController.mnd: if count < MAX_COUNT then
  800:  jump *label358 greaterThanEq :buildTitaniumDrill:tiles .MAX_ BuilderController.mnd: if tiles < MAX_TILES then
  801:  write "Moving..." processor2 ".status3"                      Actions.mnd: displayProcessor.status3 = text;
  802:  ucontrol within :buildTitaniumDrill:x :buildTitaniumDrill:y  Actions.mnd: while !within(x, y, radius) do
  803:  jump *label672 notEqual *tmp4 false                          ...
        label *label670                                              ...
  804:  ucontrol approach :buildTitaniumDrill:x :buildTitaniumDrill: Actions.mnd: approach(x, y, radius - 0.5);
  805:  ucontrol within :buildTitaniumDrill:x :buildTitaniumDrill:y  Actions.mnd: while !within(x, y, radius) do
  806:  jump *label670 equal *tmp4 false                             ...
        label *label672                                              ...
  807:  set .positive 0                                              BuilderController.mnd: positive = 0; negative = 0;
  808:  set .negative 0                                              ...
  809:  op sub *tmp105 :buildTitaniumDrill:x 0.5                     BuilderController.mnd: titaniumDrillScore(x - 0.5, y - 0.5, in out positive, in out negative);
  810:  op sub *tmp106 :buildTitaniumDrill:y 0.5                     ...
  811:  set :titaniumDrillScore:positive .positive                   ...
  812:  set :titaniumDrillScore:negative .negative                   ...
  813:  ucontrol getBlock *tmp105 *tmp106 0 0 :getFloor:floor        BuilderController.mnd: getBlock(x, y, , out floor);
  814:  jump *label693 notEqual :getFloor:floor @ore-titanium        BuilderController.mnd: case getFloor(x, y)
  815:  op add :titaniumDrillScore:positive :titaniumDrillScore:posi ...
  816:  jump *label696 always 0 0                                    ...
        label *label693                                              ...
  817:  jump *label694 equal :getFloor:floor @ore-copper             ...
  818:  jump *label694 equal :getFloor:floor @ore-lead               ...
  819:  jump *label694 equal :getFloor:floor @ore-scrap              ...
  820:  jump *label695 notEqual :getFloor:floor @ore-coal            ...
        label *label694                                              ...
  821:  op add :titaniumDrillScore:negative :titaniumDrillScore:nega ...
        label *label695                                              ...
        label *label696                                              ...
  822:  set .positive :titaniumDrillScore:positive                   BuilderController.mnd: titaniumDrillScore(x - 0.5, y - 0.5, in out positive, in out negative);
  823:  set .negative :titaniumDrillScore:negative                   ...
  824:  op add *tmp107 :buildTitaniumDrill:y 0.5                     BuilderController.mnd: titaniumDrillScore(x - 0.5, y + 0.5, in out positive, in out negative);
  825:  set :titaniumDrillScore:positive .positive                   ...
  826:  set :titaniumDrillScore:negative .negative                   ...
  827:  ucontrol getBlock *tmp105 *tmp107 0 0 :getFloor:floor        BuilderController.mnd: getBlock(x, y, , out floor);
  828:  jump *label701 notEqual :getFloor:floor @ore-titanium        BuilderController.mnd: case getFloor(x, y)
  829:  op add :titaniumDrillScore:positive :titaniumDrillScore:posi ...
  830:  jump *label704 always 0 0                                    ...
        label *label701                                              ...
  831:  jump *label702 equal :getFloor:floor @ore-copper             ...
  832:  jump *label702 equal :getFloor:floor @ore-lead               ...
  833:  jump *label702 equal :getFloor:floor @ore-scrap              ...
  834:  jump *label703 notEqual :getFloor:floor @ore-coal            ...
        label *label702                                              ...
  835:  op add :titaniumDrillScore:negative :titaniumDrillScore:nega ...
        label *label703                                              ...
        label *label704                                              ...
  836:  set .positive :titaniumDrillScore:positive                   BuilderController.mnd: titaniumDrillScore(x - 0.5, y + 0.5, in out positive, in out negative);
  837:  set .negative :titaniumDrillScore:negative                   ...
  838:  op add *tmp108 :buildTitaniumDrill:x 0.5                     BuilderController.mnd: titaniumDrillScore(x + 0.5, y - 0.5, in out positive, in out negative);
  839:  set :titaniumDrillScore:positive .positive                   ...
  840:  set :titaniumDrillScore:negative .negative                   ...
  841:  ucontrol getBlock *tmp108 *tmp106 0 0 :getFloor:floor        BuilderController.mnd: getBlock(x, y, , out floor);
  842:  jump *label709 notEqual :getFloor:floor @ore-titanium        BuilderController.mnd: case getFloor(x, y)
  843:  op add :titaniumDrillScore:positive :titaniumDrillScore:posi ...
  844:  jump *label712 always 0 0                                    ...
        label *label709                                              ...
  845:  jump *label710 equal :getFloor:floor @ore-copper             ...
  846:  jump *label710 equal :getFloor:floor @ore-lead               ...
  847:  jump *label710 equal :getFloor:floor @ore-scrap              ...
  848:  jump *label711 notEqual :getFloor:floor @ore-coal            ...
        label *label710                                              ...
  849:  op add :titaniumDrillScore:negative :titaniumDrillScore:nega ...
        label *label711                                              ...
        label *label712                                              ...
  850:  set .positive :titaniumDrillScore:positive                   BuilderController.mnd: titaniumDrillScore(x + 0.5, y - 0.5, in out positive, in out negative);
  851:  set .negative :titaniumDrillScore:negative                   ...
  852:  set :titaniumDrillScore:positive .positive                   BuilderController.mnd: titaniumDrillScore(x + 0.5, y + 0.5, in out positive, in out negative);
  853:  set :titaniumDrillScore:negative .negative                   ...
  854:  ucontrol getBlock *tmp108 *tmp107 0 0 :getFloor:floor        BuilderController.mnd: getBlock(x, y, , out floor);
  855:  jump *label717 notEqual :getFloor:floor @ore-titanium        BuilderController.mnd: case getFloor(x, y)
  856:  op add :titaniumDrillScore:positive :titaniumDrillScore:posi ...
  857:  jump *label720 always 0 0                                    ...
        label *label717                                              ...
  858:  jump *label718 equal :getFloor:floor @ore-copper             ...
  859:  jump *label718 equal :getFloor:floor @ore-lead               ...
  860:  jump *label718 equal :getFloor:floor @ore-scrap              ...
  861:  jump *label719 notEqual :getFloor:floor @ore-coal            ...
        label *label718                                              ...
  862:  op add :titaniumDrillScore:negative :titaniumDrillScore:nega ...
        label *label719                                              ...
        label *label720                                              ...
  863:  set .positive :titaniumDrillScore:positive                   BuilderController.mnd: titaniumDrillScore(x + 0.5, y + 0.5, in out positive, in out negative);
  864:  set .negative :titaniumDrillScore:negative                   ...
  865:  op greaterThan *tmp109 .positive .negative                   BuilderController.mnd: if positive > negative && positive >= 2 then
  866:  op greaterThanEq *tmp110 .positive 2                         ...
  867:  op land *tmp111 *tmp109 *tmp110                              ...
  868:  jump *label366 equal *tmp111 false                           ...
  869:  set :meetTargetCfg:cfg "AJJJ~-pneumatic-drill52"            BuilderController.mnd: meetTargetCfg(PNEUMATIC_DRILL, true);
  870:  set :meetTargetCfg:forBuild true                             ...
  871:  setaddr :meetTargetCfg*retaddr *label368                     ...
  872:  call *label17 *invalid :meetTargetCfg*retval                 ...
        label *label368                                              ...
  873:  set :buildBlockAt:block @pneumatic-drill                     BuilderController.mnd: var drill = buildBlockAt(@pneumatic-drill, x, y, null, 0, -1);
  874:  set :buildBlockAt:x :buildTitaniumDrill:x                    ...
  875:  set :buildBlockAt:y :buildTitaniumDrill:y                    ...
  876:  set :buildBlockAt:rotation null                              ...
  877:  set :buildBlockAt:config 0                                   ...
  878:  set :buildBlockAt:index -1                                   ...
  879:  setaddr :buildBlockAt*retaddr *label369                      ...
  880:  call *label23 *invalid :buildBlockAt*retval                  ...
        label *label369                                              ...
  881:  jump *label370 equal :buildBlockAt*retval null               BuilderController.mnd: if drill != null then
  882:  write :buildBlockAt*retval processor4 ":addTitaniumDrill:dri BuilderController.mnd: flareController.addTitaniumDrill(drill);
  883:  write false processor4 ":addTitaniumDrill*finished"          ...
  884:  write 1 processor4 "@counter"                                ...
        label *label372                                              ...
  885:  wait 0                                                       ...
  886:  read *tmp112 processor4 ":addTitaniumDrill*finished"         ...
  887:  jump *label372 equal *tmp112 false                           ...
  888:  op add :buildTitaniumDrill:count :buildTitaniumDrill:count 1 BuilderController.mnd: setFlareTarget(++count);
  889:  op min *tmp113 :buildTitaniumDrill:count 8                   BuilderController.mnd: processor.flareTarget = min(target, 8);
  890:  write *tmp113 AÕFFJS-micro-processor9 ".flareTarget"         ...
  891:  op add :buildTitaniumDrill:tiles :buildTitaniumDrill:tiles . BuilderController.mnd: tiles += positive;
  892:  set :buildTitaniumDrill*retval .positive                     BuilderController.mnd: return positive;
  893:  return :buildTitaniumDrill*retaddr                           ...
        label *label370                                              BuilderController.mnd: if drill != null then
        label *label366                                              BuilderController.mnd: if positive > negative && positive >= 2 then
        label *label358                                              BuilderController.mnd: if tiles < MAX_TILES then
        label *label356                                              BuilderController.mnd: if count < MAX_COUNT then
  894:  set :buildTitaniumDrill*retval 0                             BuilderController.mnd: return 0;
  895:  return :buildTitaniumDrill*retaddr                           BuilderController.mnd: def buildTitaniumDrill(x, y, in out count, in out tiles)
        label *label26                                               BuilderController.mnd: export void buildTitaniumDrills(current)
  896:  set :buildTitaniumDrills:count 1                             BuilderController.mnd: var count = 1;
  897:  set :buildTitaniumDrills:tiles 0                             BuilderController.mnd: var tiles = 0;
  898:  jump *label375 equal .scrap false                            BuilderController.mnd: if scrap then MAX_TILES += 2; end;
  899:  op add .MAX_TILES .MAX_TILES 2                               ...
        label *label375                                              ...
  900:  wait 0.0001                                                  BuilderController.mnd: wait(1e-4);
  901:  wait 0.0001                                                  BuilderController.mnd: wait(1e-4);
        label *label377                                              BuilderController.mnd: do
  902:  read *tmp114 processor3 ".locations"                         BuilderController.mnd: while current < oreLocator.locations do
  903:  jump *label382 greaterThanEq :buildTitaniumDrills:current *t ...
        label *label607                                              ...
  904:  op mul :buildTitaniumDrills:index :buildTitaniumDrills:curre BuilderController.mnd: var index = current * 4;
  905:  op add *tmp115 :buildTitaniumDrills:index 1                  BuilderController.mnd: var size = oreLogMemory[index + 1];
  906:  read :buildTitaniumDrills:size bank1 *tmp115                 ...
  907:  jump *label383 lessThan :buildTitaniumDrills:size 3          BuilderController.mnd: if size >= 3 then
  908:  op add *tmp116 :buildTitaniumDrills:index 2                  BuilderController.mnd: var x = oreLogMemory[index + 2];
  909:  read :buildTitaniumDrills:x bank1 *tmp116                    ...
  910:  op add *tmp117 :buildTitaniumDrills:index 3                  BuilderController.mnd: var y = oreLogMemory[index + 3];
  911:  read :buildTitaniumDrills:y bank1 *tmp117                    ...
  912:  op sub *tmp118 :buildTitaniumDrills:x 1                      BuilderController.mnd: var built = buildTitaniumDrill(x - 1, y - 1, in out count, in out tiles)
  913:  op sub *tmp119 :buildTitaniumDrills:y 1                      ...
  914:  set :buildTitaniumDrill:x *tmp118                            ...
  915:  set :buildTitaniumDrill:y *tmp119                            ...
  916:  set :buildTitaniumDrill:count :buildTitaniumDrills:count     ...
  917:  set :buildTitaniumDrill:tiles :buildTitaniumDrills:tiles     ...
  918:  setaddr :buildTitaniumDrill*retaddr *label385                ...
  919:  call *label49 *invalid :buildTitaniumDrill*retval            ...
        label *label385                                              ...
  920:  set :buildTitaniumDrills:count :buildTitaniumDrill:count     ...
  921:  set :buildTitaniumDrills:tiles :buildTitaniumDrill:tiles     ...
  922:  set *tmp120 :buildTitaniumDrill*retval                       ...
  923:  op add *tmp121 :buildTitaniumDrills:x 1                      BuilderController.mnd: + buildTitaniumDrill(x + 1, y - 1, in out count, in out tiles)
  924:  op sub *tmp122 :buildTitaniumDrills:y 1                      ...
  925:  set :buildTitaniumDrill:x *tmp121                            ...
  926:  set :buildTitaniumDrill:y *tmp122                            ...
  927:  setaddr :buildTitaniumDrill*retaddr *label386                ...
  928:  call *label49 *invalid :buildTitaniumDrill*retval            ...
        label *label386                                              ...
  929:  set :buildTitaniumDrills:count :buildTitaniumDrill:count     ...
  930:  set :buildTitaniumDrills:tiles :buildTitaniumDrill:tiles     ...
  931:  op add *tmp123 *tmp120 :buildTitaniumDrill*retval            ...
  932:  op sub *tmp124 :buildTitaniumDrills:x 1                      BuilderController.mnd: + buildTitaniumDrill(x - 1, y + 1, in out count, in out tiles)
  933:  op add *tmp125 :buildTitaniumDrills:y 1                      ...
  934:  set :buildTitaniumDrill:x *tmp124                            ...
  935:  set :buildTitaniumDrill:y *tmp125                            ...
  936:  setaddr :buildTitaniumDrill*retaddr *label387                ...
  937:  call *label49 *invalid :buildTitaniumDrill*retval            ...
        label *label387                                              ...
  938:  set :buildTitaniumDrills:count :buildTitaniumDrill:count     ...
  939:  set :buildTitaniumDrills:tiles :buildTitaniumDrill:tiles     ...
  940:  op add *tmp126 *tmp123 :buildTitaniumDrill*retval            ...
  941:  op add *tmp127 :buildTitaniumDrills:x 1                      BuilderController.mnd: + buildTitaniumDrill(x + 1, y + 1, in out count, in out tiles);
  942:  op add *tmp128 :buildTitaniumDrills:y 1                      ...
  943:  set :buildTitaniumDrill:x *tmp127                            ...
  944:  set :buildTitaniumDrill:y *tmp128                            ...
  945:  setaddr :buildTitaniumDrill*retaddr *label388                ...
  946:  call *label49 *invalid :buildTitaniumDrill*retval            ...
        label *label388                                              ...
  947:  set :buildTitaniumDrills:count :buildTitaniumDrill:count     ...
  948:  set :buildTitaniumDrills:tiles :buildTitaniumDrill:tiles     ...
  949:  op add :buildTitaniumDrills:built *tmp126 :buildTitaniumDril ...
  950:  jump *label389 notEqual :buildTitaniumDrills:built 0         BuilderController.mnd: if built == 0 then
  951:  set :buildTitaniumDrill:x :buildTitaniumDrills:x             BuilderController.mnd: built = buildTitaniumDrill(x, y, in out count, in out tiles);
  952:  set :buildTitaniumDrill:y :buildTitaniumDrills:y             ...
  953:  setaddr :buildTitaniumDrill*retaddr *label391                ...
  954:  call *label49 *invalid :buildTitaniumDrill*retval            ...
        label *label391                                              ...
  955:  set :buildTitaniumDrills:count :buildTitaniumDrill:count     ...
  956:  set :buildTitaniumDrills:tiles :buildTitaniumDrill:tiles     ...
  957:  set :buildTitaniumDrills:built :buildTitaniumDrill*retval    ...
        label *label389                                              BuilderController.mnd: if built == 0 then
        label *label383                                              BuilderController.mnd: if size >= 3 then
  958:  op add :buildTitaniumDrills:current :buildTitaniumDrills:cur BuilderController.mnd: while current < oreLocator.locations do
  959:  read *tmp114 processor3 ".locations"                         ...
  960:  jump *label607 lessThan :buildTitaniumDrills:current *tmp114 ...
        label *label382                                              ...
  961:  jump *label379 greaterThanEq :buildTitaniumDrills:tiles .MAX BuilderController.mnd: if tiles >= MAX_TILES then break; end;
  962:  jump *label379 greaterThanEq :buildTitaniumDrills:count .MAX BuilderController.mnd: if count >= MAX_COUNT then break; end;
  963:  read *tmp129 processor3 ".searchFinished"                    BuilderController.mnd: while !oreLocator.searchFinished;
  964:  jump *label377 equal *tmp129 false                           BuilderController.mnd: do
        label *label379                                              ...
  965:  set :buildTitaniumDrills*finished true                       BuilderController.mnd: export void buildTitaniumDrills(current)
  966:  jump *label59 always 0 0                                     ...


Code size and number of instantiations by function:
  Size  Times  AvgSize  Function
   137     1x    137,0  inline void supplyBase0()
   109     3x     36,3  def targetMet()
    72     1x     72,0  export void buildTitaniumDrills(in current)
    69     1x     69,0  export void meetTarget(in block, in copper, in lead, in graphite, in silicon, in titanium, in metaglass, in thorium, in forBuild, in isNoTarget)
    53     1x     53,0  def buildTitaniumDrill(in x, in y, in out count, in out tiles)
    42     1x     42,0  <no function>
    42     3x     14,0  void depositItems(in block, in item)
    32     4x      8,0  def titaniumDrillScore(in x, in y, in out positive, in out negative)
    27     1x     27,0  export def buildBlockAt(in block, in x, in y, in rotation, in config, in index)
    27     1x     27,0  export def buildBlockFromCfg(in cfg, in config)
    25     1x     25,0  def buildBlock(in block, in x, in y, in copper, in lead, in graphite, in silicon, in titanium, in metaglass, in thorium, in rotation, in config, in index)
    25     1x     25,0  export def buildRemoteBlock(in cfg, in x, in y)
    25     5x      5,0  void moveTo(in x, in y, in radius)
    21     7x      3,0  void status2(in text, in item, in block)
    21     1x     21,0  void unpackCfg(in cfg, out type, out x, out y, out cu, out pb, out gr, out si, out ti, out mg, out th, out rotation, out size, out ind)
    19     2x      9,5  void supplyBlock(in block, in ore)
    18     1x     18,0  export void meetTargetCfg(in cfg, in forBuild)
    18     3x      6,0  void moveToEmpty(in x, in y)
    17     1x     17,0  export def buildFirstTitaniumDrillAt(in x, in y)
    17     1x     17,0  void mineOre(in ore, in amount, in block)
    16     1x     16,0  inline void supplyBase2()
    15     3x      5,0  void dropAll()
    15    15x      1,0  void status1(in text)
    14     1x     14,0  void fetchBlock(in block, in item)
    13     1x     13,0  export void supplyBase()
    12    12x      1,0  void status3(in text)
    12     1x     12,0  void supplyBlockFromCore(in target, in item)
    12     6x      2,0  void transportStatus(in target, in item)
    11     2x      5,5  void mineOre(in ore)
     8     1x      8,0  inline void logBlock(in block, in index)
     7     1x      7,0  inline void log(in encodedId)
     6     1x      6,0  void mineOre(in ore, in block)
     6     3x      2,0  void moveToBlock(in block, in radius)
     4     4x      1,0  def getFloor(in x, in y)
     2     1x      2,0  inline void setFlareTarget(in target)
     2     1x      2,0  void locateOre(in ore, out x, out y)
     1     1x      1,0  inline void setMonoTarget(in target)
     1     1x      1,0  inline void setPolyTarget(in target)
     1     1x      1,0  inline void supplyBase1()


Symbolic link resolution:
    baseBuilder      -> processor1
    displayProcessor -> processor2
    flareController  -> processor4
    monoController   -> processor5
    oreLocator       -> processor3
    oreLogMemory     -> bank1
    polyController   -> processor6
    timer            -> processor7

