  2373 instructions before optimizations.
   203 instructions eliminated by Temp Variables Elimination (3 passes, 8 iterations).
   154 instructions eliminated by Dead Code Elimination (7 iterations).
    19 instructions eliminated by Jump Normalization (2 passes, 6 iterations).
    63 instructions eliminated by Condition Optimization (2 passes, 8 iterations).
    54 instructions eliminated by Single Step Elimination (2 passes, 8 iterations).
     8 instructions eliminated by Expression Optimization (4 iterations).
    21 instructions eliminated by Boolean Optimization (7 iterations).
       7 fully-evaluated expressions optimized using 'select's.
     1 instruction modified by If Expression Optimization (4 iterations).
   974 instructions eliminated by Data Flow Optimization (5 passes, 23 iterations).
       3 loop conditions were partially rotated.
    61 instructions added by Loop Unrolling (10 iterations).
     4 loops unrolled by Loop Unrolling.
    16 instructions added by Function Inlining (10 iterations).
     2 function calls inlined by Function Inlining.
    64 instructions added by Array Optimization (10 iterations).
     1 array improved by Array Optimization.
    13 instructions eliminated by Jump Straightening (2 passes, 8 iterations).
     8 instructions updated by Jump Threading.
     4 instructions eliminated by Unreachable Code Elimination (2 iterations).
    12 instructions eliminated by Print Merging.
   953 instructions after optimizations.

Pass 1: speed optimization selection (cost limit 58):
    Unfold shared table of array 'BLOCKS'                        size   +34, benefit       84.4, efficiency      2.482
    Inline shared table of array 'BLOCKS'                        size   +28, benefit      240.9, efficiency      8.605
  ! Unroll iteration loop at Display.mnd:264:13                  size  +190, benefit       13.3, efficiency      0.070
  * Unroll iteration loop at Display.mnd:587:9                   size   -17, benefit       54.7, efficiency   Infinity (-25 instructions)
    Unroll iteration loop at Display.mnd:164:17                  size    -2, benefit       26.9, efficiency   Infinity
    Unroll iteration loop at Display.mnd:171:17                  size    -2, benefit       13.4, efficiency   Infinity
    Inline function 'drawBlock' defined at Display.mnd:510:1     size   +22, benefit      295.3, efficiency     13.423
  ! Inline function call at Display.mnd:123:24                   size  +156, benefit        4.7, efficiency      0.030
  ! Inline function call at Display.mnd:239:5                    size  +156, benefit        9.4, efficiency      0.060
  ! Inline function call at Display.mnd:593:5                    size  +156, benefit        9.4, efficiency      0.060
  ! Inline function call at Display.mnd:526:5                    size  +156, benefit        4.7, efficiency      0.030
  ! Inline function call at Display.mnd:549:13                   size  +156, benefit       84.4, efficiency      0.541
    Inline function call at Display.mnd:554:9                    size   +23, benefit      196.9, efficiency      8.560
    Inline function call at Display.mnd:559:13                   size   +23, benefit       98.4, efficiency      4.280
  ! Inline function call at Display.mnd:452:5                    size  +156, benefit        4.7, efficiency      0.030

Pass 1: speed optimization selection (cost limit 83):
    Unfold shared table of array 'BLOCKS'                        size   +34, benefit       84.4, efficiency      2.482
    Inline shared table of array 'BLOCKS'                        size   +28, benefit      240.9, efficiency      8.605
  ! Unroll iteration loop at Display.mnd:264:13                  size  +190, benefit       13.3, efficiency      0.070
  * Unroll iteration loop at Display.mnd:164:17                  size    -2, benefit       26.9, efficiency   Infinity (-1 instructions)
    Unroll iteration loop at Display.mnd:171:17                  size    -2, benefit       13.4, efficiency   Infinity
    Inline function 'drawBlock' defined at Display.mnd:510:1     size   +20, benefit      295.3, efficiency     14.766
  ! Inline function call at Display.mnd:123:24                   size  +156, benefit        4.7, efficiency      0.030
  ! Inline function call at Display.mnd:239:5                    size  +156, benefit        9.4, efficiency      0.060
  ! Inline function call at Display.mnd:593:5                    size  +156, benefit        9.4, efficiency      0.060
  ! Inline function call at Display.mnd:526:5                    size  +156, benefit        4.7, efficiency      0.030
  ! Inline function call at Display.mnd:549:13                   size  +156, benefit       84.4, efficiency      0.541
    Inline function call at Display.mnd:554:9                    size   +21, benefit      196.9, efficiency      9.375
    Inline function call at Display.mnd:559:13                   size   +21, benefit       98.4, efficiency      4.688
  ! Inline function call at Display.mnd:452:5                    size  +156, benefit        4.7, efficiency      0.030

Pass 1: speed optimization selection (cost limit 84):
    Unfold shared table of array 'BLOCKS'                        size   +34, benefit       84.4, efficiency      2.482
    Inline shared table of array 'BLOCKS'                        size   +28, benefit      240.9, efficiency      8.605
  ! Unroll iteration loop at Display.mnd:264:13                  size  +190, benefit       13.3, efficiency      0.070
  * Unroll iteration loop at Display.mnd:171:17                  size    -2, benefit       13.4, efficiency   Infinity (+0 instructions)
    Inline function 'drawBlock' defined at Display.mnd:510:1     size   +20, benefit      295.3, efficiency     14.766
  ! Inline function call at Display.mnd:123:24                   size  +155, benefit        4.7, efficiency      0.030
  ! Inline function call at Display.mnd:239:5                    size  +155, benefit        9.4, efficiency      0.060
  ! Inline function call at Display.mnd:593:5                    size  +155, benefit        9.4, efficiency      0.060
  ! Inline function call at Display.mnd:526:5                    size  +155, benefit        4.7, efficiency      0.030
  ! Inline function call at Display.mnd:549:13                   size  +155, benefit       84.4, efficiency      0.544
    Inline function call at Display.mnd:554:9                    size   +21, benefit      196.9, efficiency      9.375
    Inline function call at Display.mnd:559:13                   size   +21, benefit       98.4, efficiency      4.688
  ! Inline function call at Display.mnd:452:5                    size  +155, benefit        4.7, efficiency      0.030

Pass 1: speed optimization selection (cost limit 84):
    Unfold shared table of array 'BLOCKS'                        size   +34, benefit       84.4, efficiency      2.482
    Inline shared table of array 'BLOCKS'                        size   +28, benefit      240.9, efficiency      8.605
  ! Unroll iteration loop at Display.mnd:264:13                  size  +190, benefit       13.3, efficiency      0.070
  * Inline function 'drawBlock' defined at Display.mnd:510:1     size   +20, benefit      295.3, efficiency     14.766 (+15 instructions)
  ! Inline function call at Display.mnd:123:24                   size  +155, benefit        4.7, efficiency      0.030
  ! Inline function call at Display.mnd:239:5                    size  +155, benefit        9.4, efficiency      0.060
  ! Inline function call at Display.mnd:593:5                    size  +155, benefit        9.4, efficiency      0.060
  ! Inline function call at Display.mnd:526:5                    size  +155, benefit        4.7, efficiency      0.030
  ! Inline function call at Display.mnd:549:13                   size  +155, benefit       84.4, efficiency      0.544
    Inline function call at Display.mnd:554:9                    size   +21, benefit      196.9, efficiency      9.375
    Inline function call at Display.mnd:559:13                   size   +21, benefit       98.4, efficiency      4.688
  ! Inline function call at Display.mnd:452:5                    size  +155, benefit        4.7, efficiency      0.030

Pass 1: speed optimization selection (cost limit 69):
  o Unfold shared table of array 'BLOCKS'                        size   +34, benefit       84.4, efficiency      2.482
  * Inline shared table of array 'BLOCKS'                        size   +28, benefit      240.9, efficiency      8.605 (+28 instructions)
  ! Unroll iteration loop at Display.mnd:264:13                  size  +190, benefit       13.3, efficiency      0.070
  ! Inline function call at Display.mnd:123:24                   size  +155, benefit        4.7, efficiency      0.030
  ! Inline function call at Display.mnd:239:5                    size  +155, benefit        9.4, efficiency      0.060
  ! Inline function call at Display.mnd:593:5                    size  +155, benefit        9.4, efficiency      0.060
  ! Inline function call at Display.mnd:526:5                    size  +155, benefit        4.7, efficiency      0.030
  ! Inline function call at Display.mnd:549:13                   size  +155, benefit       84.4, efficiency      0.544
  ! Inline function call at Display.mnd:452:5                    size  +155, benefit        4.7, efficiency      0.030

Pass 1: speed optimization selection (cost limit 41):
  ! Unroll iteration loop at Display.mnd:264:13                  size  +190, benefit       13.3, efficiency      0.070
  ! Inline function call at Display.mnd:123:24                   size  +155, benefit        4.7, efficiency      0.030
  ! Inline function call at Display.mnd:239:5                    size  +155, benefit        9.4, efficiency      0.060
  ! Inline function call at Display.mnd:593:5                    size  +155, benefit        9.4, efficiency      0.060
  ! Inline function call at Display.mnd:526:5                    size  +155, benefit        4.7, efficiency      0.030
  ! Inline function call at Display.mnd:549:13                   size  +155, benefit       84.4, efficiency      0.544
  ! Inline function call at Display.mnd:452:5                    size  +155, benefit        4.7, efficiency      0.030

Pass 2: speed optimization selection (cost limit 61):
  ! Unroll iteration loop at Display.mnd:264:13                  size  +190, benefit       13.3, efficiency      0.070
  * Unroll loop at Display.mnd:602:5                             size   +53, benefit     1406.3, efficiency     26.533 (+42 instructions)
  ! Inline function call at Display.mnd:123:24                   size  +154, benefit        4.7, efficiency      0.030
  ! Inline function call at Display.mnd:239:5                    size  +154, benefit        9.4, efficiency      0.061
  ! Inline function call at Display.mnd:593:5                    size  +154, benefit        9.4, efficiency      0.061
  ! Inline function call at Display.mnd:526:5                    size  +154, benefit        4.7, efficiency      0.030
  ! Inline function call at Display.mnd:549:13                   size  +154, benefit       84.4, efficiency      0.548
  ! Inline function call at Display.mnd:452:5                    size  +154, benefit        4.7, efficiency      0.030

Pass 2: speed optimization selection (cost limit 19):
  ! Unroll iteration loop at Display.mnd:264:13                  size  +190, benefit       13.3, efficiency      0.070
  ! Inline function call at Display.mnd:123:24                   size  +154, benefit        4.7, efficiency      0.030
  ! Inline function call at Display.mnd:239:5                    size  +154, benefit        9.4, efficiency      0.061
  ! Inline function call at Display.mnd:593:5                    size  +154, benefit        9.4, efficiency      0.061
  ! Inline function call at Display.mnd:526:5                    size  +154, benefit        4.7, efficiency      0.030
  ! Inline function call at Display.mnd:549:13                   size  +154, benefit       84.4, efficiency      0.548
  ! Inline function call at Display.mnd:452:5                    size  +154, benefit        4.7, efficiency      0.030

Pass 3: speed optimization selection (cost limit 19):
  ! Unroll iteration loop at Display.mnd:264:13                  size  +190, benefit       13.3, efficiency      0.070
  ! Inline function call at Display.mnd:123:24                   size  +154, benefit        4.7, efficiency      0.030
  ! Inline function call at Display.mnd:239:5                    size  +154, benefit        9.4, efficiency      0.061
  ! Inline function call at Display.mnd:593:5                    size  +154, benefit        9.4, efficiency      0.061
  ! Inline function call at Display.mnd:526:5                    size  +154, benefit        4.7, efficiency      0.030
  ! Inline function call at Display.mnd:549:13                   size  +154, benefit       84.4, efficiency      0.548
  ! Inline function call at Display.mnd:452:5                    size  +154, benefit        4.7, efficiency      0.030

Pass 4: speed optimization selection (cost limit 19):
  ! Unroll iteration loop at Display.mnd:264:13                  size  +190, benefit       13.3, efficiency      0.070
  ! Inline function call at Display.mnd:123:24                   size  +154, benefit        4.7, efficiency      0.030
  ! Inline function call at Display.mnd:239:5                    size  +154, benefit        9.4, efficiency      0.061
  ! Inline function call at Display.mnd:593:5                    size  +154, benefit        9.4, efficiency      0.061
  ! Inline function call at Display.mnd:526:5                    size  +154, benefit        4.7, efficiency      0.030
  ! Inline function call at Display.mnd:549:13                   size  +154, benefit       84.4, efficiency      0.548
  ! Inline function call at Display.mnd:452:5                    size  +154, benefit        4.7, efficiency      0.030

Modifications by Initial phase, Dead Code Elimination, iteration 1 (-123 instructions):
 
    34 jump *label26 equal *tmp52 false
    35 draw color 0 0 32 80
    36 draw rect 0 0 176 176
-    * set *tmp53 null
    37 jump *label27 always
    38 label *label26
    39 draw reset
    40 draw clear 0 0 32
-    * set *tmp53 null
    41 label *label27
    42 draw col %[white]
    43 op div *tmp54 .animation 30
 
    80 setaddr :drawHeader*retaddr *label33 (h:*label33)
    81 call *label7 *invalid :drawHeader*retval (m:*label33) (h:*label33)
    82 label *label33
-    * set *tmp73 null
    83 jump *label32 always
    84 label *label31
-    * set *tmp73 null
    85 label *label32
    86 drawflush display1
-    * set *tmp74 .animation
    87 op add .animation .animation 1
    88 label *label25
    89 set *tmp51 null
 
   192 jump *label49 equal *tmp102 false
   193 set :drawItemColor:col 0
   194 op sub :drawItemColor:y :drawItemColor:y 15
-    * set *tmp103 :drawItemColor:y
   195 jump *label50 always
   196 label *label49
-    * set *tmp103 null
   197 label *label50
   198 label *label45
   199 set :drawItem:col :drawItemColor:col
 
   201 label *label44
   202 set :updateDisplay:y :drawItem:y
   203 op sub :updateDisplay:y :updateDisplay:y 35
-    * set *tmp77 :updateDisplay:y
   204 jump *label38 always
   205 label *label37
   206 op notEqual *tmp104 .nextBlock null
 
   330 jump *label75 equal *tmp132 false
   331 set :drawItemColor.1:col 0
   332 op sub :drawItemColor.1:y :drawItemColor.1:y 15
-    * set *tmp133 :drawItemColor.1:y
   333 jump *label76 always
   334 label *label75
-    * set *tmp133 null
   335 label *label76
   336 label *label71
   337 set :drawItem.1:col :drawItemColor.1:col
 
   348 label *label77
   349 set *tmp135 null
   350 label *label78
-    * set *tmp110 *tmp135
   351 jump *label69 always
   352 label *label68
-    * set *tmp110 null
   353 label *label69
   354 label *label59
   355 multijump *tmp108 0 0 (m:marker0)
   356 multilabel *label67 (m:marker0)
   357 label *label60
-    * set *tmp107 null
   358 jump *label57 always
   359 label *label56
-    * set *tmp107 null
   360 label *label57
   361 op lessThan *tmp136 .totalTargets 3
   362 jump *label79 equal *tmp136 false
   363 op sub *tmp138 3 .totalTargets
   364 op mul *tmp139 *tmp138 15
   365 op sub :updateDisplay:y :updateDisplay:y *tmp139
-    * set *tmp137 :updateDisplay:y
   366 jump *label80 always
   367 label *label79
-    * set *tmp137 null
   368 label *label80
   369 op sub :updateDisplay:y :updateDisplay:y 5
   370 set *tmp105 :updateDisplay:y
 
   372 label *label51
   373 set *tmp105 null
   374 label *label52
-    * set *tmp77 *tmp105
   375 label *label38
   376 label *label36
   377 op equal *tmp140 .nextFactory null
   378 jump *label82 equal *tmp140 false
   379 jump *label81 always
-    * set *tmp141 null
   380 jump *label83 always
   381 label *label82
-    * set *tmp141 null
   382 label *label83
   383 draw col %[white]
   384 set :drawTitleRow.2:y :updateDisplay:y
 
   472 jump *label96 equal *tmp168 false
   473 set :drawItemColor.2:col 0
   474 op sub :drawItemColor.2:y :drawItemColor.2:y 15
-    * set *tmp169 :drawItemColor.2:y
   475 jump *label97 always
   476 label *label96
-    * set *tmp169 null
   477 label *label97
   478 label *label92
   479 set :drawItem.2:col :drawItemColor.2:col
 
   552 jump *label103 equal *tmp191 false
   553 set :drawItemColor.3:col 0
   554 op sub :drawItemColor.3:y :drawItemColor.3:y 15
-    * set *tmp192 :drawItemColor.3:y
   555 jump *label104 always
   556 label *label103
-    * set *tmp192 null
   557 label *label104
   558 label *label99
   559 set :drawItem.3:col :drawItemColor.3:col
 
   628 jump *label110 equal *tmp214 false
   629 set :drawItemColor.4:col 0
   630 op sub :drawItemColor.4:y :drawItemColor.4:y 15
-    * set *tmp215 :drawItemColor.4:y
   631 jump *label111 always
   632 label *label110
-    * set *tmp215 null
   633 label *label111
   634 label *label106
   635 set :drawItem.4:col :drawItemColor.4:col
 
   638 set :updateDisplay:y :drawItem.4:y
   639 set *tmp146 null
   640 label *label90
-    * set *tmp144 *tmp146
   641 jump *label88 always
   642 label *label87
   643 op mul *tmp216 100 :drawAirFactory:progress
 
   711 jump *label117 equal *tmp238 false
   712 set :drawItemColor.5:col 0
   713 op sub :drawItemColor.5:y :drawItemColor.5:y 15
-    * set *tmp239 :drawItemColor.5:y
   714 jump *label118 always
   715 label *label117
-    * set *tmp239 null
   716 label *label118
   717 label *label113
   718 set :drawItem.5:col :drawItemColor.5:col
 
   720 label *label112
   721 set :updateDisplay:y :drawItem.5:y
   722 op sub :updateDisplay:y :updateDisplay:y 15
-    * set *tmp144 :updateDisplay:y
   723 label *label88
   724 op sub :updateDisplay:y :updateDisplay:y 5
   725 label *label81
   726 op equal *tmp240 .nextAddReco null
   727 jump *label120 equal *tmp240 false
   728 jump *label119 always
-    * set *tmp241 null
   729 jump *label121 always
   730 label *label120
-    * set *tmp241 null
   731 label *label121
   732 draw col %[white]
   733 set :drawTitleRow.3:y :updateDisplay:y
 
   819 jump *label132 equal *tmp266 false
   820 set :drawItemColor.6:col 0
   821 op sub :drawItemColor.6:y :drawItemColor.6:y 15
-    * set *tmp267 :drawItemColor.6:y
   822 jump *label133 always
   823 label *label132
-    * set *tmp267 null
   824 label *label133
   825 label *label128
   826 set :drawItem.6:col :drawItemColor.6:col
 
   895 jump *label139 equal *tmp289 false
   896 set :drawItemColor.7:col 0
   897 op sub :drawItemColor.7:y :drawItemColor.7:y 15
-    * set *tmp290 :drawItemColor.7:y
   898 jump *label140 always
   899 label *label139
-    * set *tmp290 null
   900 label *label140
   901 label *label135
   902 set :drawItem.7:col :drawItemColor.7:col
   903 set :drawItem.7:y :drawItemColor.7:y
   904 label *label134
   905 set :updateDisplay:y :drawItem.7:y
-    * set *tmp244 null
   906 jump *label126 always
   907 label *label125
   908 op mul *tmp291 100 :drawAddReco:progress
 
   976 jump *label146 equal *tmp313 false
   977 set :drawItemColor.8:col 0
   978 op sub :drawItemColor.8:y :drawItemColor.8:y 15
-    * set *tmp314 :drawItemColor.8:y
   979 jump *label147 always
   980 label *label146
-    * set *tmp314 null
   981 label *label147
   982 label *label142
   983 set :drawItem.8:col :drawItemColor.8:col
 
   985 label *label141
   986 set :updateDisplay:y :drawItem.8:y
   987 op sub :updateDisplay:y :updateDisplay:y 15
-    * set *tmp244 :updateDisplay:y
   988 label *label126
   989 op sub :updateDisplay:y :updateDisplay:y 5
   990 label *label119
   991 op equal *tmp315 .nextMultiReco null
   992 jump *label149 equal *tmp315 false
   993 jump *label148 always
-    * set *tmp316 null
   994 jump *label150 always
   995 label *label149
-    * set *tmp316 null
   996 label *label150
   997 draw col %[white]
   998 op min *tmp317 :updateDisplay:y 142
 
  1086 jump *label161 equal *tmp342 false
  1087 set :drawItemColor.9:col 0
  1088 op sub :drawItemColor.9:y :drawItemColor.9:y 15
-    * set *tmp343 :drawItemColor.9:y
  1089 jump *label162 always
  1090 label *label161
-    * set *tmp343 null
  1091 label *label162
  1092 label *label157
  1093 set :drawItem.9:col :drawItemColor.9:col
 
  1162 jump *label168 equal *tmp365 false
  1163 set :drawItemColor.10:col 0
  1164 op sub :drawItemColor.10:y :drawItemColor.10:y 15
-    * set *tmp366 :drawItemColor.10:y
  1165 jump *label169 always
  1166 label *label168
-    * set *tmp366 null
  1167 label *label169
  1168 label *label164
  1169 set :drawItem.10:col :drawItemColor.10:col
 
  1238 jump *label175 equal *tmp388 false
  1239 set :drawItemColor.11:col 0
  1240 op sub :drawItemColor.11:y :drawItemColor.11:y 15
-    * set *tmp389 :drawItemColor.11:y
  1241 jump *label176 always
  1242 label *label175
-    * set *tmp389 null
  1243 label *label176
  1244 label *label171
  1245 set :drawItem.11:col :drawItemColor.11:col
  1246 set :drawItem.11:y :drawItemColor.11:y
  1247 label *label170
  1248 set :updateDisplay:y :drawItem.11:y
-    * set *tmp320 null
  1249 jump *label155 always
  1250 label *label154
  1251 op mul *tmp390 100 :drawMultiReco:progress
 
  1319 jump *label182 equal *tmp412 false
  1320 set :drawItemColor.12:col 0
  1321 op sub :drawItemColor.12:y :drawItemColor.12:y 15
-    * set *tmp413 :drawItemColor.12:y
  1322 jump *label183 always
  1323 label *label182
-    * set *tmp413 null
  1324 label *label183
  1325 label *label178
  1326 set :drawItem.12:col :drawItemColor.12:col
 
  1328 label *label177
  1329 set :updateDisplay:y :drawItem.12:y
  1330 op sub :updateDisplay:y :updateDisplay:y 30
-    * set *tmp320 :updateDisplay:y
  1331 label *label155
  1332 op sub :updateDisplay:y :updateDisplay:y 5
  1333 label *label148
  1334 sensor *tmp414 @unit @dead
  1335 jump *label185 equal *tmp414 false
  1336 jump *label184 always
-    * set *tmp415 null
  1337 jump *label186 always
  1338 label *label185
-    * set *tmp415 null
  1339 label *label186
  1340 draw col %[white]
  1341 set :drawTitleRow.5:y :updateDisplay:y
 
  1429 jump *label198 equal *tmp440 false
  1430 set :drawItemColor.13:col 0
  1431 op sub :drawItemColor.13:y :drawItemColor.13:y 15
-    * set *tmp441 :drawItemColor.13:y
  1432 jump *label199 always
  1433 label *label198
-    * set *tmp441 null
  1434 label *label199
  1435 label *label194
  1436 set :drawItem.13:col :drawItemColor.13:col
 
  1439 set :drawUnit:y :drawItem.13:y
  1440 label *label192
  1441 set :updateDisplay:y :drawUnit:y
-    * set *tmp417 null
  1442 jump *label191 always
  1443 label *label190
  1444 sensor *tmp442 @unit @firstItem
 
  1518 jump *label206 equal *tmp468 false
  1519 set :drawItemColor.14:col 0
  1520 op sub :drawItemColor.14:y :drawItemColor.14:y 15
-    * set *tmp469 :drawItemColor.14:y
  1521 jump *label207 always
  1522 label *label206
-    * set *tmp469 null
  1523 label *label207
  1524 label *label202
  1525 set :drawItem.14:col :drawItemColor.14:col
 
  1528 set :drawUnit.1:y :drawItem.14:y
  1529 label *label200
  1530 set :updateDisplay:y :drawUnit.1:y
-    * set *tmp417 null
  1531 label *label191
  1532 label *label184
  1533 op equal *tmp470 AJTJK-battery1 null
  1534 jump *label209 equal *tmp470 false
  1535 jump *label208 always
-    * set *tmp471 null
  1536 jump *label210 always
  1537 label *label209
-    * set *tmp471 null
  1538 label *label210
  1539 jump *label211 equal AÜAOJ[-liquid-container17 false
  1540 set *tmp472 35
 
  1546 op lessThan *tmp473 :updateDisplay:y :drawPower:pos
  1547 jump *label213 equal *tmp473 false
  1548 jump *label208 always
-    * set *tmp474 null
  1549 jump *label214 always
  1550 label *label213
-    * set *tmp474 null
  1551 label *label214
  1552 draw col %[white]
  1553 jump *label215 equal AÜAOJ[-liquid-container17 false
 
  1641 jump *label224 equal *tmp500 false
  1642 set :drawItemColor.15:col 0
  1643 op sub :drawItemColor.15:y :drawItemColor.15:y 15
-    * set *tmp501 :drawItemColor.15:y
  1644 jump *label225 always
  1645 label *label224
-    * set *tmp501 null
  1646 label *label225
  1647 label *label220
  1648 set :drawPower:pos :drawItemColor.15:y
 
  1715 jump *label232 equal *tmp527 false
  1716 set :drawItemColor.16:col 0
  1717 op sub :drawItemColor.16:y :drawItemColor.16:y 15
-    * set *tmp528 :drawItemColor.16:y
  1718 jump *label233 always
  1719 label *label232
-    * set *tmp528 null
  1720 label *label233
  1721 label *label228
  1722 set :drawPower:pos :drawItemColor.16:y
-    * set *tmp502 null
  1723 jump *label227 always
  1724 label *label226
-    * set *tmp502 null
  1725 label *label227
  1726 label *label208
  1727 drawflush display1
 
  1801 multijump *tmp538 0 0 (m:marker1)
  1802 multilabel *label253 (m:marker1)
  1803 label *label244
-    * set *tmp533 null
  1804 jump *label238 always
  1805 label *label237
-    * set *tmp533 null
  1806 label *label238
  1807 setaddr :drawHeader*retaddr *label254 (h:*label254)
  1808 call *label7 *invalid :drawHeader*retval (m:*label254) (h:*label254)
 
  1811 op greaterThan *tmp539 .lastTail :displayStorage:tail
  1812 jump *label255 equal *tmp539 false
  1813 jump *label236 always
-    * set *tmp540 null
  1814 jump *label256 always
  1815 label *label255
-    * set *tmp540 null
  1816 label *label256
  1817 set *tmp541 .lastTail
  1818 read *tmp543 bank2 *tmp541
 
  1843 jump *label257 always
  1844 label *label259
  1845 drawflush display1
-    * set *tmp550 .lastTail
  1846 op add .lastTail .lastTail 1
  1847 label *label236
  1848 set *tmp530 null
 
  1896 draw col %[white]
  1897 drawflush display1
  1898 set :displayBaseMap:limit 5
-    * set *tmp557 :displayBaseMap:limit
  1899 jump *label268 always
  1900 label *label267
-    * set *tmp557 null
  1901 label *label268
  1902 set :displayBaseMap:counter 0
  1903 set *tmp563 0
 
  1916 label *label278
  1917 set *tmp569 null
  1918 label *label279
-    * set *tmp567 *tmp569
  1919 jump *label277 always
  1920 label *label276
-    * set *tmp567 null
  1921 label *label277
  1922 op add :displayBaseMap:counter :displayBaseMap:counter 1
  1923 op greaterThan *tmp570 :displayBaseMap:counter :displayBaseMap:limit
 
  1935 draw scale *tmp573 *tmp575
  1936 label *label283
  1937 set :displayBaseMap:counter 0
-    * set *tmp571 :displayBaseMap:counter
  1938 jump *label281 always
  1939 label *label280
-    * set *tmp571 null
  1940 label *label281
  1941 set :drawBlock:cfg :displayBaseMap:cfg
  1942 setaddr :drawBlock*retaddr *label284 (h:*label284)
 
  1952 setaddr :drawBlock*retaddr *label287 (h:*label287)
  1953 call *label8 *invalid :drawBlock*retval (m:*label287) (h:*label287)
  1954 label *label287
-    * set *tmp577 null
  1955 jump *label286 always
  1956 label *label285
-    * set *tmp577 null
  1957 label *label286
  1958 sensor *tmp580 switch1 @enabled
  1959 jump *label288 equal *tmp580 false
  1960 draw clear 0 0 32
  1961 drawflush display1
  1962 jump *label275 always
-    * set *tmp581 null
  1963 jump *label289 always
  1964 label *label288
-    * set *tmp581 null
  1965 label *label289
  1966 drawflush display1
  1967 label *label274
 
  2020 draw print :drawText.54:x :drawText.54:y :drawText.54:alignment
  2021 label *label296
  2022 set .lastRecord :displayLog:start
-    * set *tmp595 .lastRecord
  2023 jump *label292 always
  2024 label *label291
-    * set *tmp595 null
  2025 label *label292
  2026 setaddr :drawHeader*retaddr *label297 (h:*label297)
  2027 call *label7 *invalid :drawHeader*retval (m:*label297) (h:*label297)
 
  2093 sensor *tmp626 switch1 @enabled
  2094 jump *label307 equal *tmp626 false
  2095 jump *label300 always
-    * set *tmp627 null
  2096 jump *label308 always
  2097 label *label307
-    * set *tmp627 null
  2098 label *label308
  2099 label *label299
  2100 op sub :displayLog:position :displayLog:position 1
 
  2110 label *label235
  2111 set *tmp49 *tmp530
  2112 label *label22
-    * set *tmp47 *tmp49
  2113 jump *label20 always
  2114 label *label19
-    * set *tmp47 null
  2115 label *label20
  2116 op greaterThan *tmp629 .megas 0
  2117 jump *label309 equal *tmp629 false
  2118 print "[gold]All done.[]\nNothing more to see here.\nGo home."
  2119 print "\n"
  2120 printflush message1
-    * set *tmp630 null
  2121 jump *label310 always
  2122 label *label309
  2123 print "[gold]Building "
 
  2139 print "\n"
  2140 printflush message1
  2141 label *label311
-    * set *tmp630 null
  2142 label *label310
  2143 sensor *tmp633 switch1 @enabled
  2144 set .pageSwitched *tmp633
 
  2150 drawflush null
  2151 draw reset
  2152 draw clear 0 0 32
-    * set *tmp634 null
  2153 jump *label313 always
  2154 label *label312
-    * set *tmp634 null
  2155 label *label313
  2156 label *label17
  2157 jump *label16 always
 
  2209 label *label319
  2210 draw col %[white]
  2211 draw reset
-    * set *tmp639 null
  2212 jump *label316 always
  2213 label *label315
  2214 draw col %[gold]
 
  2233 jump *label325 equal .missing false
  2234 draw image 16 264 .missing 12 0
  2235 set .missing false
-    * set *tmp649 false
  2236 jump *label326 always
  2237 label *label325
-    * set *tmp649 null
  2238 label *label326
  2239 jump *label327 equal .nextMultiReco false
  2240 draw image 42 237 .nextMultiReco 32 0
-    * set *tmp650 null
  2241 jump *label328 always
  2242 label *label327
  2243 op add *tmp651 .nextBlock .nextFactory
 
  2269 jump *label339 equal *tmp658 false
  2270 draw image :drawHeader:x 240 :drawHeader:goal 25 0
  2271 op add :drawHeader:x :drawHeader:x 30
-    * set *tmp659 :drawHeader:x
  2272 jump *label340 always
  2273 label *label339
-    * set *tmp659 null
  2274 label *label340
  2275 label *label334
  2276 multijump *tmp657 0 0 (m:marker2)
 
  2296 jump *label349 equal *tmp663 false
  2297 draw image 42 237 :drawHeader:goal.1 32 0
  2298 jump *label345 always
-    * set *tmp664 null
  2299 jump *label350 always
  2300 label *label349
-    * set *tmp664 null
  2301 label *label350
  2302 label *label344
  2303 multijump *tmp662 0 0 (m:marker3)
 
  2312 label *label332
  2313 set *tmp654 *tmp656
  2314 label *label330
-    * set *tmp650 *tmp654
  2315 label *label328
  2316 set :drawHeader:tt @second
  2317 read *tmp666 processor2 "time"
 
  2385 op mul *tmp689 7 :drawHeader:len
  2386 op sub *tmp690 *tmp688 *tmp689
  2387 draw image *tmp690 246 @sand 12 0
-    * set *tmp678 null
  2388 jump *label355 always
  2389 label *label354
  2390 jump *label358 equal .titaniumDrill false
 
  2406 op mul *tmp697 7 :drawHeader:len.1
  2407 op sub *tmp698 *tmp696 *tmp697
  2408 draw image *tmp698 246 @titanium 12 0
-    * set *tmp691 null
  2409 jump *label359 always
  2410 label *label358
-    * set *tmp691 null
  2411 label *label359
  2412 jump *label361 equal .thoriumContainer false
  2413 sensor *tmp700 .thoriumContainer @thorium
 
  2432 label *label361
  2433 set *tmp699 null
  2434 label *label362
-    * set *tmp678 *tmp699
  2435 label *label355
  2436 set :drawHeader:x.4 174
  2437 draw col %[white]
 
  2449 draw print :drawText.65:x :drawText.65:y :drawText.65:alignment
  2450 label *label367
  2451 op sub :drawHeader:x.4 :drawHeader:x.4 30
-    * set *tmp707 :drawHeader:x.4
  2452 jump *label366 always
  2453 label *label365
-    * set *tmp707 null
  2454 label *label366
  2455 label *label364
  2456 set :drawUnitCount.1:type @mono
 
  2467 draw print :drawText.66:x :drawText.66:y :drawText.66:alignment
  2468 label *label371
  2469 op sub :drawHeader:x.4 :drawHeader:x.4 30
-    * set *tmp710 :drawHeader:x.4
  2470 jump *label370 always
  2471 label *label369
-    * set *tmp710 null
  2472 label *label370
  2473 label *label368
  2474 set :drawUnitCount.2:type @flare
 
  2485 draw print :drawText.67:x :drawText.67:y :drawText.67:alignment
  2486 label *label375
  2487 op sub :drawHeader:x.4 :drawHeader:x.4 30
-    * set *tmp713 :drawHeader:x.4
  2488 jump *label374 always
  2489 label *label373
-    * set *tmp713 null
  2490 label *label374
  2491 label *label372
-    * set *tmp639 null
  2492 label *label316
  2493 label *label314
  2494 return :drawHeader*retaddr
 
  2526 op sub *tmp732 *tmp731 74
  2527 set :unpackCfg:ind *tmp732
  2528 sensor *tmp733 :unpackCfg:type @copper
-    * set :unpackCfg:cu *tmp733
  2529 sensor *tmp734 :unpackCfg:type @lead
-    * set :unpackCfg:pb *tmp734
  2530 sensor *tmp735 :unpackCfg:type @graphite
-    * set :unpackCfg:gr *tmp735
  2531 sensor *tmp736 :unpackCfg:type @silicon
-    * set :unpackCfg:si *tmp736
  2532 sensor *tmp737 :unpackCfg:type @titanium
-    * set :unpackCfg:ti *tmp737
  2533 sensor *tmp738 :unpackCfg:type @metaglass
-    * set :unpackCfg:mg *tmp738
  2534 sensor *tmp739 :unpackCfg:type @thorium
-    * set :unpackCfg:th *tmp739
  2535 sensor *tmp740 :unpackCfg:type @size
  2536 set :unpackCfg:size *tmp740
  2537 label *label378
 
  2555 op equal *tmp744 *tmp743 0
  2556 jump *label379 equal *tmp744 false
  2557 jump *label376 always
-    * set *tmp745 null
  2558 jump *label380 always
  2559 label *label379
-    * set *tmp745 null
  2560 label *label380
  2561 jump *label381 equal :drawBlock:built false
  2562 set *tmp746 %[white]

Modifications by Initial phase, Dead Code Elimination, iteration 2 (-21 instructions):
 
   343 op lessThanEq *tmp134 :drawMaterials:count 0
   344 jump *label77 equal *tmp134 false
   345 jump *label60 always
-    * set *tmp135 null
   346 jump *label78 always
   347 label *label77
-    * set *tmp135 null
   348 label *label78
   349 jump *label69 always
   350 label *label68
 
   365 label *label79
   366 label *label80
   367 op sub :updateDisplay:y :updateDisplay:y 5
-    * set *tmp105 :updateDisplay:y
   368 jump *label52 always
   369 label *label51
-    * set *tmp105 null
   370 label *label52
   371 label *label38
   372 label *label36
 
   477 label *label91
   478 set :updateDisplay:y :drawItem.2:y
   479 op sub :updateDisplay:y :updateDisplay:y 15
-    * set *tmp146 :updateDisplay:y
   480 jump *label90 always
   481 label *label89
   482 sensor *tmp170 A¾BFLW-air-factory13 @lead
 
   631 set :drawItem.4:y :drawItemColor.4:y
   632 label *label105
   633 set :updateDisplay:y :drawItem.4:y
-    * set *tmp146 null
   634 label *label90
   635 jump *label88 always
   636 label *label87
 
  1722 label *label34
  1723 set *tmp51 null
  1724 label *label24
-    * set *tmp49 *tmp51
  1725 jump *label22 always
  1726 label *label21
  1727 op equal *tmp529 .page 1
 
  1904 op equal *tmp568 .scrap false
  1905 jump *label278 equal *tmp568 false
  1906 jump *label275 always
-    * set *tmp569 null
  1907 jump *label279 always
  1908 label *label278
-    * set *tmp569 null
  1909 label *label279
  1910 jump *label277 always
  1911 label *label276
 
  2099 label *label263
  2100 set *tmp530 *tmp552
  2101 label *label235
-    * set *tmp49 *tmp530
  2102 label *label22
  2103 jump *label20 always
  2104 label *label19
 
  2238 draw image 22 244 .nextBlock 18 0
  2239 draw image 42 244 .nextFactory 18 0
  2240 draw image 62 244 .nextAddReco 18 0
-    * set *tmp654 null
  2241 jump *label330 always
  2242 label *label329
  2243 op equal *tmp655 :drawHeader:count 2
 
  2299 label *label342
  2300 set *tmp656 *tmp661
  2301 label *label332
-    * set *tmp654 *tmp656
  2302 label *label330
  2303 label *label328
  2304 set :drawHeader:tt @second
 
  2415 op mul *tmp704 7 :drawHeader:len.2
  2416 op sub *tmp705 *tmp703 *tmp704
  2417 draw image *tmp705 246 @thorium 12 0
-    * set *tmp699 null
  2418 jump *label362 always
  2419 label *label361
-    * set *tmp699 null
  2420 label *label362
  2421 label *label355
  2422 set :drawHeader:x.4 174
 
  2511 read *tmp731 :unpackCfg:cfg *tmp730
  2512 op sub *tmp732 *tmp731 74
  2513 set :unpackCfg:ind *tmp732
-    * sensor *tmp733 :unpackCfg:type @copper
-    * sensor *tmp734 :unpackCfg:type @lead
-    * sensor *tmp735 :unpackCfg:type @graphite
-    * sensor *tmp736 :unpackCfg:type @silicon
-    * sensor *tmp737 :unpackCfg:type @titanium
-    * sensor *tmp738 :unpackCfg:type @metaglass
-    * sensor *tmp739 :unpackCfg:type @thorium
  2514 sensor *tmp740 :unpackCfg:type @size
  2515 set :unpackCfg:size *tmp740
  2516 label *label378

Modifications by Initial phase, Dead Code Elimination, iteration 3 (-6 instructions):
 
    86 drawflush display1
    87 op add .animation .animation 1
    88 label *label25
-    * set *tmp51 null
    89 jump *label24 always
    90 label *label23
    91 draw clear 0 0 32
 
  1719 label *label208
  1720 drawflush display1
  1721 label *label34
-    * set *tmp51 null
  1722 label *label24
  1723 jump *label22 always
  1724 label *label21
 
  1836 drawflush display1
  1837 op add .lastTail .lastTail 1
  1838 label *label236
-    * set *tmp530 null
  1839 jump *label235 always
  1840 label *label234
  1841 op equal *tmp551 .page 2
 
  2094 label *label290
  2095 set *tmp552 null
  2096 label *label263
-    * set *tmp530 *tmp552
  2097 label *label235
  2098 label *label22
  2099 jump *label20 always
 
  2261 multijump *tmp657 0 0 (m:marker2)
  2262 multilabel *label338 (m:marker2)
  2263 label *label335
-    * set *tmp656 null
  2264 jump *label332 always
  2265 label *label331
  2266 op equal *tmp660 :drawHeader:count 1
 
  2292 label *label341
  2293 set *tmp661 null
  2294 label *label342
-    * set *tmp656 *tmp661
  2295 label *label332
  2296 label *label330
  2297 label *label328

Modifications by Initial phase, Dead Code Elimination, iteration 4 (-4 instructions):
 
  1957 jump *label273 always
  1958 label *label275
  1959 label *label264
-    * set *tmp552 null
  1960 jump *label263 always
  1961 label *label262
  1962 op sub *tmp582 .page 3
 
  2091 set .lastRecord *tmp628
  2092 drawflush display1
  2093 label *label290
-    * set *tmp552 null
  2094 label *label263
  2095 label *label235
  2096 label *label22
 
  2285 multijump *tmp662 0 0 (m:marker3)
  2286 multilabel *label348 (m:marker3)
  2287 label *label345
-    * set *tmp661 null
  2288 jump *label342 always
  2289 label *label341
-    * set *tmp661 null
  2290 label *label342
  2291 label *label332
  2292 label *label330

Modifications by Initial phase, Temp Variables Elimination, iteration 1 (-202 instructions):
 
    15 label *label11
    16 label *label13
    17 ubind @poly
-    * ulocate building core false @copper *tmp41 *tmp42 *tmp43 *tmp40
-    * set .core *tmp40
+   18 ulocate building core false @copper *tmp41 *tmp42 *tmp43 .core
    19 label *label14
    20 op equal *tmp44 .core null
    21 jump *label13 notEqual *tmp44 false
 
    41 draw col %[white]
    42 op div *tmp54 .animation 30
    43 op min *tmp55 *tmp54 1
-    * op max *tmp56 0 *tmp55
-    * set :animate:ratio *tmp56
+   44 op max :animate:ratio 0 *tmp55
    45 set :lerp:from 42
    46 set :lerp:to 90
    47 set :lerp:ratio :animate:ratio
    48 op sub *tmp58 1 :lerp:ratio
    49 op mul *tmp59 *tmp58 :lerp:from
    50 op mul *tmp60 :lerp:ratio :lerp:to
-    * op add *tmp61 *tmp59 *tmp60
-    * set *tmp57 *tmp61
+   51 op add *tmp57 *tmp59 *tmp60
    52 label *label28
    53 set :animate:x *tmp57
    54 set :lerp.1:from 237
 
    57 op sub *tmp63 1 :lerp.1:ratio
    58 op mul *tmp64 *tmp63 :lerp.1:from
    59 op mul *tmp65 :lerp.1:ratio :lerp.1:to
-    * op add *tmp66 *tmp64 *tmp65
-    * set *tmp62 *tmp66
+   60 op add *tmp62 *tmp64 *tmp65
    61 label *label29
    62 set :animate:y *tmp62
    63 set :lerp.2:from 32
 
    66 op sub *tmp68 1 :lerp.2:ratio
    67 op mul *tmp69 *tmp68 :lerp.2:from
    68 op mul *tmp70 :lerp.2:ratio :lerp.2:to
-    * op add *tmp71 *tmp69 *tmp70
-    * set *tmp67 *tmp71
+   69 op add *tmp67 *tmp69 *tmp70
    70 label *label30
    71 set :animate:size *tmp67
    72 draw image :animate:x :animate:y @mega :animate:size 0
 
   117 set :drawItem:y :updateDisplay:y
   118 set :drawItem:columns 1
   119 set :drawItem:item .nextBlock
-    * read *tmp78 processor1 ".mapProgress"
-    * set :drawItem:current *tmp78
-    * read *tmp79 processor1 ".mapTotal"
-    * set :drawItem:target *tmp79
+  120 read :drawItem:current processor1 ".mapProgress"
+  121 read :drawItem:target processor1 ".mapTotal"
   122 set :drawItemColor:color1 %008000FF
   123 set :drawItemColor:color2 %00FF00FF
   124 set :drawItemColor:col :drawItem:col
 
   129 set :drawItemColor:target :drawItem:target
   130 op mul *tmp80 :drawItemColor:columns 176
   131 op div *tmp81 *tmp80 2
-    * op sub *tmp82 214 *tmp81
-    * set :drawItemColor:barLength *tmp82
-    * op add *tmp83 48 :drawItemColor:barLength
-    * set :drawItemColor:textEnd *tmp83
+  132 op sub :drawItemColor:barLength 214 *tmp81
+  133 op add :drawItemColor:textEnd 48 :drawItemColor:barLength
   134 op mul *tmp84 :drawItemColor:barLength :drawItemColor:current
   135 op div *tmp85 *tmp84 :drawItemColor:target
-    * op min *tmp86 :drawItemColor:barLength *tmp85
-    * set :drawItemColor:length *tmp86
+  136 op min :drawItemColor:length :drawItemColor:barLength *tmp85
   137 op mul *tmp87 :drawItemColor:col 176
   138 op div *tmp88 *tmp87 2
-    * op add *tmp89 11 *tmp88
-    * set :drawItemColor:iconX *tmp89
+  139 op add :drawItemColor:iconX 11 *tmp88
   140 op mul *tmp90 :drawItemColor:col 176
   141 op div *tmp91 *tmp90 2
-    * op add *tmp92 22 *tmp91
-    * set :drawItemColor:barX *tmp92
+  142 op add :drawItemColor:barX 22 *tmp91
   143 op mul *tmp93 :drawItemColor:col 176
   144 op div *tmp94 *tmp93 2
-    * op add *tmp95 :drawItemColor:textEnd *tmp94
-    * set :drawItemColor:textX *tmp95
+  145 op add :drawItemColor:textX :drawItemColor:textEnd *tmp94
   146 draw col %[white]
   147 op add *tmp96 :drawItemColor:y 5
   148 draw image :drawItemColor:iconX *tmp96 :drawItemColor:item 14 0
 
   163 print *tmp99
   164 draw print :drawText.2:x :drawText.2:y :drawText.2:alignment
   165 label *label47
-    * op add *tmp100 :drawBold:x 1
-    * set :drawText.3:x *tmp100
+  166 op add :drawText.3:x :drawBold:x 1
   167 set :drawText.3:y :drawBold:y
   168 set :drawText.3:alignment :drawBold:alignment
   169 print "x"
 
   190 label *label37
   191 op notEqual *tmp104 .nextBlock null
   192 jump *label51 equal *tmp104 false
-    * set *tmp106 .totalTargets
-    * set :drawMaterials:count *tmp106
+  193 set :drawMaterials:count .totalTargets
   194 set :drawTitleRow.1:y :updateDisplay:y
   195 set :drawTitleRow.1:alignment @bottomLeft
   196 set :drawText.4:x 22
 
   263 set :drawItemColor.1:target :drawItem.1:target
   264 op mul *tmp112 :drawItemColor.1:columns 176
   265 op div *tmp113 *tmp112 2
-    * op sub *tmp114 214 *tmp113
-    * set :drawItemColor.1:barLength *tmp114
-    * op add *tmp115 48 :drawItemColor.1:barLength
-    * set :drawItemColor.1:textEnd *tmp115
+  266 op sub :drawItemColor.1:barLength 214 *tmp113
+  267 op add :drawItemColor.1:textEnd 48 :drawItemColor.1:barLength
   268 op mul *tmp116 :drawItemColor.1:barLength :drawItemColor.1:current
   269 op div *tmp117 *tmp116 :drawItemColor.1:target
-    * op min *tmp118 :drawItemColor.1:barLength *tmp117
-    * set :drawItemColor.1:length *tmp118
+  270 op min :drawItemColor.1:length :drawItemColor.1:barLength *tmp117
   271 op mul *tmp119 :drawItemColor.1:col 176
   272 op div *tmp120 *tmp119 2
-    * op add *tmp121 11 *tmp120
-    * set :drawItemColor.1:iconX *tmp121
+  273 op add :drawItemColor.1:iconX 11 *tmp120
   274 op mul *tmp122 :drawItemColor.1:col 176
   275 op div *tmp123 *tmp122 2
-    * op add *tmp124 22 *tmp123
-    * set :drawItemColor.1:barX *tmp124
+  276 op add :drawItemColor.1:barX 22 *tmp123
   277 op mul *tmp125 :drawItemColor.1:col 176
   278 op div *tmp126 *tmp125 2
-    * op add *tmp127 :drawItemColor.1:textEnd *tmp126
-    * set :drawItemColor.1:textX *tmp127
+  279 op add :drawItemColor.1:textX :drawItemColor.1:textEnd *tmp126
   280 draw col %[white]
   281 op add *tmp128 :drawItemColor.1:y 5
   282 draw image :drawItemColor.1:iconX *tmp128 :drawItemColor.1:item 14 0
 
   295 print :drawMaterials:target
   296 draw print :drawText.6:x :drawText.6:y :drawText.6:alignment
   297 label *label73
-    * op add *tmp131 :drawBold.1:x 1
-    * set :drawText.7:x *tmp131
+  298 op add :drawText.7:x :drawBold.1:x 1
   299 set :drawText.7:y :drawBold.1:y
   300 set :drawText.7:alignment :drawBold.1:alignment
   301 print :drawMaterials:target
 
   371 op sub :drawTitleRow.2:y :drawTitleRow.2:y 15
   372 label *label84
   373 set :updateDisplay:y :drawTitleRow.2:y
-    * sensor *tmp142 A¾BFLW-air-factory13 @progress
-    * set :drawAirFactory:progress *tmp142
+  374 sensor :drawAirFactory:progress A¾BFLW-air-factory13 @progress
   375 op equal *tmp143 :drawAirFactory:progress 0
   376 jump *label87 equal *tmp143 false
   377 op equal *tmp145 .nextFactory @flare
 
   393 set :drawItemColor.2:target :drawItem.2:target
   394 op mul *tmp148 :drawItemColor.2:columns 176
   395 op div *tmp149 *tmp148 2
-    * op sub *tmp150 214 *tmp149
-    * set :drawItemColor.2:barLength *tmp150
-    * op add *tmp151 48 :drawItemColor.2:barLength
-    * set :drawItemColor.2:textEnd *tmp151
+  396 op sub :drawItemColor.2:barLength 214 *tmp149
+  397 op add :drawItemColor.2:textEnd 48 :drawItemColor.2:barLength
   398 op mul *tmp152 :drawItemColor.2:barLength :drawItemColor.2:current
   399 op div *tmp153 *tmp152 :drawItemColor.2:target
-    * op min *tmp154 :drawItemColor.2:barLength *tmp153
-    * set :drawItemColor.2:length *tmp154
+  400 op min :drawItemColor.2:length :drawItemColor.2:barLength *tmp153
   401 op mul *tmp155 :drawItemColor.2:col 176
   402 op div *tmp156 *tmp155 2
-    * op add *tmp157 11 *tmp156
-    * set :drawItemColor.2:iconX *tmp157
+  403 op add :drawItemColor.2:iconX 11 *tmp156
   404 op mul *tmp158 :drawItemColor.2:col 176
   405 op div *tmp159 *tmp158 2
-    * op add *tmp160 22 *tmp159
-    * set :drawItemColor.2:barX *tmp160
+  406 op add :drawItemColor.2:barX 22 *tmp159
   407 op mul *tmp161 :drawItemColor.2:col 176
   408 op div *tmp162 *tmp161 2
-    * op add *tmp163 :drawItemColor.2:textEnd *tmp162
-    * set :drawItemColor.2:textX *tmp163
+  409 op add :drawItemColor.2:textX :drawItemColor.2:textEnd *tmp162
   410 draw col %[white]
   411 op add *tmp164 :drawItemColor.2:y 5
   412 draw image :drawItemColor.2:iconX *tmp164 :drawItemColor.2:item 14 0
 
   425 print 15
   426 draw print :drawText.10:x :drawText.10:y :drawText.10:alignment
   427 label *label94
-    * op add *tmp167 :drawBold.2:x 1
-    * set :drawText.11:x *tmp167
+  428 op add :drawText.11:x :drawBold.2:x 1
   429 set :drawText.11:y :drawBold.2:y
   430 set :drawText.11:alignment :drawBold.2:alignment
   431 print 15
 
   465 set :drawItemColor.3:target :drawItem.3:target
   466 op mul *tmp171 :drawItemColor.3:columns 176
   467 op div *tmp172 *tmp171 2
-    * op sub *tmp173 214 *tmp172
-    * set :drawItemColor.3:barLength *tmp173
-    * op add *tmp174 48 :drawItemColor.3:barLength
-    * set :drawItemColor.3:textEnd *tmp174
+  468 op sub :drawItemColor.3:barLength 214 *tmp172
+  469 op add :drawItemColor.3:textEnd 48 :drawItemColor.3:barLength
   470 op mul *tmp175 :drawItemColor.3:barLength :drawItemColor.3:current
   471 op div *tmp176 *tmp175 :drawItemColor.3:target
-    * op min *tmp177 :drawItemColor.3:barLength *tmp176
-    * set :drawItemColor.3:length *tmp177
+  472 op min :drawItemColor.3:length :drawItemColor.3:barLength *tmp176
   473 op mul *tmp178 :drawItemColor.3:col 176
   474 op div *tmp179 *tmp178 2
-    * op add *tmp180 11 *tmp179
-    * set :drawItemColor.3:iconX *tmp180
+  475 op add :drawItemColor.3:iconX 11 *tmp179
   476 op mul *tmp181 :drawItemColor.3:col 176
   477 op div *tmp182 *tmp181 2
-    * op add *tmp183 22 *tmp182
-    * set :drawItemColor.3:barX *tmp183
+  478 op add :drawItemColor.3:barX 22 *tmp182
   479 op mul *tmp184 :drawItemColor.3:col 176
   480 op div *tmp185 *tmp184 2
-    * op add *tmp186 :drawItemColor.3:textEnd *tmp185
-    * set :drawItemColor.3:textX *tmp186
+  481 op add :drawItemColor.3:textX :drawItemColor.3:textEnd *tmp185
   482 draw col %[white]
   483 op add *tmp187 :drawItemColor.3:y 5
   484 draw image :drawItemColor.3:iconX *tmp187 :drawItemColor.3:item 14 0
 
   497 print 15
   498 draw print :drawText.12:x :drawText.12:y :drawText.12:alignment
   499 label *label101
-    * op add *tmp190 :drawBold.3:x 1
-    * set :drawText.13:x *tmp190
+  500 op add :drawText.13:x :drawBold.3:x 1
   501 set :drawText.13:y :drawBold.3:y
   502 set :drawText.13:alignment :drawBold.3:alignment
   503 print 15
 
   534 set :drawItemColor.4:target :drawItem.4:target
   535 op mul *tmp194 :drawItemColor.4:columns 176
   536 op div *tmp195 *tmp194 2
-    * op sub *tmp196 214 *tmp195
-    * set :drawItemColor.4:barLength *tmp196
-    * op add *tmp197 48 :drawItemColor.4:barLength
-    * set :drawItemColor.4:textEnd *tmp197
+  537 op sub :drawItemColor.4:barLength 214 *tmp195
+  538 op add :drawItemColor.4:textEnd 48 :drawItemColor.4:barLength
   539 op mul *tmp198 :drawItemColor.4:barLength :drawItemColor.4:current
   540 op div *tmp199 *tmp198 :drawItemColor.4:target
-    * op min *tmp200 :drawItemColor.4:barLength *tmp199
-    * set :drawItemColor.4:length *tmp200
+  541 op min :drawItemColor.4:length :drawItemColor.4:barLength *tmp199
   542 op mul *tmp201 :drawItemColor.4:col 176
   543 op div *tmp202 *tmp201 2
-    * op add *tmp203 11 *tmp202
-    * set :drawItemColor.4:iconX *tmp203
+  544 op add :drawItemColor.4:iconX 11 *tmp202
   545 op mul *tmp204 :drawItemColor.4:col 176
   546 op div *tmp205 *tmp204 2
-    * op add *tmp206 22 *tmp205
-    * set :drawItemColor.4:barX *tmp206
+  547 op add :drawItemColor.4:barX 22 *tmp205
   548 op mul *tmp207 :drawItemColor.4:col 176
   549 op div *tmp208 *tmp207 2
-    * op add *tmp209 :drawItemColor.4:textEnd *tmp208
-    * set :drawItemColor.4:textX *tmp209
+  550 op add :drawItemColor.4:textX :drawItemColor.4:textEnd *tmp208
   551 draw col %[white]
   552 op add *tmp210 :drawItemColor.4:y 5
   553 draw image :drawItemColor.4:iconX *tmp210 :drawItemColor.4:item 14 0
 
   566 print 30
   567 draw print :drawText.14:x :drawText.14:y :drawText.14:alignment
   568 label *label108
-    * op add *tmp213 :drawBold.4:x 1
-    * set :drawText.15:x *tmp213
+  569 op add :drawText.15:x :drawBold.4:x 1
   570 set :drawText.15:y :drawBold.4:y
   571 set :drawText.15:alignment :drawBold.4:alignment
   572 print 30
 
   607 set :drawItemColor.5:target :drawItem.5:target
   608 op mul *tmp218 :drawItemColor.5:columns 176
   609 op div *tmp219 *tmp218 2
-    * op sub *tmp220 214 *tmp219
-    * set :drawItemColor.5:barLength *tmp220
-    * op add *tmp221 48 :drawItemColor.5:barLength
-    * set :drawItemColor.5:textEnd *tmp221
+  610 op sub :drawItemColor.5:barLength 214 *tmp219
+  611 op add :drawItemColor.5:textEnd 48 :drawItemColor.5:barLength
   612 op mul *tmp222 :drawItemColor.5:barLength :drawItemColor.5:current
   613 op div *tmp223 *tmp222 :drawItemColor.5:target
-    * op min *tmp224 :drawItemColor.5:barLength *tmp223
-    * set :drawItemColor.5:length *tmp224
+  614 op min :drawItemColor.5:length :drawItemColor.5:barLength *tmp223
   615 op mul *tmp225 :drawItemColor.5:col 176
   616 op div *tmp226 *tmp225 2
-    * op add *tmp227 11 *tmp226
-    * set :drawItemColor.5:iconX *tmp227
+  617 op add :drawItemColor.5:iconX 11 *tmp226
   618 op mul *tmp228 :drawItemColor.5:col 176
   619 op div *tmp229 *tmp228 2
-    * op add *tmp230 22 *tmp229
-    * set :drawItemColor.5:barX *tmp230
+  620 op add :drawItemColor.5:barX 22 *tmp229
   621 op mul *tmp231 :drawItemColor.5:col 176
   622 op div *tmp232 *tmp231 2
-    * op add *tmp233 :drawItemColor.5:textEnd *tmp232
-    * set :drawItemColor.5:textX *tmp233
+  623 op add :drawItemColor.5:textX :drawItemColor.5:textEnd *tmp232
   624 draw col %[white]
   625 op add *tmp234 :drawItemColor.5:y 5
   626 draw image :drawItemColor.5:iconX *tmp234 :drawItemColor.5:item 14 0
 
   640 print "%"
   641 draw print :drawText.16:x :drawText.16:y :drawText.16:alignment
   642 label *label115
-    * op add *tmp237 :drawBold.5:x 1
-    * set :drawText.17:x *tmp237
+  643 op add :drawText.17:x :drawBold.5:x 1
   644 set :drawText.17:y :drawBold.5:y
   645 set :drawText.17:alignment :drawBold.5:alignment
   646 print *tmp217
 
   689 op sub :drawTitleRow.3:y :drawTitleRow.3:y 15
   690 label *label122
   691 set :updateDisplay:y :drawTitleRow.3:y
-    * sensor *tmp242 AÀF@Lb-additive-reconstructor24 @progress
-    * set :drawAddReco:progress *tmp242
+  692 sensor :drawAddReco:progress AÀF@Lb-additive-reconstructor24 @progress
   693 op equal *tmp243 :drawAddReco:progress 0
   694 jump *label125 equal *tmp243 false
   695 sensor *tmp245 AÀF@Lb-additive-reconstructor24 @graphite
 
   709 set :drawItemColor.6:target :drawItem.6:target
   710 op mul *tmp246 :drawItemColor.6:columns 176
   711 op div *tmp247 *tmp246 2
-    * op sub *tmp248 214 *tmp247
-    * set :drawItemColor.6:barLength *tmp248
-    * op add *tmp249 48 :drawItemColor.6:barLength
-    * set :drawItemColor.6:textEnd *tmp249
+  712 op sub :drawItemColor.6:barLength 214 *tmp247
+  713 op add :drawItemColor.6:textEnd 48 :drawItemColor.6:barLength
   714 op mul *tmp250 :drawItemColor.6:barLength :drawItemColor.6:current
   715 op div *tmp251 *tmp250 :drawItemColor.6:target
-    * op min *tmp252 :drawItemColor.6:barLength *tmp251
-    * set :drawItemColor.6:length *tmp252
+  716 op min :drawItemColor.6:length :drawItemColor.6:barLength *tmp251
   717 op mul *tmp253 :drawItemColor.6:col 176
   718 op div *tmp254 *tmp253 2
-    * op add *tmp255 11 *tmp254
-    * set :drawItemColor.6:iconX *tmp255
+  719 op add :drawItemColor.6:iconX 11 *tmp254
   720 op mul *tmp256 :drawItemColor.6:col 176
   721 op div *tmp257 *tmp256 2
-    * op add *tmp258 22 *tmp257
-    * set :drawItemColor.6:barX *tmp258
+  722 op add :drawItemColor.6:barX 22 *tmp257
   723 op mul *tmp259 :drawItemColor.6:col 176
   724 op div *tmp260 *tmp259 2
-    * op add *tmp261 :drawItemColor.6:textEnd *tmp260
-    * set :drawItemColor.6:textX *tmp261
+  725 op add :drawItemColor.6:textX :drawItemColor.6:textEnd *tmp260
   726 draw col %[white]
   727 op add *tmp262 :drawItemColor.6:y 5
   728 draw image :drawItemColor.6:iconX *tmp262 :drawItemColor.6:item 14 0
 
   741 print 40
   742 draw print :drawText.20:x :drawText.20:y :drawText.20:alignment
   743 label *label130
-    * op add *tmp265 :drawBold.6:x 1
-    * set :drawText.21:x *tmp265
+  744 op add :drawText.21:x :drawBold.6:x 1
   745 set :drawText.21:y :drawBold.6:y
   746 set :drawText.21:alignment :drawBold.6:alignment
   747 print 40
 
   778 set :drawItemColor.7:target :drawItem.7:target
   779 op mul *tmp269 :drawItemColor.7:columns 176
   780 op div *tmp270 *tmp269 2
-    * op sub *tmp271 214 *tmp270
-    * set :drawItemColor.7:barLength *tmp271
-    * op add *tmp272 48 :drawItemColor.7:barLength
-    * set :drawItemColor.7:textEnd *tmp272
+  781 op sub :drawItemColor.7:barLength 214 *tmp270
+  782 op add :drawItemColor.7:textEnd 48 :drawItemColor.7:barLength
   783 op mul *tmp273 :drawItemColor.7:barLength :drawItemColor.7:current
   784 op div *tmp274 *tmp273 :drawItemColor.7:target
-    * op min *tmp275 :drawItemColor.7:barLength *tmp274
-    * set :drawItemColor.7:length *tmp275
+  785 op min :drawItemColor.7:length :drawItemColor.7:barLength *tmp274
   786 op mul *tmp276 :drawItemColor.7:col 176
   787 op div *tmp277 *tmp276 2
-    * op add *tmp278 11 *tmp277
-    * set :drawItemColor.7:iconX *tmp278
+  788 op add :drawItemColor.7:iconX 11 *tmp277
   789 op mul *tmp279 :drawItemColor.7:col 176
   790 op div *tmp280 *tmp279 2
-    * op add *tmp281 22 *tmp280
-    * set :drawItemColor.7:barX *tmp281
+  791 op add :drawItemColor.7:barX 22 *tmp280
   792 op mul *tmp282 :drawItemColor.7:col 176
   793 op div *tmp283 *tmp282 2
-    * op add *tmp284 :drawItemColor.7:textEnd *tmp283
-    * set :drawItemColor.7:textX *tmp284
+  794 op add :drawItemColor.7:textX :drawItemColor.7:textEnd *tmp283
   795 draw col %[white]
   796 op add *tmp285 :drawItemColor.7:y 5
   797 draw image :drawItemColor.7:iconX *tmp285 :drawItemColor.7:item 14 0
 
   810 print 40
   811 draw print :drawText.22:x :drawText.22:y :drawText.22:alignment
   812 label *label137
-    * op add *tmp288 :drawBold.7:x 1
-    * set :drawText.23:x *tmp288
+  813 op add :drawText.23:x :drawBold.7:x 1
   814 set :drawText.23:y :drawBold.7:y
   815 set :drawText.23:alignment :drawBold.7:alignment
   816 print 40
 
   850 set :drawItemColor.8:target :drawItem.8:target
   851 op mul *tmp293 :drawItemColor.8:columns 176
   852 op div *tmp294 *tmp293 2
-    * op sub *tmp295 214 *tmp294
-    * set :drawItemColor.8:barLength *tmp295
-    * op add *tmp296 48 :drawItemColor.8:barLength
-    * set :drawItemColor.8:textEnd *tmp296
+  853 op sub :drawItemColor.8:barLength 214 *tmp294
+  854 op add :drawItemColor.8:textEnd 48 :drawItemColor.8:barLength
   855 op mul *tmp297 :drawItemColor.8:barLength :drawItemColor.8:current
   856 op div *tmp298 *tmp297 :drawItemColor.8:target
-    * op min *tmp299 :drawItemColor.8:barLength *tmp298
-    * set :drawItemColor.8:length *tmp299
+  857 op min :drawItemColor.8:length :drawItemColor.8:barLength *tmp298
   858 op mul *tmp300 :drawItemColor.8:col 176
   859 op div *tmp301 *tmp300 2
-    * op add *tmp302 11 *tmp301
-    * set :drawItemColor.8:iconX *tmp302
+  860 op add :drawItemColor.8:iconX 11 *tmp301
   861 op mul *tmp303 :drawItemColor.8:col 176
   862 op div *tmp304 *tmp303 2
-    * op add *tmp305 22 *tmp304
-    * set :drawItemColor.8:barX *tmp305
+  863 op add :drawItemColor.8:barX 22 *tmp304
   864 op mul *tmp306 :drawItemColor.8:col 176
   865 op div *tmp307 *tmp306 2
-    * op add *tmp308 :drawItemColor.8:textEnd *tmp307
-    * set :drawItemColor.8:textX *tmp308
+  866 op add :drawItemColor.8:textX :drawItemColor.8:textEnd *tmp307
   867 draw col %[white]
   868 op add *tmp309 :drawItemColor.8:y 5
   869 draw image :drawItemColor.8:iconX *tmp309 :drawItemColor.8:item 14 0
 
   883 print "%"
   884 draw print :drawText.24:x :drawText.24:y :drawText.24:alignment
   885 label *label144
-    * op add *tmp312 :drawBold.8:x 1
-    * set :drawText.25:x *tmp312
+  886 op add :drawText.25:x :drawBold.8:x 1
   887 set :drawText.25:y :drawBold.8:y
   888 set :drawText.25:alignment :drawBold.8:alignment
   889 print *tmp292
 
   915 label *label149
   916 label *label150
   917 draw col %[white]
-    * op min *tmp317 :updateDisplay:y 142
-    * set :updateDisplay:y *tmp317
+  918 op min :updateDisplay:y :updateDisplay:y 142
   919 set :drawTitleRow.4:y :updateDisplay:y
   920 set :drawTitleRow.4:alignment @bottomLeft
   921 set :drawText.26:x 22
 
   933 op sub :drawTitleRow.4:y :drawTitleRow.4:y 15
   934 label *label151
   935 set :updateDisplay:y :drawTitleRow.4:y
-    * sensor *tmp318 AÁNBJc-multiplicative-reconstructor25 @progress
-    * set :drawMultiReco:progress *tmp318
+  936 sensor :drawMultiReco:progress AÁNBJc-multiplicative-reconstructor25 @progress
   937 op equal *tmp319 :drawMultiReco:progress 0
   938 jump *label154 equal *tmp319 false
   939 sensor *tmp321 AÁNBJc-multiplicative-reconstructor25 @metaglass
 
   953 set :drawItemColor.9:target :drawItem.9:target
   954 op mul *tmp322 :drawItemColor.9:columns 176
   955 op div *tmp323 *tmp322 2
-    * op sub *tmp324 214 *tmp323
-    * set :drawItemColor.9:barLength *tmp324
-    * op add *tmp325 48 :drawItemColor.9:barLength
-    * set :drawItemColor.9:textEnd *tmp325
+  956 op sub :drawItemColor.9:barLength 214 *tmp323
+  957 op add :drawItemColor.9:textEnd 48 :drawItemColor.9:barLength
   958 op mul *tmp326 :drawItemColor.9:barLength :drawItemColor.9:current
   959 op div *tmp327 *tmp326 :drawItemColor.9:target
-    * op min *tmp328 :drawItemColor.9:barLength *tmp327
-    * set :drawItemColor.9:length *tmp328
+  960 op min :drawItemColor.9:length :drawItemColor.9:barLength *tmp327
   961 op mul *tmp329 :drawItemColor.9:col 176
   962 op div *tmp330 *tmp329 2
-    * op add *tmp331 11 *tmp330
-    * set :drawItemColor.9:iconX *tmp331
+  963 op add :drawItemColor.9:iconX 11 *tmp330
   964 op mul *tmp332 :drawItemColor.9:col 176
   965 op div *tmp333 *tmp332 2
-    * op add *tmp334 22 *tmp333
-    * set :drawItemColor.9:barX *tmp334
+  966 op add :drawItemColor.9:barX 22 *tmp333
   967 op mul *tmp335 :drawItemColor.9:col 176
   968 op div *tmp336 *tmp335 2
-    * op add *tmp337 :drawItemColor.9:textEnd *tmp336
-    * set :drawItemColor.9:textX *tmp337
+  969 op add :drawItemColor.9:textX :drawItemColor.9:textEnd *tmp336
   970 draw col %[white]
   971 op add *tmp338 :drawItemColor.9:y 5
   972 draw image :drawItemColor.9:iconX *tmp338 :drawItemColor.9:item 14 0
 
   985 print 40
   986 draw print :drawText.28:x :drawText.28:y :drawText.28:alignment
   987 label *label159
-    * op add *tmp341 :drawBold.9:x 1
-    * set :drawText.29:x *tmp341
+  988 op add :drawText.29:x :drawBold.9:x 1
   989 set :drawText.29:y :drawBold.9:y
   990 set :drawText.29:alignment :drawBold.9:alignment
   991 print 40
 
  1022 set :drawItemColor.10:target :drawItem.10:target
  1023 op mul *tmp345 :drawItemColor.10:columns 176
  1024 op div *tmp346 *tmp345 2
-    * op sub *tmp347 214 *tmp346
-    * set :drawItemColor.10:barLength *tmp347
-    * op add *tmp348 48 :drawItemColor.10:barLength
-    * set :drawItemColor.10:textEnd *tmp348
+ 1025 op sub :drawItemColor.10:barLength 214 *tmp346
+ 1026 op add :drawItemColor.10:textEnd 48 :drawItemColor.10:barLength
  1027 op mul *tmp349 :drawItemColor.10:barLength :drawItemColor.10:current
  1028 op div *tmp350 *tmp349 :drawItemColor.10:target
-    * op min *tmp351 :drawItemColor.10:barLength *tmp350
-    * set :drawItemColor.10:length *tmp351
+ 1029 op min :drawItemColor.10:length :drawItemColor.10:barLength *tmp350
  1030 op mul *tmp352 :drawItemColor.10:col 176
  1031 op div *tmp353 *tmp352 2
-    * op add *tmp354 11 *tmp353
-    * set :drawItemColor.10:iconX *tmp354
+ 1032 op add :drawItemColor.10:iconX 11 *tmp353
  1033 op mul *tmp355 :drawItemColor.10:col 176
  1034 op div *tmp356 *tmp355 2
-    * op add *tmp357 22 *tmp356
-    * set :drawItemColor.10:barX *tmp357
+ 1035 op add :drawItemColor.10:barX 22 *tmp356
  1036 op mul *tmp358 :drawItemColor.10:col 176
  1037 op div *tmp359 *tmp358 2
-    * op add *tmp360 :drawItemColor.10:textEnd *tmp359
-    * set :drawItemColor.10:textX *tmp360
+ 1038 op add :drawItemColor.10:textX :drawItemColor.10:textEnd *tmp359
  1039 draw col %[white]
  1040 op add *tmp361 :drawItemColor.10:y 5
  1041 draw image :drawItemColor.10:iconX *tmp361 :drawItemColor.10:item 14 0
 
  1054 print 80
  1055 draw print :drawText.30:x :drawText.30:y :drawText.30:alignment
  1056 label *label166
-    * op add *tmp364 :drawBold.10:x 1
-    * set :drawText.31:x *tmp364
+ 1057 op add :drawText.31:x :drawBold.10:x 1
  1058 set :drawText.31:y :drawBold.10:y
  1059 set :drawText.31:alignment :drawBold.10:alignment
  1060 print 80
 
  1091 set :drawItemColor.11:target :drawItem.11:target
  1092 op mul *tmp368 :drawItemColor.11:columns 176
  1093 op div *tmp369 *tmp368 2
-    * op sub *tmp370 214 *tmp369
-    * set :drawItemColor.11:barLength *tmp370
-    * op add *tmp371 48 :drawItemColor.11:barLength
-    * set :drawItemColor.11:textEnd *tmp371
+ 1094 op sub :drawItemColor.11:barLength 214 *tmp369
+ 1095 op add :drawItemColor.11:textEnd 48 :drawItemColor.11:barLength
  1096 op mul *tmp372 :drawItemColor.11:barLength :drawItemColor.11:current
  1097 op div *tmp373 *tmp372 :drawItemColor.11:target
-    * op min *tmp374 :drawItemColor.11:barLength *tmp373
-    * set :drawItemColor.11:length *tmp374
+ 1098 op min :drawItemColor.11:length :drawItemColor.11:barLength *tmp373
  1099 op mul *tmp375 :drawItemColor.11:col 176
  1100 op div *tmp376 *tmp375 2
-    * op add *tmp377 11 *tmp376
-    * set :drawItemColor.11:iconX *tmp377
+ 1101 op add :drawItemColor.11:iconX 11 *tmp376
  1102 op mul *tmp378 :drawItemColor.11:col 176
  1103 op div *tmp379 *tmp378 2
-    * op add *tmp380 22 *tmp379
-    * set :drawItemColor.11:barX *tmp380
+ 1104 op add :drawItemColor.11:barX 22 *tmp379
  1105 op mul *tmp381 :drawItemColor.11:col 176
  1106 op div *tmp382 *tmp381 2
-    * op add *tmp383 :drawItemColor.11:textEnd *tmp382
-    * set :drawItemColor.11:textX *tmp383
+ 1107 op add :drawItemColor.11:textX :drawItemColor.11:textEnd *tmp382
  1108 draw col %[white]
  1109 op add *tmp384 :drawItemColor.11:y 5
  1110 draw image :drawItemColor.11:iconX *tmp384 :drawItemColor.11:item 14 0
 
  1123 print 130
  1124 draw print :drawText.32:x :drawText.32:y :drawText.32:alignment
  1125 label *label173
-    * op add *tmp387 :drawBold.11:x 1
-    * set :drawText.33:x *tmp387
+ 1126 op add :drawText.33:x :drawBold.11:x 1
  1127 set :drawText.33:y :drawBold.11:y
  1128 set :drawText.33:alignment :drawBold.11:alignment
  1129 print 130
 
  1163 set :drawItemColor.12:target :drawItem.12:target
  1164 op mul *tmp392 :drawItemColor.12:columns 176
  1165 op div *tmp393 *tmp392 2
-    * op sub *tmp394 214 *tmp393
-    * set :drawItemColor.12:barLength *tmp394
-    * op add *tmp395 48 :drawItemColor.12:barLength
-    * set :drawItemColor.12:textEnd *tmp395
+ 1166 op sub :drawItemColor.12:barLength 214 *tmp393
+ 1167 op add :drawItemColor.12:textEnd 48 :drawItemColor.12:barLength
  1168 op mul *tmp396 :drawItemColor.12:barLength :drawItemColor.12:current
  1169 op div *tmp397 *tmp396 :drawItemColor.12:target
-    * op min *tmp398 :drawItemColor.12:barLength *tmp397
-    * set :drawItemColor.12:length *tmp398
+ 1170 op min :drawItemColor.12:length :drawItemColor.12:barLength *tmp397
  1171 op mul *tmp399 :drawItemColor.12:col 176
  1172 op div *tmp400 *tmp399 2
-    * op add *tmp401 11 *tmp400
-    * set :drawItemColor.12:iconX *tmp401
+ 1173 op add :drawItemColor.12:iconX 11 *tmp400
  1174 op mul *tmp402 :drawItemColor.12:col 176
  1175 op div *tmp403 *tmp402 2
-    * op add *tmp404 22 *tmp403
-    * set :drawItemColor.12:barX *tmp404
+ 1176 op add :drawItemColor.12:barX 22 *tmp403
  1177 op mul *tmp405 :drawItemColor.12:col 176
  1178 op div *tmp406 *tmp405 2
-    * op add *tmp407 :drawItemColor.12:textEnd *tmp406
-    * set :drawItemColor.12:textX *tmp407
+ 1179 op add :drawItemColor.12:textX :drawItemColor.12:textEnd *tmp406
  1180 draw col %[white]
  1181 op add *tmp408 :drawItemColor.12:y 5
  1182 draw image :drawItemColor.12:iconX *tmp408 :drawItemColor.12:item 14 0
 
  1196 print "%"
  1197 draw print :drawText.34:x :drawText.34:y :drawText.34:alignment
  1198 label *label180
-    * op add *tmp411 :drawBold.12:x 1
-    * set :drawText.35:x *tmp411
+ 1199 op add :drawText.35:x :drawBold.12:x 1
  1200 set :drawText.35:y :drawBold.12:y
  1201 set :drawText.35:alignment :drawBold.12:alignment
  1202 print *tmp391
 
  1266 set :drawItemColor.13:target :drawItem.13:target
  1267 op mul *tmp418 :drawItemColor.13:columns 176
  1268 op div *tmp419 *tmp418 2
-    * op sub *tmp420 214 *tmp419
-    * set :drawItemColor.13:barLength *tmp420
-    * op add *tmp421 48 :drawItemColor.13:barLength
-    * set :drawItemColor.13:textEnd *tmp421
+ 1269 op sub :drawItemColor.13:barLength 214 *tmp419
+ 1270 op add :drawItemColor.13:textEnd 48 :drawItemColor.13:barLength
  1271 op mul *tmp422 :drawItemColor.13:barLength :drawItemColor.13:current
  1272 op div *tmp423 *tmp422 :drawItemColor.13:target
-    * op min *tmp424 :drawItemColor.13:barLength *tmp423
-    * set :drawItemColor.13:length *tmp424
+ 1273 op min :drawItemColor.13:length :drawItemColor.13:barLength *tmp423
  1274 op mul *tmp425 :drawItemColor.13:col 176
  1275 op div *tmp426 *tmp425 2
-    * op add *tmp427 11 *tmp426
-    * set :drawItemColor.13:iconX *tmp427
+ 1276 op add :drawItemColor.13:iconX 11 *tmp426
  1277 op mul *tmp428 :drawItemColor.13:col 176
  1278 op div *tmp429 *tmp428 2
-    * op add *tmp430 22 *tmp429
-    * set :drawItemColor.13:barX *tmp430
+ 1279 op add :drawItemColor.13:barX 22 *tmp429
  1280 op mul *tmp431 :drawItemColor.13:col 176
  1281 op div *tmp432 *tmp431 2
-    * op add *tmp433 :drawItemColor.13:textEnd *tmp432
-    * set :drawItemColor.13:textX *tmp433
+ 1282 op add :drawItemColor.13:textX :drawItemColor.13:textEnd *tmp432
  1283 draw col %[white]
  1284 op add *tmp434 :drawItemColor.13:y 5
  1285 draw image :drawItemColor.13:iconX *tmp434 :drawItemColor.13:item 14 0
 
  1295 set :drawText.38:x :drawBold.13:x
  1296 set :drawText.38:y :drawBold.13:y
  1297 set :drawText.38:alignment :drawBold.13:alignment
-    * set *tmp437 .transportTarget
-    * print *tmp437
+ 1298 print .transportTarget
  1299 draw print :drawText.38:x :drawText.38:y :drawText.38:alignment
  1300 label *label196
-    * op add *tmp438 :drawBold.13:x 1
-    * set :drawText.39:x *tmp438
+ 1301 op add :drawText.39:x :drawBold.13:x 1
  1302 set :drawText.39:y :drawBold.13:y
  1303 set :drawText.39:alignment :drawBold.13:alignment
-    * set *tmp439 .transportTarget
-    * print *tmp439
+ 1304 print .transportTarget
  1305 draw print :drawText.39:x :drawText.39:y :drawText.39:alignment
  1306 label *label197
  1307 label *label195
 
  1322 set :updateDisplay:y :drawUnit:y
  1323 jump *label191 always
  1324 label *label190
-    * sensor *tmp442 @unit @firstItem
-    * set :drawBuilder:unitItem *tmp442
+ 1325 sensor :drawBuilder:unitItem @unit @firstItem
  1326 sensor *tmp443 @unit @totalItems
  1327 op equal *tmp444 :drawBuilder:unitItem .transportItem
  1328 op mul *tmp445 *tmp443 *tmp444
 
  1345 set :drawItemColor.14:target :drawItem.14:target
  1346 op mul *tmp446 :drawItemColor.14:columns 176
  1347 op div *tmp447 *tmp446 2
-    * op sub *tmp448 214 *tmp447
-    * set :drawItemColor.14:barLength *tmp448
-    * op add *tmp449 48 :drawItemColor.14:barLength
-    * set :drawItemColor.14:textEnd *tmp449
+ 1348 op sub :drawItemColor.14:barLength 214 *tmp447
+ 1349 op add :drawItemColor.14:textEnd 48 :drawItemColor.14:barLength
  1350 op mul *tmp450 :drawItemColor.14:barLength :drawItemColor.14:current
  1351 op div *tmp451 *tmp450 :drawItemColor.14:target
-    * op min *tmp452 :drawItemColor.14:barLength *tmp451
-    * set :drawItemColor.14:length *tmp452
+ 1352 op min :drawItemColor.14:length :drawItemColor.14:barLength *tmp451
  1353 op mul *tmp453 :drawItemColor.14:col 176
  1354 op div *tmp454 *tmp453 2
-    * op add *tmp455 11 *tmp454
-    * set :drawItemColor.14:iconX *tmp455
+ 1355 op add :drawItemColor.14:iconX 11 *tmp454
  1356 op mul *tmp456 :drawItemColor.14:col 176
  1357 op div *tmp457 *tmp456 2
-    * op add *tmp458 22 *tmp457
-    * set :drawItemColor.14:barX *tmp458
+ 1358 op add :drawItemColor.14:barX 22 *tmp457
  1359 op mul *tmp459 :drawItemColor.14:col 176
  1360 op div *tmp460 *tmp459 2
-    * op add *tmp461 :drawItemColor.14:textEnd *tmp460
-    * set :drawItemColor.14:textX *tmp461
+ 1361 op add :drawItemColor.14:textX :drawItemColor.14:textEnd *tmp460
  1362 draw col %[white]
  1363 op add *tmp462 :drawItemColor.14:y 5
  1364 draw image :drawItemColor.14:iconX *tmp462 :drawItemColor.14:item 14 0
 
  1374 set :drawText.40:x :drawBold.14:x
  1375 set :drawText.40:y :drawBold.14:y
  1376 set :drawText.40:alignment :drawBold.14:alignment
-    * set *tmp465 .transportTarget
-    * print *tmp465
+ 1377 print .transportTarget
  1378 draw print :drawText.40:x :drawText.40:y :drawText.40:alignment
  1379 label *label204
-    * op add *tmp466 :drawBold.14:x 1
-    * set :drawText.41:x *tmp466
+ 1380 op add :drawText.41:x :drawBold.14:x 1
  1381 set :drawText.41:y :drawBold.14:y
  1382 set :drawText.41:alignment :drawBold.14:alignment
-    * set *tmp467 .transportTarget
-    * print *tmp467
+ 1383 print .transportTarget
  1384 draw print :drawText.41:x :drawText.41:y :drawText.41:alignment
  1385 label *label205
  1386 label *label203
 
  1444 op sub :drawTitleRow.6:y :drawTitleRow.6:y 15
  1445 label *label217
  1446 set :drawPower:pos :drawTitleRow.6:y
-    * sensor *tmp476 AJTJK-battery1 @totalPower
-    * set :drawPower:power *tmp476
+ 1447 sensor :drawPower:power AJTJK-battery1 @totalPower
  1448 op mul *tmp477 :drawPower:power 100
  1449 op div *tmp478 *tmp477 4000
  1450 op floor *tmp479 *tmp478
 
  1458 set :drawItemColor.15:target 4000
  1459 op mul *tmp480 :drawItemColor.15:columns 176
  1460 op div *tmp481 *tmp480 2
-    * op sub *tmp482 214 *tmp481
-    * set :drawItemColor.15:barLength *tmp482
-    * op add *tmp483 48 :drawItemColor.15:barLength
-    * set :drawItemColor.15:textEnd *tmp483
+ 1461 op sub :drawItemColor.15:barLength 214 *tmp481
+ 1462 op add :drawItemColor.15:textEnd 48 :drawItemColor.15:barLength
  1463 op mul *tmp484 :drawItemColor.15:barLength :drawItemColor.15:current
  1464 op div *tmp485 *tmp484 :drawItemColor.15:target
-    * op min *tmp486 :drawItemColor.15:barLength *tmp485
-    * set :drawItemColor.15:length *tmp486
+ 1465 op min :drawItemColor.15:length :drawItemColor.15:barLength *tmp485
  1466 op mul *tmp487 :drawItemColor.15:col 176
  1467 op div *tmp488 *tmp487 2
-    * op add *tmp489 11 *tmp488
-    * set :drawItemColor.15:iconX *tmp489
+ 1468 op add :drawItemColor.15:iconX 11 *tmp488
  1469 op mul *tmp490 :drawItemColor.15:col 176
  1470 op div *tmp491 *tmp490 2
-    * op add *tmp492 22 *tmp491
-    * set :drawItemColor.15:barX *tmp492
+ 1471 op add :drawItemColor.15:barX 22 *tmp491
  1472 op mul *tmp493 :drawItemColor.15:col 176
  1473 op div *tmp494 *tmp493 2
-    * op add *tmp495 :drawItemColor.15:textEnd *tmp494
-    * set :drawItemColor.15:textX *tmp495
+ 1474 op add :drawItemColor.15:textX :drawItemColor.15:textEnd *tmp494
  1475 draw col %[white]
  1476 op add *tmp496 :drawItemColor.15:y 5
  1477 draw image :drawItemColor.15:iconX *tmp496 :drawItemColor.15:item 14 0
 
  1491 print "%"
  1492 draw print :drawText.44:x :drawText.44:y :drawText.44:alignment
  1493 label *label222
-    * op add *tmp499 :drawBold.15:x 1
-    * set :drawText.45:x *tmp499
+ 1494 op add :drawText.45:x :drawBold.15:x 1
  1495 set :drawText.45:y :drawBold.15:y
  1496 set :drawText.45:alignment :drawBold.15:alignment
  1497 print *tmp479
 
  1510 label *label220
  1511 set :drawPower:pos :drawItemColor.15:y
  1512 jump *label226 equal AÜAOJ[-liquid-container17 false
-    * sensor *tmp503 AÜAOJ[-liquid-container17 @totalLiquids
-    * set :drawPower:water *tmp503
+ 1513 sensor :drawPower:water AÜAOJ[-liquid-container17 @totalLiquids
  1514 op mul *tmp504 :drawPower:water 100
  1515 op div *tmp505 *tmp504 700
  1516 op floor *tmp506 *tmp505
 
  1524 set :drawItemColor.16:target 700
  1525 op mul *tmp507 :drawItemColor.16:columns 176
  1526 op div *tmp508 *tmp507 2
-    * op sub *tmp509 214 *tmp508
-    * set :drawItemColor.16:barLength *tmp509
-    * op add *tmp510 48 :drawItemColor.16:barLength
-    * set :drawItemColor.16:textEnd *tmp510
+ 1527 op sub :drawItemColor.16:barLength 214 *tmp508
+ 1528 op add :drawItemColor.16:textEnd 48 :drawItemColor.16:barLength
  1529 op mul *tmp511 :drawItemColor.16:barLength :drawItemColor.16:current
  1530 op div *tmp512 *tmp511 :drawItemColor.16:target
-    * op min *tmp513 :drawItemColor.16:barLength *tmp512
-    * set :drawItemColor.16:length *tmp513
+ 1531 op min :drawItemColor.16:length :drawItemColor.16:barLength *tmp512
  1532 op mul *tmp514 :drawItemColor.16:col 176
  1533 op div *tmp515 *tmp514 2
-    * op add *tmp516 11 *tmp515
-    * set :drawItemColor.16:iconX *tmp516
+ 1534 op add :drawItemColor.16:iconX 11 *tmp515
  1535 op mul *tmp517 :drawItemColor.16:col 176
  1536 op div *tmp518 *tmp517 2
-    * op add *tmp519 22 *tmp518
-    * set :drawItemColor.16:barX *tmp519
+ 1537 op add :drawItemColor.16:barX 22 *tmp518
  1538 op mul *tmp520 :drawItemColor.16:col 176
  1539 op div *tmp521 *tmp520 2
-    * op add *tmp522 :drawItemColor.16:textEnd *tmp521
-    * set :drawItemColor.16:textX *tmp522
+ 1540 op add :drawItemColor.16:textX :drawItemColor.16:textEnd *tmp521
  1541 draw col %[white]
  1542 op add *tmp523 :drawItemColor.16:y 5
  1543 draw image :drawItemColor.16:iconX *tmp523 :drawItemColor.16:item 14 0
 
  1557 print "%"
  1558 draw print :drawText.46:x :drawText.46:y :drawText.46:alignment
  1559 label *label230
-    * op add *tmp526 :drawBold.16:x 1
-    * set :drawText.47:x *tmp526
+ 1560 op add :drawText.47:x :drawBold.16:x 1
  1561 set :drawText.47:y :drawBold.16:y
  1562 set :drawText.47:alignment :drawBold.16:alignment
  1563 print *tmp506
 
  1586 label *label21
  1587 op equal *tmp529 .page 1
  1588 jump *label234 equal *tmp529 false
-    * read *tmp532 bank2 510
-    * set :displayStorage:tail *tmp532
+ 1589 read :displayStorage:tail bank2 510
  1590 set :displayStorage:START 190
  1591 jump *label237 equal .pageSwitched false
-    * read *tmp535 bank2 511
-    * set .lastTail *tmp535
+ 1592 read .lastTail bank2 511
  1593 draw col %[gold]
  1594 set :drawBold.17:x 11
  1595 set :drawBold.17:y 206
 
  1600 print "Resources"
  1601 draw print :drawText.48:x :drawText.48:y :drawText.48:alignment
  1602 label *label240
-    * op add *tmp536 :drawBold.17:x 1
-    * set :drawText.49:x *tmp536
+ 1603 op add :drawText.49:x :drawBold.17:x 1
  1604 set :drawText.49:y :drawBold.17:y
  1605 set :drawText.49:alignment :drawBold.17:alignment
  1606 print "Resources"
 
  1608 label *label241
  1609 label *label239
  1610 draw col %[white]
-    * op sub *tmp537 :displayStorage:START 8
-    * set :displayStorage:y *tmp537
+ 1611 op sub :displayStorage:y :displayStorage:START 8
  1612 set :displayStorage:item @copper
  1613 setaddr *tmp538 *label245
  1614 jump *label242 always
 
  1663 jump *label256 always
  1664 label *label255
  1665 label *label256
-    * set *tmp541 .lastTail
-    * read *tmp543 bank2 *tmp541
-    * set :displayStorage:accumulator *tmp543
-    * op add *tmp544 25 .lastTail
-    * set :displayStorage:x *tmp544
-    * op sub *tmp545 :displayStorage:START 8
-    * set :displayStorage:y.1 *tmp545
+ 1666 read :displayStorage:accumulator bank2 .lastTail
+ 1667 op add :displayStorage:x 25 .lastTail
+ 1668 op sub :displayStorage:y.1 :displayStorage:START 8
  1669 set :displayStorage:i 0
  1670 label *label257
  1671 jump *label259 greaterThanEq :displayStorage:i 9
  1672 op and *tmp546 :displayStorage:accumulator 0b11111
-    * op sub *tmp547 *tmp546 8
-    * set :displayStorage:value *tmp547
+ 1673 op sub :displayStorage:value *tmp546 8
  1674 op greaterThanEq *tmp548 :displayStorage:value 0
  1675 jump *label260 equal *tmp548 false
  1676 set *tmp549 %[green]
 
  1719 print "Base map"
  1720 draw print :drawText.50:x :drawText.50:y :drawText.50:alignment
  1721 label *label270
-    * op add *tmp558 :drawBold.18:x 1
-    * set :drawText.51:x *tmp558
+ 1722 op add :drawText.51:x :drawBold.18:x 1
  1723 set :drawText.51:y :drawBold.18:y
  1724 set :drawText.51:alignment :drawBold.18:alignment
  1725 print "Base map"
 
  1745 set *tmp563 0
  1746 label *label273
  1747 jump *label275 greaterThanEq *tmp563 36
-    * set *tmp564 *tmp563
-    * readarr<internal:folded:regular> *tmp565 .BLOCKS[] *tmp564
-    * set :displayBaseMap:cfg *tmp565
+ 1748 readarr<internal:folded:regular> :displayBaseMap:cfg .BLOCKS[] *tmp563
  1749 op equal *tmp566 :displayBaseMap:cfg "AXPRJd-pulverizer26"
  1750 jump *label276 equal *tmp566 false
  1751 op equal *tmp568 .scrap false
 
  1784 op greaterThanEq *tmp576 :displayBaseMap:index 0
  1785 jump *label285 equal *tmp576 false
  1786 set .recentBuildIndex -1
-    * set *tmp578 :displayBaseMap:index
-    * readarr<internal:folded:regular> *tmp579 .BLOCKS[] *tmp578
-    * set :drawBlock:cfg *tmp579
+ 1787 readarr<internal:folded:regular> :drawBlock:cfg .BLOCKS[] :displayBaseMap:index
  1788 setaddr :drawBlock*retaddr *label287 (h:*label287)
  1789 call *label8 *invalid :drawBlock*retval (m:*label287) (h:*label287)
  1790 label *label287
 
  1807 label *label264
  1808 jump *label263 always
  1809 label *label262
-    * op sub *tmp582 .page 3
-    * set :displayLog:page *tmp582
-    * read *tmp584 bank1 511
-    * set :displayLog:logPosition *tmp584
-    * op sub *tmp585 511 :displayLog:logPosition
-    * set :displayLog:records *tmp585
+ 1810 op sub :displayLog:page .page 3
+ 1811 read :displayLog:logPosition bank1 511
+ 1812 op sub :displayLog:records 511 :displayLog:logPosition
  1813 op sub *tmp586 :displayLog:records 1
  1814 op idiv *tmp587 *tmp586 39
  1815 op add *tmp588 *tmp587 1
-    * op max *tmp589 1 *tmp588
-    * set :displayLog:pages *tmp589
-    * op add *tmp590 :displayLog:pages 3
-    * set .numPages *tmp590
+ 1816 op max :displayLog:pages 1 *tmp588
+ 1817 op add .numPages :displayLog:pages 3
  1818 op mul *tmp591 39 :displayLog:page
-    * op sub *tmp592 511 *tmp591
-    * set :displayLog:start *tmp592
+ 1819 op sub :displayLog:start 511 *tmp591
  1820 op sub *tmp593 :displayLog:start 39
-    * op max *tmp594 :displayLog:logPosition *tmp593
-    * set :displayLog:stop *tmp594
+ 1821 op max :displayLog:stop :displayLog:logPosition *tmp593
  1822 jump *label291 equal .pageSwitched false
  1823 draw col %[gold]
  1824 set :drawBold.19:x 4
 
  1830 print "Build records"
  1831 draw print :drawText.52:x :drawText.52:y :drawText.52:alignment
  1832 label *label294
-    * op add *tmp596 :drawBold.19:x 1
-    * set :drawText.53:x *tmp596
+ 1833 op add :drawText.53:x :drawBold.19:x 1
  1834 set :drawText.53:y :drawBold.19:y
  1835 set :drawText.53:alignment :drawBold.19:alignment
  1836 print "Build records"
 
  1857 op sub :displayLog:position .lastRecord 1
  1858 label *label298
  1859 jump *label300 lessThan :displayLog:position *tmp598
-    * set *tmp599 :displayLog:position
-    * read *tmp601 bank1 *tmp599
-    * set :displayLog:record *tmp601
+ 1860 read :displayLog:record bank1 :displayLog:position
  1861 op sub *tmp602 :displayLog:start :displayLog:position
  1862 op sub *tmp603 *tmp602 1
  1863 set :displayRecord:record :displayLog:record
  1864 set :displayRecord:index *tmp603
-    * op idiv *tmp604 :displayRecord:index 13
-    * set :displayRecord:col *tmp604
-    * op mod *tmp605 :displayRecord:index 13
-    * set :displayRecord:row *tmp605
+ 1865 op idiv :displayRecord:col :displayRecord:index 13
+ 1866 op mod :displayRecord:row :displayRecord:index 13
  1867 op mul *tmp606 58 :displayRecord:col
-    * op add *tmp607 11 *tmp606
-    * set :displayRecord:x *tmp607
+ 1868 op add :displayRecord:x 11 *tmp606
  1869 op mul *tmp608 15 :displayRecord:row
-    * op sub *tmp609 189 *tmp608
-    * set :displayRecord:y *tmp609
-    * op mod *tmp610 :displayRecord:record 1000
-    * set :displayRecord:id *tmp610
+ 1870 op sub :displayRecord:y 189 *tmp608
+ 1871 op mod :displayRecord:id :displayRecord:record 1000
  1872 op greaterThan *tmp611 :displayRecord:id @blockCount
  1873 jump *label302 equal *tmp611 false
  1874 op sub *tmp613 :displayRecord:id @blockCount
-    * lookup unit *tmp614 *tmp613
-    * set *tmp612 *tmp614
+ 1875 lookup unit *tmp612 *tmp613
  1876 jump *label303 always
  1877 label *label302
-    * lookup block *tmp615 :displayRecord:id
-    * set *tmp612 *tmp615
+ 1878 lookup block *tmp612 :displayRecord:id
  1879 label *label303
  1880 set :displayRecord:icon *tmp612
  1881 op div *tmp616 :displayRecord:record 1000
  1882 op div *tmp617 *tmp616 120
-    * op floor *tmp618 *tmp617
-    * set :displayRecord:t *tmp618
-    * op idiv *tmp619 :displayRecord:t 60
-    * set :displayRecord:m *tmp619
-    * op mod *tmp620 :displayRecord:t 60
-    * set :displayRecord:s *tmp620
+ 1883 op floor :displayRecord:t *tmp617
+ 1884 op idiv :displayRecord:m :displayRecord:t 60
+ 1885 op mod :displayRecord:s :displayRecord:t 60
  1886 op lessThan *tmp621 :displayRecord:s 10
  1887 jump *label304 equal *tmp621 false
  1888 set *tmp622 "0"
 
  1915 op sub :displayLog:position :displayLog:position 1
  1916 jump *label298 always
  1917 label *label300
-    * op add *tmp628 :displayLog:stop 1
-    * set .lastRecord *tmp628
+ 1918 op add .lastRecord :displayLog:stop 1
  1919 drawflush display1
  1920 label *label290
  1921 label *label263
 
  1936 print "\n"
  1937 print "==================================[]"
  1938 print "\n"
-    * set *tmp631 .status1
-    * print *tmp631
+ 1939 print .status1
  1940 print "\n"
  1941 print .status2
  1942 print .item2
 
  1944 print .block2
  1945 print ")"
  1946 print "\n"
-    * set *tmp632 .status3
-    * print *tmp632
+ 1947 print .status3
  1948 print "\n"
  1949 printflush message1
  1950 label *label311
  1951 label *label310
-    * sensor *tmp633 switch1 @enabled
-    * set .pageSwitched *tmp633
+ 1952 sensor .pageSwitched switch1 @enabled
  1953 jump *label312 equal .pageSwitched false
  1954 control enabled switch1 false
  1955 op add *tmp636 .page 1
-    * op mod *tmp637 *tmp636 .numPages
-    * set .page *tmp637
+ 1956 op mod .page *tmp636 .numPages
  1957 drawflush null
  1958 draw reset
  1959 draw clear 0 0 32
 
  1977 draw scale 3.5 3.5
  1978 read *tmp641 processor2 "time"
  1979 op div *tmp640 *tmp641 120
-    * op floor *tmp642 *tmp640
-    * set :drawHeader:t *tmp642
-    * op idiv *tmp643 :drawHeader:t 60
-    * set :drawHeader:m *tmp643
-    * op mod *tmp644 :drawHeader:t 60
-    * set :drawHeader:s *tmp644
+ 1980 op floor :drawHeader:t *tmp640
+ 1981 op idiv :drawHeader:m :drawHeader:t 60
+ 1982 op mod :drawHeader:s :drawHeader:t 60
  1983 op lessThan *tmp645 :drawHeader:s 10
  1984 jump *label317 equal *tmp645 false
  1985 set *tmp646 "0"
 
  2000 print :drawHeader:s
  2001 draw print :drawText.56:x :drawText.56:y :drawText.56:alignment
  2002 label *label320
-    * op add *tmp647 :drawBold.20:x 1
-    * set :drawText.57:x *tmp647
+ 2003 op add :drawText.57:x :drawBold.20:x 1
  2004 set :drawText.57:y :drawBold.20:y
  2005 set :drawText.57:alignment :drawBold.20:alignment
  2006 print :drawHeader:m
 
  2024 print "Goal"
  2025 draw print :drawText.58:x :drawText.58:y :drawText.58:alignment
  2026 label *label323
-    * op add *tmp648 :drawBold.21:x 1
-    * set :drawText.59:x *tmp648
+ 2027 op add :drawText.59:x :drawBold.21:x 1
  2028 set :drawText.59:y :drawBold.21:y
  2029 set :drawText.59:alignment :drawBold.21:alignment
  2030 print "Goal"
 
  2043 jump *label328 always
  2044 label *label327
  2045 op add *tmp651 .nextBlock .nextFactory
-    * op add *tmp652 *tmp651 .nextAddReco
-    * set :drawHeader:count *tmp652
+ 2046 op add :drawHeader:count *tmp651 .nextAddReco
  2047 op equal *tmp653 :drawHeader:count 3
  2048 jump *label329 equal *tmp653 false
  2049 draw image 22 244 .nextBlock 18 0
 
  2111 set :drawHeader:tt @second
  2112 read *tmp666 processor2 "time"
  2113 op div *tmp665 *tmp666 120
-    * op floor *tmp667 *tmp665
-    * set :drawHeader:t.1 *tmp667
-    * op idiv *tmp668 :drawHeader:t.1 60
-    * set :drawHeader:m.1 *tmp668
-    * op mod *tmp669 :drawHeader:t.1 60
-    * set :drawHeader:s.1 *tmp669
+ 2114 op floor :drawHeader:t.1 *tmp665
+ 2115 op idiv :drawHeader:m.1 :drawHeader:t.1 60
+ 2116 op mod :drawHeader:s.1 :drawHeader:t.1 60
  2117 op lessThan *tmp670 :drawHeader:s.1 10
  2118 jump *label351 equal *tmp670 false
  2119 set *tmp671 "0"
 
  2127 print :drawHeader:s.1
  2128 op mul *tmp672 10 :drawHeader:t.1
  2129 op div *tmp673 *tmp672 :drawHeader:tt
-    * op round *tmp674 *tmp673
-    * set :drawHeader:ratio *tmp674
+ 2130 op round :drawHeader:ratio *tmp673
  2131 op idiv *tmp675 :drawHeader:ratio 10
  2132 op mod *tmp676 :drawHeader:ratio 10
  2133 print " (x"
 
  2142 label *label353
  2143 op notEqual *tmp677 A¨SSJh-container30 null
  2144 jump *label354 equal *tmp677 false
-    * sensor *tmp679 A¨SSJh-container30 @scrap
-    * set :drawHeader:count.1 *tmp679
+ 2145 sensor :drawHeader:count.1 A¨SSJh-container30 @scrap
  2146 set :drawHeader:x.1 174
  2147 op log10 *tmp680 :drawHeader:count.1
-    * op floor *tmp681 *tmp680
-    * set :drawHeader:len *tmp681
+ 2148 op floor :drawHeader:len *tmp680
  2149 set :drawText.61:x :drawHeader:x.1
  2150 set :drawText.61:y 255
  2151 set :drawText.61:alignment @topRight
 
  2157 op mul *tmp683 7 :drawHeader:len
  2158 op sub *tmp684 *tmp682 *tmp683
  2159 draw image *tmp684 246 @scrap 12 0
-    * sensor *tmp685 A¨SSJh-container30 @sand
-    * set :drawHeader:count.1 *tmp685
+ 2160 sensor :drawHeader:count.1 A¨SSJh-container30 @sand
  2161 set :drawHeader:x.1 124
  2162 op log10 *tmp686 :drawHeader:count.1
-    * op floor *tmp687 *tmp686
-    * set :drawHeader:len *tmp687
+ 2163 op floor :drawHeader:len *tmp686
  2164 set :drawText.62:x :drawHeader:x.1
  2165 set :drawText.62:y 255
  2166 set :drawText.62:alignment @topRight
 
  2176 label *label354
  2177 jump *label358 equal .titaniumDrill false
  2178 sensor *tmp692 .titaniumDrill @titanium
-    * op max *tmp693 .titaniumDrillCount *tmp692
-    * set :drawHeader:count.2 *tmp693
+ 2179 op max :drawHeader:count.2 .titaniumDrillCount *tmp692
  2180 set :drawHeader:x.2 174
  2181 op log10 *tmp694 :drawHeader:count.2
-    * op floor *tmp695 *tmp694
-    * set :drawHeader:len.1 *tmp695
+ 2182 op floor :drawHeader:len.1 *tmp694
  2183 set :drawText.63:x :drawHeader:x.2
  2184 set :drawText.63:y 255
  2185 set :drawText.63:alignment @topRight
 
  2195 label *label358
  2196 label *label359
  2197 jump *label361 equal .thoriumContainer false
-    * sensor *tmp700 .thoriumContainer @thorium
-    * set :drawHeader:count.3 *tmp700
+ 2198 sensor :drawHeader:count.3 .thoriumContainer @thorium
  2199 set :drawHeader:x.3 124
  2200 op log10 *tmp701 :drawHeader:count.3
-    * op floor *tmp702 *tmp701
-    * set :drawHeader:len.2 *tmp702
+ 2201 op floor :drawHeader:len.2 *tmp701
  2202 set :drawText.64:x :drawHeader:x.3
  2203 set :drawText.64:y 255
  2204 set :drawText.64:alignment @topRight
 
  2282 op add :unpackCfg:index :unpackCfg:index 1
  2283 read *tmp716 :unpackCfg:cfg *tmp715
  2284 op sub *tmp717 *tmp716 74
-    * lookup block *tmp718 *tmp717
-    * set :unpackCfg:type *tmp718
+ 2285 lookup block :unpackCfg:type *tmp717
  2286 set *tmp719 :unpackCfg:index
  2287 op add :unpackCfg:index :unpackCfg:index 1
  2288 read *tmp720 :unpackCfg:cfg *tmp719
  2289 op sub *tmp721 *tmp720 74
-    * op div *tmp722 *tmp721 2
-    * set :unpackCfg:x *tmp722
+ 2290 op div :unpackCfg:x *tmp721 2
  2291 set *tmp723 :unpackCfg:index
  2292 op add :unpackCfg:index :unpackCfg:index 1
  2293 read *tmp724 :unpackCfg:cfg *tmp723
  2294 op sub *tmp725 *tmp724 74
-    * op div *tmp726 *tmp725 2
-    * set :unpackCfg:y *tmp726
+ 2295 op div :unpackCfg:y *tmp725 2
  2296 set *tmp727 :unpackCfg:index
  2297 op add :unpackCfg:index :unpackCfg:index 1
  2298 read *tmp728 :unpackCfg:cfg *tmp727
-    * op sub *tmp729 *tmp728 74
-    * set :unpackCfg:rotation *tmp729
+ 2299 op sub :unpackCfg:rotation *tmp728 74
  2300 set *tmp730 :unpackCfg:index
  2301 op add :unpackCfg:index :unpackCfg:index 1
  2302 read *tmp731 :unpackCfg:cfg *tmp730
-    * op sub *tmp732 *tmp731 74
-    * set :unpackCfg:ind *tmp732
-    * sensor *tmp740 :unpackCfg:type @size
-    * set :unpackCfg:size *tmp740
+ 2303 op sub :unpackCfg:ind *tmp731 74
+ 2304 sensor :unpackCfg:size :unpackCfg:type @size
  2305 label *label378
  2306 set :unpackCfg2:type :unpackCfg:type
  2307 set :unpackCfg2:x :unpackCfg:x
 
  2317 set :drawBlock:size :unpackCfg2:size
  2318 set :drawBlock:index :unpackCfg2:index
  2319 op shl *tmp741 1 :drawBlock:index
-    * op and *tmp742 .blocksBuilt *tmp741
-    * set :drawBlock:built *tmp742
+ 2320 op and :drawBlock:built .blocksBuilt *tmp741
  2321 op add *tmp743 :drawBlock:built .pageSwitched
  2322 op equal *tmp744 *tmp743 0
  2323 jump *label379 equal *tmp744 false

Modifications by Iterated phase, Jump Normalization, pass 1, iteration 1 (-1 instructions):
 
    21 jump *label13 notEqual *tmp44 false
    22 label *label15
    23 label *label16
-    * jump *label18 equal true false
    24 sensor *tmp45 display1 @bufferSize
    25 op lessThan *tmp46 *tmp45 200
    26 jump *label19 equal *tmp46 false

Modifications by Iterated phase, Jump Straightening, pass 1, iteration 1 (-1 instructions):
 
    92 jump *label39 notEqual *tmp75 false
    93 label *label40
    94 op equal *tmp76 .nextBlock @ore-titanium
-    * jump *label39 notEqual *tmp76 false
-    * jump *label37 always
+   95 jump *label37 equal *tmp76 false
    96 label *label39
    97 set :drawTitleRow:y :updateDisplay:y
    98 set :drawTitleRow:alignment @bottomLeft

Modifications by Iterated phase, Condition Optimization, pass 1, iteration 1 (-63 instructions):
 
    17 ubind @poly
    18 ulocate building core false @copper *tmp41 *tmp42 *tmp43 .core
    19 label *label14
-    * op equal *tmp44 .core null
-    * jump *label13 notEqual *tmp44 false
+   20 jump *label13 equal .core null
    21 label *label15
    22 label *label16
    23 sensor *tmp45 display1 @bufferSize
-    * op lessThan *tmp46 *tmp45 200
-    * jump *label19 equal *tmp46 false
-    * op equal *tmp48 .page 0
-    * jump *label21 equal *tmp48 false
-    * op greaterThan *tmp50 .megas 0
-    * jump *label23 equal *tmp50 false
-    * op lessThan *tmp52 .animation 0
-    * jump *label26 equal *tmp52 false
+   24 jump *label19 greaterThanEq *tmp45 200
+   25 jump *label21 notEqual .page 0
+   26 jump *label23 lessThanEq .megas 0
+   27 jump *label26 greaterThanEq .animation 0
    28 draw color 0 0 32 80
    29 draw rect 0 0 176 176
    30 jump *label27 always
 
    64 label *label30
    65 set :animate:size *tmp67
    66 draw image :animate:x :animate:y @mega :animate:size 0
-    * op equal *tmp72 :animate:ratio 1
-    * jump *label31 equal *tmp72 false
+   67 jump *label31 notEqual :animate:ratio 1
    68 setaddr :drawHeader*retaddr *label33 (h:*label33)
    69 call *label7 *invalid :drawHeader*retval (m:*label33) (h:*label33)
    70 label *label33
 
    82 label *label35
    83 set :updateDisplay:y 201
    84 set :drawMaterials:col 0
-    * op equal *tmp75 .nextBlock @ore-thorium
-    * jump *label39 notEqual *tmp75 false
+   85 jump *label39 equal .nextBlock @ore-thorium
    86 label *label40
-    * op equal *tmp76 .nextBlock @ore-titanium
-    * jump *label37 equal *tmp76 false
+   87 jump *label37 notEqual .nextBlock @ore-titanium
    88 label *label39
    89 set :drawTitleRow:y :updateDisplay:y
    90 set :drawTitleRow:alignment @bottomLeft
 
   163 label *label48
   164 label *label46
   165 op add :drawItemColor:col :drawItemColor:col 1
-    * op greaterThanEq *tmp102 :drawItemColor:col :drawItemColor:columns
-    * jump *label49 equal *tmp102 false
+  166 jump *label49 lessThan :drawItemColor:col :drawItemColor:columns
   167 set :drawItemColor:col 0
   168 op sub :drawItemColor:y :drawItemColor:y 15
   169 jump *label50 always
 
   177 op sub :updateDisplay:y :updateDisplay:y 35
   178 jump *label38 always
   179 label *label37
-    * op notEqual *tmp104 .nextBlock null
-    * jump *label51 equal *tmp104 false
+  180 jump *label51 equal .nextBlock null
   181 set :drawMaterials:count .totalTargets
   182 set :drawTitleRow.1:y :updateDisplay:y
   183 set :drawTitleRow.1:alignment @bottomLeft
 
   232 set :drawMaterials:target .targetThorium
   233 setaddr *tmp108 *label67
   234 label *label58
-    * op greaterThan *tmp109 :drawMaterials:target 0
-    * jump *label68 equal *tmp109 false
+  235 jump *label68 lessThanEq :drawMaterials:target 0
   236 sensor *tmp111 .core :drawMaterials:item
   237 set :drawItem.1:col :drawMaterials:col
   238 set :drawItem.1:y :updateDisplay:y
 
   290 label *label74
   291 label *label72
   292 op add :drawItemColor.1:col :drawItemColor.1:col 1
-    * op greaterThanEq *tmp132 :drawItemColor.1:col :drawItemColor.1:columns
-    * jump *label75 equal *tmp132 false
+  293 jump *label75 lessThan :drawItemColor.1:col :drawItemColor.1:columns
   294 set :drawItemColor.1:col 0
   295 op sub :drawItemColor.1:y :drawItemColor.1:y 15
   296 jump *label76 always
 
   303 set :drawMaterials:col :drawItem.1:col
   304 set :updateDisplay:y :drawItem.1:y
   305 op sub :drawMaterials:count :drawMaterials:count 1
-    * op lessThanEq *tmp134 :drawMaterials:count 0
-    * jump *label77 equal *tmp134 false
+  306 jump *label77 greaterThan :drawMaterials:count 0
   307 jump *label60 always
   308 jump *label78 always
   309 label *label77
 
   318 jump *label57 always
   319 label *label56
   320 label *label57
-    * op lessThan *tmp136 .totalTargets 3
-    * jump *label79 equal *tmp136 false
+  321 jump *label79 greaterThanEq .totalTargets 3
   322 op sub *tmp138 3 .totalTargets
   323 op mul *tmp139 *tmp138 15
   324 op sub :updateDisplay:y :updateDisplay:y *tmp139
 
   331 label *label52
   332 label *label38
   333 label *label36
-    * op equal *tmp140 .nextFactory null
-    * jump *label82 equal *tmp140 false
+  334 jump *label82 notEqual .nextFactory null
   335 jump *label81 always
   336 jump *label83 always
   337 label *label82
 
   355 label *label84
   356 set :updateDisplay:y :drawTitleRow.2:y
   357 sensor :drawAirFactory:progress A¾BFLW-air-factory13 @progress
-    * op equal *tmp143 :drawAirFactory:progress 0
-    * jump *label87 equal *tmp143 false
-    * op equal *tmp145 .nextFactory @flare
-    * jump *label89 equal *tmp145 false
+  358 jump *label87 notEqual :drawAirFactory:progress 0
+  359 jump *label89 notEqual .nextFactory @flare
   360 sensor *tmp147 A¾BFLW-air-factory13 @silicon
   361 set :drawItem.2:col 0
   362 set :drawItem.2:y :updateDisplay:y
 
   414 label *label95
   415 label *label93
   416 op add :drawItemColor.2:col :drawItemColor.2:col 1
-    * op greaterThanEq *tmp168 :drawItemColor.2:col :drawItemColor.2:columns
-    * jump *label96 equal *tmp168 false
+  417 jump *label96 lessThan :drawItemColor.2:col :drawItemColor.2:columns
   418 set :drawItemColor.2:col 0
   419 op sub :drawItemColor.2:y :drawItemColor.2:y 15
   420 jump *label97 always
 
   485 label *label102
   486 label *label100
   487 op add :drawItemColor.3:col :drawItemColor.3:col 1
-    * op greaterThanEq *tmp191 :drawItemColor.3:col :drawItemColor.3:columns
-    * jump *label103 equal *tmp191 false
+  488 jump *label103 lessThan :drawItemColor.3:col :drawItemColor.3:columns
   489 set :drawItemColor.3:col 0
   490 op sub :drawItemColor.3:y :drawItemColor.3:y 15
   491 jump *label104 always
 
   553 label *label109
   554 label *label107
   555 op add :drawItemColor.4:col :drawItemColor.4:col 1
-    * op greaterThanEq *tmp214 :drawItemColor.4:col :drawItemColor.4:columns
-    * jump *label110 equal *tmp214 false
+  556 jump *label110 lessThan :drawItemColor.4:col :drawItemColor.4:columns
   557 set :drawItemColor.4:col 0
   558 op sub :drawItemColor.4:y :drawItemColor.4:y 15
   559 jump *label111 always
 
   627 label *label116
   628 label *label114
   629 op add :drawItemColor.5:col :drawItemColor.5:col 1
-    * op greaterThanEq *tmp238 :drawItemColor.5:col :drawItemColor.5:columns
-    * jump *label117 equal *tmp238 false
+  630 jump *label117 lessThan :drawItemColor.5:col :drawItemColor.5:columns
   631 set :drawItemColor.5:col 0
   632 op sub :drawItemColor.5:y :drawItemColor.5:y 15
   633 jump *label118 always
 
   642 label *label88
   643 op sub :updateDisplay:y :updateDisplay:y 5
   644 label *label81
-    * op equal *tmp240 .nextAddReco null
-    * jump *label120 equal *tmp240 false
+  645 jump *label120 notEqual .nextAddReco null
   646 jump *label119 always
   647 jump *label121 always
   648 label *label120
 
   666 label *label122
   667 set :updateDisplay:y :drawTitleRow.3:y
   668 sensor :drawAddReco:progress AÀF@Lb-additive-reconstructor24 @progress
-    * op equal *tmp243 :drawAddReco:progress 0
-    * jump *label125 equal *tmp243 false
+  669 jump *label125 notEqual :drawAddReco:progress 0
   670 sensor *tmp245 AÀF@Lb-additive-reconstructor24 @graphite
   671 set :drawItem.6:col 0
   672 set :drawItem.6:y :updateDisplay:y
 
   724 label *label131
   725 label *label129
   726 op add :drawItemColor.6:col :drawItemColor.6:col 1
-    * op greaterThanEq *tmp266 :drawItemColor.6:col :drawItemColor.6:columns
-    * jump *label132 equal *tmp266 false
+  727 jump *label132 lessThan :drawItemColor.6:col :drawItemColor.6:columns
   728 set :drawItemColor.6:col 0
   729 op sub :drawItemColor.6:y :drawItemColor.6:y 15
   730 jump *label133 always
 
   792 label *label138
   793 label *label136
   794 op add :drawItemColor.7:col :drawItemColor.7:col 1
-    * op greaterThanEq *tmp289 :drawItemColor.7:col :drawItemColor.7:columns
-    * jump *label139 equal *tmp289 false
+  795 jump *label139 lessThan :drawItemColor.7:col :drawItemColor.7:columns
   796 set :drawItemColor.7:col 0
   797 op sub :drawItemColor.7:y :drawItemColor.7:y 15
   798 jump *label140 always
 
   865 label *label145
   866 label *label143
   867 op add :drawItemColor.8:col :drawItemColor.8:col 1
-    * op greaterThanEq *tmp313 :drawItemColor.8:col :drawItemColor.8:columns
-    * jump *label146 equal *tmp313 false
+  868 jump *label146 lessThan :drawItemColor.8:col :drawItemColor.8:columns
   869 set :drawItemColor.8:col 0
   870 op sub :drawItemColor.8:y :drawItemColor.8:y 15
   871 jump *label147 always
 
   880 label *label126
   881 op sub :updateDisplay:y :updateDisplay:y 5
   882 label *label119
-    * op equal *tmp315 .nextMultiReco null
-    * jump *label149 equal *tmp315 false
+  883 jump *label149 notEqual .nextMultiReco null
   884 jump *label148 always
   885 jump *label150 always
   886 label *label149
 
   905 label *label151
   906 set :updateDisplay:y :drawTitleRow.4:y
   907 sensor :drawMultiReco:progress AÁNBJc-multiplicative-reconstructor25 @progress
-    * op equal *tmp319 :drawMultiReco:progress 0
-    * jump *label154 equal *tmp319 false
+  908 jump *label154 notEqual :drawMultiReco:progress 0
   909 sensor *tmp321 AÁNBJc-multiplicative-reconstructor25 @metaglass
   910 set :drawItem.9:col 0
   911 set :drawItem.9:y :updateDisplay:y
 
   963 label *label160
   964 label *label158
   965 op add :drawItemColor.9:col :drawItemColor.9:col 1
-    * op greaterThanEq *tmp342 :drawItemColor.9:col :drawItemColor.9:columns
-    * jump *label161 equal *tmp342 false
+  966 jump *label161 lessThan :drawItemColor.9:col :drawItemColor.9:columns
   967 set :drawItemColor.9:col 0
   968 op sub :drawItemColor.9:y :drawItemColor.9:y 15
   969 jump *label162 always
 
  1031 label *label167
  1032 label *label165
  1033 op add :drawItemColor.10:col :drawItemColor.10:col 1
-    * op greaterThanEq *tmp365 :drawItemColor.10:col :drawItemColor.10:columns
-    * jump *label168 equal *tmp365 false
+ 1034 jump *label168 lessThan :drawItemColor.10:col :drawItemColor.10:columns
  1035 set :drawItemColor.10:col 0
  1036 op sub :drawItemColor.10:y :drawItemColor.10:y 15
  1037 jump *label169 always
 
  1099 label *label174
  1100 label *label172
  1101 op add :drawItemColor.11:col :drawItemColor.11:col 1
-    * op greaterThanEq *tmp388 :drawItemColor.11:col :drawItemColor.11:columns
-    * jump *label175 equal *tmp388 false
+ 1102 jump *label175 lessThan :drawItemColor.11:col :drawItemColor.11:columns
  1103 set :drawItemColor.11:col 0
  1104 op sub :drawItemColor.11:y :drawItemColor.11:y 15
  1105 jump *label176 always
 
  1172 label *label181
  1173 label *label179
  1174 op add :drawItemColor.12:col :drawItemColor.12:col 1
-    * op greaterThanEq *tmp412 :drawItemColor.12:col :drawItemColor.12:columns
-    * jump *label182 equal *tmp412 false
+ 1175 jump *label182 lessThan :drawItemColor.12:col :drawItemColor.12:columns
  1176 set :drawItemColor.12:col 0
  1177 op sub :drawItemColor.12:y :drawItemColor.12:y 15
  1178 jump *label183 always
 
  1211 op sub :drawTitleRow.5:y :drawTitleRow.5:y 15
  1212 label *label187
  1213 set :updateDisplay:y :drawTitleRow.5:y
-    * op equal *tmp416 .transportItem null
-    * jump *label190 equal *tmp416 false
+ 1214 jump *label190 notEqual .transportItem null
  1215 set :drawUnit:item @poly
  1216 set :drawUnit:items 0
  1217 set :drawUnit:y :updateDisplay:y
 
  1271 label *label197
  1272 label *label195
  1273 op add :drawItemColor.13:col :drawItemColor.13:col 1
-    * op greaterThanEq *tmp440 :drawItemColor.13:col :drawItemColor.13:columns
-    * jump *label198 equal *tmp440 false
+ 1274 jump *label198 lessThan :drawItemColor.13:col :drawItemColor.13:columns
  1275 set :drawItemColor.13:col 0
  1276 op sub :drawItemColor.13:y :drawItemColor.13:y 15
  1277 jump *label199 always
 
  1349 label *label205
  1350 label *label203
  1351 op add :drawItemColor.14:col :drawItemColor.14:col 1
-    * op greaterThanEq *tmp468 :drawItemColor.14:col :drawItemColor.14:columns
-    * jump *label206 equal *tmp468 false
+ 1352 jump *label206 lessThan :drawItemColor.14:col :drawItemColor.14:columns
  1353 set :drawItemColor.14:col 0
  1354 op sub :drawItemColor.14:y :drawItemColor.14:y 15
  1355 jump *label207 always
 
  1364 set :updateDisplay:y :drawUnit.1:y
  1365 label *label191
  1366 label *label184
-    * op equal *tmp470 AJTJK-battery1 null
-    * jump *label209 equal *tmp470 false
+ 1367 jump *label209 notEqual AJTJK-battery1 null
  1368 jump *label208 always
  1369 jump *label210 always
  1370 label *label209
 
  1376 set *tmp472 20
  1377 label *label212
  1378 set :drawPower:pos *tmp472
-    * op lessThan *tmp473 :updateDisplay:y :drawPower:pos
-    * jump *label213 equal *tmp473 false
+ 1379 jump *label213 greaterThanEq :updateDisplay:y :drawPower:pos
  1380 jump *label208 always
  1381 jump *label214 always
  1382 label *label213
 
  1461 label *label223
  1462 label *label221
  1463 op add :drawItemColor.15:col :drawItemColor.15:col 1
-    * op greaterThanEq *tmp500 :drawItemColor.15:col :drawItemColor.15:columns
-    * jump *label224 equal *tmp500 false
+ 1464 jump *label224 lessThan :drawItemColor.15:col :drawItemColor.15:columns
  1465 set :drawItemColor.15:col 0
  1466 op sub :drawItemColor.15:y :drawItemColor.15:y 15
  1467 jump *label225 always
 
  1526 label *label231
  1527 label *label229
  1528 op add :drawItemColor.16:col :drawItemColor.16:col 1
-    * op greaterThanEq *tmp527 :drawItemColor.16:col :drawItemColor.16:columns
-    * jump *label232 equal *tmp527 false
+ 1529 jump *label232 lessThan :drawItemColor.16:col :drawItemColor.16:columns
  1530 set :drawItemColor.16:col 0
  1531 op sub :drawItemColor.16:y :drawItemColor.16:y 15
  1532 jump *label233 always
 
  1543 label *label24
  1544 jump *label22 always
  1545 label *label21
-    * op equal *tmp529 .page 1
-    * jump *label234 equal *tmp529 false
+ 1546 jump *label234 notEqual .page 1
  1547 read :displayStorage:tail bank2 510
  1548 set :displayStorage:START 190
  1549 jump *label237 equal .pageSwitched false
 
  1615 call *label7 *invalid :drawHeader*retval (m:*label254) (h:*label254)
  1616 label *label254
  1617 drawflush display1
-    * op greaterThan *tmp539 .lastTail :displayStorage:tail
-    * jump *label255 equal *tmp539 false
+ 1618 jump *label255 lessThanEq .lastTail :displayStorage:tail
  1619 jump *label236 always
  1620 jump *label256 always
  1621 label *label255
 
  1628 jump *label259 greaterThanEq :displayStorage:i 9
  1629 op and *tmp546 :displayStorage:accumulator 0b11111
  1630 op sub :displayStorage:value *tmp546 8
-    * op greaterThanEq *tmp548 :displayStorage:value 0
-    * jump *label260 equal *tmp548 false
+ 1631 jump *label260 lessThan :displayStorage:value 0
  1632 set *tmp549 %[green]
  1633 jump *label261 always
  1634 label *label260
 
  1647 label *label236
  1648 jump *label235 always
  1649 label *label234
-    * op equal *tmp551 .page 2
-    * jump *label262 equal *tmp551 false
+ 1650 jump *label262 notEqual .page 2
  1651 setaddr :drawHeader*retaddr *label265 (h:*label265)
  1652 call *label7 *invalid :drawHeader*retval (m:*label265) (h:*label265)
  1653 label *label265
 
  1701 label *label273
  1702 jump *label275 greaterThanEq *tmp563 36
  1703 readarr<internal:folded:regular> :displayBaseMap:cfg .BLOCKS[] *tmp563
-    * op equal *tmp566 :displayBaseMap:cfg "AXPRJd-pulverizer26"
-    * jump *label276 equal *tmp566 false
-    * op equal *tmp568 .scrap false
-    * jump *label278 equal *tmp568 false
+ 1704 jump *label276 notEqual :displayBaseMap:cfg "AXPRJd-pulverizer26"
+ 1705 jump *label278 notEqual .scrap false
  1706 jump *label275 always
  1707 jump *label279 always
  1708 label *label278
 
  1711 label *label276
  1712 label *label277
  1713 op add :displayBaseMap:counter :displayBaseMap:counter 1
-    * op greaterThan *tmp570 :displayBaseMap:counter :displayBaseMap:limit
-    * jump *label280 equal *tmp570 false
+ 1714 jump *label280 lessThanEq :displayBaseMap:counter :displayBaseMap:limit
  1715 setaddr :drawHeader*retaddr *label282 (h:*label282)
  1716 call *label7 *invalid :drawHeader*retval (m:*label282) (h:*label282)
  1717 label *label282
 
  1733 call *label8 *invalid :drawBlock*retval (m:*label284) (h:*label284)
  1734 label *label284
  1735 set :displayBaseMap:index .recentBuildIndex
-    * op greaterThanEq *tmp576 :displayBaseMap:index 0
-    * jump *label285 equal *tmp576 false
+ 1736 jump *label285 lessThan :displayBaseMap:index 0
  1737 set .recentBuildIndex -1
  1738 readarr<internal:folded:regular> :drawBlock:cfg .BLOCKS[] :displayBaseMap:index
  1739 setaddr :drawBlock*retaddr *label287 (h:*label287)
 
  1820 op mul *tmp608 15 :displayRecord:row
  1821 op sub :displayRecord:y 189 *tmp608
  1822 op mod :displayRecord:id :displayRecord:record 1000
-    * op greaterThan *tmp611 :displayRecord:id @blockCount
-    * jump *label302 equal *tmp611 false
+ 1823 jump *label302 lessThanEq :displayRecord:id @blockCount
  1824 op sub *tmp613 :displayRecord:id @blockCount
  1825 lookup unit *tmp612 *tmp613
  1826 jump *label303 always
 
  1833 op floor :displayRecord:t *tmp617
  1834 op idiv :displayRecord:m :displayRecord:t 60
  1835 op mod :displayRecord:s :displayRecord:t 60
-    * op lessThan *tmp621 :displayRecord:s 10
-    * jump *label304 equal *tmp621 false
+ 1836 jump *label304 greaterThanEq :displayRecord:s 10
  1837 set *tmp622 "0"
  1838 jump *label305 always
  1839 label *label304
 
  1873 jump *label20 always
  1874 label *label19
  1875 label *label20
-    * op greaterThan *tmp629 .megas 0
-    * jump *label309 equal *tmp629 false
+ 1876 jump *label309 lessThanEq .megas 0
  1877 print "[gold]All done.[]\nNothing more to see here.\nGo home."
  1878 print "\n"
  1879 printflush message1
 
  1919 draw reset
  1920 draw color 0 0 32 255
  1921 draw rect 0 217 200 300
-    * op greaterThan *tmp638 .megas 0
-    * jump *label315 equal *tmp638 false
+ 1922 jump *label315 lessThanEq .megas 0
  1923 draw col %[gold]
  1924 draw scale 3.5 3.5
  1925 read *tmp641 processor2 "time"
 
  1927 op floor :drawHeader:t *tmp640
  1928 op idiv :drawHeader:m :drawHeader:t 60
  1929 op mod :drawHeader:s :drawHeader:t 60
-    * op lessThan *tmp645 :drawHeader:s 10
-    * jump *label317 equal *tmp645 false
+ 1930 jump *label317 greaterThanEq :drawHeader:s 10
  1931 set *tmp646 "0"
  1932 jump *label318 always
  1933 label *label317
 
  1990 label *label327
  1991 op add *tmp651 .nextBlock .nextFactory
  1992 op add :drawHeader:count *tmp651 .nextAddReco
-    * op equal *tmp653 :drawHeader:count 3
-    * jump *label329 equal *tmp653 false
+ 1993 jump *label329 notEqual :drawHeader:count 3
  1994 draw image 22 244 .nextBlock 18 0
  1995 draw image 42 244 .nextFactory 18 0
  1996 draw image 62 244 .nextAddReco 18 0
  1997 jump *label330 always
  1998 label *label329
-    * op equal *tmp655 :drawHeader:count 2
-    * jump *label331 equal *tmp655 false
+ 1999 jump *label331 notEqual :drawHeader:count 2
  2000 set :drawHeader:x 27
  2001 set :drawHeader:goal .nextBlock
  2002 setaddr *tmp657 *label336
 
  2009 set :drawHeader:goal .nextAddReco
  2010 setaddr *tmp657 *label338
  2011 label *label333
-    * op notEqual *tmp658 :drawHeader:goal null
-    * jump *label339 equal *tmp658 false
+ 2012 jump *label339 equal :drawHeader:goal null
  2013 draw image :drawHeader:x 240 :drawHeader:goal 25 0
  2014 op add :drawHeader:x :drawHeader:x 30
  2015 jump *label340 always
 
  2021 label *label335
  2022 jump *label332 always
  2023 label *label331
-    * op equal *tmp660 :drawHeader:count 1
-    * jump *label341 equal *tmp660 false
+ 2024 jump *label341 notEqual :drawHeader:count 1
  2025 set :drawHeader:goal.1 .nextBlock
  2026 setaddr *tmp662 *label346
  2027 jump *label343 always
 
  2033 set :drawHeader:goal.1 .nextAddReco
  2034 setaddr *tmp662 *label348
  2035 label *label343
-    * op notEqual *tmp663 :drawHeader:goal.1 null
-    * jump *label349 equal *tmp663 false
+ 2036 jump *label349 equal :drawHeader:goal.1 null
  2037 draw image 42 237 :drawHeader:goal.1 32 0
  2038 jump *label345 always
  2039 jump *label350 always
 
  2055 op floor :drawHeader:t.1 *tmp665
  2056 op idiv :drawHeader:m.1 :drawHeader:t.1 60
  2057 op mod :drawHeader:s.1 :drawHeader:t.1 60
-    * op lessThan *tmp670 :drawHeader:s.1 10
-    * jump *label351 equal *tmp670 false
+ 2058 jump *label351 greaterThanEq :drawHeader:s.1 10
  2059 set *tmp671 "0"
  2060 jump *label352 always
  2061 label *label351
 
  2080 print ")"
  2081 draw print :drawText.60:x :drawText.60:y :drawText.60:alignment
  2082 label *label353
-    * op notEqual *tmp677 A¨SSJh-container30 null
-    * jump *label354 equal *tmp677 false
+ 2083 jump *label354 equal A¨SSJh-container30 null
  2084 sensor :drawHeader:count.1 A¨SSJh-container30 @scrap
  2085 set :drawHeader:x.1 174
  2086 op log10 *tmp680 :drawHeader:count.1
 
  2157 draw col %[white]
  2158 set :drawUnitCount:type @poly
  2159 set :drawUnitCount:count .polys
-    * op greaterThan *tmp706 :drawUnitCount:count 0
-    * jump *label365 equal *tmp706 false
+ 2160 jump *label365 lessThanEq :drawUnitCount:count 0
  2161 op sub *tmp708 :drawHeader:x.4 20
  2162 draw image *tmp708 227 :drawUnitCount:type 12 0
  2163 set :drawText.65:x :drawHeader:x.4
 
  2174 label *label364
  2175 set :drawUnitCount.1:type @mono
  2176 set :drawUnitCount.1:count .monos
-    * op greaterThan *tmp709 :drawUnitCount.1:count 0
-    * jump *label369 equal *tmp709 false
+ 2177 jump *label369 lessThanEq :drawUnitCount.1:count 0
  2178 op sub *tmp711 :drawHeader:x.4 20
  2179 draw image *tmp711 227 :drawUnitCount.1:type 12 0
  2180 set :drawText.66:x :drawHeader:x.4
 
  2191 label *label368
  2192 set :drawUnitCount.2:type @flare
  2193 set :drawUnitCount.2:count .flares
-    * op greaterThan *tmp712 :drawUnitCount.2:count 0
-    * jump *label373 equal *tmp712 false
+ 2194 jump *label373 lessThanEq :drawUnitCount.2:count 0
  2195 op sub *tmp714 :drawHeader:x.4 20
  2196 draw image *tmp714 227 :drawUnitCount.2:type 12 0
  2197 set :drawText.67:x :drawHeader:x.4
 
  2255 op shl *tmp741 1 :drawBlock:index
  2256 op and :drawBlock:built .blocksBuilt *tmp741
  2257 op add *tmp743 :drawBlock:built .pageSwitched
-    * op equal *tmp744 *tmp743 0
-    * jump *label379 equal *tmp744 false
+ 2258 jump *label379 notEqual *tmp743 0
  2259 jump *label376 always
  2260 jump *label380 always
  2261 label *label379

Modifications by Iterated phase, Single Step Elimination, pass 1, iteration 1 (-52 instructions):
 
    68 setaddr :drawHeader*retaddr *label33 (h:*label33)
    69 call *label7 *invalid :drawHeader*retval (m:*label33) (h:*label33)
    70 label *label33
-    * jump *label32 always
    71 label *label31
    72 label *label32
    73 drawflush display1
 
   165 jump *label49 lessThan :drawItemColor:col :drawItemColor:columns
   166 set :drawItemColor:col 0
   167 op sub :drawItemColor:y :drawItemColor:y 15
-    * jump *label50 always
   168 label *label49
   169 label *label50
   170 label *label45
 
   291 jump *label75 lessThan :drawItemColor.1:col :drawItemColor.1:columns
   292 set :drawItemColor.1:col 0
   293 op sub :drawItemColor.1:y :drawItemColor.1:y 15
-    * jump *label76 always
   294 label *label75
   295 label *label76
   296 label *label71
 
   302 op sub :drawMaterials:count :drawMaterials:count 1
   303 jump *label77 greaterThan :drawMaterials:count 0
   304 jump *label60 always
-    * jump *label78 always
   305 label *label77
   306 label *label78
-    * jump *label69 always
   307 label *label68
   308 label *label69
   309 label *label59
   310 multijump *tmp108 0 0 (m:marker0)
   311 multilabel *label67 (m:marker0)
   312 label *label60
-    * jump *label57 always
   313 label *label56
   314 label *label57
   315 jump *label79 greaterThanEq .totalTargets 3
   316 op sub *tmp138 3 .totalTargets
   317 op mul *tmp139 *tmp138 15
   318 op sub :updateDisplay:y :updateDisplay:y *tmp139
-    * jump *label80 always
   319 label *label79
   320 label *label80
   321 op sub :updateDisplay:y :updateDisplay:y 5
-    * jump *label52 always
   322 label *label51
   323 label *label52
   324 label *label38
   325 label *label36
   326 jump *label82 notEqual .nextFactory null
   327 jump *label81 always
-    * jump *label83 always
   328 label *label82
   329 label *label83
   330 draw col %[white]
 
   408 jump *label96 lessThan :drawItemColor.2:col :drawItemColor.2:columns
   409 set :drawItemColor.2:col 0
   410 op sub :drawItemColor.2:y :drawItemColor.2:y 15
-    * jump *label97 always
   411 label *label96
   412 label *label97
   413 label *label92
 
   478 jump *label103 lessThan :drawItemColor.3:col :drawItemColor.3:columns
   479 set :drawItemColor.3:col 0
   480 op sub :drawItemColor.3:y :drawItemColor.3:y 15
-    * jump *label104 always
   481 label *label103
   482 label *label104
   483 label *label99
 
   545 jump *label110 lessThan :drawItemColor.4:col :drawItemColor.4:columns
   546 set :drawItemColor.4:col 0
   547 op sub :drawItemColor.4:y :drawItemColor.4:y 15
-    * jump *label111 always
   548 label *label110
   549 label *label111
   550 label *label106
 
   618 jump *label117 lessThan :drawItemColor.5:col :drawItemColor.5:columns
   619 set :drawItemColor.5:col 0
   620 op sub :drawItemColor.5:y :drawItemColor.5:y 15
-    * jump *label118 always
   621 label *label117
   622 label *label118
   623 label *label113
 
   631 label *label81
   632 jump *label120 notEqual .nextAddReco null
   633 jump *label119 always
-    * jump *label121 always
   634 label *label120
   635 label *label121
   636 draw col %[white]
 
   713 jump *label132 lessThan :drawItemColor.6:col :drawItemColor.6:columns
   714 set :drawItemColor.6:col 0
   715 op sub :drawItemColor.6:y :drawItemColor.6:y 15
-    * jump *label133 always
   716 label *label132
   717 label *label133
   718 label *label128
 
   780 jump *label139 lessThan :drawItemColor.7:col :drawItemColor.7:columns
   781 set :drawItemColor.7:col 0
   782 op sub :drawItemColor.7:y :drawItemColor.7:y 15
-    * jump *label140 always
   783 label *label139
   784 label *label140
   785 label *label135
 
   852 jump *label146 lessThan :drawItemColor.8:col :drawItemColor.8:columns
   853 set :drawItemColor.8:col 0
   854 op sub :drawItemColor.8:y :drawItemColor.8:y 15
-    * jump *label147 always
   855 label *label146
   856 label *label147
   857 label *label142
 
   865 label *label119
   866 jump *label149 notEqual .nextMultiReco null
   867 jump *label148 always
-    * jump *label150 always
   868 label *label149
   869 label *label150
   870 draw col %[white]
 
   948 jump *label161 lessThan :drawItemColor.9:col :drawItemColor.9:columns
   949 set :drawItemColor.9:col 0
   950 op sub :drawItemColor.9:y :drawItemColor.9:y 15
-    * jump *label162 always
   951 label *label161
   952 label *label162
   953 label *label157
 
  1015 jump *label168 lessThan :drawItemColor.10:col :drawItemColor.10:columns
  1016 set :drawItemColor.10:col 0
  1017 op sub :drawItemColor.10:y :drawItemColor.10:y 15
-    * jump *label169 always
  1018 label *label168
  1019 label *label169
  1020 label *label164
 
  1082 jump *label175 lessThan :drawItemColor.11:col :drawItemColor.11:columns
  1083 set :drawItemColor.11:col 0
  1084 op sub :drawItemColor.11:y :drawItemColor.11:y 15
-    * jump *label176 always
  1085 label *label175
  1086 label *label176
  1087 label *label171
 
  1154 jump *label182 lessThan :drawItemColor.12:col :drawItemColor.12:columns
  1155 set :drawItemColor.12:col 0
  1156 op sub :drawItemColor.12:y :drawItemColor.12:y 15
-    * jump *label183 always
  1157 label *label182
  1158 label *label183
  1159 label *label178
 
  1168 sensor *tmp414 @unit @dead
  1169 jump *label185 equal *tmp414 false
  1170 jump *label184 always
-    * jump *label186 always
  1171 label *label185
  1172 label *label186
  1173 draw col %[white]
 
  1251 jump *label198 lessThan :drawItemColor.13:col :drawItemColor.13:columns
  1252 set :drawItemColor.13:col 0
  1253 op sub :drawItemColor.13:y :drawItemColor.13:y 15
-    * jump *label199 always
  1254 label *label198
  1255 label *label199
  1256 label *label194
 
  1328 jump *label206 lessThan :drawItemColor.14:col :drawItemColor.14:columns
  1329 set :drawItemColor.14:col 0
  1330 op sub :drawItemColor.14:y :drawItemColor.14:y 15
-    * jump *label207 always
  1331 label *label206
  1332 label *label207
  1333 label *label202
 
  1341 label *label184
  1342 jump *label209 notEqual AJTJK-battery1 null
  1343 jump *label208 always
-    * jump *label210 always
  1344 label *label209
  1345 label *label210
  1346 jump *label211 equal AÜAOJ[-liquid-container17 false
 
  1352 set :drawPower:pos *tmp472
  1353 jump *label213 greaterThanEq :updateDisplay:y :drawPower:pos
  1354 jump *label208 always
-    * jump *label214 always
  1355 label *label213
  1356 label *label214
  1357 draw col %[white]
 
  1437 jump *label224 lessThan :drawItemColor.15:col :drawItemColor.15:columns
  1438 set :drawItemColor.15:col 0
  1439 op sub :drawItemColor.15:y :drawItemColor.15:y 15
-    * jump *label225 always
  1440 label *label224
  1441 label *label225
  1442 label *label220
 
  1501 jump *label232 lessThan :drawItemColor.16:col :drawItemColor.16:columns
  1502 set :drawItemColor.16:col 0
  1503 op sub :drawItemColor.16:y :drawItemColor.16:y 15
-    * jump *label233 always
  1504 label *label232
  1505 label *label233
  1506 label *label228
  1507 set :drawPower:pos :drawItemColor.16:y
-    * jump *label227 always
  1508 label *label226
  1509 label *label227
  1510 label *label208
 
  1578 multijump *tmp538 0 0 (m:marker1)
  1579 multilabel *label253 (m:marker1)
  1580 label *label244
-    * jump *label238 always
  1581 label *label237
  1582 label *label238
  1583 setaddr :drawHeader*retaddr *label254 (h:*label254)
 
  1586 drawflush display1
  1587 jump *label255 lessThanEq .lastTail :displayStorage:tail
  1588 jump *label236 always
-    * jump *label256 always
  1589 label *label255
  1590 label *label256
  1591 read :displayStorage:accumulator bank2 .lastTail
 
  1661 draw col %[white]
  1662 drawflush display1
  1663 set :displayBaseMap:limit 5
-    * jump *label268 always
  1664 label *label267
  1665 label *label268
  1666 set :displayBaseMap:counter 0
 
  1671 jump *label276 notEqual :displayBaseMap:cfg "AXPRJd-pulverizer26"
  1672 jump *label278 notEqual .scrap false
  1673 jump *label275 always
-    * jump *label279 always
  1674 label *label278
  1675 label *label279
-    * jump *label277 always
  1676 label *label276
  1677 label *label277
  1678 op add :displayBaseMap:counter :displayBaseMap:counter 1
 
  1690 draw scale *tmp573 *tmp575
  1691 label *label283
  1692 set :displayBaseMap:counter 0
-    * jump *label281 always
  1693 label *label280
  1694 label *label281
  1695 set :drawBlock:cfg :displayBaseMap:cfg
 
  1703 setaddr :drawBlock*retaddr *label287 (h:*label287)
  1704 call *label8 *invalid :drawBlock*retval (m:*label287) (h:*label287)
  1705 label *label287
-    * jump *label286 always
  1706 label *label285
  1707 label *label286
  1708 sensor *tmp580 switch1 @enabled
 
  1710 draw clear 0 0 32
  1711 drawflush display1
  1712 jump *label275 always
-    * jump *label289 always
  1713 label *label288
  1714 label *label289
  1715 drawflush display1
 
  1760 draw print :drawText.54:x :drawText.54:y :drawText.54:alignment
  1761 label *label296
  1762 set .lastRecord :displayLog:start
-    * jump *label292 always
  1763 label *label291
  1764 label *label292
  1765 setaddr :drawHeader*retaddr *label297 (h:*label297)
 
  1818 sensor *tmp626 switch1 @enabled
  1819 jump *label307 equal *tmp626 false
  1820 jump *label300 always
-    * jump *label308 always
  1821 label *label307
  1822 label *label308
  1823 label *label299
 
  1830 label *label263
  1831 label *label235
  1832 label *label22
-    * jump *label20 always
  1833 label *label19
  1834 label *label20
  1835 jump *label309 lessThanEq .megas 0
 
  1864 drawflush null
  1865 draw reset
  1866 draw clear 0 0 32
-    * jump *label313 always
  1867 label *label312
  1868 label *label313
  1869 label *label17
 
  1939 jump *label325 equal .missing false
  1940 draw image 16 264 .missing 12 0
  1941 set .missing false
-    * jump *label326 always
  1942 label *label325
  1943 label *label326
  1944 jump *label327 equal .nextMultiReco false
 
  1969 jump *label339 equal :drawHeader:goal null
  1970 draw image :drawHeader:x 240 :drawHeader:goal 25 0
  1971 op add :drawHeader:x :drawHeader:x 30
-    * jump *label340 always
  1972 label *label339
  1973 label *label340
  1974 label *label334
 
  1992 jump *label349 equal :drawHeader:goal.1 null
  1993 draw image 42 237 :drawHeader:goal.1 32 0
  1994 jump *label345 always
-    * jump *label350 always
  1995 label *label349
  1996 label *label350
  1997 label *label344
  1998 multijump *tmp662 0 0 (m:marker3)
  1999 multilabel *label348 (m:marker3)
  2000 label *label345
-    * jump *label342 always
  2001 label *label341
  2002 label *label342
  2003 label *label332
 
  2084 op mul *tmp697 7 :drawHeader:len.1
  2085 op sub *tmp698 *tmp696 *tmp697
  2086 draw image *tmp698 246 @titanium 12 0
-    * jump *label359 always
  2087 label *label358
  2088 label *label359
  2089 jump *label361 equal .thoriumContainer false
 
  2102 op mul *tmp704 7 :drawHeader:len.2
  2103 op sub *tmp705 *tmp703 *tmp704
  2104 draw image *tmp705 246 @thorium 12 0
-    * jump *label362 always
  2105 label *label361
  2106 label *label362
  2107 label *label355
 
  2120 draw print :drawText.65:x :drawText.65:y :drawText.65:alignment
  2121 label *label367
  2122 op sub :drawHeader:x.4 :drawHeader:x.4 30
-    * jump *label366 always
  2123 label *label365
  2124 label *label366
  2125 label *label364
 
  2136 draw print :drawText.66:x :drawText.66:y :drawText.66:alignment
  2137 label *label371
  2138 op sub :drawHeader:x.4 :drawHeader:x.4 30
-    * jump *label370 always
  2139 label *label369
  2140 label *label370
  2141 label *label368
 
  2152 draw print :drawText.67:x :drawText.67:y :drawText.67:alignment
  2153 label *label375
  2154 op sub :drawHeader:x.4 :drawHeader:x.4 30
-    * jump *label374 always
  2155 label *label373
  2156 label *label374
  2157 label *label372
 
  2206 op add *tmp743 :drawBlock:built .pageSwitched
  2207 jump *label379 notEqual *tmp743 0
  2208 jump *label376 always
-    * jump *label380 always
  2209 label *label379
  2210 label *label380
  2211 jump *label381 equal :drawBlock:built false

Modifications by Iterated phase, Data Flow Optimization, pass 1, iteration 1 (-18 instructions):
 
    39 set :lerp:from 42
    40 set :lerp:to 90
    41 set :lerp:ratio :animate:ratio
-    * op sub *tmp58 1 :lerp:ratio
-    * op mul *tmp59 *tmp58 :lerp:from
-    * op mul *tmp60 :lerp:ratio :lerp:to
+   42 op sub *tmp58 1 :animate:ratio
+   43 op mul *tmp59 *tmp58 42
+   44 op mul *tmp60 :animate:ratio 90
    45 op add *tmp57 *tmp59 *tmp60
    46 label *label28
    47 set :animate:x *tmp57
    48 set :lerp.1:from 237
    49 set :lerp.1:to 120
    50 set :lerp.1:ratio :animate:ratio
-    * op sub *tmp63 1 :lerp.1:ratio
-    * op mul *tmp64 *tmp63 :lerp.1:from
-    * op mul *tmp65 :lerp.1:ratio :lerp.1:to
+   51 op sub *tmp63 1 :animate:ratio
+   52 op mul *tmp64 *tmp58 237
+   53 op mul *tmp65 :animate:ratio 120
    54 op add *tmp62 *tmp64 *tmp65
    55 label *label29
    56 set :animate:y *tmp62
    57 set :lerp.2:from 32
    58 set :lerp.2:to 168
    59 set :lerp.2:ratio :animate:ratio
-    * op sub *tmp68 1 :lerp.2:ratio
-    * op mul *tmp69 *tmp68 :lerp.2:from
-    * op mul *tmp70 :lerp.2:ratio :lerp.2:to
+   60 op sub *tmp68 1 :animate:ratio
+   61 op mul *tmp69 *tmp58 32
+   62 op mul *tmp70 :animate:ratio 168
    63 op add *tmp67 *tmp69 *tmp70
    64 label *label30
    65 set :animate:size *tmp67
-    * draw image :animate:x :animate:y @mega :animate:size 0
+   66 draw image *tmp57 *tmp62 @mega *tmp67 0
    67 jump *label31 notEqual :animate:ratio 1
    68 setaddr :drawHeader*retaddr *label33 (h:*label33)
    69 call *label7 *invalid :drawHeader*retval (m:*label33) (h:*label33)
 
    85 label *label40
    86 jump *label37 notEqual .nextBlock @ore-titanium
    87 label *label39
-    * set :drawTitleRow:y :updateDisplay:y
+   88 set :drawTitleRow:y 201
    89 set :drawTitleRow:alignment @bottomLeft
    90 set :drawText:x 22
-    * set :drawText:y :drawTitleRow:y
-    * set :drawText:alignment :drawTitleRow:alignment
+   91 set :drawText:y :updateDisplay:y
+   92 set :drawText:alignment @bottomLeft
    93 print "Locating ore..."
-    * draw print :drawText:x :drawText:y :drawText:alignment
+   94 draw print 22 :drawTitleRow:y :drawTitleRow:alignment
    95 label *label42
    96 set :drawText.1:x 23
-    * set :drawText.1:y :drawTitleRow:y
-    * set :drawText.1:alignment :drawTitleRow:alignment
+   97 set :drawText.1:y :updateDisplay:y
+   98 set :drawText.1:alignment @bottomLeft
    99 print "Locating ore..."
-    * draw print :drawText.1:x :drawText.1:y :drawText.1:alignment
+  100 draw print 23 :drawTitleRow:y :drawTitleRow:alignment
   101 label *label43
-    * op sub :drawTitleRow:y :drawTitleRow:y 15
+  102 op sub :drawTitleRow:y :updateDisplay:y 15
   103 label *label41
   104 set :updateDisplay:y :drawTitleRow:y
   105 set :drawItem:col 0
-    * set :drawItem:y :updateDisplay:y
+  106 set :drawItem:y :drawTitleRow:y
   107 set :drawItem:columns 1
   108 set :drawItem:item .nextBlock
   109 read :drawItem:current processor1 ".mapProgress"
   110 read :drawItem:target processor1 ".mapTotal"
   111 set :drawItemColor:color1 %008000FF
   112 set :drawItemColor:color2 %00FF00FF
-    * set :drawItemColor:col :drawItem:col
-    * set :drawItemColor:y :drawItem:y
-    * set :drawItemColor:columns :drawItem:columns
+  113 set :drawItemColor:col 0
+  114 set :drawItemColor:y :updateDisplay:y
+  115 set :drawItemColor:columns 1
   116 set :drawItemColor:item :drawItem:item
   117 set :drawItemColor:current :drawItem:current
   118 set :drawItemColor:target :drawItem:target
-    * op mul *tmp80 :drawItemColor:columns 176
-    * op div *tmp81 *tmp80 2
+  119 op mul *tmp80 :drawItem:columns 176
+  120 op mul *tmp81 :drawItemColor:columns 88
   121 op sub :drawItemColor:barLength 214 *tmp81
   122 op add :drawItemColor:textEnd 48 :drawItemColor:barLength
-    * op mul *tmp84 :drawItemColor:barLength :drawItemColor:current
-    * op div *tmp85 *tmp84 :drawItemColor:target
+  123 op mul *tmp84 :drawItemColor:barLength :drawItem:current
+  124 op div *tmp85 *tmp84 :drawItem:target
   125 op min :drawItemColor:length :drawItemColor:barLength *tmp85
-    * op mul *tmp87 :drawItemColor:col 176
-    * op div *tmp88 *tmp87 2
+  126 op mul *tmp87 :drawItem:col 176
+  127 op mul *tmp88 :drawItemColor:col 88
   128 op add :drawItemColor:iconX 11 *tmp88
-    * op mul *tmp90 :drawItemColor:col 176
-    * op div *tmp91 *tmp90 2
-    * op add :drawItemColor:barX 22 *tmp91
-    * op mul *tmp93 :drawItemColor:col 176
-    * op div *tmp94 *tmp93 2
-    * op add :drawItemColor:textX :drawItemColor:textEnd *tmp94
+  129 op mul *tmp90 :drawItem:col 176
+  130 op div *tmp91 *tmp87 2
+  131 op add :drawItemColor:barX 22 *tmp88
+  132 op mul *tmp93 :drawItem:col 176
+  133 op div *tmp94 *tmp87 2
+  134 op add :drawItemColor:textX :drawItemColor:textEnd *tmp88
   135 draw col %[white]
-    * op add *tmp96 :drawItemColor:y 5
-    * draw image :drawItemColor:iconX *tmp96 :drawItemColor:item 14 0
-    * draw col :drawItemColor:color1
-    * draw rect :drawItemColor:barX :drawItemColor:y :drawItemColor:length 10
-    * draw col :drawItemColor:color2
-    * draw lineRect :drawItemColor:barX :drawItemColor:y :drawItemColor:barLength 10
-    * op add *tmp97 :drawItemColor:y 5
-    * op add *tmp98 *tmp97 2
+  136 op add *tmp96 :drawItem:y 5
+  137 draw image :drawItemColor:iconX *tmp96 :drawItem:item 14 0
+  138 draw col %008000FF
+  139 draw rect :drawItemColor:barX :drawItem:y :drawItemColor:length 10
+  140 draw col %00FF00FF
+  141 draw lineRect :drawItemColor:barX :drawItem:y :drawItemColor:barLength 10
+  142 op add *tmp97 :drawItem:y 5
+  143 op add *tmp98 *tmp96 2
   144 set :drawBold:x :drawItemColor:textX
   145 set :drawBold:y *tmp98
   146 set :drawBold:alignment @right
-    * set :drawText.2:x :drawBold:x
-    * set :drawText.2:y :drawBold:y
-    * set :drawText.2:alignment :drawBold:alignment
+  147 set :drawText.2:x :drawItemColor:textX
+  148 set :drawText.2:y *tmp98
+  149 set :drawText.2:alignment @right
   150 print "x"
   151 read *tmp99 processor1 ".mapSpots"
   152 print *tmp99
-    * draw print :drawText.2:x :drawText.2:y :drawText.2:alignment
+  153 draw print :drawBold:x :drawBold:y :drawBold:alignment
   154 label *label47
-    * op add :drawText.3:x :drawBold:x 1
-    * set :drawText.3:y :drawBold:y
-    * set :drawText.3:alignment :drawBold:alignment
+  155 op add :drawText.3:x :drawItemColor:textX 1
+  156 set :drawText.3:y *tmp98
+  157 set :drawText.3:alignment @right
   158 print "x"
   159 read *tmp101 processor1 ".mapSpots"
   160 print *tmp101
-    * draw print :drawText.3:x :drawText.3:y :drawText.3:alignment
+  161 draw print :drawText.3:x :drawBold:y :drawBold:alignment
   162 label *label48
   163 label *label46
-    * op add :drawItemColor:col :drawItemColor:col 1
-    * jump *label49 lessThan :drawItemColor:col :drawItemColor:columns
+  164 op add :drawItemColor:col :drawItem:col 1
+  165 jump *label49 lessThan :drawItemColor:col :drawItem:columns
   166 set :drawItemColor:col 0
-    * op sub :drawItemColor:y :drawItemColor:y 15
+  167 op sub :drawItemColor:y :drawItem:y 15
   168 label *label49
   169 label *label50
   170 label *label45
-    * set :drawItem:col :drawItemColor:col
   171 set :drawItem:y :drawItemColor:y
   172 label *label44
-    * set :updateDisplay:y :drawItem:y
-    * op sub :updateDisplay:y :updateDisplay:y 35
+  173 set :updateDisplay:y :drawItemColor:y
+  174 op sub :updateDisplay:y :drawItem:y 35
   175 jump *label38 always
   176 label *label37
   177 jump *label51 equal .nextBlock null
   178 set :drawMaterials:count .totalTargets
-    * set :drawTitleRow.1:y :updateDisplay:y
+  179 set :drawTitleRow.1:y 201
   180 set :drawTitleRow.1:alignment @bottomLeft
   181 set :drawText.4:x 22
-    * set :drawText.4:y :drawTitleRow.1:y
-    * set :drawText.4:alignment :drawTitleRow.1:alignment
+  182 set :drawText.4:y :updateDisplay:y
+  183 set :drawText.4:alignment @bottomLeft
   184 print "Materials"
-    * draw print :drawText.4:x :drawText.4:y :drawText.4:alignment
+  185 draw print 22 :drawTitleRow.1:y :drawTitleRow.1:alignment
   186 label *label54
   187 set :drawText.5:x 23
-    * set :drawText.5:y :drawTitleRow.1:y
-    * set :drawText.5:alignment :drawTitleRow.1:alignment
+  188 set :drawText.5:y :updateDisplay:y
+  189 set :drawText.5:alignment @bottomLeft
   190 print "Materials"
-    * draw print :drawText.5:x :drawText.5:y :drawText.5:alignment
+  191 draw print 23 :drawTitleRow.1:y :drawTitleRow.1:alignment
   192 label *label55
-    * op sub :drawTitleRow.1:y :drawTitleRow.1:y 15
+  193 op sub :drawTitleRow.1:y :updateDisplay:y 15
   194 label *label53
   195 set :updateDisplay:y :drawTitleRow.1:y
   196 set :drawMaterials:columns 1
 
   233 sensor *tmp111 .core :drawMaterials:item
   234 set :drawItem.1:col :drawMaterials:col
   235 set :drawItem.1:y :updateDisplay:y
-    * set :drawItem.1:columns :drawMaterials:columns
+  236 set :drawItem.1:columns 1
   237 set :drawItem.1:item :drawMaterials:item
   238 set :drawItem.1:current *tmp111
   239 set :drawItem.1:target :drawMaterials:target
   240 set :drawItemColor.1:color1 %008000FF
   241 set :drawItemColor.1:color2 %00FF00FF
-    * set :drawItemColor.1:col :drawItem.1:col
-    * set :drawItemColor.1:y :drawItem.1:y
-    * set :drawItemColor.1:columns :drawItem.1:columns
-    * set :drawItemColor.1:item :drawItem.1:item
-    * set :drawItemColor.1:current :drawItem.1:current
-    * set :drawItemColor.1:target :drawItem.1:target
-    * op mul *tmp112 :drawItemColor.1:columns 176
-    * op div *tmp113 *tmp112 2
+  242 set :drawItemColor.1:col :drawMaterials:col
+  243 set :drawItemColor.1:y :updateDisplay:y
+  244 set :drawItemColor.1:columns :drawMaterials:columns
+  245 set :drawItemColor.1:item :drawMaterials:item
+  246 set :drawItemColor.1:current *tmp111
+  247 set :drawItemColor.1:target :drawMaterials:target
+  248 op mul *tmp112 :drawItem.1:columns 176
+  249 op mul *tmp113 :drawItemColor.1:columns 88
   250 op sub :drawItemColor.1:barLength 214 *tmp113
   251 op add :drawItemColor.1:textEnd 48 :drawItemColor.1:barLength
-    * op mul *tmp116 :drawItemColor.1:barLength :drawItemColor.1:current
-    * op div *tmp117 *tmp116 :drawItemColor.1:target
+  252 op mul *tmp116 :drawItemColor.1:barLength :drawItem.1:current
+  253 op div *tmp117 *tmp116 :drawItem.1:target
   254 op min :drawItemColor.1:length :drawItemColor.1:barLength *tmp117
-    * op mul *tmp119 :drawItemColor.1:col 176
-    * op div *tmp120 *tmp119 2
+  255 op mul *tmp119 :drawItem.1:col 176
+  256 op mul *tmp120 :drawItemColor.1:col 88
   257 op add :drawItemColor.1:iconX 11 *tmp120
-    * op mul *tmp122 :drawItemColor.1:col 176
-    * op div *tmp123 *tmp122 2
-    * op add :drawItemColor.1:barX 22 *tmp123
-    * op mul *tmp125 :drawItemColor.1:col 176
-    * op div *tmp126 *tmp125 2
-    * op add :drawItemColor.1:textX :drawItemColor.1:textEnd *tmp126
+  258 op mul *tmp122 :drawItem.1:col 176
+  259 op div *tmp123 *tmp119 2
+  260 op add :drawItemColor.1:barX 22 *tmp120
+  261 op mul *tmp125 :drawItem.1:col 176
+  262 op div *tmp126 *tmp119 2
+  263 op add :drawItemColor.1:textX :drawItemColor.1:textEnd *tmp120
   264 draw col %[white]
-    * op add *tmp128 :drawItemColor.1:y 5
-    * draw image :drawItemColor.1:iconX *tmp128 :drawItemColor.1:item 14 0
-    * draw col :drawItemColor.1:color1
-    * draw rect :drawItemColor.1:barX :drawItemColor.1:y :drawItemColor.1:length 10
-    * draw col :drawItemColor.1:color2
-    * draw lineRect :drawItemColor.1:barX :drawItemColor.1:y :drawItemColor.1:barLength 10
-    * op add *tmp129 :drawItemColor.1:y 5
-    * op add *tmp130 *tmp129 2
+  265 op add *tmp128 :drawItem.1:y 5
+  266 draw image :drawItemColor.1:iconX *tmp128 :drawItem.1:item 14 0
+  267 draw col %008000FF
+  268 draw rect :drawItemColor.1:barX :drawItem.1:y :drawItemColor.1:length 10
+  269 draw col %00FF00FF
+  270 draw lineRect :drawItemColor.1:barX :drawItem.1:y :drawItemColor.1:barLength 10
+  271 op add *tmp129 :drawItem.1:y 5
+  272 op add *tmp130 *tmp128 2
   273 set :drawBold.1:x :drawItemColor.1:textX
   274 set :drawBold.1:y *tmp130
   275 set :drawBold.1:alignment @right
-    * set :drawText.6:x :drawBold.1:x
-    * set :drawText.6:y :drawBold.1:y
-    * set :drawText.6:alignment :drawBold.1:alignment
+  276 set :drawText.6:x :drawItemColor.1:textX
+  277 set :drawText.6:y *tmp130
+  278 set :drawText.6:alignment @right
   279 print :drawMaterials:target
-    * draw print :drawText.6:x :drawText.6:y :drawText.6:alignment
+  280 draw print :drawBold.1:x :drawBold.1:y :drawBold.1:alignment
   281 label *label73
-    * op add :drawText.7:x :drawBold.1:x 1
-    * set :drawText.7:y :drawBold.1:y
-    * set :drawText.7:alignment :drawBold.1:alignment
+  282 op add :drawText.7:x :drawItemColor.1:textX 1
+  283 set :drawText.7:y *tmp130
+  284 set :drawText.7:alignment @right
   285 print :drawMaterials:target
-    * draw print :drawText.7:x :drawText.7:y :drawText.7:alignment
+  286 draw print :drawText.7:x :drawBold.1:y :drawBold.1:alignment
   287 label *label74
   288 label *label72
-    * op add :drawItemColor.1:col :drawItemColor.1:col 1
-    * jump *label75 lessThan :drawItemColor.1:col :drawItemColor.1:columns
+  289 op add :drawItemColor.1:col :drawItem.1:col 1
+  290 jump *label75 lessThan :drawItemColor.1:col :drawItem.1:columns
   291 set :drawItemColor.1:col 0
-    * op sub :drawItemColor.1:y :drawItemColor.1:y 15
+  292 op sub :drawItemColor.1:y :drawItem.1:y 15
   293 label *label75
   294 label *label76
   295 label *label71
   296 set :drawItem.1:col :drawItemColor.1:col
   297 set :drawItem.1:y :drawItemColor.1:y
   298 label *label70
-    * set :drawMaterials:col :drawItem.1:col
-    * set :updateDisplay:y :drawItem.1:y
+  299 set :drawMaterials:col :drawItemColor.1:col
+  300 set :updateDisplay:y :drawItemColor.1:y
   301 op sub :drawMaterials:count :drawMaterials:count 1
   302 jump *label77 greaterThan :drawMaterials:count 0
   303 jump *label60 always
 
   330 set :drawTitleRow.2:y :updateDisplay:y
   331 set :drawTitleRow.2:alignment @bottomLeft
   332 set :drawText.8:x 22
-    * set :drawText.8:y :drawTitleRow.2:y
-    * set :drawText.8:alignment :drawTitleRow.2:alignment
+  333 set :drawText.8:y :updateDisplay:y
+  334 set :drawText.8:alignment @bottomLeft
   335 print "Air Factory"
-    * draw print :drawText.8:x :drawText.8:y :drawText.8:alignment
+  336 draw print 22 :drawTitleRow.2:y :drawTitleRow.2:alignment
   337 label *label85
   338 set :drawText.9:x 23
-    * set :drawText.9:y :drawTitleRow.2:y
-    * set :drawText.9:alignment :drawTitleRow.2:alignment
+  339 set :drawText.9:y :updateDisplay:y
+  340 set :drawText.9:alignment @bottomLeft
   341 print "Air Factory"
-    * draw print :drawText.9:x :drawText.9:y :drawText.9:alignment
+  342 draw print 23 :drawTitleRow.2:y :drawTitleRow.2:alignment
   343 label *label86
-    * op sub :drawTitleRow.2:y :drawTitleRow.2:y 15
+  344 op sub :drawTitleRow.2:y :updateDisplay:y 15
   345 label *label84
   346 set :updateDisplay:y :drawTitleRow.2:y
   347 sensor :drawAirFactory:progress A¾BFLW-air-factory13 @progress
 
   349 jump *label89 notEqual .nextFactory @flare
   350 sensor *tmp147 A¾BFLW-air-factory13 @silicon
   351 set :drawItem.2:col 0
-    * set :drawItem.2:y :updateDisplay:y
+  352 set :drawItem.2:y :drawTitleRow.2:y
   353 set :drawItem.2:columns 1
   354 set :drawItem.2:item @silicon
   355 set :drawItem.2:current *tmp147
   356 set :drawItem.2:target 15
   357 set :drawItemColor.2:color1 %008000FF
   358 set :drawItemColor.2:color2 %00FF00FF
-    * set :drawItemColor.2:col :drawItem.2:col
-    * set :drawItemColor.2:y :drawItem.2:y
-    * set :drawItemColor.2:columns :drawItem.2:columns
-    * set :drawItemColor.2:item :drawItem.2:item
-    * set :drawItemColor.2:current :drawItem.2:current
-    * set :drawItemColor.2:target :drawItem.2:target
-    * op mul *tmp148 :drawItemColor.2:columns 176
-    * op div *tmp149 *tmp148 2
+  359 set :drawItemColor.2:col 0
+  360 set :drawItemColor.2:y :updateDisplay:y
+  361 set :drawItemColor.2:columns 1
+  362 set :drawItemColor.2:item @silicon
+  363 set :drawItemColor.2:current *tmp147
+  364 set :drawItemColor.2:target 15
+  365 op mul *tmp148 :drawItem.2:columns 176
+  366 op mul *tmp149 :drawItemColor.2:columns 88
   367 op sub :drawItemColor.2:barLength 214 *tmp149
   368 op add :drawItemColor.2:textEnd 48 :drawItemColor.2:barLength
-    * op mul *tmp152 :drawItemColor.2:barLength :drawItemColor.2:current
-    * op div *tmp153 *tmp152 :drawItemColor.2:target
+  369 op mul *tmp152 :drawItemColor.2:barLength :drawItem.2:current
+  370 op div *tmp153 *tmp152 :drawItem.2:target
   371 op min :drawItemColor.2:length :drawItemColor.2:barLength *tmp153
-    * op mul *tmp155 :drawItemColor.2:col 176
-    * op div *tmp156 *tmp155 2
+  372 op mul *tmp155 :drawItem.2:col 176
+  373 op mul *tmp156 :drawItemColor.2:col 88
   374 op add :drawItemColor.2:iconX 11 *tmp156
-    * op mul *tmp158 :drawItemColor.2:col 176
-    * op div *tmp159 *tmp158 2
-    * op add :drawItemColor.2:barX 22 *tmp159
-    * op mul *tmp161 :drawItemColor.2:col 176
-    * op div *tmp162 *tmp161 2
-    * op add :drawItemColor.2:textX :drawItemColor.2:textEnd *tmp162
+  375 op mul *tmp158 :drawItem.2:col 176
+  376 op div *tmp159 *tmp155 2
+  377 op add :drawItemColor.2:barX 22 *tmp156
+  378 op mul *tmp161 :drawItem.2:col 176
+  379 op div *tmp162 *tmp155 2
+  380 op add :drawItemColor.2:textX :drawItemColor.2:textEnd *tmp156
   381 draw col %[white]
-    * op add *tmp164 :drawItemColor.2:y 5
-    * draw image :drawItemColor.2:iconX *tmp164 :drawItemColor.2:item 14 0
-    * draw col :drawItemColor.2:color1
-    * draw rect :drawItemColor.2:barX :drawItemColor.2:y :drawItemColor.2:length 10
-    * draw col :drawItemColor.2:color2
-    * draw lineRect :drawItemColor.2:barX :drawItemColor.2:y :drawItemColor.2:barLength 10
-    * op add *tmp165 :drawItemColor.2:y 5
-    * op add *tmp166 *tmp165 2
+  382 op add *tmp164 :drawItem.2:y 5
+  383 draw image :drawItemColor.2:iconX *tmp164 :drawItem.2:item 14 0
+  384 draw col %008000FF
+  385 draw rect :drawItemColor.2:barX :drawItem.2:y :drawItemColor.2:length 10
+  386 draw col %00FF00FF
+  387 draw lineRect :drawItemColor.2:barX :drawItem.2:y :drawItemColor.2:barLength 10
+  388 op add *tmp165 :drawItem.2:y 5
+  389 op add *tmp166 *tmp164 2
   390 set :drawBold.2:x :drawItemColor.2:textX
   391 set :drawBold.2:y *tmp166
   392 set :drawBold.2:alignment @right
-    * set :drawText.10:x :drawBold.2:x
-    * set :drawText.10:y :drawBold.2:y
-    * set :drawText.10:alignment :drawBold.2:alignment
+  393 set :drawText.10:x :drawItemColor.2:textX
+  394 set :drawText.10:y *tmp166
+  395 set :drawText.10:alignment @right
   396 print 15
-    * draw print :drawText.10:x :drawText.10:y :drawText.10:alignment
+  397 draw print :drawBold.2:x :drawBold.2:y :drawBold.2:alignment
   398 label *label94
-    * op add :drawText.11:x :drawBold.2:x 1
-    * set :drawText.11:y :drawBold.2:y
-    * set :drawText.11:alignment :drawBold.2:alignment
+  399 op add :drawText.11:x :drawItemColor.2:textX 1
+  400 set :drawText.11:y *tmp166
+  401 set :drawText.11:alignment @right
   402 print 15
-    * draw print :drawText.11:x :drawText.11:y :drawText.11:alignment
+  403 draw print :drawText.11:x :drawBold.2:y :drawBold.2:alignment
   404 label *label95
   405 label *label93
-    * op add :drawItemColor.2:col :drawItemColor.2:col 1
-    * jump *label96 lessThan :drawItemColor.2:col :drawItemColor.2:columns
+  406 op add :drawItemColor.2:col :drawItem.2:col 1
+  407 jump *label96 lessThan :drawItemColor.2:col :drawItem.2:columns
   408 set :drawItemColor.2:col 0
-    * op sub :drawItemColor.2:y :drawItemColor.2:y 15
+  409 op sub :drawItemColor.2:y :drawItem.2:y 15
   410 label *label96
   411 label *label97
   412 label *label92
-    * set :drawItem.2:col :drawItemColor.2:col
   413 set :drawItem.2:y :drawItemColor.2:y
   414 label *label91
-    * set :updateDisplay:y :drawItem.2:y
-    * op sub :updateDisplay:y :updateDisplay:y 15
+  415 set :updateDisplay:y :drawItemColor.2:y
+  416 op sub :updateDisplay:y :drawItem.2:y 15
   417 jump *label90 always
   418 label *label89
   419 sensor *tmp170 A¾BFLW-air-factory13 @lead
   420 set :drawItem.3:col 0
-    * set :drawItem.3:y :updateDisplay:y
+  421 set :drawItem.3:y :drawTitleRow.2:y
   422 set :drawItem.3:columns 1
   423 set :drawItem.3:item @lead
   424 set :drawItem.3:current *tmp170
   425 set :drawItem.3:target 15
   426 set :drawItemColor.3:color1 %008000FF
   427 set :drawItemColor.3:color2 %00FF00FF
-    * set :drawItemColor.3:col :drawItem.3:col
-    * set :drawItemColor.3:y :drawItem.3:y
-    * set :drawItemColor.3:columns :drawItem.3:columns
-    * set :drawItemColor.3:item :drawItem.3:item
-    * set :drawItemColor.3:current :drawItem.3:current
-    * set :drawItemColor.3:target :drawItem.3:target
-    * op mul *tmp171 :drawItemColor.3:columns 176
-    * op div *tmp172 *tmp171 2
+  428 set :drawItemColor.3:col 0
+  429 set :drawItemColor.3:y :updateDisplay:y
+  430 set :drawItemColor.3:columns 1
+  431 set :drawItemColor.3:item @lead
+  432 set :drawItemColor.3:current *tmp170
+  433 set :drawItemColor.3:target 15
+  434 op mul *tmp171 :drawItem.3:columns 176
+  435 op mul *tmp172 :drawItemColor.3:columns 88
   436 op sub :drawItemColor.3:barLength 214 *tmp172
   437 op add :drawItemColor.3:textEnd 48 :drawItemColor.3:barLength
-    * op mul *tmp175 :drawItemColor.3:barLength :drawItemColor.3:current
-    * op div *tmp176 *tmp175 :drawItemColor.3:target
+  438 op mul *tmp175 :drawItemColor.3:barLength :drawItem.3:current
+  439 op div *tmp176 *tmp175 :drawItem.3:target
   440 op min :drawItemColor.3:length :drawItemColor.3:barLength *tmp176
-    * op mul *tmp178 :drawItemColor.3:col 176
-    * op div *tmp179 *tmp178 2
+  441 op mul *tmp178 :drawItem.3:col 176
+  442 op mul *tmp179 :drawItemColor.3:col 88
   443 op add :drawItemColor.3:iconX 11 *tmp179
-    * op mul *tmp181 :drawItemColor.3:col 176
-    * op div *tmp182 *tmp181 2
-    * op add :drawItemColor.3:barX 22 *tmp182
-    * op mul *tmp184 :drawItemColor.3:col 176
-    * op div *tmp185 *tmp184 2
-    * op add :drawItemColor.3:textX :drawItemColor.3:textEnd *tmp185
+  444 op mul *tmp181 :drawItem.3:col 176
+  445 op div *tmp182 *tmp178 2
+  446 op add :drawItemColor.3:barX 22 *tmp179
+  447 op mul *tmp184 :drawItem.3:col 176
+  448 op div *tmp185 *tmp178 2
+  449 op add :drawItemColor.3:textX :drawItemColor.3:textEnd *tmp179
   450 draw col %[white]
-    * op add *tmp187 :drawItemColor.3:y 5
-    * draw image :drawItemColor.3:iconX *tmp187 :drawItemColor.3:item 14 0
-    * draw col :drawItemColor.3:color1
-    * draw rect :drawItemColor.3:barX :drawItemColor.3:y :drawItemColor.3:length 10
-    * draw col :drawItemColor.3:color2
-    * draw lineRect :drawItemColor.3:barX :drawItemColor.3:y :drawItemColor.3:barLength 10
-    * op add *tmp188 :drawItemColor.3:y 5
-    * op add *tmp189 *tmp188 2
+  451 op add *tmp187 :drawItem.3:y 5
+  452 draw image :drawItemColor.3:iconX *tmp187 :drawItem.3:item 14 0
+  453 draw col %008000FF
+  454 draw rect :drawItemColor.3:barX :drawItem.3:y :drawItemColor.3:length 10
+  455 draw col %00FF00FF
+  456 draw lineRect :drawItemColor.3:barX :drawItem.3:y :drawItemColor.3:barLength 10
+  457 op add *tmp188 :drawItem.3:y 5
+  458 op add *tmp189 *tmp187 2
   459 set :drawBold.3:x :drawItemColor.3:textX
   460 set :drawBold.3:y *tmp189
   461 set :drawBold.3:alignment @right
-    * set :drawText.12:x :drawBold.3:x
-    * set :drawText.12:y :drawBold.3:y
-    * set :drawText.12:alignment :drawBold.3:alignment
+  462 set :drawText.12:x :drawItemColor.3:textX
+  463 set :drawText.12:y *tmp189
+  464 set :drawText.12:alignment @right
   465 print 15
-    * draw print :drawText.12:x :drawText.12:y :drawText.12:alignment
+  466 draw print :drawBold.3:x :drawBold.3:y :drawBold.3:alignment
   467 label *label101
-    * op add :drawText.13:x :drawBold.3:x 1
-    * set :drawText.13:y :drawBold.3:y
-    * set :drawText.13:alignment :drawBold.3:alignment
+  468 op add :drawText.13:x :drawItemColor.3:textX 1
+  469 set :drawText.13:y *tmp189
+  470 set :drawText.13:alignment @right
   471 print 15
-    * draw print :drawText.13:x :drawText.13:y :drawText.13:alignment
+  472 draw print :drawText.13:x :drawBold.3:y :drawBold.3:alignment
   473 label *label102
   474 label *label100
-    * op add :drawItemColor.3:col :drawItemColor.3:col 1
-    * jump *label103 lessThan :drawItemColor.3:col :drawItemColor.3:columns
+  475 op add :drawItemColor.3:col :drawItem.3:col 1
+  476 jump *label103 lessThan :drawItemColor.3:col :drawItem.3:columns
   477 set :drawItemColor.3:col 0
-    * op sub :drawItemColor.3:y :drawItemColor.3:y 15
+  478 op sub :drawItemColor.3:y :drawItem.3:y 15
   479 label *label103
   480 label *label104
   481 label *label99
-    * set :drawItem.3:col :drawItemColor.3:col
   482 set :drawItem.3:y :drawItemColor.3:y
   483 label *label98
-    * set :updateDisplay:y :drawItem.3:y
+  484 set :updateDisplay:y :drawItemColor.3:y
   485 sensor *tmp193 A¾BFLW-air-factory13 @silicon
   486 set :drawItem.4:col 0
-    * set :drawItem.4:y :updateDisplay:y
+  487 set :drawItem.4:y :drawItem.3:y
   488 set :drawItem.4:columns 1
   489 set :drawItem.4:item @silicon
   490 set :drawItem.4:current *tmp193
   491 set :drawItem.4:target 30
   492 set :drawItemColor.4:color1 %008000FF
   493 set :drawItemColor.4:color2 %00FF00FF
-    * set :drawItemColor.4:col :drawItem.4:col
-    * set :drawItemColor.4:y :drawItem.4:y
-    * set :drawItemColor.4:columns :drawItem.4:columns
-    * set :drawItemColor.4:item :drawItem.4:item
-    * set :drawItemColor.4:current :drawItem.4:current
-    * set :drawItemColor.4:target :drawItem.4:target
-    * op mul *tmp194 :drawItemColor.4:columns 176
-    * op div *tmp195 *tmp194 2
+  494 set :drawItemColor.4:col 0
+  495 set :drawItemColor.4:y :updateDisplay:y
+  496 set :drawItemColor.4:columns 1
+  497 set :drawItemColor.4:item @silicon
+  498 set :drawItemColor.4:current *tmp193
+  499 set :drawItemColor.4:target 30
+  500 op mul *tmp194 :drawItem.4:columns 176
+  501 op mul *tmp195 :drawItemColor.4:columns 88
   502 op sub :drawItemColor.4:barLength 214 *tmp195
   503 op add :drawItemColor.4:textEnd 48 :drawItemColor.4:barLength
-    * op mul *tmp198 :drawItemColor.4:barLength :drawItemColor.4:current
-    * op div *tmp199 *tmp198 :drawItemColor.4:target
+  504 op mul *tmp198 :drawItemColor.4:barLength :drawItem.4:current
+  505 op div *tmp199 *tmp198 :drawItem.4:target
   506 op min :drawItemColor.4:length :drawItemColor.4:barLength *tmp199
-    * op mul *tmp201 :drawItemColor.4:col 176
-    * op div *tmp202 *tmp201 2
+  507 op mul *tmp201 :drawItem.4:col 176
+  508 op mul *tmp202 :drawItemColor.4:col 88
   509 op add :drawItemColor.4:iconX 11 *tmp202
-    * op mul *tmp204 :drawItemColor.4:col 176
-    * op div *tmp205 *tmp204 2
-    * op add :drawItemColor.4:barX 22 *tmp205
-    * op mul *tmp207 :drawItemColor.4:col 176
-    * op div *tmp208 *tmp207 2
-    * op add :drawItemColor.4:textX :drawItemColor.4:textEnd *tmp208
+  510 op mul *tmp204 :drawItem.4:col 176
+  511 op div *tmp205 *tmp201 2
+  512 op add :drawItemColor.4:barX 22 *tmp202
+  513 op mul *tmp207 :drawItem.4:col 176
+  514 op div *tmp208 *tmp201 2
+  515 op add :drawItemColor.4:textX :drawItemColor.4:textEnd *tmp202
   516 draw col %[white]
-    * op add *tmp210 :drawItemColor.4:y 5
-    * draw image :drawItemColor.4:iconX *tmp210 :drawItemColor.4:item 14 0
-    * draw col :drawItemColor.4:color1
-    * draw rect :drawItemColor.4:barX :drawItemColor.4:y :drawItemColor.4:length 10
-    * draw col :drawItemColor.4:color2
-    * draw lineRect :drawItemColor.4:barX :drawItemColor.4:y :drawItemColor.4:barLength 10
-    * op add *tmp211 :drawItemColor.4:y 5
-    * op add *tmp212 *tmp211 2
+  517 op add *tmp210 :drawItem.4:y 5
+  518 draw image :drawItemColor.4:iconX *tmp210 :drawItem.4:item 14 0
+  519 draw col %008000FF
+  520 draw rect :drawItemColor.4:barX :drawItem.4:y :drawItemColor.4:length 10
+  521 draw col %00FF00FF
+  522 draw lineRect :drawItemColor.4:barX :drawItem.4:y :drawItemColor.4:barLength 10
+  523 op add *tmp211 :drawItem.4:y 5
+  524 op add *tmp212 *tmp210 2
   525 set :drawBold.4:x :drawItemColor.4:textX
   526 set :drawBold.4:y *tmp212
   527 set :drawBold.4:alignment @right
-    * set :drawText.14:x :drawBold.4:x
-    * set :drawText.14:y :drawBold.4:y
-    * set :drawText.14:alignment :drawBold.4:alignment
+  528 set :drawText.14:x :drawItemColor.4:textX
+  529 set :drawText.14:y *tmp212
+  530 set :drawText.14:alignment @right
   531 print 30
-    * draw print :drawText.14:x :drawText.14:y :drawText.14:alignment
+  532 draw print :drawBold.4:x :drawBold.4:y :drawBold.4:alignment
   533 label *label108
-    * op add :drawText.15:x :drawBold.4:x 1
-    * set :drawText.15:y :drawBold.4:y
-    * set :drawText.15:alignment :drawBold.4:alignment
+  534 op add :drawText.15:x :drawItemColor.4:textX 1
+  535 set :drawText.15:y *tmp212
+  536 set :drawText.15:alignment @right
   537 print 30
-    * draw print :drawText.15:x :drawText.15:y :drawText.15:alignment
+  538 draw print :drawText.15:x :drawBold.4:y :drawBold.4:alignment
   539 label *label109
   540 label *label107
-    * op add :drawItemColor.4:col :drawItemColor.4:col 1
-    * jump *label110 lessThan :drawItemColor.4:col :drawItemColor.4:columns
+  541 op add :drawItemColor.4:col :drawItem.4:col 1
+  542 jump *label110 lessThan :drawItemColor.4:col :drawItem.4:columns
   543 set :drawItemColor.4:col 0
-    * op sub :drawItemColor.4:y :drawItemColor.4:y 15
+  544 op sub :drawItemColor.4:y :drawItem.4:y 15
   545 label *label110
   546 label *label111
   547 label *label106
-    * set :drawItem.4:col :drawItemColor.4:col
   548 set :drawItem.4:y :drawItemColor.4:y
   549 label *label105
-    * set :updateDisplay:y :drawItem.4:y
+  550 set :updateDisplay:y :drawItemColor.4:y
   551 label *label90
   552 jump *label88 always
   553 label *label87
   554 op mul *tmp216 100 :drawAirFactory:progress
   555 op floor *tmp217 *tmp216
   556 set :drawItem.5:col 0
-    * set :drawItem.5:y :updateDisplay:y
+  557 set :drawItem.5:y :drawTitleRow.2:y
   558 set :drawItem.5:columns 1
   559 set :drawItem.5:item .nextFactory
   560 set :drawItem.5:current :drawAirFactory:progress
   561 set :drawItem.5:target 1
   562 set :drawItemColor.5:color1 %008000FF
   563 set :drawItemColor.5:color2 %00FF00FF
-    * set :drawItemColor.5:col :drawItem.5:col
-    * set :drawItemColor.5:y :drawItem.5:y
-    * set :drawItemColor.5:columns :drawItem.5:columns
+  564 set :drawItemColor.5:col 0
+  565 set :drawItemColor.5:y :updateDisplay:y
+  566 set :drawItemColor.5:columns 1
   567 set :drawItemColor.5:item :drawItem.5:item
-    * set :drawItemColor.5:current :drawItem.5:current
-    * set :drawItemColor.5:target :drawItem.5:target
-    * op mul *tmp218 :drawItemColor.5:columns 176
-    * op div *tmp219 *tmp218 2
+  568 set :drawItemColor.5:current :drawAirFactory:progress
+  569 set :drawItemColor.5:target 1
+  570 op mul *tmp218 :drawItem.5:columns 176
+  571 op mul *tmp219 :drawItemColor.5:columns 88
   572 op sub :drawItemColor.5:barLength 214 *tmp219
   573 op add :drawItemColor.5:textEnd 48 :drawItemColor.5:barLength
-    * op mul *tmp222 :drawItemColor.5:barLength :drawItemColor.5:current
-    * op div *tmp223 *tmp222 :drawItemColor.5:target
+  574 op mul *tmp222 :drawItemColor.5:barLength :drawItem.5:current
+  575 op div *tmp223 *tmp222 :drawItem.5:target
   576 op min :drawItemColor.5:length :drawItemColor.5:barLength *tmp223
-    * op mul *tmp225 :drawItemColor.5:col 176
-    * op div *tmp226 *tmp225 2
+  577 op mul *tmp225 :drawItem.5:col 176
+  578 op mul *tmp226 :drawItemColor.5:col 88
   579 op add :drawItemColor.5:iconX 11 *tmp226
-    * op mul *tmp228 :drawItemColor.5:col 176
-    * op div *tmp229 *tmp228 2
-    * op add :drawItemColor.5:barX 22 *tmp229
-    * op mul *tmp231 :drawItemColor.5:col 176
-    * op div *tmp232 *tmp231 2
-    * op add :drawItemColor.5:textX :drawItemColor.5:textEnd *tmp232
+  580 op mul *tmp228 :drawItem.5:col 176
+  581 op div *tmp229 *tmp225 2
+  582 op add :drawItemColor.5:barX 22 *tmp226
+  583 op mul *tmp231 :drawItem.5:col 176
+  584 op div *tmp232 *tmp225 2
+  585 op add :drawItemColor.5:textX :drawItemColor.5:textEnd *tmp226
   586 draw col %[white]
-    * op add *tmp234 :drawItemColor.5:y 5
-    * draw image :drawItemColor.5:iconX *tmp234 :drawItemColor.5:item 14 0
-    * draw col :drawItemColor.5:color1
-    * draw rect :drawItemColor.5:barX :drawItemColor.5:y :drawItemColor.5:length 10
-    * draw col :drawItemColor.5:color2
-    * draw lineRect :drawItemColor.5:barX :drawItemColor.5:y :drawItemColor.5:barLength 10
-    * op add *tmp235 :drawItemColor.5:y 5
-    * op add *tmp236 *tmp235 2
+  587 op add *tmp234 :drawItem.5:y 5
+  588 draw image :drawItemColor.5:iconX *tmp234 :drawItem.5:item 14 0
+  589 draw col %008000FF
+  590 draw rect :drawItemColor.5:barX :drawItem.5:y :drawItemColor.5:length 10
+  591 draw col %00FF00FF
+  592 draw lineRect :drawItemColor.5:barX :drawItem.5:y :drawItemColor.5:barLength 10
+  593 op add *tmp235 :drawItem.5:y 5
+  594 op add *tmp236 *tmp234 2
   595 set :drawBold.5:x :drawItemColor.5:textX
   596 set :drawBold.5:y *tmp236
   597 set :drawBold.5:alignment @right
-    * set :drawText.16:x :drawBold.5:x
-    * set :drawText.16:y :drawBold.5:y
-    * set :drawText.16:alignment :drawBold.5:alignment
+  598 set :drawText.16:x :drawItemColor.5:textX
+  599 set :drawText.16:y *tmp236
+  600 set :drawText.16:alignment @right
   601 print *tmp217
   602 print "%"
-    * draw print :drawText.16:x :drawText.16:y :drawText.16:alignment
+  603 draw print :drawBold.5:x :drawBold.5:y :drawBold.5:alignment
   604 label *label115
-    * op add :drawText.17:x :drawBold.5:x 1
-    * set :drawText.17:y :drawBold.5:y
-    * set :drawText.17:alignment :drawBold.5:alignment
+  605 op add :drawText.17:x :drawItemColor.5:textX 1
+  606 set :drawText.17:y *tmp236
+  607 set :drawText.17:alignment @right
   608 print *tmp217
   609 print "%"
-    * draw print :drawText.17:x :drawText.17:y :drawText.17:alignment
+  610 draw print :drawText.17:x :drawBold.5:y :drawBold.5:alignment
   611 label *label116
   612 label *label114
-    * op add :drawItemColor.5:col :drawItemColor.5:col 1
-    * jump *label117 lessThan :drawItemColor.5:col :drawItemColor.5:columns
+  613 op add :drawItemColor.5:col :drawItem.5:col 1
+  614 jump *label117 lessThan :drawItemColor.5:col :drawItem.5:columns
   615 set :drawItemColor.5:col 0
-    * op sub :drawItemColor.5:y :drawItemColor.5:y 15
+  616 op sub :drawItemColor.5:y :drawItem.5:y 15
   617 label *label117
   618 label *label118
   619 label *label113
-    * set :drawItem.5:col :drawItemColor.5:col
   620 set :drawItem.5:y :drawItemColor.5:y
   621 label *label112
-    * set :updateDisplay:y :drawItem.5:y
-    * op sub :updateDisplay:y :updateDisplay:y 15
+  622 set :updateDisplay:y :drawItemColor.5:y
+  623 op sub :updateDisplay:y :drawItem.5:y 15
   624 label *label88
   625 op sub :updateDisplay:y :updateDisplay:y 5
   626 label *label81
 
   632 set :drawTitleRow.3:y :updateDisplay:y
   633 set :drawTitleRow.3:alignment @bottomLeft
   634 set :drawText.18:x 22
-    * set :drawText.18:y :drawTitleRow.3:y
-    * set :drawText.18:alignment :drawTitleRow.3:alignment
+  635 set :drawText.18:y :updateDisplay:y
+  636 set :drawText.18:alignment @bottomLeft
   637 print "Reconstructor"
-    * draw print :drawText.18:x :drawText.18:y :drawText.18:alignment
+  638 draw print 22 :drawTitleRow.3:y :drawTitleRow.3:alignment
   639 label *label123
   640 set :drawText.19:x 23
-    * set :drawText.19:y :drawTitleRow.3:y
-    * set :drawText.19:alignment :drawTitleRow.3:alignment
+  641 set :drawText.19:y :updateDisplay:y
+  642 set :drawText.19:alignment @bottomLeft
   643 print "Reconstructor"
-    * draw print :drawText.19:x :drawText.19:y :drawText.19:alignment
+  644 draw print 23 :drawTitleRow.3:y :drawTitleRow.3:alignment
   645 label *label124
-    * op sub :drawTitleRow.3:y :drawTitleRow.3:y 15
+  646 op sub :drawTitleRow.3:y :updateDisplay:y 15
   647 label *label122
   648 set :updateDisplay:y :drawTitleRow.3:y
   649 sensor :drawAddReco:progress AÀF@Lb-additive-reconstructor24 @progress
   650 jump *label125 notEqual :drawAddReco:progress 0
   651 sensor *tmp245 AÀF@Lb-additive-reconstructor24 @graphite
   652 set :drawItem.6:col 0
-    * set :drawItem.6:y :updateDisplay:y
+  653 set :drawItem.6:y :drawTitleRow.3:y
   654 set :drawItem.6:columns 1
   655 set :drawItem.6:item @graphite
   656 set :drawItem.6:current *tmp245
   657 set :drawItem.6:target 40
   658 set :drawItemColor.6:color1 %008000FF
   659 set :drawItemColor.6:color2 %00FF00FF
-    * set :drawItemColor.6:col :drawItem.6:col
-    * set :drawItemColor.6:y :drawItem.6:y
-    * set :drawItemColor.6:columns :drawItem.6:columns
-    * set :drawItemColor.6:item :drawItem.6:item
-    * set :drawItemColor.6:current :drawItem.6:current
-    * set :drawItemColor.6:target :drawItem.6:target
-    * op mul *tmp246 :drawItemColor.6:columns 176
-    * op div *tmp247 *tmp246 2
+  660 set :drawItemColor.6:col 0
+  661 set :drawItemColor.6:y :updateDisplay:y
+  662 set :drawItemColor.6:columns 1
+  663 set :drawItemColor.6:item @graphite
+  664 set :drawItemColor.6:current *tmp245
+  665 set :drawItemColor.6:target 40
+  666 op mul *tmp246 :drawItem.6:columns 176
+  667 op mul *tmp247 :drawItemColor.6:columns 88
   668 op sub :drawItemColor.6:barLength 214 *tmp247
   669 op add :drawItemColor.6:textEnd 48 :drawItemColor.6:barLength
-    * op mul *tmp250 :drawItemColor.6:barLength :drawItemColor.6:current
-    * op div *tmp251 *tmp250 :drawItemColor.6:target
+  670 op mul *tmp250 :drawItemColor.6:barLength :drawItem.6:current
+  671 op div *tmp251 *tmp250 :drawItem.6:target
   672 op min :drawItemColor.6:length :drawItemColor.6:barLength *tmp251
-    * op mul *tmp253 :drawItemColor.6:col 176
-    * op div *tmp254 *tmp253 2
+  673 op mul *tmp253 :drawItem.6:col 176
+  674 op mul *tmp254 :drawItemColor.6:col 88
   675 op add :drawItemColor.6:iconX 11 *tmp254
-    * op mul *tmp256 :drawItemColor.6:col 176
-    * op div *tmp257 *tmp256 2
-    * op add :drawItemColor.6:barX 22 *tmp257
-    * op mul *tmp259 :drawItemColor.6:col 176
-    * op div *tmp260 *tmp259 2
-    * op add :drawItemColor.6:textX :drawItemColor.6:textEnd *tmp260
+  676 op mul *tmp256 :drawItem.6:col 176
+  677 op div *tmp257 *tmp253 2
+  678 op add :drawItemColor.6:barX 22 *tmp254
+  679 op mul *tmp259 :drawItem.6:col 176
+  680 op div *tmp260 *tmp253 2
+  681 op add :drawItemColor.6:textX :drawItemColor.6:textEnd *tmp254
   682 draw col %[white]
-    * op add *tmp262 :drawItemColor.6:y 5
-    * draw image :drawItemColor.6:iconX *tmp262 :drawItemColor.6:item 14 0
-    * draw col :drawItemColor.6:color1
-    * draw rect :drawItemColor.6:barX :drawItemColor.6:y :drawItemColor.6:length 10
-    * draw col :drawItemColor.6:color2
-    * draw lineRect :drawItemColor.6:barX :drawItemColor.6:y :drawItemColor.6:barLength 10
-    * op add *tmp263 :drawItemColor.6:y 5
-    * op add *tmp264 *tmp263 2
+  683 op add *tmp262 :drawItem.6:y 5
+  684 draw image :drawItemColor.6:iconX *tmp262 :drawItem.6:item 14 0
+  685 draw col %008000FF
+  686 draw rect :drawItemColor.6:barX :drawItem.6:y :drawItemColor.6:length 10
+  687 draw col %00FF00FF
+  688 draw lineRect :drawItemColor.6:barX :drawItem.6:y :drawItemColor.6:barLength 10
+  689 op add *tmp263 :drawItem.6:y 5
+  690 op add *tmp264 *tmp262 2
   691 set :drawBold.6:x :drawItemColor.6:textX
   692 set :drawBold.6:y *tmp264
   693 set :drawBold.6:alignment @right
-    * set :drawText.20:x :drawBold.6:x
-    * set :drawText.20:y :drawBold.6:y
-    * set :drawText.20:alignment :drawBold.6:alignment
+  694 set :drawText.20:x :drawItemColor.6:textX
+  695 set :drawText.20:y *tmp264
+  696 set :drawText.20:alignment @right
   697 print 40
-    * draw print :drawText.20:x :drawText.20:y :drawText.20:alignment
+  698 draw print :drawBold.6:x :drawBold.6:y :drawBold.6:alignment
   699 label *label130
-    * op add :drawText.21:x :drawBold.6:x 1
-    * set :drawText.21:y :drawBold.6:y
-    * set :drawText.21:alignment :drawBold.6:alignment
+  700 op add :drawText.21:x :drawItemColor.6:textX 1
+  701 set :drawText.21:y *tmp264
+  702 set :drawText.21:alignment @right
   703 print 40
-    * draw print :drawText.21:x :drawText.21:y :drawText.21:alignment
+  704 draw print :drawText.21:x :drawBold.6:y :drawBold.6:alignment
   705 label *label131
   706 label *label129
-    * op add :drawItemColor.6:col :drawItemColor.6:col 1
-    * jump *label132 lessThan :drawItemColor.6:col :drawItemColor.6:columns
+  707 op add :drawItemColor.6:col :drawItem.6:col 1
+  708 jump *label132 lessThan :drawItemColor.6:col :drawItem.6:columns
   709 set :drawItemColor.6:col 0
-    * op sub :drawItemColor.6:y :drawItemColor.6:y 15
+  710 op sub :drawItemColor.6:y :drawItem.6:y 15
   711 label *label132
   712 label *label133
   713 label *label128
-    * set :drawItem.6:col :drawItemColor.6:col
   714 set :drawItem.6:y :drawItemColor.6:y
   715 label *label127
-    * set :updateDisplay:y :drawItem.6:y
+  716 set :updateDisplay:y :drawItemColor.6:y
   717 sensor *tmp268 AÀF@Lb-additive-reconstructor24 @silicon
   718 set :drawItem.7:col 0
-    * set :drawItem.7:y :updateDisplay:y
+  719 set :drawItem.7:y :drawItem.6:y
   720 set :drawItem.7:columns 1
   721 set :drawItem.7:item @silicon
   722 set :drawItem.7:current *tmp268
   723 set :drawItem.7:target 40
   724 set :drawItemColor.7:color1 %008000FF
   725 set :drawItemColor.7:color2 %00FF00FF
-    * set :drawItemColor.7:col :drawItem.7:col
-    * set :drawItemColor.7:y :drawItem.7:y
-    * set :drawItemColor.7:columns :drawItem.7:columns
-    * set :drawItemColor.7:item :drawItem.7:item
-    * set :drawItemColor.7:current :drawItem.7:current
-    * set :drawItemColor.7:target :drawItem.7:target
-    * op mul *tmp269 :drawItemColor.7:columns 176
-    * op div *tmp270 *tmp269 2
+  726 set :drawItemColor.7:col 0
+  727 set :drawItemColor.7:y :updateDisplay:y
+  728 set :drawItemColor.7:columns 1
+  729 set :drawItemColor.7:item @silicon
+  730 set :drawItemColor.7:current *tmp268
+  731 set :drawItemColor.7:target 40
+  732 op mul *tmp269 :drawItem.7:columns 176
+  733 op mul *tmp270 :drawItemColor.7:columns 88
   734 op sub :drawItemColor.7:barLength 214 *tmp270
   735 op add :drawItemColor.7:textEnd 48 :drawItemColor.7:barLength
-    * op mul *tmp273 :drawItemColor.7:barLength :drawItemColor.7:current
-    * op div *tmp274 *tmp273 :drawItemColor.7:target
+  736 op mul *tmp273 :drawItemColor.7:barLength :drawItem.7:current
+  737 op div *tmp274 *tmp273 :drawItem.7:target
   738 op min :drawItemColor.7:length :drawItemColor.7:barLength *tmp274
-    * op mul *tmp276 :drawItemColor.7:col 176
-    * op div *tmp277 *tmp276 2
+  739 op mul *tmp276 :drawItem.7:col 176
+  740 op mul *tmp277 :drawItemColor.7:col 88
   741 op add :drawItemColor.7:iconX 11 *tmp277
-    * op mul *tmp279 :drawItemColor.7:col 176
-    * op div *tmp280 *tmp279 2
-    * op add :drawItemColor.7:barX 22 *tmp280
-    * op mul *tmp282 :drawItemColor.7:col 176
-    * op div *tmp283 *tmp282 2
-    * op add :drawItemColor.7:textX :drawItemColor.7:textEnd *tmp283
+  742 op mul *tmp279 :drawItem.7:col 176
+  743 op div *tmp280 *tmp276 2
+  744 op add :drawItemColor.7:barX 22 *tmp277
+  745 op mul *tmp282 :drawItem.7:col 176
+  746 op div *tmp283 *tmp276 2
+  747 op add :drawItemColor.7:textX :drawItemColor.7:textEnd *tmp277
   748 draw col %[white]
-    * op add *tmp285 :drawItemColor.7:y 5
-    * draw image :drawItemColor.7:iconX *tmp285 :drawItemColor.7:item 14 0
-    * draw col :drawItemColor.7:color1
-    * draw rect :drawItemColor.7:barX :drawItemColor.7:y :drawItemColor.7:length 10
-    * draw col :drawItemColor.7:color2
-    * draw lineRect :drawItemColor.7:barX :drawItemColor.7:y :drawItemColor.7:barLength 10
-    * op add *tmp286 :drawItemColor.7:y 5
-    * op add *tmp287 *tmp286 2
+  749 op add *tmp285 :drawItem.7:y 5
+  750 draw image :drawItemColor.7:iconX *tmp285 :drawItem.7:item 14 0
+  751 draw col %008000FF
+  752 draw rect :drawItemColor.7:barX :drawItem.7:y :drawItemColor.7:length 10
+  753 draw col %00FF00FF
+  754 draw lineRect :drawItemColor.7:barX :drawItem.7:y :drawItemColor.7:barLength 10
+  755 op add *tmp286 :drawItem.7:y 5
+  756 op add *tmp287 *tmp285 2
   757 set :drawBold.7:x :drawItemColor.7:textX
   758 set :drawBold.7:y *tmp287
   759 set :drawBold.7:alignment @right
-    * set :drawText.22:x :drawBold.7:x
-    * set :drawText.22:y :drawBold.7:y
-    * set :drawText.22:alignment :drawBold.7:alignment
+  760 set :drawText.22:x :drawItemColor.7:textX
+  761 set :drawText.22:y *tmp287
+  762 set :drawText.22:alignment @right
   763 print 40
-    * draw print :drawText.22:x :drawText.22:y :drawText.22:alignment
+  764 draw print :drawBold.7:x :drawBold.7:y :drawBold.7:alignment
   765 label *label137
-    * op add :drawText.23:x :drawBold.7:x 1
-    * set :drawText.23:y :drawBold.7:y
-    * set :drawText.23:alignment :drawBold.7:alignment
+  766 op add :drawText.23:x :drawItemColor.7:textX 1
+  767 set :drawText.23:y *tmp287
+  768 set :drawText.23:alignment @right
   769 print 40
-    * draw print :drawText.23:x :drawText.23:y :drawText.23:alignment
+  770 draw print :drawText.23:x :drawBold.7:y :drawBold.7:alignment
   771 label *label138
   772 label *label136
-    * op add :drawItemColor.7:col :drawItemColor.7:col 1
-    * jump *label139 lessThan :drawItemColor.7:col :drawItemColor.7:columns
+  773 op add :drawItemColor.7:col :drawItem.7:col 1
+  774 jump *label139 lessThan :drawItemColor.7:col :drawItem.7:columns
   775 set :drawItemColor.7:col 0
-    * op sub :drawItemColor.7:y :drawItemColor.7:y 15
+  776 op sub :drawItemColor.7:y :drawItem.7:y 15
   777 label *label139
   778 label *label140
   779 label *label135
-    * set :drawItem.7:col :drawItemColor.7:col
   780 set :drawItem.7:y :drawItemColor.7:y
   781 label *label134
-    * set :updateDisplay:y :drawItem.7:y
+  782 set :updateDisplay:y :drawItemColor.7:y
   783 jump *label126 always
   784 label *label125
   785 op mul *tmp291 100 :drawAddReco:progress
   786 op floor *tmp292 *tmp291
   787 set :drawItem.8:col 0
-    * set :drawItem.8:y :updateDisplay:y
+  788 set :drawItem.8:y :drawTitleRow.3:y
   789 set :drawItem.8:columns 1
   790 set :drawItem.8:item @poly
   791 set :drawItem.8:current :drawAddReco:progress
   792 set :drawItem.8:target 1
   793 set :drawItemColor.8:color1 %008000FF
   794 set :drawItemColor.8:color2 %00FF00FF
-    * set :drawItemColor.8:col :drawItem.8:col
-    * set :drawItemColor.8:y :drawItem.8:y
-    * set :drawItemColor.8:columns :drawItem.8:columns
-    * set :drawItemColor.8:item :drawItem.8:item
-    * set :drawItemColor.8:current :drawItem.8:current
-    * set :drawItemColor.8:target :drawItem.8:target
-    * op mul *tmp293 :drawItemColor.8:columns 176
-    * op div *tmp294 *tmp293 2
+  795 set :drawItemColor.8:col 0
+  796 set :drawItemColor.8:y :updateDisplay:y
+  797 set :drawItemColor.8:columns 1
+  798 set :drawItemColor.8:item @poly
+  799 set :drawItemColor.8:current :drawAddReco:progress
+  800 set :drawItemColor.8:target 1
+  801 op mul *tmp293 :drawItem.8:columns 176
+  802 op mul *tmp294 :drawItemColor.8:columns 88
   803 op sub :drawItemColor.8:barLength 214 *tmp294
   804 op add :drawItemColor.8:textEnd 48 :drawItemColor.8:barLength
-    * op mul *tmp297 :drawItemColor.8:barLength :drawItemColor.8:current
-    * op div *tmp298 *tmp297 :drawItemColor.8:target
+  805 op mul *tmp297 :drawItemColor.8:barLength :drawItem.8:current
+  806 op div *tmp298 *tmp297 :drawItem.8:target
   807 op min :drawItemColor.8:length :drawItemColor.8:barLength *tmp298
-    * op mul *tmp300 :drawItemColor.8:col 176
-    * op div *tmp301 *tmp300 2
+  808 op mul *tmp300 :drawItem.8:col 176
+  809 op mul *tmp301 :drawItemColor.8:col 88
   810 op add :drawItemColor.8:iconX 11 *tmp301
-    * op mul *tmp303 :drawItemColor.8:col 176
-    * op div *tmp304 *tmp303 2
-    * op add :drawItemColor.8:barX 22 *tmp304
-    * op mul *tmp306 :drawItemColor.8:col 176
-    * op div *tmp307 *tmp306 2
-    * op add :drawItemColor.8:textX :drawItemColor.8:textEnd *tmp307
+  811 op mul *tmp303 :drawItem.8:col 176
+  812 op div *tmp304 *tmp300 2
+  813 op add :drawItemColor.8:barX 22 *tmp301
+  814 op mul *tmp306 :drawItem.8:col 176
+  815 op div *tmp307 *tmp300 2
+  816 op add :drawItemColor.8:textX :drawItemColor.8:textEnd *tmp301
   817 draw col %[white]
-    * op add *tmp309 :drawItemColor.8:y 5
-    * draw image :drawItemColor.8:iconX *tmp309 :drawItemColor.8:item 14 0
-    * draw col :drawItemColor.8:color1
-    * draw rect :drawItemColor.8:barX :drawItemColor.8:y :drawItemColor.8:length 10
-    * draw col :drawItemColor.8:color2
-    * draw lineRect :drawItemColor.8:barX :drawItemColor.8:y :drawItemColor.8:barLength 10
-    * op add *tmp310 :drawItemColor.8:y 5
-    * op add *tmp311 *tmp310 2
+  818 op add *tmp309 :drawItem.8:y 5
+  819 draw image :drawItemColor.8:iconX *tmp309 :drawItem.8:item 14 0
+  820 draw col %008000FF
+  821 draw rect :drawItemColor.8:barX :drawItem.8:y :drawItemColor.8:length 10
+  822 draw col %00FF00FF
+  823 draw lineRect :drawItemColor.8:barX :drawItem.8:y :drawItemColor.8:barLength 10
+  824 op add *tmp310 :drawItem.8:y 5
+  825 op add *tmp311 *tmp309 2
   826 set :drawBold.8:x :drawItemColor.8:textX
   827 set :drawBold.8:y *tmp311
   828 set :drawBold.8:alignment @right
-    * set :drawText.24:x :drawBold.8:x
-    * set :drawText.24:y :drawBold.8:y
-    * set :drawText.24:alignment :drawBold.8:alignment
+  829 set :drawText.24:x :drawItemColor.8:textX
+  830 set :drawText.24:y *tmp311
+  831 set :drawText.24:alignment @right
   832 print *tmp292
   833 print "%"
-    * draw print :drawText.24:x :drawText.24:y :drawText.24:alignment
+  834 draw print :drawBold.8:x :drawBold.8:y :drawBold.8:alignment
   835 label *label144
-    * op add :drawText.25:x :drawBold.8:x 1
-    * set :drawText.25:y :drawBold.8:y
-    * set :drawText.25:alignment :drawBold.8:alignment
+  836 op add :drawText.25:x :drawItemColor.8:textX 1
+  837 set :drawText.25:y *tmp311
+  838 set :drawText.25:alignment @right
   839 print *tmp292
   840 print "%"
-    * draw print :drawText.25:x :drawText.25:y :drawText.25:alignment
+  841 draw print :drawText.25:x :drawBold.8:y :drawBold.8:alignment
   842 label *label145
   843 label *label143
-    * op add :drawItemColor.8:col :drawItemColor.8:col 1
-    * jump *label146 lessThan :drawItemColor.8:col :drawItemColor.8:columns
+  844 op add :drawItemColor.8:col :drawItem.8:col 1
+  845 jump *label146 lessThan :drawItemColor.8:col :drawItem.8:columns
   846 set :drawItemColor.8:col 0
-    * op sub :drawItemColor.8:y :drawItemColor.8:y 15
+  847 op sub :drawItemColor.8:y :drawItem.8:y 15
   848 label *label146
   849 label *label147
   850 label *label142
-    * set :drawItem.8:col :drawItemColor.8:col
   851 set :drawItem.8:y :drawItemColor.8:y
   852 label *label141
-    * set :updateDisplay:y :drawItem.8:y
-    * op sub :updateDisplay:y :updateDisplay:y 15
+  853 set :updateDisplay:y :drawItemColor.8:y
+  854 op sub :updateDisplay:y :drawItem.8:y 15
   855 label *label126
   856 op sub :updateDisplay:y :updateDisplay:y 5
   857 label *label119
 
   864 set :drawTitleRow.4:y :updateDisplay:y
   865 set :drawTitleRow.4:alignment @bottomLeft
   866 set :drawText.26:x 22
-    * set :drawText.26:y :drawTitleRow.4:y
-    * set :drawText.26:alignment :drawTitleRow.4:alignment
+  867 set :drawText.26:y :updateDisplay:y
+  868 set :drawText.26:alignment @bottomLeft
   869 print "Reconstructor"
-    * draw print :drawText.26:x :drawText.26:y :drawText.26:alignment
+  870 draw print 22 :drawTitleRow.4:y :drawTitleRow.4:alignment
   871 label *label152
   872 set :drawText.27:x 23
-    * set :drawText.27:y :drawTitleRow.4:y
-    * set :drawText.27:alignment :drawTitleRow.4:alignment
+  873 set :drawText.27:y :updateDisplay:y
+  874 set :drawText.27:alignment @bottomLeft
   875 print "Reconstructor"
-    * draw print :drawText.27:x :drawText.27:y :drawText.27:alignment
+  876 draw print 23 :drawTitleRow.4:y :drawTitleRow.4:alignment
   877 label *label153
-    * op sub :drawTitleRow.4:y :drawTitleRow.4:y 15
+  878 op sub :drawTitleRow.4:y :updateDisplay:y 15
   879 label *label151
   880 set :updateDisplay:y :drawTitleRow.4:y
   881 sensor :drawMultiReco:progress AÁNBJc-multiplicative-reconstructor25 @progress
   882 jump *label154 notEqual :drawMultiReco:progress 0
   883 sensor *tmp321 AÁNBJc-multiplicative-reconstructor25 @metaglass
   884 set :drawItem.9:col 0
-    * set :drawItem.9:y :updateDisplay:y
+  885 set :drawItem.9:y :drawTitleRow.4:y
   886 set :drawItem.9:columns 1
   887 set :drawItem.9:item @metaglass
   888 set :drawItem.9:current *tmp321
   889 set :drawItem.9:target 40
   890 set :drawItemColor.9:color1 %008000FF
   891 set :drawItemColor.9:color2 %00FF00FF
-    * set :drawItemColor.9:col :drawItem.9:col
-    * set :drawItemColor.9:y :drawItem.9:y
-    * set :drawItemColor.9:columns :drawItem.9:columns
-    * set :drawItemColor.9:item :drawItem.9:item
-    * set :drawItemColor.9:current :drawItem.9:current
-    * set :drawItemColor.9:target :drawItem.9:target
-    * op mul *tmp322 :drawItemColor.9:columns 176
-    * op div *tmp323 *tmp322 2
+  892 set :drawItemColor.9:col 0
+  893 set :drawItemColor.9:y :updateDisplay:y
+  894 set :drawItemColor.9:columns 1
+  895 set :drawItemColor.9:item @metaglass
+  896 set :drawItemColor.9:current *tmp321
+  897 set :drawItemColor.9:target 40
+  898 op mul *tmp322 :drawItem.9:columns 176
+  899 op mul *tmp323 :drawItemColor.9:columns 88
   900 op sub :drawItemColor.9:barLength 214 *tmp323
   901 op add :drawItemColor.9:textEnd 48 :drawItemColor.9:barLength
-    * op mul *tmp326 :drawItemColor.9:barLength :drawItemColor.9:current
-    * op div *tmp327 *tmp326 :drawItemColor.9:target
+  902 op mul *tmp326 :drawItemColor.9:barLength :drawItem.9:current
+  903 op div *tmp327 *tmp326 :drawItem.9:target
   904 op min :drawItemColor.9:length :drawItemColor.9:barLength *tmp327
-    * op mul *tmp329 :drawItemColor.9:col 176
-    * op div *tmp330 *tmp329 2
+  905 op mul *tmp329 :drawItem.9:col 176
+  906 op mul *tmp330 :drawItemColor.9:col 88
   907 op add :drawItemColor.9:iconX 11 *tmp330
-    * op mul *tmp332 :drawItemColor.9:col 176
-    * op div *tmp333 *tmp332 2
-    * op add :drawItemColor.9:barX 22 *tmp333
-    * op mul *tmp335 :drawItemColor.9:col 176
-    * op div *tmp336 *tmp335 2
-    * op add :drawItemColor.9:textX :drawItemColor.9:textEnd *tmp336
+  908 op mul *tmp332 :drawItem.9:col 176
+  909 op div *tmp333 *tmp329 2
+  910 op add :drawItemColor.9:barX 22 *tmp330
+  911 op mul *tmp335 :drawItem.9:col 176
+  912 op div *tmp336 *tmp329 2
+  913 op add :drawItemColor.9:textX :drawItemColor.9:textEnd *tmp330
   914 draw col %[white]
-    * op add *tmp338 :drawItemColor.9:y 5
-    * draw image :drawItemColor.9:iconX *tmp338 :drawItemColor.9:item 14 0
-    * draw col :drawItemColor.9:color1
-    * draw rect :drawItemColor.9:barX :drawItemColor.9:y :drawItemColor.9:length 10
-    * draw col :drawItemColor.9:color2
-    * draw lineRect :drawItemColor.9:barX :drawItemColor.9:y :drawItemColor.9:barLength 10
-    * op add *tmp339 :drawItemColor.9:y 5
-    * op add *tmp340 *tmp339 2
+  915 op add *tmp338 :drawItem.9:y 5
+  916 draw image :drawItemColor.9:iconX *tmp338 :drawItem.9:item 14 0
+  917 draw col %008000FF
+  918 draw rect :drawItemColor.9:barX :drawItem.9:y :drawItemColor.9:length 10
+  919 draw col %00FF00FF
+  920 draw lineRect :drawItemColor.9:barX :drawItem.9:y :drawItemColor.9:barLength 10
+  921 op add *tmp339 :drawItem.9:y 5
+  922 op add *tmp340 *tmp338 2
   923 set :drawBold.9:x :drawItemColor.9:textX
   924 set :drawBold.9:y *tmp340
   925 set :drawBold.9:alignment @right
-    * set :drawText.28:x :drawBold.9:x
-    * set :drawText.28:y :drawBold.9:y
-    * set :drawText.28:alignment :drawBold.9:alignment
+  926 set :drawText.28:x :drawItemColor.9:textX
+  927 set :drawText.28:y *tmp340
+  928 set :drawText.28:alignment @right
   929 print 40
-    * draw print :drawText.28:x :drawText.28:y :drawText.28:alignment
+  930 draw print :drawBold.9:x :drawBold.9:y :drawBold.9:alignment
   931 label *label159
-    * op add :drawText.29:x :drawBold.9:x 1
-    * set :drawText.29:y :drawBold.9:y
-    * set :drawText.29:alignment :drawBold.9:alignment
+  932 op add :drawText.29:x :drawItemColor.9:textX 1
+  933 set :drawText.29:y *tmp340
+  934 set :drawText.29:alignment @right
   935 print 40
-    * draw print :drawText.29:x :drawText.29:y :drawText.29:alignment
+  936 draw print :drawText.29:x :drawBold.9:y :drawBold.9:alignment
   937 label *label160
   938 label *label158
-    * op add :drawItemColor.9:col :drawItemColor.9:col 1
-    * jump *label161 lessThan :drawItemColor.9:col :drawItemColor.9:columns
+  939 op add :drawItemColor.9:col :drawItem.9:col 1
+  940 jump *label161 lessThan :drawItemColor.9:col :drawItem.9:columns
   941 set :drawItemColor.9:col 0
-    * op sub :drawItemColor.9:y :drawItemColor.9:y 15
+  942 op sub :drawItemColor.9:y :drawItem.9:y 15
   943 label *label161
   944 label *label162
   945 label *label157
-    * set :drawItem.9:col :drawItemColor.9:col
   946 set :drawItem.9:y :drawItemColor.9:y
   947 label *label156
-    * set :updateDisplay:y :drawItem.9:y
+  948 set :updateDisplay:y :drawItemColor.9:y
   949 sensor *tmp344 AÁNBJc-multiplicative-reconstructor25 @titanium
   950 set :drawItem.10:col 0
-    * set :drawItem.10:y :updateDisplay:y
+  951 set :drawItem.10:y :drawItem.9:y
   952 set :drawItem.10:columns 1
   953 set :drawItem.10:item @titanium
   954 set :drawItem.10:current *tmp344
   955 set :drawItem.10:target 80
   956 set :drawItemColor.10:color1 %008000FF
   957 set :drawItemColor.10:color2 %00FF00FF
-    * set :drawItemColor.10:col :drawItem.10:col
-    * set :drawItemColor.10:y :drawItem.10:y
-    * set :drawItemColor.10:columns :drawItem.10:columns
-    * set :drawItemColor.10:item :drawItem.10:item
-    * set :drawItemColor.10:current :drawItem.10:current
-    * set :drawItemColor.10:target :drawItem.10:target
-    * op mul *tmp345 :drawItemColor.10:columns 176
-    * op div *tmp346 *tmp345 2
+  958 set :drawItemColor.10:col 0
+  959 set :drawItemColor.10:y :updateDisplay:y
+  960 set :drawItemColor.10:columns 1
+  961 set :drawItemColor.10:item @titanium
+  962 set :drawItemColor.10:current *tmp344
+  963 set :drawItemColor.10:target 80
+  964 op mul *tmp345 :drawItem.10:columns 176
+  965 op mul *tmp346 :drawItemColor.10:columns 88
   966 op sub :drawItemColor.10:barLength 214 *tmp346
   967 op add :drawItemColor.10:textEnd 48 :drawItemColor.10:barLength
-    * op mul *tmp349 :drawItemColor.10:barLength :drawItemColor.10:current
-    * op div *tmp350 *tmp349 :drawItemColor.10:target
+  968 op mul *tmp349 :drawItemColor.10:barLength :drawItem.10:current
+  969 op div *tmp350 *tmp349 :drawItem.10:target
   970 op min :drawItemColor.10:length :drawItemColor.10:barLength *tmp350
-    * op mul *tmp352 :drawItemColor.10:col 176
-    * op div *tmp353 *tmp352 2
+  971 op mul *tmp352 :drawItem.10:col 176
+  972 op mul *tmp353 :drawItemColor.10:col 88
   973 op add :drawItemColor.10:iconX 11 *tmp353
-    * op mul *tmp355 :drawItemColor.10:col 176
-    * op div *tmp356 *tmp355 2
-    * op add :drawItemColor.10:barX 22 *tmp356
-    * op mul *tmp358 :drawItemColor.10:col 176
-    * op div *tmp359 *tmp358 2
-    * op add :drawItemColor.10:textX :drawItemColor.10:textEnd *tmp359
+  974 op mul *tmp355 :drawItem.10:col 176
+  975 op div *tmp356 *tmp352 2
+  976 op add :drawItemColor.10:barX 22 *tmp353
+  977 op mul *tmp358 :drawItem.10:col 176
+  978 op div *tmp359 *tmp352 2
+  979 op add :drawItemColor.10:textX :drawItemColor.10:textEnd *tmp353
   980 draw col %[white]
-    * op add *tmp361 :drawItemColor.10:y 5
-    * draw image :drawItemColor.10:iconX *tmp361 :drawItemColor.10:item 14 0
-    * draw col :drawItemColor.10:color1
-    * draw rect :drawItemColor.10:barX :drawItemColor.10:y :drawItemColor.10:length 10
-    * draw col :drawItemColor.10:color2
-    * draw lineRect :drawItemColor.10:barX :drawItemColor.10:y :drawItemColor.10:barLength 10
-    * op add *tmp362 :drawItemColor.10:y 5
-    * op add *tmp363 *tmp362 2
+  981 op add *tmp361 :drawItem.10:y 5
+  982 draw image :drawItemColor.10:iconX *tmp361 :drawItem.10:item 14 0
+  983 draw col %008000FF
+  984 draw rect :drawItemColor.10:barX :drawItem.10:y :drawItemColor.10:length 10
+  985 draw col %00FF00FF
+  986 draw lineRect :drawItemColor.10:barX :drawItem.10:y :drawItemColor.10:barLength 10
+  987 op add *tmp362 :drawItem.10:y 5
+  988 op add *tmp363 *tmp361 2
   989 set :drawBold.10:x :drawItemColor.10:textX
   990 set :drawBold.10:y *tmp363
   991 set :drawBold.10:alignment @right
-    * set :drawText.30:x :drawBold.10:x
-    * set :drawText.30:y :drawBold.10:y
-    * set :drawText.30:alignment :drawBold.10:alignment
+  992 set :drawText.30:x :drawItemColor.10:textX
+  993 set :drawText.30:y *tmp363
+  994 set :drawText.30:alignment @right
   995 print 80
-    * draw print :drawText.30:x :drawText.30:y :drawText.30:alignment
+  996 draw print :drawBold.10:x :drawBold.10:y :drawBold.10:alignment
   997 label *label166
-    * op add :drawText.31:x :drawBold.10:x 1
-    * set :drawText.31:y :drawBold.10:y
-    * set :drawText.31:alignment :drawBold.10:alignment
+  998 op add :drawText.31:x :drawItemColor.10:textX 1
+  999 set :drawText.31:y *tmp363
+ 1000 set :drawText.31:alignment @right
  1001 print 80
-    * draw print :drawText.31:x :drawText.31:y :drawText.31:alignment
+ 1002 draw print :drawText.31:x :drawBold.10:y :drawBold.10:alignment
  1003 label *label167
  1004 label *label165
-    * op add :drawItemColor.10:col :drawItemColor.10:col 1
-    * jump *label168 lessThan :drawItemColor.10:col :drawItemColor.10:columns
+ 1005 op add :drawItemColor.10:col :drawItem.10:col 1
+ 1006 jump *label168 lessThan :drawItemColor.10:col :drawItem.10:columns
  1007 set :drawItemColor.10:col 0
-    * op sub :drawItemColor.10:y :drawItemColor.10:y 15
+ 1008 op sub :drawItemColor.10:y :drawItem.10:y 15
  1009 label *label168
  1010 label *label169
  1011 label *label164
-    * set :drawItem.10:col :drawItemColor.10:col
  1012 set :drawItem.10:y :drawItemColor.10:y
  1013 label *label163
-    * set :updateDisplay:y :drawItem.10:y
+ 1014 set :updateDisplay:y :drawItemColor.10:y
  1015 sensor *tmp367 AÁNBJc-multiplicative-reconstructor25 @silicon
  1016 set :drawItem.11:col 0
-    * set :drawItem.11:y :updateDisplay:y
+ 1017 set :drawItem.11:y :drawItem.10:y
  1018 set :drawItem.11:columns 1
  1019 set :drawItem.11:item @silicon
  1020 set :drawItem.11:current *tmp367
  1021 set :drawItem.11:target 130
  1022 set :drawItemColor.11:color1 %008000FF
  1023 set :drawItemColor.11:color2 %00FF00FF
-    * set :drawItemColor.11:col :drawItem.11:col
-    * set :drawItemColor.11:y :drawItem.11:y
-    * set :drawItemColor.11:columns :drawItem.11:columns
-    * set :drawItemColor.11:item :drawItem.11:item
-    * set :drawItemColor.11:current :drawItem.11:current
-    * set :drawItemColor.11:target :drawItem.11:target
-    * op mul *tmp368 :drawItemColor.11:columns 176
-    * op div *tmp369 *tmp368 2
+ 1024 set :drawItemColor.11:col 0
+ 1025 set :drawItemColor.11:y :updateDisplay:y
+ 1026 set :drawItemColor.11:columns 1
+ 1027 set :drawItemColor.11:item @silicon
+ 1028 set :drawItemColor.11:current *tmp367
+ 1029 set :drawItemColor.11:target 130
+ 1030 op mul *tmp368 :drawItem.11:columns 176
+ 1031 op mul *tmp369 :drawItemColor.11:columns 88
  1032 op sub :drawItemColor.11:barLength 214 *tmp369
  1033 op add :drawItemColor.11:textEnd 48 :drawItemColor.11:barLength
-    * op mul *tmp372 :drawItemColor.11:barLength :drawItemColor.11:current
-    * op div *tmp373 *tmp372 :drawItemColor.11:target
+ 1034 op mul *tmp372 :drawItemColor.11:barLength :drawItem.11:current
+ 1035 op div *tmp373 *tmp372 :drawItem.11:target
  1036 op min :drawItemColor.11:length :drawItemColor.11:barLength *tmp373
-    * op mul *tmp375 :drawItemColor.11:col 176
-    * op div *tmp376 *tmp375 2
+ 1037 op mul *tmp375 :drawItem.11:col 176
+ 1038 op mul *tmp376 :drawItemColor.11:col 88
  1039 op add :drawItemColor.11:iconX 11 *tmp376
-    * op mul *tmp378 :drawItemColor.11:col 176
-    * op div *tmp379 *tmp378 2
-    * op add :drawItemColor.11:barX 22 *tmp379
-    * op mul *tmp381 :drawItemColor.11:col 176
-    * op div *tmp382 *tmp381 2
-    * op add :drawItemColor.11:textX :drawItemColor.11:textEnd *tmp382
+ 1040 op mul *tmp378 :drawItem.11:col 176
+ 1041 op div *tmp379 *tmp375 2
+ 1042 op add :drawItemColor.11:barX 22 *tmp376
+ 1043 op mul *tmp381 :drawItem.11:col 176
+ 1044 op div *tmp382 *tmp375 2
+ 1045 op add :drawItemColor.11:textX :drawItemColor.11:textEnd *tmp376
  1046 draw col %[white]
-    * op add *tmp384 :drawItemColor.11:y 5
-    * draw image :drawItemColor.11:iconX *tmp384 :drawItemColor.11:item 14 0
-    * draw col :drawItemColor.11:color1
-    * draw rect :drawItemColor.11:barX :drawItemColor.11:y :drawItemColor.11:length 10
-    * draw col :drawItemColor.11:color2
-    * draw lineRect :drawItemColor.11:barX :drawItemColor.11:y :drawItemColor.11:barLength 10
-    * op add *tmp385 :drawItemColor.11:y 5
-    * op add *tmp386 *tmp385 2
+ 1047 op add *tmp384 :drawItem.11:y 5
+ 1048 draw image :drawItemColor.11:iconX *tmp384 :drawItem.11:item 14 0
+ 1049 draw col %008000FF
+ 1050 draw rect :drawItemColor.11:barX :drawItem.11:y :drawItemColor.11:length 10
+ 1051 draw col %00FF00FF
+ 1052 draw lineRect :drawItemColor.11:barX :drawItem.11:y :drawItemColor.11:barLength 10
+ 1053 op add *tmp385 :drawItem.11:y 5
+ 1054 op add *tmp386 *tmp384 2
  1055 set :drawBold.11:x :drawItemColor.11:textX
  1056 set :drawBold.11:y *tmp386
  1057 set :drawBold.11:alignment @right
-    * set :drawText.32:x :drawBold.11:x
-    * set :drawText.32:y :drawBold.11:y
-    * set :drawText.32:alignment :drawBold.11:alignment
+ 1058 set :drawText.32:x :drawItemColor.11:textX
+ 1059 set :drawText.32:y *tmp386
+ 1060 set :drawText.32:alignment @right
  1061 print 130
-    * draw print :drawText.32:x :drawText.32:y :drawText.32:alignment
+ 1062 draw print :drawBold.11:x :drawBold.11:y :drawBold.11:alignment
  1063 label *label173
-    * op add :drawText.33:x :drawBold.11:x 1
-    * set :drawText.33:y :drawBold.11:y
-    * set :drawText.33:alignment :drawBold.11:alignment
+ 1064 op add :drawText.33:x :drawItemColor.11:textX 1
+ 1065 set :drawText.33:y *tmp386
+ 1066 set :drawText.33:alignment @right
  1067 print 130
-    * draw print :drawText.33:x :drawText.33:y :drawText.33:alignment
+ 1068 draw print :drawText.33:x :drawBold.11:y :drawBold.11:alignment
  1069 label *label174
  1070 label *label172
-    * op add :drawItemColor.11:col :drawItemColor.11:col 1
-    * jump *label175 lessThan :drawItemColor.11:col :drawItemColor.11:columns
+ 1071 op add :drawItemColor.11:col :drawItem.11:col 1
+ 1072 jump *label175 lessThan :drawItemColor.11:col :drawItem.11:columns
  1073 set :drawItemColor.11:col 0
-    * op sub :drawItemColor.11:y :drawItemColor.11:y 15
+ 1074 op sub :drawItemColor.11:y :drawItem.11:y 15
  1075 label *label175
  1076 label *label176
  1077 label *label171
-    * set :drawItem.11:col :drawItemColor.11:col
  1078 set :drawItem.11:y :drawItemColor.11:y
  1079 label *label170
-    * set :updateDisplay:y :drawItem.11:y
+ 1080 set :updateDisplay:y :drawItemColor.11:y
  1081 jump *label155 always
  1082 label *label154
  1083 op mul *tmp390 100 :drawMultiReco:progress
  1084 op floor *tmp391 *tmp390
  1085 set :drawItem.12:col 0
-    * set :drawItem.12:y :updateDisplay:y
+ 1086 set :drawItem.12:y :drawTitleRow.4:y
  1087 set :drawItem.12:columns 1
  1088 set :drawItem.12:item @mega
  1089 set :drawItem.12:current :drawMultiReco:progress
  1090 set :drawItem.12:target 1
  1091 set :drawItemColor.12:color1 %008000FF
  1092 set :drawItemColor.12:color2 %00FF00FF
-    * set :drawItemColor.12:col :drawItem.12:col
-    * set :drawItemColor.12:y :drawItem.12:y
-    * set :drawItemColor.12:columns :drawItem.12:columns
-    * set :drawItemColor.12:item :drawItem.12:item
-    * set :drawItemColor.12:current :drawItem.12:current
-    * set :drawItemColor.12:target :drawItem.12:target
-    * op mul *tmp392 :drawItemColor.12:columns 176
-    * op div *tmp393 *tmp392 2
+ 1093 set :drawItemColor.12:col 0
+ 1094 set :drawItemColor.12:y :updateDisplay:y
+ 1095 set :drawItemColor.12:columns 1
+ 1096 set :drawItemColor.12:item @mega
+ 1097 set :drawItemColor.12:current :drawMultiReco:progress
+ 1098 set :drawItemColor.12:target 1
+ 1099 op mul *tmp392 :drawItem.12:columns 176
+ 1100 op mul *tmp393 :drawItemColor.12:columns 88
  1101 op sub :drawItemColor.12:barLength 214 *tmp393
  1102 op add :drawItemColor.12:textEnd 48 :drawItemColor.12:barLength
-    * op mul *tmp396 :drawItemColor.12:barLength :drawItemColor.12:current
-    * op div *tmp397 *tmp396 :drawItemColor.12:target
+ 1103 op mul *tmp396 :drawItemColor.12:barLength :drawItem.12:current
+ 1104 op div *tmp397 *tmp396 :drawItem.12:target
  1105 op min :drawItemColor.12:length :drawItemColor.12:barLength *tmp397
-    * op mul *tmp399 :drawItemColor.12:col 176
-    * op div *tmp400 *tmp399 2
+ 1106 op mul *tmp399 :drawItem.12:col 176
+ 1107 op mul *tmp400 :drawItemColor.12:col 88
  1108 op add :drawItemColor.12:iconX 11 *tmp400
-    * op mul *tmp402 :drawItemColor.12:col 176
-    * op div *tmp403 *tmp402 2
-    * op add :drawItemColor.12:barX 22 *tmp403
-    * op mul *tmp405 :drawItemColor.12:col 176
-    * op div *tmp406 *tmp405 2
-    * op add :drawItemColor.12:textX :drawItemColor.12:textEnd *tmp406
+ 1109 op mul *tmp402 :drawItem.12:col 176
+ 1110 op div *tmp403 *tmp399 2
+ 1111 op add :drawItemColor.12:barX 22 *tmp400
+ 1112 op mul *tmp405 :drawItem.12:col 176
+ 1113 op div *tmp406 *tmp399 2
+ 1114 op add :drawItemColor.12:textX :drawItemColor.12:textEnd *tmp400
  1115 draw col %[white]
-    * op add *tmp408 :drawItemColor.12:y 5
-    * draw image :drawItemColor.12:iconX *tmp408 :drawItemColor.12:item 14 0
-    * draw col :drawItemColor.12:color1
-    * draw rect :drawItemColor.12:barX :drawItemColor.12:y :drawItemColor.12:length 10
-    * draw col :drawItemColor.12:color2
-    * draw lineRect :drawItemColor.12:barX :drawItemColor.12:y :drawItemColor.12:barLength 10
-    * op add *tmp409 :drawItemColor.12:y 5
-    * op add *tmp410 *tmp409 2
+ 1116 op add *tmp408 :drawItem.12:y 5
+ 1117 draw image :drawItemColor.12:iconX *tmp408 :drawItem.12:item 14 0
+ 1118 draw col %008000FF
+ 1119 draw rect :drawItemColor.12:barX :drawItem.12:y :drawItemColor.12:length 10
+ 1120 draw col %00FF00FF
+ 1121 draw lineRect :drawItemColor.12:barX :drawItem.12:y :drawItemColor.12:barLength 10
+ 1122 op add *tmp409 :drawItem.12:y 5
+ 1123 op add *tmp410 *tmp408 2
  1124 set :drawBold.12:x :drawItemColor.12:textX
  1125 set :drawBold.12:y *tmp410
  1126 set :drawBold.12:alignment @right
-    * set :drawText.34:x :drawBold.12:x
-    * set :drawText.34:y :drawBold.12:y
-    * set :drawText.34:alignment :drawBold.12:alignment
+ 1127 set :drawText.34:x :drawItemColor.12:textX
+ 1128 set :drawText.34:y *tmp410
+ 1129 set :drawText.34:alignment @right
  1130 print *tmp391
  1131 print "%"
-    * draw print :drawText.34:x :drawText.34:y :drawText.34:alignment
+ 1132 draw print :drawBold.12:x :drawBold.12:y :drawBold.12:alignment
  1133 label *label180
-    * op add :drawText.35:x :drawBold.12:x 1
-    * set :drawText.35:y :drawBold.12:y
-    * set :drawText.35:alignment :drawBold.12:alignment
+ 1134 op add :drawText.35:x :drawItemColor.12:textX 1
+ 1135 set :drawText.35:y *tmp410
+ 1136 set :drawText.35:alignment @right
  1137 print *tmp391
  1138 print "%"
-    * draw print :drawText.35:x :drawText.35:y :drawText.35:alignment
+ 1139 draw print :drawText.35:x :drawBold.12:y :drawBold.12:alignment
  1140 label *label181
  1141 label *label179
-    * op add :drawItemColor.12:col :drawItemColor.12:col 1
-    * jump *label182 lessThan :drawItemColor.12:col :drawItemColor.12:columns
+ 1142 op add :drawItemColor.12:col :drawItem.12:col 1
+ 1143 jump *label182 lessThan :drawItemColor.12:col :drawItem.12:columns
  1144 set :drawItemColor.12:col 0
-    * op sub :drawItemColor.12:y :drawItemColor.12:y 15
+ 1145 op sub :drawItemColor.12:y :drawItem.12:y 15
  1146 label *label182
  1147 label *label183
  1148 label *label178
-    * set :drawItem.12:col :drawItemColor.12:col
  1149 set :drawItem.12:y :drawItemColor.12:y
  1150 label *label177
-    * set :updateDisplay:y :drawItem.12:y
-    * op sub :updateDisplay:y :updateDisplay:y 30
+ 1151 set :updateDisplay:y :drawItemColor.12:y
+ 1152 op sub :updateDisplay:y :drawItem.12:y 30
  1153 label *label155
  1154 op sub :updateDisplay:y :updateDisplay:y 5
  1155 label *label148
 
  1162 set :drawTitleRow.5:y :updateDisplay:y
  1163 set :drawTitleRow.5:alignment @bottomLeft
  1164 set :drawText.36:x 22
-    * set :drawText.36:y :drawTitleRow.5:y
-    * set :drawText.36:alignment :drawTitleRow.5:alignment
+ 1165 set :drawText.36:y :updateDisplay:y
+ 1166 set :drawText.36:alignment @bottomLeft
  1167 print "Builder"
-    * draw print :drawText.36:x :drawText.36:y :drawText.36:alignment
+ 1168 draw print 22 :drawTitleRow.5:y :drawTitleRow.5:alignment
  1169 label *label188
  1170 set :drawText.37:x 23
-    * set :drawText.37:y :drawTitleRow.5:y
-    * set :drawText.37:alignment :drawTitleRow.5:alignment
+ 1171 set :drawText.37:y :updateDisplay:y
+ 1172 set :drawText.37:alignment @bottomLeft
  1173 print "Builder"
-    * draw print :drawText.37:x :drawText.37:y :drawText.37:alignment
+ 1174 draw print 23 :drawTitleRow.5:y :drawTitleRow.5:alignment
  1175 label *label189
-    * op sub :drawTitleRow.5:y :drawTitleRow.5:y 15
+ 1176 op sub :drawTitleRow.5:y :updateDisplay:y 15
  1177 label *label187
  1178 set :updateDisplay:y :drawTitleRow.5:y
  1179 jump *label190 notEqual .transportItem null
  1180 set :drawUnit:item @poly
  1181 set :drawUnit:items 0
-    * set :drawUnit:y :updateDisplay:y
+ 1182 set :drawUnit:y :drawTitleRow.5:y
  1183 set :drawItem.13:col 0
-    * set :drawItem.13:y :drawUnit:y
+ 1184 set :drawItem.13:y :updateDisplay:y
  1185 set :drawItem.13:columns 1
-    * set :drawItem.13:item :drawUnit:item
-    * set :drawItem.13:current :drawUnit:items
+ 1186 set :drawItem.13:item @poly
+ 1187 set :drawItem.13:current 0
  1188 set :drawItem.13:target .transportTarget
  1189 set :drawItemColor.13:color1 %008000FF
  1190 set :drawItemColor.13:color2 %00FF00FF
-    * set :drawItemColor.13:col :drawItem.13:col
-    * set :drawItemColor.13:y :drawItem.13:y
-    * set :drawItemColor.13:columns :drawItem.13:columns
-    * set :drawItemColor.13:item :drawItem.13:item
-    * set :drawItemColor.13:current :drawItem.13:current
+ 1191 set :drawItemColor.13:col 0
+ 1192 set :drawItemColor.13:y :drawUnit:y
+ 1193 set :drawItemColor.13:columns 1
+ 1194 set :drawItemColor.13:item :drawUnit:item
+ 1195 set :drawItemColor.13:current :drawUnit:items
  1196 set :drawItemColor.13:target :drawItem.13:target
-    * op mul *tmp418 :drawItemColor.13:columns 176
-    * op div *tmp419 *tmp418 2
+ 1197 op mul *tmp418 :drawItem.13:columns 176
+ 1198 op mul *tmp419 :drawItemColor.13:columns 88
  1199 op sub :drawItemColor.13:barLength 214 *tmp419
  1200 op add :drawItemColor.13:textEnd 48 :drawItemColor.13:barLength
-    * op mul *tmp422 :drawItemColor.13:barLength :drawItemColor.13:current
-    * op div *tmp423 *tmp422 :drawItemColor.13:target
+ 1201 op mul *tmp422 :drawItemColor.13:barLength :drawItem.13:current
+ 1202 op div *tmp423 *tmp422 :drawItem.13:target
  1203 op min :drawItemColor.13:length :drawItemColor.13:barLength *tmp423
-    * op mul *tmp425 :drawItemColor.13:col 176
-    * op div *tmp426 *tmp425 2
+ 1204 op mul *tmp425 :drawItem.13:col 176
+ 1205 op mul *tmp426 :drawItemColor.13:col 88
  1206 op add :drawItemColor.13:iconX 11 *tmp426
-    * op mul *tmp428 :drawItemColor.13:col 176
-    * op div *tmp429 *tmp428 2
-    * op add :drawItemColor.13:barX 22 *tmp429
-    * op mul *tmp431 :drawItemColor.13:col 176
-    * op div *tmp432 *tmp431 2
-    * op add :drawItemColor.13:textX :drawItemColor.13:textEnd *tmp432
+ 1207 op mul *tmp428 :drawItem.13:col 176
+ 1208 op div *tmp429 *tmp425 2
+ 1209 op add :drawItemColor.13:barX 22 *tmp426
+ 1210 op mul *tmp431 :drawItem.13:col 176
+ 1211 op div *tmp432 *tmp425 2
+ 1212 op add :drawItemColor.13:textX :drawItemColor.13:textEnd *tmp426
  1213 draw col %[white]
-    * op add *tmp434 :drawItemColor.13:y 5
-    * draw image :drawItemColor.13:iconX *tmp434 :drawItemColor.13:item 14 0
-    * draw col :drawItemColor.13:color1
-    * draw rect :drawItemColor.13:barX :drawItemColor.13:y :drawItemColor.13:length 10
-    * draw col :drawItemColor.13:color2
-    * draw lineRect :drawItemColor.13:barX :drawItemColor.13:y :drawItemColor.13:barLength 10
-    * op add *tmp435 :drawItemColor.13:y 5
-    * op add *tmp436 *tmp435 2
+ 1214 op add *tmp434 :drawItem.13:y 5
+ 1215 draw image :drawItemColor.13:iconX *tmp434 :drawItem.13:item 14 0
+ 1216 draw col %008000FF
+ 1217 draw rect :drawItemColor.13:barX :drawItem.13:y :drawItemColor.13:length 10
+ 1218 draw col %00FF00FF
+ 1219 draw lineRect :drawItemColor.13:barX :drawItem.13:y :drawItemColor.13:barLength 10
+ 1220 op add *tmp435 :drawItem.13:y 5
+ 1221 op add *tmp436 *tmp434 2
  1222 set :drawBold.13:x :drawItemColor.13:textX
  1223 set :drawBold.13:y *tmp436
  1224 set :drawBold.13:alignment @right
-    * set :drawText.38:x :drawBold.13:x
-    * set :drawText.38:y :drawBold.13:y
-    * set :drawText.38:alignment :drawBold.13:alignment
+ 1225 set :drawText.38:x :drawItemColor.13:textX
+ 1226 set :drawText.38:y *tmp436
+ 1227 set :drawText.38:alignment @right
  1228 print .transportTarget
-    * draw print :drawText.38:x :drawText.38:y :drawText.38:alignment
+ 1229 draw print :drawBold.13:x :drawBold.13:y :drawBold.13:alignment
  1230 label *label196
-    * op add :drawText.39:x :drawBold.13:x 1
-    * set :drawText.39:y :drawBold.13:y
-    * set :drawText.39:alignment :drawBold.13:alignment
+ 1231 op add :drawText.39:x :drawItemColor.13:textX 1
+ 1232 set :drawText.39:y *tmp436
+ 1233 set :drawText.39:alignment @right
  1234 print .transportTarget
-    * draw print :drawText.39:x :drawText.39:y :drawText.39:alignment
+ 1235 draw print :drawText.39:x :drawBold.13:y :drawBold.13:alignment
  1236 label *label197
  1237 label *label195
-    * op add :drawItemColor.13:col :drawItemColor.13:col 1
-    * jump *label198 lessThan :drawItemColor.13:col :drawItemColor.13:columns
+ 1238 op add :drawItemColor.13:col :drawItem.13:col 1
+ 1239 jump *label198 lessThan :drawItemColor.13:col :drawItem.13:columns
  1240 set :drawItemColor.13:col 0
-    * op sub :drawItemColor.13:y :drawItemColor.13:y 15
+ 1241 op sub :drawItemColor.13:y :drawItem.13:y 15
  1242 label *label198
  1243 label *label199
  1244 label *label194
-    * set :drawItem.13:col :drawItemColor.13:col
  1245 set :drawItem.13:y :drawItemColor.13:y
  1246 label *label193
-    * set :drawUnit:y :drawItem.13:y
+ 1247 set :drawUnit:y :drawItemColor.13:y
  1248 label *label192
-    * set :updateDisplay:y :drawUnit:y
+ 1249 set :updateDisplay:y :drawItem.13:y
  1250 jump *label191 always
  1251 label *label190
  1252 sensor :drawBuilder:unitItem @unit @firstItem
 
  1255 op mul *tmp445 *tmp443 *tmp444
  1256 set :drawUnit.1:item .transportItem
  1257 set :drawUnit.1:items *tmp445
-    * set :drawUnit.1:y :updateDisplay:y
+ 1258 set :drawUnit.1:y :drawTitleRow.5:y
  1259 set :drawItem.14:col 0
-    * set :drawItem.14:y :drawUnit.1:y
+ 1260 set :drawItem.14:y :updateDisplay:y
  1261 set :drawItem.14:columns 1
  1262 set :drawItem.14:item :drawUnit.1:item
-    * set :drawItem.14:current :drawUnit.1:items
+ 1263 set :drawItem.14:current *tmp445
  1264 set :drawItem.14:target .transportTarget
  1265 set :drawItemColor.14:color1 %008000FF
  1266 set :drawItemColor.14:color2 %00FF00FF
-    * set :drawItemColor.14:col :drawItem.14:col
-    * set :drawItemColor.14:y :drawItem.14:y
-    * set :drawItemColor.14:columns :drawItem.14:columns
-    * set :drawItemColor.14:item :drawItem.14:item
-    * set :drawItemColor.14:current :drawItem.14:current
+ 1267 set :drawItemColor.14:col 0
+ 1268 set :drawItemColor.14:y :drawUnit.1:y
+ 1269 set :drawItemColor.14:columns 1
+ 1270 set :drawItemColor.14:item :drawUnit.1:item
+ 1271 set :drawItemColor.14:current :drawUnit.1:items
  1272 set :drawItemColor.14:target :drawItem.14:target
-    * op mul *tmp446 :drawItemColor.14:columns 176
-    * op div *tmp447 *tmp446 2
+ 1273 op mul *tmp446 :drawItem.14:columns 176
+ 1274 op mul *tmp447 :drawItemColor.14:columns 88
  1275 op sub :drawItemColor.14:barLength 214 *tmp447
  1276 op add :drawItemColor.14:textEnd 48 :drawItemColor.14:barLength
-    * op mul *tmp450 :drawItemColor.14:barLength :drawItemColor.14:current
-    * op div *tmp451 *tmp450 :drawItemColor.14:target
+ 1277 op mul *tmp450 :drawItemColor.14:barLength :drawItem.14:current
+ 1278 op div *tmp451 *tmp450 :drawItem.14:target
  1279 op min :drawItemColor.14:length :drawItemColor.14:barLength *tmp451
-    * op mul *tmp453 :drawItemColor.14:col 176
-    * op div *tmp454 *tmp453 2
+ 1280 op mul *tmp453 :drawItem.14:col 176
+ 1281 op mul *tmp454 :drawItemColor.14:col 88
  1282 op add :drawItemColor.14:iconX 11 *tmp454
-    * op mul *tmp456 :drawItemColor.14:col 176
-    * op div *tmp457 *tmp456 2
-    * op add :drawItemColor.14:barX 22 *tmp457
-    * op mul *tmp459 :drawItemColor.14:col 176
-    * op div *tmp460 *tmp459 2
-    * op add :drawItemColor.14:textX :drawItemColor.14:textEnd *tmp460
+ 1283 op mul *tmp456 :drawItem.14:col 176
+ 1284 op div *tmp457 *tmp453 2
+ 1285 op add :drawItemColor.14:barX 22 *tmp454
+ 1286 op mul *tmp459 :drawItem.14:col 176
+ 1287 op div *tmp460 *tmp453 2
+ 1288 op add :drawItemColor.14:textX :drawItemColor.14:textEnd *tmp454
  1289 draw col %[white]
-    * op add *tmp462 :drawItemColor.14:y 5
-    * draw image :drawItemColor.14:iconX *tmp462 :drawItemColor.14:item 14 0
-    * draw col :drawItemColor.14:color1
-    * draw rect :drawItemColor.14:barX :drawItemColor.14:y :drawItemColor.14:length 10
-    * draw col :drawItemColor.14:color2
-    * draw lineRect :drawItemColor.14:barX :drawItemColor.14:y :drawItemColor.14:barLength 10
-    * op add *tmp463 :drawItemColor.14:y 5
-    * op add *tmp464 *tmp463 2
+ 1290 op add *tmp462 :drawItem.14:y 5
+ 1291 draw image :drawItemColor.14:iconX *tmp462 :drawItem.14:item 14 0
+ 1292 draw col %008000FF
+ 1293 draw rect :drawItemColor.14:barX :drawItem.14:y :drawItemColor.14:length 10
+ 1294 draw col %00FF00FF
+ 1295 draw lineRect :drawItemColor.14:barX :drawItem.14:y :drawItemColor.14:barLength 10
+ 1296 op add *tmp463 :drawItem.14:y 5
+ 1297 op add *tmp464 *tmp462 2
  1298 set :drawBold.14:x :drawItemColor.14:textX
  1299 set :drawBold.14:y *tmp464
  1300 set :drawBold.14:alignment @right
-    * set :drawText.40:x :drawBold.14:x
-    * set :drawText.40:y :drawBold.14:y
-    * set :drawText.40:alignment :drawBold.14:alignment
+ 1301 set :drawText.40:x :drawItemColor.14:textX
+ 1302 set :drawText.40:y *tmp464
+ 1303 set :drawText.40:alignment @right
  1304 print .transportTarget
-    * draw print :drawText.40:x :drawText.40:y :drawText.40:alignment
+ 1305 draw print :drawBold.14:x :drawBold.14:y :drawBold.14:alignment
  1306 label *label204
-    * op add :drawText.41:x :drawBold.14:x 1
-    * set :drawText.41:y :drawBold.14:y
-    * set :drawText.41:alignment :drawBold.14:alignment
+ 1307 op add :drawText.41:x :drawItemColor.14:textX 1
+ 1308 set :drawText.41:y *tmp464
+ 1309 set :drawText.41:alignment @right
  1310 print .transportTarget
-    * draw print :drawText.41:x :drawText.41:y :drawText.41:alignment
+ 1311 draw print :drawText.41:x :drawBold.14:y :drawBold.14:alignment
  1312 label *label205
  1313 label *label203
-    * op add :drawItemColor.14:col :drawItemColor.14:col 1
-    * jump *label206 lessThan :drawItemColor.14:col :drawItemColor.14:columns
+ 1314 op add :drawItemColor.14:col :drawItem.14:col 1
+ 1315 jump *label206 lessThan :drawItemColor.14:col :drawItem.14:columns
  1316 set :drawItemColor.14:col 0
-    * op sub :drawItemColor.14:y :drawItemColor.14:y 15
+ 1317 op sub :drawItemColor.14:y :drawItem.14:y 15
  1318 label *label206
  1319 label *label207
  1320 label *label202
-    * set :drawItem.14:col :drawItemColor.14:col
  1321 set :drawItem.14:y :drawItemColor.14:y
  1322 label *label201
-    * set :drawUnit.1:y :drawItem.14:y
+ 1323 set :drawUnit.1:y :drawItemColor.14:y
  1324 label *label200
-    * set :updateDisplay:y :drawUnit.1:y
+ 1325 set :updateDisplay:y :drawItem.14:y
  1326 label *label191
  1327 label *label184
  1328 jump *label209 notEqual AJTJK-battery1 null
 
  1336 set *tmp472 20
  1337 label *label212
  1338 set :drawPower:pos *tmp472
-    * jump *label213 greaterThanEq :updateDisplay:y :drawPower:pos
+ 1339 jump *label213 greaterThanEq :updateDisplay:y *tmp472
  1340 jump *label208 always
  1341 label *label213
  1342 label *label214
 
  1347 label *label215
  1348 set *tmp475 "Power"
  1349 label *label216
-    * set :drawTitleRow.6:y :drawPower:pos
+ 1350 set :drawTitleRow.6:y *tmp472
  1351 set :drawTitleRow.6:alignment @bottomLeft
  1352 set :drawText.42:x 22
-    * set :drawText.42:y :drawTitleRow.6:y
-    * set :drawText.42:alignment :drawTitleRow.6:alignment
+ 1353 set :drawText.42:y :drawPower:pos
+ 1354 set :drawText.42:alignment @bottomLeft
  1355 print *tmp475
-    * draw print :drawText.42:x :drawText.42:y :drawText.42:alignment
+ 1356 draw print 22 :drawTitleRow.6:y :drawTitleRow.6:alignment
  1357 label *label218
  1358 set :drawText.43:x 23
-    * set :drawText.43:y :drawTitleRow.6:y
-    * set :drawText.43:alignment :drawTitleRow.6:alignment
+ 1359 set :drawText.43:y :drawPower:pos
+ 1360 set :drawText.43:alignment @bottomLeft
  1361 print *tmp475
-    * draw print :drawText.43:x :drawText.43:y :drawText.43:alignment
+ 1362 draw print 23 :drawTitleRow.6:y :drawTitleRow.6:alignment
  1363 label *label219
-    * op sub :drawTitleRow.6:y :drawTitleRow.6:y 15
+ 1364 op sub :drawTitleRow.6:y :drawPower:pos 15
  1365 label *label217
  1366 set :drawPower:pos :drawTitleRow.6:y
  1367 sensor :drawPower:power AJTJK-battery1 @totalPower
  1368 op mul *tmp477 :drawPower:power 100
-    * op div *tmp478 *tmp477 4000
+ 1369 op div *tmp478 :drawPower:power 40
  1370 op floor *tmp479 *tmp478
  1371 set :drawItemColor.15:color1 %808000FF
  1372 set :drawItemColor.15:color2 %FFFF00FF
  1373 set :drawItemColor.15:col 0
-    * set :drawItemColor.15:y :drawPower:pos
+ 1374 set :drawItemColor.15:y :drawTitleRow.6:y
  1375 set :drawItemColor.15:columns 1
  1376 set :drawItemColor.15:item @battery
  1377 set :drawItemColor.15:current :drawPower:power
  1378 set :drawItemColor.15:target 4000
-    * op mul *tmp480 :drawItemColor.15:columns 176
-    * op div *tmp481 *tmp480 2
-    * op sub :drawItemColor.15:barLength 214 *tmp481
-    * op add :drawItemColor.15:textEnd 48 :drawItemColor.15:barLength
-    * op mul *tmp484 :drawItemColor.15:barLength :drawItemColor.15:current
-    * op div *tmp485 *tmp484 :drawItemColor.15:target
-    * op min :drawItemColor.15:length :drawItemColor.15:barLength *tmp485
-    * op mul *tmp487 :drawItemColor.15:col 176
-    * op div *tmp488 *tmp487 2
-    * op add :drawItemColor.15:iconX 11 *tmp488
-    * op mul *tmp490 :drawItemColor.15:col 176
-    * op div *tmp491 *tmp490 2
-    * op add :drawItemColor.15:barX 22 *tmp491
-    * op mul *tmp493 :drawItemColor.15:col 176
-    * op div *tmp494 *tmp493 2
-    * op add :drawItemColor.15:textX :drawItemColor.15:textEnd *tmp494
+ 1379 op mul *tmp480 1 176
+ 1380 op div *tmp481 176 2
+ 1381 op sub :drawItemColor.15:barLength 214 88
+ 1382 op add :drawItemColor.15:textEnd 48 126
+ 1383 op mul *tmp484 126 :drawPower:power
+ 1384 op div *tmp485 *tmp484 4000
+ 1385 op min :drawItemColor.15:length 126 *tmp485
+ 1386 op mul *tmp487 0 176
+ 1387 op div *tmp488 0 2
+ 1388 op add :drawItemColor.15:iconX 11 0
+ 1389 op mul *tmp490 0 176
+ 1390 op div *tmp491 0 2
+ 1391 op add :drawItemColor.15:barX 22 0
+ 1392 op mul *tmp493 0 176
+ 1393 op div *tmp494 0 2
+ 1394 op add :drawItemColor.15:textX 174 0
  1395 draw col %[white]
-    * op add *tmp496 :drawItemColor.15:y 5
-    * draw image :drawItemColor.15:iconX *tmp496 :drawItemColor.15:item 14 0
-    * draw col :drawItemColor.15:color1
-    * draw rect :drawItemColor.15:barX :drawItemColor.15:y :drawItemColor.15:length 10
-    * draw col :drawItemColor.15:color2
-    * draw lineRect :drawItemColor.15:barX :drawItemColor.15:y :drawItemColor.15:barLength 10
-    * op add *tmp497 :drawItemColor.15:y 5
-    * op add *tmp498 *tmp497 2
-    * set :drawBold.15:x :drawItemColor.15:textX
+ 1396 op add *tmp496 :drawPower:pos 5
+ 1397 draw image 11 *tmp496 @battery 14 0
+ 1398 draw col %808000FF
+ 1399 draw rect 22 :drawPower:pos :drawItemColor.15:length 10
+ 1400 draw col %FFFF00FF
+ 1401 draw lineRect 22 :drawPower:pos 126 10
+ 1402 op add *tmp497 :drawPower:pos 5
+ 1403 op add *tmp498 *tmp496 2
+ 1404 set :drawBold.15:x 174
  1405 set :drawBold.15:y *tmp498
  1406 set :drawBold.15:alignment @right
-    * set :drawText.44:x :drawBold.15:x
-    * set :drawText.44:y :drawBold.15:y
-    * set :drawText.44:alignment :drawBold.15:alignment
+ 1407 set :drawText.44:x :drawItemColor.15:textX
+ 1408 set :drawText.44:y *tmp498
+ 1409 set :drawText.44:alignment @right
  1410 print *tmp479
  1411 print "%"
-    * draw print :drawText.44:x :drawText.44:y :drawText.44:alignment
+ 1412 draw print :drawBold.15:x :drawBold.15:y :drawBold.15:alignment
  1413 label *label222
-    * op add :drawText.45:x :drawBold.15:x 1
-    * set :drawText.45:y :drawBold.15:y
-    * set :drawText.45:alignment :drawBold.15:alignment
+ 1414 op add :drawText.45:x :drawItemColor.15:textX 1
+ 1415 set :drawText.45:y *tmp498
+ 1416 set :drawText.45:alignment @right
  1417 print *tmp479
  1418 print "%"
-    * draw print :drawText.45:x :drawText.45:y :drawText.45:alignment
+ 1419 draw print :drawText.45:x :drawBold.15:y :drawBold.15:alignment
  1420 label *label223
  1421 label *label221
-    * op add :drawItemColor.15:col :drawItemColor.15:col 1
-    * jump *label224 lessThan :drawItemColor.15:col :drawItemColor.15:columns
-    * set :drawItemColor.15:col 0
-    * op sub :drawItemColor.15:y :drawItemColor.15:y 15
+ 1422 op add :drawItemColor.15:col 0 1
+ 1423 jump *label224 lessThan 1 1
+ 1424 op sub :drawItemColor.15:y :drawPower:pos 15
  1425 label *label224
  1426 label *label225
  1427 label *label220
 
  1429 jump *label226 equal AÜAOJ[-liquid-container17 false
  1430 sensor :drawPower:water AÜAOJ[-liquid-container17 @totalLiquids
  1431 op mul *tmp504 :drawPower:water 100
-    * op div *tmp505 *tmp504 700
+ 1432 op div *tmp505 :drawPower:water 7
  1433 op floor *tmp506 *tmp505
  1434 set :drawItemColor.16:color1 %5A5AAAFF
  1435 set :drawItemColor.16:color2 %AFAFFFFF
  1436 set :drawItemColor.16:col 0
-    * set :drawItemColor.16:y :drawPower:pos
+ 1437 set :drawItemColor.16:y :drawItemColor.15:y
  1438 set :drawItemColor.16:columns 1
  1439 set :drawItemColor.16:item @liquid-container
  1440 set :drawItemColor.16:current :drawPower:water
  1441 set :drawItemColor.16:target 700
-    * op mul *tmp507 :drawItemColor.16:columns 176
-    * op div *tmp508 *tmp507 2
-    * op sub :drawItemColor.16:barLength 214 *tmp508
-    * op add :drawItemColor.16:textEnd 48 :drawItemColor.16:barLength
-    * op mul *tmp511 :drawItemColor.16:barLength :drawItemColor.16:current
-    * op div *tmp512 *tmp511 :drawItemColor.16:target
-    * op min :drawItemColor.16:length :drawItemColor.16:barLength *tmp512
-    * op mul *tmp514 :drawItemColor.16:col 176
-    * op div *tmp515 *tmp514 2
-    * op add :drawItemColor.16:iconX 11 *tmp515
-    * op mul *tmp517 :drawItemColor.16:col 176
-    * op div *tmp518 *tmp517 2
-    * op add :drawItemColor.16:barX 22 *tmp518
-    * op mul *tmp520 :drawItemColor.16:col 176
-    * op div *tmp521 *tmp520 2
-    * op add :drawItemColor.16:textX :drawItemColor.16:textEnd *tmp521
+ 1442 op mul *tmp507 1 176
+ 1443 op div *tmp508 176 2
+ 1444 op sub :drawItemColor.16:barLength 214 88
+ 1445 op add :drawItemColor.16:textEnd 48 126
+ 1446 op mul *tmp511 126 :drawPower:water
+ 1447 op div *tmp512 *tmp511 700
+ 1448 op min :drawItemColor.16:length 126 *tmp512
+ 1449 op mul *tmp514 0 176
+ 1450 op div *tmp515 0 2
+ 1451 op add :drawItemColor.16:iconX 11 0
+ 1452 op mul *tmp517 0 176
+ 1453 op div *tmp518 0 2
+ 1454 op add :drawItemColor.16:barX 22 0
+ 1455 op mul *tmp520 0 176
+ 1456 op div *tmp521 0 2
+ 1457 op add :drawItemColor.16:textX 174 0
  1458 draw col %[white]
-    * op add *tmp523 :drawItemColor.16:y 5
-    * draw image :drawItemColor.16:iconX *tmp523 :drawItemColor.16:item 14 0
-    * draw col :drawItemColor.16:color1
-    * draw rect :drawItemColor.16:barX :drawItemColor.16:y :drawItemColor.16:length 10
-    * draw col :drawItemColor.16:color2
-    * draw lineRect :drawItemColor.16:barX :drawItemColor.16:y :drawItemColor.16:barLength 10
-    * op add *tmp524 :drawItemColor.16:y 5
-    * op add *tmp525 *tmp524 2
-    * set :drawBold.16:x :drawItemColor.16:textX
+ 1459 op add *tmp523 :drawPower:pos 5
+ 1460 draw image 11 *tmp523 @liquid-container 14 0
+ 1461 draw col %5A5AAAFF
+ 1462 draw rect 22 :drawPower:pos :drawItemColor.16:length 10
+ 1463 draw col %AFAFFFFF
+ 1464 draw lineRect 22 :drawPower:pos 126 10
+ 1465 op add *tmp524 :drawPower:pos 5
+ 1466 op add *tmp525 *tmp523 2
+ 1467 set :drawBold.16:x 174
  1468 set :drawBold.16:y *tmp525
  1469 set :drawBold.16:alignment @right
-    * set :drawText.46:x :drawBold.16:x
-    * set :drawText.46:y :drawBold.16:y
-    * set :drawText.46:alignment :drawBold.16:alignment
+ 1470 set :drawText.46:x :drawItemColor.16:textX
+ 1471 set :drawText.46:y *tmp525
+ 1472 set :drawText.46:alignment @right
  1473 print *tmp506
  1474 print "%"
-    * draw print :drawText.46:x :drawText.46:y :drawText.46:alignment
+ 1475 draw print :drawBold.16:x :drawBold.16:y :drawBold.16:alignment
  1476 label *label230
-    * op add :drawText.47:x :drawBold.16:x 1
-    * set :drawText.47:y :drawBold.16:y
-    * set :drawText.47:alignment :drawBold.16:alignment
+ 1477 op add :drawText.47:x :drawItemColor.16:textX 1
+ 1478 set :drawText.47:y *tmp525
+ 1479 set :drawText.47:alignment @right
  1480 print *tmp506
  1481 print "%"
-    * draw print :drawText.47:x :drawText.47:y :drawText.47:alignment
+ 1482 draw print :drawText.47:x :drawBold.16:y :drawBold.16:alignment
  1483 label *label231
  1484 label *label229
-    * op add :drawItemColor.16:col :drawItemColor.16:col 1
-    * jump *label232 lessThan :drawItemColor.16:col :drawItemColor.16:columns
-    * set :drawItemColor.16:col 0
-    * op sub :drawItemColor.16:y :drawItemColor.16:y 15
+ 1485 op add :drawItemColor.16:col 0 1
+ 1486 jump *label232 lessThan 1 1
+ 1487 op sub :drawItemColor.16:y :drawPower:pos 15
  1488 label *label232
  1489 label *label233
  1490 label *label228
-    * set :drawPower:pos :drawItemColor.16:y
  1491 label *label226
  1492 label *label227
  1493 label *label208
 
  1505 set :drawBold.17:x 11
  1506 set :drawBold.17:y 206
  1507 set :drawBold.17:alignment @left
-    * set :drawText.48:x :drawBold.17:x
-    * set :drawText.48:y :drawBold.17:y
-    * set :drawText.48:alignment :drawBold.17:alignment
+ 1508 set :drawText.48:x 11
+ 1509 set :drawText.48:y 206
+ 1510 set :drawText.48:alignment @left
  1511 print "Resources"
-    * draw print :drawText.48:x :drawText.48:y :drawText.48:alignment
+ 1512 draw print :drawBold.17:x :drawBold.17:y :drawBold.17:alignment
  1513 label *label240
-    * op add :drawText.49:x :drawBold.17:x 1
-    * set :drawText.49:y :drawBold.17:y
-    * set :drawText.49:alignment :drawBold.17:alignment
+ 1514 op add :drawText.49:x 11 1
+ 1515 set :drawText.49:y 206
+ 1516 set :drawText.49:alignment @left
  1517 print "Resources"
-    * draw print :drawText.49:x :drawText.49:y :drawText.49:alignment
+ 1518 draw print 12 :drawBold.17:y :drawBold.17:alignment
  1519 label *label241
  1520 label *label239
  1521 draw col %[white]
-    * op sub :displayStorage:y :displayStorage:START 8
+ 1522 op sub :displayStorage:y 190 8
  1523 set :displayStorage:item @copper
  1524 setaddr *tmp538 *label245
  1525 jump *label242 always
 
  1573 label *label256
  1574 read :displayStorage:accumulator bank2 .lastTail
  1575 op add :displayStorage:x 25 .lastTail
-    * op sub :displayStorage:y.1 :displayStorage:START 8
+ 1576 op sub :displayStorage:y.1 190 8
  1577 set :displayStorage:i 0
  1578 label *label257
  1579 jump *label259 greaterThanEq :displayStorage:i 9
 
  1606 set :setBaseMapScale:size 220
  1607 draw reset
  1608 draw translate 90 105
-    * op div *tmp553 :setBaseMapScale:size 15
-    * op div *tmp554 *tmp553 2
-    * op div *tmp555 :setBaseMapScale:size 15
-    * op div *tmp556 *tmp555 2
-    * draw scale *tmp554 *tmp556
+ 1609 op div *tmp553 220 15
+ 1610 op div *tmp554 14.666666666666666 2
+ 1611 op div *tmp555 220 15
+ 1612 op div *tmp556 14.666666666666666 2
+ 1613 draw scale 7.333333333333333 7.333333333333333
  1614 label *label266
  1615 jump *label267 equal .pageSwitched false
  1616 draw image 0 0 @core-shard 6 0
 
  1619 set :drawBold.18:x 90
  1620 set :drawBold.18:y 206
  1621 set :drawBold.18:alignment @center
-    * set :drawText.50:x :drawBold.18:x
-    * set :drawText.50:y :drawBold.18:y
-    * set :drawText.50:alignment :drawBold.18:alignment
+ 1622 set :drawText.50:x 90
+ 1623 set :drawText.50:y 206
+ 1624 set :drawText.50:alignment @center
  1625 print "Base map"
-    * draw print :drawText.50:x :drawText.50:y :drawText.50:alignment
+ 1626 draw print :drawBold.18:x :drawBold.18:y :drawBold.18:alignment
  1627 label *label270
-    * op add :drawText.51:x :drawBold.18:x 1
-    * set :drawText.51:y :drawBold.18:y
-    * set :drawText.51:alignment :drawBold.18:alignment
+ 1628 op add :drawText.51:x 90 1
+ 1629 set :drawText.51:y 206
+ 1630 set :drawText.51:alignment @center
  1631 print "Base map"
-    * draw print :drawText.51:x :drawText.51:y :drawText.51:alignment
+ 1632 draw print 91 :drawBold.18:y :drawBold.18:alignment
  1633 label *label271
  1634 label *label269
  1635 set :setBaseMapScale.1:size 220
  1636 draw reset
  1637 draw translate 90 105
-    * op div *tmp559 :setBaseMapScale.1:size 15
-    * op div *tmp560 *tmp559 2
-    * op div *tmp561 :setBaseMapScale.1:size 15
-    * op div *tmp562 *tmp561 2
-    * draw scale *tmp560 *tmp562
+ 1638 op div *tmp559 220 15
+ 1639 op div *tmp560 14.666666666666666 2
+ 1640 op div *tmp561 220 15
+ 1641 op div *tmp562 14.666666666666666 2
+ 1642 draw scale 7.333333333333333 7.333333333333333
  1643 label *label272
  1644 draw col %[white]
  1645 drawflush display1
 
  1666 set :setBaseMapScale.2:size 220
  1667 draw reset
  1668 draw translate 90 105
-    * op div *tmp572 :setBaseMapScale.2:size 15
-    * op div *tmp573 *tmp572 2
-    * op div *tmp574 :setBaseMapScale.2:size 15
-    * op div *tmp575 *tmp574 2
-    * draw scale *tmp573 *tmp575
+ 1669 op div *tmp572 220 15
+ 1670 op div *tmp573 14.666666666666666 2
+ 1671 op div *tmp574 220 15
+ 1672 op div *tmp575 14.666666666666666 2
+ 1673 draw scale 7.333333333333333 7.333333333333333
  1674 label *label283
  1675 set :displayBaseMap:counter 0
  1676 label *label280
 
  1706 op sub :displayLog:page .page 3
  1707 read :displayLog:logPosition bank1 511
  1708 op sub :displayLog:records 511 :displayLog:logPosition
-    * op sub *tmp586 :displayLog:records 1
+ 1709 op sub *tmp586 510 :displayLog:logPosition
  1710 op idiv *tmp587 *tmp586 39
  1711 op add *tmp588 *tmp587 1
  1712 op max :displayLog:pages 1 *tmp588
 
  1720 set :drawBold.19:x 4
  1721 set :drawBold.19:y 206
  1722 set :drawBold.19:alignment @left
-    * set :drawText.52:x :drawBold.19:x
-    * set :drawText.52:y :drawBold.19:y
-    * set :drawText.52:alignment :drawBold.19:alignment
+ 1723 set :drawText.52:x 4
+ 1724 set :drawText.52:y 206
+ 1725 set :drawText.52:alignment @left
  1726 print "Build records"
-    * draw print :drawText.52:x :drawText.52:y :drawText.52:alignment
+ 1727 draw print :drawBold.19:x :drawBold.19:y :drawBold.19:alignment
  1728 label *label294
-    * op add :drawText.53:x :drawBold.19:x 1
-    * set :drawText.53:y :drawBold.19:y
-    * set :drawText.53:alignment :drawBold.19:alignment
+ 1729 op add :drawText.53:x 4 1
+ 1730 set :drawText.53:y 206
+ 1731 set :drawText.53:alignment @left
  1732 print "Build records"
-    * draw print :drawText.53:x :drawText.53:y :drawText.53:alignment
+ 1733 draw print 5 :drawBold.19:y :drawBold.19:alignment
  1734 label *label295
  1735 label *label293
-    * op add *tmp597 :displayLog:page 1
+ 1736 op sub *tmp597 .page 2
  1737 print *tmp597
  1738 print "/"
  1739 set :drawText.54:x 172
  1740 set :drawText.54:y 206
  1741 set :drawText.54:alignment @right
  1742 print :displayLog:pages
-    * draw print :drawText.54:x :drawText.54:y :drawText.54:alignment
+ 1743 draw print 172 206 @right
  1744 label *label296
  1745 set .lastRecord :displayLog:start
  1746 label *label291
 
  1751 set *tmp598 :displayLog:stop
  1752 op sub :displayLog:position .lastRecord 1
  1753 label *label298
-    * jump *label300 lessThan :displayLog:position *tmp598
+ 1754 jump *label300 lessThan :displayLog:position :displayLog:stop
  1755 read :displayLog:record bank1 :displayLog:position
  1756 op sub *tmp602 :displayLog:start :displayLog:position
  1757 op sub *tmp603 *tmp602 1
  1758 set :displayRecord:record :displayLog:record
  1759 set :displayRecord:index *tmp603
-    * op idiv :displayRecord:col :displayRecord:index 13
-    * op mod :displayRecord:row :displayRecord:index 13
+ 1760 op idiv :displayRecord:col *tmp603 13
+ 1761 op mod :displayRecord:row *tmp603 13
  1762 op mul *tmp606 58 :displayRecord:col
  1763 op add :displayRecord:x 11 *tmp606
  1764 op mul *tmp608 15 :displayRecord:row
  1765 op sub :displayRecord:y 189 *tmp608
-    * op mod :displayRecord:id :displayRecord:record 1000
+ 1766 op mod :displayRecord:id :displayLog:record 1000
  1767 jump *label302 lessThanEq :displayRecord:id @blockCount
  1768 op sub *tmp613 :displayRecord:id @blockCount
  1769 lookup unit *tmp612 *tmp613
 
  1772 lookup block *tmp612 :displayRecord:id
  1773 label *label303
  1774 set :displayRecord:icon *tmp612
-    * op div *tmp616 :displayRecord:record 1000
-    * op div *tmp617 *tmp616 120
+ 1775 op div *tmp616 :displayLog:record 1000
+ 1776 op div *tmp617 :displayRecord:record 120000
  1777 op floor :displayRecord:t *tmp617
  1778 op idiv :displayRecord:m :displayRecord:t 60
  1779 op mod :displayRecord:s :displayRecord:t 60
 
  1786 print :displayRecord:m
  1787 print ":"
  1788 print *tmp622
-    * draw image :displayRecord:x :displayRecord:y :displayRecord:icon 14 0
+ 1789 draw image :displayRecord:x :displayRecord:y *tmp612 14 0
  1790 op add *tmp623 :displayRecord:x 56
-    * op sub *tmp624 *tmp623 12
+ 1791 op add *tmp624 :displayRecord:x 44
  1792 op add *tmp625 :displayRecord:y 2
  1793 set :drawText.55:x *tmp624
  1794 set :drawText.55:y *tmp625
  1795 set :drawText.55:alignment @right
  1796 print :displayRecord:s
-    * draw print :drawText.55:x :drawText.55:y :drawText.55:alignment
+ 1797 draw print *tmp624 *tmp625 @right
  1798 label *label306
  1799 label *label301
  1800 drawflush display1
 
  1878 set :drawBold.20:x 25
  1879 set :drawBold.20:y 71
  1880 set :drawBold.20:alignment @center
-    * set :drawText.56:x :drawBold.20:x
-    * set :drawText.56:y :drawBold.20:y
-    * set :drawText.56:alignment :drawBold.20:alignment
+ 1881 set :drawText.56:x 25
+ 1882 set :drawText.56:y 71
+ 1883 set :drawText.56:alignment @center
  1884 print :drawHeader:m
  1885 print ":"
-    * print :drawHeader:zero
+ 1886 print *tmp646
  1887 print :drawHeader:s
-    * draw print :drawText.56:x :drawText.56:y :drawText.56:alignment
+ 1888 draw print :drawBold.20:x :drawBold.20:y :drawBold.20:alignment
  1889 label *label320
-    * op add :drawText.57:x :drawBold.20:x 1
-    * set :drawText.57:y :drawBold.20:y
-    * set :drawText.57:alignment :drawBold.20:alignment
+ 1890 op add :drawText.57:x 25 1
+ 1891 set :drawText.57:y 71
+ 1892 set :drawText.57:alignment @center
  1893 print :drawHeader:m
  1894 print ":"
-    * print :drawHeader:zero
+ 1895 print *tmp646
  1896 print :drawHeader:s
-    * draw print :drawText.57:x :drawText.57:y :drawText.57:alignment
+ 1897 draw print 26 :drawBold.20:y :drawBold.20:alignment
  1898 label *label321
  1899 label *label319
  1900 draw col %[white]
 
  1905 set :drawBold.21:x 42
  1906 set :drawBold.21:y 261
  1907 set :drawBold.21:alignment @bottom
-    * set :drawText.58:x :drawBold.21:x
-    * set :drawText.58:y :drawBold.21:y
-    * set :drawText.58:alignment :drawBold.21:alignment
+ 1908 set :drawText.58:x 42
+ 1909 set :drawText.58:y 261
+ 1910 set :drawText.58:alignment @bottom
  1911 print "Goal"
-    * draw print :drawText.58:x :drawText.58:y :drawText.58:alignment
+ 1912 draw print :drawBold.21:x :drawBold.21:y :drawBold.21:alignment
  1913 label *label323
-    * op add :drawText.59:x :drawBold.21:x 1
-    * set :drawText.59:y :drawBold.21:y
-    * set :drawText.59:alignment :drawBold.21:alignment
+ 1914 op add :drawText.59:x 42 1
+ 1915 set :drawText.59:y 261
+ 1916 set :drawText.59:alignment @bottom
  1917 print "Goal"
-    * draw print :drawText.59:x :drawText.59:y :drawText.59:alignment
+ 1918 draw print 43 :drawBold.21:y :drawBold.21:alignment
  1919 label *label324
  1920 label *label322
  1921 draw col %[white]
 
  2015 set :drawText.60:y 272
  2016 set :drawText.60:alignment @topRight
  2017 print ")"
-    * draw print :drawText.60:x :drawText.60:y :drawText.60:alignment
+ 2018 draw print 174 272 @topRight
  2019 label *label353
  2020 jump *label354 equal A¨SSJh-container30 null
  2021 sensor :drawHeader:count.1 A¨SSJh-container30 @scrap
  2022 set :drawHeader:x.1 174
  2023 op log10 *tmp680 :drawHeader:count.1
  2024 op floor :drawHeader:len *tmp680
-    * set :drawText.61:x :drawHeader:x.1
+ 2025 set :drawText.61:x 174
  2026 set :drawText.61:y 255
  2027 set :drawText.61:alignment @topRight
  2028 print "x"
  2029 print :drawHeader:count.1
-    * draw print :drawText.61:x :drawText.61:y :drawText.61:alignment
+ 2030 draw print :drawHeader:x.1 255 @topRight
  2031 label *label356
-    * op sub *tmp682 :drawHeader:x.1 20
+ 2032 op sub *tmp682 174 20
  2033 op mul *tmp683 7 :drawHeader:len
-    * op sub *tmp684 *tmp682 *tmp683
+ 2034 op sub *tmp684 154 *tmp683
  2035 draw image *tmp684 246 @scrap 12 0
  2036 sensor :drawHeader:count.1 A¨SSJh-container30 @sand
  2037 set :drawHeader:x.1 124
  2038 op log10 *tmp686 :drawHeader:count.1
  2039 op floor :drawHeader:len *tmp686
-    * set :drawText.62:x :drawHeader:x.1
+ 2040 set :drawText.62:x 124
  2041 set :drawText.62:y 255
  2042 set :drawText.62:alignment @topRight
  2043 print "x"
  2044 print :drawHeader:count.1
-    * draw print :drawText.62:x :drawText.62:y :drawText.62:alignment
+ 2045 draw print :drawHeader:x.1 255 @topRight
  2046 label *label357
-    * op sub *tmp688 :drawHeader:x.1 20
+ 2047 op sub *tmp688 124 20
  2048 op mul *tmp689 7 :drawHeader:len
-    * op sub *tmp690 *tmp688 *tmp689
+ 2049 op sub *tmp690 104 *tmp689
  2050 draw image *tmp690 246 @sand 12 0
  2051 jump *label355 always
  2052 label *label354
 
  2056 set :drawHeader:x.2 174
  2057 op log10 *tmp694 :drawHeader:count.2
  2058 op floor :drawHeader:len.1 *tmp694
-    * set :drawText.63:x :drawHeader:x.2
+ 2059 set :drawText.63:x 174
  2060 set :drawText.63:y 255
  2061 set :drawText.63:alignment @topRight
  2062 print "x"
  2063 print :drawHeader:count.2
-    * draw print :drawText.63:x :drawText.63:y :drawText.63:alignment
+ 2064 draw print :drawHeader:x.2 255 @topRight
  2065 label *label360
-    * op sub *tmp696 :drawHeader:x.2 20
+ 2066 op sub *tmp696 174 20
  2067 op mul *tmp697 7 :drawHeader:len.1
-    * op sub *tmp698 *tmp696 *tmp697
+ 2068 op sub *tmp698 154 *tmp697
  2069 draw image *tmp698 246 @titanium 12 0
  2070 label *label358
  2071 label *label359
 
  2074 set :drawHeader:x.3 124
  2075 op log10 *tmp701 :drawHeader:count.3
  2076 op floor :drawHeader:len.2 *tmp701
-    * set :drawText.64:x :drawHeader:x.3
+ 2077 set :drawText.64:x 124
  2078 set :drawText.64:y 255
  2079 set :drawText.64:alignment @topRight
  2080 print "x"
  2081 print :drawHeader:count.3
-    * draw print :drawText.64:x :drawText.64:y :drawText.64:alignment
+ 2082 draw print :drawHeader:x.3 255 @topRight
  2083 label *label363
-    * op sub *tmp703 :drawHeader:x.3 20
+ 2084 op sub *tmp703 124 20
  2085 op mul *tmp704 7 :drawHeader:len.2
-    * op sub *tmp705 *tmp703 *tmp704
+ 2086 op sub *tmp705 104 *tmp704
  2087 draw image *tmp705 246 @thorium 12 0
  2088 label *label361
  2089 label *label362
 
  2093 set :drawUnitCount:type @poly
  2094 set :drawUnitCount:count .polys
  2095 jump *label365 lessThanEq :drawUnitCount:count 0
-    * op sub *tmp708 :drawHeader:x.4 20
-    * draw image *tmp708 227 :drawUnitCount:type 12 0
-    * set :drawText.65:x :drawHeader:x.4
+ 2096 op sub *tmp708 174 20
+ 2097 draw image 154 227 @poly 12 0
+ 2098 set :drawText.65:x 174
  2099 set :drawText.65:y 229
  2100 set :drawText.65:alignment @right
  2101 print "x"
  2102 print :drawUnitCount:count
-    * draw print :drawText.65:x :drawText.65:y :drawText.65:alignment
+ 2103 draw print :drawHeader:x.4 229 @right
  2104 label *label367
-    * op sub :drawHeader:x.4 :drawHeader:x.4 30
+ 2105 op sub :drawHeader:x.4 174 30
  2106 label *label365
  2107 label *label366
  2108 label *label364
 
  2110 set :drawUnitCount.1:count .monos
  2111 jump *label369 lessThanEq :drawUnitCount.1:count 0
  2112 op sub *tmp711 :drawHeader:x.4 20
-    * draw image *tmp711 227 :drawUnitCount.1:type 12 0
+ 2113 draw image *tmp711 227 @mono 12 0
  2114 set :drawText.66:x :drawHeader:x.4
  2115 set :drawText.66:y 229
  2116 set :drawText.66:alignment @right
  2117 print "x"
  2118 print :drawUnitCount.1:count
-    * draw print :drawText.66:x :drawText.66:y :drawText.66:alignment
+ 2119 draw print :drawHeader:x.4 229 @right
  2120 label *label371
  2121 op sub :drawHeader:x.4 :drawHeader:x.4 30
  2122 label *label369
 
  2126 set :drawUnitCount.2:count .flares
  2127 jump *label373 lessThanEq :drawUnitCount.2:count 0
  2128 op sub *tmp714 :drawHeader:x.4 20
-    * draw image *tmp714 227 :drawUnitCount.2:type 12 0
+ 2129 draw image *tmp714 227 @flare 12 0
  2130 set :drawText.67:x :drawHeader:x.4
  2131 set :drawText.67:y 229
  2132 set :drawText.67:alignment @right
  2133 print "x"
  2134 print :drawUnitCount.2:count
-    * draw print :drawText.67:x :drawText.67:y :drawText.67:alignment
+ 2135 draw print :drawHeader:x.4 229 @right
  2136 label *label375
-    * op sub :drawHeader:x.4 :drawHeader:x.4 30
  2137 label *label373
  2138 label *label374
  2139 label *label372
 
  2143 end
  2144 label *label8
  2145 set :unpackCfg2:cfg :drawBlock:cfg
-    * set :unpackCfg:cfg :unpackCfg2:cfg
+ 2146 set :unpackCfg:cfg :drawBlock:cfg
  2147 set :unpackCfg:index 1
-    * set *tmp715 :unpackCfg:index
-    * op add :unpackCfg:index :unpackCfg:index 1
-    * read *tmp716 :unpackCfg:cfg *tmp715
+ 2148 set *tmp715 1
+ 2149 op add :unpackCfg:index 1 1
+ 2150 read *tmp716 :unpackCfg2:cfg *tmp715
  2151 op sub *tmp717 *tmp716 74
  2152 lookup block :unpackCfg:type *tmp717
-    * set *tmp719 :unpackCfg:index
-    * op add :unpackCfg:index :unpackCfg:index 1
-    * read *tmp720 :unpackCfg:cfg *tmp719
+ 2153 set *tmp719 2
+ 2154 op add :unpackCfg:index 2 1
+ 2155 read *tmp720 :unpackCfg2:cfg *tmp719
  2156 op sub *tmp721 *tmp720 74
  2157 op div :unpackCfg:x *tmp721 2
-    * set *tmp723 :unpackCfg:index
-    * op add :unpackCfg:index :unpackCfg:index 1
-    * read *tmp724 :unpackCfg:cfg *tmp723
+ 2158 set *tmp723 3
+ 2159 op add :unpackCfg:index 3 1
+ 2160 read *tmp724 :unpackCfg2:cfg *tmp723
  2161 op sub *tmp725 *tmp724 74
  2162 op div :unpackCfg:y *tmp725 2
-    * set *tmp727 :unpackCfg:index
-    * op add :unpackCfg:index :unpackCfg:index 1
-    * read *tmp728 :unpackCfg:cfg *tmp727
+ 2163 set *tmp727 4
+ 2164 op add :unpackCfg:index 4 1
+ 2165 read *tmp728 :unpackCfg2:cfg *tmp727
  2166 op sub :unpackCfg:rotation *tmp728 74
-    * set *tmp730 :unpackCfg:index
-    * op add :unpackCfg:index :unpackCfg:index 1
-    * read *tmp731 :unpackCfg:cfg *tmp730
+ 2167 set *tmp730 5
+ 2168 op add :unpackCfg:index 5 1
+ 2169 read *tmp731 :unpackCfg2:cfg *tmp730
  2170 op sub :unpackCfg:ind *tmp731 74
  2171 sensor :unpackCfg:size :unpackCfg:type @size
  2172 label *label378
 
  2177 set :unpackCfg2:size :unpackCfg:size
  2178 set :unpackCfg2:index :unpackCfg:ind
  2179 label *label377
-    * set :drawBlock:type :unpackCfg2:type
-    * set :drawBlock:x :unpackCfg2:x
-    * set :drawBlock:y :unpackCfg2:y
-    * set :drawBlock:rotation :unpackCfg2:rotation
-    * set :drawBlock:size :unpackCfg2:size
-    * set :drawBlock:index :unpackCfg2:index
-    * op shl *tmp741 1 :drawBlock:index
+ 2180 set :drawBlock:type :unpackCfg:type
+ 2181 set :drawBlock:x :unpackCfg:x
+ 2182 set :drawBlock:y :unpackCfg:y
+ 2183 set :drawBlock:rotation :unpackCfg:rotation
+ 2184 set :drawBlock:size :unpackCfg:size
+ 2185 set :drawBlock:index :unpackCfg:ind
+ 2186 op shl *tmp741 1 :unpackCfg2:index
  2187 op and :drawBlock:built .blocksBuilt *tmp741
  2188 op add *tmp743 :drawBlock:built .pageSwitched
  2189 jump *label379 notEqual *tmp743 0
 
  2197 set *tmp746 %408040ff
  2198 label *label382
  2199 draw col *tmp746
-    * op mul *tmp747 2 :drawBlock:x
-    * op mul *tmp748 2 :drawBlock:y
-    * op mul *tmp749 2 :drawBlock:size
-    * op mul *tmp750 90 :drawBlock:rotation
-    * draw image *tmp747 *tmp748 :drawBlock:type *tmp749 *tmp750
+ 2200 op mul *tmp747 2 :unpackCfg2:x
+ 2201 op mul *tmp748 2 :unpackCfg2:y
+ 2202 op mul *tmp749 2 :unpackCfg2:size
+ 2203 op mul *tmp750 90 :unpackCfg2:rotation
+ 2204 draw image *tmp747 *tmp748 :unpackCfg2:type *tmp749 *tmp750
  2205 label *label376
  2206 return :drawBlock*retaddr
  2207 end

Modifications by Iterated phase, Data Flow Optimization, pass 1, iteration 2 (-365 instructions):
 
    36 op div *tmp54 .animation 30
    37 op min *tmp55 *tmp54 1
    38 op max :animate:ratio 0 *tmp55
-    * set :lerp:from 42
-    * set :lerp:to 90
-    * set :lerp:ratio :animate:ratio
    39 op sub *tmp58 1 :animate:ratio
    40 op mul *tmp59 *tmp58 42
    41 op mul *tmp60 :animate:ratio 90
    42 op add *tmp57 *tmp59 *tmp60
    43 label *label28
-    * set :animate:x *tmp57
-    * set :lerp.1:from 237
-    * set :lerp.1:to 120
-    * set :lerp.1:ratio :animate:ratio
-    * op sub *tmp63 1 :animate:ratio
    44 op mul *tmp64 *tmp58 237
    45 op mul *tmp65 :animate:ratio 120
    46 op add *tmp62 *tmp64 *tmp65
    47 label *label29
-    * set :animate:y *tmp62
-    * set :lerp.2:from 32
-    * set :lerp.2:to 168
-    * set :lerp.2:ratio :animate:ratio
-    * op sub *tmp68 1 :animate:ratio
    48 op mul *tmp69 *tmp58 32
    49 op mul *tmp70 :animate:ratio 168
    50 op add *tmp67 *tmp69 *tmp70
    51 label *label30
-    * set :animate:size *tmp67
    52 draw image *tmp57 *tmp62 @mega *tmp67 0
    53 jump *label31 notEqual :animate:ratio 1
    54 setaddr :drawHeader*retaddr *label33 (h:*label33)
 
    73 label *label39
    74 set :drawTitleRow:y 201
    75 set :drawTitleRow:alignment @bottomLeft
-    * set :drawText:x 22
-    * set :drawText:y :updateDisplay:y
-    * set :drawText:alignment @bottomLeft
+   76 set :drawText:y 201
    77 print "Locating ore..."
-    * draw print 22 :drawTitleRow:y :drawTitleRow:alignment
+   78 draw print 22 201 @bottomLeft
    79 label *label42
-    * set :drawText.1:x 23
-    * set :drawText.1:y :updateDisplay:y
-    * set :drawText.1:alignment @bottomLeft
+   80 set :drawText.1:y 201
    81 print "Locating ore..."
-    * draw print 23 :drawTitleRow:y :drawTitleRow:alignment
+   82 draw print 23 201 @bottomLeft
    83 label *label43
-    * op sub :drawTitleRow:y :updateDisplay:y 15
+   84 op sub :drawTitleRow:y 201 15
    85 label *label41
-    * set :updateDisplay:y :drawTitleRow:y
+   86 set :updateDisplay:y 186
    87 set :drawItem:col 0
-    * set :drawItem:y :drawTitleRow:y
+   88 set :drawItem:y 186
    89 set :drawItem:columns 1
    90 set :drawItem:item .nextBlock
    91 read :drawItem:current processor1 ".mapProgress"
    92 read :drawItem:target processor1 ".mapTotal"
-    * set :drawItemColor:color1 %008000FF
-    * set :drawItemColor:color2 %00FF00FF
    93 set :drawItemColor:col 0
-    * set :drawItemColor:y :updateDisplay:y
+   94 set :drawItemColor:y :drawTitleRow:y
    95 set :drawItemColor:columns 1
-    * set :drawItemColor:item :drawItem:item
-    * set :drawItemColor:current :drawItem:current
-    * set :drawItemColor:target :drawItem:target
-    * op mul *tmp80 :drawItem:columns 176
-    * op mul *tmp81 :drawItemColor:columns 88
-    * op sub :drawItemColor:barLength 214 *tmp81
-    * op add :drawItemColor:textEnd 48 :drawItemColor:barLength
-    * op mul *tmp84 :drawItemColor:barLength :drawItem:current
+   96 op mul *tmp80 1 176
+   97 op mul *tmp81 1 88
+   98 op sub :drawItemColor:barLength 214 88
+   99 op add :drawItemColor:textEnd 48 126
+  100 op mul *tmp84 126 :drawItem:current
   101 op div *tmp85 *tmp84 :drawItem:target
-    * op min :drawItemColor:length :drawItemColor:barLength *tmp85
-    * op mul *tmp87 :drawItem:col 176
-    * op mul *tmp88 :drawItemColor:col 88
-    * op add :drawItemColor:iconX 11 *tmp88
-    * op mul *tmp90 :drawItem:col 176
-    * op div *tmp91 *tmp87 2
-    * op add :drawItemColor:barX 22 *tmp88
-    * op mul *tmp93 :drawItem:col 176
-    * op div *tmp94 *tmp87 2
-    * op add :drawItemColor:textX :drawItemColor:textEnd *tmp88
+  102 op min :drawItemColor:length 126 *tmp85
+  103 op mul *tmp87 0 176
+  104 op mul *tmp88 0 88
+  105 op add :drawItemColor:iconX 11 0
+  106 op mul *tmp90 0 176
+  107 op div *tmp91 0 2
+  108 op add :drawItemColor:barX 22 0
+  109 op mul *tmp93 0 176
+  110 op div *tmp94 0 2
+  111 op add :drawItemColor:textX 174 0
   112 draw col %[white]
-    * op add *tmp96 :drawItem:y 5
-    * draw image :drawItemColor:iconX *tmp96 :drawItem:item 14 0
+  113 op add *tmp96 :drawTitleRow:y 5
+  114 draw image 11 *tmp96 :drawItem:item 14 0
   115 draw col %008000FF
-    * draw rect :drawItemColor:barX :drawItem:y :drawItemColor:length 10
+  116 draw rect 22 :drawTitleRow:y :drawItemColor:length 10
   117 draw col %00FF00FF
-    * draw lineRect :drawItemColor:barX :drawItem:y :drawItemColor:barLength 10
-    * op add *tmp97 :drawItem:y 5
-    * op add *tmp98 *tmp96 2
-    * set :drawBold:x :drawItemColor:textX
+  118 draw lineRect 22 :drawTitleRow:y 126 10
+  119 op add *tmp97 :drawTitleRow:y 5
+  120 op add *tmp98 :drawItem:y 7
+  121 set :drawBold:x 174
   122 set :drawBold:y *tmp98
   123 set :drawBold:alignment @right
-    * set :drawText.2:x :drawItemColor:textX
-    * set :drawText.2:y *tmp98
-    * set :drawText.2:alignment @right
+  124 set :drawText.2:x 174
   125 print "x"
   126 read *tmp99 processor1 ".mapSpots"
   127 print *tmp99
-    * draw print :drawBold:x :drawBold:y :drawBold:alignment
+  128 draw print :drawItemColor:textX *tmp98 @right
   129 label *label47
-    * op add :drawText.3:x :drawItemColor:textX 1
-    * set :drawText.3:y *tmp98
-    * set :drawText.3:alignment @right
+  130 op add :drawText.3:x 174 1
   131 print "x"
   132 read *tmp101 processor1 ".mapSpots"
   133 print *tmp101
-    * draw print :drawText.3:x :drawBold:y :drawBold:alignment
+  134 draw print 175 *tmp98 @right
   135 label *label48
   136 label *label46
-    * op add :drawItemColor:col :drawItem:col 1
-    * jump *label49 lessThan :drawItemColor:col :drawItem:columns
-    * set :drawItemColor:col 0
-    * op sub :drawItemColor:y :drawItem:y 15
+  137 op add :drawItemColor:col 0 1
+  138 jump *label49 lessThan 1 1
+  139 op sub :drawItemColor:y :drawTitleRow:y 15
   140 label *label49
   141 label *label50
   142 label *label45
   143 set :drawItem:y :drawItemColor:y
   144 label *label44
-    * set :updateDisplay:y :drawItemColor:y
-    * op sub :updateDisplay:y :drawItem:y 35
+  145 op sub :updateDisplay:y :drawItemColor:y 35
   146 jump *label38 always
   147 label *label37
   148 jump *label51 equal .nextBlock null
   149 set :drawMaterials:count .totalTargets
   150 set :drawTitleRow.1:y 201
   151 set :drawTitleRow.1:alignment @bottomLeft
-    * set :drawText.4:x 22
-    * set :drawText.4:y :updateDisplay:y
-    * set :drawText.4:alignment @bottomLeft
+  152 set :drawText.4:y 201
   153 print "Materials"
-    * draw print 22 :drawTitleRow.1:y :drawTitleRow.1:alignment
+  154 draw print 22 201 @bottomLeft
   155 label *label54
-    * set :drawText.5:x 23
-    * set :drawText.5:y :updateDisplay:y
-    * set :drawText.5:alignment @bottomLeft
+  156 set :drawText.5:y 201
   157 print "Materials"
-    * draw print 23 :drawTitleRow.1:y :drawTitleRow.1:alignment
+  158 draw print 23 201 @bottomLeft
   159 label *label55
-    * op sub :drawTitleRow.1:y :updateDisplay:y 15
+  160 op sub :drawTitleRow.1:y 201 15
   161 label *label53
-    * set :updateDisplay:y :drawTitleRow.1:y
+  162 set :updateDisplay:y 186
   163 set :drawMaterials:columns 1
   164 jump *label56 equal :drawMaterials:count false
   165 set :drawMaterials:item @copper
 
   204 set :drawItem.1:item :drawMaterials:item
   205 set :drawItem.1:current *tmp111
   206 set :drawItem.1:target :drawMaterials:target
-    * set :drawItemColor.1:color1 %008000FF
-    * set :drawItemColor.1:color2 %00FF00FF
   207 set :drawItemColor.1:col :drawMaterials:col
   208 set :drawItemColor.1:y :updateDisplay:y
-    * set :drawItemColor.1:columns :drawMaterials:columns
-    * set :drawItemColor.1:item :drawMaterials:item
-    * set :drawItemColor.1:current *tmp111
-    * set :drawItemColor.1:target :drawMaterials:target
-    * op mul *tmp112 :drawItem.1:columns 176
-    * op mul *tmp113 :drawItemColor.1:columns 88
+  209 set :drawItemColor.1:columns 1
+  210 op mul *tmp112 1 176
+  211 op mul *tmp113 :drawMaterials:columns 88
   212 op sub :drawItemColor.1:barLength 214 *tmp113
   213 op add :drawItemColor.1:textEnd 48 :drawItemColor.1:barLength
-    * op mul *tmp116 :drawItemColor.1:barLength :drawItem.1:current
-    * op div *tmp117 *tmp116 :drawItem.1:target
+  214 op mul *tmp116 :drawItemColor.1:barLength *tmp111
+  215 op div *tmp117 *tmp116 :drawMaterials:target
   216 op min :drawItemColor.1:length :drawItemColor.1:barLength *tmp117
-    * op mul *tmp119 :drawItem.1:col 176
-    * op mul *tmp120 :drawItemColor.1:col 88
+  217 op mul *tmp119 :drawMaterials:col 176
+  218 op mul *tmp120 :drawMaterials:col 88
   219 op add :drawItemColor.1:iconX 11 *tmp120
-    * op mul *tmp122 :drawItem.1:col 176
-    * op div *tmp123 *tmp119 2
+  220 op mul *tmp122 :drawMaterials:col 176
+  221 op mul *tmp123 :drawItem.1:col 88
   222 op add :drawItemColor.1:barX 22 *tmp120
-    * op mul *tmp125 :drawItem.1:col 176
-    * op div *tmp126 *tmp119 2
+  223 op mul *tmp125 :drawMaterials:col 176
+  224 op mul *tmp126 :drawItem.1:col 88
   225 op add :drawItemColor.1:textX :drawItemColor.1:textEnd *tmp120
   226 draw col %[white]
-    * op add *tmp128 :drawItem.1:y 5
-    * draw image :drawItemColor.1:iconX *tmp128 :drawItem.1:item 14 0
+  227 op add *tmp128 :updateDisplay:y 5
+  228 draw image :drawItemColor.1:iconX *tmp128 :drawMaterials:item 14 0
   229 draw col %008000FF
-    * draw rect :drawItemColor.1:barX :drawItem.1:y :drawItemColor.1:length 10
+  230 draw rect :drawItemColor.1:barX :updateDisplay:y :drawItemColor.1:length 10
   231 draw col %00FF00FF
-    * draw lineRect :drawItemColor.1:barX :drawItem.1:y :drawItemColor.1:barLength 10
-    * op add *tmp129 :drawItem.1:y 5
-    * op add *tmp130 *tmp128 2
+  232 draw lineRect :drawItemColor.1:barX :updateDisplay:y :drawItemColor.1:barLength 10
+  233 op add *tmp129 :updateDisplay:y 5
+  234 op add *tmp130 :drawItem.1:y 7
   235 set :drawBold.1:x :drawItemColor.1:textX
   236 set :drawBold.1:y *tmp130
   237 set :drawBold.1:alignment @right
-    * set :drawText.6:x :drawItemColor.1:textX
-    * set :drawText.6:y *tmp130
-    * set :drawText.6:alignment @right
   238 print :drawMaterials:target
-    * draw print :drawBold.1:x :drawBold.1:y :drawBold.1:alignment
+  239 draw print :drawItemColor.1:textX *tmp130 @right
   240 label *label73
   241 op add :drawText.7:x :drawItemColor.1:textX 1
-    * set :drawText.7:y *tmp130
-    * set :drawText.7:alignment @right
   242 print :drawMaterials:target
-    * draw print :drawText.7:x :drawBold.1:y :drawBold.1:alignment
+  243 draw print :drawText.7:x *tmp130 @right
   244 label *label74
   245 label *label72
-    * op add :drawItemColor.1:col :drawItem.1:col 1
-    * jump *label75 lessThan :drawItemColor.1:col :drawItem.1:columns
+  246 op add :drawItemColor.1:col :drawMaterials:col 1
+  247 jump *label75 lessThan :drawItemColor.1:col 1
   248 set :drawItemColor.1:col 0
-    * op sub :drawItemColor.1:y :drawItem.1:y 15
+  249 op sub :drawItemColor.1:y :updateDisplay:y 15
   250 label *label75
   251 label *label76
   252 label *label71
-    * set :drawItem.1:col :drawItemColor.1:col
-    * set :drawItem.1:y :drawItemColor.1:y
   253 label *label70
   254 set :drawMaterials:col :drawItemColor.1:col
   255 set :updateDisplay:y :drawItemColor.1:y
 
   284 draw col %[white]
   285 set :drawTitleRow.2:y :updateDisplay:y
   286 set :drawTitleRow.2:alignment @bottomLeft
-    * set :drawText.8:x 22
-    * set :drawText.8:y :updateDisplay:y
-    * set :drawText.8:alignment @bottomLeft
   287 print "Air Factory"
-    * draw print 22 :drawTitleRow.2:y :drawTitleRow.2:alignment
+  288 draw print 22 :updateDisplay:y @bottomLeft
   289 label *label85
-    * set :drawText.9:x 23
-    * set :drawText.9:y :updateDisplay:y
-    * set :drawText.9:alignment @bottomLeft
   290 print "Air Factory"
-    * draw print 23 :drawTitleRow.2:y :drawTitleRow.2:alignment
+  291 draw print 23 :updateDisplay:y @bottomLeft
   292 label *label86
   293 op sub :drawTitleRow.2:y :updateDisplay:y 15
   294 label *label84
 
   303 set :drawItem.2:item @silicon
   304 set :drawItem.2:current *tmp147
   305 set :drawItem.2:target 15
-    * set :drawItemColor.2:color1 %008000FF
-    * set :drawItemColor.2:color2 %00FF00FF
   306 set :drawItemColor.2:col 0
-    * set :drawItemColor.2:y :updateDisplay:y
+  307 set :drawItemColor.2:y :drawTitleRow.2:y
   308 set :drawItemColor.2:columns 1
-    * set :drawItemColor.2:item @silicon
-    * set :drawItemColor.2:current *tmp147
-    * set :drawItemColor.2:target 15
-    * op mul *tmp148 :drawItem.2:columns 176
-    * op mul *tmp149 :drawItemColor.2:columns 88
-    * op sub :drawItemColor.2:barLength 214 *tmp149
-    * op add :drawItemColor.2:textEnd 48 :drawItemColor.2:barLength
-    * op mul *tmp152 :drawItemColor.2:barLength :drawItem.2:current
-    * op div *tmp153 *tmp152 :drawItem.2:target
-    * op min :drawItemColor.2:length :drawItemColor.2:barLength *tmp153
-    * op mul *tmp155 :drawItem.2:col 176
-    * op mul *tmp156 :drawItemColor.2:col 88
-    * op add :drawItemColor.2:iconX 11 *tmp156
-    * op mul *tmp158 :drawItem.2:col 176
-    * op div *tmp159 *tmp155 2
-    * op add :drawItemColor.2:barX 22 *tmp156
-    * op mul *tmp161 :drawItem.2:col 176
-    * op div *tmp162 *tmp155 2
-    * op add :drawItemColor.2:textX :drawItemColor.2:textEnd *tmp156
+  309 op mul *tmp148 1 176
+  310 op mul *tmp149 1 88
+  311 op sub :drawItemColor.2:barLength 214 88
+  312 op add :drawItemColor.2:textEnd 48 126
+  313 op mul *tmp152 126 *tmp147
+  314 op div *tmp153 *tmp152 15
+  315 op min :drawItemColor.2:length 126 *tmp153
+  316 op mul *tmp155 0 176
+  317 op mul *tmp156 0 88
+  318 op add :drawItemColor.2:iconX 11 0
+  319 op mul *tmp158 0 176
+  320 op div *tmp159 0 2
+  321 op add :drawItemColor.2:barX 22 0
+  322 op mul *tmp161 0 176
+  323 op div *tmp162 0 2
+  324 op add :drawItemColor.2:textX 174 0
   325 draw col %[white]
-    * op add *tmp164 :drawItem.2:y 5
-    * draw image :drawItemColor.2:iconX *tmp164 :drawItem.2:item 14 0
+  326 op add *tmp164 :drawTitleRow.2:y 5
+  327 draw image 11 *tmp164 @silicon 14 0
   328 draw col %008000FF
-    * draw rect :drawItemColor.2:barX :drawItem.2:y :drawItemColor.2:length 10
+  329 draw rect 22 :drawTitleRow.2:y :drawItemColor.2:length 10
   330 draw col %00FF00FF
-    * draw lineRect :drawItemColor.2:barX :drawItem.2:y :drawItemColor.2:barLength 10
-    * op add *tmp165 :drawItem.2:y 5
-    * op add *tmp166 *tmp164 2
-    * set :drawBold.2:x :drawItemColor.2:textX
+  331 draw lineRect 22 :drawTitleRow.2:y 126 10
+  332 op add *tmp165 :drawTitleRow.2:y 5
+  333 op add *tmp166 :drawItem.2:y 7
+  334 set :drawBold.2:x 174
   335 set :drawBold.2:y *tmp166
   336 set :drawBold.2:alignment @right
-    * set :drawText.10:x :drawItemColor.2:textX
-    * set :drawText.10:y *tmp166
-    * set :drawText.10:alignment @right
+  337 set :drawText.10:x 174
   338 print 15
-    * draw print :drawBold.2:x :drawBold.2:y :drawBold.2:alignment
+  339 draw print :drawItemColor.2:textX *tmp166 @right
   340 label *label94
-    * op add :drawText.11:x :drawItemColor.2:textX 1
-    * set :drawText.11:y *tmp166
-    * set :drawText.11:alignment @right
+  341 op add :drawText.11:x 174 1
   342 print 15
-    * draw print :drawText.11:x :drawBold.2:y :drawBold.2:alignment
+  343 draw print 175 *tmp166 @right
   344 label *label95
   345 label *label93
-    * op add :drawItemColor.2:col :drawItem.2:col 1
-    * jump *label96 lessThan :drawItemColor.2:col :drawItem.2:columns
-    * set :drawItemColor.2:col 0
-    * op sub :drawItemColor.2:y :drawItem.2:y 15
+  346 op add :drawItemColor.2:col 0 1
+  347 jump *label96 lessThan 1 1
+  348 op sub :drawItemColor.2:y :drawTitleRow.2:y 15
   349 label *label96
   350 label *label97
   351 label *label92
   352 set :drawItem.2:y :drawItemColor.2:y
   353 label *label91
-    * set :updateDisplay:y :drawItemColor.2:y
-    * op sub :updateDisplay:y :drawItem.2:y 15
+  354 op sub :updateDisplay:y :drawItemColor.2:y 15
   355 jump *label90 always
   356 label *label89
   357 sensor *tmp170 A¾BFLW-air-factory13 @lead
 
   361 set :drawItem.3:item @lead
   362 set :drawItem.3:current *tmp170
   363 set :drawItem.3:target 15
-    * set :drawItemColor.3:color1 %008000FF
-    * set :drawItemColor.3:color2 %00FF00FF
   364 set :drawItemColor.3:col 0
-    * set :drawItemColor.3:y :updateDisplay:y
+  365 set :drawItemColor.3:y :drawTitleRow.2:y
   366 set :drawItemColor.3:columns 1
-    * set :drawItemColor.3:item @lead
-    * set :drawItemColor.3:current *tmp170
-    * set :drawItemColor.3:target 15
-    * op mul *tmp171 :drawItem.3:columns 176
-    * op mul *tmp172 :drawItemColor.3:columns 88
-    * op sub :drawItemColor.3:barLength 214 *tmp172
-    * op add :drawItemColor.3:textEnd 48 :drawItemColor.3:barLength
-    * op mul *tmp175 :drawItemColor.3:barLength :drawItem.3:current
-    * op div *tmp176 *tmp175 :drawItem.3:target
-    * op min :drawItemColor.3:length :drawItemColor.3:barLength *tmp176
-    * op mul *tmp178 :drawItem.3:col 176
-    * op mul *tmp179 :drawItemColor.3:col 88
-    * op add :drawItemColor.3:iconX 11 *tmp179
-    * op mul *tmp181 :drawItem.3:col 176
-    * op div *tmp182 *tmp178 2
-    * op add :drawItemColor.3:barX 22 *tmp179
-    * op mul *tmp184 :drawItem.3:col 176
-    * op div *tmp185 *tmp178 2
-    * op add :drawItemColor.3:textX :drawItemColor.3:textEnd *tmp179
+  367 op mul *tmp171 1 176
+  368 op mul *tmp172 1 88
+  369 op sub :drawItemColor.3:barLength 214 88
+  370 op add :drawItemColor.3:textEnd 48 126
+  371 op mul *tmp175 126 *tmp170
+  372 op div *tmp176 *tmp175 15
+  373 op min :drawItemColor.3:length 126 *tmp176
+  374 op mul *tmp178 0 176
+  375 op mul *tmp179 0 88
+  376 op add :drawItemColor.3:iconX 11 0
+  377 op mul *tmp181 0 176
+  378 op div *tmp182 0 2
+  379 op add :drawItemColor.3:barX 22 0
+  380 op mul *tmp184 0 176
+  381 op div *tmp185 0 2
+  382 op add :drawItemColor.3:textX 174 0
   383 draw col %[white]
-    * op add *tmp187 :drawItem.3:y 5
-    * draw image :drawItemColor.3:iconX *tmp187 :drawItem.3:item 14 0
+  384 op add *tmp187 :drawTitleRow.2:y 5
+  385 draw image 11 *tmp187 @lead 14 0
   386 draw col %008000FF
-    * draw rect :drawItemColor.3:barX :drawItem.3:y :drawItemColor.3:length 10
+  387 draw rect 22 :drawTitleRow.2:y :drawItemColor.3:length 10
   388 draw col %00FF00FF
-    * draw lineRect :drawItemColor.3:barX :drawItem.3:y :drawItemColor.3:barLength 10
-    * op add *tmp188 :drawItem.3:y 5
-    * op add *tmp189 *tmp187 2
-    * set :drawBold.3:x :drawItemColor.3:textX
+  389 draw lineRect 22 :drawTitleRow.2:y 126 10
+  390 op add *tmp188 :drawTitleRow.2:y 5
+  391 op add *tmp189 :drawItem.3:y 7
+  392 set :drawBold.3:x 174
   393 set :drawBold.3:y *tmp189
   394 set :drawBold.3:alignment @right
-    * set :drawText.12:x :drawItemColor.3:textX
-    * set :drawText.12:y *tmp189
-    * set :drawText.12:alignment @right
+  395 set :drawText.12:x 174
   396 print 15
-    * draw print :drawBold.3:x :drawBold.3:y :drawBold.3:alignment
+  397 draw print :drawItemColor.3:textX *tmp189 @right
   398 label *label101
-    * op add :drawText.13:x :drawItemColor.3:textX 1
-    * set :drawText.13:y *tmp189
-    * set :drawText.13:alignment @right
+  399 op add :drawText.13:x 174 1
   400 print 15
-    * draw print :drawText.13:x :drawBold.3:y :drawBold.3:alignment
+  401 draw print 175 *tmp189 @right
   402 label *label102
   403 label *label100
-    * op add :drawItemColor.3:col :drawItem.3:col 1
-    * jump *label103 lessThan :drawItemColor.3:col :drawItem.3:columns
-    * set :drawItemColor.3:col 0
-    * op sub :drawItemColor.3:y :drawItem.3:y 15
+  404 op add :drawItemColor.3:col 0 1
+  405 jump *label103 lessThan 1 1
+  406 op sub :drawItemColor.3:y :drawTitleRow.2:y 15
   407 label *label103
   408 label *label104
   409 label *label99
 
   412 set :updateDisplay:y :drawItemColor.3:y
   413 sensor *tmp193 A¾BFLW-air-factory13 @silicon
   414 set :drawItem.4:col 0
-    * set :drawItem.4:y :drawItem.3:y
+  415 set :drawItem.4:y :drawItemColor.3:y
   416 set :drawItem.4:columns 1
   417 set :drawItem.4:item @silicon
   418 set :drawItem.4:current *tmp193
   419 set :drawItem.4:target 30
-    * set :drawItemColor.4:color1 %008000FF
-    * set :drawItemColor.4:color2 %00FF00FF
   420 set :drawItemColor.4:col 0
-    * set :drawItemColor.4:y :updateDisplay:y
+  421 set :drawItemColor.4:y :drawItemColor.3:y
   422 set :drawItemColor.4:columns 1
-    * set :drawItemColor.4:item @silicon
-    * set :drawItemColor.4:current *tmp193
-    * set :drawItemColor.4:target 30
-    * op mul *tmp194 :drawItem.4:columns 176
-    * op mul *tmp195 :drawItemColor.4:columns 88
-    * op sub :drawItemColor.4:barLength 214 *tmp195
-    * op add :drawItemColor.4:textEnd 48 :drawItemColor.4:barLength
-    * op mul *tmp198 :drawItemColor.4:barLength :drawItem.4:current
-    * op div *tmp199 *tmp198 :drawItem.4:target
-    * op min :drawItemColor.4:length :drawItemColor.4:barLength *tmp199
-    * op mul *tmp201 :drawItem.4:col 176
-    * op mul *tmp202 :drawItemColor.4:col 88
-    * op add :drawItemColor.4:iconX 11 *tmp202
-    * op mul *tmp204 :drawItem.4:col 176
-    * op div *tmp205 *tmp201 2
-    * op add :drawItemColor.4:barX 22 *tmp202
-    * op mul *tmp207 :drawItem.4:col 176
-    * op div *tmp208 *tmp201 2
-    * op add :drawItemColor.4:textX :drawItemColor.4:textEnd *tmp202
+  423 op mul *tmp194 1 176
+  424 op mul *tmp195 1 88
+  425 op sub :drawItemColor.4:barLength 214 88
+  426 op add :drawItemColor.4:textEnd 48 126
+  427 op mul *tmp198 126 *tmp193
+  428 op div *tmp199 *tmp198 30
+  429 op min :drawItemColor.4:length 126 *tmp199
+  430 op mul *tmp201 0 176
+  431 op mul *tmp202 0 88
+  432 op add :drawItemColor.4:iconX 11 0
+  433 op mul *tmp204 0 176
+  434 op div *tmp205 0 2
+  435 op add :drawItemColor.4:barX 22 0
+  436 op mul *tmp207 0 176
+  437 op div *tmp208 0 2
+  438 op add :drawItemColor.4:textX 174 0
   439 draw col %[white]
-    * op add *tmp210 :drawItem.4:y 5
-    * draw image :drawItemColor.4:iconX *tmp210 :drawItem.4:item 14 0
+  440 op add *tmp210 :drawItem.3:y 5
+  441 draw image 11 *tmp210 @silicon 14 0
   442 draw col %008000FF
-    * draw rect :drawItemColor.4:barX :drawItem.4:y :drawItemColor.4:length 10
+  443 draw rect 22 :drawItem.3:y :drawItemColor.4:length 10
   444 draw col %00FF00FF
-    * draw lineRect :drawItemColor.4:barX :drawItem.4:y :drawItemColor.4:barLength 10
-    * op add *tmp211 :drawItem.4:y 5
-    * op add *tmp212 *tmp210 2
-    * set :drawBold.4:x :drawItemColor.4:textX
+  445 draw lineRect 22 :drawItem.3:y 126 10
+  446 op add *tmp211 :drawItem.3:y 5
+  447 op add *tmp212 :drawItem.4:y 7
+  448 set :drawBold.4:x 174
   449 set :drawBold.4:y *tmp212
   450 set :drawBold.4:alignment @right
-    * set :drawText.14:x :drawItemColor.4:textX
-    * set :drawText.14:y *tmp212
-    * set :drawText.14:alignment @right
+  451 set :drawText.14:x 174
   452 print 30
-    * draw print :drawBold.4:x :drawBold.4:y :drawBold.4:alignment
+  453 draw print :drawItemColor.4:textX *tmp212 @right
   454 label *label108
-    * op add :drawText.15:x :drawItemColor.4:textX 1
-    * set :drawText.15:y *tmp212
-    * set :drawText.15:alignment @right
+  455 op add :drawText.15:x 174 1
   456 print 30
-    * draw print :drawText.15:x :drawBold.4:y :drawBold.4:alignment
+  457 draw print 175 *tmp212 @right
   458 label *label109
   459 label *label107
-    * op add :drawItemColor.4:col :drawItem.4:col 1
-    * jump *label110 lessThan :drawItemColor.4:col :drawItem.4:columns
-    * set :drawItemColor.4:col 0
-    * op sub :drawItemColor.4:y :drawItem.4:y 15
+  460 op add :drawItemColor.4:col 0 1
+  461 jump *label110 lessThan 1 1
+  462 op sub :drawItemColor.4:y :drawItem.3:y 15
   463 label *label110
   464 label *label111
   465 label *label106
-    * set :drawItem.4:y :drawItemColor.4:y
   466 label *label105
   467 set :updateDisplay:y :drawItemColor.4:y
   468 label *label90
 
   476 set :drawItem.5:item .nextFactory
   477 set :drawItem.5:current :drawAirFactory:progress
   478 set :drawItem.5:target 1
-    * set :drawItemColor.5:color1 %008000FF
-    * set :drawItemColor.5:color2 %00FF00FF
   479 set :drawItemColor.5:col 0
-    * set :drawItemColor.5:y :updateDisplay:y
+  480 set :drawItemColor.5:y :drawTitleRow.2:y
   481 set :drawItemColor.5:columns 1
-    * set :drawItemColor.5:item :drawItem.5:item
-    * set :drawItemColor.5:current :drawAirFactory:progress
-    * set :drawItemColor.5:target 1
-    * op mul *tmp218 :drawItem.5:columns 176
-    * op mul *tmp219 :drawItemColor.5:columns 88
-    * op sub :drawItemColor.5:barLength 214 *tmp219
-    * op add :drawItemColor.5:textEnd 48 :drawItemColor.5:barLength
-    * op mul *tmp222 :drawItemColor.5:barLength :drawItem.5:current
-    * op div *tmp223 *tmp222 :drawItem.5:target
-    * op min :drawItemColor.5:length :drawItemColor.5:barLength *tmp223
-    * op mul *tmp225 :drawItem.5:col 176
-    * op mul *tmp226 :drawItemColor.5:col 88
-    * op add :drawItemColor.5:iconX 11 *tmp226
-    * op mul *tmp228 :drawItem.5:col 176
-    * op div *tmp229 *tmp225 2
-    * op add :drawItemColor.5:barX 22 *tmp226
-    * op mul *tmp231 :drawItem.5:col 176
-    * op div *tmp232 *tmp225 2
-    * op add :drawItemColor.5:textX :drawItemColor.5:textEnd *tmp226
+  482 op mul *tmp218 1 176
+  483 op mul *tmp219 1 88
+  484 op sub :drawItemColor.5:barLength 214 88
+  485 op add :drawItemColor.5:textEnd 48 126
+  486 op mul *tmp222 126 :drawAirFactory:progress
+  487 op div *tmp223 *tmp222 1
+  488 op min :drawItemColor.5:length 126 *tmp223
+  489 op mul *tmp225 0 176
+  490 op mul *tmp226 0 88
+  491 op add :drawItemColor.5:iconX 11 0
+  492 op mul *tmp228 0 176
+  493 op div *tmp229 0 2
+  494 op add :drawItemColor.5:barX 22 0
+  495 op mul *tmp231 0 176
+  496 op div *tmp232 0 2
+  497 op add :drawItemColor.5:textX 174 0
   498 draw col %[white]
-    * op add *tmp234 :drawItem.5:y 5
-    * draw image :drawItemColor.5:iconX *tmp234 :drawItem.5:item 14 0
+  499 op add *tmp234 :drawTitleRow.2:y 5
+  500 draw image 11 *tmp234 :drawItem.5:item 14 0
   501 draw col %008000FF
-    * draw rect :drawItemColor.5:barX :drawItem.5:y :drawItemColor.5:length 10
+  502 draw rect 22 :drawTitleRow.2:y :drawItemColor.5:length 10
   503 draw col %00FF00FF
-    * draw lineRect :drawItemColor.5:barX :drawItem.5:y :drawItemColor.5:barLength 10
-    * op add *tmp235 :drawItem.5:y 5
-    * op add *tmp236 *tmp234 2
-    * set :drawBold.5:x :drawItemColor.5:textX
+  504 draw lineRect 22 :drawTitleRow.2:y 126 10
+  505 op add *tmp235 :drawTitleRow.2:y 5
+  506 op add *tmp236 :drawItem.5:y 7
+  507 set :drawBold.5:x 174
   508 set :drawBold.5:y *tmp236
   509 set :drawBold.5:alignment @right
-    * set :drawText.16:x :drawItemColor.5:textX
-    * set :drawText.16:y *tmp236
-    * set :drawText.16:alignment @right
+  510 set :drawText.16:x 174
   511 print *tmp217
   512 print "%"
-    * draw print :drawBold.5:x :drawBold.5:y :drawBold.5:alignment
+  513 draw print :drawItemColor.5:textX *tmp236 @right
   514 label *label115
-    * op add :drawText.17:x :drawItemColor.5:textX 1
-    * set :drawText.17:y *tmp236
-    * set :drawText.17:alignment @right
+  515 op add :drawText.17:x 174 1
   516 print *tmp217
   517 print "%"
-    * draw print :drawText.17:x :drawBold.5:y :drawBold.5:alignment
+  518 draw print 175 *tmp236 @right
   519 label *label116
   520 label *label114
-    * op add :drawItemColor.5:col :drawItem.5:col 1
-    * jump *label117 lessThan :drawItemColor.5:col :drawItem.5:columns
-    * set :drawItemColor.5:col 0
-    * op sub :drawItemColor.5:y :drawItem.5:y 15
+  521 op add :drawItemColor.5:col 0 1
+  522 jump *label117 lessThan 1 1
+  523 op sub :drawItemColor.5:y :drawTitleRow.2:y 15
   524 label *label117
   525 label *label118
   526 label *label113
   527 set :drawItem.5:y :drawItemColor.5:y
   528 label *label112
-    * set :updateDisplay:y :drawItemColor.5:y
-    * op sub :updateDisplay:y :drawItem.5:y 15
+  529 op sub :updateDisplay:y :drawItemColor.5:y 15
   530 label *label88
   531 op sub :updateDisplay:y :updateDisplay:y 5
   532 label *label81
 
   537 draw col %[white]
   538 set :drawTitleRow.3:y :updateDisplay:y
   539 set :drawTitleRow.3:alignment @bottomLeft
-    * set :drawText.18:x 22
-    * set :drawText.18:y :updateDisplay:y
-    * set :drawText.18:alignment @bottomLeft
   540 print "Reconstructor"
-    * draw print 22 :drawTitleRow.3:y :drawTitleRow.3:alignment
+  541 draw print 22 :updateDisplay:y @bottomLeft
   542 label *label123
-    * set :drawText.19:x 23
-    * set :drawText.19:y :updateDisplay:y
-    * set :drawText.19:alignment @bottomLeft
   543 print "Reconstructor"
-    * draw print 23 :drawTitleRow.3:y :drawTitleRow.3:alignment
+  544 draw print 23 :updateDisplay:y @bottomLeft
   545 label *label124
   546 op sub :drawTitleRow.3:y :updateDisplay:y 15
   547 label *label122
 
   555 set :drawItem.6:item @graphite
   556 set :drawItem.6:current *tmp245
   557 set :drawItem.6:target 40
-    * set :drawItemColor.6:color1 %008000FF
-    * set :drawItemColor.6:color2 %00FF00FF
   558 set :drawItemColor.6:col 0
-    * set :drawItemColor.6:y :updateDisplay:y
+  559 set :drawItemColor.6:y :drawTitleRow.3:y
   560 set :drawItemColor.6:columns 1
-    * set :drawItemColor.6:item @graphite
-    * set :drawItemColor.6:current *tmp245
-    * set :drawItemColor.6:target 40
-    * op mul *tmp246 :drawItem.6:columns 176
-    * op mul *tmp247 :drawItemColor.6:columns 88
-    * op sub :drawItemColor.6:barLength 214 *tmp247
-    * op add :drawItemColor.6:textEnd 48 :drawItemColor.6:barLength
-    * op mul *tmp250 :drawItemColor.6:barLength :drawItem.6:current
-    * op div *tmp251 *tmp250 :drawItem.6:target
-    * op min :drawItemColor.6:length :drawItemColor.6:barLength *tmp251
-    * op mul *tmp253 :drawItem.6:col 176
-    * op mul *tmp254 :drawItemColor.6:col 88
-    * op add :drawItemColor.6:iconX 11 *tmp254
-    * op mul *tmp256 :drawItem.6:col 176
-    * op div *tmp257 *tmp253 2
-    * op add :drawItemColor.6:barX 22 *tmp254
-    * op mul *tmp259 :drawItem.6:col 176
-    * op div *tmp260 *tmp253 2
-    * op add :drawItemColor.6:textX :drawItemColor.6:textEnd *tmp254
+  561 op mul *tmp246 1 176
+  562 op mul *tmp247 1 88
+  563 op sub :drawItemColor.6:barLength 214 88
+  564 op add :drawItemColor.6:textEnd 48 126
+  565 op mul *tmp250 126 *tmp245
+  566 op div *tmp251 *tmp250 40
+  567 op min :drawItemColor.6:length 126 *tmp251
+  568 op mul *tmp253 0 176
+  569 op mul *tmp254 0 88
+  570 op add :drawItemColor.6:iconX 11 0
+  571 op mul *tmp256 0 176
+  572 op div *tmp257 0 2
+  573 op add :drawItemColor.6:barX 22 0
+  574 op mul *tmp259 0 176
+  575 op div *tmp260 0 2
+  576 op add :drawItemColor.6:textX 174 0
   577 draw col %[white]
-    * op add *tmp262 :drawItem.6:y 5
-    * draw image :drawItemColor.6:iconX *tmp262 :drawItem.6:item 14 0
+  578 op add *tmp262 :drawTitleRow.3:y 5
+  579 draw image 11 *tmp262 @graphite 14 0
   580 draw col %008000FF
-    * draw rect :drawItemColor.6:barX :drawItem.6:y :drawItemColor.6:length 10
+  581 draw rect 22 :drawTitleRow.3:y :drawItemColor.6:length 10
   582 draw col %00FF00FF
-    * draw lineRect :drawItemColor.6:barX :drawItem.6:y :drawItemColor.6:barLength 10
-    * op add *tmp263 :drawItem.6:y 5
-    * op add *tmp264 *tmp262 2
-    * set :drawBold.6:x :drawItemColor.6:textX
+  583 draw lineRect 22 :drawTitleRow.3:y 126 10
+  584 op add *tmp263 :drawTitleRow.3:y 5
+  585 op add *tmp264 :drawItem.6:y 7
+  586 set :drawBold.6:x 174
   587 set :drawBold.6:y *tmp264
   588 set :drawBold.6:alignment @right
-    * set :drawText.20:x :drawItemColor.6:textX
-    * set :drawText.20:y *tmp264
-    * set :drawText.20:alignment @right
+  589 set :drawText.20:x 174
   590 print 40
-    * draw print :drawBold.6:x :drawBold.6:y :drawBold.6:alignment
+  591 draw print :drawItemColor.6:textX *tmp264 @right
   592 label *label130
-    * op add :drawText.21:x :drawItemColor.6:textX 1
-    * set :drawText.21:y *tmp264
-    * set :drawText.21:alignment @right
+  593 op add :drawText.21:x 174 1
   594 print 40
-    * draw print :drawText.21:x :drawBold.6:y :drawBold.6:alignment
+  595 draw print 175 *tmp264 @right
   596 label *label131
   597 label *label129
-    * op add :drawItemColor.6:col :drawItem.6:col 1
-    * jump *label132 lessThan :drawItemColor.6:col :drawItem.6:columns
-    * set :drawItemColor.6:col 0
-    * op sub :drawItemColor.6:y :drawItem.6:y 15
+  598 op add :drawItemColor.6:col 0 1
+  599 jump *label132 lessThan 1 1
+  600 op sub :drawItemColor.6:y :drawTitleRow.3:y 15
   601 label *label132
   602 label *label133
   603 label *label128
 
   606 set :updateDisplay:y :drawItemColor.6:y
   607 sensor *tmp268 AÀF@Lb-additive-reconstructor24 @silicon
   608 set :drawItem.7:col 0
-    * set :drawItem.7:y :drawItem.6:y
+  609 set :drawItem.7:y :drawItemColor.6:y
   610 set :drawItem.7:columns 1
   611 set :drawItem.7:item @silicon
   612 set :drawItem.7:current *tmp268
   613 set :drawItem.7:target 40
-    * set :drawItemColor.7:color1 %008000FF
-    * set :drawItemColor.7:color2 %00FF00FF
   614 set :drawItemColor.7:col 0
-    * set :drawItemColor.7:y :updateDisplay:y
+  615 set :drawItemColor.7:y :drawItemColor.6:y
   616 set :drawItemColor.7:columns 1
-    * set :drawItemColor.7:item @silicon
-    * set :drawItemColor.7:current *tmp268
-    * set :drawItemColor.7:target 40
-    * op mul *tmp269 :drawItem.7:columns 176
-    * op mul *tmp270 :drawItemColor.7:columns 88
-    * op sub :drawItemColor.7:barLength 214 *tmp270
-    * op add :drawItemColor.7:textEnd 48 :drawItemColor.7:barLength
-    * op mul *tmp273 :drawItemColor.7:barLength :drawItem.7:current
-    * op div *tmp274 *tmp273 :drawItem.7:target
-    * op min :drawItemColor.7:length :drawItemColor.7:barLength *tmp274
-    * op mul *tmp276 :drawItem.7:col 176
-    * op mul *tmp277 :drawItemColor.7:col 88
-    * op add :drawItemColor.7:iconX 11 *tmp277
-    * op mul *tmp279 :drawItem.7:col 176
-    * op div *tmp280 *tmp276 2
-    * op add :drawItemColor.7:barX 22 *tmp277
-    * op mul *tmp282 :drawItem.7:col 176
-    * op div *tmp283 *tmp276 2
-    * op add :drawItemColor.7:textX :drawItemColor.7:textEnd *tmp277
+  617 op mul *tmp269 1 176
+  618 op mul *tmp270 1 88
+  619 op sub :drawItemColor.7:barLength 214 88
+  620 op add :drawItemColor.7:textEnd 48 126
+  621 op mul *tmp273 126 *tmp268
+  622 op div *tmp274 *tmp273 40
+  623 op min :drawItemColor.7:length 126 *tmp274
+  624 op mul *tmp276 0 176
+  625 op mul *tmp277 0 88
+  626 op add :drawItemColor.7:iconX 11 0
+  627 op mul *tmp279 0 176
+  628 op div *tmp280 0 2
+  629 op add :drawItemColor.7:barX 22 0
+  630 op mul *tmp282 0 176
+  631 op div *tmp283 0 2
+  632 op add :drawItemColor.7:textX 174 0
   633 draw col %[white]
-    * op add *tmp285 :drawItem.7:y 5
-    * draw image :drawItemColor.7:iconX *tmp285 :drawItem.7:item 14 0
+  634 op add *tmp285 :drawItem.6:y 5
+  635 draw image 11 *tmp285 @silicon 14 0
   636 draw col %008000FF
-    * draw rect :drawItemColor.7:barX :drawItem.7:y :drawItemColor.7:length 10
+  637 draw rect 22 :drawItem.6:y :drawItemColor.7:length 10
   638 draw col %00FF00FF
-    * draw lineRect :drawItemColor.7:barX :drawItem.7:y :drawItemColor.7:barLength 10
-    * op add *tmp286 :drawItem.7:y 5
-    * op add *tmp287 *tmp285 2
-    * set :drawBold.7:x :drawItemColor.7:textX
+  639 draw lineRect 22 :drawItem.6:y 126 10
+  640 op add *tmp286 :drawItem.6:y 5
+  641 op add *tmp287 :drawItem.7:y 7
+  642 set :drawBold.7:x 174
   643 set :drawBold.7:y *tmp287
   644 set :drawBold.7:alignment @right
-    * set :drawText.22:x :drawItemColor.7:textX
-    * set :drawText.22:y *tmp287
-    * set :drawText.22:alignment @right
+  645 set :drawText.22:x 174
   646 print 40
-    * draw print :drawBold.7:x :drawBold.7:y :drawBold.7:alignment
+  647 draw print :drawItemColor.7:textX *tmp287 @right
   648 label *label137
-    * op add :drawText.23:x :drawItemColor.7:textX 1
-    * set :drawText.23:y *tmp287
-    * set :drawText.23:alignment @right
+  649 op add :drawText.23:x 174 1
   650 print 40
-    * draw print :drawText.23:x :drawBold.7:y :drawBold.7:alignment
+  651 draw print 175 *tmp287 @right
   652 label *label138
   653 label *label136
-    * op add :drawItemColor.7:col :drawItem.7:col 1
-    * jump *label139 lessThan :drawItemColor.7:col :drawItem.7:columns
-    * set :drawItemColor.7:col 0
-    * op sub :drawItemColor.7:y :drawItem.7:y 15
+  654 op add :drawItemColor.7:col 0 1
+  655 jump *label139 lessThan 1 1
+  656 op sub :drawItemColor.7:y :drawItem.6:y 15
   657 label *label139
   658 label *label140
   659 label *label135
-    * set :drawItem.7:y :drawItemColor.7:y
   660 label *label134
   661 set :updateDisplay:y :drawItemColor.7:y
   662 jump *label126 always
 
   669 set :drawItem.8:item @poly
   670 set :drawItem.8:current :drawAddReco:progress
   671 set :drawItem.8:target 1
-    * set :drawItemColor.8:color1 %008000FF
-    * set :drawItemColor.8:color2 %00FF00FF
   672 set :drawItemColor.8:col 0
-    * set :drawItemColor.8:y :updateDisplay:y
+  673 set :drawItemColor.8:y :drawTitleRow.3:y
   674 set :drawItemColor.8:columns 1
-    * set :drawItemColor.8:item @poly
-    * set :drawItemColor.8:current :drawAddReco:progress
-    * set :drawItemColor.8:target 1
-    * op mul *tmp293 :drawItem.8:columns 176
-    * op mul *tmp294 :drawItemColor.8:columns 88
-    * op sub :drawItemColor.8:barLength 214 *tmp294
-    * op add :drawItemColor.8:textEnd 48 :drawItemColor.8:barLength
-    * op mul *tmp297 :drawItemColor.8:barLength :drawItem.8:current
-    * op div *tmp298 *tmp297 :drawItem.8:target
-    * op min :drawItemColor.8:length :drawItemColor.8:barLength *tmp298
-    * op mul *tmp300 :drawItem.8:col 176
-    * op mul *tmp301 :drawItemColor.8:col 88
-    * op add :drawItemColor.8:iconX 11 *tmp301
-    * op mul *tmp303 :drawItem.8:col 176
-    * op div *tmp304 *tmp300 2
-    * op add :drawItemColor.8:barX 22 *tmp301
-    * op mul *tmp306 :drawItem.8:col 176
-    * op div *tmp307 *tmp300 2
-    * op add :drawItemColor.8:textX :drawItemColor.8:textEnd *tmp301
+  675 op mul *tmp293 1 176
+  676 op mul *tmp294 1 88
+  677 op sub :drawItemColor.8:barLength 214 88
+  678 op add :drawItemColor.8:textEnd 48 126
+  679 op mul *tmp297 126 :drawAddReco:progress
+  680 op div *tmp298 *tmp297 1
+  681 op min :drawItemColor.8:length 126 *tmp298
+  682 op mul *tmp300 0 176
+  683 op mul *tmp301 0 88
+  684 op add :drawItemColor.8:iconX 11 0
+  685 op mul *tmp303 0 176
+  686 op div *tmp304 0 2
+  687 op add :drawItemColor.8:barX 22 0
+  688 op mul *tmp306 0 176
+  689 op div *tmp307 0 2
+  690 op add :drawItemColor.8:textX 174 0
   691 draw col %[white]
-    * op add *tmp309 :drawItem.8:y 5
-    * draw image :drawItemColor.8:iconX *tmp309 :drawItem.8:item 14 0
+  692 op add *tmp309 :drawTitleRow.3:y 5
+  693 draw image 11 *tmp309 @poly 14 0
   694 draw col %008000FF
-    * draw rect :drawItemColor.8:barX :drawItem.8:y :drawItemColor.8:length 10
+  695 draw rect 22 :drawTitleRow.3:y :drawItemColor.8:length 10
   696 draw col %00FF00FF
-    * draw lineRect :drawItemColor.8:barX :drawItem.8:y :drawItemColor.8:barLength 10
-    * op add *tmp310 :drawItem.8:y 5
-    * op add *tmp311 *tmp309 2
-    * set :drawBold.8:x :drawItemColor.8:textX
+  697 draw lineRect 22 :drawTitleRow.3:y 126 10
+  698 op add *tmp310 :drawTitleRow.3:y 5
+  699 op add *tmp311 :drawItem.8:y 7
+  700 set :drawBold.8:x 174
   701 set :drawBold.8:y *tmp311
   702 set :drawBold.8:alignment @right
-    * set :drawText.24:x :drawItemColor.8:textX
-    * set :drawText.24:y *tmp311
-    * set :drawText.24:alignment @right
+  703 set :drawText.24:x 174
   704 print *tmp292
   705 print "%"
-    * draw print :drawBold.8:x :drawBold.8:y :drawBold.8:alignment
+  706 draw print :drawItemColor.8:textX *tmp311 @right
   707 label *label144
-    * op add :drawText.25:x :drawItemColor.8:textX 1
-    * set :drawText.25:y *tmp311
-    * set :drawText.25:alignment @right
+  708 op add :drawText.25:x 174 1
   709 print *tmp292
   710 print "%"
-    * draw print :drawText.25:x :drawBold.8:y :drawBold.8:alignment
+  711 draw print 175 *tmp311 @right
   712 label *label145
   713 label *label143
-    * op add :drawItemColor.8:col :drawItem.8:col 1
-    * jump *label146 lessThan :drawItemColor.8:col :drawItem.8:columns
-    * set :drawItemColor.8:col 0
-    * op sub :drawItemColor.8:y :drawItem.8:y 15
+  714 op add :drawItemColor.8:col 0 1
+  715 jump *label146 lessThan 1 1
+  716 op sub :drawItemColor.8:y :drawTitleRow.3:y 15
   717 label *label146
   718 label *label147
   719 label *label142
   720 set :drawItem.8:y :drawItemColor.8:y
   721 label *label141
-    * set :updateDisplay:y :drawItemColor.8:y
-    * op sub :updateDisplay:y :drawItem.8:y 15
+  722 op sub :updateDisplay:y :drawItemColor.8:y 15
   723 label *label126
   724 op sub :updateDisplay:y :updateDisplay:y 5
   725 label *label119
 
   731 op min :updateDisplay:y :updateDisplay:y 142
   732 set :drawTitleRow.4:y :updateDisplay:y
   733 set :drawTitleRow.4:alignment @bottomLeft
-    * set :drawText.26:x 22
-    * set :drawText.26:y :updateDisplay:y
-    * set :drawText.26:alignment @bottomLeft
   734 print "Reconstructor"
-    * draw print 22 :drawTitleRow.4:y :drawTitleRow.4:alignment
+  735 draw print 22 :updateDisplay:y @bottomLeft
   736 label *label152
-    * set :drawText.27:x 23
-    * set :drawText.27:y :updateDisplay:y
-    * set :drawText.27:alignment @bottomLeft
   737 print "Reconstructor"
-    * draw print 23 :drawTitleRow.4:y :drawTitleRow.4:alignment
+  738 draw print 23 :updateDisplay:y @bottomLeft
   739 label *label153
   740 op sub :drawTitleRow.4:y :updateDisplay:y 15
   741 label *label151
 
   749 set :drawItem.9:item @metaglass
   750 set :drawItem.9:current *tmp321
   751 set :drawItem.9:target 40
-    * set :drawItemColor.9:color1 %008000FF
-    * set :drawItemColor.9:color2 %00FF00FF
   752 set :drawItemColor.9:col 0
-    * set :drawItemColor.9:y :updateDisplay:y
+  753 set :drawItemColor.9:y :drawTitleRow.4:y
   754 set :drawItemColor.9:columns 1
-    * set :drawItemColor.9:item @metaglass
-    * set :drawItemColor.9:current *tmp321
-    * set :drawItemColor.9:target 40
-    * op mul *tmp322 :drawItem.9:columns 176
-    * op mul *tmp323 :drawItemColor.9:columns 88
-    * op sub :drawItemColor.9:barLength 214 *tmp323
-    * op add :drawItemColor.9:textEnd 48 :drawItemColor.9:barLength
-    * op mul *tmp326 :drawItemColor.9:barLength :drawItem.9:current
-    * op div *tmp327 *tmp326 :drawItem.9:target
-    * op min :drawItemColor.9:length :drawItemColor.9:barLength *tmp327
-    * op mul *tmp329 :drawItem.9:col 176
-    * op mul *tmp330 :drawItemColor.9:col 88
-    * op add :drawItemColor.9:iconX 11 *tmp330
-    * op mul *tmp332 :drawItem.9:col 176
-    * op div *tmp333 *tmp329 2
-    * op add :drawItemColor.9:barX 22 *tmp330
-    * op mul *tmp335 :drawItem.9:col 176
-    * op div *tmp336 *tmp329 2
-    * op add :drawItemColor.9:textX :drawItemColor.9:textEnd *tmp330
+  755 op mul *tmp322 1 176
+  756 op mul *tmp323 1 88
+  757 op sub :drawItemColor.9:barLength 214 88
+  758 op add :drawItemColor.9:textEnd 48 126
+  759 op mul *tmp326 126 *tmp321
+  760 op div *tmp327 *tmp326 40
+  761 op min :drawItemColor.9:length 126 *tmp327
+  762 op mul *tmp329 0 176
+  763 op mul *tmp330 0 88
+  764 op add :drawItemColor.9:iconX 11 0
+  765 op mul *tmp332 0 176
+  766 op div *tmp333 0 2
+  767 op add :drawItemColor.9:barX 22 0
+  768 op mul *tmp335 0 176
+  769 op div *tmp336 0 2
+  770 op add :drawItemColor.9:textX 174 0
   771 draw col %[white]
-    * op add *tmp338 :drawItem.9:y 5
-    * draw image :drawItemColor.9:iconX *tmp338 :drawItem.9:item 14 0
+  772 op add *tmp338 :drawTitleRow.4:y 5
+  773 draw image 11 *tmp338 @metaglass 14 0
   774 draw col %008000FF
-    * draw rect :drawItemColor.9:barX :drawItem.9:y :drawItemColor.9:length 10
+  775 draw rect 22 :drawTitleRow.4:y :drawItemColor.9:length 10
   776 draw col %00FF00FF
-    * draw lineRect :drawItemColor.9:barX :drawItem.9:y :drawItemColor.9:barLength 10
-    * op add *tmp339 :drawItem.9:y 5
-    * op add *tmp340 *tmp338 2
-    * set :drawBold.9:x :drawItemColor.9:textX
+  777 draw lineRect 22 :drawTitleRow.4:y 126 10
+  778 op add *tmp339 :drawTitleRow.4:y 5
+  779 op add *tmp340 :drawItem.9:y 7
+  780 set :drawBold.9:x 174
   781 set :drawBold.9:y *tmp340
   782 set :drawBold.9:alignment @right
-    * set :drawText.28:x :drawItemColor.9:textX
-    * set :drawText.28:y *tmp340
-    * set :drawText.28:alignment @right
+  783 set :drawText.28:x 174
   784 print 40
-    * draw print :drawBold.9:x :drawBold.9:y :drawBold.9:alignment
+  785 draw print :drawItemColor.9:textX *tmp340 @right
   786 label *label159
-    * op add :drawText.29:x :drawItemColor.9:textX 1
-    * set :drawText.29:y *tmp340
-    * set :drawText.29:alignment @right
+  787 op add :drawText.29:x 174 1
   788 print 40
-    * draw print :drawText.29:x :drawBold.9:y :drawBold.9:alignment
+  789 draw print 175 *tmp340 @right
   790 label *label160
   791 label *label158
-    * op add :drawItemColor.9:col :drawItem.9:col 1
-    * jump *label161 lessThan :drawItemColor.9:col :drawItem.9:columns
-    * set :drawItemColor.9:col 0
-    * op sub :drawItemColor.9:y :drawItem.9:y 15
+  792 op add :drawItemColor.9:col 0 1
+  793 jump *label161 lessThan 1 1
+  794 op sub :drawItemColor.9:y :drawTitleRow.4:y 15
   795 label *label161
   796 label *label162
   797 label *label157
 
   800 set :updateDisplay:y :drawItemColor.9:y
   801 sensor *tmp344 AÁNBJc-multiplicative-reconstructor25 @titanium
   802 set :drawItem.10:col 0
-    * set :drawItem.10:y :drawItem.9:y
+  803 set :drawItem.10:y :drawItemColor.9:y
   804 set :drawItem.10:columns 1
   805 set :drawItem.10:item @titanium
   806 set :drawItem.10:current *tmp344
   807 set :drawItem.10:target 80
-    * set :drawItemColor.10:color1 %008000FF
-    * set :drawItemColor.10:color2 %00FF00FF
   808 set :drawItemColor.10:col 0
-    * set :drawItemColor.10:y :updateDisplay:y
+  809 set :drawItemColor.10:y :drawItemColor.9:y
   810 set :drawItemColor.10:columns 1
-    * set :drawItemColor.10:item @titanium
-    * set :drawItemColor.10:current *tmp344
-    * set :drawItemColor.10:target 80
-    * op mul *tmp345 :drawItem.10:columns 176
-    * op mul *tmp346 :drawItemColor.10:columns 88
-    * op sub :drawItemColor.10:barLength 214 *tmp346
-    * op add :drawItemColor.10:textEnd 48 :drawItemColor.10:barLength
-    * op mul *tmp349 :drawItemColor.10:barLength :drawItem.10:current
-    * op div *tmp350 *tmp349 :drawItem.10:target
-    * op min :drawItemColor.10:length :drawItemColor.10:barLength *tmp350
-    * op mul *tmp352 :drawItem.10:col 176
-    * op mul *tmp353 :drawItemColor.10:col 88
-    * op add :drawItemColor.10:iconX 11 *tmp353
-    * op mul *tmp355 :drawItem.10:col 176
-    * op div *tmp356 *tmp352 2
-    * op add :drawItemColor.10:barX 22 *tmp353
-    * op mul *tmp358 :drawItem.10:col 176
-    * op div *tmp359 *tmp352 2
-    * op add :drawItemColor.10:textX :drawItemColor.10:textEnd *tmp353
+  811 op mul *tmp345 1 176
+  812 op mul *tmp346 1 88
+  813 op sub :drawItemColor.10:barLength 214 88
+  814 op add :drawItemColor.10:textEnd 48 126
+  815 op mul *tmp349 126 *tmp344
+  816 op div *tmp350 *tmp349 80
+  817 op min :drawItemColor.10:length 126 *tmp350
+  818 op mul *tmp352 0 176
+  819 op mul *tmp353 0 88
+  820 op add :drawItemColor.10:iconX 11 0
+  821 op mul *tmp355 0 176
+  822 op div *tmp356 0 2
+  823 op add :drawItemColor.10:barX 22 0
+  824 op mul *tmp358 0 176
+  825 op div *tmp359 0 2
+  826 op add :drawItemColor.10:textX 174 0
   827 draw col %[white]
-    * op add *tmp361 :drawItem.10:y 5
-    * draw image :drawItemColor.10:iconX *tmp361 :drawItem.10:item 14 0
+  828 op add *tmp361 :drawItem.9:y 5
+  829 draw image 11 *tmp361 @titanium 14 0
   830 draw col %008000FF
-    * draw rect :drawItemColor.10:barX :drawItem.10:y :drawItemColor.10:length 10
+  831 draw rect 22 :drawItem.9:y :drawItemColor.10:length 10
   832 draw col %00FF00FF
-    * draw lineRect :drawItemColor.10:barX :drawItem.10:y :drawItemColor.10:barLength 10
-    * op add *tmp362 :drawItem.10:y 5
-    * op add *tmp363 *tmp361 2
-    * set :drawBold.10:x :drawItemColor.10:textX
+  833 draw lineRect 22 :drawItem.9:y 126 10
+  834 op add *tmp362 :drawItem.9:y 5
+  835 op add *tmp363 :drawItem.10:y 7
+  836 set :drawBold.10:x 174
   837 set :drawBold.10:y *tmp363
   838 set :drawBold.10:alignment @right
-    * set :drawText.30:x :drawItemColor.10:textX
-    * set :drawText.30:y *tmp363
-    * set :drawText.30:alignment @right
+  839 set :drawText.30:x 174
   840 print 80
-    * draw print :drawBold.10:x :drawBold.10:y :drawBold.10:alignment
+  841 draw print :drawItemColor.10:textX *tmp363 @right
   842 label *label166
-    * op add :drawText.31:x :drawItemColor.10:textX 1
-    * set :drawText.31:y *tmp363
-    * set :drawText.31:alignment @right
+  843 op add :drawText.31:x 174 1
   844 print 80
-    * draw print :drawText.31:x :drawBold.10:y :drawBold.10:alignment
+  845 draw print 175 *tmp363 @right
   846 label *label167
   847 label *label165
-    * op add :drawItemColor.10:col :drawItem.10:col 1
-    * jump *label168 lessThan :drawItemColor.10:col :drawItem.10:columns
-    * set :drawItemColor.10:col 0
-    * op sub :drawItemColor.10:y :drawItem.10:y 15
+  848 op add :drawItemColor.10:col 0 1
+  849 jump *label168 lessThan 1 1
+  850 op sub :drawItemColor.10:y :drawItem.9:y 15
   851 label *label168
   852 label *label169
   853 label *label164
 
   856 set :updateDisplay:y :drawItemColor.10:y
   857 sensor *tmp367 AÁNBJc-multiplicative-reconstructor25 @silicon
   858 set :drawItem.11:col 0
-    * set :drawItem.11:y :drawItem.10:y
+  859 set :drawItem.11:y :drawItemColor.10:y
   860 set :drawItem.11:columns 1
   861 set :drawItem.11:item @silicon
   862 set :drawItem.11:current *tmp367
   863 set :drawItem.11:target 130
-    * set :drawItemColor.11:color1 %008000FF
-    * set :drawItemColor.11:color2 %00FF00FF
   864 set :drawItemColor.11:col 0
-    * set :drawItemColor.11:y :updateDisplay:y
+  865 set :drawItemColor.11:y :drawItemColor.10:y
   866 set :drawItemColor.11:columns 1
-    * set :drawItemColor.11:item @silicon
-    * set :drawItemColor.11:current *tmp367
-    * set :drawItemColor.11:target 130
-    * op mul *tmp368 :drawItem.11:columns 176
-    * op mul *tmp369 :drawItemColor.11:columns 88
-    * op sub :drawItemColor.11:barLength 214 *tmp369
-    * op add :drawItemColor.11:textEnd 48 :drawItemColor.11:barLength
-    * op mul *tmp372 :drawItemColor.11:barLength :drawItem.11:current
-    * op div *tmp373 *tmp372 :drawItem.11:target
-    * op min :drawItemColor.11:length :drawItemColor.11:barLength *tmp373
-    * op mul *tmp375 :drawItem.11:col 176
-    * op mul *tmp376 :drawItemColor.11:col 88
-    * op add :drawItemColor.11:iconX 11 *tmp376
-    * op mul *tmp378 :drawItem.11:col 176
-    * op div *tmp379 *tmp375 2
-    * op add :drawItemColor.11:barX 22 *tmp376
-    * op mul *tmp381 :drawItem.11:col 176
-    * op div *tmp382 *tmp375 2
-    * op add :drawItemColor.11:textX :drawItemColor.11:textEnd *tmp376
+  867 op mul *tmp368 1 176
+  868 op mul *tmp369 1 88
+  869 op sub :drawItemColor.11:barLength 214 88
+  870 op add :drawItemColor.11:textEnd 48 126
+  871 op mul *tmp372 126 *tmp367
+  872 op div *tmp373 *tmp372 130
+  873 op min :drawItemColor.11:length 126 *tmp373
+  874 op mul *tmp375 0 176
+  875 op mul *tmp376 0 88
+  876 op add :drawItemColor.11:iconX 11 0
+  877 op mul *tmp378 0 176
+  878 op div *tmp379 0 2
+  879 op add :drawItemColor.11:barX 22 0
+  880 op mul *tmp381 0 176
+  881 op div *tmp382 0 2
+  882 op add :drawItemColor.11:textX 174 0
   883 draw col %[white]
-    * op add *tmp384 :drawItem.11:y 5
-    * draw image :drawItemColor.11:iconX *tmp384 :drawItem.11:item 14 0
+  884 op add *tmp384 :drawItem.10:y 5
+  885 draw image 11 *tmp384 @silicon 14 0
   886 draw col %008000FF
-    * draw rect :drawItemColor.11:barX :drawItem.11:y :drawItemColor.11:length 10
+  887 draw rect 22 :drawItem.10:y :drawItemColor.11:length 10
   888 draw col %00FF00FF
-    * draw lineRect :drawItemColor.11:barX :drawItem.11:y :drawItemColor.11:barLength 10
-    * op add *tmp385 :drawItem.11:y 5
-    * op add *tmp386 *tmp384 2
-    * set :drawBold.11:x :drawItemColor.11:textX
+  889 draw lineRect 22 :drawItem.10:y 126 10
+  890 op add *tmp385 :drawItem.10:y 5
+  891 op add *tmp386 :drawItem.11:y 7
+  892 set :drawBold.11:x 174
   893 set :drawBold.11:y *tmp386
   894 set :drawBold.11:alignment @right
-    * set :drawText.32:x :drawItemColor.11:textX
-    * set :drawText.32:y *tmp386
-    * set :drawText.32:alignment @right
+  895 set :drawText.32:x 174
   896 print 130
-    * draw print :drawBold.11:x :drawBold.11:y :drawBold.11:alignment
+  897 draw print :drawItemColor.11:textX *tmp386 @right
   898 label *label173
-    * op add :drawText.33:x :drawItemColor.11:textX 1
-    * set :drawText.33:y *tmp386
-    * set :drawText.33:alignment @right
+  899 op add :drawText.33:x 174 1
   900 print 130
-    * draw print :drawText.33:x :drawBold.11:y :drawBold.11:alignment
+  901 draw print 175 *tmp386 @right
   902 label *label174
   903 label *label172
-    * op add :drawItemColor.11:col :drawItem.11:col 1
-    * jump *label175 lessThan :drawItemColor.11:col :drawItem.11:columns
-    * set :drawItemColor.11:col 0
-    * op sub :drawItemColor.11:y :drawItem.11:y 15
+  904 op add :drawItemColor.11:col 0 1
+  905 jump *label175 lessThan 1 1
+  906 op sub :drawItemColor.11:y :drawItem.10:y 15
   907 label *label175
   908 label *label176
   909 label *label171
-    * set :drawItem.11:y :drawItemColor.11:y
   910 label *label170
   911 set :updateDisplay:y :drawItemColor.11:y
   912 jump *label155 always
 
   919 set :drawItem.12:item @mega
   920 set :drawItem.12:current :drawMultiReco:progress
   921 set :drawItem.12:target 1
-    * set :drawItemColor.12:color1 %008000FF
-    * set :drawItemColor.12:color2 %00FF00FF
   922 set :drawItemColor.12:col 0
-    * set :drawItemColor.12:y :updateDisplay:y
+  923 set :drawItemColor.12:y :drawTitleRow.4:y
   924 set :drawItemColor.12:columns 1
-    * set :drawItemColor.12:item @mega
-    * set :drawItemColor.12:current :drawMultiReco:progress
-    * set :drawItemColor.12:target 1
-    * op mul *tmp392 :drawItem.12:columns 176
-    * op mul *tmp393 :drawItemColor.12:columns 88
-    * op sub :drawItemColor.12:barLength 214 *tmp393
-    * op add :drawItemColor.12:textEnd 48 :drawItemColor.12:barLength
-    * op mul *tmp396 :drawItemColor.12:barLength :drawItem.12:current
-    * op div *tmp397 *tmp396 :drawItem.12:target
-    * op min :drawItemColor.12:length :drawItemColor.12:barLength *tmp397
-    * op mul *tmp399 :drawItem.12:col 176
-    * op mul *tmp400 :drawItemColor.12:col 88
-    * op add :drawItemColor.12:iconX 11 *tmp400
-    * op mul *tmp402 :drawItem.12:col 176
-    * op div *tmp403 *tmp399 2
-    * op add :drawItemColor.12:barX 22 *tmp400
-    * op mul *tmp405 :drawItem.12:col 176
-    * op div *tmp406 *tmp399 2
-    * op add :drawItemColor.12:textX :drawItemColor.12:textEnd *tmp400
+  925 op mul *tmp392 1 176
+  926 op mul *tmp393 1 88
+  927 op sub :drawItemColor.12:barLength 214 88
+  928 op add :drawItemColor.12:textEnd 48 126
+  929 op mul *tmp396 126 :drawMultiReco:progress
+  930 op div *tmp397 *tmp396 1
+  931 op min :drawItemColor.12:length 126 *tmp397
+  932 op mul *tmp399 0 176
+  933 op mul *tmp400 0 88
+  934 op add :drawItemColor.12:iconX 11 0
+  935 op mul *tmp402 0 176
+  936 op div *tmp403 0 2
+  937 op add :drawItemColor.12:barX 22 0
+  938 op mul *tmp405 0 176
+  939 op div *tmp406 0 2
+  940 op add :drawItemColor.12:textX 174 0
   941 draw col %[white]
-    * op add *tmp408 :drawItem.12:y 5
-    * draw image :drawItemColor.12:iconX *tmp408 :drawItem.12:item 14 0
+  942 op add *tmp408 :drawTitleRow.4:y 5
+  943 draw image 11 *tmp408 @mega 14 0
   944 draw col %008000FF
-    * draw rect :drawItemColor.12:barX :drawItem.12:y :drawItemColor.12:length 10
+  945 draw rect 22 :drawTitleRow.4:y :drawItemColor.12:length 10
   946 draw col %00FF00FF
-    * draw lineRect :drawItemColor.12:barX :drawItem.12:y :drawItemColor.12:barLength 10
-    * op add *tmp409 :drawItem.12:y 5
-    * op add *tmp410 *tmp408 2
-    * set :drawBold.12:x :drawItemColor.12:textX
+  947 draw lineRect 22 :drawTitleRow.4:y 126 10
+  948 op add *tmp409 :drawTitleRow.4:y 5
+  949 op add *tmp410 :drawItem.12:y 7
+  950 set :drawBold.12:x 174
   951 set :drawBold.12:y *tmp410
   952 set :drawBold.12:alignment @right
-    * set :drawText.34:x :drawItemColor.12:textX
-    * set :drawText.34:y *tmp410
-    * set :drawText.34:alignment @right
+  953 set :drawText.34:x 174
   954 print *tmp391
   955 print "%"
-    * draw print :drawBold.12:x :drawBold.12:y :drawBold.12:alignment
+  956 draw print :drawItemColor.12:textX *tmp410 @right
   957 label *label180
-    * op add :drawText.35:x :drawItemColor.12:textX 1
-    * set :drawText.35:y *tmp410
-    * set :drawText.35:alignment @right
+  958 op add :drawText.35:x 174 1
   959 print *tmp391
   960 print "%"
-    * draw print :drawText.35:x :drawBold.12:y :drawBold.12:alignment
+  961 draw print 175 *tmp410 @right
   962 label *label181
   963 label *label179
-    * op add :drawItemColor.12:col :drawItem.12:col 1
-    * jump *label182 lessThan :drawItemColor.12:col :drawItem.12:columns
-    * set :drawItemColor.12:col 0
-    * op sub :drawItemColor.12:y :drawItem.12:y 15
+  964 op add :drawItemColor.12:col 0 1
+  965 jump *label182 lessThan 1 1
+  966 op sub :drawItemColor.12:y :drawTitleRow.4:y 15
   967 label *label182
   968 label *label183
   969 label *label178
   970 set :drawItem.12:y :drawItemColor.12:y
   971 label *label177
-    * set :updateDisplay:y :drawItemColor.12:y
-    * op sub :updateDisplay:y :drawItem.12:y 30
+  972 op sub :updateDisplay:y :drawItemColor.12:y 30
   973 label *label155
   974 op sub :updateDisplay:y :updateDisplay:y 5
   975 label *label148
 
   981 draw col %[white]
   982 set :drawTitleRow.5:y :updateDisplay:y
   983 set :drawTitleRow.5:alignment @bottomLeft
-    * set :drawText.36:x 22
-    * set :drawText.36:y :updateDisplay:y
-    * set :drawText.36:alignment @bottomLeft
   984 print "Builder"
-    * draw print 22 :drawTitleRow.5:y :drawTitleRow.5:alignment
+  985 draw print 22 :updateDisplay:y @bottomLeft
   986 label *label188
-    * set :drawText.37:x 23
-    * set :drawText.37:y :updateDisplay:y
-    * set :drawText.37:alignment @bottomLeft
   987 print "Builder"
-    * draw print 23 :drawTitleRow.5:y :drawTitleRow.5:alignment
+  988 draw print 23 :updateDisplay:y @bottomLeft
   989 label *label189
   990 op sub :drawTitleRow.5:y :updateDisplay:y 15
   991 label *label187
 
   995 set :drawUnit:items 0
   996 set :drawUnit:y :drawTitleRow.5:y
   997 set :drawItem.13:col 0
-    * set :drawItem.13:y :updateDisplay:y
+  998 set :drawItem.13:y :drawTitleRow.5:y
   999 set :drawItem.13:columns 1
  1000 set :drawItem.13:item @poly
  1001 set :drawItem.13:current 0
  1002 set :drawItem.13:target .transportTarget
-    * set :drawItemColor.13:color1 %008000FF
-    * set :drawItemColor.13:color2 %00FF00FF
  1003 set :drawItemColor.13:col 0
-    * set :drawItemColor.13:y :drawUnit:y
+ 1004 set :drawItemColor.13:y :drawTitleRow.5:y
  1005 set :drawItemColor.13:columns 1
-    * set :drawItemColor.13:item :drawUnit:item
-    * set :drawItemColor.13:current :drawUnit:items
-    * set :drawItemColor.13:target :drawItem.13:target
-    * op mul *tmp418 :drawItem.13:columns 176
-    * op mul *tmp419 :drawItemColor.13:columns 88
-    * op sub :drawItemColor.13:barLength 214 *tmp419
-    * op add :drawItemColor.13:textEnd 48 :drawItemColor.13:barLength
-    * op mul *tmp422 :drawItemColor.13:barLength :drawItem.13:current
-    * op div *tmp423 *tmp422 :drawItem.13:target
-    * op min :drawItemColor.13:length :drawItemColor.13:barLength *tmp423
-    * op mul *tmp425 :drawItem.13:col 176
-    * op mul *tmp426 :drawItemColor.13:col 88
-    * op add :drawItemColor.13:iconX 11 *tmp426
-    * op mul *tmp428 :drawItem.13:col 176
-    * op div *tmp429 *tmp425 2
-    * op add :drawItemColor.13:barX 22 *tmp426
-    * op mul *tmp431 :drawItem.13:col 176
-    * op div *tmp432 *tmp425 2
-    * op add :drawItemColor.13:textX :drawItemColor.13:textEnd *tmp426
+ 1006 set :drawItemColor.13:item @poly
+ 1007 set :drawItemColor.13:current 0
+ 1008 op mul *tmp418 1 176
+ 1009 op mul *tmp419 1 88
+ 1010 op sub :drawItemColor.13:barLength 214 88
+ 1011 op add :drawItemColor.13:textEnd 48 126
+ 1012 op mul *tmp422 126 0
+ 1013 op div *tmp423 0 :drawItem.13:target
+ 1014 op min :drawItemColor.13:length 126 *tmp423
+ 1015 op mul *tmp425 0 176
+ 1016 op mul *tmp426 0 88
+ 1017 op add :drawItemColor.13:iconX 11 0
+ 1018 op mul *tmp428 0 176
+ 1019 op div *tmp429 0 2
+ 1020 op add :drawItemColor.13:barX 22 0
+ 1021 op mul *tmp431 0 176
+ 1022 op div *tmp432 0 2
+ 1023 op add :drawItemColor.13:textX 174 0
  1024 draw col %[white]
-    * op add *tmp434 :drawItem.13:y 5
-    * draw image :drawItemColor.13:iconX *tmp434 :drawItem.13:item 14 0
+ 1025 op add *tmp434 :updateDisplay:y 5
+ 1026 draw image 11 *tmp434 @poly 14 0
  1027 draw col %008000FF
-    * draw rect :drawItemColor.13:barX :drawItem.13:y :drawItemColor.13:length 10
+ 1028 draw rect 22 :updateDisplay:y :drawItemColor.13:length 10
  1029 draw col %00FF00FF
-    * draw lineRect :drawItemColor.13:barX :drawItem.13:y :drawItemColor.13:barLength 10
-    * op add *tmp435 :drawItem.13:y 5
-    * op add *tmp436 *tmp434 2
-    * set :drawBold.13:x :drawItemColor.13:textX
+ 1030 draw lineRect 22 :updateDisplay:y 126 10
+ 1031 op add *tmp435 :updateDisplay:y 5
+ 1032 op add *tmp436 :drawItem.13:y 7
+ 1033 set :drawBold.13:x 174
  1034 set :drawBold.13:y *tmp436
  1035 set :drawBold.13:alignment @right
-    * set :drawText.38:x :drawItemColor.13:textX
-    * set :drawText.38:y *tmp436
-    * set :drawText.38:alignment @right
+ 1036 set :drawText.38:x 174
  1037 print .transportTarget
-    * draw print :drawBold.13:x :drawBold.13:y :drawBold.13:alignment
+ 1038 draw print :drawItemColor.13:textX *tmp436 @right
  1039 label *label196
-    * op add :drawText.39:x :drawItemColor.13:textX 1
-    * set :drawText.39:y *tmp436
-    * set :drawText.39:alignment @right
+ 1040 op add :drawText.39:x 174 1
  1041 print .transportTarget
-    * draw print :drawText.39:x :drawBold.13:y :drawBold.13:alignment
+ 1042 draw print 175 *tmp436 @right
  1043 label *label197
  1044 label *label195
-    * op add :drawItemColor.13:col :drawItem.13:col 1
-    * jump *label198 lessThan :drawItemColor.13:col :drawItem.13:columns
-    * set :drawItemColor.13:col 0
-    * op sub :drawItemColor.13:y :drawItem.13:y 15
+ 1045 op add :drawItemColor.13:col 0 1
+ 1046 jump *label198 lessThan 1 1
+ 1047 op sub :drawItemColor.13:y :updateDisplay:y 15
  1048 label *label198
  1049 label *label199
  1050 label *label194
  1051 set :drawItem.13:y :drawItemColor.13:y
  1052 label *label193
-    * set :drawUnit:y :drawItemColor.13:y
  1053 label *label192
-    * set :updateDisplay:y :drawItem.13:y
+ 1054 set :updateDisplay:y :drawItemColor.13:y
  1055 jump *label191 always
  1056 label *label190
  1057 sensor :drawBuilder:unitItem @unit @firstItem
 
  1062 set :drawUnit.1:items *tmp445
  1063 set :drawUnit.1:y :drawTitleRow.5:y
  1064 set :drawItem.14:col 0
-    * set :drawItem.14:y :updateDisplay:y
+ 1065 set :drawItem.14:y :drawTitleRow.5:y
  1066 set :drawItem.14:columns 1
  1067 set :drawItem.14:item :drawUnit.1:item
  1068 set :drawItem.14:current *tmp445
  1069 set :drawItem.14:target .transportTarget
-    * set :drawItemColor.14:color1 %008000FF
-    * set :drawItemColor.14:color2 %00FF00FF
  1070 set :drawItemColor.14:col 0
-    * set :drawItemColor.14:y :drawUnit.1:y
+ 1071 set :drawItemColor.14:y :drawTitleRow.5:y
  1072 set :drawItemColor.14:columns 1
-    * set :drawItemColor.14:item :drawUnit.1:item
-    * set :drawItemColor.14:current :drawUnit.1:items
-    * set :drawItemColor.14:target :drawItem.14:target
-    * op mul *tmp446 :drawItem.14:columns 176
-    * op mul *tmp447 :drawItemColor.14:columns 88
-    * op sub :drawItemColor.14:barLength 214 *tmp447
-    * op add :drawItemColor.14:textEnd 48 :drawItemColor.14:barLength
-    * op mul *tmp450 :drawItemColor.14:barLength :drawItem.14:current
+ 1073 set :drawItemColor.14:current *tmp445
+ 1074 op mul *tmp446 1 176
+ 1075 op mul *tmp447 1 88
+ 1076 op sub :drawItemColor.14:barLength 214 88
+ 1077 op add :drawItemColor.14:textEnd 48 126
+ 1078 op mul *tmp450 126 *tmp445
  1079 op div *tmp451 *tmp450 :drawItem.14:target
-    * op min :drawItemColor.14:length :drawItemColor.14:barLength *tmp451
-    * op mul *tmp453 :drawItem.14:col 176
-    * op mul *tmp454 :drawItemColor.14:col 88
-    * op add :drawItemColor.14:iconX 11 *tmp454
-    * op mul *tmp456 :drawItem.14:col 176
-    * op div *tmp457 *tmp453 2
-    * op add :drawItemColor.14:barX 22 *tmp454
-    * op mul *tmp459 :drawItem.14:col 176
-    * op div *tmp460 *tmp453 2
-    * op add :drawItemColor.14:textX :drawItemColor.14:textEnd *tmp454
+ 1080 op min :drawItemColor.14:length 126 *tmp451
+ 1081 op mul *tmp453 0 176
+ 1082 op mul *tmp454 0 88
+ 1083 op add :drawItemColor.14:iconX 11 0
+ 1084 op mul *tmp456 0 176
+ 1085 op div *tmp457 0 2
+ 1086 op add :drawItemColor.14:barX 22 0
+ 1087 op mul *tmp459 0 176
+ 1088 op div *tmp460 0 2
+ 1089 op add :drawItemColor.14:textX 174 0
  1090 draw col %[white]
-    * op add *tmp462 :drawItem.14:y 5
-    * draw image :drawItemColor.14:iconX *tmp462 :drawItem.14:item 14 0
+ 1091 op add *tmp462 :updateDisplay:y 5
+ 1092 draw image 11 *tmp462 :drawUnit.1:item 14 0
  1093 draw col %008000FF
-    * draw rect :drawItemColor.14:barX :drawItem.14:y :drawItemColor.14:length 10
+ 1094 draw rect 22 :updateDisplay:y :drawItemColor.14:length 10
  1095 draw col %00FF00FF
-    * draw lineRect :drawItemColor.14:barX :drawItem.14:y :drawItemColor.14:barLength 10
-    * op add *tmp463 :drawItem.14:y 5
-    * op add *tmp464 *tmp462 2
-    * set :drawBold.14:x :drawItemColor.14:textX
+ 1096 draw lineRect 22 :updateDisplay:y 126 10
+ 1097 op add *tmp463 :updateDisplay:y 5
+ 1098 op add *tmp464 :drawItem.14:y 7
+ 1099 set :drawBold.14:x 174
  1100 set :drawBold.14:y *tmp464
  1101 set :drawBold.14:alignment @right
-    * set :drawText.40:x :drawItemColor.14:textX
-    * set :drawText.40:y *tmp464
-    * set :drawText.40:alignment @right
+ 1102 set :drawText.40:x 174
  1103 print .transportTarget
-    * draw print :drawBold.14:x :drawBold.14:y :drawBold.14:alignment
+ 1104 draw print :drawItemColor.14:textX *tmp464 @right
  1105 label *label204
-    * op add :drawText.41:x :drawItemColor.14:textX 1
-    * set :drawText.41:y *tmp464
-    * set :drawText.41:alignment @right
+ 1106 op add :drawText.41:x 174 1
  1107 print .transportTarget
-    * draw print :drawText.41:x :drawBold.14:y :drawBold.14:alignment
+ 1108 draw print 175 *tmp464 @right
  1109 label *label205
  1110 label *label203
-    * op add :drawItemColor.14:col :drawItem.14:col 1
-    * jump *label206 lessThan :drawItemColor.14:col :drawItem.14:columns
-    * set :drawItemColor.14:col 0
-    * op sub :drawItemColor.14:y :drawItem.14:y 15
+ 1111 op add :drawItemColor.14:col 0 1
+ 1112 jump *label206 lessThan 1 1
+ 1113 op sub :drawItemColor.14:y :updateDisplay:y 15
  1114 label *label206
  1115 label *label207
  1116 label *label202
  1117 set :drawItem.14:y :drawItemColor.14:y
  1118 label *label201
-    * set :drawUnit.1:y :drawItemColor.14:y
  1119 label *label200
-    * set :updateDisplay:y :drawItem.14:y
+ 1120 set :updateDisplay:y :drawItemColor.14:y
  1121 label *label191
  1122 label *label184
  1123 jump *label209 notEqual AJTJK-battery1 null
 
  1144 label *label216
  1145 set :drawTitleRow.6:y *tmp472
  1146 set :drawTitleRow.6:alignment @bottomLeft
-    * set :drawText.42:x 22
-    * set :drawText.42:y :drawPower:pos
-    * set :drawText.42:alignment @bottomLeft
+ 1147 set :drawText.42:y *tmp472
  1148 print *tmp475
-    * draw print 22 :drawTitleRow.6:y :drawTitleRow.6:alignment
+ 1149 draw print 22 *tmp472 @bottomLeft
  1150 label *label218
-    * set :drawText.43:x 23
-    * set :drawText.43:y :drawPower:pos
-    * set :drawText.43:alignment @bottomLeft
+ 1151 set :drawText.43:y *tmp472
  1152 print *tmp475
-    * draw print 23 :drawTitleRow.6:y :drawTitleRow.6:alignment
+ 1153 draw print 23 *tmp472 @bottomLeft
  1154 label *label219
-    * op sub :drawTitleRow.6:y :drawPower:pos 15
+ 1155 op sub :drawTitleRow.6:y *tmp472 15
  1156 label *label217
  1157 set :drawPower:pos :drawTitleRow.6:y
  1158 sensor :drawPower:power AJTJK-battery1 @totalPower
-    * op mul *tmp477 :drawPower:power 100
  1159 op div *tmp478 :drawPower:power 40
  1160 op floor *tmp479 *tmp478
-    * set :drawItemColor.15:color1 %808000FF
-    * set :drawItemColor.15:color2 %FFFF00FF
-    * set :drawItemColor.15:col 0
-    * set :drawItemColor.15:y :drawTitleRow.6:y
-    * set :drawItemColor.15:columns 1
-    * set :drawItemColor.15:item @battery
-    * set :drawItemColor.15:current :drawPower:power
-    * set :drawItemColor.15:target 4000
-    * op mul *tmp480 1 176
-    * op div *tmp481 176 2
-    * op sub :drawItemColor.15:barLength 214 88
-    * op add :drawItemColor.15:textEnd 48 126
  1161 op mul *tmp484 126 :drawPower:power
-    * op div *tmp485 *tmp484 4000
+ 1162 op mul *tmp485 :drawPower:power 0.0315
  1163 op min :drawItemColor.15:length 126 *tmp485
-    * op mul *tmp487 0 176
-    * op div *tmp488 0 2
-    * op add :drawItemColor.15:iconX 11 0
-    * op mul *tmp490 0 176
-    * op div *tmp491 0 2
-    * op add :drawItemColor.15:barX 22 0
-    * op mul *tmp493 0 176
-    * op div *tmp494 0 2
  1164 op add :drawItemColor.15:textX 174 0
  1165 draw col %[white]
-    * op add *tmp496 :drawPower:pos 5
+ 1166 op add *tmp496 :drawTitleRow.6:y 5
  1167 draw image 11 *tmp496 @battery 14 0
  1168 draw col %808000FF
-    * draw rect 22 :drawPower:pos :drawItemColor.15:length 10
+ 1169 draw rect 22 :drawTitleRow.6:y :drawItemColor.15:length 10
  1170 draw col %FFFF00FF
-    * draw lineRect 22 :drawPower:pos 126 10
-    * op add *tmp497 :drawPower:pos 5
-    * op add *tmp498 *tmp496 2
+ 1171 draw lineRect 22 :drawTitleRow.6:y 126 10
+ 1172 op add *tmp497 :drawTitleRow.6:y 5
+ 1173 op add *tmp498 :drawPower:pos 7
  1174 set :drawBold.15:x 174
  1175 set :drawBold.15:y *tmp498
  1176 set :drawBold.15:alignment @right
-    * set :drawText.44:x :drawItemColor.15:textX
-    * set :drawText.44:y *tmp498
-    * set :drawText.44:alignment @right
+ 1177 set :drawText.44:x 174
  1178 print *tmp479
  1179 print "%"
-    * draw print :drawBold.15:x :drawBold.15:y :drawBold.15:alignment
+ 1180 draw print 174 *tmp498 @right
  1181 label *label222
-    * op add :drawText.45:x :drawItemColor.15:textX 1
-    * set :drawText.45:y *tmp498
-    * set :drawText.45:alignment @right
+ 1182 op add :drawText.45:x 174 1
  1183 print *tmp479
  1184 print "%"
-    * draw print :drawText.45:x :drawBold.15:y :drawBold.15:alignment
+ 1185 draw print 175 *tmp498 @right
  1186 label *label223
  1187 label *label221
-    * op add :drawItemColor.15:col 0 1
  1188 jump *label224 lessThan 1 1
-    * op sub :drawItemColor.15:y :drawPower:pos 15
+ 1189 op sub :drawItemColor.15:y :drawTitleRow.6:y 15
  1190 label *label224
  1191 label *label225
  1192 label *label220
  1193 set :drawPower:pos :drawItemColor.15:y
  1194 jump *label226 equal AÜAOJ[-liquid-container17 false
  1195 sensor :drawPower:water AÜAOJ[-liquid-container17 @totalLiquids
-    * op mul *tmp504 :drawPower:water 100
  1196 op div *tmp505 :drawPower:water 7
  1197 op floor *tmp506 *tmp505
-    * set :drawItemColor.16:color1 %5A5AAAFF
-    * set :drawItemColor.16:color2 %AFAFFFFF
-    * set :drawItemColor.16:col 0
-    * set :drawItemColor.16:y :drawItemColor.15:y
-    * set :drawItemColor.16:columns 1
-    * set :drawItemColor.16:item @liquid-container
-    * set :drawItemColor.16:current :drawPower:water
-    * set :drawItemColor.16:target 700
-    * op mul *tmp507 1 176
-    * op div *tmp508 176 2
-    * op sub :drawItemColor.16:barLength 214 88
-    * op add :drawItemColor.16:textEnd 48 126
  1198 op mul *tmp511 126 :drawPower:water
-    * op div *tmp512 *tmp511 700
+ 1199 op mul *tmp512 :drawPower:water 0.18
  1200 op min :drawItemColor.16:length 126 *tmp512
-    * op mul *tmp514 0 176
-    * op div *tmp515 0 2
-    * op add :drawItemColor.16:iconX 11 0
-    * op mul *tmp517 0 176
-    * op div *tmp518 0 2
-    * op add :drawItemColor.16:barX 22 0
-    * op mul *tmp520 0 176
-    * op div *tmp521 0 2
  1201 op add :drawItemColor.16:textX 174 0
  1202 draw col %[white]
-    * op add *tmp523 :drawPower:pos 5
+ 1203 op add *tmp523 :drawItemColor.15:y 5
  1204 draw image 11 *tmp523 @liquid-container 14 0
  1205 draw col %5A5AAAFF
-    * draw rect 22 :drawPower:pos :drawItemColor.16:length 10
+ 1206 draw rect 22 :drawItemColor.15:y :drawItemColor.16:length 10
  1207 draw col %AFAFFFFF
-    * draw lineRect 22 :drawPower:pos 126 10
-    * op add *tmp524 :drawPower:pos 5
-    * op add *tmp525 *tmp523 2
+ 1208 draw lineRect 22 :drawItemColor.15:y 126 10
+ 1209 op add *tmp524 :drawItemColor.15:y 5
+ 1210 op add *tmp525 :drawPower:pos 7
  1211 set :drawBold.16:x 174
  1212 set :drawBold.16:y *tmp525
  1213 set :drawBold.16:alignment @right
-    * set :drawText.46:x :drawItemColor.16:textX
-    * set :drawText.46:y *tmp525
-    * set :drawText.46:alignment @right
+ 1214 set :drawText.46:x 174
  1215 print *tmp506
  1216 print "%"
-    * draw print :drawBold.16:x :drawBold.16:y :drawBold.16:alignment
+ 1217 draw print 174 *tmp525 @right
  1218 label *label230
-    * op add :drawText.47:x :drawItemColor.16:textX 1
-    * set :drawText.47:y *tmp525
-    * set :drawText.47:alignment @right
+ 1219 op add :drawText.47:x 174 1
  1220 print *tmp506
  1221 print "%"
-    * draw print :drawText.47:x :drawBold.16:y :drawBold.16:alignment
+ 1222 draw print 175 *tmp525 @right
  1223 label *label231
  1224 label *label229
-    * op add :drawItemColor.16:col 0 1
  1225 jump *label232 lessThan 1 1
-    * op sub :drawItemColor.16:y :drawPower:pos 15
+ 1226 op sub :drawItemColor.16:y :drawItemColor.15:y 15
  1227 label *label232
  1228 label *label233
  1229 label *label228
 
  1237 label *label21
  1238 jump *label234 notEqual .page 1
  1239 read :displayStorage:tail bank2 510
-    * set :displayStorage:START 190
  1240 jump *label237 equal .pageSwitched false
  1241 read .lastTail bank2 511
  1242 draw col %[gold]
  1243 set :drawBold.17:x 11
  1244 set :drawBold.17:y 206
  1245 set :drawBold.17:alignment @left
-    * set :drawText.48:x 11
-    * set :drawText.48:y 206
-    * set :drawText.48:alignment @left
  1246 print "Resources"
-    * draw print :drawBold.17:x :drawBold.17:y :drawBold.17:alignment
+ 1247 draw print 11 206 @left
  1248 label *label240
-    * op add :drawText.49:x 11 1
-    * set :drawText.49:y 206
-    * set :drawText.49:alignment @left
  1249 print "Resources"
-    * draw print 12 :drawBold.17:y :drawBold.17:alignment
+ 1250 draw print 12 206 @left
  1251 label *label241
  1252 label *label239
  1253 draw col %[white]
 
  1335 call *label7 *invalid :drawHeader*retval (m:*label265) (h:*label265)
  1336 label *label265
  1337 set :displayBaseMap:limit 0
-    * set :setBaseMapScale:size 220
  1338 draw reset
  1339 draw translate 90 105
-    * op div *tmp553 220 15
-    * op div *tmp554 14.666666666666666 2
-    * op div *tmp555 220 15
-    * op div *tmp556 14.666666666666666 2
  1340 draw scale 7.333333333333333 7.333333333333333
  1341 label *label266
  1342 jump *label267 equal .pageSwitched false
 
  1346 set :drawBold.18:x 90
  1347 set :drawBold.18:y 206
  1348 set :drawBold.18:alignment @center
-    * set :drawText.50:x 90
-    * set :drawText.50:y 206
-    * set :drawText.50:alignment @center
  1349 print "Base map"
-    * draw print :drawBold.18:x :drawBold.18:y :drawBold.18:alignment
+ 1350 draw print 90 206 @center
  1351 label *label270
-    * op add :drawText.51:x 90 1
-    * set :drawText.51:y 206
-    * set :drawText.51:alignment @center
  1352 print "Base map"
-    * draw print 91 :drawBold.18:y :drawBold.18:alignment
+ 1353 draw print 91 206 @center
  1354 label *label271
  1355 label *label269
-    * set :setBaseMapScale.1:size 220
  1356 draw reset
  1357 draw translate 90 105
-    * op div *tmp559 220 15
-    * op div *tmp560 14.666666666666666 2
-    * op div *tmp561 220 15
-    * op div *tmp562 14.666666666666666 2
  1358 draw scale 7.333333333333333 7.333333333333333
  1359 label *label272
  1360 draw col %[white]
 
  1379 setaddr :drawHeader*retaddr *label282 (h:*label282)
  1380 call *label7 *invalid :drawHeader*retval (m:*label282) (h:*label282)
  1381 label *label282
-    * set :setBaseMapScale.2:size 220
  1382 draw reset
  1383 draw translate 90 105
-    * op div *tmp572 220 15
-    * op div *tmp573 14.666666666666666 2
-    * op div *tmp574 220 15
-    * op div *tmp575 14.666666666666666 2
  1384 draw scale 7.333333333333333 7.333333333333333
  1385 label *label283
  1386 set :displayBaseMap:counter 0
 
  1416 label *label262
  1417 op sub :displayLog:page .page 3
  1418 read :displayLog:logPosition bank1 511
-    * op sub :displayLog:records 511 :displayLog:logPosition
  1419 op sub *tmp586 510 :displayLog:logPosition
  1420 op idiv *tmp587 *tmp586 39
  1421 op add *tmp588 *tmp587 1
 
  1430 set :drawBold.19:x 4
  1431 set :drawBold.19:y 206
  1432 set :drawBold.19:alignment @left
-    * set :drawText.52:x 4
-    * set :drawText.52:y 206
-    * set :drawText.52:alignment @left
  1433 print "Build records"
-    * draw print :drawBold.19:x :drawBold.19:y :drawBold.19:alignment
+ 1434 draw print 4 206 @left
  1435 label *label294
-    * op add :drawText.53:x 4 1
-    * set :drawText.53:y 206
-    * set :drawText.53:alignment @left
  1436 print "Build records"
-    * draw print 5 :drawBold.19:y :drawBold.19:alignment
+ 1437 draw print 5 206 @left
  1438 label *label295
  1439 label *label293
  1440 op sub *tmp597 .page 2
  1441 print *tmp597
  1442 print "/"
-    * set :drawText.54:x 172
-    * set :drawText.54:y 206
-    * set :drawText.54:alignment @right
  1443 print :displayLog:pages
  1444 draw print 172 206 @right
  1445 label *label296
 
  1449 setaddr :drawHeader*retaddr *label297 (h:*label297)
  1450 call *label7 *invalid :drawHeader*retval (m:*label297) (h:*label297)
  1451 label *label297
-    * set *tmp598 :displayLog:stop
  1452 op sub :displayLog:position .lastRecord 1
  1453 label *label298
  1454 jump *label300 lessThan :displayLog:position :displayLog:stop
 
  1456 op sub *tmp602 :displayLog:start :displayLog:position
  1457 op sub *tmp603 *tmp602 1
  1458 set :displayRecord:record :displayLog:record
-    * set :displayRecord:index *tmp603
  1459 op idiv :displayRecord:col *tmp603 13
  1460 op mod :displayRecord:row *tmp603 13
  1461 op mul *tmp606 58 :displayRecord:col
 
  1470 label *label302
  1471 lookup block *tmp612 :displayRecord:id
  1472 label *label303
-    * set :displayRecord:icon *tmp612
-    * op div *tmp616 :displayLog:record 1000
-    * op div *tmp617 :displayRecord:record 120000
+ 1473 op div *tmp617 :displayLog:record 120000
  1474 op floor :displayRecord:t *tmp617
  1475 op idiv :displayRecord:m :displayRecord:t 60
  1476 op mod :displayRecord:s :displayRecord:t 60
 
  1484 print ":"
  1485 print *tmp622
  1486 draw image :displayRecord:x :displayRecord:y *tmp612 14 0
-    * op add *tmp623 :displayRecord:x 56
  1487 op add *tmp624 :displayRecord:x 44
  1488 op add *tmp625 :displayRecord:y 2
-    * set :drawText.55:x *tmp624
-    * set :drawText.55:y *tmp625
-    * set :drawText.55:alignment @right
  1489 print :displayRecord:s
  1490 draw print *tmp624 *tmp625 @right
  1491 label *label306
 
  1567 label *label317
  1568 set *tmp646 ""
  1569 label *label318
-    * set :drawHeader:zero *tmp646
  1570 set :drawBold.20:x 25
  1571 set :drawBold.20:y 71
  1572 set :drawBold.20:alignment @center
-    * set :drawText.56:x 25
-    * set :drawText.56:y 71
-    * set :drawText.56:alignment @center
  1573 print :drawHeader:m
  1574 print ":"
  1575 print *tmp646
  1576 print :drawHeader:s
-    * draw print :drawBold.20:x :drawBold.20:y :drawBold.20:alignment
+ 1577 draw print 25 71 @center
  1578 label *label320
-    * op add :drawText.57:x 25 1
-    * set :drawText.57:y 71
-    * set :drawText.57:alignment @center
  1579 print :drawHeader:m
  1580 print ":"
  1581 print *tmp646
  1582 print :drawHeader:s
-    * draw print 26 :drawBold.20:y :drawBold.20:alignment
+ 1583 draw print 26 71 @center
  1584 label *label321
  1585 label *label319
  1586 draw col %[white]
 
  1591 set :drawBold.21:x 42
  1592 set :drawBold.21:y 261
  1593 set :drawBold.21:alignment @bottom
-    * set :drawText.58:x 42
-    * set :drawText.58:y 261
-    * set :drawText.58:alignment @bottom
  1594 print "Goal"
-    * draw print :drawBold.21:x :drawBold.21:y :drawBold.21:alignment
+ 1595 draw print 42 261 @bottom
  1596 label *label323
-    * op add :drawText.59:x 42 1
-    * set :drawText.59:y 261
-    * set :drawText.59:alignment @bottom
  1597 print "Goal"
-    * draw print 43 :drawBold.21:y :drawBold.21:alignment
+ 1598 draw print 43 261 @bottom
  1599 label *label324
  1600 label *label322
  1601 draw col %[white]
 
  1691 print *tmp675
  1692 print "."
  1693 print *tmp676
-    * set :drawText.60:x 174
-    * set :drawText.60:y 272
-    * set :drawText.60:alignment @topRight
  1694 print ")"
  1695 draw print 174 272 @topRight
  1696 label *label353
 
  1699 set :drawHeader:x.1 174
  1700 op log10 *tmp680 :drawHeader:count.1
  1701 op floor :drawHeader:len *tmp680
-    * set :drawText.61:x 174
-    * set :drawText.61:y 255
-    * set :drawText.61:alignment @topRight
  1702 print "x"
  1703 print :drawHeader:count.1
-    * draw print :drawHeader:x.1 255 @topRight
+ 1704 draw print 174 255 @topRight
  1705 label *label356
-    * op sub *tmp682 174 20
  1706 op mul *tmp683 7 :drawHeader:len
  1707 op sub *tmp684 154 *tmp683
  1708 draw image *tmp684 246 @scrap 12 0
 
  1710 set :drawHeader:x.1 124
  1711 op log10 *tmp686 :drawHeader:count.1
  1712 op floor :drawHeader:len *tmp686
-    * set :drawText.62:x 124
-    * set :drawText.62:y 255
-    * set :drawText.62:alignment @topRight
  1713 print "x"
  1714 print :drawHeader:count.1
-    * draw print :drawHeader:x.1 255 @topRight
+ 1715 draw print 124 255 @topRight
  1716 label *label357
-    * op sub *tmp688 124 20
  1717 op mul *tmp689 7 :drawHeader:len
  1718 op sub *tmp690 104 *tmp689
  1719 draw image *tmp690 246 @sand 12 0
 
  1725 set :drawHeader:x.2 174
  1726 op log10 *tmp694 :drawHeader:count.2
  1727 op floor :drawHeader:len.1 *tmp694
-    * set :drawText.63:x 174
-    * set :drawText.63:y 255
-    * set :drawText.63:alignment @topRight
  1728 print "x"
  1729 print :drawHeader:count.2
-    * draw print :drawHeader:x.2 255 @topRight
+ 1730 draw print 174 255 @topRight
  1731 label *label360
-    * op sub *tmp696 174 20
  1732 op mul *tmp697 7 :drawHeader:len.1
  1733 op sub *tmp698 154 *tmp697
  1734 draw image *tmp698 246 @titanium 12 0
 
  1739 set :drawHeader:x.3 124
  1740 op log10 *tmp701 :drawHeader:count.3
  1741 op floor :drawHeader:len.2 *tmp701
-    * set :drawText.64:x 124
-    * set :drawText.64:y 255
-    * set :drawText.64:alignment @topRight
  1742 print "x"
  1743 print :drawHeader:count.3
-    * draw print :drawHeader:x.3 255 @topRight
+ 1744 draw print 124 255 @topRight
  1745 label *label363
-    * op sub *tmp703 124 20
  1746 op mul *tmp704 7 :drawHeader:len.2
  1747 op sub *tmp705 104 *tmp704
  1748 draw image *tmp705 246 @thorium 12 0
 
  1751 label *label355
  1752 set :drawHeader:x.4 174
  1753 draw col %[white]
-    * set :drawUnitCount:type @poly
  1754 set :drawUnitCount:count .polys
  1755 jump *label365 lessThanEq :drawUnitCount:count 0
-    * op sub *tmp708 174 20
  1756 draw image 154 227 @poly 12 0
-    * set :drawText.65:x 174
-    * set :drawText.65:y 229
-    * set :drawText.65:alignment @right
  1757 print "x"
  1758 print :drawUnitCount:count
-    * draw print :drawHeader:x.4 229 @right
+ 1759 draw print 174 229 @right
  1760 label *label367
  1761 op sub :drawHeader:x.4 174 30
  1762 label *label365
  1763 label *label366
  1764 label *label364
-    * set :drawUnitCount.1:type @mono
  1765 set :drawUnitCount.1:count .monos
  1766 jump *label369 lessThanEq :drawUnitCount.1:count 0
  1767 op sub *tmp711 :drawHeader:x.4 20
  1768 draw image *tmp711 227 @mono 12 0
-    * set :drawText.66:x :drawHeader:x.4
-    * set :drawText.66:y 229
-    * set :drawText.66:alignment @right
  1769 print "x"
  1770 print :drawUnitCount.1:count
  1771 draw print :drawHeader:x.4 229 @right
 
  1774 label *label369
  1775 label *label370
  1776 label *label368
-    * set :drawUnitCount.2:type @flare
  1777 set :drawUnitCount.2:count .flares
  1778 jump *label373 lessThanEq :drawUnitCount.2:count 0
  1779 op sub *tmp714 :drawHeader:x.4 20
  1780 draw image *tmp714 227 @flare 12 0
-    * set :drawText.67:x :drawHeader:x.4
-    * set :drawText.67:y 229
-    * set :drawText.67:alignment @right
  1781 print "x"
  1782 print :drawUnitCount.2:count
  1783 draw print :drawHeader:x.4 229 @right
 
  1791 end
  1792 label *label8
  1793 set :unpackCfg2:cfg :drawBlock:cfg
-    * set :unpackCfg:cfg :drawBlock:cfg
-    * set :unpackCfg:index 1
  1794 set *tmp715 1
-    * op add :unpackCfg:index 1 1
-    * read *tmp716 :unpackCfg2:cfg *tmp715
+ 1795 read *tmp716 :drawBlock:cfg 1
  1796 op sub *tmp717 *tmp716 74
  1797 lookup block :unpackCfg:type *tmp717
  1798 set *tmp719 2
-    * op add :unpackCfg:index 2 1
-    * read *tmp720 :unpackCfg2:cfg *tmp719
+ 1799 read *tmp720 :drawBlock:cfg 2
  1800 op sub *tmp721 *tmp720 74
  1801 op div :unpackCfg:x *tmp721 2
  1802 set *tmp723 3
-    * op add :unpackCfg:index 3 1
-    * read *tmp724 :unpackCfg2:cfg *tmp723
+ 1803 read *tmp724 :drawBlock:cfg 3
  1804 op sub *tmp725 *tmp724 74
  1805 op div :unpackCfg:y *tmp725 2
  1806 set *tmp727 4
-    * op add :unpackCfg:index 4 1
-    * read *tmp728 :unpackCfg2:cfg *tmp727
+ 1807 read *tmp728 :drawBlock:cfg 4
  1808 op sub :unpackCfg:rotation *tmp728 74
  1809 set *tmp730 5
-    * op add :unpackCfg:index 5 1
-    * read *tmp731 :unpackCfg2:cfg *tmp730
+ 1810 read *tmp731 :drawBlock:cfg 5
  1811 op sub :unpackCfg:ind *tmp731 74
  1812 sensor :unpackCfg:size :unpackCfg:type @size
  1813 label *label378
 
  1818 set :unpackCfg2:size :unpackCfg:size
  1819 set :unpackCfg2:index :unpackCfg:ind
  1820 label *label377
-    * set :drawBlock:type :unpackCfg:type
-    * set :drawBlock:x :unpackCfg:x
-    * set :drawBlock:y :unpackCfg:y
-    * set :drawBlock:rotation :unpackCfg:rotation
-    * set :drawBlock:size :unpackCfg:size
-    * set :drawBlock:index :unpackCfg:ind
-    * op shl *tmp741 1 :unpackCfg2:index
+ 1821 op shl *tmp741 1 :unpackCfg:ind
  1822 op and :drawBlock:built .blocksBuilt *tmp741
  1823 op add *tmp743 :drawBlock:built .pageSwitched
  1824 jump *label379 notEqual *tmp743 0
 
  1832 set *tmp746 %408040ff
  1833 label *label382
  1834 draw col *tmp746
-    * op mul *tmp747 2 :unpackCfg2:x
-    * op mul *tmp748 2 :unpackCfg2:y
-    * op mul *tmp749 2 :unpackCfg2:size
-    * op mul *tmp750 90 :unpackCfg2:rotation
-    * draw image *tmp747 *tmp748 :unpackCfg2:type *tmp749 *tmp750
+ 1835 op mul *tmp747 2 :unpackCfg:x
+ 1836 op mul *tmp748 2 :unpackCfg:y
+ 1837 op mul *tmp749 2 :unpackCfg:size
+ 1838 op mul *tmp750 90 :unpackCfg:rotation
+ 1839 draw image *tmp747 *tmp748 :unpackCfg:type *tmp749 *tmp750
  1840 label *label376
  1841 return :drawBlock*retaddr
  1842 end

Modifications by Iterated phase, Data Flow Optimization, pass 1, iteration 3 (-468 instructions):
 
    71 label *label40
    72 jump *label37 notEqual .nextBlock @ore-titanium
    73 label *label39
-    * set :drawTitleRow:y 201
-    * set :drawTitleRow:alignment @bottomLeft
-    * set :drawText:y 201
    74 print "Locating ore..."
    75 draw print 22 201 @bottomLeft
    76 label *label42
-    * set :drawText.1:y 201
    77 print "Locating ore..."
    78 draw print 23 201 @bottomLeft
    79 label *label43
    80 op sub :drawTitleRow:y 201 15
    81 label *label41
-    * set :updateDisplay:y 186
-    * set :drawItem:col 0
    82 set :drawItem:y 186
-    * set :drawItem:columns 1
    83 set :drawItem:item .nextBlock
    84 read :drawItem:current processor1 ".mapProgress"
    85 read :drawItem:target processor1 ".mapTotal"
-    * set :drawItemColor:col 0
-    * set :drawItemColor:y :drawTitleRow:y
-    * set :drawItemColor:columns 1
-    * op mul *tmp80 1 176
-    * op mul *tmp81 1 88
-    * op sub :drawItemColor:barLength 214 88
-    * op add :drawItemColor:textEnd 48 126
+   86 set :drawItemColor:y 186
    87 op mul *tmp84 126 :drawItem:current
    88 op div *tmp85 *tmp84 :drawItem:target
    89 op min :drawItemColor:length 126 *tmp85
-    * op mul *tmp87 0 176
-    * op mul *tmp88 0 88
-    * op add :drawItemColor:iconX 11 0
-    * op mul *tmp90 0 176
-    * op div *tmp91 0 2
-    * op add :drawItemColor:barX 22 0
-    * op mul *tmp93 0 176
-    * op div *tmp94 0 2
    90 op add :drawItemColor:textX 174 0
    91 draw col %[white]
-    * op add *tmp96 :drawTitleRow:y 5
-    * draw image 11 *tmp96 :drawItem:item 14 0
+   92 op add *tmp96 186 5
+   93 draw image 11 191 :drawItem:item 14 0
    94 draw col %008000FF
-    * draw rect 22 :drawTitleRow:y :drawItemColor:length 10
+   95 draw rect 22 186 :drawItemColor:length 10
    96 draw col %00FF00FF
-    * draw lineRect 22 :drawTitleRow:y 126 10
-    * op add *tmp97 :drawTitleRow:y 5
-    * op add *tmp98 :drawItem:y 7
-    * set :drawBold:x 174
-    * set :drawBold:y *tmp98
-    * set :drawBold:alignment @right
-    * set :drawText.2:x 174
+   97 draw lineRect 22 186 126 10
+   98 op add *tmp97 186 5
+   99 op add *tmp98 186 7
+  100 set :drawBold:y 193
   101 print "x"
   102 read *tmp99 processor1 ".mapSpots"
   103 print *tmp99
-    * draw print :drawItemColor:textX *tmp98 @right
+  104 draw print 174 193 @right
   105 label *label47
-    * op add :drawText.3:x 174 1
   106 print "x"
   107 read *tmp101 processor1 ".mapSpots"
   108 print *tmp101
-    * draw print 175 *tmp98 @right
+  109 draw print 175 193 @right
   110 label *label48
   111 label *label46
-    * op add :drawItemColor:col 0 1
   112 jump *label49 lessThan 1 1
-    * op sub :drawItemColor:y :drawTitleRow:y 15
+  113 op sub :drawItemColor:y 186 15
   114 label *label49
   115 label *label50
   116 label *label45
-    * set :drawItem:y :drawItemColor:y
+  117 set :drawItem:y 171
   118 label *label44
-    * op sub :updateDisplay:y :drawItemColor:y 35
+  119 op sub :updateDisplay:y 171 35
   120 jump *label38 always
   121 label *label37
   122 jump *label51 equal .nextBlock null
   123 set :drawMaterials:count .totalTargets
-    * set :drawTitleRow.1:y 201
-    * set :drawTitleRow.1:alignment @bottomLeft
-    * set :drawText.4:y 201
   124 print "Materials"
   125 draw print 22 201 @bottomLeft
   126 label *label54
-    * set :drawText.5:y 201
   127 print "Materials"
   128 draw print 23 201 @bottomLeft
   129 label *label55
-    * op sub :drawTitleRow.1:y 201 15
   130 label *label53
   131 set :updateDisplay:y 186
   132 set :drawMaterials:columns 1
 
   169 sensor *tmp111 .core :drawMaterials:item
   170 set :drawItem.1:col :drawMaterials:col
   171 set :drawItem.1:y :updateDisplay:y
-    * set :drawItem.1:columns 1
-    * set :drawItem.1:item :drawMaterials:item
-    * set :drawItem.1:current *tmp111
-    * set :drawItem.1:target :drawMaterials:target
-    * set :drawItemColor.1:col :drawMaterials:col
   172 set :drawItemColor.1:y :updateDisplay:y
-    * set :drawItemColor.1:columns 1
-    * op mul *tmp112 1 176
-    * op mul *tmp113 :drawMaterials:columns 88
-    * op sub :drawItemColor.1:barLength 214 *tmp113
-    * op add :drawItemColor.1:textEnd 48 :drawItemColor.1:barLength
-    * op mul *tmp116 :drawItemColor.1:barLength *tmp111
+  173 op mul *tmp113 1 88
+  174 op sub :drawItemColor.1:barLength 214 88
+  175 op add :drawItemColor.1:textEnd 48 126
+  176 op mul *tmp116 126 *tmp111
   177 op div *tmp117 *tmp116 :drawMaterials:target
-    * op min :drawItemColor.1:length :drawItemColor.1:barLength *tmp117
-    * op mul *tmp119 :drawMaterials:col 176
+  178 op min :drawItemColor.1:length 126 *tmp117
   179 op mul *tmp120 :drawMaterials:col 88
   180 op add :drawItemColor.1:iconX 11 *tmp120
-    * op mul *tmp122 :drawMaterials:col 176
-    * op mul *tmp123 :drawItem.1:col 88
+  181 op mul *tmp123 :drawMaterials:col 88
   182 op add :drawItemColor.1:barX 22 *tmp120
-    * op mul *tmp125 :drawMaterials:col 176
-    * op mul *tmp126 :drawItem.1:col 88
-    * op add :drawItemColor.1:textX :drawItemColor.1:textEnd *tmp120
+  183 op mul *tmp126 :drawMaterials:col 88
+  184 op add :drawItemColor.1:textX 174 *tmp120
   185 draw col %[white]
   186 op add *tmp128 :updateDisplay:y 5
   187 draw image :drawItemColor.1:iconX *tmp128 :drawMaterials:item 14 0
   188 draw col %008000FF
   189 draw rect :drawItemColor.1:barX :updateDisplay:y :drawItemColor.1:length 10
   190 draw col %00FF00FF
-    * draw lineRect :drawItemColor.1:barX :updateDisplay:y :drawItemColor.1:barLength 10
-    * op add *tmp129 :updateDisplay:y 5
-    * op add *tmp130 :drawItem.1:y 7
-    * set :drawBold.1:x :drawItemColor.1:textX
-    * set :drawBold.1:y *tmp130
-    * set :drawBold.1:alignment @right
+  191 draw lineRect :drawItemColor.1:barX :updateDisplay:y 126 10
+  192 op add *tmp130 :updateDisplay:y 7
   193 print :drawMaterials:target
   194 draw print :drawItemColor.1:textX *tmp130 @right
   195 label *label73
 
   237 label *label82
   238 label *label83
   239 draw col %[white]
-    * set :drawTitleRow.2:y :updateDisplay:y
-    * set :drawTitleRow.2:alignment @bottomLeft
   240 print "Air Factory"
   241 draw print 22 :updateDisplay:y @bottomLeft
   242 label *label85
 
   245 label *label86
   246 op sub :drawTitleRow.2:y :updateDisplay:y 15
   247 label *label84
-    * set :updateDisplay:y :drawTitleRow.2:y
   248 sensor :drawAirFactory:progress A¾BFLW-air-factory13 @progress
   249 jump *label87 notEqual :drawAirFactory:progress 0
   250 jump *label89 notEqual .nextFactory @flare
   251 sensor *tmp147 A¾BFLW-air-factory13 @silicon
-    * set :drawItem.2:col 0
   252 set :drawItem.2:y :drawTitleRow.2:y
-    * set :drawItem.2:columns 1
-    * set :drawItem.2:item @silicon
-    * set :drawItem.2:current *tmp147
-    * set :drawItem.2:target 15
-    * set :drawItemColor.2:col 0
-    * set :drawItemColor.2:y :drawTitleRow.2:y
-    * set :drawItemColor.2:columns 1
-    * op mul *tmp148 1 176
-    * op mul *tmp149 1 88
-    * op sub :drawItemColor.2:barLength 214 88
-    * op add :drawItemColor.2:textEnd 48 126
   253 op mul *tmp152 126 *tmp147
-    * op div *tmp153 *tmp152 15
+  254 op mul *tmp153 *tmp147 8.4
   255 op min :drawItemColor.2:length 126 *tmp153
-    * op mul *tmp155 0 176
-    * op mul *tmp156 0 88
-    * op add :drawItemColor.2:iconX 11 0
-    * op mul *tmp158 0 176
-    * op div *tmp159 0 2
-    * op add :drawItemColor.2:barX 22 0
-    * op mul *tmp161 0 176
-    * op div *tmp162 0 2
   256 op add :drawItemColor.2:textX 174 0
   257 draw col %[white]
   258 op add *tmp164 :drawTitleRow.2:y 5
 
   261 draw rect 22 :drawTitleRow.2:y :drawItemColor.2:length 10
   262 draw col %00FF00FF
   263 draw lineRect 22 :drawTitleRow.2:y 126 10
-    * op add *tmp165 :drawTitleRow.2:y 5
-    * op add *tmp166 :drawItem.2:y 7
-    * set :drawBold.2:x 174
-    * set :drawBold.2:y *tmp166
-    * set :drawBold.2:alignment @right
-    * set :drawText.10:x 174
+  264 op add *tmp166 :drawTitleRow.2:y 7
   265 print 15
-    * draw print :drawItemColor.2:textX *tmp166 @right
+  266 draw print 174 *tmp166 @right
   267 label *label94
-    * op add :drawText.11:x 174 1
   268 print 15
   269 draw print 175 *tmp166 @right
   270 label *label95
   271 label *label93
-    * op add :drawItemColor.2:col 0 1
   272 jump *label96 lessThan 1 1
   273 op sub :drawItemColor.2:y :drawTitleRow.2:y 15
   274 label *label96
   275 label *label97
   276 label *label92
-    * set :drawItem.2:y :drawItemColor.2:y
   277 label *label91
-    * op sub :updateDisplay:y :drawItemColor.2:y 15
+  278 op sub :updateDisplay:y :drawTitleRow.2:y 30
   279 jump *label90 always
   280 label *label89
   281 sensor *tmp170 A¾BFLW-air-factory13 @lead
-    * set :drawItem.3:col 0
   282 set :drawItem.3:y :drawTitleRow.2:y
-    * set :drawItem.3:columns 1
-    * set :drawItem.3:item @lead
-    * set :drawItem.3:current *tmp170
-    * set :drawItem.3:target 15
-    * set :drawItemColor.3:col 0
-    * set :drawItemColor.3:y :drawTitleRow.2:y
-    * set :drawItemColor.3:columns 1
-    * op mul *tmp171 1 176
-    * op mul *tmp172 1 88
-    * op sub :drawItemColor.3:barLength 214 88
-    * op add :drawItemColor.3:textEnd 48 126
   283 op mul *tmp175 126 *tmp170
-    * op div *tmp176 *tmp175 15
+  284 op mul *tmp176 *tmp170 8.4
   285 op min :drawItemColor.3:length 126 *tmp176
-    * op mul *tmp178 0 176
-    * op mul *tmp179 0 88
-    * op add :drawItemColor.3:iconX 11 0
-    * op mul *tmp181 0 176
-    * op div *tmp182 0 2
-    * op add :drawItemColor.3:barX 22 0
-    * op mul *tmp184 0 176
-    * op div *tmp185 0 2
   286 op add :drawItemColor.3:textX 174 0
   287 draw col %[white]
   288 op add *tmp187 :drawTitleRow.2:y 5
 
   291 draw rect 22 :drawTitleRow.2:y :drawItemColor.3:length 10
   292 draw col %00FF00FF
   293 draw lineRect 22 :drawTitleRow.2:y 126 10
-    * op add *tmp188 :drawTitleRow.2:y 5
-    * op add *tmp189 :drawItem.3:y 7
-    * set :drawBold.3:x 174
-    * set :drawBold.3:y *tmp189
-    * set :drawBold.3:alignment @right
-    * set :drawText.12:x 174
+  294 op add *tmp189 :drawTitleRow.2:y 7
   295 print 15
-    * draw print :drawItemColor.3:textX *tmp189 @right
+  296 draw print 174 *tmp189 @right
   297 label *label101
-    * op add :drawText.13:x 174 1
   298 print 15
   299 draw print 175 *tmp189 @right
   300 label *label102
   301 label *label100
-    * op add :drawItemColor.3:col 0 1
   302 jump *label103 lessThan 1 1
   303 op sub :drawItemColor.3:y :drawTitleRow.2:y 15
   304 label *label103
 
   306 label *label99
   307 set :drawItem.3:y :drawItemColor.3:y
   308 label *label98
-    * set :updateDisplay:y :drawItemColor.3:y
   309 sensor *tmp193 A¾BFLW-air-factory13 @silicon
-    * set :drawItem.4:col 0
   310 set :drawItem.4:y :drawItemColor.3:y
-    * set :drawItem.4:columns 1
-    * set :drawItem.4:item @silicon
-    * set :drawItem.4:current *tmp193
-    * set :drawItem.4:target 30
-    * set :drawItemColor.4:col 0
-    * set :drawItemColor.4:y :drawItemColor.3:y
-    * set :drawItemColor.4:columns 1
-    * op mul *tmp194 1 176
-    * op mul *tmp195 1 88
-    * op sub :drawItemColor.4:barLength 214 88
-    * op add :drawItemColor.4:textEnd 48 126
   311 op mul *tmp198 126 *tmp193
-    * op div *tmp199 *tmp198 30
+  312 op mul *tmp199 *tmp193 4.2
   313 op min :drawItemColor.4:length 126 *tmp199
-    * op mul *tmp201 0 176
-    * op mul *tmp202 0 88
-    * op add :drawItemColor.4:iconX 11 0
-    * op mul *tmp204 0 176
-    * op div *tmp205 0 2
-    * op add :drawItemColor.4:barX 22 0
-    * op mul *tmp207 0 176
-    * op div *tmp208 0 2
   314 op add :drawItemColor.4:textX 174 0
   315 draw col %[white]
-    * op add *tmp210 :drawItem.3:y 5
+  316 op add *tmp210 :drawItemColor.3:y 5
   317 draw image 11 *tmp210 @silicon 14 0
   318 draw col %008000FF
-    * draw rect 22 :drawItem.3:y :drawItemColor.4:length 10
+  319 draw rect 22 :drawItemColor.3:y :drawItemColor.4:length 10
   320 draw col %00FF00FF
-    * draw lineRect 22 :drawItem.3:y 126 10
-    * op add *tmp211 :drawItem.3:y 5
-    * op add *tmp212 :drawItem.4:y 7
-    * set :drawBold.4:x 174
-    * set :drawBold.4:y *tmp212
-    * set :drawBold.4:alignment @right
-    * set :drawText.14:x 174
+  321 draw lineRect 22 :drawItemColor.3:y 126 10
+  322 op add *tmp211 :drawItemColor.3:y 5
+  323 op add *tmp212 :drawItemColor.3:y 7
   324 print 30
-    * draw print :drawItemColor.4:textX *tmp212 @right
+  325 draw print 174 *tmp212 @right
   326 label *label108
-    * op add :drawText.15:x 174 1
   327 print 30
   328 draw print 175 *tmp212 @right
   329 label *label109
   330 label *label107
-    * op add :drawItemColor.4:col 0 1
   331 jump *label110 lessThan 1 1
-    * op sub :drawItemColor.4:y :drawItem.3:y 15
+  332 op sub :drawItemColor.4:y :drawItemColor.3:y 15
   333 label *label110
   334 label *label111
   335 label *label106
 
   340 label *label87
   341 op mul *tmp216 100 :drawAirFactory:progress
   342 op floor *tmp217 *tmp216
-    * set :drawItem.5:col 0
   343 set :drawItem.5:y :drawTitleRow.2:y
-    * set :drawItem.5:columns 1
   344 set :drawItem.5:item .nextFactory
-    * set :drawItem.5:current :drawAirFactory:progress
-    * set :drawItem.5:target 1
-    * set :drawItemColor.5:col 0
-    * set :drawItemColor.5:y :drawTitleRow.2:y
-    * set :drawItemColor.5:columns 1
-    * op mul *tmp218 1 176
-    * op mul *tmp219 1 88
-    * op sub :drawItemColor.5:barLength 214 88
-    * op add :drawItemColor.5:textEnd 48 126
   345 op mul *tmp222 126 :drawAirFactory:progress
-    * op div *tmp223 *tmp222 1
+  346 op mul *tmp223 :drawAirFactory:progress 126
   347 op min :drawItemColor.5:length 126 *tmp223
-    * op mul *tmp225 0 176
-    * op mul *tmp226 0 88
-    * op add :drawItemColor.5:iconX 11 0
-    * op mul *tmp228 0 176
-    * op div *tmp229 0 2
-    * op add :drawItemColor.5:barX 22 0
-    * op mul *tmp231 0 176
-    * op div *tmp232 0 2
   348 op add :drawItemColor.5:textX 174 0
   349 draw col %[white]
   350 op add *tmp234 :drawTitleRow.2:y 5
 
   353 draw rect 22 :drawTitleRow.2:y :drawItemColor.5:length 10
   354 draw col %00FF00FF
   355 draw lineRect 22 :drawTitleRow.2:y 126 10
-    * op add *tmp235 :drawTitleRow.2:y 5
-    * op add *tmp236 :drawItem.5:y 7
-    * set :drawBold.5:x 174
-    * set :drawBold.5:y *tmp236
-    * set :drawBold.5:alignment @right
-    * set :drawText.16:x 174
+  356 op add *tmp236 :drawTitleRow.2:y 7
   357 print *tmp217
   358 print "%"
-    * draw print :drawItemColor.5:textX *tmp236 @right
+  359 draw print 174 *tmp236 @right
   360 label *label115
-    * op add :drawText.17:x 174 1
   361 print *tmp217
   362 print "%"
   363 draw print 175 *tmp236 @right
   364 label *label116
   365 label *label114
-    * op add :drawItemColor.5:col 0 1
   366 jump *label117 lessThan 1 1
   367 op sub :drawItemColor.5:y :drawTitleRow.2:y 15
   368 label *label117
   369 label *label118
   370 label *label113
-    * set :drawItem.5:y :drawItemColor.5:y
   371 label *label112
-    * op sub :updateDisplay:y :drawItemColor.5:y 15
+  372 op sub :updateDisplay:y :drawTitleRow.2:y 30
   373 label *label88
   374 op sub :updateDisplay:y :updateDisplay:y 5
   375 label *label81
 
   378 label *label120
   379 label *label121
   380 draw col %[white]
-    * set :drawTitleRow.3:y :updateDisplay:y
-    * set :drawTitleRow.3:alignment @bottomLeft
   381 print "Reconstructor"
   382 draw print 22 :updateDisplay:y @bottomLeft
   383 label *label123
 
   386 label *label124
   387 op sub :drawTitleRow.3:y :updateDisplay:y 15
   388 label *label122
-    * set :updateDisplay:y :drawTitleRow.3:y
   389 sensor :drawAddReco:progress AÀF@Lb-additive-reconstructor24 @progress
   390 jump *label125 notEqual :drawAddReco:progress 0
   391 sensor *tmp245 AÀF@Lb-additive-reconstructor24 @graphite
-    * set :drawItem.6:col 0
   392 set :drawItem.6:y :drawTitleRow.3:y
-    * set :drawItem.6:columns 1
-    * set :drawItem.6:item @graphite
-    * set :drawItem.6:current *tmp245
-    * set :drawItem.6:target 40
-    * set :drawItemColor.6:col 0
-    * set :drawItemColor.6:y :drawTitleRow.3:y
-    * set :drawItemColor.6:columns 1
-    * op mul *tmp246 1 176
-    * op mul *tmp247 1 88
-    * op sub :drawItemColor.6:barLength 214 88
-    * op add :drawItemColor.6:textEnd 48 126
   393 op mul *tmp250 126 *tmp245
-    * op div *tmp251 *tmp250 40
+  394 op mul *tmp251 *tmp245 3.1500000000000004
   395 op min :drawItemColor.6:length 126 *tmp251
-    * op mul *tmp253 0 176
-    * op mul *tmp254 0 88
-    * op add :drawItemColor.6:iconX 11 0
-    * op mul *tmp256 0 176
-    * op div *tmp257 0 2
-    * op add :drawItemColor.6:barX 22 0
-    * op mul *tmp259 0 176
-    * op div *tmp260 0 2
   396 op add :drawItemColor.6:textX 174 0
   397 draw col %[white]
   398 op add *tmp262 :drawTitleRow.3:y 5
 
   401 draw rect 22 :drawTitleRow.3:y :drawItemColor.6:length 10
   402 draw col %00FF00FF
   403 draw lineRect 22 :drawTitleRow.3:y 126 10
-    * op add *tmp263 :drawTitleRow.3:y 5
-    * op add *tmp264 :drawItem.6:y 7
-    * set :drawBold.6:x 174
-    * set :drawBold.6:y *tmp264
-    * set :drawBold.6:alignment @right
-    * set :drawText.20:x 174
+  404 op add *tmp264 :drawTitleRow.3:y 7
   405 print 40
-    * draw print :drawItemColor.6:textX *tmp264 @right
+  406 draw print 174 *tmp264 @right
   407 label *label130
-    * op add :drawText.21:x 174 1
   408 print 40
   409 draw print 175 *tmp264 @right
   410 label *label131
   411 label *label129
-    * op add :drawItemColor.6:col 0 1
   412 jump *label132 lessThan 1 1
   413 op sub :drawItemColor.6:y :drawTitleRow.3:y 15
   414 label *label132
 
   416 label *label128
   417 set :drawItem.6:y :drawItemColor.6:y
   418 label *label127
-    * set :updateDisplay:y :drawItemColor.6:y
   419 sensor *tmp268 AÀF@Lb-additive-reconstructor24 @silicon
-    * set :drawItem.7:col 0
   420 set :drawItem.7:y :drawItemColor.6:y
-    * set :drawItem.7:columns 1
-    * set :drawItem.7:item @silicon
-    * set :drawItem.7:current *tmp268
-    * set :drawItem.7:target 40
-    * set :drawItemColor.7:col 0
-    * set :drawItemColor.7:y :drawItemColor.6:y
-    * set :drawItemColor.7:columns 1
-    * op mul *tmp269 1 176
-    * op mul *tmp270 1 88
-    * op sub :drawItemColor.7:barLength 214 88
-    * op add :drawItemColor.7:textEnd 48 126
   421 op mul *tmp273 126 *tmp268
-    * op div *tmp274 *tmp273 40
+  422 op mul *tmp274 *tmp268 3.1500000000000004
   423 op min :drawItemColor.7:length 126 *tmp274
-    * op mul *tmp276 0 176
-    * op mul *tmp277 0 88
-    * op add :drawItemColor.7:iconX 11 0
-    * op mul *tmp279 0 176
-    * op div *tmp280 0 2
-    * op add :drawItemColor.7:barX 22 0
-    * op mul *tmp282 0 176
-    * op div *tmp283 0 2
   424 op add :drawItemColor.7:textX 174 0
   425 draw col %[white]
-    * op add *tmp285 :drawItem.6:y 5
+  426 op add *tmp285 :drawItemColor.6:y 5
   427 draw image 11 *tmp285 @silicon 14 0
   428 draw col %008000FF
-    * draw rect 22 :drawItem.6:y :drawItemColor.7:length 10
+  429 draw rect 22 :drawItemColor.6:y :drawItemColor.7:length 10
   430 draw col %00FF00FF
-    * draw lineRect 22 :drawItem.6:y 126 10
-    * op add *tmp286 :drawItem.6:y 5
-    * op add *tmp287 :drawItem.7:y 7
-    * set :drawBold.7:x 174
-    * set :drawBold.7:y *tmp287
-    * set :drawBold.7:alignment @right
-    * set :drawText.22:x 174
+  431 draw lineRect 22 :drawItemColor.6:y 126 10
+  432 op add *tmp286 :drawItemColor.6:y 5
+  433 op add *tmp287 :drawItemColor.6:y 7
   434 print 40
-    * draw print :drawItemColor.7:textX *tmp287 @right
+  435 draw print 174 *tmp287 @right
   436 label *label137
-    * op add :drawText.23:x 174 1
   437 print 40
   438 draw print 175 *tmp287 @right
   439 label *label138
   440 label *label136
-    * op add :drawItemColor.7:col 0 1
   441 jump *label139 lessThan 1 1
-    * op sub :drawItemColor.7:y :drawItem.6:y 15
+  442 op sub :drawItemColor.7:y :drawItemColor.6:y 15
   443 label *label139
   444 label *label140
   445 label *label135
 
   449 label *label125
   450 op mul *tmp291 100 :drawAddReco:progress
   451 op floor *tmp292 *tmp291
-    * set :drawItem.8:col 0
   452 set :drawItem.8:y :drawTitleRow.3:y
-    * set :drawItem.8:columns 1
-    * set :drawItem.8:item @poly
-    * set :drawItem.8:current :drawAddReco:progress
-    * set :drawItem.8:target 1
-    * set :drawItemColor.8:col 0
-    * set :drawItemColor.8:y :drawTitleRow.3:y
-    * set :drawItemColor.8:columns 1
-    * op mul *tmp293 1 176
-    * op mul *tmp294 1 88
-    * op sub :drawItemColor.8:barLength 214 88
-    * op add :drawItemColor.8:textEnd 48 126
   453 op mul *tmp297 126 :drawAddReco:progress
-    * op div *tmp298 *tmp297 1
+  454 op mul *tmp298 :drawAddReco:progress 126
   455 op min :drawItemColor.8:length 126 *tmp298
-    * op mul *tmp300 0 176
-    * op mul *tmp301 0 88
-    * op add :drawItemColor.8:iconX 11 0
-    * op mul *tmp303 0 176
-    * op div *tmp304 0 2
-    * op add :drawItemColor.8:barX 22 0
-    * op mul *tmp306 0 176
-    * op div *tmp307 0 2
   456 op add :drawItemColor.8:textX 174 0
   457 draw col %[white]
   458 op add *tmp309 :drawTitleRow.3:y 5
 
   461 draw rect 22 :drawTitleRow.3:y :drawItemColor.8:length 10
   462 draw col %00FF00FF
   463 draw lineRect 22 :drawTitleRow.3:y 126 10
-    * op add *tmp310 :drawTitleRow.3:y 5
-    * op add *tmp311 :drawItem.8:y 7
-    * set :drawBold.8:x 174
-    * set :drawBold.8:y *tmp311
-    * set :drawBold.8:alignment @right
-    * set :drawText.24:x 174
+  464 op add *tmp311 :drawTitleRow.3:y 7
   465 print *tmp292
   466 print "%"
-    * draw print :drawItemColor.8:textX *tmp311 @right
+  467 draw print 174 *tmp311 @right
   468 label *label144
-    * op add :drawText.25:x 174 1
   469 print *tmp292
   470 print "%"
   471 draw print 175 *tmp311 @right
   472 label *label145
   473 label *label143
-    * op add :drawItemColor.8:col 0 1
   474 jump *label146 lessThan 1 1
   475 op sub :drawItemColor.8:y :drawTitleRow.3:y 15
   476 label *label146
   477 label *label147
   478 label *label142
-    * set :drawItem.8:y :drawItemColor.8:y
   479 label *label141
-    * op sub :updateDisplay:y :drawItemColor.8:y 15
+  480 op sub :updateDisplay:y :drawTitleRow.3:y 30
   481 label *label126
   482 op sub :updateDisplay:y :updateDisplay:y 5
   483 label *label119
 
   487 label *label150
   488 draw col %[white]
   489 op min :updateDisplay:y :updateDisplay:y 142
-    * set :drawTitleRow.4:y :updateDisplay:y
-    * set :drawTitleRow.4:alignment @bottomLeft
   490 print "Reconstructor"
   491 draw print 22 :updateDisplay:y @bottomLeft
   492 label *label152
 
   495 label *label153
   496 op sub :drawTitleRow.4:y :updateDisplay:y 15
   497 label *label151
-    * set :updateDisplay:y :drawTitleRow.4:y
   498 sensor :drawMultiReco:progress AÁNBJc-multiplicative-reconstructor25 @progress
   499 jump *label154 notEqual :drawMultiReco:progress 0
   500 sensor *tmp321 AÁNBJc-multiplicative-reconstructor25 @metaglass
-    * set :drawItem.9:col 0
   501 set :drawItem.9:y :drawTitleRow.4:y
-    * set :drawItem.9:columns 1
-    * set :drawItem.9:item @metaglass
-    * set :drawItem.9:current *tmp321
-    * set :drawItem.9:target 40
-    * set :drawItemColor.9:col 0
-    * set :drawItemColor.9:y :drawTitleRow.4:y
-    * set :drawItemColor.9:columns 1
-    * op mul *tmp322 1 176
-    * op mul *tmp323 1 88
-    * op sub :drawItemColor.9:barLength 214 88
-    * op add :drawItemColor.9:textEnd 48 126
   502 op mul *tmp326 126 *tmp321
-    * op div *tmp327 *tmp326 40
+  503 op mul *tmp327 *tmp321 3.1500000000000004
   504 op min :drawItemColor.9:length 126 *tmp327
-    * op mul *tmp329 0 176
-    * op mul *tmp330 0 88
-    * op add :drawItemColor.9:iconX 11 0
-    * op mul *tmp332 0 176
-    * op div *tmp333 0 2
-    * op add :drawItemColor.9:barX 22 0
-    * op mul *tmp335 0 176
-    * op div *tmp336 0 2
   505 op add :drawItemColor.9:textX 174 0
   506 draw col %[white]
   507 op add *tmp338 :drawTitleRow.4:y 5
 
   510 draw rect 22 :drawTitleRow.4:y :drawItemColor.9:length 10
   511 draw col %00FF00FF
   512 draw lineRect 22 :drawTitleRow.4:y 126 10
-    * op add *tmp339 :drawTitleRow.4:y 5
-    * op add *tmp340 :drawItem.9:y 7
-    * set :drawBold.9:x 174
-    * set :drawBold.9:y *tmp340
-    * set :drawBold.9:alignment @right
-    * set :drawText.28:x 174
+  513 op add *tmp340 :drawTitleRow.4:y 7
   514 print 40
-    * draw print :drawItemColor.9:textX *tmp340 @right
+  515 draw print 174 *tmp340 @right
   516 label *label159
-    * op add :drawText.29:x 174 1
   517 print 40
   518 draw print 175 *tmp340 @right
   519 label *label160
   520 label *label158
-    * op add :drawItemColor.9:col 0 1
   521 jump *label161 lessThan 1 1
   522 op sub :drawItemColor.9:y :drawTitleRow.4:y 15
   523 label *label161
 
   525 label *label157
   526 set :drawItem.9:y :drawItemColor.9:y
   527 label *label156
-    * set :updateDisplay:y :drawItemColor.9:y
   528 sensor *tmp344 AÁNBJc-multiplicative-reconstructor25 @titanium
-    * set :drawItem.10:col 0
   529 set :drawItem.10:y :drawItemColor.9:y
-    * set :drawItem.10:columns 1
-    * set :drawItem.10:item @titanium
-    * set :drawItem.10:current *tmp344
-    * set :drawItem.10:target 80
-    * set :drawItemColor.10:col 0
-    * set :drawItemColor.10:y :drawItemColor.9:y
-    * set :drawItemColor.10:columns 1
-    * op mul *tmp345 1 176
-    * op mul *tmp346 1 88
-    * op sub :drawItemColor.10:barLength 214 88
-    * op add :drawItemColor.10:textEnd 48 126
   530 op mul *tmp349 126 *tmp344
-    * op div *tmp350 *tmp349 80
+  531 op div *tmp350 *tmp344 0.6349206349206349
   532 op min :drawItemColor.10:length 126 *tmp350
-    * op mul *tmp352 0 176
-    * op mul *tmp353 0 88
-    * op add :drawItemColor.10:iconX 11 0
-    * op mul *tmp355 0 176
-    * op div *tmp356 0 2
-    * op add :drawItemColor.10:barX 22 0
-    * op mul *tmp358 0 176
-    * op div *tmp359 0 2
   533 op add :drawItemColor.10:textX 174 0
   534 draw col %[white]
-    * op add *tmp361 :drawItem.9:y 5
+  535 op add *tmp361 :drawItemColor.9:y 5
   536 draw image 11 *tmp361 @titanium 14 0
   537 draw col %008000FF
-    * draw rect 22 :drawItem.9:y :drawItemColor.10:length 10
+  538 draw rect 22 :drawItemColor.9:y :drawItemColor.10:length 10
   539 draw col %00FF00FF
-    * draw lineRect 22 :drawItem.9:y 126 10
-    * op add *tmp362 :drawItem.9:y 5
-    * op add *tmp363 :drawItem.10:y 7
-    * set :drawBold.10:x 174
-    * set :drawBold.10:y *tmp363
-    * set :drawBold.10:alignment @right
-    * set :drawText.30:x 174
+  540 draw lineRect 22 :drawItemColor.9:y 126 10
+  541 op add *tmp362 :drawItemColor.9:y 5
+  542 op add *tmp363 :drawItemColor.9:y 7
   543 print 80
-    * draw print :drawItemColor.10:textX *tmp363 @right
+  544 draw print 174 *tmp363 @right
   545 label *label166
-    * op add :drawText.31:x 174 1
   546 print 80
   547 draw print 175 *tmp363 @right
   548 label *label167
   549 label *label165
-    * op add :drawItemColor.10:col 0 1
   550 jump *label168 lessThan 1 1
-    * op sub :drawItemColor.10:y :drawItem.9:y 15
+  551 op sub :drawItemColor.10:y :drawItemColor.9:y 15
   552 label *label168
   553 label *label169
   554 label *label164
   555 set :drawItem.10:y :drawItemColor.10:y
   556 label *label163
-    * set :updateDisplay:y :drawItemColor.10:y
   557 sensor *tmp367 AÁNBJc-multiplicative-reconstructor25 @silicon
-    * set :drawItem.11:col 0
   558 set :drawItem.11:y :drawItemColor.10:y
-    * set :drawItem.11:columns 1
-    * set :drawItem.11:item @silicon
-    * set :drawItem.11:current *tmp367
-    * set :drawItem.11:target 130
-    * set :drawItemColor.11:col 0
-    * set :drawItemColor.11:y :drawItemColor.10:y
-    * set :drawItemColor.11:columns 1
-    * op mul *tmp368 1 176
-    * op mul *tmp369 1 88
-    * op sub :drawItemColor.11:barLength 214 88
-    * op add :drawItemColor.11:textEnd 48 126
   559 op mul *tmp372 126 *tmp367
-    * op div *tmp373 *tmp372 130
+  560 op div *tmp373 *tmp367 1.0317460317460319
   561 op min :drawItemColor.11:length 126 *tmp373
-    * op mul *tmp375 0 176
-    * op mul *tmp376 0 88
-    * op add :drawItemColor.11:iconX 11 0
-    * op mul *tmp378 0 176
-    * op div *tmp379 0 2
-    * op add :drawItemColor.11:barX 22 0
-    * op mul *tmp381 0 176
-    * op div *tmp382 0 2
   562 op add :drawItemColor.11:textX 174 0
   563 draw col %[white]
-    * op add *tmp384 :drawItem.10:y 5
+  564 op add *tmp384 :drawItemColor.10:y 5
   565 draw image 11 *tmp384 @silicon 14 0
   566 draw col %008000FF
-    * draw rect 22 :drawItem.10:y :drawItemColor.11:length 10
+  567 draw rect 22 :drawItemColor.10:y :drawItemColor.11:length 10
   568 draw col %00FF00FF
-    * draw lineRect 22 :drawItem.10:y 126 10
-    * op add *tmp385 :drawItem.10:y 5
-    * op add *tmp386 :drawItem.11:y 7
-    * set :drawBold.11:x 174
-    * set :drawBold.11:y *tmp386
-    * set :drawBold.11:alignment @right
-    * set :drawText.32:x 174
+  569 draw lineRect 22 :drawItemColor.10:y 126 10
+  570 op add *tmp385 :drawItemColor.10:y 5
+  571 op add *tmp386 :drawItemColor.10:y 7
   572 print 130
-    * draw print :drawItemColor.11:textX *tmp386 @right
+  573 draw print 174 *tmp386 @right
   574 label *label173
-    * op add :drawText.33:x 174 1
   575 print 130
   576 draw print 175 *tmp386 @right
   577 label *label174
   578 label *label172
-    * op add :drawItemColor.11:col 0 1
   579 jump *label175 lessThan 1 1
-    * op sub :drawItemColor.11:y :drawItem.10:y 15
+  580 op sub :drawItemColor.11:y :drawItemColor.10:y 15
   581 label *label175
   582 label *label176
   583 label *label171
 
   587 label *label154
   588 op mul *tmp390 100 :drawMultiReco:progress
   589 op floor *tmp391 *tmp390
-    * set :drawItem.12:col 0
   590 set :drawItem.12:y :drawTitleRow.4:y
-    * set :drawItem.12:columns 1
-    * set :drawItem.12:item @mega
-    * set :drawItem.12:current :drawMultiReco:progress
-    * set :drawItem.12:target 1
-    * set :drawItemColor.12:col 0
-    * set :drawItemColor.12:y :drawTitleRow.4:y
-    * set :drawItemColor.12:columns 1
-    * op mul *tmp392 1 176
-    * op mul *tmp393 1 88
-    * op sub :drawItemColor.12:barLength 214 88
-    * op add :drawItemColor.12:textEnd 48 126
   591 op mul *tmp396 126 :drawMultiReco:progress
-    * op div *tmp397 *tmp396 1
+  592 op mul *tmp397 :drawMultiReco:progress 126
   593 op min :drawItemColor.12:length 126 *tmp397
-    * op mul *tmp399 0 176
-    * op mul *tmp400 0 88
-    * op add :drawItemColor.12:iconX 11 0
-    * op mul *tmp402 0 176
-    * op div *tmp403 0 2
-    * op add :drawItemColor.12:barX 22 0
-    * op mul *tmp405 0 176
-    * op div *tmp406 0 2
   594 op add :drawItemColor.12:textX 174 0
   595 draw col %[white]
   596 op add *tmp408 :drawTitleRow.4:y 5
 
   599 draw rect 22 :drawTitleRow.4:y :drawItemColor.12:length 10
   600 draw col %00FF00FF
   601 draw lineRect 22 :drawTitleRow.4:y 126 10
-    * op add *tmp409 :drawTitleRow.4:y 5
-    * op add *tmp410 :drawItem.12:y 7
-    * set :drawBold.12:x 174
-    * set :drawBold.12:y *tmp410
-    * set :drawBold.12:alignment @right
-    * set :drawText.34:x 174
+  602 op add *tmp410 :drawTitleRow.4:y 7
   603 print *tmp391
   604 print "%"
-    * draw print :drawItemColor.12:textX *tmp410 @right
+  605 draw print 174 *tmp410 @right
   606 label *label180
-    * op add :drawText.35:x 174 1
   607 print *tmp391
   608 print "%"
   609 draw print 175 *tmp410 @right
   610 label *label181
   611 label *label179
-    * op add :drawItemColor.12:col 0 1
   612 jump *label182 lessThan 1 1
   613 op sub :drawItemColor.12:y :drawTitleRow.4:y 15
   614 label *label182
   615 label *label183
   616 label *label178
-    * set :drawItem.12:y :drawItemColor.12:y
   617 label *label177
-    * op sub :updateDisplay:y :drawItemColor.12:y 30
+  618 op sub :updateDisplay:y :drawTitleRow.4:y 45
   619 label *label155
   620 op sub :updateDisplay:y :updateDisplay:y 5
   621 label *label148
 
   625 label *label185
   626 label *label186
   627 draw col %[white]
-    * set :drawTitleRow.5:y :updateDisplay:y
-    * set :drawTitleRow.5:alignment @bottomLeft
   628 print "Builder"
   629 draw print 22 :updateDisplay:y @bottomLeft
   630 label *label188
 
   635 label *label187
   636 set :updateDisplay:y :drawTitleRow.5:y
   637 jump *label190 notEqual .transportItem null
-    * set :drawUnit:item @poly
-    * set :drawUnit:items 0
-    * set :drawUnit:y :drawTitleRow.5:y
-    * set :drawItem.13:col 0
   638 set :drawItem.13:y :drawTitleRow.5:y
-    * set :drawItem.13:columns 1
-    * set :drawItem.13:item @poly
-    * set :drawItem.13:current 0
   639 set :drawItem.13:target .transportTarget
-    * set :drawItemColor.13:col 0
-    * set :drawItemColor.13:y :drawTitleRow.5:y
-    * set :drawItemColor.13:columns 1
-    * set :drawItemColor.13:item @poly
-    * set :drawItemColor.13:current 0
-    * op mul *tmp418 1 176
-    * op mul *tmp419 1 88
-    * op sub :drawItemColor.13:barLength 214 88
-    * op add :drawItemColor.13:textEnd 48 126
-    * op mul *tmp422 126 0
   640 op div *tmp423 0 :drawItem.13:target
   641 op min :drawItemColor.13:length 126 *tmp423
-    * op mul *tmp425 0 176
-    * op mul *tmp426 0 88
-    * op add :drawItemColor.13:iconX 11 0
-    * op mul *tmp428 0 176
-    * op div *tmp429 0 2
-    * op add :drawItemColor.13:barX 22 0
-    * op mul *tmp431 0 176
-    * op div *tmp432 0 2
   642 op add :drawItemColor.13:textX 174 0
   643 draw col %[white]
-    * op add *tmp434 :updateDisplay:y 5
+  644 op add *tmp434 :drawTitleRow.5:y 5
   645 draw image 11 *tmp434 @poly 14 0
   646 draw col %008000FF
-    * draw rect 22 :updateDisplay:y :drawItemColor.13:length 10
+  647 draw rect 22 :drawTitleRow.5:y :drawItemColor.13:length 10
   648 draw col %00FF00FF
-    * draw lineRect 22 :updateDisplay:y 126 10
-    * op add *tmp435 :updateDisplay:y 5
-    * op add *tmp436 :drawItem.13:y 7
-    * set :drawBold.13:x 174
-    * set :drawBold.13:y *tmp436
-    * set :drawBold.13:alignment @right
-    * set :drawText.38:x 174
+  649 draw lineRect 22 :drawTitleRow.5:y 126 10
+  650 op add *tmp435 :drawTitleRow.5:y 5
+  651 op add *tmp436 :drawTitleRow.5:y 7
   652 print .transportTarget
-    * draw print :drawItemColor.13:textX *tmp436 @right
+  653 draw print 174 *tmp436 @right
   654 label *label196
-    * op add :drawText.39:x 174 1
   655 print .transportTarget
   656 draw print 175 *tmp436 @right
   657 label *label197
   658 label *label195
-    * op add :drawItemColor.13:col 0 1
   659 jump *label198 lessThan 1 1
-    * op sub :drawItemColor.13:y :updateDisplay:y 15
+  660 op sub :drawItemColor.13:y :drawTitleRow.5:y 15
   661 label *label198
   662 label *label199
   663 label *label194
-    * set :drawItem.13:y :drawItemColor.13:y
   664 label *label193
   665 label *label192
   666 set :updateDisplay:y :drawItemColor.13:y
 
   671 op equal *tmp444 :drawBuilder:unitItem .transportItem
   672 op mul *tmp445 *tmp443 *tmp444
   673 set :drawUnit.1:item .transportItem
-    * set :drawUnit.1:items *tmp445
-    * set :drawUnit.1:y :drawTitleRow.5:y
-    * set :drawItem.14:col 0
   674 set :drawItem.14:y :drawTitleRow.5:y
-    * set :drawItem.14:columns 1
-    * set :drawItem.14:item :drawUnit.1:item
-    * set :drawItem.14:current *tmp445
   675 set :drawItem.14:target .transportTarget
-    * set :drawItemColor.14:col 0
-    * set :drawItemColor.14:y :drawTitleRow.5:y
-    * set :drawItemColor.14:columns 1
-    * set :drawItemColor.14:current *tmp445
-    * op mul *tmp446 1 176
-    * op mul *tmp447 1 88
-    * op sub :drawItemColor.14:barLength 214 88
-    * op add :drawItemColor.14:textEnd 48 126
   676 op mul *tmp450 126 *tmp445
   677 op div *tmp451 *tmp450 :drawItem.14:target
   678 op min :drawItemColor.14:length 126 *tmp451
-    * op mul *tmp453 0 176
-    * op mul *tmp454 0 88
-    * op add :drawItemColor.14:iconX 11 0
-    * op mul *tmp456 0 176
-    * op div *tmp457 0 2
-    * op add :drawItemColor.14:barX 22 0
-    * op mul *tmp459 0 176
-    * op div *tmp460 0 2
   679 op add :drawItemColor.14:textX 174 0
   680 draw col %[white]
-    * op add *tmp462 :updateDisplay:y 5
+  681 op add *tmp462 :drawTitleRow.5:y 5
   682 draw image 11 *tmp462 :drawUnit.1:item 14 0
   683 draw col %008000FF
-    * draw rect 22 :updateDisplay:y :drawItemColor.14:length 10
+  684 draw rect 22 :drawTitleRow.5:y :drawItemColor.14:length 10
   685 draw col %00FF00FF
-    * draw lineRect 22 :updateDisplay:y 126 10
-    * op add *tmp463 :updateDisplay:y 5
-    * op add *tmp464 :drawItem.14:y 7
-    * set :drawBold.14:x 174
-    * set :drawBold.14:y *tmp464
-    * set :drawBold.14:alignment @right
-    * set :drawText.40:x 174
+  686 draw lineRect 22 :drawTitleRow.5:y 126 10
+  687 op add *tmp463 :drawTitleRow.5:y 5
+  688 op add *tmp464 :drawTitleRow.5:y 7
   689 print .transportTarget
-    * draw print :drawItemColor.14:textX *tmp464 @right
+  690 draw print 174 *tmp464 @right
   691 label *label204
-    * op add :drawText.41:x 174 1
   692 print .transportTarget
   693 draw print 175 *tmp464 @right
   694 label *label205
   695 label *label203
-    * op add :drawItemColor.14:col 0 1
   696 jump *label206 lessThan 1 1
-    * op sub :drawItemColor.14:y :updateDisplay:y 15
+  697 op sub :drawItemColor.14:y :drawTitleRow.5:y 15
   698 label *label206
   699 label *label207
   700 label *label202
-    * set :drawItem.14:y :drawItemColor.14:y
   701 label *label201
   702 label *label200
   703 set :updateDisplay:y :drawItemColor.14:y
 
   713 label *label211
   714 set *tmp472 20
   715 label *label212
-    * set :drawPower:pos *tmp472
   716 jump *label213 greaterThanEq :updateDisplay:y *tmp472
   717 jump *label208 always
   718 label *label213
 
   724 label *label215
   725 set *tmp475 "Power"
   726 label *label216
-    * set :drawTitleRow.6:y *tmp472
-    * set :drawTitleRow.6:alignment @bottomLeft
-    * set :drawText.42:y *tmp472
   727 print *tmp475
   728 draw print 22 *tmp472 @bottomLeft
   729 label *label218
-    * set :drawText.43:y *tmp472
   730 print *tmp475
   731 draw print 23 *tmp472 @bottomLeft
   732 label *label219
 
   736 sensor :drawPower:power AJTJK-battery1 @totalPower
   737 op div *tmp478 :drawPower:power 40
   738 op floor *tmp479 *tmp478
-    * op mul *tmp484 126 :drawPower:power
   739 op mul *tmp485 :drawPower:power 0.0315
   740 op min :drawItemColor.15:length 126 *tmp485
-    * op add :drawItemColor.15:textX 174 0
   741 draw col %[white]
-    * op add *tmp496 :drawTitleRow.6:y 5
+  742 op sub *tmp496 *tmp472 10
   743 draw image 11 *tmp496 @battery 14 0
   744 draw col %808000FF
   745 draw rect 22 :drawTitleRow.6:y :drawItemColor.15:length 10
   746 draw col %FFFF00FF
   747 draw lineRect 22 :drawTitleRow.6:y 126 10
-    * op add *tmp497 :drawTitleRow.6:y 5
-    * op add *tmp498 :drawPower:pos 7
-    * set :drawBold.15:x 174
-    * set :drawBold.15:y *tmp498
-    * set :drawBold.15:alignment @right
-    * set :drawText.44:x 174
+  748 op sub *tmp497 *tmp472 10
+  749 op add *tmp498 :drawTitleRow.6:y 7
   750 print *tmp479
   751 print "%"
   752 draw print 174 *tmp498 @right
   753 label *label222
-    * op add :drawText.45:x 174 1
   754 print *tmp479
   755 print "%"
   756 draw print 175 *tmp498 @right
   757 label *label223
   758 label *label221
   759 jump *label224 lessThan 1 1
-    * op sub :drawItemColor.15:y :drawTitleRow.6:y 15
+  760 op sub :drawItemColor.15:y *tmp472 30
   761 label *label224
   762 label *label225
   763 label *label220
 
   766 sensor :drawPower:water AÜAOJ[-liquid-container17 @totalLiquids
   767 op div *tmp505 :drawPower:water 7
   768 op floor *tmp506 *tmp505
-    * op mul *tmp511 126 :drawPower:water
   769 op mul *tmp512 :drawPower:water 0.18
   770 op min :drawItemColor.16:length 126 *tmp512
-    * op add :drawItemColor.16:textX 174 0
   771 draw col %[white]
-    * op add *tmp523 :drawItemColor.15:y 5
+  772 op sub *tmp523 :drawTitleRow.6:y 10
   773 draw image 11 *tmp523 @liquid-container 14 0
   774 draw col %5A5AAAFF
   775 draw rect 22 :drawItemColor.15:y :drawItemColor.16:length 10
   776 draw col %AFAFFFFF
   777 draw lineRect 22 :drawItemColor.15:y 126 10
-    * op add *tmp524 :drawItemColor.15:y 5
-    * op add *tmp525 :drawPower:pos 7
-    * set :drawBold.16:x 174
-    * set :drawBold.16:y *tmp525
-    * set :drawBold.16:alignment @right
-    * set :drawText.46:x 174
+  778 op sub *tmp524 :drawTitleRow.6:y 10
+  779 op add *tmp525 :drawItemColor.15:y 7
   780 print *tmp506
   781 print "%"
   782 draw print 174 *tmp525 @right
   783 label *label230
-    * op add :drawText.47:x 174 1
   784 print *tmp506
   785 print "%"
   786 draw print 175 *tmp525 @right
   787 label *label231
   788 label *label229
   789 jump *label232 lessThan 1 1
-    * op sub :drawItemColor.16:y :drawItemColor.15:y 15
+  790 op sub :drawItemColor.16:y :drawTitleRow.6:y 30
   791 label *label232
   792 label *label233
   793 label *label228
 
   804 jump *label237 equal .pageSwitched false
   805 read .lastTail bank2 511
   806 draw col %[gold]
-    * set :drawBold.17:x 11
-    * set :drawBold.17:y 206
-    * set :drawBold.17:alignment @left
   807 print "Resources"
   808 draw print 11 206 @left
   809 label *label240
 
   904 draw image 0 0 @core-shard 6 0
   905 draw reset
   906 draw col %[gold]
-    * set :drawBold.18:x 90
-    * set :drawBold.18:y 206
-    * set :drawBold.18:alignment @center
   907 print "Base map"
   908 draw print 90 206 @center
   909 label *label270
 
   985 op max :displayLog:stop :displayLog:logPosition *tmp593
   986 jump *label291 equal .pageSwitched false
   987 draw col %[gold]
-    * set :drawBold.19:x 4
-    * set :drawBold.19:y 206
-    * set :drawBold.19:alignment @left
   988 print "Build records"
   989 draw print 4 206 @left
   990 label *label294
 
  1010 read :displayLog:record bank1 :displayLog:position
  1011 op sub *tmp602 :displayLog:start :displayLog:position
  1012 op sub *tmp603 *tmp602 1
-    * set :displayRecord:record :displayLog:record
  1013 op idiv :displayRecord:col *tmp603 13
  1014 op mod :displayRecord:row *tmp603 13
  1015 op mul *tmp606 58 :displayRecord:col
 
  1121 label *label317
  1122 set *tmp646 ""
  1123 label *label318
-    * set :drawBold.20:x 25
-    * set :drawBold.20:y 71
-    * set :drawBold.20:alignment @center
  1124 print :drawHeader:m
  1125 print ":"
  1126 print *tmp646
 
  1139 jump *label316 always
  1140 label *label315
  1141 draw col %[gold]
-    * set :drawBold.21:x 42
-    * set :drawBold.21:y 261
-    * set :drawBold.21:alignment @bottom
  1142 print "Goal"
  1143 draw print 42 261 @bottom
  1144 label *label323
 
  1244 label *label353
  1245 jump *label354 equal A¨SSJh-container30 null
  1246 sensor :drawHeader:count.1 A¨SSJh-container30 @scrap
-    * set :drawHeader:x.1 174
  1247 op log10 *tmp680 :drawHeader:count.1
  1248 op floor :drawHeader:len *tmp680
  1249 print "x"
 
  1254 op sub *tmp684 154 *tmp683
  1255 draw image *tmp684 246 @scrap 12 0
  1256 sensor :drawHeader:count.1 A¨SSJh-container30 @sand
-    * set :drawHeader:x.1 124
  1257 op log10 *tmp686 :drawHeader:count.1
  1258 op floor :drawHeader:len *tmp686
  1259 print "x"
 
  1268 jump *label358 equal .titaniumDrill false
  1269 sensor *tmp692 .titaniumDrill @titanium
  1270 op max :drawHeader:count.2 .titaniumDrillCount *tmp692
-    * set :drawHeader:x.2 174
  1271 op log10 *tmp694 :drawHeader:count.2
  1272 op floor :drawHeader:len.1 *tmp694
  1273 print "x"
 
  1281 label *label359
  1282 jump *label361 equal .thoriumContainer false
  1283 sensor :drawHeader:count.3 .thoriumContainer @thorium
-    * set :drawHeader:x.3 124
  1284 op log10 *tmp701 :drawHeader:count.3
  1285 op floor :drawHeader:len.2 *tmp701
  1286 print "x"
 
  1334 return :drawHeader*retaddr
  1335 end
  1336 label *label8
-    * set :unpackCfg2:cfg :drawBlock:cfg
-    * set *tmp715 1
  1337 read *tmp716 :drawBlock:cfg 1
  1338 op sub *tmp717 *tmp716 74
  1339 lookup block :unpackCfg:type *tmp717
-    * set *tmp719 2
  1340 read *tmp720 :drawBlock:cfg 2
  1341 op sub *tmp721 *tmp720 74
  1342 op div :unpackCfg:x *tmp721 2
-    * set *tmp723 3
  1343 read *tmp724 :drawBlock:cfg 3
  1344 op sub *tmp725 *tmp724 74
  1345 op div :unpackCfg:y *tmp725 2
-    * set *tmp727 4
  1346 read *tmp728 :drawBlock:cfg 4
  1347 op sub :unpackCfg:rotation *tmp728 74
-    * set *tmp730 5
  1348 read *tmp731 :drawBlock:cfg 5
  1349 op sub :unpackCfg:ind *tmp731 74
  1350 sensor :unpackCfg:size :unpackCfg:type @size
  1351 label *label378
-    * set :unpackCfg2:type :unpackCfg:type
-    * set :unpackCfg2:x :unpackCfg:x
-    * set :unpackCfg2:y :unpackCfg:y
-    * set :unpackCfg2:rotation :unpackCfg:rotation
-    * set :unpackCfg2:size :unpackCfg:size
-    * set :unpackCfg2:index :unpackCfg:ind
  1352 label *label377
  1353 op shl *tmp741 1 :unpackCfg:ind
  1354 op and :drawBlock:built .blocksBuilt *tmp741

Modifications by Iterated phase, Data Flow Optimization, pass 1, iteration 4 (-62 instructions):
 
    77 print "Locating ore..."
    78 draw print 23 201 @bottomLeft
    79 label *label43
-    * op sub :drawTitleRow:y 201 15
    80 label *label41
-    * set :drawItem:y 186
    81 set :drawItem:item .nextBlock
    82 read :drawItem:current processor1 ".mapProgress"
    83 read :drawItem:target processor1 ".mapTotal"
-    * set :drawItemColor:y 186
    84 op mul *tmp84 126 :drawItem:current
    85 op div *tmp85 *tmp84 :drawItem:target
    86 op min :drawItemColor:length 126 *tmp85
-    * op add :drawItemColor:textX 174 0
    87 draw col %[white]
-    * op add *tmp96 186 5
    88 draw image 11 191 :drawItem:item 14 0
    89 draw col %008000FF
    90 draw rect 22 186 :drawItemColor:length 10
    91 draw col %00FF00FF
    92 draw lineRect 22 186 126 10
-    * op add *tmp97 186 5
-    * op add *tmp98 186 7
-    * set :drawBold:y 193
    93 print "x"
    94 read *tmp99 processor1 ".mapSpots"
    95 print *tmp99
 
   102 label *label48
   103 label *label46
   104 jump *label49 lessThan 1 1
-    * op sub :drawItemColor:y 186 15
   105 label *label49
   106 label *label50
   107 label *label45
-    * set :drawItem:y 171
   108 label *label44
   109 op sub :updateDisplay:y 171 35
   110 jump *label38 always
 
   119 label *label55
   120 label *label53
   121 set :updateDisplay:y 186
-    * set :drawMaterials:columns 1
   122 jump *label56 equal :drawMaterials:count false
   123 set :drawMaterials:item @copper
   124 set :drawMaterials:target .targetCopper
 
   156 label *label58
   157 jump *label68 lessThanEq :drawMaterials:target 0
   158 sensor *tmp111 .core :drawMaterials:item
-    * set :drawItem.1:col :drawMaterials:col
-    * set :drawItem.1:y :updateDisplay:y
   159 set :drawItemColor.1:y :updateDisplay:y
-    * op mul *tmp113 1 88
-    * op sub :drawItemColor.1:barLength 214 88
-    * op add :drawItemColor.1:textEnd 48 126
   160 op mul *tmp116 126 *tmp111
   161 op div *tmp117 *tmp116 :drawMaterials:target
   162 op min :drawItemColor.1:length 126 *tmp117
   163 op mul *tmp120 :drawMaterials:col 88
   164 op add :drawItemColor.1:iconX 11 *tmp120
-    * op mul *tmp123 :drawMaterials:col 88
   165 op add :drawItemColor.1:barX 22 *tmp120
-    * op mul *tmp126 :drawMaterials:col 88
   166 op add :drawItemColor.1:textX 174 *tmp120
   167 draw col %[white]
   168 op add *tmp128 :updateDisplay:y 5
 
   175 print :drawMaterials:target
   176 draw print :drawItemColor.1:textX *tmp130 @right
   177 label *label73
-    * op add :drawText.7:x :drawItemColor.1:textX 1
+  178 op add :drawText.7:x *tmp120 175
   179 print :drawMaterials:target
   180 draw print :drawText.7:x *tmp130 @right
   181 label *label74
 
   231 jump *label87 notEqual :drawAirFactory:progress 0
   232 jump *label89 notEqual .nextFactory @flare
   233 sensor *tmp147 A¾BFLW-air-factory13 @silicon
-    * set :drawItem.2:y :drawTitleRow.2:y
-    * op mul *tmp152 126 *tmp147
   234 op mul *tmp153 *tmp147 8.4
   235 op min :drawItemColor.2:length 126 *tmp153
-    * op add :drawItemColor.2:textX 174 0
   236 draw col %[white]
-    * op add *tmp164 :drawTitleRow.2:y 5
+  237 op sub *tmp164 :updateDisplay:y 10
   238 draw image 11 *tmp164 @silicon 14 0
   239 draw col %008000FF
   240 draw rect 22 :drawTitleRow.2:y :drawItemColor.2:length 10
   241 draw col %00FF00FF
   242 draw lineRect 22 :drawTitleRow.2:y 126 10
-    * op add *tmp166 :drawTitleRow.2:y 7
+  243 op sub *tmp166 :updateDisplay:y 8
   244 print 15
   245 draw print 174 *tmp166 @right
   246 label *label94
 
   249 label *label95
   250 label *label93
   251 jump *label96 lessThan 1 1
-    * op sub :drawItemColor.2:y :drawTitleRow.2:y 15
+  252 op sub :drawItemColor.2:y :updateDisplay:y 30
   253 label *label96
   254 label *label97
   255 label *label92
 
   258 jump *label90 always
   259 label *label89
   260 sensor *tmp170 A¾BFLW-air-factory13 @lead
-    * set :drawItem.3:y :drawTitleRow.2:y
-    * op mul *tmp175 126 *tmp170
   261 op mul *tmp176 *tmp170 8.4
   262 op min :drawItemColor.3:length 126 *tmp176
-    * op add :drawItemColor.3:textX 174 0
   263 draw col %[white]
-    * op add *tmp187 :drawTitleRow.2:y 5
+  264 op sub *tmp187 :updateDisplay:y 10
   265 draw image 11 *tmp187 @lead 14 0
   266 draw col %008000FF
   267 draw rect 22 :drawTitleRow.2:y :drawItemColor.3:length 10
   268 draw col %00FF00FF
   269 draw lineRect 22 :drawTitleRow.2:y 126 10
-    * op add *tmp189 :drawTitleRow.2:y 7
+  270 op sub *tmp189 :updateDisplay:y 8
   271 print 15
   272 draw print 174 *tmp189 @right
   273 label *label101
 
   276 label *label102
   277 label *label100
   278 jump *label103 lessThan 1 1
-    * op sub :drawItemColor.3:y :drawTitleRow.2:y 15
+  279 op sub :drawItemColor.3:y :updateDisplay:y 30
   280 label *label103
   281 label *label104
   282 label *label99
-    * set :drawItem.3:y :drawItemColor.3:y
   283 label *label98
   284 sensor *tmp193 A¾BFLW-air-factory13 @silicon
-    * set :drawItem.4:y :drawItemColor.3:y
-    * op mul *tmp198 126 *tmp193
   285 op mul *tmp199 *tmp193 4.2
   286 op min :drawItemColor.4:length 126 *tmp199
-    * op add :drawItemColor.4:textX 174 0
   287 draw col %[white]
-    * op add *tmp210 :drawItemColor.3:y 5
+  288 op sub *tmp210 :drawTitleRow.2:y 10
   289 draw image 11 *tmp210 @silicon 14 0
   290 draw col %008000FF
   291 draw rect 22 :drawItemColor.3:y :drawItemColor.4:length 10
   292 draw col %00FF00FF
   293 draw lineRect 22 :drawItemColor.3:y 126 10
-    * op add *tmp211 :drawItemColor.3:y 5
-    * op add *tmp212 :drawItemColor.3:y 7
+  294 op sub *tmp211 :drawTitleRow.2:y 10
+  295 op sub *tmp212 :drawTitleRow.2:y 8
   296 print 30
   297 draw print 174 *tmp212 @right
   298 label *label108
 
   301 label *label109
   302 label *label107
   303 jump *label110 lessThan 1 1
-    * op sub :drawItemColor.4:y :drawItemColor.3:y 15
+  304 op sub :drawItemColor.4:y :drawTitleRow.2:y 30
   305 label *label110
   306 label *label111
   307 label *label106
 
   312 label *label87
   313 op mul *tmp216 100 :drawAirFactory:progress
   314 op floor *tmp217 *tmp216
-    * set :drawItem.5:y :drawTitleRow.2:y
   315 set :drawItem.5:item .nextFactory
   316 op mul *tmp222 126 :drawAirFactory:progress
   317 op mul *tmp223 :drawAirFactory:progress 126
-    * op min :drawItemColor.5:length 126 *tmp223
-    * op add :drawItemColor.5:textX 174 0
+  318 op min :drawItemColor.5:length 126 *tmp222
   319 draw col %[white]
-    * op add *tmp234 :drawTitleRow.2:y 5
+  320 op sub *tmp234 :updateDisplay:y 10
   321 draw image 11 *tmp234 :drawItem.5:item 14 0
   322 draw col %008000FF
   323 draw rect 22 :drawTitleRow.2:y :drawItemColor.5:length 10
   324 draw col %00FF00FF
   325 draw lineRect 22 :drawTitleRow.2:y 126 10
-    * op add *tmp236 :drawTitleRow.2:y 7
+  326 op sub *tmp236 :updateDisplay:y 8
   327 print *tmp217
   328 print "%"
   329 draw print 174 *tmp236 @right
 
   334 label *label116
   335 label *label114
   336 jump *label117 lessThan 1 1
-    * op sub :drawItemColor.5:y :drawTitleRow.2:y 15
+  337 op sub :drawItemColor.5:y :updateDisplay:y 30
   338 label *label117
   339 label *label118
   340 label *label113
 
   359 sensor :drawAddReco:progress AÀF@Lb-additive-reconstructor24 @progress
   360 jump *label125 notEqual :drawAddReco:progress 0
   361 sensor *tmp245 AÀF@Lb-additive-reconstructor24 @graphite
-    * set :drawItem.6:y :drawTitleRow.3:y
-    * op mul *tmp250 126 *tmp245
   362 op mul *tmp251 *tmp245 3.1500000000000004
   363 op min :drawItemColor.6:length 126 *tmp251
-    * op add :drawItemColor.6:textX 174 0
   364 draw col %[white]
-    * op add *tmp262 :drawTitleRow.3:y 5
+  365 op sub *tmp262 :updateDisplay:y 10
   366 draw image 11 *tmp262 @graphite 14 0
   367 draw col %008000FF
   368 draw rect 22 :drawTitleRow.3:y :drawItemColor.6:length 10
   369 draw col %00FF00FF
   370 draw lineRect 22 :drawTitleRow.3:y 126 10
-    * op add *tmp264 :drawTitleRow.3:y 7
+  371 op sub *tmp264 :updateDisplay:y 8
   372 print 40
   373 draw print 174 *tmp264 @right
   374 label *label130
 
   377 label *label131
   378 label *label129
   379 jump *label132 lessThan 1 1
-    * op sub :drawItemColor.6:y :drawTitleRow.3:y 15
+  380 op sub :drawItemColor.6:y :updateDisplay:y 30
   381 label *label132
   382 label *label133
   383 label *label128
-    * set :drawItem.6:y :drawItemColor.6:y
   384 label *label127
   385 sensor *tmp268 AÀF@Lb-additive-reconstructor24 @silicon
-    * set :drawItem.7:y :drawItemColor.6:y
-    * op mul *tmp273 126 *tmp268
   386 op mul *tmp274 *tmp268 3.1500000000000004
   387 op min :drawItemColor.7:length 126 *tmp274
-    * op add :drawItemColor.7:textX 174 0
   388 draw col %[white]
-    * op add *tmp285 :drawItemColor.6:y 5
+  389 op sub *tmp285 :drawTitleRow.3:y 10
   390 draw image 11 *tmp285 @silicon 14 0
   391 draw col %008000FF
   392 draw rect 22 :drawItemColor.6:y :drawItemColor.7:length 10
   393 draw col %00FF00FF
   394 draw lineRect 22 :drawItemColor.6:y 126 10
-    * op add *tmp286 :drawItemColor.6:y 5
-    * op add *tmp287 :drawItemColor.6:y 7
+  395 op sub *tmp286 :drawTitleRow.3:y 10
+  396 op sub *tmp287 :drawTitleRow.3:y 8
   397 print 40
   398 draw print 174 *tmp287 @right
   399 label *label137
 
   402 label *label138
   403 label *label136
   404 jump *label139 lessThan 1 1
-    * op sub :drawItemColor.7:y :drawItemColor.6:y 15
+  405 op sub :drawItemColor.7:y :drawTitleRow.3:y 30
   406 label *label139
   407 label *label140
   408 label *label135
 
   412 label *label125
   413 op mul *tmp291 100 :drawAddReco:progress
   414 op floor *tmp292 *tmp291
-    * set :drawItem.8:y :drawTitleRow.3:y
   415 op mul *tmp297 126 :drawAddReco:progress
   416 op mul *tmp298 :drawAddReco:progress 126
-    * op min :drawItemColor.8:length 126 *tmp298
-    * op add :drawItemColor.8:textX 174 0
+  417 op min :drawItemColor.8:length 126 *tmp297
   418 draw col %[white]
-    * op add *tmp309 :drawTitleRow.3:y 5
+  419 op sub *tmp309 :updateDisplay:y 10
   420 draw image 11 *tmp309 @poly 14 0
   421 draw col %008000FF
   422 draw rect 22 :drawTitleRow.3:y :drawItemColor.8:length 10
   423 draw col %00FF00FF
   424 draw lineRect 22 :drawTitleRow.3:y 126 10
-    * op add *tmp311 :drawTitleRow.3:y 7
+  425 op sub *tmp311 :updateDisplay:y 8
   426 print *tmp292
   427 print "%"
   428 draw print 174 *tmp311 @right
 
   433 label *label145
   434 label *label143
   435 jump *label146 lessThan 1 1
-    * op sub :drawItemColor.8:y :drawTitleRow.3:y 15
+  436 op sub :drawItemColor.8:y :updateDisplay:y 30
   437 label *label146
   438 label *label147
   439 label *label142
 
   459 sensor :drawMultiReco:progress AÁNBJc-multiplicative-reconstructor25 @progress
   460 jump *label154 notEqual :drawMultiReco:progress 0
   461 sensor *tmp321 AÁNBJc-multiplicative-reconstructor25 @metaglass
-    * set :drawItem.9:y :drawTitleRow.4:y
-    * op mul *tmp326 126 *tmp321
   462 op mul *tmp327 *tmp321 3.1500000000000004
   463 op min :drawItemColor.9:length 126 *tmp327
-    * op add :drawItemColor.9:textX 174 0
   464 draw col %[white]
-    * op add *tmp338 :drawTitleRow.4:y 5
+  465 op sub *tmp338 :updateDisplay:y 10
   466 draw image 11 *tmp338 @metaglass 14 0
   467 draw col %008000FF
   468 draw rect 22 :drawTitleRow.4:y :drawItemColor.9:length 10
   469 draw col %00FF00FF
   470 draw lineRect 22 :drawTitleRow.4:y 126 10
-    * op add *tmp340 :drawTitleRow.4:y 7
+  471 op sub *tmp340 :updateDisplay:y 8
   472 print 40
   473 draw print 174 *tmp340 @right
   474 label *label159
 
   477 label *label160
   478 label *label158
   479 jump *label161 lessThan 1 1
-    * op sub :drawItemColor.9:y :drawTitleRow.4:y 15
+  480 op sub :drawItemColor.9:y :updateDisplay:y 30
   481 label *label161
   482 label *label162
   483 label *label157
-    * set :drawItem.9:y :drawItemColor.9:y
   484 label *label156
   485 sensor *tmp344 AÁNBJc-multiplicative-reconstructor25 @titanium
-    * set :drawItem.10:y :drawItemColor.9:y
-    * op mul *tmp349 126 *tmp344
   486 op div *tmp350 *tmp344 0.6349206349206349
   487 op min :drawItemColor.10:length 126 *tmp350
-    * op add :drawItemColor.10:textX 174 0
   488 draw col %[white]
-    * op add *tmp361 :drawItemColor.9:y 5
+  489 op sub *tmp361 :drawTitleRow.4:y 10
   490 draw image 11 *tmp361 @titanium 14 0
   491 draw col %008000FF
   492 draw rect 22 :drawItemColor.9:y :drawItemColor.10:length 10
   493 draw col %00FF00FF
   494 draw lineRect 22 :drawItemColor.9:y 126 10
-    * op add *tmp362 :drawItemColor.9:y 5
-    * op add *tmp363 :drawItemColor.9:y 7
+  495 op sub *tmp362 :drawTitleRow.4:y 10
+  496 op sub *tmp363 :drawTitleRow.4:y 8
   497 print 80
   498 draw print 174 *tmp363 @right
   499 label *label166
 
   502 label *label167
   503 label *label165
   504 jump *label168 lessThan 1 1
-    * op sub :drawItemColor.10:y :drawItemColor.9:y 15
+  505 op sub :drawItemColor.10:y :drawTitleRow.4:y 30
   506 label *label168
   507 label *label169
   508 label *label164
-    * set :drawItem.10:y :drawItemColor.10:y
   509 label *label163
   510 sensor *tmp367 AÁNBJc-multiplicative-reconstructor25 @silicon
-    * set :drawItem.11:y :drawItemColor.10:y
-    * op mul *tmp372 126 *tmp367
   511 op div *tmp373 *tmp367 1.0317460317460319
   512 op min :drawItemColor.11:length 126 *tmp373
-    * op add :drawItemColor.11:textX 174 0
   513 draw col %[white]
-    * op add *tmp384 :drawItemColor.10:y 5
+  514 op sub *tmp384 :drawItemColor.9:y 10
   515 draw image 11 *tmp384 @silicon 14 0
   516 draw col %008000FF
   517 draw rect 22 :drawItemColor.10:y :drawItemColor.11:length 10
   518 draw col %00FF00FF
   519 draw lineRect 22 :drawItemColor.10:y 126 10
-    * op add *tmp385 :drawItemColor.10:y 5
-    * op add *tmp386 :drawItemColor.10:y 7
+  520 op sub *tmp385 :drawItemColor.9:y 10
+  521 op sub *tmp386 :drawItemColor.9:y 8
   522 print 130
   523 draw print 174 *tmp386 @right
   524 label *label173
 
   527 label *label174
   528 label *label172
   529 jump *label175 lessThan 1 1
-    * op sub :drawItemColor.11:y :drawItemColor.10:y 15
+  530 op sub :drawItemColor.11:y :drawItemColor.9:y 30
   531 label *label175
   532 label *label176
   533 label *label171
 
   537 label *label154
   538 op mul *tmp390 100 :drawMultiReco:progress
   539 op floor *tmp391 *tmp390
-    * set :drawItem.12:y :drawTitleRow.4:y
   540 op mul *tmp396 126 :drawMultiReco:progress
   541 op mul *tmp397 :drawMultiReco:progress 126
-    * op min :drawItemColor.12:length 126 *tmp397
-    * op add :drawItemColor.12:textX 174 0
+  542 op min :drawItemColor.12:length 126 *tmp396
   543 draw col %[white]
-    * op add *tmp408 :drawTitleRow.4:y 5
+  544 op sub *tmp408 :updateDisplay:y 10
   545 draw image 11 *tmp408 @mega 14 0
   546 draw col %008000FF
   547 draw rect 22 :drawTitleRow.4:y :drawItemColor.12:length 10
   548 draw col %00FF00FF
   549 draw lineRect 22 :drawTitleRow.4:y 126 10
-    * op add *tmp410 :drawTitleRow.4:y 7
+  550 op sub *tmp410 :updateDisplay:y 8
   551 print *tmp391
   552 print "%"
   553 draw print 174 *tmp410 @right
 
   558 label *label181
   559 label *label179
   560 jump *label182 lessThan 1 1
-    * op sub :drawItemColor.12:y :drawTitleRow.4:y 15
+  561 op sub :drawItemColor.12:y :updateDisplay:y 30
   562 label *label182
   563 label *label183
   564 label *label178
 
   581 label *label189
   582 op sub :drawTitleRow.5:y :updateDisplay:y 15
   583 label *label187
-    * set :updateDisplay:y :drawTitleRow.5:y
   584 jump *label190 notEqual .transportItem null
-    * set :drawItem.13:y :drawTitleRow.5:y
   585 set :drawItem.13:target .transportTarget
   586 op div *tmp423 0 :drawItem.13:target
   587 op min :drawItemColor.13:length 126 *tmp423
-    * op add :drawItemColor.13:textX 174 0
   588 draw col %[white]
   589 op add *tmp434 :drawTitleRow.5:y 5
   590 draw image 11 *tmp434 @poly 14 0
 
   592 draw rect 22 :drawTitleRow.5:y :drawItemColor.13:length 10
   593 draw col %00FF00FF
   594 draw lineRect 22 :drawTitleRow.5:y 126 10
-    * op add *tmp435 :drawTitleRow.5:y 5
   595 op add *tmp436 :drawTitleRow.5:y 7
   596 print .transportTarget
   597 draw print 174 *tmp436 @right
 
   615 op equal *tmp444 :drawBuilder:unitItem .transportItem
   616 op mul *tmp445 *tmp443 *tmp444
   617 set :drawUnit.1:item .transportItem
-    * set :drawItem.14:y :drawTitleRow.5:y
   618 set :drawItem.14:target .transportTarget
   619 op mul *tmp450 126 *tmp445
   620 op div *tmp451 *tmp450 :drawItem.14:target
   621 op min :drawItemColor.14:length 126 *tmp451
-    * op add :drawItemColor.14:textX 174 0
   622 draw col %[white]
   623 op add *tmp462 :drawTitleRow.5:y 5
   624 draw image 11 *tmp462 :drawUnit.1:item 14 0
 
   626 draw rect 22 :drawTitleRow.5:y :drawItemColor.14:length 10
   627 draw col %00FF00FF
   628 draw lineRect 22 :drawTitleRow.5:y 126 10
-    * op add *tmp463 :drawTitleRow.5:y 5
   629 op add *tmp464 :drawTitleRow.5:y 7
   630 print .transportTarget
   631 draw print 174 *tmp464 @right
 
   673 label *label219
   674 op sub :drawTitleRow.6:y *tmp472 15
   675 label *label217
-    * set :drawPower:pos :drawTitleRow.6:y
   676 sensor :drawPower:power AJTJK-battery1 @totalPower
   677 op div *tmp478 :drawPower:power 40
   678 op floor *tmp479 *tmp478
 
   685 draw rect 22 :drawTitleRow.6:y :drawItemColor.15:length 10
   686 draw col %FFFF00FF
   687 draw lineRect 22 :drawTitleRow.6:y 126 10
-    * op sub *tmp497 *tmp472 10
-    * op add *tmp498 :drawTitleRow.6:y 7
+  688 op sub *tmp498 *tmp472 8
   689 print *tmp479
   690 print "%"
   691 draw print 174 *tmp498 @right
 
   700 label *label224
   701 label *label225
   702 label *label220
-    * set :drawPower:pos :drawItemColor.15:y
   703 jump *label226 equal AÜAOJ[-liquid-container17 false
   704 sensor :drawPower:water AÜAOJ[-liquid-container17 @totalLiquids
   705 op div *tmp505 :drawPower:water 7
 
   707 op mul *tmp512 :drawPower:water 0.18
   708 op min :drawItemColor.16:length 126 *tmp512
   709 draw col %[white]
-    * op sub *tmp523 :drawTitleRow.6:y 10
+  710 op sub *tmp523 *tmp472 25
   711 draw image 11 *tmp523 @liquid-container 14 0
   712 draw col %5A5AAAFF
   713 draw rect 22 :drawItemColor.15:y :drawItemColor.16:length 10
   714 draw col %AFAFFFFF
   715 draw lineRect 22 :drawItemColor.15:y 126 10
-    * op sub *tmp524 :drawTitleRow.6:y 10
-    * op add *tmp525 :drawItemColor.15:y 7
+  716 op sub *tmp524 *tmp472 25
+  717 op sub *tmp525 *tmp472 23
   718 print *tmp506
   719 print "%"
   720 draw print 174 *tmp525 @right
 
   725 label *label231
   726 label *label229
   727 jump *label232 lessThan 1 1
-    * op sub :drawItemColor.16:y :drawTitleRow.6:y 30
+  728 op sub :drawItemColor.16:y *tmp472 45
   729 label *label232
   730 label *label233
   731 label *label228
 
  1302 set *tmp746 %408040ff
  1303 label *label382
  1304 draw col *tmp746
-    * op mul *tmp747 2 :unpackCfg:x
-    * op mul *tmp748 2 :unpackCfg:y
+ 1305 op div *tmp747 *tmp721 1
+ 1306 op div *tmp748 *tmp725 1
  1307 op mul *tmp749 2 :unpackCfg:size
  1308 op mul *tmp750 90 :unpackCfg:rotation
  1309 draw image *tmp747 *tmp748 :unpackCfg:type *tmp749 *tmp750

Modifications by Iterated phase, Data Flow Optimization, pass 1, iteration 5 (-11 instructions):
 
   249 label *label95
   250 label *label93
   251 jump *label96 lessThan 1 1
-    * op sub :drawItemColor.2:y :updateDisplay:y 30
   252 label *label96
   253 label *label97
   254 label *label92
 
   284 op mul *tmp199 *tmp193 4.2
   285 op min :drawItemColor.4:length 126 *tmp199
   286 draw col %[white]
-    * op sub *tmp210 :drawTitleRow.2:y 10
+  287 op sub *tmp210 :updateDisplay:y 25
   288 draw image 11 *tmp210 @silicon 14 0
   289 draw col %008000FF
   290 draw rect 22 :drawItemColor.3:y :drawItemColor.4:length 10
   291 draw col %00FF00FF
   292 draw lineRect 22 :drawItemColor.3:y 126 10
-    * op sub *tmp211 :drawTitleRow.2:y 10
-    * op sub *tmp212 :drawTitleRow.2:y 8
+  293 op sub *tmp211 :updateDisplay:y 25
+  294 op sub *tmp212 :updateDisplay:y 23
   295 print 30
   296 draw print 174 *tmp212 @right
   297 label *label108
 
   300 label *label109
   301 label *label107
   302 jump *label110 lessThan 1 1
-    * op sub :drawItemColor.4:y :drawTitleRow.2:y 30
+  303 op sub :drawItemColor.4:y :updateDisplay:y 45
   304 label *label110
   305 label *label111
   306 label *label106
 
   313 op floor *tmp217 *tmp216
   314 set :drawItem.5:item .nextFactory
   315 op mul *tmp222 126 :drawAirFactory:progress
-    * op mul *tmp223 :drawAirFactory:progress 126
   316 op min :drawItemColor.5:length 126 *tmp222
   317 draw col %[white]
   318 op sub *tmp234 :updateDisplay:y 10
 
   332 label *label116
   333 label *label114
   334 jump *label117 lessThan 1 1
-    * op sub :drawItemColor.5:y :updateDisplay:y 30
   335 label *label117
   336 label *label118
   337 label *label113
 
   383 op mul *tmp274 *tmp268 3.1500000000000004
   384 op min :drawItemColor.7:length 126 *tmp274
   385 draw col %[white]
-    * op sub *tmp285 :drawTitleRow.3:y 10
+  386 op sub *tmp285 :updateDisplay:y 25
   387 draw image 11 *tmp285 @silicon 14 0
   388 draw col %008000FF
   389 draw rect 22 :drawItemColor.6:y :drawItemColor.7:length 10
   390 draw col %00FF00FF
   391 draw lineRect 22 :drawItemColor.6:y 126 10
-    * op sub *tmp286 :drawTitleRow.3:y 10
-    * op sub *tmp287 :drawTitleRow.3:y 8
+  392 op sub *tmp286 :updateDisplay:y 25
+  393 op sub *tmp287 :updateDisplay:y 23
   394 print 40
   395 draw print 174 *tmp287 @right
   396 label *label137
 
   399 label *label138
   400 label *label136
   401 jump *label139 lessThan 1 1
-    * op sub :drawItemColor.7:y :drawTitleRow.3:y 30
+  402 op sub :drawItemColor.7:y :updateDisplay:y 45
   403 label *label139
   404 label *label140
   405 label *label135
 
   410 op mul *tmp291 100 :drawAddReco:progress
   411 op floor *tmp292 *tmp291
   412 op mul *tmp297 126 :drawAddReco:progress
-    * op mul *tmp298 :drawAddReco:progress 126
   413 op min :drawItemColor.8:length 126 *tmp297
   414 draw col %[white]
   415 op sub *tmp309 :updateDisplay:y 10
 
   429 label *label145
   430 label *label143
   431 jump *label146 lessThan 1 1
-    * op sub :drawItemColor.8:y :updateDisplay:y 30
   432 label *label146
   433 label *label147
   434 label *label142
 
   481 op div *tmp350 *tmp344 0.6349206349206349
   482 op min :drawItemColor.10:length 126 *tmp350
   483 draw col %[white]
-    * op sub *tmp361 :drawTitleRow.4:y 10
+  484 op sub *tmp361 :updateDisplay:y 25
   485 draw image 11 *tmp361 @titanium 14 0
   486 draw col %008000FF
   487 draw rect 22 :drawItemColor.9:y :drawItemColor.10:length 10
   488 draw col %00FF00FF
   489 draw lineRect 22 :drawItemColor.9:y 126 10
-    * op sub *tmp362 :drawTitleRow.4:y 10
-    * op sub *tmp363 :drawTitleRow.4:y 8
+  490 op sub *tmp362 :updateDisplay:y 25
+  491 op sub *tmp363 :updateDisplay:y 23
   492 print 80
   493 draw print 174 *tmp363 @right
   494 label *label166
 
   497 label *label167
   498 label *label165
   499 jump *label168 lessThan 1 1
-    * op sub :drawItemColor.10:y :drawTitleRow.4:y 30
+  500 op sub :drawItemColor.10:y :updateDisplay:y 45
   501 label *label168
   502 label *label169
   503 label *label164
 
   506 op div *tmp373 *tmp367 1.0317460317460319
   507 op min :drawItemColor.11:length 126 *tmp373
   508 draw col %[white]
-    * op sub *tmp384 :drawItemColor.9:y 10
+  509 op sub *tmp384 :updateDisplay:y 40
   510 draw image 11 *tmp384 @silicon 14 0
   511 draw col %008000FF
   512 draw rect 22 :drawItemColor.10:y :drawItemColor.11:length 10
   513 draw col %00FF00FF
   514 draw lineRect 22 :drawItemColor.10:y 126 10
-    * op sub *tmp385 :drawItemColor.9:y 10
-    * op sub *tmp386 :drawItemColor.9:y 8
+  515 op sub *tmp385 :updateDisplay:y 40
+  516 op sub *tmp386 :updateDisplay:y 38
   517 print 130
   518 draw print 174 *tmp386 @right
   519 label *label173
 
   522 label *label174
   523 label *label172
   524 jump *label175 lessThan 1 1
-    * op sub :drawItemColor.11:y :drawItemColor.9:y 30
+  525 op sub :drawItemColor.11:y :updateDisplay:y 60
   526 label *label175
   527 label *label176
   528 label *label171
 
   533 op mul *tmp390 100 :drawMultiReco:progress
   534 op floor *tmp391 *tmp390
   535 op mul *tmp396 126 :drawMultiReco:progress
-    * op mul *tmp397 :drawMultiReco:progress 126
   536 op min :drawItemColor.12:length 126 *tmp396
   537 draw col %[white]
   538 op sub *tmp408 :updateDisplay:y 10
 
   552 label *label181
   553 label *label179
   554 jump *label182 lessThan 1 1
-    * op sub :drawItemColor.12:y :updateDisplay:y 30
   555 label *label182
   556 label *label183
   557 label *label178
 
   579 op div *tmp423 0 :drawItem.13:target
   580 op min :drawItemColor.13:length 126 *tmp423
   581 draw col %[white]
-    * op add *tmp434 :drawTitleRow.5:y 5
+  582 op sub *tmp434 :updateDisplay:y 10
   583 draw image 11 *tmp434 @poly 14 0
   584 draw col %008000FF
   585 draw rect 22 :drawTitleRow.5:y :drawItemColor.13:length 10
   586 draw col %00FF00FF
   587 draw lineRect 22 :drawTitleRow.5:y 126 10
-    * op add *tmp436 :drawTitleRow.5:y 7
+  588 op sub *tmp436 :updateDisplay:y 8
   589 print .transportTarget
   590 draw print 174 *tmp436 @right
   591 label *label196
 
   594 label *label197
   595 label *label195
   596 jump *label198 lessThan 1 1
-    * op sub :drawItemColor.13:y :drawTitleRow.5:y 15
+  597 op sub :drawItemColor.13:y :updateDisplay:y 30
   598 label *label198
   599 label *label199
   600 label *label194
 
   613 op div *tmp451 *tmp450 :drawItem.14:target
   614 op min :drawItemColor.14:length 126 *tmp451
   615 draw col %[white]
-    * op add *tmp462 :drawTitleRow.5:y 5
+  616 op sub *tmp462 :updateDisplay:y 10
   617 draw image 11 *tmp462 :drawUnit.1:item 14 0
   618 draw col %008000FF
   619 draw rect 22 :drawTitleRow.5:y :drawItemColor.14:length 10
   620 draw col %00FF00FF
   621 draw lineRect 22 :drawTitleRow.5:y 126 10
-    * op add *tmp464 :drawTitleRow.5:y 7
+  622 op sub *tmp464 :updateDisplay:y 8
   623 print .transportTarget
   624 draw print 174 *tmp464 @right
   625 label *label204
 
   628 label *label205
   629 label *label203
   630 jump *label206 lessThan 1 1
-    * op sub :drawItemColor.14:y :drawTitleRow.5:y 15
+  631 op sub :drawItemColor.14:y :updateDisplay:y 30
   632 label *label206
   633 label *label207
   634 label *label202
 
   706 draw rect 22 :drawItemColor.15:y :drawItemColor.16:length 10
   707 draw col %AFAFFFFF
   708 draw lineRect 22 :drawItemColor.15:y 126 10
-    * op sub *tmp524 *tmp472 25
   709 op sub *tmp525 *tmp472 23
   710 print *tmp506
   711 print "%"
 
   717 label *label231
   718 label *label229
   719 jump *label232 lessThan 1 1
-    * op sub :drawItemColor.16:y *tmp472 45
   720 label *label232
   721 label *label233
   722 label *label228
 
  1268 lookup block :unpackCfg:type *tmp717
  1269 read *tmp720 :drawBlock:cfg 2
  1270 op sub *tmp721 *tmp720 74
-    * op div :unpackCfg:x *tmp721 2
  1271 read *tmp724 :drawBlock:cfg 3
  1272 op sub *tmp725 *tmp724 74
-    * op div :unpackCfg:y *tmp725 2
  1273 read *tmp728 :drawBlock:cfg 4
  1274 op sub :unpackCfg:rotation *tmp728 74
  1275 read *tmp731 :drawBlock:cfg 5

Modifications by Iterated phase, Data Flow Optimization, pass 1, iteration 6 (-4 instructions):
 
   290 draw rect 22 :drawItemColor.3:y :drawItemColor.4:length 10
   291 draw col %00FF00FF
   292 draw lineRect 22 :drawItemColor.3:y 126 10
-    * op sub *tmp211 :updateDisplay:y 25
   293 op sub *tmp212 :updateDisplay:y 23
   294 print 30
   295 draw print 174 *tmp212 @right
 
   388 draw rect 22 :drawItemColor.6:y :drawItemColor.7:length 10
   389 draw col %00FF00FF
   390 draw lineRect 22 :drawItemColor.6:y 126 10
-    * op sub *tmp286 :updateDisplay:y 25
   391 op sub *tmp287 :updateDisplay:y 23
   392 print 40
   393 draw print 174 *tmp287 @right
 
   485 draw rect 22 :drawItemColor.9:y :drawItemColor.10:length 10
   486 draw col %00FF00FF
   487 draw lineRect 22 :drawItemColor.9:y 126 10
-    * op sub *tmp362 :updateDisplay:y 25
   488 op sub *tmp363 :updateDisplay:y 23
   489 print 80
   490 draw print 174 *tmp363 @right
 
   509 draw rect 22 :drawItemColor.10:y :drawItemColor.11:length 10
   510 draw col %00FF00FF
   511 draw lineRect 22 :drawItemColor.10:y 126 10
-    * op sub *tmp385 :updateDisplay:y 40
   512 op sub *tmp386 :updateDisplay:y 38
   513 print 130
   514 draw print 174 *tmp386 @right

Modifications by Iterated phase, Expression Optimization, pass 1, iteration 1 (-8 instructions):
 
   308 label *label90
   309 jump *label88 always
   310 label *label87
-    * op mul *tmp216 100 :drawAirFactory:progress
-    * op floor *tmp217 *tmp216
+  311 op idiv *tmp217 :drawAirFactory:progress 0.01
   312 set :drawItem.5:item .nextFactory
   313 op mul *tmp222 126 :drawAirFactory:progress
   314 op min :drawItemColor.5:length 126 *tmp222
 
   404 set :updateDisplay:y :drawItemColor.7:y
   405 jump *label126 always
   406 label *label125
-    * op mul *tmp291 100 :drawAddReco:progress
-    * op floor *tmp292 *tmp291
+  407 op idiv *tmp292 :drawAddReco:progress 0.01
   408 op mul *tmp297 126 :drawAddReco:progress
   409 op min :drawItemColor.8:length 126 *tmp297
   410 draw col %[white]
 
   524 set :updateDisplay:y :drawItemColor.11:y
   525 jump *label155 always
   526 label *label154
-    * op mul *tmp390 100 :drawMultiReco:progress
-    * op floor *tmp391 *tmp390
+  527 op idiv *tmp391 :drawMultiReco:progress 0.01
   528 op mul *tmp396 126 :drawMultiReco:progress
   529 op min :drawItemColor.12:length 126 *tmp396
   530 draw col %[white]
 
   569 label *label187
   570 jump *label190 notEqual .transportItem null
   571 set :drawItem.13:target .transportTarget
-    * op div *tmp423 0 :drawItem.13:target
+  572 set *tmp423 0
   573 op min :drawItemColor.13:length 126 *tmp423
   574 draw col %[white]
   575 op sub *tmp434 :updateDisplay:y 10
 
   660 op sub :drawTitleRow.6:y *tmp472 15
   661 label *label217
   662 sensor :drawPower:power AJTJK-battery1 @totalPower
-    * op div *tmp478 :drawPower:power 40
-    * op floor *tmp479 *tmp478
+  663 op idiv *tmp479 :drawPower:power 40
   664 op mul *tmp485 :drawPower:power 0.0315
   665 op min :drawItemColor.15:length 126 *tmp485
   666 draw col %[white]
 
   687 label *label220
   688 jump *label226 equal AÜAOJ[-liquid-container17 false
   689 sensor :drawPower:water AÜAOJ[-liquid-container17 @totalLiquids
-    * op div *tmp505 :drawPower:water 7
-    * op floor *tmp506 *tmp505
+  690 op idiv *tmp506 :drawPower:water 7
   691 op mul *tmp512 :drawPower:water 0.18
   692 op min :drawItemColor.16:length 126 *tmp512
   693 draw col %[white]
 
   944 label *label302
   945 lookup block *tmp612 :displayRecord:id
   946 label *label303
-    * op div *tmp617 :displayLog:record 120000
-    * op floor :displayRecord:t *tmp617
+  947 op idiv :displayRecord:t :displayLog:record 120000
   948 op idiv :displayRecord:m :displayRecord:t 60
   949 op mod :displayRecord:s :displayRecord:t 60
   950 jump *label304 greaterThanEq :displayRecord:s 10
 
  1030 draw col %[gold]
  1031 draw scale 3.5 3.5
  1032 read *tmp641 processor2 "time"
-    * op div *tmp640 *tmp641 120
-    * op floor :drawHeader:t *tmp640
+ 1033 op idiv :drawHeader:t *tmp641 120
  1034 op idiv :drawHeader:m :drawHeader:t 60
  1035 op mod :drawHeader:s :drawHeader:t 60
  1036 jump *label317 greaterThanEq :drawHeader:s 10
 
  1134 label *label328
  1135 set :drawHeader:tt @second
  1136 read *tmp666 processor2 "time"
-    * op div *tmp665 *tmp666 120
-    * op floor :drawHeader:t.1 *tmp665
+ 1137 op idiv :drawHeader:t.1 *tmp666 120
  1138 op idiv :drawHeader:m.1 :drawHeader:t.1 60
  1139 op mod :drawHeader:s.1 :drawHeader:t.1 60
  1140 jump *label351 greaterThanEq :drawHeader:s.1 10
 
  1279 set *tmp746 %408040ff
  1280 label *label382
  1281 draw col *tmp746
-    * op div *tmp747 *tmp721 1
-    * op div *tmp748 *tmp725 1
+ 1282 set *tmp747 *tmp721
+ 1283 set *tmp748 *tmp725
  1284 op mul *tmp749 2 :unpackCfg:size
  1285 op mul *tmp750 90 :unpackCfg:rotation
  1286 draw image *tmp747 *tmp748 :unpackCfg:type *tmp749 *tmp750

Modifications by Iterated phase, Temp Variables Elimination, pass 1, iteration 1 (-1 instructions):
 
   569 label *label187
   570 jump *label190 notEqual .transportItem null
   571 set :drawItem.13:target .transportTarget
-    * set *tmp423 0
-    * op min :drawItemColor.13:length 126 *tmp423
+  572 op min :drawItemColor.13:length 126 0
   573 draw col %[white]
   574 op sub *tmp434 :updateDisplay:y 10
   575 draw image 11 *tmp434 @poly 14 0

Modifications by Iterated phase, Loop Rotation, pass 1, iteration 1:
 
   789 set :displayStorage:i 0
   790 label *label257
   791 jump *label259 greaterThanEq :displayStorage:i 9
+  792 label *label383
   793 op and *tmp546 :displayStorage:accumulator 0b11111
   794 op sub :displayStorage:value *tmp546 8
   795 jump *label260 lessThan :displayStorage:value 0
 
   804 op shr :displayStorage:accumulator :displayStorage:accumulator 5
   805 label *label258
   806 op add :displayStorage:i :displayStorage:i 1
-    * jump *label257 always
+  807 jump *label383 lessThan :displayStorage:i 9
   808 label *label259
   809 drawflush display1
   810 op add .lastTail .lastTail 1
 
   844 set *tmp563 0
   845 label *label273
   846 jump *label275 greaterThanEq *tmp563 36
+  847 label *label384
   848 readarr<internal:folded:regular> :displayBaseMap:cfg .BLOCKS[] *tmp563
   849 jump *label276 notEqual :displayBaseMap:cfg "AXPRJd-pulverizer26"
   850 jump *label278 notEqual .scrap false
 
   888 drawflush display1
   889 label *label274
   890 op add *tmp563 *tmp563 1
-    * jump *label273 always
+  891 jump *label384 lessThan *tmp563 36
   892 label *label275
   893 label *label264
   894 jump *label263 always
 
   928 op sub :displayLog:position .lastRecord 1
   929 label *label298
   930 jump *label300 lessThan :displayLog:position :displayLog:stop
+  931 label *label385
   932 read :displayLog:record bank1 :displayLog:position
   933 op sub *tmp602 :displayLog:start :displayLog:position
   934 op sub *tmp603 *tmp602 1
 
   973 label *label308
   974 label *label299
   975 op sub :displayLog:position :displayLog:position 1
-    * jump *label298 always
+  976 jump *label385 greaterThanEq :displayLog:position :displayLog:stop
   977 label *label300
   978 op add .lastRecord :displayLog:stop 1
   979 drawflush display1

Modifications by Iterated phase, Boolean Optimization, pass 1, iteration 1 (-21 instructions):
 
    68 set :updateDisplay:y 201
    69 set :drawMaterials:col 0
    70 jump *label39 equal .nextBlock @ore-thorium
-    * label *label40
    71 jump *label37 notEqual .nextBlock @ore-titanium
    72 label *label39
    73 print "Locating ore..."
 
   632 jump *label208 always
   633 label *label209
   634 label *label210
-    * jump *label211 equal AÜAOJ[-liquid-container17 false
-    * set *tmp472 35
-    * jump *label212 always
-    * label *label211
-    * set *tmp472 20
-    * label *label212
+  635 select *tmp472 notEqual AÜAOJ[-liquid-container17 false 35 20
   636 jump *label213 greaterThanEq :updateDisplay:y *tmp472
   637 jump *label208 always
   638 label *label213
   639 label *label214
   640 draw col %[white]
-    * jump *label215 equal AÜAOJ[-liquid-container17 false
-    * set *tmp475 "Power / Water"
-    * jump *label216 always
-    * label *label215
-    * set *tmp475 "Power"
-    * label *label216
+  641 select *tmp475 notEqual AÜAOJ[-liquid-container17 false "Power / Water" "Power"
   642 print *tmp475
   643 draw print 22 *tmp472 @bottomLeft
   644 label *label218
 
   781 label *label383
   782 op and *tmp546 :displayStorage:accumulator 0b11111
   783 op sub :displayStorage:value *tmp546 8
-    * jump *label260 lessThan :displayStorage:value 0
-    * set *tmp549 %[green]
-    * jump *label261 always
-    * label *label260
-    * set *tmp549 %[red]
-    * label *label261
+  784 select *tmp549 greaterThanEq :displayStorage:value 0 %[green] %[red]
   785 draw col *tmp549
   786 draw rect :displayStorage:x :displayStorage:y.1 1 :displayStorage:value
   787 op sub :displayStorage:y.1 :displayStorage:y.1 21
 
   933 op idiv :displayRecord:t :displayLog:record 120000
   934 op idiv :displayRecord:m :displayRecord:t 60
   935 op mod :displayRecord:s :displayRecord:t 60
-    * jump *label304 greaterThanEq :displayRecord:s 10
-    * set *tmp622 "0"
-    * jump *label305 always
-    * label *label304
-    * set *tmp622 ""
-    * label *label305
+  936 select *tmp622 lessThan :displayRecord:s 10 "0" ""
   937 print :displayRecord:m
   938 print ":"
   939 print *tmp622
 
  1014 op idiv :drawHeader:t *tmp641 120
  1015 op idiv :drawHeader:m :drawHeader:t 60
  1016 op mod :drawHeader:s :drawHeader:t 60
-    * jump *label317 greaterThanEq :drawHeader:s 10
-    * set *tmp646 "0"
-    * jump *label318 always
-    * label *label317
-    * set *tmp646 ""
-    * label *label318
+ 1017 select *tmp646 lessThan :drawHeader:s 10 "0" ""
  1018 print :drawHeader:m
  1019 print ":"
  1020 print *tmp646
 
  1113 op idiv :drawHeader:t.1 *tmp666 120
  1114 op idiv :drawHeader:m.1 :drawHeader:t.1 60
  1115 op mod :drawHeader:s.1 :drawHeader:t.1 60
-    * jump *label351 greaterThanEq :drawHeader:s.1 10
-    * set *tmp671 "0"
-    * jump *label352 always
-    * label *label351
-    * set *tmp671 ""
-    * label *label352
+ 1116 select *tmp671 lessThan :drawHeader:s.1 10 "0" ""
  1117 print :drawHeader:m.1
  1118 print ":"
  1119 print *tmp671
 
  1243 jump *label376 always
  1244 label *label379
  1245 label *label380
-    * jump *label381 equal :drawBlock:built false
-    * set *tmp746 %[white]
-    * jump *label382 always
-    * label *label381
-    * set *tmp746 %408040ff
-    * label *label382
+ 1246 select *tmp746 notEqual :drawBlock:built false %[white] %408040ff
  1247 draw col *tmp746
  1248 set *tmp747 *tmp721
  1249 set *tmp748 *tmp725

Modifications by Iterated phase, If Expression Optimization, pass 1, iteration 1:
 
   923 op mul *tmp608 15 :displayRecord:row
   924 op sub :displayRecord:y 189 *tmp608
   925 op mod :displayRecord:id :displayLog:record 1000
-    * jump *label302 lessThanEq :displayRecord:id @blockCount
+  926 lookup block *tmp612 :displayRecord:id
+  927 jump *label303 lessThanEq :displayRecord:id @blockCount
   928 op sub *tmp613 :displayRecord:id @blockCount
   929 lookup unit *tmp612 *tmp613
   930 jump *label303 always
-    * label *label302
-    * lookup block *tmp612 :displayRecord:id
   931 label *label303
   932 op idiv :displayRecord:t :displayLog:record 120000
   933 op idiv :displayRecord:m :displayRecord:t 60

Modifications by Unroll iteration loop at Display.mnd:587:9 (-2 instructions):
 
   721 label *label239
   722 draw col %[white]
   723 op sub :displayStorage:y 190 8
-    * set :displayStorage:item @copper
-    * setaddr *tmp538 *label245
-    * jump *label242 always
-    * multilabel *label245 (m:marker1)
-    * set :displayStorage:item @lead
-    * setaddr *tmp538 *label246
-    * jump *label242 always
-    * multilabel *label246 (m:marker1)
-    * set :displayStorage:item @sand
-    * setaddr *tmp538 *label247
-    * jump *label242 always
-    * multilabel *label247 (m:marker1)
-    * set :displayStorage:item @coal
-    * setaddr *tmp538 *label248
-    * jump *label242 always
-    * multilabel *label248 (m:marker1)
-    * set :displayStorage:item @graphite
-    * setaddr *tmp538 *label249
-    * jump *label242 always
-    * multilabel *label249 (m:marker1)
-    * set :displayStorage:item @silicon
-    * setaddr *tmp538 *label250
-    * jump *label242 always
-    * multilabel *label250 (m:marker1)
-    * set :displayStorage:item @titanium
-    * setaddr *tmp538 *label251
-    * jump *label242 always
-    * multilabel *label251 (m:marker1)
-    * set :displayStorage:item @metaglass
-    * setaddr *tmp538 *label252
-    * jump *label242 always
-    * multilabel *label252 (m:marker1)
-    * set :displayStorage:item @thorium
-    * setaddr *tmp538 *label253
-    * label *label242
-    * draw image 12 :displayStorage:y :displayStorage:item 15 0
-    * op sub :displayStorage:y :displayStorage:y 21
-    * label *label243
-    * multijump *tmp538 0 0 (m:marker1)
-    * multilabel *label253 (m:marker1)
-    * label *label244
+  724 set :displayStorage:item @copper
+  725 label *label386
+  726 draw image 12 :displayStorage:y :displayStorage:item 15 0
+  727 op sub :displayStorage:y :displayStorage:y 21
+  728 label *label387
+  729 set :displayStorage:item @lead
+  730 label *label390
+  731 draw image 12 :displayStorage:y :displayStorage:item 15 0
+  732 op sub :displayStorage:y :displayStorage:y 21
+  733 label *label391
+  734 set :displayStorage:item @sand
+  735 label *label394
+  736 draw image 12 :displayStorage:y :displayStorage:item 15 0
+  737 op sub :displayStorage:y :displayStorage:y 21
+  738 label *label395
+  739 set :displayStorage:item @coal
+  740 label *label398
+  741 draw image 12 :displayStorage:y :displayStorage:item 15 0
+  742 op sub :displayStorage:y :displayStorage:y 21
+  743 label *label399
+  744 set :displayStorage:item @graphite
+  745 label *label402
+  746 draw image 12 :displayStorage:y :displayStorage:item 15 0
+  747 op sub :displayStorage:y :displayStorage:y 21
+  748 label *label403
+  749 set :displayStorage:item @silicon
+  750 label *label406
+  751 draw image 12 :displayStorage:y :displayStorage:item 15 0
+  752 op sub :displayStorage:y :displayStorage:y 21
+  753 label *label407
+  754 set :displayStorage:item @titanium
+  755 label *label410
+  756 draw image 12 :displayStorage:y :displayStorage:item 15 0
+  757 op sub :displayStorage:y :displayStorage:y 21
+  758 label *label411
+  759 set :displayStorage:item @metaglass
+  760 label *label414
+  761 draw image 12 :displayStorage:y :displayStorage:item 15 0
+  762 op sub :displayStorage:y :displayStorage:y 21
+  763 label *label415
+  764 set :displayStorage:item @thorium
+  765 label *label418
+  766 draw image 12 :displayStorage:y :displayStorage:item 15 0
+  767 op sub :displayStorage:y :displayStorage:y 21
+  768 label *label419
+  769 label *label244
   770 label *label237
   771 label *label238
   772 setaddr :drawHeader*retaddr *label254 (h:*label254)

Modifications by Iterated phase, Data Flow Optimization, pass 1, iteration 1 (-1 instructions):
 
   567 op sub :drawTitleRow.5:y :updateDisplay:y 15
   568 label *label187
   569 jump *label190 notEqual .transportItem null
-    * set :drawItem.13:target .transportTarget
   570 op min :drawItemColor.13:length 126 0
   571 draw col %[white]
   572 op sub *tmp434 :updateDisplay:y 10
   573 draw image 11 *tmp434 @poly 14 0
   574 draw col %008000FF
-    * draw rect 22 :drawTitleRow.5:y :drawItemColor.13:length 10
+  575 draw rect 22 :drawTitleRow.5:y 0 10
   576 draw col %00FF00FF
   577 draw lineRect 22 :drawTitleRow.5:y 126 10
   578 op sub *tmp436 :updateDisplay:y 8
 
   722 op sub :displayStorage:y 190 8
   723 set :displayStorage:item @copper
   724 label *label386
-    * draw image 12 :displayStorage:y :displayStorage:item 15 0
-    * op sub :displayStorage:y :displayStorage:y 21
+  725 draw image 12 182 @copper 15 0
+  726 op sub :displayStorage:y 182 21
   727 label *label387
   728 set :displayStorage:item @lead
   729 label *label390
-    * draw image 12 :displayStorage:y :displayStorage:item 15 0
-    * op sub :displayStorage:y :displayStorage:y 21
+  730 draw image 12 161 @lead 15 0
+  731 op sub :displayStorage:y 161 21
   732 label *label391
   733 set :displayStorage:item @sand
   734 label *label394
-    * draw image 12 :displayStorage:y :displayStorage:item 15 0
-    * op sub :displayStorage:y :displayStorage:y 21
+  735 draw image 12 140 @sand 15 0
+  736 op sub :displayStorage:y 140 21
   737 label *label395
   738 set :displayStorage:item @coal
   739 label *label398
-    * draw image 12 :displayStorage:y :displayStorage:item 15 0
-    * op sub :displayStorage:y :displayStorage:y 21
+  740 draw image 12 119 @coal 15 0
+  741 op sub :displayStorage:y 119 21
   742 label *label399
   743 set :displayStorage:item @graphite
   744 label *label402
-    * draw image 12 :displayStorage:y :displayStorage:item 15 0
-    * op sub :displayStorage:y :displayStorage:y 21
+  745 draw image 12 98 @graphite 15 0
+  746 op sub :displayStorage:y 98 21
   747 label *label403
   748 set :displayStorage:item @silicon
   749 label *label406
-    * draw image 12 :displayStorage:y :displayStorage:item 15 0
-    * op sub :displayStorage:y :displayStorage:y 21
+  750 draw image 12 77 @silicon 15 0
+  751 op sub :displayStorage:y 77 21
   752 label *label407
   753 set :displayStorage:item @titanium
   754 label *label410
-    * draw image 12 :displayStorage:y :displayStorage:item 15 0
-    * op sub :displayStorage:y :displayStorage:y 21
+  755 draw image 12 56 @titanium 15 0
+  756 op sub :displayStorage:y 56 21
   757 label *label411
   758 set :displayStorage:item @metaglass
   759 label *label414
-    * draw image 12 :displayStorage:y :displayStorage:item 15 0
-    * op sub :displayStorage:y :displayStorage:y 21
+  760 draw image 12 35 @metaglass 15 0
+  761 op sub :displayStorage:y 35 21
   762 label *label415
   763 set :displayStorage:item @thorium
   764 label *label418
-    * draw image 12 :displayStorage:y :displayStorage:item 15 0
-    * op sub :displayStorage:y :displayStorage:y 21
+  765 draw image 12 14 @thorium 15 0
+  766 op sub :displayStorage:y 14 21
   767 label *label419
   768 label *label244
   769 label *label237
 
   781 op sub :displayStorage:y.1 190 8
   782 set :displayStorage:i 0
   783 label *label257
-    * jump *label259 greaterThanEq :displayStorage:i 9
+  784 jump *label259 greaterThanEq 0 9
   785 label *label383
   786 op and *tmp546 :displayStorage:accumulator 0b11111
   787 op sub :displayStorage:value *tmp546 8
 
   831 set :displayBaseMap:counter 0
   832 set *tmp563 0
   833 label *label273
-    * jump *label275 greaterThanEq *tmp563 36
+  834 jump *label275 greaterThanEq 0 36
   835 label *label384
   836 readarr<internal:folded:regular> :displayBaseMap:cfg .BLOCKS[] *tmp563
   837 jump *label276 notEqual :displayBaseMap:cfg "AXPRJd-pulverizer26"
 
  1252 set *tmp748 *tmp725
  1253 op mul *tmp749 2 :unpackCfg:size
  1254 op mul *tmp750 90 :unpackCfg:rotation
-    * draw image *tmp747 *tmp748 :unpackCfg:type *tmp749 *tmp750
+ 1255 draw image *tmp721 *tmp725 :unpackCfg:type *tmp749 *tmp750
  1256 label *label376
  1257 return :drawBlock*retaddr
  1258 end

Modifications by Iterated phase, Data Flow Optimization, pass 1, iteration 2 (-22 instructions):
 
   567 op sub :drawTitleRow.5:y :updateDisplay:y 15
   568 label *label187
   569 jump *label190 notEqual .transportItem null
-    * op min :drawItemColor.13:length 126 0
   570 draw col %[white]
   571 op sub *tmp434 :updateDisplay:y 10
   572 draw image 11 *tmp434 @poly 14 0
 
   718 label *label241
   719 label *label239
   720 draw col %[white]
-    * op sub :displayStorage:y 190 8
-    * set :displayStorage:item @copper
   721 label *label386
   722 draw image 12 182 @copper 15 0
-    * op sub :displayStorage:y 182 21
   723 label *label387
-    * set :displayStorage:item @lead
   724 label *label390
   725 draw image 12 161 @lead 15 0
-    * op sub :displayStorage:y 161 21
   726 label *label391
-    * set :displayStorage:item @sand
   727 label *label394
   728 draw image 12 140 @sand 15 0
-    * op sub :displayStorage:y 140 21
   729 label *label395
-    * set :displayStorage:item @coal
   730 label *label398
   731 draw image 12 119 @coal 15 0
-    * op sub :displayStorage:y 119 21
   732 label *label399
-    * set :displayStorage:item @graphite
   733 label *label402
   734 draw image 12 98 @graphite 15 0
-    * op sub :displayStorage:y 98 21
   735 label *label403
-    * set :displayStorage:item @silicon
   736 label *label406
   737 draw image 12 77 @silicon 15 0
-    * op sub :displayStorage:y 77 21
   738 label *label407
-    * set :displayStorage:item @titanium
   739 label *label410
   740 draw image 12 56 @titanium 15 0
-    * op sub :displayStorage:y 56 21
   741 label *label411
-    * set :displayStorage:item @metaglass
   742 label *label414
   743 draw image 12 35 @metaglass 15 0
-    * op sub :displayStorage:y 35 21
   744 label *label415
-    * set :displayStorage:item @thorium
   745 label *label418
   746 draw image 12 14 @thorium 15 0
-    * op sub :displayStorage:y 14 21
   747 label *label419
   748 label *label244
   749 label *label237
 
  1228 label *label380
  1229 select *tmp746 notEqual :drawBlock:built false %[white] %408040ff
  1230 draw col *tmp746
-    * set *tmp747 *tmp721
-    * set *tmp748 *tmp725
  1231 op mul *tmp749 2 :unpackCfg:size
  1232 op mul *tmp750 90 :unpackCfg:rotation
  1233 draw image *tmp721 *tmp725 :unpackCfg:type *tmp749 *tmp750

Modifications by Unroll iteration loop at Display.mnd:164:17:
 
  1043 label *label329
  1044 jump *label331 notEqual :drawHeader:count 2
  1045 set :drawHeader:x 27
-    * set :drawHeader:goal .nextBlock
-    * setaddr *tmp657 *label336
-    * jump *label333 always
-    * multilabel *label336 (m:marker2)
-    * set :drawHeader:goal .nextFactory
-    * setaddr *tmp657 *label337
-    * jump *label333 always
-    * multilabel *label337 (m:marker2)
-    * set :drawHeader:goal .nextAddReco
-    * setaddr *tmp657 *label338
-    * label *label333
-    * jump *label339 equal :drawHeader:goal null
-    * draw image :drawHeader:x 240 :drawHeader:goal 25 0
-    * op add :drawHeader:x :drawHeader:x 30
-    * label *label339
-    * label *label340
-    * label *label334
-    * multijump *tmp657 0 0 (m:marker2)
-    * multilabel *label338 (m:marker2)
-    * label *label335
+ 1046 set :drawHeader:goal .nextBlock
+ 1047 label *label423
+ 1048 jump *label424 equal :drawHeader:goal null
+ 1049 draw image :drawHeader:x 240 :drawHeader:goal 25 0
+ 1050 op add :drawHeader:x :drawHeader:x 30
+ 1051 label *label424
+ 1052 label *label425
+ 1053 label *label426
+ 1054 set :drawHeader:goal .nextFactory
+ 1055 label *label429
+ 1056 jump *label430 equal :drawHeader:goal null
+ 1057 draw image :drawHeader:x 240 :drawHeader:goal 25 0
+ 1058 op add :drawHeader:x :drawHeader:x 30
+ 1059 label *label430
+ 1060 label *label431
+ 1061 label *label432
+ 1062 set :drawHeader:goal .nextAddReco
+ 1063 label *label435
+ 1064 jump *label436 equal :drawHeader:goal null
+ 1065 draw image :drawHeader:x 240 :drawHeader:goal 25 0
+ 1066 op add :drawHeader:x :drawHeader:x 30
+ 1067 label *label436
+ 1068 label *label437
+ 1069 label *label438
+ 1070 label *label335
  1071 jump *label332 always
  1072 label *label331
  1073 jump *label341 notEqual :drawHeader:count 1

Modifications by Iterated phase, Data Flow Optimization, pass 1, iteration 1 (-1 instructions):
 
  1046 set :drawHeader:goal .nextBlock
  1047 label *label423
  1048 jump *label424 equal :drawHeader:goal null
-    * draw image :drawHeader:x 240 :drawHeader:goal 25 0
-    * op add :drawHeader:x :drawHeader:x 30
+ 1049 draw image 27 240 :drawHeader:goal 25 0
+ 1050 op add :drawHeader:x 27 30
  1051 label *label424
  1052 label *label425
  1053 label *label426
 
  1063 label *label435
  1064 jump *label436 equal :drawHeader:goal null
  1065 draw image :drawHeader:x 240 :drawHeader:goal 25 0
-    * op add :drawHeader:x :drawHeader:x 30
  1066 label *label436
  1067 label *label437
  1068 label *label438

Modifications by Unroll iteration loop at Display.mnd:171:17:
 
  1070 jump *label332 always
  1071 label *label331
  1072 jump *label341 notEqual :drawHeader:count 1
-    * set :drawHeader:goal.1 .nextBlock
-    * setaddr *tmp662 *label346
-    * jump *label343 always
-    * multilabel *label346 (m:marker3)
-    * set :drawHeader:goal.1 .nextFactory
-    * setaddr *tmp662 *label347
-    * jump *label343 always
-    * multilabel *label347 (m:marker3)
-    * set :drawHeader:goal.1 .nextAddReco
-    * setaddr *tmp662 *label348
-    * label *label343
-    * jump *label349 equal :drawHeader:goal.1 null
-    * draw image 42 237 :drawHeader:goal.1 32 0
-    * jump *label345 always
-    * label *label349
-    * label *label350
-    * label *label344
-    * multijump *tmp662 0 0 (m:marker3)
-    * multilabel *label348 (m:marker3)
-    * label *label345
+ 1073 set :drawHeader:goal.1 .nextBlock
+ 1074 label *label442
+ 1075 jump *label443 equal :drawHeader:goal.1 null
+ 1076 draw image 42 237 :drawHeader:goal.1 32 0
+ 1077 jump *label345 always
+ 1078 label *label443
+ 1079 label *label444
+ 1080 label *label445
+ 1081 set :drawHeader:goal.1 .nextFactory
+ 1082 label *label448
+ 1083 jump *label449 equal :drawHeader:goal.1 null
+ 1084 draw image 42 237 :drawHeader:goal.1 32 0
+ 1085 jump *label345 always
+ 1086 label *label449
+ 1087 label *label450
+ 1088 label *label451
+ 1089 set :drawHeader:goal.1 .nextAddReco
+ 1090 label *label454
+ 1091 jump *label455 equal :drawHeader:goal.1 null
+ 1092 draw image 42 237 :drawHeader:goal.1 32 0
+ 1093 jump *label345 always
+ 1094 label *label455
+ 1095 label *label456
+ 1096 label *label457
+ 1097 label *label345
  1098 label *label341
  1099 label *label342
  1100 label *label332

Modifications by Inline function 'drawBlock' defined at Display.mnd:510:1 (+16 instructions):
 
   834 label *label280
   835 label *label281
   836 set :drawBlock:cfg :displayBaseMap:cfg
-    * setaddr :drawBlock*retaddr *label284 (h:*label284)
-    * call *label8 *invalid :drawBlock*retval (m:*label284) (h:*label284)
-    * label *label284
+  837 label *label461
+  838 read *tmp716 :drawBlock:cfg 1
+  839 op sub *tmp717 *tmp716 74
+  840 lookup block :unpackCfg:type *tmp717
+  841 read *tmp720 :drawBlock:cfg 2
+  842 op sub *tmp721 *tmp720 74
+  843 read *tmp724 :drawBlock:cfg 3
+  844 op sub *tmp725 *tmp724 74
+  845 read *tmp728 :drawBlock:cfg 4
+  846 op sub :unpackCfg:rotation *tmp728 74
+  847 read *tmp731 :drawBlock:cfg 5
+  848 op sub :unpackCfg:ind *tmp731 74
+  849 sensor :unpackCfg:size :unpackCfg:type @size
+  850 label *label462
+  851 label *label463
+  852 op shl *tmp741 1 :unpackCfg:ind
+  853 op and :drawBlock:built .blocksBuilt *tmp741
+  854 op add *tmp743 :drawBlock:built .pageSwitched
+  855 jump *label464 notEqual *tmp743 0
+  856 jump *label466 always
+  857 label *label464
+  858 label *label465
+  859 select *tmp746 notEqual :drawBlock:built false %[white] %408040ff
+  860 draw col *tmp746
+  861 op mul *tmp749 2 :unpackCfg:size
+  862 op mul *tmp750 90 :unpackCfg:rotation
+  863 draw image *tmp721 *tmp725 :unpackCfg:type *tmp749 *tmp750
+  864 label *label466
   865 set :displayBaseMap:index .recentBuildIndex
   866 jump *label285 lessThan :displayBaseMap:index 0
   867 set .recentBuildIndex -1
   868 readarr<internal:folded:regular> :drawBlock:cfg .BLOCKS[] :displayBaseMap:index
-    * setaddr :drawBlock*retaddr *label287 (h:*label287)
-    * call *label8 *invalid :drawBlock*retval (m:*label287) (h:*label287)
-    * label *label287
+  869 label *label467
+  870 read *tmp716 :drawBlock:cfg 1
+  871 op sub *tmp717 *tmp716 74
+  872 lookup block :unpackCfg:type *tmp717
+  873 read *tmp720 :drawBlock:cfg 2
+  874 op sub *tmp721 *tmp720 74
+  875 read *tmp724 :drawBlock:cfg 3
+  876 op sub *tmp725 *tmp724 74
+  877 read *tmp728 :drawBlock:cfg 4
+  878 op sub :unpackCfg:rotation *tmp728 74
+  879 read *tmp731 :drawBlock:cfg 5
+  880 op sub :unpackCfg:ind *tmp731 74
+  881 sensor :unpackCfg:size :unpackCfg:type @size
+  882 label *label468
+  883 label *label469
+  884 op shl *tmp741 1 :unpackCfg:ind
+  885 op and :drawBlock:built .blocksBuilt *tmp741
+  886 op add *tmp743 :drawBlock:built .pageSwitched
+  887 jump *label470 notEqual *tmp743 0
+  888 jump *label472 always
+  889 label *label470
+  890 label *label471
+  891 select *tmp746 notEqual :drawBlock:built false %[white] %408040ff
+  892 draw col *tmp746
+  893 op mul *tmp749 2 :unpackCfg:size
+  894 op mul *tmp750 90 :unpackCfg:rotation
+  895 draw image *tmp721 *tmp725 :unpackCfg:type *tmp749 *tmp750
+  896 label *label472
   897 label *label285
   898 label *label286
   899 sensor *tmp580 switch1 @enabled
 
  1263 label *label314
  1264 return :drawHeader*retaddr
  1265 end
-    * label *label8
-    * read *tmp716 :drawBlock:cfg 1
-    * op sub *tmp717 *tmp716 74
-    * lookup block :unpackCfg:type *tmp717
-    * read *tmp720 :drawBlock:cfg 2
-    * op sub *tmp721 *tmp720 74
-    * read *tmp724 :drawBlock:cfg 3
-    * op sub *tmp725 *tmp724 74
-    * read *tmp728 :drawBlock:cfg 4
-    * op sub :unpackCfg:rotation *tmp728 74
-    * read *tmp731 :drawBlock:cfg 5
-    * op sub :unpackCfg:ind *tmp731 74
-    * sensor :unpackCfg:size :unpackCfg:type @size
-    * label *label378
-    * label *label377
-    * op shl *tmp741 1 :unpackCfg:ind
-    * op and :drawBlock:built .blocksBuilt *tmp741
-    * op add *tmp743 :drawBlock:built .pageSwitched
-    * jump *label379 notEqual *tmp743 0
-    * jump *label376 always
-    * label *label379
-    * label *label380
-    * select *tmp746 notEqual :drawBlock:built false %[white] %408040ff
-    * draw col *tmp746
-    * op mul *tmp749 2 :unpackCfg:size
-    * op mul *tmp750 90 :unpackCfg:rotation
-    * draw image *tmp721 *tmp725 :unpackCfg:type *tmp749 *tmp750
-    * label *label376
-    * return :drawBlock*retaddr
-    * end

Modifications by Iterated phase, Data Flow Optimization, pass 1, iteration 1:
 
   835 label *label281
   836 set :drawBlock:cfg :displayBaseMap:cfg
   837 label *label461
-    * read *tmp716 :drawBlock:cfg 1
+  838 read *tmp716 :displayBaseMap:cfg 1
   839 op sub *tmp717 *tmp716 74
   840 lookup block :unpackCfg:type *tmp717
-    * read *tmp720 :drawBlock:cfg 2
+  841 read *tmp720 :displayBaseMap:cfg 2
   842 op sub *tmp721 *tmp720 74
-    * read *tmp724 :drawBlock:cfg 3
+  843 read *tmp724 :displayBaseMap:cfg 3
   844 op sub *tmp725 *tmp724 74
-    * read *tmp728 :drawBlock:cfg 4
+  845 read *tmp728 :displayBaseMap:cfg 4
   846 op sub :unpackCfg:rotation *tmp728 74
-    * read *tmp731 :drawBlock:cfg 5
+  847 read *tmp731 :displayBaseMap:cfg 5
   848 op sub :unpackCfg:ind *tmp731 74
   849 sensor :unpackCfg:size :unpackCfg:type @size
   850 label *label462

Modifications by Iterated phase, Data Flow Optimization, pass 1, iteration 2 (-1 instructions):
 
   833 set :displayBaseMap:counter 0
   834 label *label280
   835 label *label281
-    * set :drawBlock:cfg :displayBaseMap:cfg
   836 label *label461
   837 read *tmp716 :displayBaseMap:cfg 1
   838 op sub *tmp717 *tmp716 74

Modifications by Inline shared table of array 'BLOCKS' (+28 instructions):
 
   813 label *label273
   814 jump *label275 greaterThanEq 0 36
   815 label *label384
-    * readarr<internal:folded:regular> :displayBaseMap:cfg .BLOCKS[] *tmp563
+  816 readarr<inlined:folded:regular> :displayBaseMap:cfg .BLOCKS[] *tmp563
   817 jump *label276 notEqual :displayBaseMap:cfg "AXPRJd-pulverizer26"
   818 jump *label278 notEqual .scrap false
   819 jump *label275 always
 
   864 set :displayBaseMap:index .recentBuildIndex
   865 jump *label285 lessThan :displayBaseMap:index 0
   866 set .recentBuildIndex -1
-    * readarr<internal:folded:regular> :drawBlock:cfg .BLOCKS[] :displayBaseMap:index
+  867 readarr<inlined:folded:regular> :drawBlock:cfg .BLOCKS[] :displayBaseMap:index
   868 label *label467
   869 read *tmp716 :drawBlock:cfg 1
   870 op sub *tmp717 *tmp716 74

Modifications by Iterated phase, Jump Normalization, pass 2, iteration 1 (-18 instructions):
 
   100 draw print 175 193 @right
   101 label *label48
   102 label *label46
-    * jump *label49 lessThan 1 1
   103 label *label49
   104 label *label50
   105 label *label45
 
   246 draw print 175 *tmp166 @right
   247 label *label95
   248 label *label93
-    * jump *label96 lessThan 1 1
   249 label *label96
   250 label *label97
   251 label *label92
 
   271 draw print 175 *tmp189 @right
   272 label *label102
   273 label *label100
-    * jump *label103 lessThan 1 1
   274 op sub :drawItemColor.3:y :updateDisplay:y 30
   275 label *label103
   276 label *label104
 
   294 draw print 175 *tmp212 @right
   295 label *label109
   296 label *label107
-    * jump *label110 lessThan 1 1
   297 op sub :drawItemColor.4:y :updateDisplay:y 45
   298 label *label110
   299 label *label111
 
   324 draw print 175 *tmp236 @right
   325 label *label116
   326 label *label114
-    * jump *label117 lessThan 1 1
   327 label *label117
   328 label *label118
   329 label *label113
 
   365 draw print 175 *tmp264 @right
   366 label *label131
   367 label *label129
-    * jump *label132 lessThan 1 1
   368 op sub :drawItemColor.6:y :updateDisplay:y 30
   369 label *label132
   370 label *label133
 
   388 draw print 175 *tmp287 @right
   389 label *label138
   390 label *label136
-    * jump *label139 lessThan 1 1
   391 op sub :drawItemColor.7:y :updateDisplay:y 45
   392 label *label139
   393 label *label140
 
   416 draw print 175 *tmp311 @right
   417 label *label145
   418 label *label143
-    * jump *label146 lessThan 1 1
   419 label *label146
   420 label *label147
   421 label *label142
 
   458 draw print 175 *tmp340 @right
   459 label *label160
   460 label *label158
-    * jump *label161 lessThan 1 1
   461 op sub :drawItemColor.9:y :updateDisplay:y 30
   462 label *label161
   463 label *label162
 
   481 draw print 175 *tmp363 @right
   482 label *label167
   483 label *label165
-    * jump *label168 lessThan 1 1
   484 op sub :drawItemColor.10:y :updateDisplay:y 45
   485 label *label168
   486 label *label169
 
   504 draw print 175 *tmp386 @right
   505 label *label174
   506 label *label172
-    * jump *label175 lessThan 1 1
   507 op sub :drawItemColor.11:y :updateDisplay:y 60
   508 label *label175
   509 label *label176
 
   532 draw print 175 *tmp410 @right
   533 label *label181
   534 label *label179
-    * jump *label182 lessThan 1 1
   535 label *label182
   536 label *label183
   537 label *label178
 
   570 draw print 175 *tmp436 @right
   571 label *label197
   572 label *label195
-    * jump *label198 lessThan 1 1
   573 op sub :drawItemColor.13:y :updateDisplay:y 30
   574 label *label198
   575 label *label199
 
   603 draw print 175 *tmp464 @right
   604 label *label205
   605 label *label203
-    * jump *label206 lessThan 1 1
   606 op sub :drawItemColor.14:y :updateDisplay:y 30
   607 label *label206
   608 label *label207
 
   652 draw print 175 *tmp498 @right
   653 label *label223
   654 label *label221
-    * jump *label224 lessThan 1 1
   655 op sub :drawItemColor.15:y *tmp472 30
   656 label *label224
   657 label *label225
 
   678 draw print 175 *tmp525 @right
   679 label *label231
   680 label *label229
-    * jump *label232 lessThan 1 1
   681 label *label232
   682 label *label233
   683 label *label228
 
   745 op sub :displayStorage:y.1 190 8
   746 set :displayStorage:i 0
   747 label *label257
-    * jump *label259 greaterThanEq 0 9
   748 label *label383
   749 op and *tmp546 :displayStorage:accumulator 0b11111
   750 op sub :displayStorage:value *tmp546 8
 
   794 set :displayBaseMap:counter 0
   795 set *tmp563 0
   796 label *label273
-    * jump *label275 greaterThanEq 0 36
   797 label *label384
   798 readarr<inlined:folded:regular> :displayBaseMap:cfg .BLOCKS[] *tmp563
   799 jump *label276 notEqual :displayBaseMap:cfg "AXPRJd-pulverizer26"

Modifications by Iterated phase, Condition Optimization, pass 2, iteration 1:
 
   179 label *label74
   180 label *label72
   181 op add :drawItemColor.1:col :drawMaterials:col 1
-    * jump *label75 lessThan :drawItemColor.1:col 1
+  182 jump *label75 lessThan :drawMaterials:col 0
   183 set :drawItemColor.1:col 0
   184 op sub :drawItemColor.1:y :updateDisplay:y 15
   185 label *label75
 
   748 label *label383
   749 op and *tmp546 :displayStorage:accumulator 0b11111
   750 op sub :displayStorage:value *tmp546 8
-    * select *tmp549 greaterThanEq :displayStorage:value 0 %[green] %[red]
+  751 select *tmp549 greaterThanEq *tmp546 8 %[green] %[red]
   752 draw col *tmp549
   753 draw rect :displayStorage:x :displayStorage:y.1 1 :displayStorage:value
   754 op sub :displayStorage:y.1 :displayStorage:y.1 21

Modifications by Iterated phase, Single Step Elimination, pass 2, iteration 1 (-2 instructions):
 
   942 jump *label303 lessThanEq :displayRecord:id @blockCount
   943 op sub *tmp613 :displayRecord:id @blockCount
   944 lookup unit *tmp612 *tmp613
-    * jump *label303 always
   945 label *label303
   946 op idiv :displayRecord:t :displayLog:record 120000
   947 op idiv :displayRecord:m :displayRecord:t 60
 
  1120 label *label454
  1121 jump *label455 equal :drawHeader:goal.1 null
  1122 draw image 42 237 :drawHeader:goal.1 32 0
-    * jump *label345 always
  1123 label *label455
  1124 label *label456
  1125 label *label457

Modifications by Unroll loop at Display.mnd:602:5 (+63 instructions):
 
   743 read :displayStorage:accumulator bank2 .lastTail
   744 op add :displayStorage:x 25 .lastTail
   745 op sub :displayStorage:y.1 190 8
-    * set :displayStorage:i 0
-    * label *label257
-    * label *label383
-    * op and *tmp546 :displayStorage:accumulator 0b11111
-    * op sub :displayStorage:value *tmp546 8
-    * select *tmp549 greaterThanEq *tmp546 8 %[green] %[red]
-    * draw col *tmp549
-    * draw rect :displayStorage:x :displayStorage:y.1 1 :displayStorage:value
-    * op sub :displayStorage:y.1 :displayStorage:y.1 21
-    * op shr :displayStorage:accumulator :displayStorage:accumulator 5
-    * label *label258
-    * op add :displayStorage:i :displayStorage:i 1
-    * jump *label383 lessThan :displayStorage:i 9
-    * label *label259
+  746 set :displayStorage:i 0
+  747 label *label473
+  748 op and *tmp546 :displayStorage:accumulator 0b11111
+  749 op sub :displayStorage:value *tmp546 8
+  750 select *tmp549 greaterThanEq *tmp546 8 %[green] %[red]
+  751 draw col *tmp549
+  752 draw rect :displayStorage:x :displayStorage:y.1 1 :displayStorage:value
+  753 op sub :displayStorage:y.1 :displayStorage:y.1 21
+  754 op shr :displayStorage:accumulator :displayStorage:accumulator 5
+  755 label *label474
+  756 op add :displayStorage:i :displayStorage:i 1
+  757 op and *tmp546 :displayStorage:accumulator 0b11111
+  758 op sub :displayStorage:value *tmp546 8
+  759 select *tmp549 greaterThanEq *tmp546 8 %[green] %[red]
+  760 draw col *tmp549
+  761 draw rect :displayStorage:x :displayStorage:y.1 1 :displayStorage:value
+  762 op sub :displayStorage:y.1 :displayStorage:y.1 21
+  763 op shr :displayStorage:accumulator :displayStorage:accumulator 5
+  764 label *label475
+  765 op add :displayStorage:i :displayStorage:i 1
+  766 op and *tmp546 :displayStorage:accumulator 0b11111
+  767 op sub :displayStorage:value *tmp546 8
+  768 select *tmp549 greaterThanEq *tmp546 8 %[green] %[red]
+  769 draw col *tmp549
+  770 draw rect :displayStorage:x :displayStorage:y.1 1 :displayStorage:value
+  771 op sub :displayStorage:y.1 :displayStorage:y.1 21
+  772 op shr :displayStorage:accumulator :displayStorage:accumulator 5
+  773 label *label476
+  774 op add :displayStorage:i :displayStorage:i 1
+  775 op and *tmp546 :displayStorage:accumulator 0b11111
+  776 op sub :displayStorage:value *tmp546 8
+  777 select *tmp549 greaterThanEq *tmp546 8 %[green] %[red]
+  778 draw col *tmp549
+  779 draw rect :displayStorage:x :displayStorage:y.1 1 :displayStorage:value
+  780 op sub :displayStorage:y.1 :displayStorage:y.1 21
+  781 op shr :displayStorage:accumulator :displayStorage:accumulator 5
+  782 label *label477
+  783 op add :displayStorage:i :displayStorage:i 1
+  784 op and *tmp546 :displayStorage:accumulator 0b11111
+  785 op sub :displayStorage:value *tmp546 8
+  786 select *tmp549 greaterThanEq *tmp546 8 %[green] %[red]
+  787 draw col *tmp549
+  788 draw rect :displayStorage:x :displayStorage:y.1 1 :displayStorage:value
+  789 op sub :displayStorage:y.1 :displayStorage:y.1 21
+  790 op shr :displayStorage:accumulator :displayStorage:accumulator 5
+  791 label *label478
+  792 op add :displayStorage:i :displayStorage:i 1
+  793 op and *tmp546 :displayStorage:accumulator 0b11111
+  794 op sub :displayStorage:value *tmp546 8
+  795 select *tmp549 greaterThanEq *tmp546 8 %[green] %[red]
+  796 draw col *tmp549
+  797 draw rect :displayStorage:x :displayStorage:y.1 1 :displayStorage:value
+  798 op sub :displayStorage:y.1 :displayStorage:y.1 21
+  799 op shr :displayStorage:accumulator :displayStorage:accumulator 5
+  800 label *label479
+  801 op add :displayStorage:i :displayStorage:i 1
+  802 op and *tmp546 :displayStorage:accumulator 0b11111
+  803 op sub :displayStorage:value *tmp546 8
+  804 select *tmp549 greaterThanEq *tmp546 8 %[green] %[red]
+  805 draw col *tmp549
+  806 draw rect :displayStorage:x :displayStorage:y.1 1 :displayStorage:value
+  807 op sub :displayStorage:y.1 :displayStorage:y.1 21
+  808 op shr :displayStorage:accumulator :displayStorage:accumulator 5
+  809 label *label480
+  810 op add :displayStorage:i :displayStorage:i 1
+  811 op and *tmp546 :displayStorage:accumulator 0b11111
+  812 op sub :displayStorage:value *tmp546 8
+  813 select *tmp549 greaterThanEq *tmp546 8 %[green] %[red]
+  814 draw col *tmp549
+  815 draw rect :displayStorage:x :displayStorage:y.1 1 :displayStorage:value
+  816 op sub :displayStorage:y.1 :displayStorage:y.1 21
+  817 op shr :displayStorage:accumulator :displayStorage:accumulator 5
+  818 label *label481
+  819 op add :displayStorage:i :displayStorage:i 1
+  820 op and *tmp546 :displayStorage:accumulator 0b11111
+  821 op sub :displayStorage:value *tmp546 8
+  822 select *tmp549 greaterThanEq *tmp546 8 %[green] %[red]
+  823 draw col *tmp549
+  824 draw rect :displayStorage:x :displayStorage:y.1 1 :displayStorage:value
+  825 op sub :displayStorage:y.1 :displayStorage:y.1 21
+  826 op shr :displayStorage:accumulator :displayStorage:accumulator 5
+  827 label *label482
+  828 op add :displayStorage:i :displayStorage:i 1
+  829 label *label259
   830 drawflush display1
   831 op add .lastTail .lastTail 1
   832 label *label236

Modifications by Iterated phase, Data Flow Optimization, pass 2, iteration 1 (-1 instructions):
 
   749 op sub :displayStorage:value *tmp546 8
   750 select *tmp549 greaterThanEq *tmp546 8 %[green] %[red]
   751 draw col *tmp549
-    * draw rect :displayStorage:x :displayStorage:y.1 1 :displayStorage:value
-    * op sub :displayStorage:y.1 :displayStorage:y.1 21
+  752 draw rect :displayStorage:x 182 1 :displayStorage:value
+  753 op sub :displayStorage:y.1 182 21
   754 op shr :displayStorage:accumulator :displayStorage:accumulator 5
   755 label *label474
-    * op add :displayStorage:i :displayStorage:i 1
+  756 op add :displayStorage:i 0 1
   757 op and *tmp546 :displayStorage:accumulator 0b11111
   758 op sub :displayStorage:value *tmp546 8
   759 select *tmp549 greaterThanEq *tmp546 8 %[green] %[red]
   760 draw col *tmp549
-    * draw rect :displayStorage:x :displayStorage:y.1 1 :displayStorage:value
-    * op sub :displayStorage:y.1 :displayStorage:y.1 21
+  761 draw rect :displayStorage:x 161 1 :displayStorage:value
+  762 op sub :displayStorage:y.1 161 21
   763 op shr :displayStorage:accumulator :displayStorage:accumulator 5
   764 label *label475
-    * op add :displayStorage:i :displayStorage:i 1
+  765 op add :displayStorage:i 1 1
   766 op and *tmp546 :displayStorage:accumulator 0b11111
   767 op sub :displayStorage:value *tmp546 8
   768 select *tmp549 greaterThanEq *tmp546 8 %[green] %[red]
   769 draw col *tmp549
-    * draw rect :displayStorage:x :displayStorage:y.1 1 :displayStorage:value
-    * op sub :displayStorage:y.1 :displayStorage:y.1 21
+  770 draw rect :displayStorage:x 140 1 :displayStorage:value
+  771 op sub :displayStorage:y.1 140 21
   772 op shr :displayStorage:accumulator :displayStorage:accumulator 5
   773 label *label476
-    * op add :displayStorage:i :displayStorage:i 1
+  774 op add :displayStorage:i 2 1
   775 op and *tmp546 :displayStorage:accumulator 0b11111
   776 op sub :displayStorage:value *tmp546 8
   777 select *tmp549 greaterThanEq *tmp546 8 %[green] %[red]
   778 draw col *tmp549
-    * draw rect :displayStorage:x :displayStorage:y.1 1 :displayStorage:value
-    * op sub :displayStorage:y.1 :displayStorage:y.1 21
+  779 draw rect :displayStorage:x 119 1 :displayStorage:value
+  780 op sub :displayStorage:y.1 119 21
   781 op shr :displayStorage:accumulator :displayStorage:accumulator 5
   782 label *label477
-    * op add :displayStorage:i :displayStorage:i 1
+  783 op add :displayStorage:i 3 1
   784 op and *tmp546 :displayStorage:accumulator 0b11111
   785 op sub :displayStorage:value *tmp546 8
   786 select *tmp549 greaterThanEq *tmp546 8 %[green] %[red]
   787 draw col *tmp549
-    * draw rect :displayStorage:x :displayStorage:y.1 1 :displayStorage:value
-    * op sub :displayStorage:y.1 :displayStorage:y.1 21
+  788 draw rect :displayStorage:x 98 1 :displayStorage:value
+  789 op sub :displayStorage:y.1 98 21
   790 op shr :displayStorage:accumulator :displayStorage:accumulator 5
   791 label *label478
-    * op add :displayStorage:i :displayStorage:i 1
+  792 op add :displayStorage:i 4 1
   793 op and *tmp546 :displayStorage:accumulator 0b11111
   794 op sub :displayStorage:value *tmp546 8
   795 select *tmp549 greaterThanEq *tmp546 8 %[green] %[red]
   796 draw col *tmp549
-    * draw rect :displayStorage:x :displayStorage:y.1 1 :displayStorage:value
-    * op sub :displayStorage:y.1 :displayStorage:y.1 21
+  797 draw rect :displayStorage:x 77 1 :displayStorage:value
+  798 op sub :displayStorage:y.1 77 21
   799 op shr :displayStorage:accumulator :displayStorage:accumulator 5
   800 label *label479
-    * op add :displayStorage:i :displayStorage:i 1
+  801 op add :displayStorage:i 5 1
   802 op and *tmp546 :displayStorage:accumulator 0b11111
   803 op sub :displayStorage:value *tmp546 8
   804 select *tmp549 greaterThanEq *tmp546 8 %[green] %[red]
   805 draw col *tmp549
-    * draw rect :displayStorage:x :displayStorage:y.1 1 :displayStorage:value
-    * op sub :displayStorage:y.1 :displayStorage:y.1 21
+  806 draw rect :displayStorage:x 56 1 :displayStorage:value
+  807 op sub :displayStorage:y.1 56 21
   808 op shr :displayStorage:accumulator :displayStorage:accumulator 5
   809 label *label480
-    * op add :displayStorage:i :displayStorage:i 1
+  810 op add :displayStorage:i 6 1
   811 op and *tmp546 :displayStorage:accumulator 0b11111
   812 op sub :displayStorage:value *tmp546 8
   813 select *tmp549 greaterThanEq *tmp546 8 %[green] %[red]
   814 draw col *tmp549
-    * draw rect :displayStorage:x :displayStorage:y.1 1 :displayStorage:value
-    * op sub :displayStorage:y.1 :displayStorage:y.1 21
+  815 draw rect :displayStorage:x 35 1 :displayStorage:value
+  816 op sub :displayStorage:y.1 35 21
   817 op shr :displayStorage:accumulator :displayStorage:accumulator 5
   818 label *label481
-    * op add :displayStorage:i :displayStorage:i 1
+  819 op add :displayStorage:i 7 1
   820 op and *tmp546 :displayStorage:accumulator 0b11111
   821 op sub :displayStorage:value *tmp546 8
   822 select *tmp549 greaterThanEq *tmp546 8 %[green] %[red]
   823 draw col *tmp549
-    * draw rect :displayStorage:x :displayStorage:y.1 1 :displayStorage:value
-    * op sub :displayStorage:y.1 :displayStorage:y.1 21
-    * op shr :displayStorage:accumulator :displayStorage:accumulator 5
+  824 draw rect :displayStorage:x 14 1 :displayStorage:value
+  825 op sub :displayStorage:y.1 14 21
   826 label *label482
-    * op add :displayStorage:i :displayStorage:i 1
+  827 op add :displayStorage:i 8 1
   828 label *label259
   829 drawflush display1
   830 op add .lastTail .lastTail 1

Modifications by Iterated phase, Data Flow Optimization, pass 2, iteration 2 (-20 instructions):
 
   742 label *label256
   743 read :displayStorage:accumulator bank2 .lastTail
   744 op add :displayStorage:x 25 .lastTail
-    * op sub :displayStorage:y.1 190 8
-    * set :displayStorage:i 0
   745 label *label473
   746 op and *tmp546 :displayStorage:accumulator 0b11111
   747 op sub :displayStorage:value *tmp546 8
   748 select *tmp549 greaterThanEq *tmp546 8 %[green] %[red]
   749 draw col *tmp549
   750 draw rect :displayStorage:x 182 1 :displayStorage:value
-    * op sub :displayStorage:y.1 182 21
   751 op shr :displayStorage:accumulator :displayStorage:accumulator 5
   752 label *label474
-    * op add :displayStorage:i 0 1
   753 op and *tmp546 :displayStorage:accumulator 0b11111
   754 op sub :displayStorage:value *tmp546 8
   755 select *tmp549 greaterThanEq *tmp546 8 %[green] %[red]
   756 draw col *tmp549
   757 draw rect :displayStorage:x 161 1 :displayStorage:value
-    * op sub :displayStorage:y.1 161 21
   758 op shr :displayStorage:accumulator :displayStorage:accumulator 5
   759 label *label475
-    * op add :displayStorage:i 1 1
   760 op and *tmp546 :displayStorage:accumulator 0b11111
   761 op sub :displayStorage:value *tmp546 8
   762 select *tmp549 greaterThanEq *tmp546 8 %[green] %[red]
   763 draw col *tmp549
   764 draw rect :displayStorage:x 140 1 :displayStorage:value
-    * op sub :displayStorage:y.1 140 21
   765 op shr :displayStorage:accumulator :displayStorage:accumulator 5
   766 label *label476
-    * op add :displayStorage:i 2 1
   767 op and *tmp546 :displayStorage:accumulator 0b11111
   768 op sub :displayStorage:value *tmp546 8
   769 select *tmp549 greaterThanEq *tmp546 8 %[green] %[red]
   770 draw col *tmp549
   771 draw rect :displayStorage:x 119 1 :displayStorage:value
-    * op sub :displayStorage:y.1 119 21
   772 op shr :displayStorage:accumulator :displayStorage:accumulator 5
   773 label *label477
-    * op add :displayStorage:i 3 1
   774 op and *tmp546 :displayStorage:accumulator 0b11111
   775 op sub :displayStorage:value *tmp546 8
   776 select *tmp549 greaterThanEq *tmp546 8 %[green] %[red]
   777 draw col *tmp549
   778 draw rect :displayStorage:x 98 1 :displayStorage:value
-    * op sub :displayStorage:y.1 98 21
   779 op shr :displayStorage:accumulator :displayStorage:accumulator 5
   780 label *label478
-    * op add :displayStorage:i 4 1
   781 op and *tmp546 :displayStorage:accumulator 0b11111
   782 op sub :displayStorage:value *tmp546 8
   783 select *tmp549 greaterThanEq *tmp546 8 %[green] %[red]
   784 draw col *tmp549
   785 draw rect :displayStorage:x 77 1 :displayStorage:value
-    * op sub :displayStorage:y.1 77 21
   786 op shr :displayStorage:accumulator :displayStorage:accumulator 5
   787 label *label479
-    * op add :displayStorage:i 5 1
   788 op and *tmp546 :displayStorage:accumulator 0b11111
   789 op sub :displayStorage:value *tmp546 8
   790 select *tmp549 greaterThanEq *tmp546 8 %[green] %[red]
   791 draw col *tmp549
   792 draw rect :displayStorage:x 56 1 :displayStorage:value
-    * op sub :displayStorage:y.1 56 21
   793 op shr :displayStorage:accumulator :displayStorage:accumulator 5
   794 label *label480
-    * op add :displayStorage:i 6 1
   795 op and *tmp546 :displayStorage:accumulator 0b11111
   796 op sub :displayStorage:value *tmp546 8
   797 select *tmp549 greaterThanEq *tmp546 8 %[green] %[red]
   798 draw col *tmp549
   799 draw rect :displayStorage:x 35 1 :displayStorage:value
-    * op sub :displayStorage:y.1 35 21
   800 op shr :displayStorage:accumulator :displayStorage:accumulator 5
   801 label *label481
-    * op add :displayStorage:i 7 1
   802 op and *tmp546 :displayStorage:accumulator 0b11111
   803 op sub :displayStorage:value *tmp546 8
   804 select *tmp549 greaterThanEq *tmp546 8 %[green] %[red]
   805 draw col *tmp549
   806 draw rect :displayStorage:x 14 1 :displayStorage:value
-    * op sub :displayStorage:y.1 14 21
   807 label *label482
-    * op add :displayStorage:i 8 1
   808 label *label259
   809 drawflush display1
   810 op add .lastTail .lastTail 1

Modifications by Virtual Instruction Expansion:
 
   844 set *tmp563 0
   845 label *label273
   846 label *label384
-    * readarr<inlined:folded:regular> :displayBaseMap:cfg .BLOCKS[] *tmp563
+  847 assertbounds multiple 1 0 lessThanEq *tmp563 lessThanEq 35 "Display.mnd:543:5: index out of bounds (0 to 35)"
+  848 multijump *tmp563 0 0 (m:marker4)
+  849 multilabel *label484 (m:marker4)
+  850 select :displayBaseMap:cfg lessThan *tmp563 18 "AÜAOJ[-liquid-container17" "AXTLJm-pulverizer35"
+  851 jump *label483 always
+  852 multilabel *label485 (m:marker4)
+  853 select :displayBaseMap:cfg lessThan *tmp563 18 "ANOMJZ-kiln16" "AXTNJl-pulverizer34"
+  854 jump *label483 always
+  855 multilabel *label486 (m:marker4)
+  856 select :displayBaseMap:cfg lessThan *tmp563 18 "A{NJJY-inverted-sorter15" "A~RLJk-overflow-gate33"
+  857 jump *label483 always
+  858 multilabel *label487 (m:marker4)
+  859 select :displayBaseMap:cfg lessThan *tmp563 18 "A©NHJX-unloader14" "A~RNJj-overflow-gate32"
+  860 jump *label483 always
+  861 multilabel *label488 (m:marker4)
+  862 select :displayBaseMap:cfg lessThan *tmp563 18 "A¾BFLW-air-factory13" "AXTPJi-pulverizer31"
+  863 jump *label483 always
+  864 multilabel *label489 (m:marker4)
+  865 select :displayBaseMap:cfg lessThan *tmp563 18 "A~DJJV-overflow-gate12" "A¨SSJh-container30"
+  866 jump *label483 always
+  867 multilabel *label490 (m:marker4)
+  868 select :displayBaseMap:cfg lessThan *tmp563 18 "A©FJJU-unloader11" "A©RPJg-unloader29"
+  869 jump *label483 always
+  870 multilabel *label491 (m:marker4)
+  871 select :displayBaseMap:cfg lessThan *tmp563 18 "AFHJT-power-node10" "APTJf-power-node28"
+  872 jump *label483 always
+  873 multilabel *label492 (m:marker4)
+  874 select :displayBaseMap:cfg lessThan *tmp563 18 "AÕFFJS-micro-processor9" "A~PPJe-overflow-gate27"
+  875 jump *label483 always
+  876 multilabel *label493 (m:marker4)
+  877 select :displayBaseMap:cfg lessThan *tmp563 18 "A\u007fJPJR-underflow-gate8" "AXPRJd-pulverizer26"
+  878 jump *label483 always
+  879 multilabel *label494 (m:marker4)
+  880 select :displayBaseMap:cfg lessThan *tmp563 18 "A{HNJQ-inverted-sorter7" "AÁNBJc-multiplicative-reconstructor25"
+  881 jump *label483 always
+  882 multilabel *label495 (m:marker4)
+  883 select :displayBaseMap:cfg lessThan *tmp563 18 "A©JNJP-unloader6" "AÀF@Lb-additive-reconstructor24"
+  884 jump *label483 always
+  885 multilabel *label496 (m:marker4)
+  886 select :displayBaseMap:cfg lessThan *tmp563 18 "A{LNJO-inverted-sorter5" "A{HDJa-inverted-sorter23"
+  887 jump *label483 always
+  888 multilabel *label497 (m:marker4)
+  889 select :displayBaseMap:cfg lessThan *tmp563 18 "ALMQJN-silicon-smelter4" "A©HFJ`-unloader22"
+  890 jump *label483 always
+  891 multilabel *label498 (m:marker4)
+  892 select :displayBaseMap:cfg lessThan *tmp563 18 "AJRJM-combustion-generator3" "AKFRJ_-multi-press21"
+  893 jump *label483 always
+  894 multilabel *label499 (m:marker4)
+  895 select :displayBaseMap:cfg lessThan *tmp563 18 "ALTJL-battery2" "ALQIJ^-silicon-smelter20"
+  896 jump *label483 always
+  897 multilabel *label500 (m:marker4)
+  898 select :displayBaseMap:cfg lessThan *tmp563 18 "AJTJK-battery1" "AAKJ]-steam-generator19"
+  899 jump *label483 always
+  900 multilabel *label501 (m:marker4)
+  901 select :displayBaseMap:cfg lessThan *tmp563 18 "AJEMJJ-graphite-press0" "A¡ASJ\\-water-extractor18"
+  902 label *label483
   903 jump *label276 notEqual :displayBaseMap:cfg "AXPRJd-pulverizer26"
   904 jump *label278 notEqual .scrap false
   905 jump *label275 always
 
   950 set :displayBaseMap:index .recentBuildIndex
   951 jump *label285 lessThan :displayBaseMap:index 0
   952 set .recentBuildIndex -1
-    * readarr<inlined:folded:regular> :drawBlock:cfg .BLOCKS[] :displayBaseMap:index
+  953 assertbounds multiple 1 0 lessThanEq :displayBaseMap:index lessThanEq 35 "Display.mnd:559:13: index out of bounds (0 to 35)"
+  954 multijump :displayBaseMap:index 0 0 (m:marker5)
+  955 multilabel *label503 (m:marker5)
+  956 select :drawBlock:cfg lessThan :displayBaseMap:index 18 "AÜAOJ[-liquid-container17" "AXTLJm-pulverizer35"
+  957 jump *label502 always
+  958 multilabel *label504 (m:marker5)
+  959 select :drawBlock:cfg lessThan :displayBaseMap:index 18 "ANOMJZ-kiln16" "AXTNJl-pulverizer34"
+  960 jump *label502 always
+  961 multilabel *label505 (m:marker5)
+  962 select :drawBlock:cfg lessThan :displayBaseMap:index 18 "A{NJJY-inverted-sorter15" "A~RLJk-overflow-gate33"
+  963 jump *label502 always
+  964 multilabel *label506 (m:marker5)
+  965 select :drawBlock:cfg lessThan :displayBaseMap:index 18 "A©NHJX-unloader14" "A~RNJj-overflow-gate32"
+  966 jump *label502 always
+  967 multilabel *label507 (m:marker5)
+  968 select :drawBlock:cfg lessThan :displayBaseMap:index 18 "A¾BFLW-air-factory13" "AXTPJi-pulverizer31"
+  969 jump *label502 always
+  970 multilabel *label508 (m:marker5)
+  971 select :drawBlock:cfg lessThan :displayBaseMap:index 18 "A~DJJV-overflow-gate12" "A¨SSJh-container30"
+  972 jump *label502 always
+  973 multilabel *label509 (m:marker5)
+  974 select :drawBlock:cfg lessThan :displayBaseMap:index 18 "A©FJJU-unloader11" "A©RPJg-unloader29"
+  975 jump *label502 always
+  976 multilabel *label510 (m:marker5)
+  977 select :drawBlock:cfg lessThan :displayBaseMap:index 18 "AFHJT-power-node10" "APTJf-power-node28"
+  978 jump *label502 always
+  979 multilabel *label511 (m:marker5)
+  980 select :drawBlock:cfg lessThan :displayBaseMap:index 18 "AÕFFJS-micro-processor9" "A~PPJe-overflow-gate27"
+  981 jump *label502 always
+  982 multilabel *label512 (m:marker5)
+  983 select :drawBlock:cfg lessThan :displayBaseMap:index 18 "A\u007fJPJR-underflow-gate8" "AXPRJd-pulverizer26"
+  984 jump *label502 always
+  985 multilabel *label513 (m:marker5)
+  986 select :drawBlock:cfg lessThan :displayBaseMap:index 18 "A{HNJQ-inverted-sorter7" "AÁNBJc-multiplicative-reconstructor25"
+  987 jump *label502 always
+  988 multilabel *label514 (m:marker5)
+  989 select :drawBlock:cfg lessThan :displayBaseMap:index 18 "A©JNJP-unloader6" "AÀF@Lb-additive-reconstructor24"
+  990 jump *label502 always
+  991 multilabel *label515 (m:marker5)
+  992 select :drawBlock:cfg lessThan :displayBaseMap:index 18 "A{LNJO-inverted-sorter5" "A{HDJa-inverted-sorter23"
+  993 jump *label502 always
+  994 multilabel *label516 (m:marker5)
+  995 select :drawBlock:cfg lessThan :displayBaseMap:index 18 "ALMQJN-silicon-smelter4" "A©HFJ`-unloader22"
+  996 jump *label502 always
+  997 multilabel *label517 (m:marker5)
+  998 select :drawBlock:cfg lessThan :displayBaseMap:index 18 "AJRJM-combustion-generator3" "AKFRJ_-multi-press21"
+  999 jump *label502 always
+ 1000 multilabel *label518 (m:marker5)
+ 1001 select :drawBlock:cfg lessThan :displayBaseMap:index 18 "ALTJL-battery2" "ALQIJ^-silicon-smelter20"
+ 1002 jump *label502 always
+ 1003 multilabel *label519 (m:marker5)
+ 1004 select :drawBlock:cfg lessThan :displayBaseMap:index 18 "AJTJK-battery1" "AAKJ]-steam-generator19"
+ 1005 jump *label502 always
+ 1006 multilabel *label520 (m:marker5)
+ 1007 select :drawBlock:cfg lessThan :displayBaseMap:index 18 "AJEMJJ-graphite-press0" "A¡ASJ\\-water-extractor18"
+ 1008 label *label502
  1009 label *label467
  1010 read *tmp716 :drawBlock:cfg 1
  1011 op sub *tmp717 *tmp716 74

Modifications by Jumps phase, Unreachable Code Elimination, pass 5, iteration 1 (-4 instructions):
 
    16 label *label13
    17 ubind @poly
    18 ulocate building core false @copper *tmp41 *tmp42 *tmp43 .core
-    * label *label14
    19 jump *label13 equal .core null
-    * label *label15
    20 label *label16
    21 sensor *tmp45 display1 @bufferSize
    22 jump *label19 greaterThanEq *tmp45 200
 
    38 op mul *tmp59 *tmp58 42
    39 op mul *tmp60 :animate:ratio 90
    40 op add *tmp57 *tmp59 *tmp60
-    * label *label28
    41 op mul *tmp64 *tmp58 237
    42 op mul *tmp65 :animate:ratio 120
    43 op add *tmp62 *tmp64 *tmp65
-    * label *label29
    44 op mul *tmp69 *tmp58 32
    45 op mul *tmp70 :animate:ratio 168
    46 op add *tmp67 *tmp69 *tmp70
-    * label *label30
    47 draw image *tmp57 *tmp62 @mega *tmp67 0
    48 jump *label31 notEqual :animate:ratio 1
    49 setaddr :drawHeader*retaddr *label33 (h:*label33)
    50 call *label7 *invalid :drawHeader*retval (m:*label33) (h:*label33)
    51 label *label33
    52 label *label31
-    * label *label32
    53 drawflush display1
    54 op add .animation .animation 1
-    * label *label25
    55 jump *label24 always
    56 label *label23
    57 draw clear 0 0 32
 
    65 label *label39
    66 print "Locating ore..."
    67 draw print 22 201 @bottomLeft
-    * label *label42
    68 print "Locating ore..."
    69 draw print 23 201 @bottomLeft
-    * label *label43
-    * label *label41
    70 set :drawItem:item .nextBlock
    71 read :drawItem:current processor1 ".mapProgress"
    72 read :drawItem:target processor1 ".mapTotal"
 
    83 read *tmp99 processor1 ".mapSpots"
    84 print *tmp99
    85 draw print 174 193 @right
-    * label *label47
    86 print "x"
    87 read *tmp101 processor1 ".mapSpots"
    88 print *tmp101
    89 draw print 175 193 @right
-    * label *label48
-    * label *label46
-    * label *label49
-    * label *label50
-    * label *label45
-    * label *label44
    90 op sub :updateDisplay:y 171 35
    91 jump *label38 always
    92 label *label37
 
    94 set :drawMaterials:count .totalTargets
    95 print "Materials"
    96 draw print 22 201 @bottomLeft
-    * label *label54
    97 print "Materials"
    98 draw print 23 201 @bottomLeft
-    * label *label55
-    * label *label53
    99 set :updateDisplay:y 186
   100 jump *label56 equal :drawMaterials:count false
   101 set :drawMaterials:item @copper
 
   152 op add *tmp130 :updateDisplay:y 7
   153 print :drawMaterials:target
   154 draw print :drawItemColor.1:textX *tmp130 @right
-    * label *label73
   155 op add :drawText.7:x *tmp120 175
   156 print :drawMaterials:target
   157 draw print :drawText.7:x *tmp130 @right
-    * label *label74
-    * label *label72
   158 op add :drawItemColor.1:col :drawMaterials:col 1
   159 jump *label75 lessThan :drawMaterials:col 0
   160 set :drawItemColor.1:col 0
   161 op sub :drawItemColor.1:y :updateDisplay:y 15
   162 label *label75
-    * label *label76
-    * label *label71
-    * label *label70
   163 set :drawMaterials:col :drawItemColor.1:col
   164 set :updateDisplay:y :drawItemColor.1:y
   165 op sub :drawMaterials:count :drawMaterials:count 1
   166 jump *label77 greaterThan :drawMaterials:count 0
   167 jump *label60 always
   168 label *label77
-    * label *label78
   169 label *label68
-    * label *label69
-    * label *label59
   170 multijump *tmp108 0 0 (m:marker0)
   171 multilabel *label67 (m:marker0)
   172 label *label60
   173 label *label56
-    * label *label57
   174 jump *label79 greaterThanEq .totalTargets 3
   175 op sub *tmp138 3 .totalTargets
   176 op mul *tmp139 *tmp138 15
   177 op sub :updateDisplay:y :updateDisplay:y *tmp139
   178 label *label79
-    * label *label80
   179 op sub :updateDisplay:y :updateDisplay:y 5
   180 label *label51
-    * label *label52
   181 label *label38
-    * label *label36
   182 jump *label82 notEqual .nextFactory null
   183 jump *label81 always
   184 label *label82
-    * label *label83
   185 draw col %[white]
   186 print "Air Factory"
   187 draw print 22 :updateDisplay:y @bottomLeft
-    * label *label85
   188 print "Air Factory"
   189 draw print 23 :updateDisplay:y @bottomLeft
-    * label *label86
   190 op sub :drawTitleRow.2:y :updateDisplay:y 15
-    * label *label84
   191 sensor :drawAirFactory:progress A¾BFLW-air-factory13 @progress
   192 jump *label87 notEqual :drawAirFactory:progress 0
   193 jump *label89 notEqual .nextFactory @flare
 
   204 op sub *tmp166 :updateDisplay:y 8
   205 print 15
   206 draw print 174 *tmp166 @right
-    * label *label94
   207 print 15
   208 draw print 175 *tmp166 @right
-    * label *label95
-    * label *label93
-    * label *label96
-    * label *label97
-    * label *label92
-    * label *label91
   209 op sub :updateDisplay:y :drawTitleRow.2:y 30
   210 jump *label90 always
   211 label *label89
 
   222 op sub *tmp189 :updateDisplay:y 8
   223 print 15
   224 draw print 174 *tmp189 @right
-    * label *label101
   225 print 15
   226 draw print 175 *tmp189 @right
-    * label *label102
-    * label *label100
   227 op sub :drawItemColor.3:y :updateDisplay:y 30
-    * label *label103
-    * label *label104
-    * label *label99
-    * label *label98
   228 sensor *tmp193 A¾BFLW-air-factory13 @silicon
   229 op mul *tmp199 *tmp193 4.2
   230 op min :drawItemColor.4:length 126 *tmp199
 
   238 op sub *tmp212 :updateDisplay:y 23
   239 print 30
   240 draw print 174 *tmp212 @right
-    * label *label108
   241 print 30
   242 draw print 175 *tmp212 @right
-    * label *label109
-    * label *label107
   243 op sub :drawItemColor.4:y :updateDisplay:y 45
-    * label *label110
-    * label *label111
-    * label *label106
-    * label *label105
   244 set :updateDisplay:y :drawItemColor.4:y
   245 label *label90
   246 jump *label88 always
 
   260 print *tmp217
   261 print "%"
   262 draw print 174 *tmp236 @right
-    * label *label115
   263 print *tmp217
   264 print "%"
   265 draw print 175 *tmp236 @right
-    * label *label116
-    * label *label114
-    * label *label117
-    * label *label118
-    * label *label113
-    * label *label112
   266 op sub :updateDisplay:y :drawTitleRow.2:y 30
   267 label *label88
   268 op sub :updateDisplay:y :updateDisplay:y 5
 
   270 jump *label120 notEqual .nextAddReco null
   271 jump *label119 always
   272 label *label120
-    * label *label121
   273 draw col %[white]
   274 print "Reconstructor"
   275 draw print 22 :updateDisplay:y @bottomLeft
-    * label *label123
   276 print "Reconstructor"
   277 draw print 23 :updateDisplay:y @bottomLeft
-    * label *label124
   278 op sub :drawTitleRow.3:y :updateDisplay:y 15
-    * label *label122
   279 sensor :drawAddReco:progress AÀF@Lb-additive-reconstructor24 @progress
   280 jump *label125 notEqual :drawAddReco:progress 0
   281 sensor *tmp245 AÀF@Lb-additive-reconstructor24 @graphite
 
   291 op sub *tmp264 :updateDisplay:y 8
   292 print 40
   293 draw print 174 *tmp264 @right
-    * label *label130
   294 print 40
   295 draw print 175 *tmp264 @right
-    * label *label131
-    * label *label129
   296 op sub :drawItemColor.6:y :updateDisplay:y 30
-    * label *label132
-    * label *label133
-    * label *label128
-    * label *label127
   297 sensor *tmp268 AÀF@Lb-additive-reconstructor24 @silicon
   298 op mul *tmp274 *tmp268 3.1500000000000004
   299 op min :drawItemColor.7:length 126 *tmp274
 
   307 op sub *tmp287 :updateDisplay:y 23
   308 print 40
   309 draw print 174 *tmp287 @right
-    * label *label137
   310 print 40
   311 draw print 175 *tmp287 @right
-    * label *label138
-    * label *label136
   312 op sub :drawItemColor.7:y :updateDisplay:y 45
-    * label *label139
-    * label *label140
-    * label *label135
-    * label *label134
   313 set :updateDisplay:y :drawItemColor.7:y
   314 jump *label126 always
   315 label *label125
 
   327 print *tmp292
   328 print "%"
   329 draw print 174 *tmp311 @right
-    * label *label144
   330 print *tmp292
   331 print "%"
   332 draw print 175 *tmp311 @right
-    * label *label145
-    * label *label143
-    * label *label146
-    * label *label147
-    * label *label142
-    * label *label141
   333 op sub :updateDisplay:y :drawTitleRow.3:y 30
   334 label *label126
   335 op sub :updateDisplay:y :updateDisplay:y 5
 
   337 jump *label149 notEqual .nextMultiReco null
   338 jump *label148 always
   339 label *label149
-    * label *label150
   340 draw col %[white]
   341 op min :updateDisplay:y :updateDisplay:y 142
   342 print "Reconstructor"
   343 draw print 22 :updateDisplay:y @bottomLeft
-    * label *label152
   344 print "Reconstructor"
   345 draw print 23 :updateDisplay:y @bottomLeft
-    * label *label153
   346 op sub :drawTitleRow.4:y :updateDisplay:y 15
-    * label *label151
   347 sensor :drawMultiReco:progress AÁNBJc-multiplicative-reconstructor25 @progress
   348 jump *label154 notEqual :drawMultiReco:progress 0
   349 sensor *tmp321 AÁNBJc-multiplicative-reconstructor25 @metaglass
 
   359 op sub *tmp340 :updateDisplay:y 8
   360 print 40
   361 draw print 174 *tmp340 @right
-    * label *label159
   362 print 40
   363 draw print 175 *tmp340 @right
-    * label *label160
-    * label *label158
   364 op sub :drawItemColor.9:y :updateDisplay:y 30
-    * label *label161
-    * label *label162
-    * label *label157
-    * label *label156
   365 sensor *tmp344 AÁNBJc-multiplicative-reconstructor25 @titanium
   366 op div *tmp350 *tmp344 0.6349206349206349
   367 op min :drawItemColor.10:length 126 *tmp350
 
   375 op sub *tmp363 :updateDisplay:y 23
   376 print 80
   377 draw print 174 *tmp363 @right
-    * label *label166
   378 print 80
   379 draw print 175 *tmp363 @right
-    * label *label167
-    * label *label165
   380 op sub :drawItemColor.10:y :updateDisplay:y 45
-    * label *label168
-    * label *label169
-    * label *label164
-    * label *label163
   381 sensor *tmp367 AÁNBJc-multiplicative-reconstructor25 @silicon
   382 op div *tmp373 *tmp367 1.0317460317460319
   383 op min :drawItemColor.11:length 126 *tmp373
 
   391 op sub *tmp386 :updateDisplay:y 38
   392 print 130
   393 draw print 174 *tmp386 @right
-    * label *label173
   394 print 130
   395 draw print 175 *tmp386 @right
-    * label *label174
-    * label *label172
   396 op sub :drawItemColor.11:y :updateDisplay:y 60
-    * label *label175
-    * label *label176
-    * label *label171
-    * label *label170
   397 set :updateDisplay:y :drawItemColor.11:y
   398 jump *label155 always
   399 label *label154
 
   411 print *tmp391
   412 print "%"
   413 draw print 174 *tmp410 @right
-    * label *label180
   414 print *tmp391
   415 print "%"
   416 draw print 175 *tmp410 @right
-    * label *label181
-    * label *label179
-    * label *label182
-    * label *label183
-    * label *label178
-    * label *label177
   417 op sub :updateDisplay:y :drawTitleRow.4:y 45
   418 label *label155
   419 op sub :updateDisplay:y :updateDisplay:y 5
 
   422 jump *label185 equal *tmp414 false
   423 jump *label184 always
   424 label *label185
-    * label *label186
   425 draw col %[white]
   426 print "Builder"
   427 draw print 22 :updateDisplay:y @bottomLeft
-    * label *label188
   428 print "Builder"
   429 draw print 23 :updateDisplay:y @bottomLeft
-    * label *label189
   430 op sub :drawTitleRow.5:y :updateDisplay:y 15
-    * label *label187
   431 jump *label190 notEqual .transportItem null
   432 draw col %[white]
   433 op sub *tmp434 :updateDisplay:y 10
 
   439 op sub *tmp436 :updateDisplay:y 8
   440 print .transportTarget
   441 draw print 174 *tmp436 @right
-    * label *label196
   442 print .transportTarget
   443 draw print 175 *tmp436 @right
-    * label *label197
-    * label *label195
   444 op sub :drawItemColor.13:y :updateDisplay:y 30
-    * label *label198
-    * label *label199
-    * label *label194
-    * label *label193
-    * label *label192
   445 set :updateDisplay:y :drawItemColor.13:y
   446 jump *label191 always
   447 label *label190
 
   464 op sub *tmp464 :updateDisplay:y 8
   465 print .transportTarget
   466 draw print 174 *tmp464 @right
-    * label *label204
   467 print .transportTarget
   468 draw print 175 *tmp464 @right
-    * label *label205
-    * label *label203
   469 op sub :drawItemColor.14:y :updateDisplay:y 30
-    * label *label206
-    * label *label207
-    * label *label202
-    * label *label201
-    * label *label200
   470 set :updateDisplay:y :drawItemColor.14:y
   471 label *label191
   472 label *label184
   473 jump *label209 notEqual AJTJK-battery1 null
   474 jump *label208 always
   475 label *label209
-    * label *label210
   476 select *tmp472 notEqual AÜAOJ[-liquid-container17 false 35 20
   477 jump *label213 greaterThanEq :updateDisplay:y *tmp472
   478 jump *label208 always
   479 label *label213
-    * label *label214
   480 draw col %[white]
   481 select *tmp475 notEqual AÜAOJ[-liquid-container17 false "Power / Water" "Power"
   482 print *tmp475
   483 draw print 22 *tmp472 @bottomLeft
-    * label *label218
   484 print *tmp475
   485 draw print 23 *tmp472 @bottomLeft
-    * label *label219
   486 op sub :drawTitleRow.6:y *tmp472 15
-    * label *label217
   487 sensor :drawPower:power AJTJK-battery1 @totalPower
   488 op idiv *tmp479 :drawPower:power 40
   489 op mul *tmp485 :drawPower:power 0.0315
 
   499 print *tmp479
   500 print "%"
   501 draw print 174 *tmp498 @right
-    * label *label222
   502 print *tmp479
   503 print "%"
   504 draw print 175 *tmp498 @right
-    * label *label223
-    * label *label221
   505 op sub :drawItemColor.15:y *tmp472 30
-    * label *label224
-    * label *label225
-    * label *label220
   506 jump *label226 equal AÜAOJ[-liquid-container17 false
   507 sensor :drawPower:water AÜAOJ[-liquid-container17 @totalLiquids
   508 op idiv *tmp506 :drawPower:water 7
 
   519 print *tmp506
   520 print "%"
   521 draw print 174 *tmp525 @right
-    * label *label230
   522 print *tmp506
   523 print "%"
   524 draw print 175 *tmp525 @right
-    * label *label231
-    * label *label229
-    * label *label232
-    * label *label233
-    * label *label228
   525 label *label226
-    * label *label227
   526 label *label208
   527 drawflush display1
-    * label *label34
   528 label *label24
   529 jump *label22 always
   530 label *label21
 
   535 draw col %[gold]
   536 print "Resources"
   537 draw print 11 206 @left
-    * label *label240
   538 print "Resources"
   539 draw print 12 206 @left
-    * label *label241
-    * label *label239
   540 draw col %[white]
-    * label *label386
   541 draw image 12 182 @copper 15 0
-    * label *label387
-    * label *label390
   542 draw image 12 161 @lead 15 0
-    * label *label391
-    * label *label394
   543 draw image 12 140 @sand 15 0
-    * label *label395
-    * label *label398
   544 draw image 12 119 @coal 15 0
-    * label *label399
-    * label *label402
   545 draw image 12 98 @graphite 15 0
-    * label *label403
-    * label *label406
   546 draw image 12 77 @silicon 15 0
-    * label *label407
-    * label *label410
   547 draw image 12 56 @titanium 15 0
-    * label *label411
-    * label *label414
   548 draw image 12 35 @metaglass 15 0
-    * label *label415
-    * label *label418
   549 draw image 12 14 @thorium 15 0
-    * label *label419
-    * label *label244
   550 label *label237
-    * label *label238
   551 setaddr :drawHeader*retaddr *label254 (h:*label254)
   552 call *label7 *invalid :drawHeader*retval (m:*label254) (h:*label254)
   553 label *label254
 
   555 jump *label255 lessThanEq .lastTail :displayStorage:tail
   556 jump *label236 always
   557 label *label255
-    * label *label256
   558 read :displayStorage:accumulator bank2 .lastTail
   559 op add :displayStorage:x 25 .lastTail
-    * label *label473
   560 op and *tmp546 :displayStorage:accumulator 0b11111
   561 op sub :displayStorage:value *tmp546 8
   562 select *tmp549 greaterThanEq *tmp546 8 %[green] %[red]
   563 draw col *tmp549
   564 draw rect :displayStorage:x 182 1 :displayStorage:value
   565 op shr :displayStorage:accumulator :displayStorage:accumulator 5
-    * label *label474
   566 op and *tmp546 :displayStorage:accumulator 0b11111
   567 op sub :displayStorage:value *tmp546 8
   568 select *tmp549 greaterThanEq *tmp546 8 %[green] %[red]
   569 draw col *tmp549
   570 draw rect :displayStorage:x 161 1 :displayStorage:value
   571 op shr :displayStorage:accumulator :displayStorage:accumulator 5
-    * label *label475
   572 op and *tmp546 :displayStorage:accumulator 0b11111
   573 op sub :displayStorage:value *tmp546 8
   574 select *tmp549 greaterThanEq *tmp546 8 %[green] %[red]
   575 draw col *tmp549
   576 draw rect :displayStorage:x 140 1 :displayStorage:value
   577 op shr :displayStorage:accumulator :displayStorage:accumulator 5
-    * label *label476
   578 op and *tmp546 :displayStorage:accumulator 0b11111
   579 op sub :displayStorage:value *tmp546 8
   580 select *tmp549 greaterThanEq *tmp546 8 %[green] %[red]
   581 draw col *tmp549
   582 draw rect :displayStorage:x 119 1 :displayStorage:value
   583 op shr :displayStorage:accumulator :displayStorage:accumulator 5
-    * label *label477
   584 op and *tmp546 :displayStorage:accumulator 0b11111
   585 op sub :displayStorage:value *tmp546 8
   586 select *tmp549 greaterThanEq *tmp546 8 %[green] %[red]
   587 draw col *tmp549
   588 draw rect :displayStorage:x 98 1 :displayStorage:value
   589 op shr :displayStorage:accumulator :displayStorage:accumulator 5
-    * label *label478
   590 op and *tmp546 :displayStorage:accumulator 0b11111
   591 op sub :displayStorage:value *tmp546 8
   592 select *tmp549 greaterThanEq *tmp546 8 %[green] %[red]
   593 draw col *tmp549
   594 draw rect :displayStorage:x 77 1 :displayStorage:value
   595 op shr :displayStorage:accumulator :displayStorage:accumulator 5
-    * label *label479
   596 op and *tmp546 :displayStorage:accumulator 0b11111
   597 op sub :displayStorage:value *tmp546 8
   598 select *tmp549 greaterThanEq *tmp546 8 %[green] %[red]
   599 draw col *tmp549
   600 draw rect :displayStorage:x 56 1 :displayStorage:value
   601 op shr :displayStorage:accumulator :displayStorage:accumulator 5
-    * label *label480
   602 op and *tmp546 :displayStorage:accumulator 0b11111
   603 op sub :displayStorage:value *tmp546 8
   604 select *tmp549 greaterThanEq *tmp546 8 %[green] %[red]
   605 draw col *tmp549
   606 draw rect :displayStorage:x 35 1 :displayStorage:value
   607 op shr :displayStorage:accumulator :displayStorage:accumulator 5
-    * label *label481
   608 op and *tmp546 :displayStorage:accumulator 0b11111
   609 op sub :displayStorage:value *tmp546 8
   610 select *tmp549 greaterThanEq *tmp546 8 %[green] %[red]
   611 draw col *tmp549
   612 draw rect :displayStorage:x 14 1 :displayStorage:value
-    * label *label482
-    * label *label259
   613 drawflush display1
   614 op add .lastTail .lastTail 1
   615 label *label236
 
   623 draw reset
   624 draw translate 90 105
   625 draw scale 7.333333333333333 7.333333333333333
-    * label *label266
   626 jump *label267 equal .pageSwitched false
   627 draw image 0 0 @core-shard 6 0
   628 draw reset
   629 draw col %[gold]
   630 print "Base map"
   631 draw print 90 206 @center
-    * label *label270
   632 print "Base map"
   633 draw print 91 206 @center
-    * label *label271
-    * label *label269
   634 draw reset
   635 draw translate 90 105
   636 draw scale 7.333333333333333 7.333333333333333
-    * label *label272
   637 draw col %[white]
   638 drawflush display1
   639 set :displayBaseMap:limit 5
   640 label *label267
-    * label *label268
   641 set :displayBaseMap:counter 0
   642 set *tmp563 0
-    * label *label273
   643 label *label384
   644 assertbounds multiple 1 0 lessThanEq *tmp563 lessThanEq 35 "Display.mnd:543:5: index out of bounds (0 to 35)"
   645 multijump *tmp563 0 0 (m:marker4)
 
   701 jump *label278 notEqual .scrap false
   702 jump *label275 always
   703 label *label278
-    * label *label279
   704 label *label276
-    * label *label277
   705 op add :displayBaseMap:counter :displayBaseMap:counter 1
   706 jump *label280 lessThanEq :displayBaseMap:counter :displayBaseMap:limit
   707 setaddr :drawHeader*retaddr *label282 (h:*label282)
 
   710 draw reset
   711 draw translate 90 105
   712 draw scale 7.333333333333333 7.333333333333333
-    * label *label283
   713 set :displayBaseMap:counter 0
   714 label *label280
-    * label *label281
-    * label *label461
   715 read *tmp716 :displayBaseMap:cfg 1
   716 op sub *tmp717 *tmp716 74
   717 lookup block :unpackCfg:type *tmp717
 
   724 read *tmp731 :displayBaseMap:cfg 5
   725 op sub :unpackCfg:ind *tmp731 74
   726 sensor :unpackCfg:size :unpackCfg:type @size
-    * label *label462
-    * label *label463
   727 op shl *tmp741 1 :unpackCfg:ind
   728 op and :drawBlock:built .blocksBuilt *tmp741
   729 op add *tmp743 :drawBlock:built .pageSwitched
   730 jump *label464 notEqual *tmp743 0
   731 jump *label466 always
   732 label *label464
-    * label *label465
   733 select *tmp746 notEqual :drawBlock:built false %[white] %408040ff
   734 draw col *tmp746
   735 op mul *tmp749 2 :unpackCfg:size
 
   795 multilabel *label520 (m:marker5)
   796 select :drawBlock:cfg lessThan :displayBaseMap:index 18 "AJEMJJ-graphite-press0" "A¡ASJ\\-water-extractor18"
   797 label *label502
-    * label *label467
   798 read *tmp716 :drawBlock:cfg 1
   799 op sub *tmp717 *tmp716 74
   800 lookup block :unpackCfg:type *tmp717
 
   807 read *tmp731 :drawBlock:cfg 5
   808 op sub :unpackCfg:ind *tmp731 74
   809 sensor :unpackCfg:size :unpackCfg:type @size
-    * label *label468
-    * label *label469
   810 op shl *tmp741 1 :unpackCfg:ind
   811 op and :drawBlock:built .blocksBuilt *tmp741
   812 op add *tmp743 :drawBlock:built .pageSwitched
   813 jump *label470 notEqual *tmp743 0
   814 jump *label472 always
   815 label *label470
-    * label *label471
   816 select *tmp746 notEqual :drawBlock:built false %[white] %408040ff
   817 draw col *tmp746
   818 op mul *tmp749 2 :unpackCfg:size
 
   820 draw image *tmp721 *tmp725 :unpackCfg:type *tmp749 *tmp750
   821 label *label472
   822 label *label285
-    * label *label286
   823 sensor *tmp580 switch1 @enabled
   824 jump *label288 equal *tmp580 false
   825 draw clear 0 0 32
   826 drawflush display1
   827 jump *label275 always
   828 label *label288
-    * label *label289
   829 drawflush display1
-    * label *label274
   830 op add *tmp563 *tmp563 1
   831 jump *label384 lessThan *tmp563 36
   832 label *label275
-    * label *label264
   833 jump *label263 always
   834 label *label262
   835 op sub :displayLog:page .page 3
 
   847 draw col %[gold]
   848 print "Build records"
   849 draw print 4 206 @left
-    * label *label294
   850 print "Build records"
   851 draw print 5 206 @left
-    * label *label295
-    * label *label293
   852 op sub *tmp597 .page 2
   853 print *tmp597
   854 print "/"
   855 print :displayLog:pages
   856 draw print 172 206 @right
-    * label *label296
   857 set .lastRecord :displayLog:start
   858 label *label291
-    * label *label292
   859 setaddr :drawHeader*retaddr *label297 (h:*label297)
   860 call *label7 *invalid :drawHeader*retval (m:*label297) (h:*label297)
   861 label *label297
   862 op sub :displayLog:position .lastRecord 1
-    * label *label298
   863 jump *label300 lessThan :displayLog:position :displayLog:stop
   864 label *label385
   865 read :displayLog:record bank1 :displayLog:position
 
   889 op add *tmp625 :displayRecord:y 2
   890 print :displayRecord:s
   891 draw print *tmp624 *tmp625 @right
-    * label *label306
-    * label *label301
   892 drawflush display1
   893 sensor *tmp626 switch1 @enabled
   894 jump *label307 equal *tmp626 false
   895 jump *label300 always
   896 label *label307
-    * label *label308
-    * label *label299
   897 op sub :displayLog:position :displayLog:position 1
   898 jump *label385 greaterThanEq :displayLog:position :displayLog:stop
   899 label *label300
   900 op add .lastRecord :displayLog:stop 1
   901 drawflush display1
-    * label *label290
   902 label *label263
   903 label *label235
   904 label *label22
   905 label *label19
-    * label *label20
   906 jump *label309 lessThanEq .megas 0
   907 print "[gold]All done.[]\nNothing more to see here.\nGo home."
   908 print "\n"
 
   925 print .status3
   926 print "\n"
   927 printflush message1
-    * label *label311
   928 label *label310
   929 sensor .pageSwitched switch1 @enabled
   930 jump *label312 equal .pageSwitched false
 
   935 draw reset
   936 draw clear 0 0 32
   937 label *label312
-    * label *label313
-    * label *label17
   938 jump *label16 always
-    * label *label18
-    * label *label12
-    * wait 1e12
-    * jump *label11 always
-    * end
   939 label *label7
   940 draw reset
   941 draw color 0 0 32 255
 
   953 print *tmp646
   954 print :drawHeader:s
   955 draw print 25 71 @center
-    * label *label320
   956 print :drawHeader:m
   957 print ":"
   958 print *tmp646
   959 print :drawHeader:s
   960 draw print 26 71 @center
-    * label *label321
-    * label *label319
   961 draw col %[white]
   962 draw reset
   963 jump *label316 always
 
   965 draw col %[gold]
   966 print "Goal"
   967 draw print 42 261 @bottom
-    * label *label323
   968 print "Goal"
   969 draw print 43 261 @bottom
-    * label *label324
-    * label *label322
   970 draw col %[white]
   971 jump *label325 equal .missing false
   972 draw image 16 264 .missing 12 0
   973 set .missing false
   974 label *label325
-    * label *label326
   975 jump *label327 equal .nextMultiReco false
   976 draw image 42 237 .nextMultiReco 32 0
   977 jump *label328 always
 
   987 jump *label331 notEqual :drawHeader:count 2
   988 set :drawHeader:x 27
   989 set :drawHeader:goal .nextBlock
-    * label *label423
   990 jump *label424 equal :drawHeader:goal null
   991 draw image 27 240 :drawHeader:goal 25 0
   992 op add :drawHeader:x 27 30
   993 label *label424
-    * label *label425
-    * label *label426
   994 set :drawHeader:goal .nextFactory
-    * label *label429
   995 jump *label430 equal :drawHeader:goal null
   996 draw image :drawHeader:x 240 :drawHeader:goal 25 0
   997 op add :drawHeader:x :drawHeader:x 30
   998 label *label430
-    * label *label431
-    * label *label432
   999 set :drawHeader:goal .nextAddReco
-    * label *label435
  1000 jump *label436 equal :drawHeader:goal null
  1001 draw image :drawHeader:x 240 :drawHeader:goal 25 0
  1002 label *label436
-    * label *label437
-    * label *label438
-    * label *label335
  1003 jump *label332 always
  1004 label *label331
  1005 jump *label341 notEqual :drawHeader:count 1
  1006 set :drawHeader:goal.1 .nextBlock
-    * label *label442
  1007 jump *label443 equal :drawHeader:goal.1 null
  1008 draw image 42 237 :drawHeader:goal.1 32 0
  1009 jump *label345 always
  1010 label *label443
-    * label *label444
-    * label *label445
  1011 set :drawHeader:goal.1 .nextFactory
-    * label *label448
  1012 jump *label449 equal :drawHeader:goal.1 null
  1013 draw image 42 237 :drawHeader:goal.1 32 0
  1014 jump *label345 always
  1015 label *label449
-    * label *label450
-    * label *label451
  1016 set :drawHeader:goal.1 .nextAddReco
-    * label *label454
  1017 jump *label455 equal :drawHeader:goal.1 null
  1018 draw image 42 237 :drawHeader:goal.1 32 0
  1019 label *label455
-    * label *label456
-    * label *label457
  1020 label *label345
  1021 label *label341
-    * label *label342
  1022 label *label332
  1023 label *label330
  1024 label *label328
 
  1043 print *tmp676
  1044 print ")"
  1045 draw print 174 272 @topRight
-    * label *label353
  1046 jump *label354 equal A¨SSJh-container30 null
  1047 sensor :drawHeader:count.1 A¨SSJh-container30 @scrap
  1048 op log10 *tmp680 :drawHeader:count.1
 
  1050 print "x"
  1051 print :drawHeader:count.1
  1052 draw print 174 255 @topRight
-    * label *label356
  1053 op mul *tmp683 7 :drawHeader:len
  1054 op sub *tmp684 154 *tmp683
  1055 draw image *tmp684 246 @scrap 12 0
 
  1059 print "x"
  1060 print :drawHeader:count.1
  1061 draw print 124 255 @topRight
-    * label *label357
  1062 op mul *tmp689 7 :drawHeader:len
  1063 op sub *tmp690 104 *tmp689
  1064 draw image *tmp690 246 @sand 12 0
 
  1072 print "x"
  1073 print :drawHeader:count.2
  1074 draw print 174 255 @topRight
-    * label *label360
  1075 op mul *tmp697 7 :drawHeader:len.1
  1076 op sub *tmp698 154 *tmp697
  1077 draw image *tmp698 246 @titanium 12 0
  1078 label *label358
-    * label *label359
  1079 jump *label361 equal .thoriumContainer false
  1080 sensor :drawHeader:count.3 .thoriumContainer @thorium
  1081 op log10 *tmp701 :drawHeader:count.3
 
  1083 print "x"
  1084 print :drawHeader:count.3
  1085 draw print 124 255 @topRight
-    * label *label363
  1086 op mul *tmp704 7 :drawHeader:len.2
  1087 op sub *tmp705 104 *tmp704
  1088 draw image *tmp705 246 @thorium 12 0
  1089 label *label361
-    * label *label362
  1090 label *label355
  1091 set :drawHeader:x.4 174
  1092 draw col %[white]
 
  1096 print "x"
  1097 print :drawUnitCount:count
  1098 draw print 174 229 @right
-    * label *label367
  1099 op sub :drawHeader:x.4 174 30
  1100 label *label365
-    * label *label366
-    * label *label364
  1101 set :drawUnitCount.1:count .monos
  1102 jump *label369 lessThanEq :drawUnitCount.1:count 0
  1103 op sub *tmp711 :drawHeader:x.4 20
 
  1105 print "x"
  1106 print :drawUnitCount.1:count
  1107 draw print :drawHeader:x.4 229 @right
-    * label *label371
  1108 op sub :drawHeader:x.4 :drawHeader:x.4 30
  1109 label *label369
-    * label *label370
-    * label *label368
  1110 set :drawUnitCount.2:count .flares
  1111 jump *label373 lessThanEq :drawUnitCount.2:count 0
  1112 op sub *tmp714 :drawHeader:x.4 20
 
  1114 print "x"
  1115 print :drawUnitCount.2:count
  1116 draw print :drawHeader:x.4 229 @right
-    * label *label375
  1117 label *label373
-    * label *label374
-    * label *label372
  1118 label *label316
-    * label *label314
  1119 return :drawHeader*retaddr
-    * end

Modifications by Jumps phase, Jump Straightening, pass 5, iteration 1 (-12 instructions):
 
   162 set :drawMaterials:col :drawItemColor.1:col
   163 set :updateDisplay:y :drawItemColor.1:y
   164 op sub :drawMaterials:count :drawMaterials:count 1
-    * jump *label77 greaterThan :drawMaterials:count 0
-    * jump *label60 always
+  165 jump *label60 lessThanEq :drawMaterials:count 0
   166 label *label77
   167 label *label68
   168 multijump *tmp108 0 0 (m:marker0)
 
   177 op sub :updateDisplay:y :updateDisplay:y 5
   178 label *label51
   179 label *label38
-    * jump *label82 notEqual .nextFactory null
-    * jump *label81 always
+  180 jump *label81 equal .nextFactory null
   181 label *label82
   182 draw col %[white]
   183 print "Air Factory"
 
   264 label *label88
   265 op sub :updateDisplay:y :updateDisplay:y 5
   266 label *label81
-    * jump *label120 notEqual .nextAddReco null
-    * jump *label119 always
+  267 jump *label119 equal .nextAddReco null
   268 label *label120
   269 draw col %[white]
   270 print "Reconstructor"
 
   330 label *label126
   331 op sub :updateDisplay:y :updateDisplay:y 5
   332 label *label119
-    * jump *label149 notEqual .nextMultiReco null
-    * jump *label148 always
+  333 jump *label148 equal .nextMultiReco null
   334 label *label149
   335 draw col %[white]
   336 op min :updateDisplay:y :updateDisplay:y 142
 
   414 op sub :updateDisplay:y :updateDisplay:y 5
   415 label *label148
   416 sensor *tmp414 @unit @dead
-    * jump *label185 equal *tmp414 false
-    * jump *label184 always
+  417 jump *label184 notEqual *tmp414 false
   418 label *label185
   419 draw col %[white]
   420 print "Builder"
 
   464 set :updateDisplay:y :drawItemColor.14:y
   465 label *label191
   466 label *label184
-    * jump *label209 notEqual AJTJK-battery1 null
-    * jump *label208 always
+  467 jump *label208 equal AJTJK-battery1 null
   468 label *label209
   469 select *tmp472 notEqual AÜAOJ[-liquid-container17 false 35 20
-    * jump *label213 greaterThanEq :updateDisplay:y *tmp472
-    * jump *label208 always
+  470 jump *label208 lessThan :updateDisplay:y *tmp472
   471 label *label213
   472 draw col %[white]
   473 select *tmp475 notEqual AÜAOJ[-liquid-container17 false "Power / Water" "Power"
 
   544 call *label7 *invalid :drawHeader*retval (m:*label254) (h:*label254)
   545 label *label254
   546 drawflush display1
-    * jump *label255 lessThanEq .lastTail :displayStorage:tail
-    * jump *label236 always
+  547 jump *label236 greaterThan .lastTail :displayStorage:tail
   548 label *label255
   549 read :displayStorage:accumulator bank2 .lastTail
   550 op add :displayStorage:x 25 .lastTail
 
   689 select :displayBaseMap:cfg lessThan *tmp563 18 "AJEMJJ-graphite-press0" "A¡ASJ\\-water-extractor18"
   690 label *label483
   691 jump *label276 notEqual :displayBaseMap:cfg "AXPRJd-pulverizer26"
-    * jump *label278 notEqual .scrap false
-    * jump *label275 always
+  692 jump *label275 equal .scrap false
   693 label *label278
   694 label *label276
   695 op add :displayBaseMap:counter :displayBaseMap:counter 1
 
   717 op shl *tmp741 1 :unpackCfg:ind
   718 op and :drawBlock:built .blocksBuilt *tmp741
   719 op add *tmp743 :drawBlock:built .pageSwitched
-    * jump *label464 notEqual *tmp743 0
-    * jump *label466 always
+  720 jump *label466 equal *tmp743 0
   721 label *label464
   722 select *tmp746 notEqual :drawBlock:built false %[white] %408040ff
   723 draw col *tmp746
 
   799 op shl *tmp741 1 :unpackCfg:ind
   800 op and :drawBlock:built .blocksBuilt *tmp741
   801 op add *tmp743 :drawBlock:built .pageSwitched
-    * jump *label470 notEqual *tmp743 0
-    * jump *label472 always
+  802 jump *label472 equal *tmp743 0
   803 label *label470
   804 select *tmp746 notEqual :drawBlock:built false %[white] %408040ff
   805 draw col *tmp746
 
   879 draw print *tmp624 *tmp625 @right
   880 drawflush display1
   881 sensor *tmp626 switch1 @enabled
-    * jump *label307 equal *tmp626 false
-    * jump *label300 always
+  882 jump *label300 notEqual *tmp626 false
   883 label *label307
   884 op sub :displayLog:position :displayLog:position 1
   885 jump *label385 greaterThanEq :displayLog:position :displayLog:stop

Modifications by Jumps phase, Jump Threading, pass 5, iteration 1:
 
    51 label *label31
    52 drawflush display1
    53 op add .animation .animation 1
-    * jump *label24 always
+   54 jump *label22 always
    55 label *label23
    56 draw clear 0 0 32
    57 setaddr :drawHeader*retaddr *label35 (h:*label35)
 
   202 print 15
   203 draw print 175 *tmp166 @right
   204 op sub :updateDisplay:y :drawTitleRow.2:y 30
-    * jump *label90 always
+  205 jump *label88 always
   206 label *label89
   207 sensor *tmp170 A¾BFLW-air-factory13 @lead
   208 op mul *tmp176 *tmp170 8.4
 
   537 call *label7 *invalid :drawHeader*retval (m:*label254) (h:*label254)
   538 label *label254
   539 drawflush display1
-    * jump *label236 greaterThan .lastTail :displayStorage:tail
+  540 jump *label235 greaterThan .lastTail :displayStorage:tail
   541 read :displayStorage:accumulator bank2 .lastTail
   542 op add :displayStorage:x 25 .lastTail
   543 op and *tmp546 :displayStorage:accumulator 0b11111
 
   681 select :displayBaseMap:cfg lessThan *tmp563 18 "AJEMJJ-graphite-press0" "A¡ASJ\\-water-extractor18"
   682 label *label483
   683 jump *label276 notEqual :displayBaseMap:cfg "AXPRJd-pulverizer26"
-    * jump *label275 equal .scrap false
+  684 jump *label263 equal .scrap false
   685 label *label276
   686 op add :displayBaseMap:counter :displayBaseMap:counter 1
   687 jump *label280 lessThanEq :displayBaseMap:counter :displayBaseMap:limit
 
   801 jump *label288 equal *tmp580 false
   802 draw clear 0 0 32
   803 drawflush display1
-    * jump *label275 always
+  804 jump *label263 always
   805 label *label288
   806 drawflush display1
   807 op add *tmp563 *tmp563 1
 
   902 printflush message1
   903 label *label310
   904 sensor .pageSwitched switch1 @enabled
-    * jump *label312 equal .pageSwitched false
+  905 jump *label16 equal .pageSwitched false
   906 control enabled switch1 false
   907 op add *tmp636 .page 1
   908 op mod .page *tmp636 .numPages
 
   935 draw print 26 71 @center
   936 draw col %[white]
   937 draw reset
-    * jump *label316 always
+  938 return :drawHeader*retaddr
   939 label *label315
   940 draw col %[gold]
   941 print "Goal"
 
   972 op add :drawHeader:x :drawHeader:x 30
   973 label *label430
   974 set :drawHeader:goal .nextAddReco
-    * jump *label436 equal :drawHeader:goal null
+  975 jump *label332 equal :drawHeader:goal null
   976 draw image :drawHeader:x 240 :drawHeader:goal 25 0
   977 label *label436
   978 jump *label332 always

Modifications by Final phase, Temp Variables Elimination, iteration 1:
 
    14 set *signature "0:v1"
    15 label *label13
    16 ubind @poly
-    * ulocate building core false @copper *tmp41 *tmp42 *tmp43 .core
+   17 ulocate building core false @copper 0 0 0 .core
    18 jump *label13 equal .core null
    19 label *label16
    20 sensor *tmp45 display1 @bufferSize

Modifications by Final phase, Print Merging, iteration 1 (-12 instructions):
 
   875 label *label22
   876 label *label19
   877 jump *label309 lessThanEq .megas 0
-    * print "[gold]All done.[]\nNothing more to see here.\nGo home."
-    * print "\n"
+  878 print "[gold]All done.[]\nNothing more to see here.\nGo home.\n"
   879 printflush message1
   880 jump *label310 always
   881 label *label309
-    * print "[gold]Building "
-    * print .nextBlock
-    * print "\n"
-    * print "==================================[]"
-    * print "\n"
-    * print .status1
-    * print "\n"
-    * print .status2
-    * print .item2
-    * print " ("
-    * print .block2
-    * print ")"
-    * print "\n"
-    * print .status3
-    * print "\n"
+  882 print "[gold]Building {0}\n==================================[]\n{0}\n{0}{0} ({0})\n{0}\n"
+  883 format .nextBlock
+  884 format .status1
+  885 format .status2
+  886 format .item2
+  887 format .block2
+  888 format .status3
   889 printflush message1
   890 label *label310
   891 sensor .pageSwitched switch1 @enabled
 
   989 op mod :drawHeader:s.1 :drawHeader:t.1 60
   990 select *tmp671 lessThan :drawHeader:s.1 10 "0" ""
   991 print :drawHeader:m.1
-    * print ":"
-    * print *tmp671
-    * print :drawHeader:s.1
+  992 print ":{0}{0} (x{0}.{0})"
+  993 format *tmp671
+  994 format :drawHeader:s.1
   995 op mul *tmp672 10 :drawHeader:t.1
   996 op div *tmp673 *tmp672 :drawHeader:tt
   997 op round :drawHeader:ratio *tmp673
   998 op idiv *tmp675 :drawHeader:ratio 10
   999 op mod *tmp676 :drawHeader:ratio 10
-    * print " (x"
-    * print *tmp675
-    * print "."
-    * print *tmp676
-    * print ")"
+ 1000 format *tmp675
+ 1001 format *tmp676
  1002 draw print 174 272 @topRight
  1003 jump *label354 equal A¨SSJh-container30 null
  1004 sensor :drawHeader:count.1 A¨SSJh-container30 @scrap

Final code before resolving virtual instructions:

    0:  set *id "id: Display"                                        Display.mnd: #set syntax = strict;
        label *label10                                               Display.mnd: remote(oreLocator) require "OreLocator.mnd";
    1:  read *tmp0 processor1 "*signature"                           ...
    2:  jump *label10 notEqual *tmp0 "2b365030e19b2b7f:v1"           ...
    3:  set .core null                                               Display.mnd: var
    4:  set .page 0                                                  ...
    5:  set .numPages 4                                              ...
    6:  set .recentBuildIndex -1                                     Display.mnd: export volatile var
    7:  set .monos 0                                                 ...
    8:  set .flares 0                                                ...
    9:  set .polys 1                                                 ...
   10:  set .megas 0                                                 ...
   11:  set .animation -15                                           Display.mnd: var animation = -15;
   12:  set .pageSwitched false                                      Display.mnd: var pageSwitched = false;
   13:  set *signature "0:v1"                                        Display.mnd: #set syntax = strict;
        label *label13                                               Display.mnd: do
   14:  ubind @poly                                                  Display.mnd: ubind(@poly);
   15:  ulocate building core false @copper 0 0 0 .core              Display.mnd: core = ulocate(:building, :core, false);
   16:  jump *label13 equal .core null                               Display.mnd: do
        label *label16                                               Display.mnd: while true do
   17:  sensor *tmp1 display1 @bufferSize                            Display.mnd: if display.@bufferSize < 200 then
   18:  jump *label19 greaterThanEq *tmp1 200                        ...
   19:  jump *label21 notEqual .page 0                               Display.mnd: if page == 0 then
   20:  jump *label23 lessThanEq .megas 0                            Display.mnd: if megas > 0 then
   21:  jump *label26 greaterThanEq .animation 0                     Display.mnd: if animation < 0 then
   22:  draw color 0 0 32 80 0 0                                     Display.mnd: color(0, 0, 32, 80);
   23:  draw rect 0 0 176 176 0 0                                    Display.mnd: rect(0, 0, 176, 176);
   24:  jump *label27 always 0 0                                     Display.mnd: if animation < 0 then
        label *label26                                               ...
   25:  draw reset 0 0 0 0 0 0                                       Display.mnd: reset();
   26:  draw clear 0 0 32 0 0 0                                      Display.mnd: clear(0, 0, 32);
        label *label27                                               Display.mnd: if animation < 0 then
   27:  draw col %[white] 0 0 0 0 0                                  Display.mnd: col(%[white]);
   28:  op div *tmp2 .animation 30                                   Display.mnd: var ratio = max(0, min(animation / 30, 1));
   29:  op min *tmp3 *tmp2 1                                         ...
   30:  op max :animate:ratio 0 *tmp3                                ...
   31:  op sub *tmp5 1 :animate:ratio                                Display.mnd: (1 - ratio) * from + ratio * to;
   32:  op mul *tmp6 *tmp5 42                                        ...
   33:  op mul *tmp7 :animate:ratio 90                               ...
   34:  op add *tmp4 *tmp6 *tmp7                                     ...
   35:  op mul *tmp9 *tmp5 237                                       ...
   36:  op mul *tmp10 :animate:ratio 120                             ...
   37:  op add *tmp8 *tmp9 *tmp10                                    ...
   38:  op mul *tmp12 *tmp5 32                                       ...
   39:  op mul *tmp13 :animate:ratio 168                             ...
   40:  op add *tmp11 *tmp12 *tmp13                                  ...
   41:  draw image *tmp4 *tmp8 @mega *tmp11 0 0                      Display.mnd: image(x, y, @mega, size, 0);
   42:  jump *label31 notEqual :animate:ratio 1                      Display.mnd: if ratio == 1 then drawHeader(); end;
   43:  setaddr :drawHeader*retaddr *label33                         ...
   44:  call *label7 *invalid :drawHeader*retval                     ...
        label *label33                                               ...
        label *label31                                               ...
   45:  drawflush display1                                           Display.mnd: drawflush(display);
   46:  op add .animation .animation 1                               Display.mnd: inline void animate()
   47:  jump *label22 always 0 0                                     Display.mnd: if megas > 0 then
        label *label23                                               ...
   48:  draw clear 0 0 32 0 0 0                                      Display.mnd: clear(0, 0, 32);
   49:  setaddr :drawHeader*retaddr *label35                         Display.mnd: drawHeader();
   50:  call *label7 *invalid :drawHeader*retval                     ...
        label *label35                                               ...
   51:  set :updateDisplay:y 201                                     Display.mnd: var y = HEADER2_Y;
   52:  set :drawMaterials:col 0                                     Display.mnd: var count, col = 0;
   53:  jump *label39 equal .nextBlock @ore-thorium                  Display.mnd: if nextBlock == @ore-thorium or nextBlock == @ore-titanium then
   54:  jump *label37 notEqual .nextBlock @ore-titanium              ...
        label *label39                                               ...
   55:  print "Locating ore..."                                      Display.mnd: print(text);
   56:  draw print 22 201 @bottomLeft 0 0 0                          Display.mnd: drawPrint(x, y, alignment);
   57:  print "Locating ore..."                                      Display.mnd: print(text);
   58:  draw print 23 201 @bottomLeft 0 0 0                          Display.mnd: drawPrint(x, y, alignment);
   59:  set :drawItem:item .nextBlock                                Display.mnd: drawItem(in 0, in out y, 1, nextBlock, oreLocator.mapProgress, oreLocator.mapTotal, "x", oreLocator.mapSpots);
   60:  read :drawItem:current processor1 ".mapProgress"             ...
   61:  read :drawItem:target processor1 ".mapTotal"                 ...
   62:  op mul *tmp14 126 :drawItem:current                          Display.mnd: var length = min(barLength, barLength * current / target);
   63:  op div *tmp15 *tmp14 :drawItem:target                        ...
   64:  op min :drawItemColor:length 126 *tmp15                      ...
   65:  draw col %[white] 0 0 0 0 0                                  Display.mnd: col(%[white]);
   66:  draw image 11 191 :drawItem:item 14 0 0                      Display.mnd: image(iconX, y + ICON_Y, item, 14, 0);
   67:  draw col %008000FF 0 0 0 0 0                                 Display.mnd: col(color1);
   68:  draw rect 22 186 :drawItemColor:length 10 0 0                Display.mnd: rect(barX, y, length, BAR_HEIGHT);
   69:  draw col %00FF00FF 0 0 0 0 0                                 Display.mnd: col(color2);
   70:  draw lineRect 22 186 126 10 0 0                              Display.mnd: lineRect(barX, y, barLength, BAR_HEIGHT);
   71:  print "x"                                                    Display.mnd: print(text);
   72:  read *tmp16 processor1 ".mapSpots"                           ...
   73:  print *tmp16                                                 ...
   74:  draw print 174 193 @right 0 0 0                              Display.mnd: drawPrint(x, y, alignment);
   75:  print "x"                                                    Display.mnd: print(text);
   76:  read *tmp17 processor1 ".mapSpots"                           ...
   77:  print *tmp17                                                 ...
   78:  draw print 175 193 @right 0 0 0                              Display.mnd: drawPrint(x, y, alignment);
   79:  op sub :updateDisplay:y 171 35                               Display.mnd: y -= 2 * ROW_HEIGHT + SEPARATOR_Y;
   80:  jump *label38 always 0 0                                     Display.mnd: if nextBlock == @ore-thorium or nextBlock == @ore-titanium then
        label *label37                                               ...
   81:  jump *label51 equal .nextBlock null                          Display.mnd: elsif nextBlock != null then
   82:  set :drawMaterials:count .totalTargets                       Display.mnd: count = totalTargets;
   83:  print "Materials"                                            Display.mnd: print(text);
   84:  draw print 22 201 @bottomLeft 0 0 0                          Display.mnd: drawPrint(x, y, alignment);
   85:  print "Materials"                                            Display.mnd: print(text);
   86:  draw print 23 201 @bottomLeft 0 0 0                          Display.mnd: drawPrint(x, y, alignment);
   87:  set :updateDisplay:y 186                                     Display.mnd: drawTitleRow(in out y, @bottomLeft, "Materials");
   88:  jump *label56 equal :drawMaterials:count false               Display.mnd: if count then
   89:  set :drawMaterials:item @copper                              Display.mnd: for var item, target in
   90:  set :drawMaterials:target .targetCopper                      ...
   91:  setaddr *tmp18 *label61                                      ...
   92:  jump *label58 always 0 0                                     ...
        multilabel *label61                                          ...
   93:  set :drawMaterials:item @lead                                ...
   94:  set :drawMaterials:target .targetLead                        ...
   95:  setaddr *tmp18 *label62                                      ...
   96:  jump *label58 always 0 0                                     ...
        multilabel *label62                                          ...
   97:  set :drawMaterials:item @graphite                            ...
   98:  set :drawMaterials:target .targetGraphite                    ...
   99:  setaddr *tmp18 *label63                                      ...
  100:  jump *label58 always 0 0                                     ...
        multilabel *label63                                          ...
  101:  set :drawMaterials:item @silicon                             ...
  102:  set :drawMaterials:target .targetSilicon                     ...
  103:  setaddr *tmp18 *label64                                      ...
  104:  jump *label58 always 0 0                                     ...
        multilabel *label64                                          ...
  105:  set :drawMaterials:item @titanium                            ...
  106:  set :drawMaterials:target .targetTitanium                    ...
  107:  setaddr *tmp18 *label65                                      ...
  108:  jump *label58 always 0 0                                     ...
        multilabel *label65                                          ...
  109:  set :drawMaterials:item @metaglass                           ...
  110:  set :drawMaterials:target .targetMetaglass                   ...
  111:  setaddr *tmp18 *label66                                      ...
  112:  jump *label58 always 0 0                                     ...
        multilabel *label66                                          ...
  113:  set :drawMaterials:item @thorium                             ...
  114:  set :drawMaterials:target .targetThorium                     ...
  115:  setaddr *tmp18 *label67                                      ...
        label *label58                                               ...
  116:  jump *label68 lessThanEq :drawMaterials:target 0             Display.mnd: if target > 0 then
  117:  sensor *tmp19 .core :drawMaterials:item                      Display.mnd: drawItem(in out col, in out y, columns, item, core.sensor(item), target, target);
  118:  set :drawItemColor.1:y :updateDisplay:y                      Display.mnd: drawItemColor(%008000FF, %00FF00FF, in out col, in out y, columns, item, current, target, text);
  119:  op mul *tmp20 126 *tmp19                                     Display.mnd: var length = min(barLength, barLength * current / target);
  120:  op div *tmp21 *tmp20 :drawMaterials:target                   ...
  121:  op min :drawItemColor.1:length 126 *tmp21                    ...
  122:  op mul *tmp22 :drawMaterials:col 88                          Display.mnd: var iconX = ICON_X + col * 176 / 2;
  123:  op add :drawItemColor.1:iconX 11 *tmp22                      ...
  124:  op add :drawItemColor.1:barX 22 *tmp22                       Display.mnd: var barX = BAR_X + col * 176 / 2;
  125:  op add :drawItemColor.1:textX 174 *tmp22                     Display.mnd: var textX = textEnd + col * 176 / 2;
  126:  draw col %[white] 0 0 0 0 0                                  Display.mnd: col(%[white]);
  127:  op add *tmp23 :updateDisplay:y 5                             Display.mnd: image(iconX, y + ICON_Y, item, 14, 0);
  128:  draw image :drawItemColor.1:iconX *tmp23 :drawMaterials:item ...
  129:  draw col %008000FF 0 0 0 0 0                                 Display.mnd: col(color1);
  130:  draw rect :drawItemColor.1:barX :updateDisplay:y :drawItemCo Display.mnd: rect(barX, y, length, BAR_HEIGHT);
  131:  draw col %00FF00FF 0 0 0 0 0                                 Display.mnd: col(color2);
  132:  draw lineRect :drawItemColor.1:barX :updateDisplay:y 126 10  Display.mnd: lineRect(barX, y, barLength, BAR_HEIGHT);
  133:  op add *tmp24 :updateDisplay:y 7                             Display.mnd: drawBold(textX, y + ICON_Y + 2, @right, text);
  134:  print :drawMaterials:target                                  Display.mnd: print(text);
  135:  draw print :drawItemColor.1:textX *tmp24 @right 0 0 0        Display.mnd: drawPrint(x, y, alignment);
  136:  op add :drawText.7:x *tmp22 175                              Display.mnd: drawText(x + 1, y, alignment, text);
  137:  print :drawMaterials:target                                  Display.mnd: print(text);
  138:  draw print :drawText.7:x *tmp24 @right 0 0 0                 Display.mnd: drawPrint(x, y, alignment);
  139:  op add :drawItemColor.1:col :drawMaterials:col 1             Display.mnd: if ++col >= columns then
  140:  jump *label75 lessThan :drawMaterials:col 0                  ...
  141:  set :drawItemColor.1:col 0                                   Display.mnd: col = 0;
  142:  op sub :drawItemColor.1:y :updateDisplay:y 15                Display.mnd: y -= ROW_HEIGHT;
        label *label75                                               Display.mnd: if ++col >= columns then
  143:  set :drawMaterials:col :drawItemColor.1:col                  Display.mnd: drawItem(in out col, in out y, columns, item, core.sensor(item), target, target);
  144:  set :updateDisplay:y :drawItemColor.1:y                      ...
  145:  op sub :drawMaterials:count :drawMaterials:count 1           Display.mnd: if --count <= 0 then break; end;
  146:  jump *label60 lessThanEq :drawMaterials:count 0              ...
        label *label68                                               Display.mnd: if target > 0 then
  147:  multijump *tmp18 0 0                                         Display.mnd: for var item, target in
        multilabel *label67                                          ...
        label *label60                                               ...
        label *label56                                               Display.mnd: if count then
  148:  jump *label79 greaterThanEq .totalTargets 3                  Display.mnd: if totalTargets < 3 then
  149:  op sub *tmp25 3 .totalTargets                                Display.mnd: y -= (3 - totalTargets) * ROW_HEIGHT;
  150:  op mul *tmp26 *tmp25 15                                      ...
  151:  op sub :updateDisplay:y :updateDisplay:y *tmp26              ...
        label *label79                                               Display.mnd: if totalTargets < 3 then
  152:  op sub :updateDisplay:y :updateDisplay:y 5                   Display.mnd: y -= SEPARATOR_Y;
        label *label51                                               Display.mnd: elsif nextBlock != null then
        label *label38                                               Display.mnd: if nextBlock == @ore-thorium or nextBlock == @ore-titanium then
  153:  jump *label81 equal .nextFactory null                        Display.mnd: if nextFactory == null then return; end;
  154:  draw col %[white] 0 0 0 0 0                                  Display.mnd: col(%[white]);
  155:  print "Air Factory"                                          Display.mnd: print(text);
  156:  draw print 22 :updateDisplay:y @bottomLeft 0 0 0             Display.mnd: drawPrint(x, y, alignment);
  157:  print "Air Factory"                                          Display.mnd: print(text);
  158:  draw print 23 :updateDisplay:y @bottomLeft 0 0 0             Display.mnd: drawPrint(x, y, alignment);
  159:  op sub :drawTitleRow.2:y :updateDisplay:y 15                 Display.mnd: y -= ROW_HEIGHT;
  160:  sensor :drawAirFactory:progress A¾BFLW-air-factory13 @progre Display.mnd: var progress = air_factory.@progress;
  161:  jump *label87 notEqual :drawAirFactory:progress 0            Display.mnd: if progress == 0 then
  162:  jump *label89 notEqual .nextFactory @flare                   Display.mnd: if nextFactory == @flare then
  163:  sensor *tmp27 A¾BFLW-air-factory13 @silicon                  Display.mnd: drawItem(in 0, in out y, 1, @silicon, air_factory.@silicon, 15, 15);
  164:  op mul *tmp28 *tmp27 8.4                                     Display.mnd: var length = min(barLength, barLength * current / target);
  165:  op min :drawItemColor.2:length 126 *tmp28                    ...
  166:  draw col %[white] 0 0 0 0 0                                  Display.mnd: col(%[white]);
  167:  op sub *tmp29 :updateDisplay:y 10                            Display.mnd: image(iconX, y + ICON_Y, item, 14, 0);
  168:  draw image 11 *tmp29 @silicon 14 0 0                         ...
  169:  draw col %008000FF 0 0 0 0 0                                 Display.mnd: col(color1);
  170:  draw rect 22 :drawTitleRow.2:y :drawItemColor.2:length 10 0  Display.mnd: rect(barX, y, length, BAR_HEIGHT);
  171:  draw col %00FF00FF 0 0 0 0 0                                 Display.mnd: col(color2);
  172:  draw lineRect 22 :drawTitleRow.2:y 126 10 0 0                Display.mnd: lineRect(barX, y, barLength, BAR_HEIGHT);
  173:  op sub *tmp30 :updateDisplay:y 8                             Display.mnd: drawBold(textX, y + ICON_Y + 2, @right, text);
  174:  print 15                                                     Display.mnd: print(text);
  175:  draw print 174 *tmp30 @right 0 0 0                           Display.mnd: drawPrint(x, y, alignment);
  176:  print 15                                                     Display.mnd: print(text);
  177:  draw print 175 *tmp30 @right 0 0 0                           Display.mnd: drawPrint(x, y, alignment);
  178:  op sub :updateDisplay:y :drawTitleRow.2:y 30                 Display.mnd: y -= ROW_HEIGHT;
  179:  jump *label88 always 0 0                                     Display.mnd: if nextFactory == @flare then
        label *label89                                               ...
  180:  sensor *tmp31 A¾BFLW-air-factory13 @lead                     Display.mnd: drawItem(in 0, in out y, 1, @lead, air_factory.@lead, 15, 15);
  181:  op mul *tmp32 *tmp31 8.4                                     Display.mnd: var length = min(barLength, barLength * current / target);
  182:  op min :drawItemColor.3:length 126 *tmp32                    ...
  183:  draw col %[white] 0 0 0 0 0                                  Display.mnd: col(%[white]);
  184:  op sub *tmp33 :updateDisplay:y 10                            Display.mnd: image(iconX, y + ICON_Y, item, 14, 0);
  185:  draw image 11 *tmp33 @lead 14 0 0                            ...
  186:  draw col %008000FF 0 0 0 0 0                                 Display.mnd: col(color1);
  187:  draw rect 22 :drawTitleRow.2:y :drawItemColor.3:length 10 0  Display.mnd: rect(barX, y, length, BAR_HEIGHT);
  188:  draw col %00FF00FF 0 0 0 0 0                                 Display.mnd: col(color2);
  189:  draw lineRect 22 :drawTitleRow.2:y 126 10 0 0                Display.mnd: lineRect(barX, y, barLength, BAR_HEIGHT);
  190:  op sub *tmp34 :updateDisplay:y 8                             Display.mnd: drawBold(textX, y + ICON_Y + 2, @right, text);
  191:  print 15                                                     Display.mnd: print(text);
  192:  draw print 174 *tmp34 @right 0 0 0                           Display.mnd: drawPrint(x, y, alignment);
  193:  print 15                                                     Display.mnd: print(text);
  194:  draw print 175 *tmp34 @right 0 0 0                           Display.mnd: drawPrint(x, y, alignment);
  195:  op sub :drawItemColor.3:y :updateDisplay:y 30                Display.mnd: y -= ROW_HEIGHT;
  196:  sensor *tmp35 A¾BFLW-air-factory13 @silicon                  Display.mnd: drawItem(in 0, in out y, 1, @silicon, air_factory.@silicon, 30, 30);
  197:  op mul *tmp36 *tmp35 4.2                                     Display.mnd: var length = min(barLength, barLength * current / target);
  198:  op min :drawItemColor.4:length 126 *tmp36                    ...
  199:  draw col %[white] 0 0 0 0 0                                  Display.mnd: col(%[white]);
  200:  op sub *tmp37 :updateDisplay:y 25                            Display.mnd: image(iconX, y + ICON_Y, item, 14, 0);
  201:  draw image 11 *tmp37 @silicon 14 0 0                         ...
  202:  draw col %008000FF 0 0 0 0 0                                 Display.mnd: col(color1);
  203:  draw rect 22 :drawItemColor.3:y :drawItemColor.4:length 10 0 Display.mnd: rect(barX, y, length, BAR_HEIGHT);
  204:  draw col %00FF00FF 0 0 0 0 0                                 Display.mnd: col(color2);
  205:  draw lineRect 22 :drawItemColor.3:y 126 10 0 0               Display.mnd: lineRect(barX, y, barLength, BAR_HEIGHT);
  206:  op sub *tmp38 :updateDisplay:y 23                            Display.mnd: drawBold(textX, y + ICON_Y + 2, @right, text);
  207:  print 30                                                     Display.mnd: print(text);
  208:  draw print 174 *tmp38 @right 0 0 0                           Display.mnd: drawPrint(x, y, alignment);
  209:  print 30                                                     Display.mnd: print(text);
  210:  draw print 175 *tmp38 @right 0 0 0                           Display.mnd: drawPrint(x, y, alignment);
  211:  op sub :drawItemColor.4:y :updateDisplay:y 45                Display.mnd: y -= ROW_HEIGHT;
  212:  set :updateDisplay:y :drawItemColor.4:y                      Display.mnd: drawItem(in 0, in out y, 1, @silicon, air_factory.@silicon, 30, 30);
  213:  jump *label88 always 0 0                                     Display.mnd: if progress == 0 then
        label *label87                                               ...
  214:  op idiv *tmp39 :drawAirFactory:progress 0.01                 Display.mnd: drawItem(in 0, in out y, 1, nextFactory, progress, 1.0, floor(100 * progress), "%");
  215:  set :drawItem.5:item .nextFactory                            ...
  216:  op mul *tmp40 126 :drawAirFactory:progress                   Display.mnd: var length = min(barLength, barLength * current / target);
  217:  op min :drawItemColor.5:length 126 *tmp40                    ...
  218:  draw col %[white] 0 0 0 0 0                                  Display.mnd: col(%[white]);
  219:  op sub *tmp41 :updateDisplay:y 10                            Display.mnd: image(iconX, y + ICON_Y, item, 14, 0);
  220:  draw image 11 *tmp41 :drawItem.5:item 14 0 0                 ...
  221:  draw col %008000FF 0 0 0 0 0                                 Display.mnd: col(color1);
  222:  draw rect 22 :drawTitleRow.2:y :drawItemColor.5:length 10 0  Display.mnd: rect(barX, y, length, BAR_HEIGHT);
  223:  draw col %00FF00FF 0 0 0 0 0                                 Display.mnd: col(color2);
  224:  draw lineRect 22 :drawTitleRow.2:y 126 10 0 0                Display.mnd: lineRect(barX, y, barLength, BAR_HEIGHT);
  225:  op sub *tmp42 :updateDisplay:y 8                             Display.mnd: drawBold(textX, y + ICON_Y + 2, @right, text);
  226:  print *tmp39                                                 Display.mnd: print(text);
  227:  print "%"                                                    ...
  228:  draw print 174 *tmp42 @right 0 0 0                           Display.mnd: drawPrint(x, y, alignment);
  229:  print *tmp39                                                 Display.mnd: print(text);
  230:  print "%"                                                    ...
  231:  draw print 175 *tmp42 @right 0 0 0                           Display.mnd: drawPrint(x, y, alignment);
  232:  op sub :updateDisplay:y :drawTitleRow.2:y 30                 Display.mnd: y -= ROW_HEIGHT;
        label *label88                                               Display.mnd: if progress == 0 then
  233:  op sub :updateDisplay:y :updateDisplay:y 5                   Display.mnd: y -= SEPARATOR_Y;
        label *label81                                               Display.mnd: drawAirFactory(ref y);
  234:  jump *label119 equal .nextAddReco null                       Display.mnd: if nextAddReco == null then return; end;
  235:  draw col %[white] 0 0 0 0 0                                  Display.mnd: col(%[white]);
  236:  print "Reconstructor"                                        Display.mnd: print(text);
  237:  draw print 22 :updateDisplay:y @bottomLeft 0 0 0             Display.mnd: drawPrint(x, y, alignment);
  238:  print "Reconstructor"                                        Display.mnd: print(text);
  239:  draw print 23 :updateDisplay:y @bottomLeft 0 0 0             Display.mnd: drawPrint(x, y, alignment);
  240:  op sub :drawTitleRow.3:y :updateDisplay:y 15                 Display.mnd: y -= ROW_HEIGHT;
  241:  sensor :drawAddReco:progress AÀF@Lb-additive-reconstructor24 Display.mnd: var progress = additive_rec.@progress;
  242:  jump *label125 notEqual :drawAddReco:progress 0              Display.mnd: if progress == 0 then
  243:  sensor *tmp43 AÀF@Lb-additive-reconstructor24 @graphite      Display.mnd: drawItem(in 0, in out y, 1, @graphite, additive_rec.@graphite, 40, 40);
  244:  op mul *tmp44 *tmp43 3.1500000000000004                      Display.mnd: var length = min(barLength, barLength * current / target);
  245:  op min :drawItemColor.6:length 126 *tmp44                    ...
  246:  draw col %[white] 0 0 0 0 0                                  Display.mnd: col(%[white]);
  247:  op sub *tmp45 :updateDisplay:y 10                            Display.mnd: image(iconX, y + ICON_Y, item, 14, 0);
  248:  draw image 11 *tmp45 @graphite 14 0 0                        ...
  249:  draw col %008000FF 0 0 0 0 0                                 Display.mnd: col(color1);
  250:  draw rect 22 :drawTitleRow.3:y :drawItemColor.6:length 10 0  Display.mnd: rect(barX, y, length, BAR_HEIGHT);
  251:  draw col %00FF00FF 0 0 0 0 0                                 Display.mnd: col(color2);
  252:  draw lineRect 22 :drawTitleRow.3:y 126 10 0 0                Display.mnd: lineRect(barX, y, barLength, BAR_HEIGHT);
  253:  op sub *tmp46 :updateDisplay:y 8                             Display.mnd: drawBold(textX, y + ICON_Y + 2, @right, text);
  254:  print 40                                                     Display.mnd: print(text);
  255:  draw print 174 *tmp46 @right 0 0 0                           Display.mnd: drawPrint(x, y, alignment);
  256:  print 40                                                     Display.mnd: print(text);
  257:  draw print 175 *tmp46 @right 0 0 0                           Display.mnd: drawPrint(x, y, alignment);
  258:  op sub :drawItemColor.6:y :updateDisplay:y 30                Display.mnd: y -= ROW_HEIGHT;
  259:  sensor *tmp47 AÀF@Lb-additive-reconstructor24 @silicon       Display.mnd: drawItem(in 0, in out y, 1, @silicon, additive_rec.@silicon, 40, 40);
  260:  op mul *tmp48 *tmp47 3.1500000000000004                      Display.mnd: var length = min(barLength, barLength * current / target);
  261:  op min :drawItemColor.7:length 126 *tmp48                    ...
  262:  draw col %[white] 0 0 0 0 0                                  Display.mnd: col(%[white]);
  263:  op sub *tmp49 :updateDisplay:y 25                            Display.mnd: image(iconX, y + ICON_Y, item, 14, 0);
  264:  draw image 11 *tmp49 @silicon 14 0 0                         ...
  265:  draw col %008000FF 0 0 0 0 0                                 Display.mnd: col(color1);
  266:  draw rect 22 :drawItemColor.6:y :drawItemColor.7:length 10 0 Display.mnd: rect(barX, y, length, BAR_HEIGHT);
  267:  draw col %00FF00FF 0 0 0 0 0                                 Display.mnd: col(color2);
  268:  draw lineRect 22 :drawItemColor.6:y 126 10 0 0               Display.mnd: lineRect(barX, y, barLength, BAR_HEIGHT);
  269:  op sub *tmp50 :updateDisplay:y 23                            Display.mnd: drawBold(textX, y + ICON_Y + 2, @right, text);
  270:  print 40                                                     Display.mnd: print(text);
  271:  draw print 174 *tmp50 @right 0 0 0                           Display.mnd: drawPrint(x, y, alignment);
  272:  print 40                                                     Display.mnd: print(text);
  273:  draw print 175 *tmp50 @right 0 0 0                           Display.mnd: drawPrint(x, y, alignment);
  274:  op sub :drawItemColor.7:y :updateDisplay:y 45                Display.mnd: y -= ROW_HEIGHT;
  275:  set :updateDisplay:y :drawItemColor.7:y                      Display.mnd: drawItem(in 0, in out y, 1, @silicon, additive_rec.@silicon, 40, 40);
  276:  jump *label126 always 0 0                                    Display.mnd: if progress == 0 then
        label *label125                                              ...
  277:  op idiv *tmp51 :drawAddReco:progress 0.01                    Display.mnd: drawItem(in 0, in out y, 1, @poly, progress, 1.0, floor(100 * progress), "%");
  278:  op mul *tmp52 126 :drawAddReco:progress                      Display.mnd: var length = min(barLength, barLength * current / target);
  279:  op min :drawItemColor.8:length 126 *tmp52                    ...
  280:  draw col %[white] 0 0 0 0 0                                  Display.mnd: col(%[white]);
  281:  op sub *tmp53 :updateDisplay:y 10                            Display.mnd: image(iconX, y + ICON_Y, item, 14, 0);
  282:  draw image 11 *tmp53 @poly 14 0 0                            ...
  283:  draw col %008000FF 0 0 0 0 0                                 Display.mnd: col(color1);
  284:  draw rect 22 :drawTitleRow.3:y :drawItemColor.8:length 10 0  Display.mnd: rect(barX, y, length, BAR_HEIGHT);
  285:  draw col %00FF00FF 0 0 0 0 0                                 Display.mnd: col(color2);
  286:  draw lineRect 22 :drawTitleRow.3:y 126 10 0 0                Display.mnd: lineRect(barX, y, barLength, BAR_HEIGHT);
  287:  op sub *tmp54 :updateDisplay:y 8                             Display.mnd: drawBold(textX, y + ICON_Y + 2, @right, text);
  288:  print *tmp51                                                 Display.mnd: print(text);
  289:  print "%"                                                    ...
  290:  draw print 174 *tmp54 @right 0 0 0                           Display.mnd: drawPrint(x, y, alignment);
  291:  print *tmp51                                                 Display.mnd: print(text);
  292:  print "%"                                                    ...
  293:  draw print 175 *tmp54 @right 0 0 0                           Display.mnd: drawPrint(x, y, alignment);
  294:  op sub :updateDisplay:y :drawTitleRow.3:y 30                 Display.mnd: y -= ROW_HEIGHT;
        label *label126                                              Display.mnd: if progress == 0 then
  295:  op sub :updateDisplay:y :updateDisplay:y 5                   Display.mnd: y -= SEPARATOR_Y;
        label *label119                                              Display.mnd: drawAddReco(ref y);
  296:  jump *label148 equal .nextMultiReco null                     Display.mnd: if nextMultiReco == null then return; end;
  297:  draw col %[white] 0 0 0 0 0                                  Display.mnd: col(%[white]);
  298:  op min :updateDisplay:y :updateDisplay:y 142                 Display.mnd: y = min(y, HEADER1_Y1 - 5 * ROW_HEIGHT);
  299:  print "Reconstructor"                                        Display.mnd: print(text);
  300:  draw print 22 :updateDisplay:y @bottomLeft 0 0 0             Display.mnd: drawPrint(x, y, alignment);
  301:  print "Reconstructor"                                        Display.mnd: print(text);
  302:  draw print 23 :updateDisplay:y @bottomLeft 0 0 0             Display.mnd: drawPrint(x, y, alignment);
  303:  op sub :drawTitleRow.4:y :updateDisplay:y 15                 Display.mnd: y -= ROW_HEIGHT;
  304:  sensor :drawMultiReco:progress AÁNBJc-multiplicative-reconst Display.mnd: var progress = multiplicative_rec.@progress;
  305:  jump *label154 notEqual :drawMultiReco:progress 0            Display.mnd: if progress == 0 then
  306:  sensor *tmp55 AÁNBJc-multiplicative-reconstructor25 @metagla Display.mnd: drawItem(in 0, in out y, 1, @metaglass, multiplicative_rec.@metaglass, 40, 40);
  307:  op mul *tmp56 *tmp55 3.1500000000000004                      Display.mnd: var length = min(barLength, barLength * current / target);
  308:  op min :drawItemColor.9:length 126 *tmp56                    ...
  309:  draw col %[white] 0 0 0 0 0                                  Display.mnd: col(%[white]);
  310:  op sub *tmp57 :updateDisplay:y 10                            Display.mnd: image(iconX, y + ICON_Y, item, 14, 0);
  311:  draw image 11 *tmp57 @metaglass 14 0 0                       ...
  312:  draw col %008000FF 0 0 0 0 0                                 Display.mnd: col(color1);
  313:  draw rect 22 :drawTitleRow.4:y :drawItemColor.9:length 10 0  Display.mnd: rect(barX, y, length, BAR_HEIGHT);
  314:  draw col %00FF00FF 0 0 0 0 0                                 Display.mnd: col(color2);
  315:  draw lineRect 22 :drawTitleRow.4:y 126 10 0 0                Display.mnd: lineRect(barX, y, barLength, BAR_HEIGHT);
  316:  op sub *tmp58 :updateDisplay:y 8                             Display.mnd: drawBold(textX, y + ICON_Y + 2, @right, text);
  317:  print 40                                                     Display.mnd: print(text);
  318:  draw print 174 *tmp58 @right 0 0 0                           Display.mnd: drawPrint(x, y, alignment);
  319:  print 40                                                     Display.mnd: print(text);
  320:  draw print 175 *tmp58 @right 0 0 0                           Display.mnd: drawPrint(x, y, alignment);
  321:  op sub :drawItemColor.9:y :updateDisplay:y 30                Display.mnd: y -= ROW_HEIGHT;
  322:  sensor *tmp59 AÁNBJc-multiplicative-reconstructor25 @titaniu Display.mnd: drawItem(in 0, in out y, 1, @titanium, multiplicative_rec.@titanium, 80, 80);
  323:  op div *tmp60 *tmp59 0.6349206349206349                      Display.mnd: var length = min(barLength, barLength * current / target);
  324:  op min :drawItemColor.10:length 126 *tmp60                   ...
  325:  draw col %[white] 0 0 0 0 0                                  Display.mnd: col(%[white]);
  326:  op sub *tmp61 :updateDisplay:y 25                            Display.mnd: image(iconX, y + ICON_Y, item, 14, 0);
  327:  draw image 11 *tmp61 @titanium 14 0 0                        ...
  328:  draw col %008000FF 0 0 0 0 0                                 Display.mnd: col(color1);
  329:  draw rect 22 :drawItemColor.9:y :drawItemColor.10:length 10  Display.mnd: rect(barX, y, length, BAR_HEIGHT);
  330:  draw col %00FF00FF 0 0 0 0 0                                 Display.mnd: col(color2);
  331:  draw lineRect 22 :drawItemColor.9:y 126 10 0 0               Display.mnd: lineRect(barX, y, barLength, BAR_HEIGHT);
  332:  op sub *tmp62 :updateDisplay:y 23                            Display.mnd: drawBold(textX, y + ICON_Y + 2, @right, text);
  333:  print 80                                                     Display.mnd: print(text);
  334:  draw print 174 *tmp62 @right 0 0 0                           Display.mnd: drawPrint(x, y, alignment);
  335:  print 80                                                     Display.mnd: print(text);
  336:  draw print 175 *tmp62 @right 0 0 0                           Display.mnd: drawPrint(x, y, alignment);
  337:  op sub :drawItemColor.10:y :updateDisplay:y 45               Display.mnd: y -= ROW_HEIGHT;
  338:  sensor *tmp63 AÁNBJc-multiplicative-reconstructor25 @silicon Display.mnd: drawItem(in 0, in out y, 1, @silicon, multiplicative_rec.@silicon, 130, 130);
  339:  op div *tmp64 *tmp63 1.0317460317460319                      Display.mnd: var length = min(barLength, barLength * current / target);
  340:  op min :drawItemColor.11:length 126 *tmp64                   ...
  341:  draw col %[white] 0 0 0 0 0                                  Display.mnd: col(%[white]);
  342:  op sub *tmp65 :updateDisplay:y 40                            Display.mnd: image(iconX, y + ICON_Y, item, 14, 0);
  343:  draw image 11 *tmp65 @silicon 14 0 0                         ...
  344:  draw col %008000FF 0 0 0 0 0                                 Display.mnd: col(color1);
  345:  draw rect 22 :drawItemColor.10:y :drawItemColor.11:length 10 Display.mnd: rect(barX, y, length, BAR_HEIGHT);
  346:  draw col %00FF00FF 0 0 0 0 0                                 Display.mnd: col(color2);
  347:  draw lineRect 22 :drawItemColor.10:y 126 10 0 0              Display.mnd: lineRect(barX, y, barLength, BAR_HEIGHT);
  348:  op sub *tmp66 :updateDisplay:y 38                            Display.mnd: drawBold(textX, y + ICON_Y + 2, @right, text);
  349:  print 130                                                    Display.mnd: print(text);
  350:  draw print 174 *tmp66 @right 0 0 0                           Display.mnd: drawPrint(x, y, alignment);
  351:  print 130                                                    Display.mnd: print(text);
  352:  draw print 175 *tmp66 @right 0 0 0                           Display.mnd: drawPrint(x, y, alignment);
  353:  op sub :drawItemColor.11:y :updateDisplay:y 60               Display.mnd: y -= ROW_HEIGHT;
  354:  set :updateDisplay:y :drawItemColor.11:y                     Display.mnd: drawItem(in 0, in out y, 1, @silicon, multiplicative_rec.@silicon, 130, 130);
  355:  jump *label155 always 0 0                                    Display.mnd: if progress == 0 then
        label *label154                                              ...
  356:  op idiv *tmp67 :drawMultiReco:progress 0.01                  Display.mnd: drawItem(in 0, in out y, 1, @mega, progress, 1.0, floor(100 * progress), "%");
  357:  op mul *tmp68 126 :drawMultiReco:progress                    Display.mnd: var length = min(barLength, barLength * current / target);
  358:  op min :drawItemColor.12:length 126 *tmp68                   ...
  359:  draw col %[white] 0 0 0 0 0                                  Display.mnd: col(%[white]);
  360:  op sub *tmp69 :updateDisplay:y 10                            Display.mnd: image(iconX, y + ICON_Y, item, 14, 0);
  361:  draw image 11 *tmp69 @mega 14 0 0                            ...
  362:  draw col %008000FF 0 0 0 0 0                                 Display.mnd: col(color1);
  363:  draw rect 22 :drawTitleRow.4:y :drawItemColor.12:length 10 0 Display.mnd: rect(barX, y, length, BAR_HEIGHT);
  364:  draw col %00FF00FF 0 0 0 0 0                                 Display.mnd: col(color2);
  365:  draw lineRect 22 :drawTitleRow.4:y 126 10 0 0                Display.mnd: lineRect(barX, y, barLength, BAR_HEIGHT);
  366:  op sub *tmp70 :updateDisplay:y 8                             Display.mnd: drawBold(textX, y + ICON_Y + 2, @right, text);
  367:  print *tmp67                                                 Display.mnd: print(text);
  368:  print "%"                                                    ...
  369:  draw print 174 *tmp70 @right 0 0 0                           Display.mnd: drawPrint(x, y, alignment);
  370:  print *tmp67                                                 Display.mnd: print(text);
  371:  print "%"                                                    ...
  372:  draw print 175 *tmp70 @right 0 0 0                           Display.mnd: drawPrint(x, y, alignment);
  373:  op sub :updateDisplay:y :drawTitleRow.4:y 45                 Display.mnd: y -= 2 * ROW_HEIGHT;
        label *label155                                              Display.mnd: if progress == 0 then
  374:  op sub :updateDisplay:y :updateDisplay:y 5                   Display.mnd: y -= SEPARATOR_Y;
        label *label148                                              Display.mnd: drawMultiReco(ref y);
  375:  sensor *tmp71 @unit @dead                                    Display.mnd: if @unit.@dead then return; end;
  376:  jump *label184 notEqual *tmp71 false                         ...
  377:  draw col %[white] 0 0 0 0 0                                  Display.mnd: col(%[white]);
  378:  print "Builder"                                              Display.mnd: print(text);
  379:  draw print 22 :updateDisplay:y @bottomLeft 0 0 0             Display.mnd: drawPrint(x, y, alignment);
  380:  print "Builder"                                              Display.mnd: print(text);
  381:  draw print 23 :updateDisplay:y @bottomLeft 0 0 0             Display.mnd: drawPrint(x, y, alignment);
  382:  op sub :drawTitleRow.5:y :updateDisplay:y 15                 Display.mnd: y -= ROW_HEIGHT;
  383:  jump *label190 notEqual .transportItem null                  Display.mnd: if transportItem == null then
  384:  draw col %[white] 0 0 0 0 0                                  Display.mnd: col(%[white]);
  385:  op sub *tmp72 :updateDisplay:y 10                            Display.mnd: image(iconX, y + ICON_Y, item, 14, 0);
  386:  draw image 11 *tmp72 @poly 14 0 0                            ...
  387:  draw col %008000FF 0 0 0 0 0                                 Display.mnd: col(color1);
  388:  draw rect 22 :drawTitleRow.5:y 0 10 0 0                      Display.mnd: rect(barX, y, length, BAR_HEIGHT);
  389:  draw col %00FF00FF 0 0 0 0 0                                 Display.mnd: col(color2);
  390:  draw lineRect 22 :drawTitleRow.5:y 126 10 0 0                Display.mnd: lineRect(barX, y, barLength, BAR_HEIGHT);
  391:  op sub *tmp73 :updateDisplay:y 8                             Display.mnd: drawBold(textX, y + ICON_Y + 2, @right, text);
  392:  print .transportTarget                                       Display.mnd: print(text);
  393:  draw print 174 *tmp73 @right 0 0 0                           Display.mnd: drawPrint(x, y, alignment);
  394:  print .transportTarget                                       Display.mnd: print(text);
  395:  draw print 175 *tmp73 @right 0 0 0                           Display.mnd: drawPrint(x, y, alignment);
  396:  op sub :drawItemColor.13:y :updateDisplay:y 30               Display.mnd: y -= ROW_HEIGHT;
  397:  set :updateDisplay:y :drawItemColor.13:y                     Display.mnd: drawUnit(@poly, 0, in out y);
  398:  jump *label191 always 0 0                                    Display.mnd: if transportItem == null then
        label *label190                                              ...
  399:  sensor :drawBuilder:unitItem @unit @firstItem                Display.mnd: var unitItem = @unit.@firstItem;
  400:  sensor *tmp74 @unit @totalItems                              Display.mnd: drawUnit(transportItem, @unit.@totalItems * (unitItem == transportItem), in out y);
  401:  op equal *tmp75 :drawBuilder:unitItem .transportItem         ...
  402:  op mul *tmp76 *tmp74 *tmp75                                  ...
  403:  set :drawUnit.1:item .transportItem                          ...
  404:  set :drawItem.14:target .transportTarget                     Display.mnd: drawItem(in 0, in out y, 1, item, items, transportTarget, transportTarget);
  405:  op mul *tmp77 126 *tmp76                                     Display.mnd: var length = min(barLength, barLength * current / target);
  406:  op div *tmp78 *tmp77 :drawItem.14:target                     ...
  407:  op min :drawItemColor.14:length 126 *tmp78                   ...
  408:  draw col %[white] 0 0 0 0 0                                  Display.mnd: col(%[white]);
  409:  op sub *tmp79 :updateDisplay:y 10                            Display.mnd: image(iconX, y + ICON_Y, item, 14, 0);
  410:  draw image 11 *tmp79 :drawUnit.1:item 14 0 0                 ...
  411:  draw col %008000FF 0 0 0 0 0                                 Display.mnd: col(color1);
  412:  draw rect 22 :drawTitleRow.5:y :drawItemColor.14:length 10 0 Display.mnd: rect(barX, y, length, BAR_HEIGHT);
  413:  draw col %00FF00FF 0 0 0 0 0                                 Display.mnd: col(color2);
  414:  draw lineRect 22 :drawTitleRow.5:y 126 10 0 0                Display.mnd: lineRect(barX, y, barLength, BAR_HEIGHT);
  415:  op sub *tmp80 :updateDisplay:y 8                             Display.mnd: drawBold(textX, y + ICON_Y + 2, @right, text);
  416:  print .transportTarget                                       Display.mnd: print(text);
  417:  draw print 174 *tmp80 @right 0 0 0                           Display.mnd: drawPrint(x, y, alignment);
  418:  print .transportTarget                                       Display.mnd: print(text);
  419:  draw print 175 *tmp80 @right 0 0 0                           Display.mnd: drawPrint(x, y, alignment);
  420:  op sub :drawItemColor.14:y :updateDisplay:y 30               Display.mnd: y -= ROW_HEIGHT;
  421:  set :updateDisplay:y :drawItemColor.14:y                     Display.mnd: drawUnit(transportItem, @unit.@totalItems * (unitItem == transportItem), in out y);
        label *label191                                              Display.mnd: if transportItem == null then
        label *label184                                              Display.mnd: drawBuilder(ref y);
  422:  jump *label208 equal AJTJK-battery1 null                    Display.mnd: if battery1 == null then return; end;
  423:  select *tmp81 notEqual AÜAOJ[-liquid-container17 false 35 20 Display.mnd: var pos = liquid_container ? 2 * ROW_HEIGHT + SEPARATOR_Y : ROW_HEIGHT + SEPARATOR_Y;
  424:  jump *label208 lessThan :updateDisplay:y *tmp81              Display.mnd: if y < pos then return; end;
  425:  draw col %[white] 0 0 0 0 0                                  Display.mnd: col(%[white]);
  426:  select *tmp82 notEqual AÜAOJ[-liquid-container17 false "Powe Display.mnd: drawTitleRow(in out pos, @bottomLeft, liquid_container ? "Power / Water" : "Power");
  427:  print *tmp82                                                 Display.mnd: print(text);
  428:  draw print 22 *tmp81 @bottomLeft 0 0 0                       Display.mnd: drawPrint(x, y, alignment);
  429:  print *tmp82                                                 Display.mnd: print(text);
  430:  draw print 23 *tmp81 @bottomLeft 0 0 0                       Display.mnd: drawPrint(x, y, alignment);
  431:  op sub :drawTitleRow.6:y *tmp81 15                           Display.mnd: y -= ROW_HEIGHT;
  432:  sensor :drawPower:power AJTJK-battery1 @totalPower          Display.mnd: var power = battery1.@totalPower;
  433:  op idiv *tmp83 :drawPower:power 40                           Display.mnd: drawItemColor(%808000FF, %FFFF00FF, in 0, in out pos, 1, @battery, power, 4000, floor(power * 100 / 4000), "%");
  434:  op mul *tmp84 :drawPower:power 0.0315                        Display.mnd: var length = min(barLength, barLength * current / target);
  435:  op min :drawItemColor.15:length 126 *tmp84                   ...
  436:  draw col %[white] 0 0 0 0 0                                  Display.mnd: col(%[white]);
  437:  op sub *tmp85 *tmp81 10                                      Display.mnd: image(iconX, y + ICON_Y, item, 14, 0);
  438:  draw image 11 *tmp85 @battery 14 0 0                         ...
  439:  draw col %808000FF 0 0 0 0 0                                 Display.mnd: col(color1);
  440:  draw rect 22 :drawTitleRow.6:y :drawItemColor.15:length 10 0 Display.mnd: rect(barX, y, length, BAR_HEIGHT);
  441:  draw col %FFFF00FF 0 0 0 0 0                                 Display.mnd: col(color2);
  442:  draw lineRect 22 :drawTitleRow.6:y 126 10 0 0                Display.mnd: lineRect(barX, y, barLength, BAR_HEIGHT);
  443:  op sub *tmp86 *tmp81 8                                       Display.mnd: drawBold(textX, y + ICON_Y + 2, @right, text);
  444:  print *tmp83                                                 Display.mnd: print(text);
  445:  print "%"                                                    ...
  446:  draw print 174 *tmp86 @right 0 0 0                           Display.mnd: drawPrint(x, y, alignment);
  447:  print *tmp83                                                 Display.mnd: print(text);
  448:  print "%"                                                    ...
  449:  draw print 175 *tmp86 @right 0 0 0                           Display.mnd: drawPrint(x, y, alignment);
  450:  op sub :drawItemColor.15:y *tmp81 30                         Display.mnd: y -= ROW_HEIGHT;
  451:  jump *label226 equal AÜAOJ[-liquid-container17 false         Display.mnd: if liquid_container then
  452:  sensor :drawPower:water AÜAOJ[-liquid-container17 @totalLiqu Display.mnd: var water = liquid_container.@totalLiquids;
  453:  op idiv *tmp87 :drawPower:water 7                            Display.mnd: drawItemColor(%5A5AAAFF, %AFAFFFFF, in 0, in out pos, 1, @liquid-container, water, 700, floor(water * 100 / 700), "%");
  454:  op mul *tmp88 :drawPower:water 0.18                          Display.mnd: var length = min(barLength, barLength * current / target);
  455:  op min :drawItemColor.16:length 126 *tmp88                   ...
  456:  draw col %[white] 0 0 0 0 0                                  Display.mnd: col(%[white]);
  457:  op sub *tmp89 *tmp81 25                                      Display.mnd: image(iconX, y + ICON_Y, item, 14, 0);
  458:  draw image 11 *tmp89 @liquid-container 14 0 0                ...
  459:  draw col %5A5AAAFF 0 0 0 0 0                                 Display.mnd: col(color1);
  460:  draw rect 22 :drawItemColor.15:y :drawItemColor.16:length 10 Display.mnd: rect(barX, y, length, BAR_HEIGHT);
  461:  draw col %AFAFFFFF 0 0 0 0 0                                 Display.mnd: col(color2);
  462:  draw lineRect 22 :drawItemColor.15:y 126 10 0 0              Display.mnd: lineRect(barX, y, barLength, BAR_HEIGHT);
  463:  op sub *tmp90 *tmp81 23                                      Display.mnd: drawBold(textX, y + ICON_Y + 2, @right, text);
  464:  print *tmp87                                                 Display.mnd: print(text);
  465:  print "%"                                                    ...
  466:  draw print 174 *tmp90 @right 0 0 0                           Display.mnd: drawPrint(x, y, alignment);
  467:  print *tmp87                                                 Display.mnd: print(text);
  468:  print "%"                                                    ...
  469:  draw print 175 *tmp90 @right 0 0 0                           Display.mnd: drawPrint(x, y, alignment);
        label *label226                                              Display.mnd: if liquid_container then
        label *label208                                              Display.mnd: drawPower(ref y);
  470:  drawflush display1                                           Display.mnd: drawflush(display);
  471:  jump *label22 always 0 0                                     Display.mnd: if page == 0 then
        label *label21                                               ...
  472:  jump *label234 notEqual .page 1                              Display.mnd: elsif page == 1 then
  473:  read :displayStorage:tail bank2 510                          Display.mnd: var tail = resourceHistory[510];
  474:  jump *label237 equal .pageSwitched false                     Display.mnd: if pageSwitched then
  475:  read .lastTail bank2 511                                     Display.mnd: lastTail = resourceHistory[511];
  476:  draw col %[gold] 0 0 0 0 0                                   Display.mnd: col(%[gold]);
  477:  print "Resources"                                            Display.mnd: print(text);
  478:  draw print 11 206 @left 0 0 0                                Display.mnd: drawPrint(x, y, alignment);
  479:  print "Resources"                                            Display.mnd: print(text);
  480:  draw print 12 206 @left 0 0 0                                Display.mnd: drawPrint(x, y, alignment);
  481:  draw col %[white] 0 0 0 0 0                                  Display.mnd: col(%[white]);
  482:  draw image 12 182 @copper 15 0 0                             Display.mnd: image(12, y, item, 15, 0);
  483:  draw image 12 161 @lead 15 0 0                               ...
  484:  draw image 12 140 @sand 15 0 0                               ...
  485:  draw image 12 119 @coal 15 0 0                               ...
  486:  draw image 12 98 @graphite 15 0 0                            ...
  487:  draw image 12 77 @silicon 15 0 0                             ...
  488:  draw image 12 56 @titanium 15 0 0                            ...
  489:  draw image 12 35 @metaglass 15 0 0                           ...
  490:  draw image 12 14 @thorium 15 0 0                             ...
        label *label237                                              Display.mnd: if pageSwitched then
  491:  setaddr :drawHeader*retaddr *label254                        Display.mnd: drawHeader();
  492:  call *label7 *invalid :drawHeader*retval                     ...
        label *label254                                              ...
  493:  drawflush display1                                           Display.mnd: drawflush(display);
  494:  jump *label235 greaterThan .lastTail :displayStorage:tail    Display.mnd: if lastTail > tail then return; end;
  495:  read :displayStorage:accumulator bank2 .lastTail             Display.mnd: var accumulator = resourceHistory[lastTail];
  496:  op add :displayStorage:x 25 .lastTail                        Display.mnd: var x = 25 + lastTail;
  497:  op and *tmp91 :displayStorage:accumulator 0b11111            Display.mnd: var value = (accumulator & 0b11111) - 8;
  498:  op sub :displayStorage:value *tmp91 8                        ...
  499:  select *tmp92 greaterThanEq *tmp91 8 %[green] %[red]         Display.mnd: col(value >= 0 ? %[green] : %[red]);
  500:  draw col *tmp92 0 0 0 0 0                                    ...
  501:  draw rect :displayStorage:x 182 1 :displayStorage:value 0 0  Display.mnd: rect(x, y, 1, value);
  502:  op shr :displayStorage:accumulator :displayStorage:accumulat Display.mnd: accumulator >>= 5;
  503:  op and *tmp91 :displayStorage:accumulator 0b11111            Display.mnd: var value = (accumulator & 0b11111) - 8;
  504:  op sub :displayStorage:value *tmp91 8                        ...
  505:  select *tmp92 greaterThanEq *tmp91 8 %[green] %[red]         Display.mnd: col(value >= 0 ? %[green] : %[red]);
  506:  draw col *tmp92 0 0 0 0 0                                    ...
  507:  draw rect :displayStorage:x 161 1 :displayStorage:value 0 0  Display.mnd: rect(x, y, 1, value);
  508:  op shr :displayStorage:accumulator :displayStorage:accumulat Display.mnd: accumulator >>= 5;
  509:  op and *tmp91 :displayStorage:accumulator 0b11111            Display.mnd: var value = (accumulator & 0b11111) - 8;
  510:  op sub :displayStorage:value *tmp91 8                        ...
  511:  select *tmp92 greaterThanEq *tmp91 8 %[green] %[red]         Display.mnd: col(value >= 0 ? %[green] : %[red]);
  512:  draw col *tmp92 0 0 0 0 0                                    ...
  513:  draw rect :displayStorage:x 140 1 :displayStorage:value 0 0  Display.mnd: rect(x, y, 1, value);
  514:  op shr :displayStorage:accumulator :displayStorage:accumulat Display.mnd: accumulator >>= 5;
  515:  op and *tmp91 :displayStorage:accumulator 0b11111            Display.mnd: var value = (accumulator & 0b11111) - 8;
  516:  op sub :displayStorage:value *tmp91 8                        ...
  517:  select *tmp92 greaterThanEq *tmp91 8 %[green] %[red]         Display.mnd: col(value >= 0 ? %[green] : %[red]);
  518:  draw col *tmp92 0 0 0 0 0                                    ...
  519:  draw rect :displayStorage:x 119 1 :displayStorage:value 0 0  Display.mnd: rect(x, y, 1, value);
  520:  op shr :displayStorage:accumulator :displayStorage:accumulat Display.mnd: accumulator >>= 5;
  521:  op and *tmp91 :displayStorage:accumulator 0b11111            Display.mnd: var value = (accumulator & 0b11111) - 8;
  522:  op sub :displayStorage:value *tmp91 8                        ...
  523:  select *tmp92 greaterThanEq *tmp91 8 %[green] %[red]         Display.mnd: col(value >= 0 ? %[green] : %[red]);
  524:  draw col *tmp92 0 0 0 0 0                                    ...
  525:  draw rect :displayStorage:x 98 1 :displayStorage:value 0 0   Display.mnd: rect(x, y, 1, value);
  526:  op shr :displayStorage:accumulator :displayStorage:accumulat Display.mnd: accumulator >>= 5;
  527:  op and *tmp91 :displayStorage:accumulator 0b11111            Display.mnd: var value = (accumulator & 0b11111) - 8;
  528:  op sub :displayStorage:value *tmp91 8                        ...
  529:  select *tmp92 greaterThanEq *tmp91 8 %[green] %[red]         Display.mnd: col(value >= 0 ? %[green] : %[red]);
  530:  draw col *tmp92 0 0 0 0 0                                    ...
  531:  draw rect :displayStorage:x 77 1 :displayStorage:value 0 0   Display.mnd: rect(x, y, 1, value);
  532:  op shr :displayStorage:accumulator :displayStorage:accumulat Display.mnd: accumulator >>= 5;
  533:  op and *tmp91 :displayStorage:accumulator 0b11111            Display.mnd: var value = (accumulator & 0b11111) - 8;
  534:  op sub :displayStorage:value *tmp91 8                        ...
  535:  select *tmp92 greaterThanEq *tmp91 8 %[green] %[red]         Display.mnd: col(value >= 0 ? %[green] : %[red]);
  536:  draw col *tmp92 0 0 0 0 0                                    ...
  537:  draw rect :displayStorage:x 56 1 :displayStorage:value 0 0   Display.mnd: rect(x, y, 1, value);
  538:  op shr :displayStorage:accumulator :displayStorage:accumulat Display.mnd: accumulator >>= 5;
  539:  op and *tmp91 :displayStorage:accumulator 0b11111            Display.mnd: var value = (accumulator & 0b11111) - 8;
  540:  op sub :displayStorage:value *tmp91 8                        ...
  541:  select *tmp92 greaterThanEq *tmp91 8 %[green] %[red]         Display.mnd: col(value >= 0 ? %[green] : %[red]);
  542:  draw col *tmp92 0 0 0 0 0                                    ...
  543:  draw rect :displayStorage:x 35 1 :displayStorage:value 0 0   Display.mnd: rect(x, y, 1, value);
  544:  op shr :displayStorage:accumulator :displayStorage:accumulat Display.mnd: accumulator >>= 5;
  545:  op and *tmp91 :displayStorage:accumulator 0b11111            Display.mnd: var value = (accumulator & 0b11111) - 8;
  546:  op sub :displayStorage:value *tmp91 8                        ...
  547:  select *tmp92 greaterThanEq *tmp91 8 %[green] %[red]         Display.mnd: col(value >= 0 ? %[green] : %[red]);
  548:  draw col *tmp92 0 0 0 0 0                                    ...
  549:  draw rect :displayStorage:x 14 1 :displayStorage:value 0 0   Display.mnd: rect(x, y, 1, value);
  550:  drawflush display1                                           Display.mnd: drawflush(display);
  551:  op add .lastTail .lastTail 1                                 Display.mnd: void displayStorage()
  552:  jump *label235 always 0 0                                    Display.mnd: elsif page == 1 then
        label *label234                                              ...
  553:  jump *label262 notEqual .page 2                              Display.mnd: elsif page == 2 then
  554:  setaddr :drawHeader*retaddr *label265                        Display.mnd: drawHeader();
  555:  call *label7 *invalid :drawHeader*retval                     ...
        label *label265                                              ...
  556:  set :displayBaseMap:limit 0                                  Display.mnd: var limit = 0;
  557:  draw reset 0 0 0 0 0 0                                       Display.mnd: reset();
  558:  draw translate 90 105 0 0 0 0                                Display.mnd: translate(90, 105);
  559:  draw scale 7.333333333333333 7.333333333333333 0 0 0 0       Display.mnd: scale(size / 15 / 2, size / 15 / 2);
  560:  jump *label267 equal .pageSwitched false                     Display.mnd: if pageSwitched then
  561:  draw image 0 0 @core-shard 6 0 0                             Display.mnd: image(0, 0, @core-shard, 6, 0);
  562:  draw reset 0 0 0 0 0 0                                       Display.mnd: reset();
  563:  draw col %[gold] 0 0 0 0 0                                   Display.mnd: col(%[gold]);
  564:  print "Base map"                                             Display.mnd: print(text);
  565:  draw print 90 206 @center 0 0 0                              Display.mnd: drawPrint(x, y, alignment);
  566:  print "Base map"                                             Display.mnd: print(text);
  567:  draw print 91 206 @center 0 0 0                              Display.mnd: drawPrint(x, y, alignment);
  568:  draw reset 0 0 0 0 0 0                                       Display.mnd: reset();
  569:  draw translate 90 105 0 0 0 0                                Display.mnd: translate(90, 105);
  570:  draw scale 7.333333333333333 7.333333333333333 0 0 0 0       Display.mnd: scale(size / 15 / 2, size / 15 / 2);
  571:  draw col %[white] 0 0 0 0 0                                  Display.mnd: col(%[white]);
  572:  drawflush display1                                           Display.mnd: drawflush(display);
  573:  set :displayBaseMap:limit 5                                  Display.mnd: limit = 5;
        label *label267                                              Display.mnd: if pageSwitched then
  574:  set :displayBaseMap:counter 0                                Display.mnd: var counter = 0;
  575:  set *tmp93 0                                                 Display.mnd: for var cfg in BLOCKS do
        label *label384                                              ...
  576:  assertbounds multiple 1 0 lessThanEq *tmp93 lessThanEq 35 "D ...
  576:  multijump *tmp93 0 0                                         ...
        multilabel *label484                                         ...
  577:  select :displayBaseMap:cfg lessThan *tmp93 18 "AÜAOJ[-liquid ...
  578:  jump *label483 always 0 0                                    ...
        multilabel *label485                                         ...
  579:  select :displayBaseMap:cfg lessThan *tmp93 18 "ANOMJZ-kiln16 ...
  580:  jump *label483 always 0 0                                    ...
        multilabel *label486                                         ...
  581:  select :displayBaseMap:cfg lessThan *tmp93 18 "A{NJJY-invert ...
  582:  jump *label483 always 0 0                                    ...
        multilabel *label487                                         ...
  583:  select :displayBaseMap:cfg lessThan *tmp93 18 "A©NHJX-unload ...
  584:  jump *label483 always 0 0                                    ...
        multilabel *label488                                         ...
  585:  select :displayBaseMap:cfg lessThan *tmp93 18 "A¾BFLW-air-fa ...
  586:  jump *label483 always 0 0                                    ...
        multilabel *label489                                         ...
  587:  select :displayBaseMap:cfg lessThan *tmp93 18 "A~DJJV-overfl ...
  588:  jump *label483 always 0 0                                    ...
        multilabel *label490                                         ...
  589:  select :displayBaseMap:cfg lessThan *tmp93 18 "A©FJJU-unload ...
  590:  jump *label483 always 0 0                                    ...
        multilabel *label491                                         ...
  591:  select :displayBaseMap:cfg lessThan *tmp93 18 "AFHJT-power- ...
  592:  jump *label483 always 0 0                                    ...
        multilabel *label492                                         ...
  593:  select :displayBaseMap:cfg lessThan *tmp93 18 "AÕFFJS-micro- ...
  594:  jump *label483 always 0 0                                    ...
        multilabel *label493                                         ...
  595:  select :displayBaseMap:cfg lessThan *tmp93 18 "A\u007fJPJR-u ...
  596:  jump *label483 always 0 0                                    ...
        multilabel *label494                                         ...
  597:  select :displayBaseMap:cfg lessThan *tmp93 18 "A{HNJQ-invert ...
  598:  jump *label483 always 0 0                                    ...
        multilabel *label495                                         ...
  599:  select :displayBaseMap:cfg lessThan *tmp93 18 "A©JNJP-unload ...
  600:  jump *label483 always 0 0                                    ...
        multilabel *label496                                         ...
  601:  select :displayBaseMap:cfg lessThan *tmp93 18 "A{LNJO-invert ...
  602:  jump *label483 always 0 0                                    ...
        multilabel *label497                                         ...
  603:  select :displayBaseMap:cfg lessThan *tmp93 18 "ALMQJN-silico ...
  604:  jump *label483 always 0 0                                    ...
        multilabel *label498                                         ...
  605:  select :displayBaseMap:cfg lessThan *tmp93 18 "AJRJM-combus ...
  606:  jump *label483 always 0 0                                    ...
        multilabel *label499                                         ...
  607:  select :displayBaseMap:cfg lessThan *tmp93 18 "ALTJL-batter ...
  608:  jump *label483 always 0 0                                    ...
        multilabel *label500                                         ...
  609:  select :displayBaseMap:cfg lessThan *tmp93 18 "AJTJK-batter ...
  610:  jump *label483 always 0 0                                    ...
        multilabel *label501                                         ...
  611:  select :displayBaseMap:cfg lessThan *tmp93 18 "AJEMJJ-graphi ...
        label *label483                                              ...
  612:  jump *label276 notEqual :displayBaseMap:cfg "AXPRJd-pulveriz Display.mnd: if cfg == PULVERIZER1 then
  613:  jump *label263 equal .scrap false                            Display.mnd: if not scrap then break; end;
        label *label276                                              Display.mnd: if cfg == PULVERIZER1 then
  614:  op add :displayBaseMap:counter :displayBaseMap:counter 1     Display.mnd: if ++counter > limit then
  615:  jump *label280 lessThanEq :displayBaseMap:counter :displayBa ...
  616:  setaddr :drawHeader*retaddr *label282                        Display.mnd: drawHeader();
  617:  call *label7 *invalid :drawHeader*retval                     ...
        label *label282                                              ...
  618:  draw reset 0 0 0 0 0 0                                       Display.mnd: reset();
  619:  draw translate 90 105 0 0 0 0                                Display.mnd: translate(90, 105);
  620:  draw scale 7.333333333333333 7.333333333333333 0 0 0 0       Display.mnd: scale(size / 15 / 2, size / 15 / 2);
  621:  set :displayBaseMap:counter 0                                Display.mnd: counter = 0;
        label *label280                                              Display.mnd: if ++counter > limit then
  622:  read *tmp136 :displayBaseMap:cfg 1                           Common.mnd: type = lookup(:block, char(cfg, index++) - _Common_offset);
  623:  op sub *tmp137 *tmp136 74                                    ...
  624:  lookup block :unpackCfg:type *tmp137                         ...
  625:  read *tmp138 :displayBaseMap:cfg 2                           Common.mnd: x = (char(cfg, index++) - _Common_offset) / 2;
  626:  op sub *tmp139 *tmp138 74                                    ...
  627:  read *tmp140 :displayBaseMap:cfg 3                           Common.mnd: y = (char(cfg, index++) - _Common_offset) / 2;
  628:  op sub *tmp141 *tmp140 74                                    ...
  629:  read *tmp142 :displayBaseMap:cfg 4                           Common.mnd: rotation = char(cfg, index++) - _Common_offset;
  630:  op sub :unpackCfg:rotation *tmp142 74                        ...
  631:  read *tmp143 :displayBaseMap:cfg 5                           Common.mnd: ind = char(cfg, index++) - _Common_offset;
  632:  op sub :unpackCfg:ind *tmp143 74                             ...
  633:  sensor :unpackCfg:size :unpackCfg:type @size                 Common.mnd: size = type.@size;
  634:  op shl *tmp144 1 :unpackCfg:ind                              Display.mnd: var built = blocksBuilt & (1 << index);
  635:  op and :drawBlock:built .blocksBuilt *tmp144                 ...
  636:  op add *tmp145 :drawBlock:built .pageSwitched                Display.mnd: if built + pageSwitched == 0 then return; end;
  637:  jump *label466 equal *tmp145 0                               ...
  638:  select *tmp146 notEqual :drawBlock:built false %[white] %408 Display.mnd: col(built ? %[white] : %408040ff);
  639:  draw col *tmp146 0 0 0 0 0                                   ...
  640:  op mul *tmp147 2 :unpackCfg:size                             Display.mnd: image(2 * x, 2 * y, type, 2 * size, 90 * rotation);
  641:  op mul *tmp148 90 :unpackCfg:rotation                        ...
  642:  draw image *tmp139 *tmp141 :unpackCfg:type *tmp147 *tmp148 0 ...
        label *label466                                              Display.mnd: void drawBlock(cfg)
  643:  set :displayBaseMap:index .recentBuildIndex                  Display.mnd: var index = recentBuildIndex;
  644:  jump *label285 lessThan :displayBaseMap:index 0              Display.mnd: if index >= 0 then
  645:  set .recentBuildIndex -1                                     Display.mnd: recentBuildIndex = -1;
  646:  assertbounds multiple 1 0 lessThanEq :displayBaseMap:index l Display.mnd: drawBlock(BLOCKS[index]);
  646:  multijump :displayBaseMap:index 0 0                          ...
        multilabel *label503                                         ...
  647:  select :drawBlock:cfg lessThan :displayBaseMap:index 18 "AÜA ...
  648:  jump *label502 always 0 0                                    ...
        multilabel *label504                                         ...
  649:  select :drawBlock:cfg lessThan :displayBaseMap:index 18 "ANO ...
  650:  jump *label502 always 0 0                                    ...
        multilabel *label505                                         ...
  651:  select :drawBlock:cfg lessThan :displayBaseMap:index 18 "A{N ...
  652:  jump *label502 always 0 0                                    ...
        multilabel *label506                                         ...
  653:  select :drawBlock:cfg lessThan :displayBaseMap:index 18 "A©N ...
  654:  jump *label502 always 0 0                                    ...
        multilabel *label507                                         ...
  655:  select :drawBlock:cfg lessThan :displayBaseMap:index 18 "A¾B ...
  656:  jump *label502 always 0 0                                    ...
        multilabel *label508                                         ...
  657:  select :drawBlock:cfg lessThan :displayBaseMap:index 18 "A~D ...
  658:  jump *label502 always 0 0                                    ...
        multilabel *label509                                         ...
  659:  select :drawBlock:cfg lessThan :displayBaseMap:index 18 "A©F ...
  660:  jump *label502 always 0 0                                    ...
        multilabel *label510                                         ...
  661:  select :drawBlock:cfg lessThan :displayBaseMap:index 18 "AF ...
  662:  jump *label502 always 0 0                                    ...
        multilabel *label511                                         ...
  663:  select :drawBlock:cfg lessThan :displayBaseMap:index 18 "AÕF ...
  664:  jump *label502 always 0 0                                    ...
        multilabel *label512                                         ...
  665:  select :drawBlock:cfg lessThan :displayBaseMap:index 18 "A\u ...
  666:  jump *label502 always 0 0                                    ...
        multilabel *label513                                         ...
  667:  select :drawBlock:cfg lessThan :displayBaseMap:index 18 "A{H ...
  668:  jump *label502 always 0 0                                    ...
        multilabel *label514                                         ...
  669:  select :drawBlock:cfg lessThan :displayBaseMap:index 18 "A©J ...
  670:  jump *label502 always 0 0                                    ...
        multilabel *label515                                         ...
  671:  select :drawBlock:cfg lessThan :displayBaseMap:index 18 "A{L ...
  672:  jump *label502 always 0 0                                    ...
        multilabel *label516                                         ...
  673:  select :drawBlock:cfg lessThan :displayBaseMap:index 18 "ALM ...
  674:  jump *label502 always 0 0                                    ...
        multilabel *label517                                         ...
  675:  select :drawBlock:cfg lessThan :displayBaseMap:index 18 "AJ ...
  676:  jump *label502 always 0 0                                    ...
        multilabel *label518                                         ...
  677:  select :drawBlock:cfg lessThan :displayBaseMap:index 18 "AL ...
  678:  jump *label502 always 0 0                                    ...
        multilabel *label519                                         ...
  679:  select :drawBlock:cfg lessThan :displayBaseMap:index 18 "AJ ...
  680:  jump *label502 always 0 0                                    ...
        multilabel *label520                                         ...
  681:  select :drawBlock:cfg lessThan :displayBaseMap:index 18 "AJE ...
        label *label502                                              ...
  682:  read *tmp136 :drawBlock:cfg 1                                Common.mnd: type = lookup(:block, char(cfg, index++) - _Common_offset);
  683:  op sub *tmp137 *tmp136 74                                    ...
  684:  lookup block :unpackCfg:type *tmp137                         ...
  685:  read *tmp138 :drawBlock:cfg 2                                Common.mnd: x = (char(cfg, index++) - _Common_offset) / 2;
  686:  op sub *tmp139 *tmp138 74                                    ...
  687:  read *tmp140 :drawBlock:cfg 3                                Common.mnd: y = (char(cfg, index++) - _Common_offset) / 2;
  688:  op sub *tmp141 *tmp140 74                                    ...
  689:  read *tmp142 :drawBlock:cfg 4                                Common.mnd: rotation = char(cfg, index++) - _Common_offset;
  690:  op sub :unpackCfg:rotation *tmp142 74                        ...
  691:  read *tmp143 :drawBlock:cfg 5                                Common.mnd: ind = char(cfg, index++) - _Common_offset;
  692:  op sub :unpackCfg:ind *tmp143 74                             ...
  693:  sensor :unpackCfg:size :unpackCfg:type @size                 Common.mnd: size = type.@size;
  694:  op shl *tmp144 1 :unpackCfg:ind                              Display.mnd: var built = blocksBuilt & (1 << index);
  695:  op and :drawBlock:built .blocksBuilt *tmp144                 ...
  696:  op add *tmp145 :drawBlock:built .pageSwitched                Display.mnd: if built + pageSwitched == 0 then return; end;
  697:  jump *label472 equal *tmp145 0                               ...
  698:  select *tmp146 notEqual :drawBlock:built false %[white] %408 Display.mnd: col(built ? %[white] : %408040ff);
  699:  draw col *tmp146 0 0 0 0 0                                   ...
  700:  op mul *tmp147 2 :unpackCfg:size                             Display.mnd: image(2 * x, 2 * y, type, 2 * size, 90 * rotation);
  701:  op mul *tmp148 90 :unpackCfg:rotation                        ...
  702:  draw image *tmp139 *tmp141 :unpackCfg:type *tmp147 *tmp148 0 ...
        label *label472                                              Display.mnd: void drawBlock(cfg)
        label *label285                                              Display.mnd: if index >= 0 then
  703:  sensor *tmp94 switch1 @enabled                               Display.mnd: if nextPage.enabled then
  704:  jump *label288 equal *tmp94 false                            ...
  705:  draw clear 0 0 32 0 0 0                                      Display.mnd: clear(0, 0, 32);
  706:  drawflush display1                                           Display.mnd: drawflush(display);
  707:  jump *label263 always 0 0                                    Display.mnd: break;
        label *label288                                              Display.mnd: if nextPage.enabled then
  708:  drawflush display1                                           Display.mnd: drawflush(display);
  709:  op add *tmp93 *tmp93 1                                       Display.mnd: for var cfg in BLOCKS do
  710:  jump *label384 lessThan *tmp93 36                            ...
  711:  jump *label263 always 0 0                                    Display.mnd: elsif page == 2 then
        label *label262                                              ...
  712:  op sub :displayLog:page .page 3                              Display.mnd: displayLog(page - 3);
  713:  read :displayLog:logPosition bank1 511                       Display.mnd: var logPosition = oreLogMemory[511];
  714:  op sub *tmp95 510 :displayLog:logPosition                    Display.mnd: var pages = max(1, (records - 1) \ RECORDS_PER_PAGE + 1);
  715:  op idiv *tmp96 *tmp95 39                                     ...
  716:  op add *tmp97 *tmp96 1                                       ...
  717:  op max :displayLog:pages 1 *tmp97                            ...
  718:  op add .numPages :displayLog:pages 3                         Display.mnd: numPages = pages + 3;
  719:  op mul *tmp98 39 :displayLog:page                            Display.mnd: var start = 511 - RECORDS_PER_PAGE * page;
  720:  op sub :displayLog:start 511 *tmp98                          ...
  721:  op sub *tmp99 :displayLog:start 39                           Display.mnd: var stop = max(logPosition, start - RECORDS_PER_PAGE);
  722:  op max :displayLog:stop :displayLog:logPosition *tmp99       ...
  723:  jump *label291 equal .pageSwitched false                     Display.mnd: if pageSwitched then
  724:  draw col %[gold] 0 0 0 0 0                                   Display.mnd: col(%[gold]);
  725:  print "Build records"                                        Display.mnd: print(text);
  726:  draw print 4 206 @left 0 0 0                                 Display.mnd: drawPrint(x, y, alignment);
  727:  print "Build records"                                        Display.mnd: print(text);
  728:  draw print 5 206 @left 0 0 0                                 Display.mnd: drawPrint(x, y, alignment);
  729:  op sub *tmp100 .page 2                                       Display.mnd: print(page + 1, "/");
  730:  print *tmp100                                                ...
  731:  print "/"                                                    ...
  732:  print :displayLog:pages                                      Display.mnd: print(text);
  733:  draw print 172 206 @right 0 0 0                              Display.mnd: drawPrint(x, y, alignment);
  734:  set .lastRecord :displayLog:start                            Display.mnd: lastRecord = start;
        label *label291                                              Display.mnd: if pageSwitched then
  735:  setaddr :drawHeader*retaddr *label297                        Display.mnd: drawHeader();
  736:  call *label7 *invalid :drawHeader*retval                     ...
        label *label297                                              ...
  737:  op sub :displayLog:position .lastRecord 1                    Display.mnd: for var position in stop ... lastRecord descending do
  738:  jump *label300 lessThan :displayLog:position :displayLog:sto ...
        label *label385                                              ...
  739:  read :displayLog:record bank1 :displayLog:position           Display.mnd: var record = oreLogMemory[position];
  740:  op sub *tmp101 :displayLog:start :displayLog:position        Display.mnd: displayRecord(record, start - position - 1);
  741:  op sub *tmp102 *tmp101 1                                     ...
  742:  op idiv :displayRecord:col *tmp102 13                        Display.mnd: var col = index \ RECORDS_PER_COLUMN;
  743:  op mod :displayRecord:row *tmp102 13                         Display.mnd: var row = index % RECORDS_PER_COLUMN;
  744:  op mul *tmp103 58 :displayRecord:col                         Display.mnd: var x = 11 + 58 * col;
  745:  op add :displayRecord:x 11 *tmp103                           ...
  746:  op mul *tmp104 15 :displayRecord:row                         Display.mnd: var y = HEADER1_Y1 - 13 - 15 - 15 * row;
  747:  op sub :displayRecord:y 189 *tmp104                          ...
  748:  op mod :displayRecord:id :displayLog:record 1000             Display.mnd: var id = record % 1000;
  749:  lookup block *tmp105 :displayRecord:id                       Display.mnd: var icon = id > @blockCount ? lookup(:unit, id - @blockCount) : lookup(:block, id);
  750:  jump *label303 lessThanEq :displayRecord:id @blockCount      ...
  751:  op sub *tmp106 :displayRecord:id @blockCount                 ...
  752:  lookup unit *tmp105 *tmp106                                  ...
        label *label303                                              ...
  753:  op idiv :displayRecord:t :displayLog:record 120000           Display.mnd: var t = floor(record / 1000 / 120);
  754:  op idiv :displayRecord:m :displayRecord:t 60                 Display.mnd: var m = t \ 60;
  755:  op mod :displayRecord:s :displayRecord:t 60                  Display.mnd: var s = t % 60;
  756:  select *tmp107 lessThan :displayRecord:s 10 "0" ""           Display.mnd: print(m, ":", s < 10 ? "0" : "");
  757:  print :displayRecord:m                                       ...
  758:  print ":"                                                    ...
  759:  print *tmp107                                                ...
  760:  draw image :displayRecord:x :displayRecord:y *tmp105 14 0 0  Display.mnd: image(x, y, icon, 14, 0);
  761:  op add *tmp108 :displayRecord:x 44                           Display.mnd: drawText(x + 56 - 12, y + 2, @right, s);
  762:  op add *tmp109 :displayRecord:y 2                            ...
  763:  print :displayRecord:s                                       Display.mnd: print(text);
  764:  draw print *tmp108 *tmp109 @right 0 0 0                      Display.mnd: drawPrint(x, y, alignment);
  765:  drawflush display1                                           Display.mnd: drawflush(display);
  766:  sensor *tmp110 switch1 @enabled                              Display.mnd: if nextPage.enabled then break; end;
  767:  jump *label300 notEqual *tmp110 false                        ...
  768:  op sub :displayLog:position :displayLog:position 1           Display.mnd: for var position in stop ... lastRecord descending do
  769:  jump *label385 greaterThanEq :displayLog:position :displayLo ...
        label *label300                                              ...
  770:  op add .lastRecord :displayLog:stop 1                        Display.mnd: lastRecord = stop + 1;
  771:  drawflush display1                                           Display.mnd: drawflush(display);
        label *label263                                              Display.mnd: elsif page == 2 then
        label *label235                                              Display.mnd: elsif page == 1 then
        label *label22                                               Display.mnd: if page == 0 then
        label *label19                                               Display.mnd: if display.@bufferSize < 200 then
  772:  jump *label309 lessThanEq .megas 0                           Display.mnd: if megas > 0 then
  773:  print "[gold]All done.[]\nNothing more to see here.\nGo home Display.mnd: println("[gold]All done.[]\nNothing more to see here.\nGo home.");
  774:  printflush message1                                          Display.mnd: printflush(message);
  775:  jump *label310 always 0 0                                    Display.mnd: if megas > 0 then
        label *label309                                              ...
  776:  print "[gold]Building {0}\n================================= Display.mnd: println($"[gold]Building $nextBlock");
  777:  format .nextBlock                                            ...
  778:  format .status1                                              Display.mnd: println(status1);
  779:  format .status2                                              Display.mnd: println($"$status2$item2 ($block2)");
  780:  format .item2                                                ...
  781:  format .block2                                               ...
  782:  format .status3                                              Display.mnd: println(status3);
  783:  printflush message1                                          Display.mnd: printflush(message);
        label *label310                                              Display.mnd: if megas > 0 then
  784:  sensor .pageSwitched switch1 @enabled                        Display.mnd: pageSwitched = nextPage.enabled;
  785:  jump *label16 equal .pageSwitched false                      Display.mnd: if pageSwitched then
  786:  control enabled switch1 false 0 0 0                          Display.mnd: nextPage.enabled = false;
  787:  op add *tmp111 .page 1                                       Display.mnd: page = (page + 1) % numPages;
  788:  op mod .page *tmp111 .numPages                               ...
  789:  drawflush null                                               Display.mnd: drawflush(null);
  790:  draw reset 0 0 0 0 0 0                                       Display.mnd: reset();
  791:  draw clear 0 0 32 0 0 0                                      Display.mnd: clear(0, 0, 32);
  792:  jump *label16 always 0 0                                     Display.mnd: while true do
        label *label7                                                Display.mnd: void drawHeader()
  793:  draw reset 0 0 0 0 0 0                                       Display.mnd: reset();
  794:  draw color 0 0 32 255 0 0                                    Display.mnd: color(0, 0, 32, 255);
  795:  draw rect 0 217 200 300 0 0                                  Display.mnd: rect(0, HEADER1_Y1, 200, 300);
  796:  jump *label315 lessThanEq .megas 0                           Display.mnd: if megas > 0 then
  797:  draw col %[gold] 0 0 0 0 0                                   Display.mnd: col(%[gold]);
  798:  draw scale 3.5 3.5 0 0 0 0                                   Display.mnd: scale(3.5, 3.5);
  799:  read *tmp112 processor2 "time"                               Display.mnd: var t = floor(TIME / 120);
  800:  op idiv :drawHeader:t *tmp112 120                            ...
  801:  op idiv :drawHeader:m :drawHeader:t 60                       Display.mnd: var m = t \ 60;
  802:  op mod :drawHeader:s :drawHeader:t 60                        Display.mnd: var s = t % 60;
  803:  select *tmp113 lessThan :drawHeader:s 10 "0" ""              Display.mnd: var zero = s < 10 ? "0" : "";
  804:  print :drawHeader:m                                          Display.mnd: print(text);
  805:  print ":"                                                    ...
  806:  print *tmp113                                                ...
  807:  print :drawHeader:s                                          ...
  808:  draw print 25 71 @center 0 0 0                               Display.mnd: drawPrint(x, y, alignment);
  809:  print :drawHeader:m                                          Display.mnd: print(text);
  810:  print ":"                                                    ...
  811:  print *tmp113                                                ...
  812:  print :drawHeader:s                                          ...
  813:  draw print 26 71 @center 0 0 0                               Display.mnd: drawPrint(x, y, alignment);
  814:  draw col %[white] 0 0 0 0 0                                  Display.mnd: col(%[white]);
  815:  draw reset 0 0 0 0 0 0                                       Display.mnd: reset();
  816:  return :drawHeader*retaddr                                   Display.mnd: if megas > 0 then
        label *label315                                              ...
  817:  draw col %[gold] 0 0 0 0 0                                   Display.mnd: col(%[gold]);
  818:  print "Goal"                                                 Display.mnd: print(text);
  819:  draw print 42 261 @bottom 0 0 0                              Display.mnd: drawPrint(x, y, alignment);
  820:  print "Goal"                                                 Display.mnd: print(text);
  821:  draw print 43 261 @bottom 0 0 0                              Display.mnd: drawPrint(x, y, alignment);
  822:  draw col %[white] 0 0 0 0 0                                  Display.mnd: col(%[white]);
  823:  jump *label325 equal .missing false                          Display.mnd: if missing then
  824:  draw image 16 264 .missing 12 0 0                            Display.mnd: image(16, 264, missing, 12, 0);
  825:  set .missing false                                           Display.mnd: missing = false;
        label *label325                                              Display.mnd: if missing then
  826:  jump *label327 equal .nextMultiReco false                    Display.mnd: if nextMultiReco then
  827:  draw image 42 237 .nextMultiReco 32 0 0                      Display.mnd: image(HEADER_X, HEADER1_Y - 24, nextMultiReco, 32, 0);
  828:  jump *label328 always 0 0                                    Display.mnd: if nextMultiReco then
        label *label327                                              ...
  829:  op add *tmp114 .nextBlock .nextFactory                       Display.mnd: var count = nextBlock + nextFactory + nextAddReco;
  830:  op add :drawHeader:count *tmp114 .nextAddReco                ...
  831:  jump *label329 notEqual :drawHeader:count 3                  Display.mnd: if count == 3 then
  832:  draw image 22 244 .nextBlock 18 0 0                          Display.mnd: image(HEADER_X - 20, HEADER1_Y - 17, nextBlock, 18, 0);
  833:  draw image 42 244 .nextFactory 18 0 0                        Display.mnd: image(HEADER_X +  0, HEADER1_Y - 17, nextFactory, 18, 0);
  834:  draw image 62 244 .nextAddReco 18 0 0                        Display.mnd: image(HEADER_X + 20, HEADER1_Y - 17, nextAddReco, 18, 0);
  835:  jump *label330 always 0 0                                    Display.mnd: if count == 3 then
        label *label329                                              ...
  836:  jump *label331 notEqual :drawHeader:count 2                  Display.mnd: elsif count == 2 then
  837:  set :drawHeader:x 27                                         Display.mnd: var x = HEADER_X - 15;
  838:  set :drawHeader:goal .nextBlock                              Display.mnd: for var goal in nextBlock, nextFactory, nextAddReco do
  839:  jump *label424 equal :drawHeader:goal null                   Display.mnd: if goal != null then
  840:  draw image 27 240 :drawHeader:goal 25 0 0                    Display.mnd: image(x, HEADER1_Y - 21, goal, 25, 0);
  841:  op add :drawHeader:x 27 30                                   Display.mnd: x += 30;
        label *label424                                              Display.mnd: if goal != null then
  842:  set :drawHeader:goal .nextFactory                            Display.mnd: for var goal in nextBlock, nextFactory, nextAddReco do
  843:  jump *label430 equal :drawHeader:goal null                   Display.mnd: if goal != null then
  844:  draw image :drawHeader:x 240 :drawHeader:goal 25 0 0         Display.mnd: image(x, HEADER1_Y - 21, goal, 25, 0);
  845:  op add :drawHeader:x :drawHeader:x 30                        Display.mnd: x += 30;
        label *label430                                              Display.mnd: if goal != null then
  846:  set :drawHeader:goal .nextAddReco                            Display.mnd: for var goal in nextBlock, nextFactory, nextAddReco do
  847:  jump *label332 equal :drawHeader:goal null                   Display.mnd: if goal != null then
  848:  draw image :drawHeader:x 240 :drawHeader:goal 25 0 0         Display.mnd: image(x, HEADER1_Y - 21, goal, 25, 0);
  849:  jump *label332 always 0 0                                    Display.mnd: elsif count == 2 then
        label *label331                                              ...
  850:  jump *label341 notEqual :drawHeader:count 1                  Display.mnd: elsif count == 1 then
  851:  set :drawHeader:goal.1 .nextBlock                            Display.mnd: for var goal in nextBlock, nextFactory, nextAddReco do
  852:  jump *label443 equal :drawHeader:goal.1 null                 Display.mnd: if goal != null then
  853:  draw image 42 237 :drawHeader:goal.1 32 0 0                  Display.mnd: image(HEADER_X, HEADER1_Y - 24, goal, 32, 0);
  854:  jump *label345 always 0 0                                    Display.mnd: break;
        label *label443                                              Display.mnd: if goal != null then
  855:  set :drawHeader:goal.1 .nextFactory                          Display.mnd: for var goal in nextBlock, nextFactory, nextAddReco do
  856:  jump *label449 equal :drawHeader:goal.1 null                 Display.mnd: if goal != null then
  857:  draw image 42 237 :drawHeader:goal.1 32 0 0                  Display.mnd: image(HEADER_X, HEADER1_Y - 24, goal, 32, 0);
  858:  jump *label345 always 0 0                                    Display.mnd: break;
        label *label449                                              Display.mnd: if goal != null then
  859:  set :drawHeader:goal.1 .nextAddReco                          Display.mnd: for var goal in nextBlock, nextFactory, nextAddReco do
  860:  jump *label455 equal :drawHeader:goal.1 null                 Display.mnd: if goal != null then
  861:  draw image 42 237 :drawHeader:goal.1 32 0 0                  Display.mnd: image(HEADER_X, HEADER1_Y - 24, goal, 32, 0);
        label *label455                                              Display.mnd: if goal != null then
        label *label345                                              Display.mnd: for var goal in nextBlock, nextFactory, nextAddReco do
        label *label341                                              Display.mnd: elsif count == 1 then
        label *label332                                              Display.mnd: elsif count == 2 then
        label *label330                                              Display.mnd: if count == 3 then
        label *label328                                              Display.mnd: if nextMultiReco then
  862:  set :drawHeader:tt @second                                   Display.mnd: var tt = @second;
  863:  read *tmp115 processor2 "time"                               Display.mnd: var t = floor(TIME / 120);
  864:  op idiv :drawHeader:t.1 *tmp115 120                          ...
  865:  op idiv :drawHeader:m.1 :drawHeader:t.1 60                   Display.mnd: var m = t \ 60;
  866:  op mod :drawHeader:s.1 :drawHeader:t.1 60                    Display.mnd: var s = t % 60;
  867:  select *tmp116 lessThan :drawHeader:s.1 10 "0" ""            Display.mnd: print(m, ":", s < 10 ? "0" : "", s);
  868:  print :drawHeader:m.1                                        ...
  869:  print ":{0}{0} (x{0}.{0})"                                   ...
  870:  format *tmp116                                               ...
  871:  format :drawHeader:s.1                                       ...
  872:  op mul *tmp117 10 :drawHeader:t.1                            Display.mnd: var ratio = round(10 * t / tt);
  873:  op div *tmp118 *tmp117 :drawHeader:tt                        ...
  874:  op round :drawHeader:ratio *tmp118 0                         ...
  875:  op idiv *tmp119 :drawHeader:ratio 10                         Display.mnd: print(" (x", ratio \ 10, ".", ratio % 10);
  876:  op mod *tmp120 :drawHeader:ratio 10                          ...
  877:  format *tmp119                                               ...
  878:  format *tmp120                                               ...
  879:  draw print 174 272 @topRight 0 0 0                           Display.mnd: drawPrint(x, y, alignment);
  880:  jump *label354 equal A¨SSJh-container30 null                 Display.mnd: if container_a != null then
  881:  sensor :drawHeader:count.1 A¨SSJh-container30 @scrap         Display.mnd: var count = container_a.@scrap;
  882:  op log10 *tmp121 :drawHeader:count.1 0                       Display.mnd: var len = floor(log10(count));
  883:  op floor :drawHeader:len *tmp121 0                           ...
  884:  print "x"                                                    Display.mnd: print(text);
  885:  print :drawHeader:count.1                                    ...
  886:  draw print 174 255 @topRight 0 0 0                           Display.mnd: drawPrint(x, y, alignment);
  887:  op mul *tmp122 7 :drawHeader:len                             Display.mnd: image(x - 20 - 7 * len, 246, @scrap, 12, 0);
  888:  op sub *tmp123 154 *tmp122                                   ...
  889:  draw image *tmp123 246 @scrap 12 0 0                         ...
  890:  sensor :drawHeader:count.1 A¨SSJh-container30 @sand          Display.mnd: count = container_a.@sand;
  891:  op log10 *tmp124 :drawHeader:count.1 0                       Display.mnd: len = floor(log10(count));
  892:  op floor :drawHeader:len *tmp124 0                           ...
  893:  print "x"                                                    Display.mnd: print(text);
  894:  print :drawHeader:count.1                                    ...
  895:  draw print 124 255 @topRight 0 0 0                           Display.mnd: drawPrint(x, y, alignment);
  896:  op mul *tmp125 7 :drawHeader:len                             Display.mnd: image(x - 20 - 7 * len, 246, @sand, 12, 0);
  897:  op sub *tmp126 104 *tmp125                                   ...
  898:  draw image *tmp126 246 @sand 12 0 0                          ...
  899:  jump *label355 always 0 0                                    Display.mnd: if container_a != null then
        label *label354                                              ...
  900:  jump *label358 equal .titaniumDrill false                    Display.mnd: if titaniumDrill then
  901:  sensor *tmp127 .titaniumDrill @titanium                      Display.mnd: var count = max(titaniumDrillCount, titaniumDrill.@titanium);
  902:  op max :drawHeader:count.2 .titaniumDrillCount *tmp127       ...
  903:  op log10 *tmp128 :drawHeader:count.2 0                       Display.mnd: var len = floor(log10(count));
  904:  op floor :drawHeader:len.1 *tmp128 0                         ...
  905:  print "x"                                                    Display.mnd: print(text);
  906:  print :drawHeader:count.2                                    ...
  907:  draw print 174 255 @topRight 0 0 0                           Display.mnd: drawPrint(x, y, alignment);
  908:  op mul *tmp129 7 :drawHeader:len.1                           Display.mnd: image(x - 20 - 7 * len, 246, @titanium, 12, 0);
  909:  op sub *tmp130 154 *tmp129                                   ...
  910:  draw image *tmp130 246 @titanium 12 0 0                      ...
        label *label358                                              Display.mnd: if titaniumDrill then
  911:  jump *label361 equal .thoriumContainer false                 Display.mnd: if thoriumContainer then
  912:  sensor :drawHeader:count.3 .thoriumContainer @thorium        Display.mnd: var count = thoriumContainer.@thorium;
  913:  op log10 *tmp131 :drawHeader:count.3 0                       Display.mnd: var len = floor(log10(count));
  914:  op floor :drawHeader:len.2 *tmp131 0                         ...
  915:  print "x"                                                    Display.mnd: print(text);
  916:  print :drawHeader:count.3                                    ...
  917:  draw print 124 255 @topRight 0 0 0                           Display.mnd: drawPrint(x, y, alignment);
  918:  op mul *tmp132 7 :drawHeader:len.2                           Display.mnd: image(x - 20 - 7 * len, 246, @thorium, 12, 0);
  919:  op sub *tmp133 104 *tmp132                                   ...
  920:  draw image *tmp133 246 @thorium 12 0 0                       ...
        label *label361                                              Display.mnd: if thoriumContainer then
        label *label355                                              Display.mnd: if container_a != null then
  921:  set :drawHeader:x.4 174                                      Display.mnd: var x = 174;
  922:  draw col %[white] 0 0 0 0 0                                  Display.mnd: col(%[white]);
  923:  set :drawUnitCount:count .polys                              Display.mnd: drawUnitCount(@poly, polys, ref x);
  924:  jump *label365 lessThanEq :drawUnitCount:count 0             Display.mnd: if count > 0 then
  925:  draw image 154 227 @poly 12 0 0                              Display.mnd: image(x - 20, HEADER1_Y - 34, type, 12, 0);
  926:  print "x"                                                    Display.mnd: print(text);
  927:  print :drawUnitCount:count                                   ...
  928:  draw print 174 229 @right 0 0 0                              Display.mnd: drawPrint(x, y, alignment);
  929:  op sub :drawHeader:x.4 174 30                                Display.mnd: x -= 30;
        label *label365                                              Display.mnd: if count > 0 then
  930:  set :drawUnitCount.1:count .monos                            Display.mnd: drawUnitCount(@mono, monos, ref x);
  931:  jump *label369 lessThanEq :drawUnitCount.1:count 0           Display.mnd: if count > 0 then
  932:  op sub *tmp134 :drawHeader:x.4 20                            Display.mnd: image(x - 20, HEADER1_Y - 34, type, 12, 0);
  933:  draw image *tmp134 227 @mono 12 0 0                          ...
  934:  print "x"                                                    Display.mnd: print(text);
  935:  print :drawUnitCount.1:count                                 ...
  936:  draw print :drawHeader:x.4 229 @right 0 0 0                  Display.mnd: drawPrint(x, y, alignment);
  937:  op sub :drawHeader:x.4 :drawHeader:x.4 30                    Display.mnd: x -= 30;
        label *label369                                              Display.mnd: if count > 0 then
  938:  set :drawUnitCount.2:count .flares                           Display.mnd: drawUnitCount(@flare, flares, ref x);
  939:  jump *label373 lessThanEq :drawUnitCount.2:count 0           Display.mnd: if count > 0 then
  940:  op sub *tmp135 :drawHeader:x.4 20                            Display.mnd: image(x - 20, HEADER1_Y - 34, type, 12, 0);
  941:  draw image *tmp135 227 @flare 12 0 0                         ...
  942:  print "x"                                                    Display.mnd: print(text);
  943:  print :drawUnitCount.2:count                                 ...
  944:  draw print :drawHeader:x.4 229 @right 0 0 0                  Display.mnd: drawPrint(x, y, alignment);
        label *label373                                              Display.mnd: if count > 0 then
  945:  return :drawHeader*retaddr                                   Display.mnd: void drawHeader()


Code size and number of instantiations by function:
  Size  Times  AvgSize  Function
   187    17x     11,0  inline void drawItemColor(in color1, in color2, in out col, in out y, in columns, in item, in current, in target, in text...)
   162    68x      2,4  inline void drawText(in x, in y, in alignment, in text...)
   108     1x    108,0  void drawHeader()
   102     1x    102,0  void displayBaseMap()
    75     1x     75,0  void displayStorage()
    51     1x     51,0  inline void drawMaterials(y)
    30     1x     30,0  void displayLog(in page)
    27     1x     27,0  void backgroundProcess()
    24     2x     12,0  void unpackCfg(in cfg, out type, out x, out y, out cu, out pb, out gr, out si, out ti, out mg, out th, out rotation, out size, out ind)
    21     1x     21,0  inline void displayRecord(in record, in index)
    20     1x     20,0  <no function>
    18     2x      9,0  void drawBlock(in cfg)
    16     1x     16,0  inline void animate()
    16     1x     16,0  inline void drawAirFactory(y)
    13     1x     13,0  inline void drawMultiReco(y)
    12     1x     12,0  inline void drawBuilder(y)
    11     1x     11,0  inline void drawAddReco(y)
    10     3x      3,3  inline def lerp(in from, in to, in ratio)
    10     1x     10,0  inline void drawPower(y)
    10     3x      3,3  inline void drawUnitCount(in type, in count, x)
     9     3x      3,0  inline void setBaseMapScale()
     8     1x      8,0  void updateMessage()
     5     5x      1,0  inline void drawTitleRow(in out y, in alignment, in text...)
     5     1x      5,0  void updateDisplay()
     1     1x      1,0  inline void drawBold(in x, in y, in alignment, in text...)
     1     1x      1,0  inline void drawItem(in out col, in out y, in columns, in item, in current, in target, in text...)
     1     1x      1,0  inline void drawUnit(in item, in items, in out y)


Symbolic link resolution:
    display         -> display1
    message         -> message1
    nextPage        -> switch1
    oreLocator      -> processor1
    oreLogMemory    -> bank1
    resourceHistory -> bank2
    timer           -> processor2

