   492 instructions before optimizations.
    50 instructions eliminated by Temp Variables Elimination (2 passes, 8 iterations).
     2 instructions eliminated by Case Expression Optimization.
    56 instructions eliminated by Dead Code Elimination (6 iterations).
     4 instructions eliminated by Jump Normalization (2 passes, 6 iterations).
    28 instructions eliminated by Condition Optimization (2 passes, 8 iterations).
    30 instructions eliminated by Single Step Elimination (2 passes, 8 iterations).
     1 instructions modified by Expression Optimization (4 iterations).
    20 instructions eliminated by Boolean Optimization (7 iterations).
       7 fully-evaluated expressions optimized using selects.
    32 instructions eliminated by Data Flow Optimization (3 passes, 13 iterations).
     2 loops improved by Loop Hoisting.
       2 loop conditions were partially rotated.
   743 instructions added by Loop Unrolling (7 iterations).
     1 loops unrolled by Loop Unrolling.
    12 instructions eliminated by Case Switching (7 iterations).
     2 case expressions converted to fast dispatch by Case Switching.
    72 instructions eliminated by Jump Straightening (2 passes, 8 iterations).
     8 instructions updated by Jump Threading.
     1 instructions eliminated by Unreachable Code Elimination (2 iterations).
   928 instructions after optimizations.

Pass 1: speed optimization selection (cost limit 724):
  * Fast-dispatch case at mandelbrot-compute.mnd:131:5           size   -11, benefit   242187.5, efficiency   Infinity (-10 instructions)
  o Fast-dispatch case at mandelbrot-compute.mnd:223:9           size    -2, benefit     3906.3, efficiency   Infinity

Pass 1: speed optimization selection (cost limit 734):
  * Fast-dispatch case at mandelbrot-compute.mnd:223:9           size    -2, benefit     3906.3, efficiency   Infinity (-2 instructions)

Pass 2: speed optimization selection (cost limit 747):
  * Unroll loop at mandelbrot-compute.mnd:193:9                  size  +679, benefit 1230468750.0, efficiency 1812177.835 (+743 instructions)

Modifications by Initial phase, Case Expression Optimization, iteration 1 (-2 instructions):
 
    98 op add *tmp48 *tmp47 :i
    99 set :adam5:index *tmp48
   100 op idiv *tmp50 :adam5:index 16
-    * set *tmp51 *tmp50
-    * jump *label30 lessThan *tmp51 0
-    * jump *label29 lessThan *tmp51 121
+  101 jump *label30 lessThan *tmp50 0
+  102 jump *label29 lessThan *tmp50 121
   103 label *label30
   104 jump *label28 always
   105 label *label29
 
   120 set *tmp49 :adam5:dx
   121 jump *label27 always
   122 label *label28
-    * jump *label35 lessThan *tmp51 121
-    * jump *label34 lessThan *tmp51 242
+  123 jump *label35 lessThan *tmp50 121
+  124 jump *label34 lessThan *tmp50 242
   125 label *label35
   126 jump *label33 always
   127 label *label34
 
   150 set *tmp49 :adam5:dy
   151 jump *label27 always
   152 label *label33
-    * jump *label42 lessThan *tmp51 242
-    * jump *label41 lessThan *tmp51 484
+  153 jump *label42 lessThan *tmp50 242
+  154 jump *label41 lessThan *tmp50 484
   155 label *label42
   156 jump *label40 always
   157 label *label41
 
   174 set *tmp49 :adam5:dx
   175 jump *label27 always
   176 label *label40
-    * jump *label47 lessThan *tmp51 484
-    * jump *label46 lessThan *tmp51 968
+  177 jump *label47 lessThan *tmp50 484
+  178 jump *label46 lessThan *tmp50 968
   179 label *label47
   180 jump *label45 always
   181 label *label46
 
   370 jump *label80 always
   371 label *label79
   372 jump *label81 equal .SMOOTH false
-    * set *tmp130 .PALETTE
-    * jump *label85 equal *tmp130 2
+  373 jump *label85 equal .PALETTE 2
   374 jump *label84 always
   375 label *label85
   376 op sub *tmp131 32 :drawPixel:iterations
 
   396 set *tmp129 :drawPixel:color
   397 jump *label83 always
   398 label *label84
-    * jump *label87 equal *tmp130 3
+  399 jump *label87 equal .PALETTE 3
   400 jump *label86 always
   401 label *label87
   402 op div *tmp147 :drawPixel:iterations 63
 
   418 set *tmp129 :drawPixel:color
   419 jump *label83 always
   420 label *label86
-    * jump *label89 equal *tmp130 4
+  421 jump *label89 equal .PALETTE 4
   422 jump *label88 always
   423 label *label89
   424 op mul *tmp159 4 :drawPixel:iterations

Modifications by Initial phase, Dead Code Elimination, iteration 1 (-44 instructions):
 
    63 op notEqual *tmp36 .stop *tmp37
    64 jump *label17 equal *tmp36 false
    65 jump *label6 always
-    * set *tmp38 null
    66 jump *label18 always
    67 label *label17
-    * set *tmp38 null
    68 label *label18
    69 read *tmp39 .memory 64
    70 set :batch *tmp39
 
    82 op greaterThanEq *tmp43 :batch 2816
    83 jump *label21 equal *tmp43 false
    84 jump *label15 always
-    * set *tmp44 null
    85 jump *label22 always
    86 label *label21
-    * set *tmp44 null
    87 label *label22
    88 op mul *tmp45 11 :multiple
    89 set *tmp46 *tmp45
 
   113 label *label32
   114 set :adam5:dy *tmp56
   115 set :adam5:dx :adam5:dy
-    * set *tmp49 :adam5:dx
   116 jump *label27 always
   117 label *label28
   118 jump *label35 lessThan *tmp50 121
 
   142 set *tmp63 2
   143 label *label39
   144 set :adam5:dy *tmp63
-    * set *tmp49 :adam5:dy
   145 jump *label27 always
   146 label *label33
   147 jump *label42 lessThan *tmp50 242
 
   165 label *label44
   166 set :adam5:dy *tmp69
   167 set :adam5:dx :adam5:dy
-    * set *tmp49 :adam5:dx
   168 jump *label27 always
   169 label *label40
   170 jump *label47 lessThan *tmp50 484
 
   188 set *tmp75 1
   189 label *label49
   190 set :adam5:dy *tmp75
-    * set *tmp49 :adam5:dy
   191 jump *label27 always
   192 label *label45
   193 op sub :adam5:index :adam5:index 15488
 
   199 set :adam5:y *tmp79
   200 set :adam5:dy 1
   201 set :adam5:dx :adam5:dy
-    * set *tmp49 :adam5:dx
   202 label *label27
   203 label *label26
   204 set :x :adam5:x
 
   222 jump *label55 equal *tmp84 false
   223 set *tmp83 false
   224 jump *label54 always
-    * set *tmp86 null
   225 jump *label56 always
   226 label *label55
-    * set *tmp86 null
   227 label *label56
   228 sensor *tmp87 .display @enabled
   229 jump *label57 equal *tmp87 false
 
   236 label *label59
   237 drawflush .display
   238 set .localBuffer 0
-    * set *tmp91 .localBuffer
   239 jump *label58 always
   240 label *label57
-    * set *tmp91 null
   241 label *label58
   242 set *tmp83 true
   243 jump *label54 always
   244 set *tmp83 null
   245 label *label54
-    * set *tmp82 *tmp83
   246 jump *label51 always
   247 label *label50
-    * set *tmp82 null
   248 label *label51
   249 set :compute:x :x
   250 set :compute:y :y
 
   257 jump *label62 equal .JULIA false
   258 set :compute:cx .JULIA_X
   259 set :compute:cy .JULIA_Y
-    * set *tmp97 :compute:cy
   260 jump *label63 always
   261 label *label62
   262 set :compute:cx :compute:zx
 
   272 jump *label64 equal *tmp104 false
   273 set *tmp92 63
   274 jump *label61 always
-    * set *tmp105 null
   275 jump *label65 always
   276 label *label64
-    * set *tmp105 null
   277 label *label65
   278 op add *tmp106 :compute:cx 1
   279 op len *tmp107 *tmp106 :compute:cy
 
   286 label *label66
   287 set *tmp109 null
   288 label *label67
-    * set *tmp97 *tmp109
   289 label *label63
   290 label *label68
   291 set :compute:i 0
 
   307 op greaterThanEq *tmp118 :compute:dist 64
   308 jump *label74 equal *tmp118 false
   309 jump *label70 always
-    * set *tmp119 null
   310 jump *label75 always
   311 label *label74
-    * set *tmp119 null
   312 label *label75
   313 label *label72
   314 op add :compute:i :compute:i 1
 
   327 op sub *tmp125 4 *tmp124
   328 set :compute:correction *tmp125
   329 op add :compute:i :compute:i :compute:correction
-    * set *tmp120 :compute:i
   330 jump *label77 always
   331 label *label76
-    * set *tmp120 null
   332 label *label77
   333 set *tmp92 :compute:i
   334 jump *label61 always
 
   343 op equal *tmp126 :drawPixel:iterations 63
   344 jump *label79 equal *tmp126 false
   345 set :drawPixel:color %[black]
-    * set *tmp127 :drawPixel:color
   346 jump *label80 always
   347 label *label79
   348 jump *label81 equal .SMOOTH false
 
   424 set :drawPixel:color *tmp170
   425 set *tmp128 :drawPixel:color
   426 label *label82
-    * set *tmp127 *tmp128
   427 label *label80
   428 op greaterThanEq *tmp171 .localBuffer 254
   429 jump *label90 equal *tmp171 false
 
   438 jump *label98 equal *tmp175 false
   439 set *tmp174 false
   440 jump *label97 always
-    * set *tmp177 null
   441 jump *label99 always
   442 label *label98
-    * set *tmp177 null
   443 label *label99
   444 sensor *tmp178 .display @enabled
   445 jump *label100 equal *tmp178 false
 
   452 label *label102
   453 drawflush .display
   454 set .localBuffer 0
-    * set *tmp182 .localBuffer
   455 jump *label101 always
   456 label *label100
-    * set *tmp182 null
   457 label *label101
   458 set *tmp174 true
   459 jump *label97 always
 
   463 jump *label93 always
   464 label *label95
   465 label *label92
-    * set *tmp172 null
   466 jump *label91 always
   467 label *label90
-    * set *tmp172 null
   468 label *label91
   469 op greaterThan *tmp183 .localBuffer 0
   470 jump *label104 equal *tmp183 false
 
   476 draw rect :drawPixel:x :drawPixel:y :drawPixel:dx :drawPixel:dy
   477 set *tmp186 .localBuffer
   478 op add .localBuffer .localBuffer 1
-    * set *tmp185 *tmp186
   479 jump *label105 always
   480 label *label104
   481 draw col :drawPixel:color
   482 draw rect :drawPixel:x :drawPixel:y :drawPixel:dx :drawPixel:dy
   483 set .lastColor :drawPixel:color
   484 op add .localBuffer .localBuffer 2
-    * set *tmp185 .localBuffer
   485 label *label105
   486 label *label78
   487 wait 0
   488 read *tmp187 .memory 66
-    * set *tmp188 *tmp187
   489 op add *tmp2 *tmp187 1
   490 write *tmp2 .memory 66
   491 read *tmp189 .memory 65
 
   496 jump *label112 equal *tmp192 false
   497 set *tmp191 false
   498 jump *label111 always
-    * set *tmp194 null
   499 jump *label113 always
   500 label *label112
-    * set *tmp194 null
   501 label *label113
   502 sensor *tmp195 .display @enabled
   503 jump *label114 equal *tmp195 false
 
   510 label *label116
   511 drawflush .display
   512 set .localBuffer 0
-    * set *tmp199 .localBuffer
   513 jump *label115 always
   514 label *label114
-    * set *tmp199 null
   515 label *label115
   516 set *tmp191 true
   517 jump *label111 always
 
   520 op equal *tmp200 *tmp191 false
   521 jump *label109 equal *tmp200 false
   522 jump *label6 always
-    * set *tmp201 null
   523 jump *label110 always
   524 label *label109
-    * set *tmp201 null
   525 label *label110
   526 label *label108
   527 label *label24
 
   542 jump *label124 equal *tmp204 false
   543 set *tmp203 false
   544 jump *label123 always
-    * set *tmp206 null
   545 jump *label125 always
   546 label *label124
-    * set *tmp206 null
   547 label *label125
   548 sensor *tmp207 .display @enabled
   549 jump *label126 equal *tmp207 false
 
   556 label *label128
   557 drawflush .display
   558 set .localBuffer 0
-    * set *tmp211 .localBuffer
   559 jump *label127 always
   560 label *label126
-    * set *tmp211 null
   561 label *label127
   562 set *tmp203 true
   563 jump *label123 always

Modifications by Initial phase, Dead Code Elimination, iteration 2 (-8 instructions):
 
   220 read *tmp85 .memory 68
   221 op notEqual *tmp84 .stop *tmp85
   222 jump *label55 equal *tmp84 false
-    * set *tmp83 false
   223 jump *label54 always
   224 jump *label56 always
   225 label *label55
 
   238 jump *label58 always
   239 label *label57
   240 label *label58
-    * set *tmp83 true
   241 jump *label54 always
-    * set *tmp83 null
   242 label *label54
   243 jump *label51 always
   244 label *label50
 
   278 jump *label66 equal *tmp108 false
   279 set *tmp92 63
   280 jump *label61 always
-    * set *tmp109 null
   281 jump *label67 always
   282 label *label66
-    * set *tmp109 null
   283 label *label67
   284 label *label63
   285 label *label68
 
   411 set :drawPixel:color *tmp167
   412 set *tmp129 :drawPixel:color
   413 label *label83
-    * set *tmp128 *tmp129
   414 jump *label82 always
   415 label *label81
   416 set *tmp168 :drawPixel:iterations
   417 read *tmp170 .memory *tmp168
   418 set :drawPixel:color *tmp170
-    * set *tmp128 :drawPixel:color
   419 label *label82
   420 label *label80
   421 op greaterThanEq *tmp171 .localBuffer 254
 
   467 jump *label106 always
   468 label *label106
   469 draw rect :drawPixel:x :drawPixel:y :drawPixel:dx :drawPixel:dy
-    * set *tmp186 .localBuffer
   470 op add .localBuffer .localBuffer 1
   471 jump *label105 always
   472 label *label104

Modifications by Initial phase, Dead Code Elimination, iteration 3 (-4 instructions):
 
   364 set :drawPixel:b *tmp145
   365 packcolor *tmp146 :drawPixel:r :drawPixel:g :drawPixel:b 1
   366 set :drawPixel:color *tmp146
-    * set *tmp129 :drawPixel:color
   367 jump *label83 always
   368 label *label84
   369 jump *label87 equal .PALETTE 3
 
   385 set :drawPixel:b *tmp157
   386 packcolor *tmp158 :drawPixel:r :drawPixel:g :drawPixel:b 1
   387 set :drawPixel:color *tmp158
-    * set *tmp129 :drawPixel:color
   388 jump *label83 always
   389 label *label86
   390 jump *label89 equal .PALETTE 4
 
   398 set :drawPixel:g *tmp162
   399 packcolor *tmp163 :drawPixel:r :drawPixel:g 0 1
   400 set :drawPixel:color *tmp163
-    * set *tmp129 :drawPixel:color
   401 jump *label83 always
   402 label *label88
   403 op mul *tmp164 4 :drawPixel:iterations
 
   406 set :drawPixel:r *tmp166
   407 packcolor *tmp167 :drawPixel:r :drawPixel:r 0 1
   408 set :drawPixel:color *tmp167
-    * set *tmp129 :drawPixel:color
   409 label *label83
   410 jump *label82 always
   411 label *label81

Modifications by Initial phase, Temp Variables Elimination, iteration 1 (-47 instructions):
 
    17 op equal *tmp16 .start *tmp17
    18 jump *label8 notEqual *tmp16 false
    19 label *label10
-    * read *tmp18 .memory 67
-    * set .start *tmp18
-    * read *tmp19 .memory 68
-    * set .stop *tmp19
+   20 read .start .memory 67
+   21 read .stop .memory 68
    22 set .lastColor -1
    23 set .localBuffer 0
    24 drawflush null
    25 drawflush .display
-    * read *tmp20 .memory 71
-    * set .ZOOM *tmp20
+   26 read .ZOOM .memory 71
    27 op div *tmp21 -88 .ZOOM
    28 read *tmp23 .memory 69
-    * op add *tmp22 *tmp21 *tmp23
-    * set .OFFSET_X *tmp22
+   29 op add .OFFSET_X *tmp21 *tmp23
    30 op div *tmp24 -88 .ZOOM
    31 read *tmp26 .memory 70
-    * op add *tmp25 *tmp24 *tmp26
-    * set .OFFSET_Y *tmp25
-    * read *tmp27 .memory 72
-    * set .JULIA *tmp27
-    * read *tmp28 .memory 73
-    * set .JULIA_X *tmp28
-    * read *tmp29 .memory 74
-    * set .JULIA_Y *tmp29
-    * read *tmp30 .memory 75
-    * set .PALETTE *tmp30
-    * op greaterThan *tmp31 .PALETTE 1
-    * set .SMOOTH *tmp31
-    * read *tmp32 .memory 76
-    * set .ALL_PASS_COLORING *tmp32
+   32 op add .OFFSET_Y *tmp24 *tmp26
+   33 read .JULIA .memory 72
+   34 read .JULIA_X .memory 73
+   35 read .JULIA_Y .memory 74
+   36 read .PALETTE .memory 75
+   37 op greaterThan .SMOOTH .PALETTE 1
+   38 read .ALL_PASS_COLORING .memory 76
    39 read *tmp33 .memory 77
    40 jump *label11 equal *tmp33 false
-    * op sub *tmp35 1 .ALL_PASS_COLORING
-    * set *tmp34 *tmp35
+   41 op sub *tmp34 1 .ALL_PASS_COLORING
    42 jump *label12 always
    43 label *label11
    44 set *tmp34 99
 
    54 jump *label18 always
    55 label *label17
    56 label *label18
-    * read *tmp39 .memory 64
-    * set :batch *tmp39
+   57 read :batch .memory 64
    58 op greaterThanEq *tmp40 :batch 1408
    59 jump *label19 equal *tmp40 false
    60 set *tmp41 1
 
    72 jump *label22 always
    73 label *label21
    74 label *label22
-    * op mul *tmp45 11 :multiple
-    * set *tmp46 *tmp45
+   75 op mul *tmp46 11 :multiple
    76 set :i 0
    77 label *label23
    78 jump *label25 greaterThanEq :i *tmp46
    79 op mul *tmp47 :batch 11
-    * op add *tmp48 *tmp47 :i
-    * set :adam5:index *tmp48
+   80 op add :adam5:index *tmp47 :i
    81 op idiv *tmp50 :adam5:index 16
    82 jump *label30 lessThan *tmp50 0
    83 jump *label29 lessThan *tmp50 121
 
    85 jump *label28 always
    86 label *label29
    87 op mod *tmp52 :adam5:index 44
-    * op mul *tmp53 4 *tmp52
-    * set :adam5:x *tmp53
+   88 op mul :adam5:x 4 *tmp52
    89 op idiv *tmp54 :adam5:index 44
-    * op mul *tmp55 4 *tmp54
-    * set :adam5:y *tmp55
+   90 op mul :adam5:y 4 *tmp54
    91 jump *label31 equal .ALL_PASS_COLORING false
    92 set *tmp56 4
    93 jump *label32 always
 
   106 op sub :adam5:index :adam5:index 1936
   107 op mod *tmp57 :adam5:index 44
   108 op mul *tmp58 4 *tmp57
-    * op add *tmp59 *tmp58 2
-    * set :adam5:x *tmp59
+  109 op add :adam5:x *tmp58 2
   110 op idiv *tmp60 :adam5:index 44
-    * op mul *tmp61 4 *tmp60
-    * set :adam5:y *tmp61
+  111 op mul :adam5:y 4 *tmp60
   112 jump *label36 equal .ALL_PASS_COLORING false
   113 set *tmp62 2
   114 jump *label37 always
 
   132 label *label41
   133 op sub :adam5:index :adam5:index 3872
   134 op mod *tmp64 :adam5:index 88
-    * op mul *tmp65 2 *tmp64
-    * set :adam5:x *tmp65
+  135 op mul :adam5:x 2 *tmp64
   136 op idiv *tmp66 :adam5:index 88
   137 op mul *tmp67 4 *tmp66
-    * op add *tmp68 *tmp67 2
-    * set :adam5:y *tmp68
+  138 op add :adam5:y *tmp67 2
   139 jump *label43 equal .ALL_PASS_COLORING false
   140 set *tmp69 2
   141 jump *label44 always
 
   154 op sub :adam5:index :adam5:index 7744
   155 op mod *tmp70 :adam5:index 88
   156 op mul *tmp71 2 *tmp70
-    * op add *tmp72 *tmp71 1
-    * set :adam5:x *tmp72
+  157 op add :adam5:x *tmp71 1
   158 op idiv *tmp73 :adam5:index 88
-    * op mul *tmp74 2 *tmp73
-    * set :adam5:y *tmp74
+  159 op mul :adam5:y 2 *tmp73
   160 set :adam5:dx 1
   161 jump *label48 equal .ALL_PASS_COLORING false
   162 set *tmp75 2
 
   168 jump *label27 always
   169 label *label45
   170 op sub :adam5:index :adam5:index 15488
-    * op mod *tmp76 :adam5:index 176
-    * set :adam5:x *tmp76
+  171 op mod :adam5:x :adam5:index 176
   172 op idiv *tmp77 :adam5:index 176
   173 op mul *tmp78 2 *tmp77
-    * op add *tmp79 *tmp78 1
-    * set :adam5:y *tmp79
+  174 op add :adam5:y *tmp78 1
   175 set :adam5:dy 1
   176 set :adam5:dx :adam5:dy
   177 label *label27
 
   221 set :compute:x :x
   222 set :compute:y :y
   223 op div *tmp93 :compute:x .ZOOM
-    * op add *tmp94 *tmp93 .OFFSET_X
-    * set :compute:zx *tmp94
+  224 op add :compute:zx *tmp93 .OFFSET_X
   225 op div *tmp95 :compute:y .ZOOM
-    * op add *tmp96 *tmp95 .OFFSET_Y
-    * set :compute:zy *tmp96
+  226 op add :compute:zy *tmp95 .OFFSET_Y
   227 jump *label62 equal .JULIA false
   228 set :compute:cx .JULIA_X
   229 set :compute:cy .JULIA_Y
 
   232 set :compute:cx :compute:zx
   233 set :compute:cy :compute:zy
   234 op sub *tmp98 :compute:cx 0.25
-    * op len *tmp99 *tmp98 :compute:cy
-    * set :compute:p *tmp99
+  235 op len :compute:p *tmp98 :compute:cy
   236 op mul *tmp100 2 :compute:p
   237 op mul *tmp101 *tmp100 :compute:p
   238 op sub *tmp102 :compute:p *tmp101
 
   263 op mul *tmp110 :compute:x1 :compute:x1
   264 op mul *tmp111 :compute:y1 :compute:y1
   265 op sub *tmp112 *tmp110 *tmp111
-    * op add *tmp113 *tmp112 :compute:cx
-    * set :compute:zx *tmp113
+  266 op add :compute:zx *tmp112 :compute:cx
   267 op mul *tmp114 2 :compute:x1
   268 op mul *tmp115 *tmp114 :compute:y1
-    * op add *tmp116 *tmp115 :compute:cy
-    * set :compute:zy *tmp116
-    * op len *tmp117 :compute:zx :compute:zy
-    * set :compute:dist *tmp117
+  269 op add :compute:zy *tmp115 :compute:cy
+  270 op len :compute:dist :compute:zx :compute:zy
   271 op greaterThanEq *tmp118 :compute:dist 64
   272 jump *label74 equal *tmp118 false
   273 jump *label70 always
 
   288 op mul *tmp122 *tmp121 0.36067376022224085
   289 op log *tmp123 *tmp122
   290 op mul *tmp124 *tmp123 1.4426950408889634
-    * op sub *tmp125 4 *tmp124
-    * set :compute:correction *tmp125
+  291 op sub :compute:correction 4 *tmp124
   292 op add :compute:i :compute:i :compute:correction
   293 jump *label77 always
   294 label *label76
 
   316 op abs *tmp132 *tmp131
   317 op mul *tmp133 7 *tmp132
   318 op div *tmp134 *tmp133 255
-    * op sub *tmp135 1 *tmp134
-    * set :drawPixel:r *tmp135
+  319 op sub :drawPixel:r 1 *tmp134
   320 op sub *tmp136 :drawPixel:iterations 32
   321 op abs *tmp137 *tmp136
   322 op mul *tmp138 6 *tmp137
   323 op div *tmp139 *tmp138 255
-    * op sub *tmp140 0.9411764705882353 *tmp139
-    * set :drawPixel:g *tmp140
+  324 op sub :drawPixel:g 0.9411764705882353 *tmp139
   325 op sub *tmp141 32 :drawPixel:iterations
   326 op abs *tmp142 *tmp141
   327 op mul *tmp143 4 *tmp142
   328 op div *tmp144 *tmp143 255
-    * op add *tmp145 0.47058823529411764 *tmp144
-    * set :drawPixel:b *tmp145
-    * packcolor *tmp146 :drawPixel:r :drawPixel:g :drawPixel:b 1
-    * set :drawPixel:color *tmp146
+  329 op add :drawPixel:b 0.47058823529411764 *tmp144
+  330 packcolor :drawPixel:color :drawPixel:r :drawPixel:g :drawPixel:b 1
   331 jump *label83 always
   332 label *label84
   333 jump *label87 equal .PALETTE 3
 
   335 label *label87
   336 op div *tmp147 :drawPixel:iterations 63
   337 op mul *tmp148 *tmp147 360
-    * op sin *tmp149 *tmp148
-    * set :drawPixel:r *tmp149
+  338 op sin :drawPixel:r *tmp148
   339 op div *tmp150 :drawPixel:iterations 63
   340 op mul *tmp151 *tmp150 360
-    * op cos *tmp152 *tmp151
-    * set :drawPixel:g *tmp152
+  341 op cos :drawPixel:g *tmp151
   342 op sub *tmp153 :drawPixel:iterations 32
   343 op abs *tmp154 *tmp153
   344 op mul *tmp155 4 *tmp154
   345 op div *tmp156 *tmp155 255
-    * op add *tmp157 0.39215686274509803 *tmp156
-    * set :drawPixel:b *tmp157
-    * packcolor *tmp158 :drawPixel:r :drawPixel:g :drawPixel:b 1
-    * set :drawPixel:color *tmp158
+  346 op add :drawPixel:b 0.39215686274509803 *tmp156
+  347 packcolor :drawPixel:color :drawPixel:r :drawPixel:g :drawPixel:b 1
   348 jump *label83 always
   349 label *label86
   350 jump *label89 equal .PALETTE 4
   351 jump *label88 always
   352 label *label89
   353 op mul *tmp159 4 :drawPixel:iterations
-    * op div *tmp160 *tmp159 255
-    * set :drawPixel:r *tmp160
+  354 op div :drawPixel:r *tmp159 255
   355 op mul *tmp161 1.5 :drawPixel:iterations
-    * op div *tmp162 *tmp161 255
-    * set :drawPixel:g *tmp162
-    * packcolor *tmp163 :drawPixel:r :drawPixel:g 0 1
-    * set :drawPixel:color *tmp163
+  356 op div :drawPixel:g *tmp161 255
+  357 packcolor :drawPixel:color :drawPixel:r :drawPixel:g 0 1
   358 jump *label83 always
   359 label *label88
   360 op mul *tmp164 4 :drawPixel:iterations
   361 op div *tmp165 *tmp164 255
-    * op sub *tmp166 1 *tmp165
-    * set :drawPixel:r *tmp166
-    * packcolor *tmp167 :drawPixel:r :drawPixel:r 0 1
-    * set :drawPixel:color *tmp167
+  362 op sub :drawPixel:r 1 *tmp165
+  363 packcolor :drawPixel:color :drawPixel:r :drawPixel:r 0 1
   364 label *label83
   365 jump *label82 always
   366 label *label81
-    * set *tmp168 :drawPixel:iterations
-    * read *tmp170 .memory *tmp168
-    * set :drawPixel:color *tmp170
+  367 read :drawPixel:color .memory :drawPixel:iterations
   368 label *label82
   369 label *label80
   370 op greaterThanEq *tmp171 .localBuffer 254

Modifications by Iterated phase, Jump Normalization, pass 1, iteration 1 (-3 instructions):
 
     9 jump *label3 always
    10 label *label3
    11 label *label5
-    * jump *label7 equal true false
    12 label *label8
    13 wait 0
    14 label *label9
 
    44 label *label12
    45 set :leaderLimit *tmp34
    46 label *label13
-    * jump *label15 equal true false
    47 wait 0
    48 read *tmp37 .memory 68
    49 op notEqual *tmp36 .stop *tmp37
 
   279 set *tmp92 :compute:i
   280 jump *label61 always
   281 label *label69
-    * jump *label68 notEqual false false
   282 label *label70
   283 jump *label76 equal .SMOOTH false
   284 op log *tmp121 :compute:dist

Modifications by Iterated phase, Jump Straightening, pass 1, iteration 1 (-5 instructions):
 
   306 jump *label80 always
   307 label *label79
   308 jump *label81 equal .SMOOTH false
-    * jump *label85 equal .PALETTE 2
-    * jump *label84 always
+  309 jump *label84 notEqual .PALETTE 2
   310 label *label85
   311 op sub *tmp131 32 :drawPixel:iterations
   312 op abs *tmp132 *tmp131
 
   326 packcolor :drawPixel:color :drawPixel:r :drawPixel:g :drawPixel:b 1
   327 jump *label83 always
   328 label *label84
-    * jump *label87 equal .PALETTE 3
-    * jump *label86 always
+  329 jump *label86 notEqual .PALETTE 3
   330 label *label87
   331 op div *tmp147 :drawPixel:iterations 63
   332 op mul *tmp148 *tmp147 360
 
   342 packcolor :drawPixel:color :drawPixel:r :drawPixel:g :drawPixel:b 1
   343 jump *label83 always
   344 label *label86
-    * jump *label89 equal .PALETTE 4
-    * jump *label88 always
+  345 jump *label88 notEqual .PALETTE 4
   346 label *label89
   347 op mul *tmp159 4 :drawPixel:iterations
   348 op div :drawPixel:r *tmp159 255
 
   395 jump *label97 always
   396 set *tmp174 null
   397 label *label97
-    * jump *label95 equal *tmp174 false
-    * jump *label93 always
+  398 jump *label93 notEqual *tmp174 false
   399 label *label95
   400 label *label92
   401 jump *label91 always
 
   497 jump *label123 always
   498 set *tmp203 null
   499 label *label123
-    * jump *label121 equal *tmp203 false
-    * jump *label119 always
+  500 jump *label119 notEqual *tmp203 false
   501 label *label121
   502 label *label118
   503 label *label6

Modifications by Iterated phase, Condition Optimization, pass 1, iteration 1 (-26 instructions):
 
     1 set .start 0
     2 label *label1
     3 label *label2
-    * op equal *tmp14 .display null
-    * jump *label1 notEqual *tmp14 false
+    4 jump *label1 equal .display null
     5 label *label4
-    * op equal *tmp15 .memory null
-    * jump *label1 notEqual *tmp15 false
+    6 jump *label1 equal .memory null
     7 jump *label3 always
     8 label *label3
     9 label *label5
 
    11 wait 0
    12 label *label9
    13 read *tmp17 .memory 67
-    * op equal *tmp16 .start *tmp17
-    * jump *label8 notEqual *tmp16 false
+   14 jump *label8 equal .start *tmp17
    15 label *label10
    16 read .start .memory 67
    17 read .stop .memory 68
 
    43 label *label13
    44 wait 0
    45 read *tmp37 .memory 68
-    * op notEqual *tmp36 .stop *tmp37
-    * jump *label17 equal *tmp36 false
+   46 jump *label17 equal .stop *tmp37
    47 jump *label6 always
    48 jump *label18 always
    49 label *label17
    50 label *label18
    51 read :batch .memory 64
-    * op greaterThanEq *tmp40 :batch 1408
-    * jump *label19 equal *tmp40 false
+   52 jump *label19 lessThan :batch 1408
    53 set *tmp41 1
    54 jump *label20 always
    55 label *label19
 
    59 op add *tmp42 :batch :multiple
    60 write *tmp42 .memory 64
    61 label *label16
-    * op greaterThanEq *tmp43 :batch 2816
-    * jump *label21 equal *tmp43 false
+   62 jump *label21 lessThan :batch 2816
    63 jump *label15 always
    64 jump *label22 always
    65 label *label21
 
   172 set :y :adam5:y
   173 set :dx :adam5:dx
   174 set :dy :adam5:dy
-    * op greaterThan *tmp80 :multiple :leaderLimit
-    * jump *label50 equal *tmp80 false
+  175 jump *label50 lessThanEq :multiple :leaderLimit
   176 label *label53
-    * op equal *tmp81 .localBuffer 0
-    * jump *label50 equal *tmp81 false
+  177 jump *label50 notEqual .localBuffer 0
   178 jump *label52 always
   179 label *label52
   180 draw col %[white]
 
   183 set .localBuffer 2
   184 wait 0
   185 read *tmp85 .memory 68
-    * op notEqual *tmp84 .stop *tmp85
-    * jump *label55 equal *tmp84 false
+  186 jump *label55 equal .stop *tmp85
   187 jump *label54 always
   188 jump *label56 always
   189 label *label55
 
   193 label *label60
   194 sensor *tmp88 .display @bufferSize
   195 op sub *tmp89 1024 *tmp88
-    * op lessThan *tmp90 .localBuffer *tmp89
-    * jump *label57 equal *tmp90 false
+  196 jump *label57 greaterThanEq .localBuffer *tmp89
   197 jump *label59 always
   198 label *label59
   199 drawflush .display
 
   225 op mul *tmp101 *tmp100 :compute:p
   226 op sub *tmp102 :compute:p *tmp101
   227 op add *tmp103 *tmp102 0.25
-    * op lessThanEq *tmp104 :compute:cx *tmp103
-    * jump *label64 equal *tmp104 false
+  228 jump *label64 greaterThan :compute:cx *tmp103
   229 set *tmp92 63
   230 jump *label61 always
   231 jump *label65 always
 
   233 label *label65
   234 op add *tmp106 :compute:cx 1
   235 op len *tmp107 *tmp106 :compute:cy
-    * op lessThanEq *tmp108 *tmp107 0.25
-    * jump *label66 equal *tmp108 false
+  236 jump *label66 greaterThan *tmp107 0.25
   237 set *tmp92 63
   238 jump *label61 always
   239 jump *label67 always
 
   254 op mul *tmp115 *tmp114 :compute:y1
   255 op add :compute:zy *tmp115 :compute:cy
   256 op len :compute:dist :compute:zx :compute:zy
-    * op greaterThanEq *tmp118 :compute:dist 64
-    * jump *label74 equal *tmp118 false
+  257 jump *label74 lessThan :compute:dist 64
   258 jump *label70 always
   259 jump *label75 always
   260 label *label74
 
   287 set :drawPixel:dx :dx
   288 set :drawPixel:dy :dy
   289 set :drawPixel:iterations :iterations
-    * op equal *tmp126 :drawPixel:iterations 63
-    * jump *label79 equal *tmp126 false
+  290 jump *label79 notEqual :drawPixel:iterations 63
   291 set :drawPixel:color %[black]
   292 jump *label80 always
   293 label *label79
 
   347 read :drawPixel:color .memory :drawPixel:iterations
   348 label *label82
   349 label *label80
-    * op greaterThanEq *tmp171 .localBuffer 254
-    * jump *label90 equal *tmp171 false
+  350 jump *label90 lessThan .localBuffer 254
   351 label *label93
   352 label *label94
-    * op greaterThan *tmp173 .localBuffer 0
-    * jump *label95 equal *tmp173 false
+  353 jump *label95 lessThanEq .localBuffer 0
   354 label *label96
   355 wait 0
   356 read *tmp176 .memory 68
-    * op notEqual *tmp175 .stop *tmp176
-    * jump *label98 equal *tmp175 false
+  357 jump *label98 equal .stop *tmp176
   358 set *tmp174 false
   359 jump *label97 always
   360 jump *label99 always
 
   365 label *label103
   366 sensor *tmp179 .display @bufferSize
   367 op sub *tmp180 1024 *tmp179
-    * op lessThan *tmp181 .localBuffer *tmp180
-    * jump *label100 equal *tmp181 false
+  368 jump *label100 greaterThanEq .localBuffer *tmp180
   369 jump *label102 always
   370 label *label102
   371 drawflush .display
 
   383 jump *label91 always
   384 label *label90
   385 label *label91
-    * op greaterThan *tmp183 .localBuffer 0
-    * jump *label104 equal *tmp183 false
+  386 jump *label104 lessThanEq .localBuffer 0
   387 label *label107
-    * op strictEqual *tmp184 :drawPixel:color .lastColor
-    * jump *label104 equal *tmp184 false
+  388 jump *label104 strictNotEqual :drawPixel:color .lastColor
   389 jump *label106 always
   390 label *label106
   391 draw rect :drawPixel:x :drawPixel:y :drawPixel:dx :drawPixel:dy
 
   406 op add *tmp190 *tmp189 :iterations
   407 write *tmp190 .memory 65
   408 read *tmp193 .memory 68
-    * op notEqual *tmp192 .stop *tmp193
-    * jump *label112 equal *tmp192 false
+  409 jump *label112 equal .stop *tmp193
   410 set *tmp191 false
   411 jump *label111 always
   412 jump *label113 always
 
   417 label *label117
   418 sensor *tmp196 .display @bufferSize
   419 op sub *tmp197 1024 *tmp196
-    * op lessThan *tmp198 .localBuffer *tmp197
-    * jump *label114 equal *tmp198 false
+  420 jump *label114 greaterThanEq .localBuffer *tmp197
   421 jump *label116 always
   422 label *label116
   423 drawflush .display
 
   429 jump *label111 always
   430 set *tmp191 null
   431 label *label111
-    * op equal *tmp200 *tmp191 false
-    * jump *label109 equal *tmp200 false
+  432 jump *label109 notEqual *tmp191 false
   433 jump *label6 always
   434 jump *label110 always
   435 label *label109
 
   444 label *label15
   445 label *label119
   446 label *label120
-    * op greaterThan *tmp202 .localBuffer 0
-    * jump *label121 equal *tmp202 false
+  447 jump *label121 lessThanEq .localBuffer 0
   448 label *label122
   449 wait 0
   450 read *tmp205 .memory 68
-    * op notEqual *tmp204 .stop *tmp205
-    * jump *label124 equal *tmp204 false
+  451 jump *label124 equal .stop *tmp205
   452 set *tmp203 false
   453 jump *label123 always
   454 jump *label125 always
 
   459 label *label129
   460 sensor *tmp208 .display @bufferSize
   461 op sub *tmp209 1024 *tmp208
-    * op lessThan *tmp210 .localBuffer *tmp209
-    * jump *label126 equal *tmp210 false
+  462 jump *label126 greaterThanEq .localBuffer *tmp209
   463 jump *label128 always
   464 label *label128
   465 drawflush .display

Modifications by Iterated phase, Single Step Elimination, pass 1, iteration 1 (-25 instructions):
 
     4 jump *label1 equal .display null
     5 label *label4
     6 jump *label1 equal .memory null
-    * jump *label3 always
     7 label *label3
     8 label *label5
     9 label *label8
 
    44 read *tmp37 .memory 68
    45 jump *label17 equal .stop *tmp37
    46 jump *label6 always
-    * jump *label18 always
    47 label *label17
    48 label *label18
    49 read :batch .memory 64
 
    59 label *label16
    60 jump *label21 lessThan :batch 2816
    61 jump *label15 always
-    * jump *label22 always
    62 label *label21
    63 label *label22
    64 op mul *tmp46 11 :multiple
 
   172 jump *label50 lessThanEq :multiple :leaderLimit
   173 label *label53
   174 jump *label50 notEqual .localBuffer 0
-    * jump *label52 always
   175 label *label52
   176 draw col %[white]
   177 draw rect :x :y :dx :dx
 
   181 read *tmp85 .memory 68
   182 jump *label55 equal .stop *tmp85
   183 jump *label54 always
-    * jump *label56 always
   184 label *label55
   185 label *label56
   186 sensor *tmp87 .display @enabled
 
   189 sensor *tmp88 .display @bufferSize
   190 op sub *tmp89 1024 *tmp88
   191 jump *label57 greaterThanEq .localBuffer *tmp89
-    * jump *label59 always
   192 label *label59
   193 drawflush .display
   194 set .localBuffer 0
-    * jump *label58 always
   195 label *label57
   196 label *label58
-    * jump *label54 always
   197 label *label54
-    * jump *label51 always
   198 label *label50
   199 label *label51
   200 set :compute:x :x
 
   219 jump *label64 greaterThan :compute:cx *tmp103
   220 set *tmp92 63
   221 jump *label61 always
-    * jump *label65 always
   222 label *label64
   223 label *label65
   224 op add *tmp106 :compute:cx 1
 
   226 jump *label66 greaterThan *tmp107 0.25
   227 set *tmp92 63
   228 jump *label61 always
-    * jump *label67 always
   229 label *label66
   230 label *label67
   231 label *label63
 
   245 op len :compute:dist :compute:zx :compute:zy
   246 jump *label74 lessThan :compute:dist 64
   247 jump *label70 always
-    * jump *label75 always
   248 label *label74
   249 label *label75
   250 label *label72
 
   262 op mul *tmp124 *tmp123 1.4426950408889634
   263 op sub :compute:correction 4 *tmp124
   264 op add :compute:i :compute:i :compute:correction
-    * jump *label77 always
   265 label *label76
   266 label *label77
   267 set *tmp92 :compute:i
 
   344 jump *label98 equal .stop *tmp176
   345 set *tmp174 false
   346 jump *label97 always
-    * jump *label99 always
   347 label *label98
   348 label *label99
   349 sensor *tmp178 .display @enabled
 
   352 sensor *tmp179 .display @bufferSize
   353 op sub *tmp180 1024 *tmp179
   354 jump *label100 greaterThanEq .localBuffer *tmp180
-    * jump *label102 always
   355 label *label102
   356 drawflush .display
   357 set .localBuffer 0
-    * jump *label101 always
   358 label *label100
   359 label *label101
   360 set *tmp174 true
 
   364 jump *label93 notEqual *tmp174 false
   365 label *label95
   366 label *label92
-    * jump *label91 always
   367 label *label90
   368 label *label91
   369 jump *label104 lessThanEq .localBuffer 0
   370 label *label107
   371 jump *label104 strictNotEqual :drawPixel:color .lastColor
-    * jump *label106 always
   372 label *label106
   373 draw rect :drawPixel:x :drawPixel:y :drawPixel:dx :drawPixel:dy
   374 op add .localBuffer .localBuffer 1
 
   391 jump *label112 equal .stop *tmp193
   392 set *tmp191 false
   393 jump *label111 always
-    * jump *label113 always
   394 label *label112
   395 label *label113
   396 sensor *tmp195 .display @enabled
 
   399 sensor *tmp196 .display @bufferSize
   400 op sub *tmp197 1024 *tmp196
   401 jump *label114 greaterThanEq .localBuffer *tmp197
-    * jump *label116 always
   402 label *label116
   403 drawflush .display
   404 set .localBuffer 0
-    * jump *label115 always
   405 label *label114
   406 label *label115
   407 set *tmp191 true
 
   410 label *label111
   411 jump *label109 notEqual *tmp191 false
   412 jump *label6 always
-    * jump *label110 always
   413 label *label109
   414 label *label110
   415 label *label108
 
   429 jump *label124 equal .stop *tmp205
   430 set *tmp203 false
   431 jump *label123 always
-    * jump *label125 always
   432 label *label124
   433 label *label125
   434 sensor *tmp207 .display @enabled
 
   437 sensor *tmp208 .display @bufferSize
   438 op sub *tmp209 1024 *tmp208
   439 jump *label126 greaterThanEq .localBuffer *tmp209
-    * jump *label128 always
   440 label *label128
   441 drawflush .display
   442 set .localBuffer 0
-    * jump *label127 always
   443 label *label126
   444 label *label127
   445 set *tmp203 true

Modifications by Iterated phase, Data Flow Optimization, pass 1, iteration 1 (-4 instructions):
 
    24 op add .OFFSET_X *tmp21 *tmp23
    25 op div *tmp24 -88 .ZOOM
    26 read *tmp26 .memory 70
-    * op add .OFFSET_Y *tmp24 *tmp26
+   27 op add .OFFSET_Y *tmp21 *tmp26
    28 read .JULIA .memory 72
    29 read .JULIA_X .memory 73
    30 read .JULIA_Y .memory 74
 
    54 set *tmp41 4
    55 label *label20
    56 set :multiple *tmp41
-    * op add *tmp42 :batch :multiple
+   57 op add *tmp42 :batch *tmp41
    58 write *tmp42 .memory 64
    59 label *label16
    60 jump *label21 lessThan :batch 2816
    61 jump *label15 always
    62 label *label21
    63 label *label22
-    * op mul *tmp46 11 :multiple
+   64 op mul *tmp46 11 *tmp41
    65 set :i 0
    66 label *label23
    67 jump *label25 greaterThanEq :i *tmp46
 
    84 set *tmp56 2
    85 label *label32
    86 set :adam5:dy *tmp56
-    * set :adam5:dx :adam5:dy
+   87 set :adam5:dx *tmp56
    88 jump *label27 always
    89 label *label28
    90 jump *label35 lessThan *tmp50 121
 
   132 set *tmp69 1
   133 label *label44
   134 set :adam5:dy *tmp69
-    * set :adam5:dx :adam5:dy
+  135 set :adam5:dx *tmp69
   136 jump *label27 always
   137 label *label40
   138 jump *label47 lessThan *tmp50 484
 
   162 op mul *tmp78 2 *tmp77
   163 op add :adam5:y *tmp78 1
   164 set :adam5:dy 1
-    * set :adam5:dx :adam5:dy
+  165 set :adam5:dx 1
   166 label *label27
   167 label *label26
   168 set :x :adam5:x
   169 set :y :adam5:y
   170 set :dx :adam5:dx
   171 set :dy :adam5:dy
-    * jump *label50 lessThanEq :multiple :leaderLimit
+  172 jump *label50 lessThanEq *tmp41 *tmp34
   173 label *label53
   174 jump *label50 notEqual .localBuffer 0
   175 label *label52
   176 draw col %[white]
-    * draw rect :x :y :dx :dx
+  177 draw rect :adam5:x :adam5:y :adam5:dx :adam5:dx
   178 set .lastColor %[white]
   179 set .localBuffer 2
   180 wait 0
 
   188 label *label60
   189 sensor *tmp88 .display @bufferSize
   190 op sub *tmp89 1024 *tmp88
-    * jump *label57 greaterThanEq .localBuffer *tmp89
+  191 jump *label57 greaterThanEq 2 *tmp89
   192 label *label59
   193 drawflush .display
   194 set .localBuffer 0
 
   197 label *label54
   198 label *label50
   199 label *label51
-    * set :compute:x :x
-    * set :compute:y :y
-    * op div *tmp93 :compute:x .ZOOM
+  200 set :compute:x :adam5:x
+  201 set :compute:y :adam5:y
+  202 op div *tmp93 :x .ZOOM
   203 op add :compute:zx *tmp93 .OFFSET_X
-    * op div *tmp95 :compute:y .ZOOM
+  204 op div *tmp95 :y .ZOOM
   205 op add :compute:zy *tmp95 .OFFSET_Y
   206 jump *label62 equal .JULIA false
   207 set :compute:cx .JULIA_X
 
   210 label *label62
   211 set :compute:cx :compute:zx
   212 set :compute:cy :compute:zy
-    * op sub *tmp98 :compute:cx 0.25
-    * op len :compute:p *tmp98 :compute:cy
+  213 op sub *tmp98 :compute:zx 0.25
+  214 op len :compute:p *tmp98 :compute:zy
   215 op mul *tmp100 2 :compute:p
   216 op mul *tmp101 *tmp100 :compute:p
   217 op sub *tmp102 :compute:p *tmp101
   218 op add *tmp103 *tmp102 0.25
-    * jump *label64 greaterThan :compute:cx *tmp103
+  219 jump *label64 greaterThan :compute:zx *tmp103
   220 set *tmp92 63
   221 jump *label61 always
   222 label *label64
   223 label *label65
-    * op add *tmp106 :compute:cx 1
-    * op len *tmp107 *tmp106 :compute:cy
+  224 op add *tmp106 :compute:zx 1
+  225 op len *tmp107 *tmp106 :compute:zy
   226 jump *label66 greaterThan *tmp107 0.25
   227 set *tmp92 63
   228 jump *label61 always
 
   235 jump *label73 greaterThanEq :compute:i 63
   236 set :compute:x1 :compute:zx
   237 set :compute:y1 :compute:zy
-    * op mul *tmp110 :compute:x1 :compute:x1
-    * op mul *tmp111 :compute:y1 :compute:y1
+  238 op mul *tmp110 :compute:zx :compute:zx
+  239 op mul *tmp111 :compute:zy :compute:zy
   240 op sub *tmp112 *tmp110 *tmp111
   241 op add :compute:zx *tmp112 :compute:cx
   242 op mul *tmp114 2 :compute:x1
-    * op mul *tmp115 *tmp114 :compute:y1
+  243 op mul *tmp115 *tmp114 :compute:zy
   244 op add :compute:zy *tmp115 :compute:cy
   245 op len :compute:dist :compute:zx :compute:zy
   246 jump *label74 lessThan :compute:dist 64
 
   266 label *label77
   267 set *tmp92 :compute:i
   268 jump *label61 always
-    * set *tmp92 null
   269 label *label61
   270 set :iterations *tmp92
-    * set :drawPixel:x :x
-    * set :drawPixel:y :y
-    * set :drawPixel:dx :dx
-    * set :drawPixel:dy :dy
-    * set :drawPixel:iterations :iterations
-    * jump *label79 notEqual :drawPixel:iterations 63
+  271 set :drawPixel:x :adam5:x
+  272 set :drawPixel:y :adam5:y
+  273 set :drawPixel:dx :adam5:dx
+  274 set :drawPixel:dy :adam5:dy
+  275 set :drawPixel:iterations *tmp92
+  276 jump *label79 notEqual :iterations 63
   277 set :drawPixel:color %[black]
   278 jump *label80 always
   279 label *label79
   280 jump *label81 equal .SMOOTH false
   281 jump *label84 notEqual .PALETTE 2
   282 label *label85
-    * op sub *tmp131 32 :drawPixel:iterations
+  283 op sub *tmp131 32 :iterations
   284 op abs *tmp132 *tmp131
   285 op mul *tmp133 7 *tmp132
-    * op div *tmp134 *tmp133 255
+  286 op div *tmp134 *tmp132 36.42857142857143
   287 op sub :drawPixel:r 1 *tmp134
-    * op sub *tmp136 :drawPixel:iterations 32
+  288 op sub *tmp136 :iterations 32
   289 op abs *tmp137 *tmp136
   290 op mul *tmp138 6 *tmp137
-    * op div *tmp139 *tmp138 255
+  291 op div *tmp139 *tmp137 42.5
   292 op sub :drawPixel:g 0.9411764705882353 *tmp139
-    * op sub *tmp141 32 :drawPixel:iterations
-    * op abs *tmp142 *tmp141
-    * op mul *tmp143 4 *tmp142
-    * op div *tmp144 *tmp143 255
+  293 op sub *tmp141 32 :iterations
+  294 op abs *tmp142 *tmp131
+  295 op mul *tmp143 4 *tmp132
+  296 op div *tmp144 *tmp142 63.75
   297 op add :drawPixel:b 0.47058823529411764 *tmp144
   298 packcolor :drawPixel:color :drawPixel:r :drawPixel:g :drawPixel:b 1
   299 jump *label83 always
   300 label *label84
   301 jump *label86 notEqual .PALETTE 3
   302 label *label87
-    * op div *tmp147 :drawPixel:iterations 63
-    * op mul *tmp148 *tmp147 360
+  303 op div *tmp147 :iterations 63
+  304 op div *tmp148 :drawPixel:iterations 0.175
   305 op sin :drawPixel:r *tmp148
-    * op div *tmp150 :drawPixel:iterations 63
-    * op mul *tmp151 *tmp150 360
-    * op cos :drawPixel:g *tmp151
-    * op sub *tmp153 :drawPixel:iterations 32
+  306 op div *tmp150 :iterations 63
+  307 op mul *tmp151 *tmp147 360
+  308 op cos :drawPixel:g *tmp148
+  309 op sub *tmp153 :iterations 32
   310 op abs *tmp154 *tmp153
   311 op mul *tmp155 4 *tmp154
-    * op div *tmp156 *tmp155 255
+  312 op div *tmp156 *tmp154 63.75
   313 op add :drawPixel:b 0.39215686274509803 *tmp156
   314 packcolor :drawPixel:color :drawPixel:r :drawPixel:g :drawPixel:b 1
   315 jump *label83 always
   316 label *label86
   317 jump *label88 notEqual .PALETTE 4
   318 label *label89
-    * op mul *tmp159 4 :drawPixel:iterations
-    * op div :drawPixel:r *tmp159 255
-    * op mul *tmp161 1.5 :drawPixel:iterations
-    * op div :drawPixel:g *tmp161 255
+  319 op mul *tmp159 4 :iterations
+  320 op div :drawPixel:r :drawPixel:iterations 63.75
+  321 op mul *tmp161 1.5 :iterations
+  322 op div :drawPixel:g :drawPixel:iterations 170
   323 packcolor :drawPixel:color :drawPixel:r :drawPixel:g 0 1
   324 jump *label83 always
   325 label *label88
-    * op mul *tmp164 4 :drawPixel:iterations
-    * op div *tmp165 *tmp164 255
+  326 op mul *tmp164 4 :iterations
+  327 op div *tmp165 :drawPixel:iterations 63.75
   328 op sub :drawPixel:r 1 *tmp165
   329 packcolor :drawPixel:color :drawPixel:r :drawPixel:r 0 1
   330 label *label83
   331 jump *label82 always
   332 label *label81
-    * read :drawPixel:color .memory :drawPixel:iterations
+  333 read :drawPixel:color .memory :iterations
   334 label *label82
   335 label *label80
   336 jump *label90 lessThan .localBuffer 254
 
   358 label *label101
   359 set *tmp174 true
   360 jump *label97 always
-    * set *tmp174 null
   361 label *label97
   362 jump *label93 notEqual *tmp174 false
   363 label *label95
 
   368 label *label107
   369 jump *label104 strictNotEqual :drawPixel:color .lastColor
   370 label *label106
-    * draw rect :drawPixel:x :drawPixel:y :drawPixel:dx :drawPixel:dy
+  371 draw rect :x :y :dx :dy
   372 op add .localBuffer .localBuffer 1
   373 jump *label105 always
   374 label *label104
   375 draw col :drawPixel:color
-    * draw rect :drawPixel:x :drawPixel:y :drawPixel:dx :drawPixel:dy
+  376 draw rect :x :y :dx :dy
   377 set .lastColor :drawPixel:color
   378 op add .localBuffer .localBuffer 2
   379 label *label105
 
   383 op add *tmp2 *tmp187 1
   384 write *tmp2 .memory 66
   385 read *tmp189 .memory 65
-    * op add *tmp190 *tmp189 :iterations
+  386 op add *tmp190 *tmp189 *tmp92
   387 write *tmp190 .memory 65
   388 read *tmp193 .memory 68
   389 jump *label112 equal .stop *tmp193
 
   404 label *label115
   405 set *tmp191 true
   406 jump *label111 always
-    * set *tmp191 null
   407 label *label111
   408 jump *label109 notEqual *tmp191 false
   409 jump *label6 always
 
   441 label *label127
   442 set *tmp203 true
   443 jump *label123 always
-    * set *tmp203 null
   444 label *label123
   445 jump *label119 notEqual *tmp203 false
   446 label *label121

Modifications by Iterated phase, Data Flow Optimization, pass 1, iteration 2 (-14 instructions):
 
    22 op div *tmp21 -88 .ZOOM
    23 read *tmp23 .memory 69
    24 op add .OFFSET_X *tmp21 *tmp23
-    * op div *tmp24 -88 .ZOOM
    25 read *tmp26 .memory 70
    26 op add .OFFSET_Y *tmp21 *tmp26
    27 read .JULIA .memory 72
 
    37 label *label11
    38 set *tmp34 99
    39 label *label12
-    * set :leaderLimit *tmp34
    40 label *label13
    41 wait 0
    42 read *tmp37 .memory 68
 
    51 label *label19
    52 set *tmp41 4
    53 label *label20
-    * set :multiple *tmp41
    54 op add *tmp42 :batch *tmp41
    55 write *tmp42 .memory 64
    56 label *label16
 
   194 label *label54
   195 label *label50
   196 label *label51
-    * set :compute:x :adam5:x
-    * set :compute:y :adam5:y
-    * op div *tmp93 :x .ZOOM
+  197 op div *tmp93 :adam5:x .ZOOM
   198 op add :compute:zx *tmp93 .OFFSET_X
-    * op div *tmp95 :y .ZOOM
+  199 op div *tmp95 :adam5:y .ZOOM
   200 op add :compute:zy *tmp95 .OFFSET_Y
   201 jump *label62 equal .JULIA false
   202 set :compute:cx .JULIA_X
 
   229 label *label71
   230 jump *label73 greaterThanEq :compute:i 63
   231 set :compute:x1 :compute:zx
-    * set :compute:y1 :compute:zy
   232 op mul *tmp110 :compute:zx :compute:zx
   233 op mul *tmp111 :compute:zy :compute:zy
   234 op sub *tmp112 *tmp110 *tmp111
 
   262 jump *label61 always
   263 label *label61
   264 set :iterations *tmp92
-    * set :drawPixel:x :adam5:x
-    * set :drawPixel:y :adam5:y
-    * set :drawPixel:dx :adam5:dx
-    * set :drawPixel:dy :adam5:dy
   265 set :drawPixel:iterations *tmp92
-    * jump *label79 notEqual :iterations 63
+  266 jump *label79 notEqual *tmp92 63
   267 set :drawPixel:color %[black]
   268 jump *label80 always
   269 label *label79
   270 jump *label81 equal .SMOOTH false
   271 jump *label84 notEqual .PALETTE 2
   272 label *label85
-    * op sub *tmp131 32 :iterations
+  273 op sub *tmp131 32 *tmp92
   274 op abs *tmp132 *tmp131
-    * op mul *tmp133 7 *tmp132
   275 op div *tmp134 *tmp132 36.42857142857143
   276 op sub :drawPixel:r 1 *tmp134
-    * op sub *tmp136 :iterations 32
+  277 op sub *tmp136 *tmp92 32
   278 op abs *tmp137 *tmp136
-    * op mul *tmp138 6 *tmp137
   279 op div *tmp139 *tmp137 42.5
   280 op sub :drawPixel:g 0.9411764705882353 *tmp139
-    * op sub *tmp141 32 :iterations
+  281 op sub *tmp141 32 *tmp92
   282 op abs *tmp142 *tmp131
-    * op mul *tmp143 4 *tmp132
-    * op div *tmp144 *tmp142 63.75
+  283 op div *tmp144 *tmp132 63.75
   284 op add :drawPixel:b 0.47058823529411764 *tmp144
   285 packcolor :drawPixel:color :drawPixel:r :drawPixel:g :drawPixel:b 1
   286 jump *label83 always
   287 label *label84
   288 jump *label86 notEqual .PALETTE 3
   289 label *label87
-    * op div *tmp147 :iterations 63
-    * op div *tmp148 :drawPixel:iterations 0.175
+  290 op div *tmp147 *tmp92 63
+  291 op div *tmp148 *tmp92 0.175
   292 op sin :drawPixel:r *tmp148
-    * op div *tmp150 :iterations 63
-    * op mul *tmp151 *tmp147 360
+  293 op div *tmp150 *tmp92 63
+  294 op div *tmp151 :iterations 0.175
   295 op cos :drawPixel:g *tmp148
-    * op sub *tmp153 :iterations 32
+  296 op sub *tmp153 *tmp92 32
   297 op abs *tmp154 *tmp153
-    * op mul *tmp155 4 *tmp154
   298 op div *tmp156 *tmp154 63.75
   299 op add :drawPixel:b 0.39215686274509803 *tmp156
   300 packcolor :drawPixel:color :drawPixel:r :drawPixel:g :drawPixel:b 1
 
   302 label *label86
   303 jump *label88 notEqual .PALETTE 4
   304 label *label89
-    * op mul *tmp159 4 :iterations
-    * op div :drawPixel:r :drawPixel:iterations 63.75
-    * op mul *tmp161 1.5 :iterations
-    * op div :drawPixel:g :drawPixel:iterations 170
+  305 op mul *tmp159 4 *tmp92
+  306 op div :drawPixel:r *tmp92 63.75
+  307 op mul *tmp161 1.5 *tmp92
+  308 op div :drawPixel:g *tmp92 170
   309 packcolor :drawPixel:color :drawPixel:r :drawPixel:g 0 1
   310 jump *label83 always
   311 label *label88
-    * op mul *tmp164 4 :iterations
-    * op div *tmp165 :drawPixel:iterations 63.75
+  312 op mul *tmp164 4 *tmp92
+  313 op div *tmp165 *tmp92 63.75
   314 op sub :drawPixel:r 1 *tmp165
   315 packcolor :drawPixel:color :drawPixel:r :drawPixel:r 0 1
   316 label *label83
   317 jump *label82 always
   318 label *label81
-    * read :drawPixel:color .memory :iterations
+  319 read :drawPixel:color .memory *tmp92
   320 label *label82
   321 label *label80
   322 jump *label90 lessThan .localBuffer 254
 
   354 label *label107
   355 jump *label104 strictNotEqual :drawPixel:color .lastColor
   356 label *label106
-    * draw rect :x :y :dx :dy
+  357 draw rect :adam5:x :adam5:y :adam5:dx :adam5:dy
   358 op add .localBuffer .localBuffer 1
   359 jump *label105 always
   360 label *label104
   361 draw col :drawPixel:color
-    * draw rect :x :y :dx :dy
+  362 draw rect :adam5:x :adam5:y :adam5:dx :adam5:dy
   363 set .lastColor :drawPixel:color
   364 op add .localBuffer .localBuffer 2
   365 label *label105

Modifications by Iterated phase, Data Flow Optimization, pass 1, iteration 3 (-12 instructions):
 
   162 set :adam5:dx 1
   163 label *label27
   164 label *label26
-    * set :x :adam5:x
-    * set :y :adam5:y
-    * set :dx :adam5:dx
-    * set :dy :adam5:dy
   165 jump *label50 lessThanEq *tmp41 *tmp34
   166 label *label53
   167 jump *label50 notEqual .localBuffer 0
 
   258 jump *label61 always
   259 label *label61
   260 set :iterations *tmp92
-    * set :drawPixel:iterations *tmp92
   261 jump *label79 notEqual *tmp92 63
   262 set :drawPixel:color %[black]
   263 jump *label80 always
 
   273 op abs *tmp137 *tmp136
   274 op div *tmp139 *tmp137 42.5
   275 op sub :drawPixel:g 0.9411764705882353 *tmp139
-    * op sub *tmp141 32 *tmp92
-    * op abs *tmp142 *tmp131
   276 op div *tmp144 *tmp132 63.75
   277 op add :drawPixel:b 0.47058823529411764 *tmp144
   278 packcolor :drawPixel:color :drawPixel:r :drawPixel:g :drawPixel:b 1
 
   280 label *label84
   281 jump *label86 notEqual .PALETTE 3
   282 label *label87
-    * op div *tmp147 *tmp92 63
   283 op div *tmp148 *tmp92 0.175
   284 op sin :drawPixel:r *tmp148
-    * op div *tmp150 *tmp92 63
-    * op div *tmp151 :iterations 0.175
+  285 op div *tmp151 *tmp92 0.175
   286 op cos :drawPixel:g *tmp148
   287 op sub *tmp153 *tmp92 32
   288 op abs *tmp154 *tmp153
 
   293 label *label86
   294 jump *label88 notEqual .PALETTE 4
   295 label *label89
-    * op mul *tmp159 4 *tmp92
   296 op div :drawPixel:r *tmp92 63.75
-    * op mul *tmp161 1.5 *tmp92
   297 op div :drawPixel:g *tmp92 170
   298 packcolor :drawPixel:color :drawPixel:r :drawPixel:g 0 1
   299 jump *label83 always
   300 label *label88
-    * op mul *tmp164 4 *tmp92
   301 op div *tmp165 *tmp92 63.75
   302 op sub :drawPixel:r 1 *tmp165
   303 packcolor :drawPixel:color :drawPixel:r :drawPixel:r 0 1

Modifications by Iterated phase, Data Flow Optimization, pass 1, iteration 4 (-2 instructions):
 
   257 set *tmp92 :compute:i
   258 jump *label61 always
   259 label *label61
-    * set :iterations *tmp92
   260 jump *label79 notEqual *tmp92 63
   261 set :drawPixel:color %[black]
   262 jump *label80 always
 
   281 label *label87
   282 op div *tmp148 *tmp92 0.175
   283 op sin :drawPixel:r *tmp148
-    * op div *tmp151 *tmp92 0.175
   284 op cos :drawPixel:g *tmp148
   285 op sub *tmp153 *tmp92 32
   286 op abs *tmp154 *tmp153

Modifications by Iterated phase, Loop Hoisting, pass 1, iteration 1:
 
    60 label *label22
    61 op mul *tmp46 11 *tmp41
    62 set :i 0
+   63 op mul *tmp47 :batch 11
    64 label *label23
    65 jump *label25 greaterThanEq :i *tmp46
-    * op mul *tmp47 :batch 11
    66 op add :adam5:index *tmp47 :i
    67 op idiv *tmp50 :adam5:index 16
    68 jump *label30 lessThan *tmp50 0

Modifications by Iterated phase, Loop Rotation, pass 1, iteration 1:
 
     2 label *label1
     3 label *label2
     4 jump *label1 equal .display null
-    * label *label4
     5 jump *label1 equal .memory null
     6 label *label3
     7 label *label5
 
    62 op mul *tmp47 :batch 11
    63 label *label23
    64 jump *label25 greaterThanEq :i *tmp46
+   65 label *label130
    66 op add :adam5:index *tmp47 :i
    67 op idiv *tmp50 :adam5:index 16
    68 jump *label30 lessThan *tmp50 0
 
   224 set :compute:i 0
   225 label *label71
   226 jump *label73 greaterThanEq :compute:i 63
+  227 label *label131
   228 set :compute:x1 :compute:zx
   229 op mul *tmp110 :compute:zx :compute:zx
   230 op mul *tmp111 :compute:zy :compute:zy
 
   240 label *label75
   241 label *label72
   242 op add :compute:i :compute:i 1
-    * jump *label71 always
+  243 jump *label131 lessThan :compute:i 63
   244 label *label73
   245 set *tmp92 :compute:i
   246 jump *label61 always
 
   310 label *label93
   311 label *label94
   312 jump *label95 lessThanEq .localBuffer 0
-    * label *label96
   313 wait 0
   314 read *tmp176 .memory 68
   315 jump *label98 equal .stop *tmp176
 
   384 label *label108
   385 label *label24
   386 op add :i :i 1
-    * jump *label23 always
+  387 jump *label130 lessThan :i *tmp46
   388 label *label25
   389 label *label14
   390 jump *label13 always
 
   392 label *label119
   393 label *label120
   394 jump *label121 lessThanEq .localBuffer 0
-    * label *label122
   395 wait 0
   396 read *tmp205 .memory 68
   397 jump *label124 equal .stop *tmp205

Modifications by Iterated phase, Boolean Optimization, pass 1, iteration 1 (-20 instructions):
 
    29 read .PALETTE .memory 75
    30 op greaterThan .SMOOTH .PALETTE 1
    31 read .ALL_PASS_COLORING .memory 76
-    * read *tmp33 .memory 77
-    * jump *label11 equal *tmp33 false
-    * op sub *tmp34 1 .ALL_PASS_COLORING
-    * jump *label12 always
-    * label *label11
-    * set *tmp34 99
-    * label *label12
+   32 read *tmp33 .memory 77
+   33 op sub *tmp212 1 .ALL_PASS_COLORING
+   34 select *tmp34 notEqual *tmp33 false *tmp212 99
    35 label *label13
    36 wait 0
    37 read *tmp37 .memory 68
 
    40 label *label17
    41 label *label18
    42 read :batch .memory 64
-    * jump *label19 lessThan :batch 1408
-    * set *tmp41 1
-    * jump *label20 always
-    * label *label19
-    * set *tmp41 4
-    * label *label20
+   43 select *tmp41 greaterThanEq :batch 1408 1 4
    44 op add *tmp42 :batch *tmp41
    45 write *tmp42 .memory 64
    46 label *label16
 
    65 op mul :adam5:x 4 *tmp52
    66 op idiv *tmp54 :adam5:index 44
    67 op mul :adam5:y 4 *tmp54
-    * jump *label31 equal .ALL_PASS_COLORING false
-    * set *tmp56 4
-    * jump *label32 always
-    * label *label31
-    * set *tmp56 2
-    * label *label32
+   68 select *tmp56 notEqual .ALL_PASS_COLORING false 4 2
    69 set :adam5:dy *tmp56
    70 set :adam5:dx *tmp56
    71 jump *label27 always
 
    81 op add :adam5:x *tmp58 2
    82 op idiv *tmp60 :adam5:index 44
    83 op mul :adam5:y 4 *tmp60
-    * jump *label36 equal .ALL_PASS_COLORING false
-    * set *tmp62 2
-    * jump *label37 always
-    * label *label36
-    * set *tmp62 1
-    * label *label37
+   84 select *tmp62 notEqual .ALL_PASS_COLORING false 2 1
    85 set :adam5:dx *tmp62
-    * jump *label38 equal .ALL_PASS_COLORING false
-    * set *tmp63 4
-    * jump *label39 always
-    * label *label38
-    * set *tmp63 2
-    * label *label39
+   86 select *tmp63 notEqual .ALL_PASS_COLORING false 4 2
    87 set :adam5:dy *tmp63
    88 jump *label27 always
    89 label *label33
 
    98 op idiv *tmp66 :adam5:index 88
    99 op mul *tmp67 4 *tmp66
   100 op add :adam5:y *tmp67 2
-    * jump *label43 equal .ALL_PASS_COLORING false
-    * set *tmp69 2
-    * jump *label44 always
-    * label *label43
-    * set *tmp69 1
-    * label *label44
+  101 select *tmp69 notEqual .ALL_PASS_COLORING false 2 1
   102 set :adam5:dy *tmp69
   103 set :adam5:dx *tmp69
   104 jump *label27 always
 
   115 op idiv *tmp73 :adam5:index 88
   116 op mul :adam5:y 2 *tmp73
   117 set :adam5:dx 1
-    * jump *label48 equal .ALL_PASS_COLORING false
-    * set *tmp75 2
-    * jump *label49 always
-    * label *label48
-    * set *tmp75 1
-    * label *label49
+  118 select *tmp75 notEqual .ALL_PASS_COLORING false 2 1
   119 set :adam5:dy *tmp75
   120 jump *label27 always
   121 label *label45
 
   129 label *label27
   130 label *label26
   131 jump *label50 lessThanEq *tmp41 *tmp34
-    * label *label53
   132 jump *label50 notEqual .localBuffer 0
-    * label *label52
   133 draw col %[white]
   134 draw rect :adam5:x :adam5:y :adam5:dx :adam5:dx
   135 set .lastColor %[white]
 
   142 label *label56
   143 sensor *tmp87 .display @enabled
   144 jump *label57 equal *tmp87 false
-    * label *label60
   145 sensor *tmp88 .display @bufferSize
   146 op sub *tmp89 1024 *tmp88
   147 jump *label57 greaterThanEq 2 *tmp89
-    * label *label59
   148 drawflush .display
   149 set .localBuffer 0
   150 label *label57
 
   281 label *label99
   282 sensor *tmp178 .display @enabled
   283 jump *label100 equal *tmp178 false
-    * label *label103
   284 sensor *tmp179 .display @bufferSize
   285 op sub *tmp180 1024 *tmp179
   286 jump *label100 greaterThanEq .localBuffer *tmp180
-    * label *label102
   287 drawflush .display
   288 set .localBuffer 0
   289 label *label100
 
   297 label *label90
   298 label *label91
   299 jump *label104 lessThanEq .localBuffer 0
-    * label *label107
   300 jump *label104 strictNotEqual :drawPixel:color .lastColor
-    * label *label106
   301 draw rect :adam5:x :adam5:y :adam5:dx :adam5:dy
   302 op add .localBuffer .localBuffer 1
   303 jump *label105 always
 
   323 label *label113
   324 sensor *tmp195 .display @enabled
   325 jump *label114 equal *tmp195 false
-    * label *label117
   326 sensor *tmp196 .display @bufferSize
   327 op sub *tmp197 1024 *tmp196
   328 jump *label114 greaterThanEq .localBuffer *tmp197
-    * label *label116
   329 drawflush .display
   330 set .localBuffer 0
   331 label *label114
 
   357 label *label125
   358 sensor *tmp207 .display @enabled
   359 jump *label126 equal *tmp207 false
-    * label *label129
   360 sensor *tmp208 .display @bufferSize
   361 op sub *tmp209 1024 *tmp208
   362 jump *label126 greaterThanEq .localBuffer *tmp209
-    * label *label128
   363 drawflush .display
   364 set .localBuffer 0
   365 label *label126

Modifications by Fast-dispatch case at mandelbrot-compute.mnd:131:5 (-10 instructions):
 
    56 label *label130
    57 op add :adam5:index *tmp47 :i
    58 op idiv *tmp50 :adam5:index 16
-    * jump *label30 lessThan *tmp50 0
-    * jump *label29 lessThan *tmp50 121
-    * label *label30
-    * jump *label28 always
+   59 multijump *tmp50 0 0 (m:*label133)
+   60 multilabel *label138 (m:*label133)
+   61 label *label132
+   62 op sub :adam5:index :adam5:index 15488
+   63 op mod :adam5:x :adam5:index 176
+   64 op idiv *tmp77 :adam5:index 176
+   65 op mul *tmp78 2 *tmp77
+   66 op add :adam5:y *tmp78 1
+   67 set :adam5:dy 1
+   68 set :adam5:dx 1
+   69 jump *label27 always
+   70 multilabel *label134 (m:*label133)
    71 label *label29
    72 op mod *tmp52 :adam5:index 44
    73 op mul :adam5:x 4 *tmp52
 
    78 set :adam5:dx *tmp56
    79 jump *label27 always
    80 label *label28
-    * jump *label35 lessThan *tmp50 121
-    * jump *label34 lessThan *tmp50 242
-    * label *label35
-    * jump *label33 always
+   81 multilabel *label135 (m:*label133)
    82 label *label34
    83 op sub :adam5:index :adam5:index 1936
    84 op mod *tmp57 :adam5:index 44
 
    92 set :adam5:dy *tmp63
    93 jump *label27 always
    94 label *label33
-    * jump *label42 lessThan *tmp50 242
-    * jump *label41 lessThan *tmp50 484
-    * label *label42
-    * jump *label40 always
+   95 multilabel *label136 (m:*label133)
    96 label *label41
    97 op sub :adam5:index :adam5:index 3872
    98 op mod *tmp64 :adam5:index 88
 
   105 set :adam5:dx *tmp69
   106 jump *label27 always
   107 label *label40
-    * jump *label47 lessThan *tmp50 484
-    * jump *label46 lessThan *tmp50 968
-    * label *label47
-    * jump *label45 always
+  108 jump *label27 always
+  109 multilabel *label137 (m:*label133)
   110 label *label46
   111 op sub :adam5:index :adam5:index 7744
   112 op mod *tmp70 :adam5:index 88
 
   117 set :adam5:dx 1
   118 select *tmp75 notEqual .ALL_PASS_COLORING false 2 1
   119 set :adam5:dy *tmp75
-    * jump *label27 always
-    * label *label45
-    * op sub :adam5:index :adam5:index 15488
-    * op mod :adam5:x :adam5:index 176
-    * op idiv *tmp77 :adam5:index 176
-    * op mul *tmp78 2 *tmp77
-    * op add :adam5:y *tmp78 1
-    * set :adam5:dy 1
-    * set :adam5:dx 1
   120 label *label27
   121 label *label26
   122 jump *label50 lessThanEq *tmp41 *tmp34

Modifications by Iterated phase, Data Flow Optimization, pass 1, iteration 1:
 
    52 set :i 0
    53 op mul *tmp47 :batch 11
    54 label *label23
-    * jump *label25 greaterThanEq :i *tmp46
+   55 jump *label25 greaterThanEq 0 *tmp46
    56 label *label130
    57 op add :adam5:index *tmp47 :i
    58 op idiv *tmp50 :adam5:index 16
 
   176 label *label68
   177 set :compute:i 0
   178 label *label71
-    * jump *label73 greaterThanEq :compute:i 63
+  179 jump *label73 greaterThanEq 0 63
   180 label *label131
   181 set :compute:x1 :compute:zx
   182 op mul *tmp110 :compute:zx :compute:zx

Modifications by Fast-dispatch case at mandelbrot-compute.mnd:223:9 (-2 instructions):
 
   216 jump *label80 always
   217 label *label79
   218 jump *label81 equal .SMOOTH false
-    * jump *label84 notEqual .PALETTE 2
+  219 multijump .PALETTE 0 0 (m:*label140)
+  220 multilabel *label145 (m:*label140)
+  221 multilabel *label141 (m:*label140)
+  222 label *label139
+  223 op div *tmp165 *tmp92 63.75
+  224 op sub :drawPixel:r 1 *tmp165
+  225 packcolor :drawPixel:color :drawPixel:r :drawPixel:r 0 1
+  226 jump *label83 always
+  227 multilabel *label142 (m:*label140)
   228 label *label85
   229 op sub *tmp131 32 *tmp92
   230 op abs *tmp132 *tmp131
 
   239 packcolor :drawPixel:color :drawPixel:r :drawPixel:g :drawPixel:b 1
   240 jump *label83 always
   241 label *label84
-    * jump *label86 notEqual .PALETTE 3
+  242 multilabel *label143 (m:*label140)
   243 label *label87
   244 op div *tmp148 *tmp92 0.175
   245 op sin :drawPixel:r *tmp148
 
   251 packcolor :drawPixel:color :drawPixel:r :drawPixel:g :drawPixel:b 1
   252 jump *label83 always
   253 label *label86
-    * jump *label88 notEqual .PALETTE 4
+  254 multilabel *label144 (m:*label140)
   255 label *label89
   256 op div :drawPixel:r *tmp92 63.75
   257 op div :drawPixel:g *tmp92 170
   258 packcolor :drawPixel:color :drawPixel:r :drawPixel:g 0 1
-    * jump *label83 always
-    * label *label88
-    * op div *tmp165 *tmp92 63.75
-    * op sub :drawPixel:r 1 *tmp165
-    * packcolor :drawPixel:color :drawPixel:r :drawPixel:r 0 1
   259 label *label83
   260 jump *label82 always
   261 label *label81

Modifications by Iterated phase, Jump Normalization, pass 2, iteration 1 (-1 instructions):
 
   176 label *label68
   177 set :compute:i 0
   178 label *label71
-    * jump *label73 greaterThanEq 0 63
   179 label *label131
   180 set :compute:x1 :compute:zx
   181 op mul *tmp110 :compute:zx :compute:zx

Modifications by Iterated phase, Condition Optimization, pass 2, iteration 1 (-2 instructions):
 
    27 read .JULIA_X .memory 73
    28 read .JULIA_Y .memory 74
    29 read .PALETTE .memory 75
-    * op greaterThan .SMOOTH .PALETTE 1
    30 read .ALL_PASS_COLORING .memory 76
    31 read *tmp33 .memory 77
    32 op sub *tmp212 1 .ALL_PASS_COLORING
 
    51 set :i 0
    52 op mul *tmp47 :batch 11
    53 label *label23
-    * jump *label25 greaterThanEq 0 *tmp46
+   54 jump *label25 lessThanEq *tmp41 0
    55 label *label130
    56 op add :adam5:index *tmp47 :i
    57 op idiv *tmp50 :adam5:index 16
 
   133 sensor *tmp87 .display @enabled
   134 jump *label57 equal *tmp87 false
   135 sensor *tmp88 .display @bufferSize
-    * op sub *tmp89 1024 *tmp88
-    * jump *label57 greaterThanEq 2 *tmp89
+  136 jump *label57 greaterThanEq *tmp88 1022
   137 drawflush .display
   138 set .localBuffer 0
   139 label *label57
 
   196 jump *label61 always
   197 label *label69
   198 label *label70
-    * jump *label76 equal .SMOOTH false
+  199 jump *label76 lessThanEq .PALETTE 1
   200 op log *tmp121 :compute:dist
   201 op mul *tmp122 *tmp121 0.36067376022224085
   202 op log *tmp123 *tmp122
 
   212 set :drawPixel:color %[black]
   213 jump *label80 always
   214 label *label79
-    * jump *label81 equal .SMOOTH false
+  215 jump *label81 lessThanEq .PALETTE 1
   216 multijump .PALETTE 0 0 (m:*label140)
   217 multilabel *label145 (m:*label140)
   218 multilabel *label141 (m:*label140)

Modifications by Iterated phase, Single Step Elimination, pass 2, iteration 1 (-5 instructions):
 
   102 select *tmp69 notEqual .ALL_PASS_COLORING false 2 1
   103 set :adam5:dy *tmp69
   104 set :adam5:dx *tmp69
-    * jump *label27 always
   105 label *label40
   106 jump *label27 always
   107 multilabel *label137 (m:*label133)
 
   205 label *label76
   206 label *label77
   207 set *tmp92 :compute:i
-    * jump *label61 always
   208 label *label61
   209 jump *label79 notEqual *tmp92 63
   210 set :drawPixel:color %[black]
 
   278 label *label100
   279 label *label101
   280 set *tmp174 true
-    * jump *label97 always
   281 label *label97
   282 jump *label93 notEqual *tmp174 false
   283 label *label95
 
   319 label *label114
   320 label *label115
   321 set *tmp191 true
-    * jump *label111 always
   322 label *label111
   323 jump *label109 notEqual *tmp191 false
   324 jump *label6 always
 
   352 label *label126
   353 label *label127
   354 set *tmp203 true
-    * jump *label123 always
   355 label *label123
   356 jump *label119 notEqual *tmp203 false
   357 label *label121

Modifications by Iterated phase, Temp Variables Elimination, pass 2, iteration 1 (-3 instructions):
 
    85 op add :adam5:x *tmp58 2
    86 op idiv *tmp60 :adam5:index 44
    87 op mul :adam5:y 4 *tmp60
-    * select *tmp62 notEqual .ALL_PASS_COLORING false 2 1
-    * set :adam5:dx *tmp62
-    * select *tmp63 notEqual .ALL_PASS_COLORING false 4 2
-    * set :adam5:dy *tmp63
+   88 select :adam5:dx notEqual .ALL_PASS_COLORING false 2 1
+   89 select :adam5:dy notEqual .ALL_PASS_COLORING false 4 2
    90 jump *label27 always
    91 label *label33
    92 multilabel *label136 (m:*label133)
 
   111 op idiv *tmp73 :adam5:index 88
   112 op mul :adam5:y 2 *tmp73
   113 set :adam5:dx 1
-    * select *tmp75 notEqual .ALL_PASS_COLORING false 2 1
-    * set :adam5:dy *tmp75
+  114 select :adam5:dy notEqual .ALL_PASS_COLORING false 2 1
   115 label *label27
   116 label *label26
   117 jump *label50 lessThanEq *tmp41 *tmp34

Modifications by Unroll loop at mandelbrot-compute.mnd:193:9 (+743 instructions):
 
   168 label *label67
   169 label *label63
   170 label *label68
-    * set :compute:i 0
-    * label *label71
-    * label *label131
-    * set :compute:x1 :compute:zx
-    * op mul *tmp110 :compute:zx :compute:zx
-    * op mul *tmp111 :compute:zy :compute:zy
-    * op sub *tmp112 *tmp110 *tmp111
-    * op add :compute:zx *tmp112 :compute:cx
-    * op mul *tmp114 2 :compute:x1
-    * op mul *tmp115 *tmp114 :compute:zy
-    * op add :compute:zy *tmp115 :compute:cy
-    * op len :compute:dist :compute:zx :compute:zy
-    * jump *label74 lessThan :compute:dist 64
-    * jump *label70 always
-    * label *label74
-    * label *label75
-    * label *label72
-    * op add :compute:i :compute:i 1
-    * jump *label131 lessThan :compute:i 63
-    * label *label73
+  171 set :compute:i 0
+  172 label *label146
+  173 set :compute:x1 :compute:zx
+  174 op mul *tmp110 :compute:zx :compute:zx
+  175 op mul *tmp111 :compute:zy :compute:zy
+  176 op sub *tmp112 *tmp110 *tmp111
+  177 op add :compute:zx *tmp112 :compute:cx
+  178 op mul *tmp114 2 :compute:x1
+  179 op mul *tmp115 *tmp114 :compute:zy
+  180 op add :compute:zy *tmp115 :compute:cy
+  181 op len :compute:dist :compute:zx :compute:zy
+  182 jump *label147 lessThan :compute:dist 64
+  183 jump *label70 always
+  184 label *label147
+  185 label *label148
+  186 label *label149
+  187 op add :compute:i :compute:i 1
+  188 set :compute:x1 :compute:zx
+  189 op mul *tmp110 :compute:zx :compute:zx
+  190 op mul *tmp111 :compute:zy :compute:zy
+  191 op sub *tmp112 *tmp110 *tmp111
+  192 op add :compute:zx *tmp112 :compute:cx
+  193 op mul *tmp114 2 :compute:x1
+  194 op mul *tmp115 *tmp114 :compute:zy
+  195 op add :compute:zy *tmp115 :compute:cy
+  196 op len :compute:dist :compute:zx :compute:zy
+  197 jump *label150 lessThan :compute:dist 64
+  198 jump *label70 always
+  199 label *label150
+  200 label *label151
+  201 label *label152
+  202 op add :compute:i :compute:i 1
+  203 set :compute:x1 :compute:zx
+  204 op mul *tmp110 :compute:zx :compute:zx
+  205 op mul *tmp111 :compute:zy :compute:zy
+  206 op sub *tmp112 *tmp110 *tmp111
+  207 op add :compute:zx *tmp112 :compute:cx
+  208 op mul *tmp114 2 :compute:x1
+  209 op mul *tmp115 *tmp114 :compute:zy
+  210 op add :compute:zy *tmp115 :compute:cy
+  211 op len :compute:dist :compute:zx :compute:zy
+  212 jump *label153 lessThan :compute:dist 64
+  213 jump *label70 always
+  214 label *label153
+  215 label *label154
+  216 label *label155
+  217 op add :compute:i :compute:i 1
+  218 set :compute:x1 :compute:zx
+  219 op mul *tmp110 :compute:zx :compute:zx
+  220 op mul *tmp111 :compute:zy :compute:zy
+  221 op sub *tmp112 *tmp110 *tmp111
+  222 op add :compute:zx *tmp112 :compute:cx
+  223 op mul *tmp114 2 :compute:x1
+  224 op mul *tmp115 *tmp114 :compute:zy
+  225 op add :compute:zy *tmp115 :compute:cy
+  226 op len :compute:dist :compute:zx :compute:zy
+  227 jump *label156 lessThan :compute:dist 64
+  228 jump *label70 always
+  229 label *label156
+  230 label *label157
+  231 label *label158
+  232 op add :compute:i :compute:i 1
+  233 set :compute:x1 :compute:zx
+  234 op mul *tmp110 :compute:zx :compute:zx
+  235 op mul *tmp111 :compute:zy :compute:zy
+  236 op sub *tmp112 *tmp110 *tmp111
+  237 op add :compute:zx *tmp112 :compute:cx
+  238 op mul *tmp114 2 :compute:x1
+  239 op mul *tmp115 *tmp114 :compute:zy
+  240 op add :compute:zy *tmp115 :compute:cy
+  241 op len :compute:dist :compute:zx :compute:zy
+  242 jump *label159 lessThan :compute:dist 64
+  243 jump *label70 always
+  244 label *label159
+  245 label *label160
+  246 label *label161
+  247 op add :compute:i :compute:i 1
+  248 set :compute:x1 :compute:zx
+  249 op mul *tmp110 :compute:zx :compute:zx
+  250 op mul *tmp111 :compute:zy :compute:zy
+  251 op sub *tmp112 *tmp110 *tmp111
+  252 op add :compute:zx *tmp112 :compute:cx
+  253 op mul *tmp114 2 :compute:x1
+  254 op mul *tmp115 *tmp114 :compute:zy
+  255 op add :compute:zy *tmp115 :compute:cy
+  256 op len :compute:dist :compute:zx :compute:zy
+  257 jump *label162 lessThan :compute:dist 64
+  258 jump *label70 always
+  259 label *label162
+  260 label *label163
+  261 label *label164
+  262 op add :compute:i :compute:i 1
+  263 set :compute:x1 :compute:zx
+  264 op mul *tmp110 :compute:zx :compute:zx
+  265 op mul *tmp111 :compute:zy :compute:zy
+  266 op sub *tmp112 *tmp110 *tmp111
+  267 op add :compute:zx *tmp112 :compute:cx
+  268 op mul *tmp114 2 :compute:x1
+  269 op mul *tmp115 *tmp114 :compute:zy
+  270 op add :compute:zy *tmp115 :compute:cy
+  271 op len :compute:dist :compute:zx :compute:zy
+  272 jump *label165 lessThan :compute:dist 64
+  273 jump *label70 always
+  274 label *label165
+  275 label *label166
+  276 label *label167
+  277 op add :compute:i :compute:i 1
+  278 set :compute:x1 :compute:zx
+  279 op mul *tmp110 :compute:zx :compute:zx
+  280 op mul *tmp111 :compute:zy :compute:zy
+  281 op sub *tmp112 *tmp110 *tmp111
+  282 op add :compute:zx *tmp112 :compute:cx
+  283 op mul *tmp114 2 :compute:x1
+  284 op mul *tmp115 *tmp114 :compute:zy
+  285 op add :compute:zy *tmp115 :compute:cy
+  286 op len :compute:dist :compute:zx :compute:zy
+  287 jump *label168 lessThan :compute:dist 64
+  288 jump *label70 always
+  289 label *label168
+  290 label *label169
+  291 label *label170
+  292 op add :compute:i :compute:i 1
+  293 set :compute:x1 :compute:zx
+  294 op mul *tmp110 :compute:zx :compute:zx
+  295 op mul *tmp111 :compute:zy :compute:zy
+  296 op sub *tmp112 *tmp110 *tmp111
+  297 op add :compute:zx *tmp112 :compute:cx
+  298 op mul *tmp114 2 :compute:x1
+  299 op mul *tmp115 *tmp114 :compute:zy
+  300 op add :compute:zy *tmp115 :compute:cy
+  301 op len :compute:dist :compute:zx :compute:zy
+  302 jump *label171 lessThan :compute:dist 64
+  303 jump *label70 always
+  304 label *label171
+  305 label *label172
+  306 label *label173
+  307 op add :compute:i :compute:i 1
+  308 set :compute:x1 :compute:zx
+  309 op mul *tmp110 :compute:zx :compute:zx
+  310 op mul *tmp111 :compute:zy :compute:zy
+  311 op sub *tmp112 *tmp110 *tmp111
+  312 op add :compute:zx *tmp112 :compute:cx
+  313 op mul *tmp114 2 :compute:x1
+  314 op mul *tmp115 *tmp114 :compute:zy
+  315 op add :compute:zy *tmp115 :compute:cy
+  316 op len :compute:dist :compute:zx :compute:zy
+  317 jump *label174 lessThan :compute:dist 64
+  318 jump *label70 always
+  319 label *label174
+  320 label *label175
+  321 label *label176
+  322 op add :compute:i :compute:i 1
+  323 set :compute:x1 :compute:zx
+  324 op mul *tmp110 :compute:zx :compute:zx
+  325 op mul *tmp111 :compute:zy :compute:zy
+  326 op sub *tmp112 *tmp110 *tmp111
+  327 op add :compute:zx *tmp112 :compute:cx
+  328 op mul *tmp114 2 :compute:x1
+  329 op mul *tmp115 *tmp114 :compute:zy
+  330 op add :compute:zy *tmp115 :compute:cy
+  331 op len :compute:dist :compute:zx :compute:zy
+  332 jump *label177 lessThan :compute:dist 64
+  333 jump *label70 always
+  334 label *label177
+  335 label *label178
+  336 label *label179
+  337 op add :compute:i :compute:i 1
+  338 set :compute:x1 :compute:zx
+  339 op mul *tmp110 :compute:zx :compute:zx
+  340 op mul *tmp111 :compute:zy :compute:zy
+  341 op sub *tmp112 *tmp110 *tmp111
+  342 op add :compute:zx *tmp112 :compute:cx
+  343 op mul *tmp114 2 :compute:x1
+  344 op mul *tmp115 *tmp114 :compute:zy
+  345 op add :compute:zy *tmp115 :compute:cy
+  346 op len :compute:dist :compute:zx :compute:zy
+  347 jump *label180 lessThan :compute:dist 64
+  348 jump *label70 always
+  349 label *label180
+  350 label *label181
+  351 label *label182
+  352 op add :compute:i :compute:i 1
+  353 set :compute:x1 :compute:zx
+  354 op mul *tmp110 :compute:zx :compute:zx
+  355 op mul *tmp111 :compute:zy :compute:zy
+  356 op sub *tmp112 *tmp110 *tmp111
+  357 op add :compute:zx *tmp112 :compute:cx
+  358 op mul *tmp114 2 :compute:x1
+  359 op mul *tmp115 *tmp114 :compute:zy
+  360 op add :compute:zy *tmp115 :compute:cy
+  361 op len :compute:dist :compute:zx :compute:zy
+  362 jump *label183 lessThan :compute:dist 64
+  363 jump *label70 always
+  364 label *label183
+  365 label *label184
+  366 label *label185
+  367 op add :compute:i :compute:i 1
+  368 set :compute:x1 :compute:zx
+  369 op mul *tmp110 :compute:zx :compute:zx
+  370 op mul *tmp111 :compute:zy :compute:zy
+  371 op sub *tmp112 *tmp110 *tmp111
+  372 op add :compute:zx *tmp112 :compute:cx
+  373 op mul *tmp114 2 :compute:x1
+  374 op mul *tmp115 *tmp114 :compute:zy
+  375 op add :compute:zy *tmp115 :compute:cy
+  376 op len :compute:dist :compute:zx :compute:zy
+  377 jump *label186 lessThan :compute:dist 64
+  378 jump *label70 always
+  379 label *label186
+  380 label *label187
+  381 label *label188
+  382 op add :compute:i :compute:i 1
+  383 set :compute:x1 :compute:zx
+  384 op mul *tmp110 :compute:zx :compute:zx
+  385 op mul *tmp111 :compute:zy :compute:zy
+  386 op sub *tmp112 *tmp110 *tmp111
+  387 op add :compute:zx *tmp112 :compute:cx
+  388 op mul *tmp114 2 :compute:x1
+  389 op mul *tmp115 *tmp114 :compute:zy
+  390 op add :compute:zy *tmp115 :compute:cy
+  391 op len :compute:dist :compute:zx :compute:zy
+  392 jump *label189 lessThan :compute:dist 64
+  393 jump *label70 always
+  394 label *label189
+  395 label *label190
+  396 label *label191
+  397 op add :compute:i :compute:i 1
+  398 set :compute:x1 :compute:zx
+  399 op mul *tmp110 :compute:zx :compute:zx
+  400 op mul *tmp111 :compute:zy :compute:zy
+  401 op sub *tmp112 *tmp110 *tmp111
+  402 op add :compute:zx *tmp112 :compute:cx
+  403 op mul *tmp114 2 :compute:x1
+  404 op mul *tmp115 *tmp114 :compute:zy
+  405 op add :compute:zy *tmp115 :compute:cy
+  406 op len :compute:dist :compute:zx :compute:zy
+  407 jump *label192 lessThan :compute:dist 64
+  408 jump *label70 always
+  409 label *label192
+  410 label *label193
+  411 label *label194
+  412 op add :compute:i :compute:i 1
+  413 set :compute:x1 :compute:zx
+  414 op mul *tmp110 :compute:zx :compute:zx
+  415 op mul *tmp111 :compute:zy :compute:zy
+  416 op sub *tmp112 *tmp110 *tmp111
+  417 op add :compute:zx *tmp112 :compute:cx
+  418 op mul *tmp114 2 :compute:x1
+  419 op mul *tmp115 *tmp114 :compute:zy
+  420 op add :compute:zy *tmp115 :compute:cy
+  421 op len :compute:dist :compute:zx :compute:zy
+  422 jump *label195 lessThan :compute:dist 64
+  423 jump *label70 always
+  424 label *label195
+  425 label *label196
+  426 label *label197
+  427 op add :compute:i :compute:i 1
+  428 set :compute:x1 :compute:zx
+  429 op mul *tmp110 :compute:zx :compute:zx
+  430 op mul *tmp111 :compute:zy :compute:zy
+  431 op sub *tmp112 *tmp110 *tmp111
+  432 op add :compute:zx *tmp112 :compute:cx
+  433 op mul *tmp114 2 :compute:x1
+  434 op mul *tmp115 *tmp114 :compute:zy
+  435 op add :compute:zy *tmp115 :compute:cy
+  436 op len :compute:dist :compute:zx :compute:zy
+  437 jump *label198 lessThan :compute:dist 64
+  438 jump *label70 always
+  439 label *label198
+  440 label *label199
+  441 label *label200
+  442 op add :compute:i :compute:i 1
+  443 set :compute:x1 :compute:zx
+  444 op mul *tmp110 :compute:zx :compute:zx
+  445 op mul *tmp111 :compute:zy :compute:zy
+  446 op sub *tmp112 *tmp110 *tmp111
+  447 op add :compute:zx *tmp112 :compute:cx
+  448 op mul *tmp114 2 :compute:x1
+  449 op mul *tmp115 *tmp114 :compute:zy
+  450 op add :compute:zy *tmp115 :compute:cy
+  451 op len :compute:dist :compute:zx :compute:zy
+  452 jump *label201 lessThan :compute:dist 64
+  453 jump *label70 always
+  454 label *label201
+  455 label *label202
+  456 label *label203
+  457 op add :compute:i :compute:i 1
+  458 set :compute:x1 :compute:zx
+  459 op mul *tmp110 :compute:zx :compute:zx
+  460 op mul *tmp111 :compute:zy :compute:zy
+  461 op sub *tmp112 *tmp110 *tmp111
+  462 op add :compute:zx *tmp112 :compute:cx
+  463 op mul *tmp114 2 :compute:x1
+  464 op mul *tmp115 *tmp114 :compute:zy
+  465 op add :compute:zy *tmp115 :compute:cy
+  466 op len :compute:dist :compute:zx :compute:zy
+  467 jump *label204 lessThan :compute:dist 64
+  468 jump *label70 always
+  469 label *label204
+  470 label *label205
+  471 label *label206
+  472 op add :compute:i :compute:i 1
+  473 set :compute:x1 :compute:zx
+  474 op mul *tmp110 :compute:zx :compute:zx
+  475 op mul *tmp111 :compute:zy :compute:zy
+  476 op sub *tmp112 *tmp110 *tmp111
+  477 op add :compute:zx *tmp112 :compute:cx
+  478 op mul *tmp114 2 :compute:x1
+  479 op mul *tmp115 *tmp114 :compute:zy
+  480 op add :compute:zy *tmp115 :compute:cy
+  481 op len :compute:dist :compute:zx :compute:zy
+  482 jump *label207 lessThan :compute:dist 64
+  483 jump *label70 always
+  484 label *label207
+  485 label *label208
+  486 label *label209
+  487 op add :compute:i :compute:i 1
+  488 set :compute:x1 :compute:zx
+  489 op mul *tmp110 :compute:zx :compute:zx
+  490 op mul *tmp111 :compute:zy :compute:zy
+  491 op sub *tmp112 *tmp110 *tmp111
+  492 op add :compute:zx *tmp112 :compute:cx
+  493 op mul *tmp114 2 :compute:x1
+  494 op mul *tmp115 *tmp114 :compute:zy
+  495 op add :compute:zy *tmp115 :compute:cy
+  496 op len :compute:dist :compute:zx :compute:zy
+  497 jump *label210 lessThan :compute:dist 64
+  498 jump *label70 always
+  499 label *label210
+  500 label *label211
+  501 label *label212
+  502 op add :compute:i :compute:i 1
+  503 set :compute:x1 :compute:zx
+  504 op mul *tmp110 :compute:zx :compute:zx
+  505 op mul *tmp111 :compute:zy :compute:zy
+  506 op sub *tmp112 *tmp110 *tmp111
+  507 op add :compute:zx *tmp112 :compute:cx
+  508 op mul *tmp114 2 :compute:x1
+  509 op mul *tmp115 *tmp114 :compute:zy
+  510 op add :compute:zy *tmp115 :compute:cy
+  511 op len :compute:dist :compute:zx :compute:zy
+  512 jump *label213 lessThan :compute:dist 64
+  513 jump *label70 always
+  514 label *label213
+  515 label *label214
+  516 label *label215
+  517 op add :compute:i :compute:i 1
+  518 set :compute:x1 :compute:zx
+  519 op mul *tmp110 :compute:zx :compute:zx
+  520 op mul *tmp111 :compute:zy :compute:zy
+  521 op sub *tmp112 *tmp110 *tmp111
+  522 op add :compute:zx *tmp112 :compute:cx
+  523 op mul *tmp114 2 :compute:x1
+  524 op mul *tmp115 *tmp114 :compute:zy
+  525 op add :compute:zy *tmp115 :compute:cy
+  526 op len :compute:dist :compute:zx :compute:zy
+  527 jump *label216 lessThan :compute:dist 64
+  528 jump *label70 always
+  529 label *label216
+  530 label *label217
+  531 label *label218
+  532 op add :compute:i :compute:i 1
+  533 set :compute:x1 :compute:zx
+  534 op mul *tmp110 :compute:zx :compute:zx
+  535 op mul *tmp111 :compute:zy :compute:zy
+  536 op sub *tmp112 *tmp110 *tmp111
+  537 op add :compute:zx *tmp112 :compute:cx
+  538 op mul *tmp114 2 :compute:x1
+  539 op mul *tmp115 *tmp114 :compute:zy
+  540 op add :compute:zy *tmp115 :compute:cy
+  541 op len :compute:dist :compute:zx :compute:zy
+  542 jump *label219 lessThan :compute:dist 64
+  543 jump *label70 always
+  544 label *label219
+  545 label *label220
+  546 label *label221
+  547 op add :compute:i :compute:i 1
+  548 set :compute:x1 :compute:zx
+  549 op mul *tmp110 :compute:zx :compute:zx
+  550 op mul *tmp111 :compute:zy :compute:zy
+  551 op sub *tmp112 *tmp110 *tmp111
+  552 op add :compute:zx *tmp112 :compute:cx
+  553 op mul *tmp114 2 :compute:x1
+  554 op mul *tmp115 *tmp114 :compute:zy
+  555 op add :compute:zy *tmp115 :compute:cy
+  556 op len :compute:dist :compute:zx :compute:zy
+  557 jump *label222 lessThan :compute:dist 64
+  558 jump *label70 always
+  559 label *label222
+  560 label *label223
+  561 label *label224
+  562 op add :compute:i :compute:i 1
+  563 set :compute:x1 :compute:zx
+  564 op mul *tmp110 :compute:zx :compute:zx
+  565 op mul *tmp111 :compute:zy :compute:zy
+  566 op sub *tmp112 *tmp110 *tmp111
+  567 op add :compute:zx *tmp112 :compute:cx
+  568 op mul *tmp114 2 :compute:x1
+  569 op mul *tmp115 *tmp114 :compute:zy
+  570 op add :compute:zy *tmp115 :compute:cy
+  571 op len :compute:dist :compute:zx :compute:zy
+  572 jump *label225 lessThan :compute:dist 64
+  573 jump *label70 always
+  574 label *label225
+  575 label *label226
+  576 label *label227
+  577 op add :compute:i :compute:i 1
+  578 set :compute:x1 :compute:zx
+  579 op mul *tmp110 :compute:zx :compute:zx
+  580 op mul *tmp111 :compute:zy :compute:zy
+  581 op sub *tmp112 *tmp110 *tmp111
+  582 op add :compute:zx *tmp112 :compute:cx
+  583 op mul *tmp114 2 :compute:x1
+  584 op mul *tmp115 *tmp114 :compute:zy
+  585 op add :compute:zy *tmp115 :compute:cy
+  586 op len :compute:dist :compute:zx :compute:zy
+  587 jump *label228 lessThan :compute:dist 64
+  588 jump *label70 always
+  589 label *label228
+  590 label *label229
+  591 label *label230
+  592 op add :compute:i :compute:i 1
+  593 set :compute:x1 :compute:zx
+  594 op mul *tmp110 :compute:zx :compute:zx
+  595 op mul *tmp111 :compute:zy :compute:zy
+  596 op sub *tmp112 *tmp110 *tmp111
+  597 op add :compute:zx *tmp112 :compute:cx
+  598 op mul *tmp114 2 :compute:x1
+  599 op mul *tmp115 *tmp114 :compute:zy
+  600 op add :compute:zy *tmp115 :compute:cy
+  601 op len :compute:dist :compute:zx :compute:zy
+  602 jump *label231 lessThan :compute:dist 64
+  603 jump *label70 always
+  604 label *label231
+  605 label *label232
+  606 label *label233
+  607 op add :compute:i :compute:i 1
+  608 set :compute:x1 :compute:zx
+  609 op mul *tmp110 :compute:zx :compute:zx
+  610 op mul *tmp111 :compute:zy :compute:zy
+  611 op sub *tmp112 *tmp110 *tmp111
+  612 op add :compute:zx *tmp112 :compute:cx
+  613 op mul *tmp114 2 :compute:x1
+  614 op mul *tmp115 *tmp114 :compute:zy
+  615 op add :compute:zy *tmp115 :compute:cy
+  616 op len :compute:dist :compute:zx :compute:zy
+  617 jump *label234 lessThan :compute:dist 64
+  618 jump *label70 always
+  619 label *label234
+  620 label *label235
+  621 label *label236
+  622 op add :compute:i :compute:i 1
+  623 set :compute:x1 :compute:zx
+  624 op mul *tmp110 :compute:zx :compute:zx
+  625 op mul *tmp111 :compute:zy :compute:zy
+  626 op sub *tmp112 *tmp110 *tmp111
+  627 op add :compute:zx *tmp112 :compute:cx
+  628 op mul *tmp114 2 :compute:x1
+  629 op mul *tmp115 *tmp114 :compute:zy
+  630 op add :compute:zy *tmp115 :compute:cy
+  631 op len :compute:dist :compute:zx :compute:zy
+  632 jump *label237 lessThan :compute:dist 64
+  633 jump *label70 always
+  634 label *label237
+  635 label *label238
+  636 label *label239
+  637 op add :compute:i :compute:i 1
+  638 set :compute:x1 :compute:zx
+  639 op mul *tmp110 :compute:zx :compute:zx
+  640 op mul *tmp111 :compute:zy :compute:zy
+  641 op sub *tmp112 *tmp110 *tmp111
+  642 op add :compute:zx *tmp112 :compute:cx
+  643 op mul *tmp114 2 :compute:x1
+  644 op mul *tmp115 *tmp114 :compute:zy
+  645 op add :compute:zy *tmp115 :compute:cy
+  646 op len :compute:dist :compute:zx :compute:zy
+  647 jump *label240 lessThan :compute:dist 64
+  648 jump *label70 always
+  649 label *label240
+  650 label *label241
+  651 label *label242
+  652 op add :compute:i :compute:i 1
+  653 set :compute:x1 :compute:zx
+  654 op mul *tmp110 :compute:zx :compute:zx
+  655 op mul *tmp111 :compute:zy :compute:zy
+  656 op sub *tmp112 *tmp110 *tmp111
+  657 op add :compute:zx *tmp112 :compute:cx
+  658 op mul *tmp114 2 :compute:x1
+  659 op mul *tmp115 *tmp114 :compute:zy
+  660 op add :compute:zy *tmp115 :compute:cy
+  661 op len :compute:dist :compute:zx :compute:zy
+  662 jump *label243 lessThan :compute:dist 64
+  663 jump *label70 always
+  664 label *label243
+  665 label *label244
+  666 label *label245
+  667 op add :compute:i :compute:i 1
+  668 set :compute:x1 :compute:zx
+  669 op mul *tmp110 :compute:zx :compute:zx
+  670 op mul *tmp111 :compute:zy :compute:zy
+  671 op sub *tmp112 *tmp110 *tmp111
+  672 op add :compute:zx *tmp112 :compute:cx
+  673 op mul *tmp114 2 :compute:x1
+  674 op mul *tmp115 *tmp114 :compute:zy
+  675 op add :compute:zy *tmp115 :compute:cy
+  676 op len :compute:dist :compute:zx :compute:zy
+  677 jump *label246 lessThan :compute:dist 64
+  678 jump *label70 always
+  679 label *label246
+  680 label *label247
+  681 label *label248
+  682 op add :compute:i :compute:i 1
+  683 set :compute:x1 :compute:zx
+  684 op mul *tmp110 :compute:zx :compute:zx
+  685 op mul *tmp111 :compute:zy :compute:zy
+  686 op sub *tmp112 *tmp110 *tmp111
+  687 op add :compute:zx *tmp112 :compute:cx
+  688 op mul *tmp114 2 :compute:x1
+  689 op mul *tmp115 *tmp114 :compute:zy
+  690 op add :compute:zy *tmp115 :compute:cy
+  691 op len :compute:dist :compute:zx :compute:zy
+  692 jump *label249 lessThan :compute:dist 64
+  693 jump *label70 always
+  694 label *label249
+  695 label *label250
+  696 label *label251
+  697 op add :compute:i :compute:i 1
+  698 set :compute:x1 :compute:zx
+  699 op mul *tmp110 :compute:zx :compute:zx
+  700 op mul *tmp111 :compute:zy :compute:zy
+  701 op sub *tmp112 *tmp110 *tmp111
+  702 op add :compute:zx *tmp112 :compute:cx
+  703 op mul *tmp114 2 :compute:x1
+  704 op mul *tmp115 *tmp114 :compute:zy
+  705 op add :compute:zy *tmp115 :compute:cy
+  706 op len :compute:dist :compute:zx :compute:zy
+  707 jump *label252 lessThan :compute:dist 64
+  708 jump *label70 always
+  709 label *label252
+  710 label *label253
+  711 label *label254
+  712 op add :compute:i :compute:i 1
+  713 set :compute:x1 :compute:zx
+  714 op mul *tmp110 :compute:zx :compute:zx
+  715 op mul *tmp111 :compute:zy :compute:zy
+  716 op sub *tmp112 *tmp110 *tmp111
+  717 op add :compute:zx *tmp112 :compute:cx
+  718 op mul *tmp114 2 :compute:x1
+  719 op mul *tmp115 *tmp114 :compute:zy
+  720 op add :compute:zy *tmp115 :compute:cy
+  721 op len :compute:dist :compute:zx :compute:zy
+  722 jump *label255 lessThan :compute:dist 64
+  723 jump *label70 always
+  724 label *label255
+  725 label *label256
+  726 label *label257
+  727 op add :compute:i :compute:i 1
+  728 set :compute:x1 :compute:zx
+  729 op mul *tmp110 :compute:zx :compute:zx
+  730 op mul *tmp111 :compute:zy :compute:zy
+  731 op sub *tmp112 *tmp110 *tmp111
+  732 op add :compute:zx *tmp112 :compute:cx
+  733 op mul *tmp114 2 :compute:x1
+  734 op mul *tmp115 *tmp114 :compute:zy
+  735 op add :compute:zy *tmp115 :compute:cy
+  736 op len :compute:dist :compute:zx :compute:zy
+  737 jump *label258 lessThan :compute:dist 64
+  738 jump *label70 always
+  739 label *label258
+  740 label *label259
+  741 label *label260
+  742 op add :compute:i :compute:i 1
+  743 set :compute:x1 :compute:zx
+  744 op mul *tmp110 :compute:zx :compute:zx
+  745 op mul *tmp111 :compute:zy :compute:zy
+  746 op sub *tmp112 *tmp110 *tmp111
+  747 op add :compute:zx *tmp112 :compute:cx
+  748 op mul *tmp114 2 :compute:x1
+  749 op mul *tmp115 *tmp114 :compute:zy
+  750 op add :compute:zy *tmp115 :compute:cy
+  751 op len :compute:dist :compute:zx :compute:zy
+  752 jump *label261 lessThan :compute:dist 64
+  753 jump *label70 always
+  754 label *label261
+  755 label *label262
+  756 label *label263
+  757 op add :compute:i :compute:i 1
+  758 set :compute:x1 :compute:zx
+  759 op mul *tmp110 :compute:zx :compute:zx
+  760 op mul *tmp111 :compute:zy :compute:zy
+  761 op sub *tmp112 *tmp110 *tmp111
+  762 op add :compute:zx *tmp112 :compute:cx
+  763 op mul *tmp114 2 :compute:x1
+  764 op mul *tmp115 *tmp114 :compute:zy
+  765 op add :compute:zy *tmp115 :compute:cy
+  766 op len :compute:dist :compute:zx :compute:zy
+  767 jump *label264 lessThan :compute:dist 64
+  768 jump *label70 always
+  769 label *label264
+  770 label *label265
+  771 label *label266
+  772 op add :compute:i :compute:i 1
+  773 set :compute:x1 :compute:zx
+  774 op mul *tmp110 :compute:zx :compute:zx
+  775 op mul *tmp111 :compute:zy :compute:zy
+  776 op sub *tmp112 *tmp110 *tmp111
+  777 op add :compute:zx *tmp112 :compute:cx
+  778 op mul *tmp114 2 :compute:x1
+  779 op mul *tmp115 *tmp114 :compute:zy
+  780 op add :compute:zy *tmp115 :compute:cy
+  781 op len :compute:dist :compute:zx :compute:zy
+  782 jump *label267 lessThan :compute:dist 64
+  783 jump *label70 always
+  784 label *label267
+  785 label *label268
+  786 label *label269
+  787 op add :compute:i :compute:i 1
+  788 set :compute:x1 :compute:zx
+  789 op mul *tmp110 :compute:zx :compute:zx
+  790 op mul *tmp111 :compute:zy :compute:zy
+  791 op sub *tmp112 *tmp110 *tmp111
+  792 op add :compute:zx *tmp112 :compute:cx
+  793 op mul *tmp114 2 :compute:x1
+  794 op mul *tmp115 *tmp114 :compute:zy
+  795 op add :compute:zy *tmp115 :compute:cy
+  796 op len :compute:dist :compute:zx :compute:zy
+  797 jump *label270 lessThan :compute:dist 64
+  798 jump *label70 always
+  799 label *label270
+  800 label *label271
+  801 label *label272
+  802 op add :compute:i :compute:i 1
+  803 set :compute:x1 :compute:zx
+  804 op mul *tmp110 :compute:zx :compute:zx
+  805 op mul *tmp111 :compute:zy :compute:zy
+  806 op sub *tmp112 *tmp110 *tmp111
+  807 op add :compute:zx *tmp112 :compute:cx
+  808 op mul *tmp114 2 :compute:x1
+  809 op mul *tmp115 *tmp114 :compute:zy
+  810 op add :compute:zy *tmp115 :compute:cy
+  811 op len :compute:dist :compute:zx :compute:zy
+  812 jump *label273 lessThan :compute:dist 64
+  813 jump *label70 always
+  814 label *label273
+  815 label *label274
+  816 label *label275
+  817 op add :compute:i :compute:i 1
+  818 set :compute:x1 :compute:zx
+  819 op mul *tmp110 :compute:zx :compute:zx
+  820 op mul *tmp111 :compute:zy :compute:zy
+  821 op sub *tmp112 *tmp110 *tmp111
+  822 op add :compute:zx *tmp112 :compute:cx
+  823 op mul *tmp114 2 :compute:x1
+  824 op mul *tmp115 *tmp114 :compute:zy
+  825 op add :compute:zy *tmp115 :compute:cy
+  826 op len :compute:dist :compute:zx :compute:zy
+  827 jump *label276 lessThan :compute:dist 64
+  828 jump *label70 always
+  829 label *label276
+  830 label *label277
+  831 label *label278
+  832 op add :compute:i :compute:i 1
+  833 set :compute:x1 :compute:zx
+  834 op mul *tmp110 :compute:zx :compute:zx
+  835 op mul *tmp111 :compute:zy :compute:zy
+  836 op sub *tmp112 *tmp110 *tmp111
+  837 op add :compute:zx *tmp112 :compute:cx
+  838 op mul *tmp114 2 :compute:x1
+  839 op mul *tmp115 *tmp114 :compute:zy
+  840 op add :compute:zy *tmp115 :compute:cy
+  841 op len :compute:dist :compute:zx :compute:zy
+  842 jump *label279 lessThan :compute:dist 64
+  843 jump *label70 always
+  844 label *label279
+  845 label *label280
+  846 label *label281
+  847 op add :compute:i :compute:i 1
+  848 set :compute:x1 :compute:zx
+  849 op mul *tmp110 :compute:zx :compute:zx
+  850 op mul *tmp111 :compute:zy :compute:zy
+  851 op sub *tmp112 *tmp110 *tmp111
+  852 op add :compute:zx *tmp112 :compute:cx
+  853 op mul *tmp114 2 :compute:x1
+  854 op mul *tmp115 *tmp114 :compute:zy
+  855 op add :compute:zy *tmp115 :compute:cy
+  856 op len :compute:dist :compute:zx :compute:zy
+  857 jump *label282 lessThan :compute:dist 64
+  858 jump *label70 always
+  859 label *label282
+  860 label *label283
+  861 label *label284
+  862 op add :compute:i :compute:i 1
+  863 set :compute:x1 :compute:zx
+  864 op mul *tmp110 :compute:zx :compute:zx
+  865 op mul *tmp111 :compute:zy :compute:zy
+  866 op sub *tmp112 *tmp110 *tmp111
+  867 op add :compute:zx *tmp112 :compute:cx
+  868 op mul *tmp114 2 :compute:x1
+  869 op mul *tmp115 *tmp114 :compute:zy
+  870 op add :compute:zy *tmp115 :compute:cy
+  871 op len :compute:dist :compute:zx :compute:zy
+  872 jump *label285 lessThan :compute:dist 64
+  873 jump *label70 always
+  874 label *label285
+  875 label *label286
+  876 label *label287
+  877 op add :compute:i :compute:i 1
+  878 set :compute:x1 :compute:zx
+  879 op mul *tmp110 :compute:zx :compute:zx
+  880 op mul *tmp111 :compute:zy :compute:zy
+  881 op sub *tmp112 *tmp110 *tmp111
+  882 op add :compute:zx *tmp112 :compute:cx
+  883 op mul *tmp114 2 :compute:x1
+  884 op mul *tmp115 *tmp114 :compute:zy
+  885 op add :compute:zy *tmp115 :compute:cy
+  886 op len :compute:dist :compute:zx :compute:zy
+  887 jump *label288 lessThan :compute:dist 64
+  888 jump *label70 always
+  889 label *label288
+  890 label *label289
+  891 label *label290
+  892 op add :compute:i :compute:i 1
+  893 set :compute:x1 :compute:zx
+  894 op mul *tmp110 :compute:zx :compute:zx
+  895 op mul *tmp111 :compute:zy :compute:zy
+  896 op sub *tmp112 *tmp110 *tmp111
+  897 op add :compute:zx *tmp112 :compute:cx
+  898 op mul *tmp114 2 :compute:x1
+  899 op mul *tmp115 *tmp114 :compute:zy
+  900 op add :compute:zy *tmp115 :compute:cy
+  901 op len :compute:dist :compute:zx :compute:zy
+  902 jump *label291 lessThan :compute:dist 64
+  903 jump *label70 always
+  904 label *label291
+  905 label *label292
+  906 label *label293
+  907 op add :compute:i :compute:i 1
+  908 set :compute:x1 :compute:zx
+  909 op mul *tmp110 :compute:zx :compute:zx
+  910 op mul *tmp111 :compute:zy :compute:zy
+  911 op sub *tmp112 *tmp110 *tmp111
+  912 op add :compute:zx *tmp112 :compute:cx
+  913 op mul *tmp114 2 :compute:x1
+  914 op mul *tmp115 *tmp114 :compute:zy
+  915 op add :compute:zy *tmp115 :compute:cy
+  916 op len :compute:dist :compute:zx :compute:zy
+  917 jump *label294 lessThan :compute:dist 64
+  918 jump *label70 always
+  919 label *label294
+  920 label *label295
+  921 label *label296
+  922 op add :compute:i :compute:i 1
+  923 set :compute:x1 :compute:zx
+  924 op mul *tmp110 :compute:zx :compute:zx
+  925 op mul *tmp111 :compute:zy :compute:zy
+  926 op sub *tmp112 *tmp110 *tmp111
+  927 op add :compute:zx *tmp112 :compute:cx
+  928 op mul *tmp114 2 :compute:x1
+  929 op mul *tmp115 *tmp114 :compute:zy
+  930 op add :compute:zy *tmp115 :compute:cy
+  931 op len :compute:dist :compute:zx :compute:zy
+  932 jump *label297 lessThan :compute:dist 64
+  933 jump *label70 always
+  934 label *label297
+  935 label *label298
+  936 label *label299
+  937 op add :compute:i :compute:i 1
+  938 set :compute:x1 :compute:zx
+  939 op mul *tmp110 :compute:zx :compute:zx
+  940 op mul *tmp111 :compute:zy :compute:zy
+  941 op sub *tmp112 *tmp110 *tmp111
+  942 op add :compute:zx *tmp112 :compute:cx
+  943 op mul *tmp114 2 :compute:x1
+  944 op mul *tmp115 *tmp114 :compute:zy
+  945 op add :compute:zy *tmp115 :compute:cy
+  946 op len :compute:dist :compute:zx :compute:zy
+  947 jump *label300 lessThan :compute:dist 64
+  948 jump *label70 always
+  949 label *label300
+  950 label *label301
+  951 label *label302
+  952 op add :compute:i :compute:i 1
+  953 set :compute:x1 :compute:zx
+  954 op mul *tmp110 :compute:zx :compute:zx
+  955 op mul *tmp111 :compute:zy :compute:zy
+  956 op sub *tmp112 *tmp110 *tmp111
+  957 op add :compute:zx *tmp112 :compute:cx
+  958 op mul *tmp114 2 :compute:x1
+  959 op mul *tmp115 *tmp114 :compute:zy
+  960 op add :compute:zy *tmp115 :compute:cy
+  961 op len :compute:dist :compute:zx :compute:zy
+  962 jump *label303 lessThan :compute:dist 64
+  963 jump *label70 always
+  964 label *label303
+  965 label *label304
+  966 label *label305
+  967 op add :compute:i :compute:i 1
+  968 set :compute:x1 :compute:zx
+  969 op mul *tmp110 :compute:zx :compute:zx
+  970 op mul *tmp111 :compute:zy :compute:zy
+  971 op sub *tmp112 *tmp110 *tmp111
+  972 op add :compute:zx *tmp112 :compute:cx
+  973 op mul *tmp114 2 :compute:x1
+  974 op mul *tmp115 *tmp114 :compute:zy
+  975 op add :compute:zy *tmp115 :compute:cy
+  976 op len :compute:dist :compute:zx :compute:zy
+  977 jump *label306 lessThan :compute:dist 64
+  978 jump *label70 always
+  979 label *label306
+  980 label *label307
+  981 label *label308
+  982 op add :compute:i :compute:i 1
+  983 set :compute:x1 :compute:zx
+  984 op mul *tmp110 :compute:zx :compute:zx
+  985 op mul *tmp111 :compute:zy :compute:zy
+  986 op sub *tmp112 *tmp110 *tmp111
+  987 op add :compute:zx *tmp112 :compute:cx
+  988 op mul *tmp114 2 :compute:x1
+  989 op mul *tmp115 *tmp114 :compute:zy
+  990 op add :compute:zy *tmp115 :compute:cy
+  991 op len :compute:dist :compute:zx :compute:zy
+  992 jump *label309 lessThan :compute:dist 64
+  993 jump *label70 always
+  994 label *label309
+  995 label *label310
+  996 label *label311
+  997 op add :compute:i :compute:i 1
+  998 set :compute:x1 :compute:zx
+  999 op mul *tmp110 :compute:zx :compute:zx
+ 1000 op mul *tmp111 :compute:zy :compute:zy
+ 1001 op sub *tmp112 *tmp110 *tmp111
+ 1002 op add :compute:zx *tmp112 :compute:cx
+ 1003 op mul *tmp114 2 :compute:x1
+ 1004 op mul *tmp115 *tmp114 :compute:zy
+ 1005 op add :compute:zy *tmp115 :compute:cy
+ 1006 op len :compute:dist :compute:zx :compute:zy
+ 1007 jump *label312 lessThan :compute:dist 64
+ 1008 jump *label70 always
+ 1009 label *label312
+ 1010 label *label313
+ 1011 label *label314
+ 1012 op add :compute:i :compute:i 1
+ 1013 set :compute:x1 :compute:zx
+ 1014 op mul *tmp110 :compute:zx :compute:zx
+ 1015 op mul *tmp111 :compute:zy :compute:zy
+ 1016 op sub *tmp112 *tmp110 *tmp111
+ 1017 op add :compute:zx *tmp112 :compute:cx
+ 1018 op mul *tmp114 2 :compute:x1
+ 1019 op mul *tmp115 *tmp114 :compute:zy
+ 1020 op add :compute:zy *tmp115 :compute:cy
+ 1021 op len :compute:dist :compute:zx :compute:zy
+ 1022 jump *label315 lessThan :compute:dist 64
+ 1023 jump *label70 always
+ 1024 label *label315
+ 1025 label *label316
+ 1026 label *label317
+ 1027 op add :compute:i :compute:i 1
+ 1028 set :compute:x1 :compute:zx
+ 1029 op mul *tmp110 :compute:zx :compute:zx
+ 1030 op mul *tmp111 :compute:zy :compute:zy
+ 1031 op sub *tmp112 *tmp110 *tmp111
+ 1032 op add :compute:zx *tmp112 :compute:cx
+ 1033 op mul *tmp114 2 :compute:x1
+ 1034 op mul *tmp115 *tmp114 :compute:zy
+ 1035 op add :compute:zy *tmp115 :compute:cy
+ 1036 op len :compute:dist :compute:zx :compute:zy
+ 1037 jump *label318 lessThan :compute:dist 64
+ 1038 jump *label70 always
+ 1039 label *label318
+ 1040 label *label319
+ 1041 label *label320
+ 1042 op add :compute:i :compute:i 1
+ 1043 set :compute:x1 :compute:zx
+ 1044 op mul *tmp110 :compute:zx :compute:zx
+ 1045 op mul *tmp111 :compute:zy :compute:zy
+ 1046 op sub *tmp112 *tmp110 *tmp111
+ 1047 op add :compute:zx *tmp112 :compute:cx
+ 1048 op mul *tmp114 2 :compute:x1
+ 1049 op mul *tmp115 *tmp114 :compute:zy
+ 1050 op add :compute:zy *tmp115 :compute:cy
+ 1051 op len :compute:dist :compute:zx :compute:zy
+ 1052 jump *label321 lessThan :compute:dist 64
+ 1053 jump *label70 always
+ 1054 label *label321
+ 1055 label *label322
+ 1056 label *label323
+ 1057 op add :compute:i :compute:i 1
+ 1058 set :compute:x1 :compute:zx
+ 1059 op mul *tmp110 :compute:zx :compute:zx
+ 1060 op mul *tmp111 :compute:zy :compute:zy
+ 1061 op sub *tmp112 *tmp110 *tmp111
+ 1062 op add :compute:zx *tmp112 :compute:cx
+ 1063 op mul *tmp114 2 :compute:x1
+ 1064 op mul *tmp115 *tmp114 :compute:zy
+ 1065 op add :compute:zy *tmp115 :compute:cy
+ 1066 op len :compute:dist :compute:zx :compute:zy
+ 1067 jump *label324 lessThan :compute:dist 64
+ 1068 jump *label70 always
+ 1069 label *label324
+ 1070 label *label325
+ 1071 label *label326
+ 1072 op add :compute:i :compute:i 1
+ 1073 set :compute:x1 :compute:zx
+ 1074 op mul *tmp110 :compute:zx :compute:zx
+ 1075 op mul *tmp111 :compute:zy :compute:zy
+ 1076 op sub *tmp112 *tmp110 *tmp111
+ 1077 op add :compute:zx *tmp112 :compute:cx
+ 1078 op mul *tmp114 2 :compute:x1
+ 1079 op mul *tmp115 *tmp114 :compute:zy
+ 1080 op add :compute:zy *tmp115 :compute:cy
+ 1081 op len :compute:dist :compute:zx :compute:zy
+ 1082 jump *label327 lessThan :compute:dist 64
+ 1083 jump *label70 always
+ 1084 label *label327
+ 1085 label *label328
+ 1086 label *label329
+ 1087 op add :compute:i :compute:i 1
+ 1088 set :compute:x1 :compute:zx
+ 1089 op mul *tmp110 :compute:zx :compute:zx
+ 1090 op mul *tmp111 :compute:zy :compute:zy
+ 1091 op sub *tmp112 *tmp110 *tmp111
+ 1092 op add :compute:zx *tmp112 :compute:cx
+ 1093 op mul *tmp114 2 :compute:x1
+ 1094 op mul *tmp115 *tmp114 :compute:zy
+ 1095 op add :compute:zy *tmp115 :compute:cy
+ 1096 op len :compute:dist :compute:zx :compute:zy
+ 1097 jump *label330 lessThan :compute:dist 64
+ 1098 jump *label70 always
+ 1099 label *label330
+ 1100 label *label331
+ 1101 label *label332
+ 1102 op add :compute:i :compute:i 1
+ 1103 set :compute:x1 :compute:zx
+ 1104 op mul *tmp110 :compute:zx :compute:zx
+ 1105 op mul *tmp111 :compute:zy :compute:zy
+ 1106 op sub *tmp112 *tmp110 *tmp111
+ 1107 op add :compute:zx *tmp112 :compute:cx
+ 1108 op mul *tmp114 2 :compute:x1
+ 1109 op mul *tmp115 *tmp114 :compute:zy
+ 1110 op add :compute:zy *tmp115 :compute:cy
+ 1111 op len :compute:dist :compute:zx :compute:zy
+ 1112 jump *label333 lessThan :compute:dist 64
+ 1113 jump *label70 always
+ 1114 label *label333
+ 1115 label *label334
+ 1116 label *label335
+ 1117 op add :compute:i :compute:i 1
+ 1118 label *label73
  1119 set *tmp92 :compute:i
  1120 jump *label61 always
  1121 label *label69

Modifications by Iterated phase, Data Flow Optimization, pass 2, iteration 1:
 
   184 label *label147
   185 label *label148
   186 label *label149
-    * op add :compute:i :compute:i 1
+  187 op add :compute:i 0 1
   188 set :compute:x1 :compute:zx
   189 op mul *tmp110 :compute:zx :compute:zx
   190 op mul *tmp111 :compute:zy :compute:zy
 
   199 label *label150
   200 label *label151
   201 label *label152
-    * op add :compute:i :compute:i 1
+  202 op add :compute:i 1 1
   203 set :compute:x1 :compute:zx
   204 op mul *tmp110 :compute:zx :compute:zx
   205 op mul *tmp111 :compute:zy :compute:zy
 
   214 label *label153
   215 label *label154
   216 label *label155
-    * op add :compute:i :compute:i 1
+  217 op add :compute:i 2 1
   218 set :compute:x1 :compute:zx
   219 op mul *tmp110 :compute:zx :compute:zx
   220 op mul *tmp111 :compute:zy :compute:zy
 
   229 label *label156
   230 label *label157
   231 label *label158
-    * op add :compute:i :compute:i 1
+  232 op add :compute:i 3 1
   233 set :compute:x1 :compute:zx
   234 op mul *tmp110 :compute:zx :compute:zx
   235 op mul *tmp111 :compute:zy :compute:zy
 
   244 label *label159
   245 label *label160
   246 label *label161
-    * op add :compute:i :compute:i 1
+  247 op add :compute:i 4 1
   248 set :compute:x1 :compute:zx
   249 op mul *tmp110 :compute:zx :compute:zx
   250 op mul *tmp111 :compute:zy :compute:zy
 
   259 label *label162
   260 label *label163
   261 label *label164
-    * op add :compute:i :compute:i 1
+  262 op add :compute:i 5 1
   263 set :compute:x1 :compute:zx
   264 op mul *tmp110 :compute:zx :compute:zx
   265 op mul *tmp111 :compute:zy :compute:zy
 
   274 label *label165
   275 label *label166
   276 label *label167
-    * op add :compute:i :compute:i 1
+  277 op add :compute:i 6 1
   278 set :compute:x1 :compute:zx
   279 op mul *tmp110 :compute:zx :compute:zx
   280 op mul *tmp111 :compute:zy :compute:zy
 
   289 label *label168
   290 label *label169
   291 label *label170
-    * op add :compute:i :compute:i 1
+  292 op add :compute:i 7 1
   293 set :compute:x1 :compute:zx
   294 op mul *tmp110 :compute:zx :compute:zx
   295 op mul *tmp111 :compute:zy :compute:zy
 
   304 label *label171
   305 label *label172
   306 label *label173
-    * op add :compute:i :compute:i 1
+  307 op add :compute:i 8 1
   308 set :compute:x1 :compute:zx
   309 op mul *tmp110 :compute:zx :compute:zx
   310 op mul *tmp111 :compute:zy :compute:zy
 
   319 label *label174
   320 label *label175
   321 label *label176
-    * op add :compute:i :compute:i 1
+  322 op add :compute:i 9 1
   323 set :compute:x1 :compute:zx
   324 op mul *tmp110 :compute:zx :compute:zx
   325 op mul *tmp111 :compute:zy :compute:zy
 
   334 label *label177
   335 label *label178
   336 label *label179
-    * op add :compute:i :compute:i 1
+  337 op add :compute:i 10 1
   338 set :compute:x1 :compute:zx
   339 op mul *tmp110 :compute:zx :compute:zx
   340 op mul *tmp111 :compute:zy :compute:zy
 
   349 label *label180
   350 label *label181
   351 label *label182
-    * op add :compute:i :compute:i 1
+  352 op add :compute:i 11 1
   353 set :compute:x1 :compute:zx
   354 op mul *tmp110 :compute:zx :compute:zx
   355 op mul *tmp111 :compute:zy :compute:zy
 
   364 label *label183
   365 label *label184
   366 label *label185
-    * op add :compute:i :compute:i 1
+  367 op add :compute:i 12 1
   368 set :compute:x1 :compute:zx
   369 op mul *tmp110 :compute:zx :compute:zx
   370 op mul *tmp111 :compute:zy :compute:zy
 
   379 label *label186
   380 label *label187
   381 label *label188
-    * op add :compute:i :compute:i 1
+  382 op add :compute:i 13 1
   383 set :compute:x1 :compute:zx
   384 op mul *tmp110 :compute:zx :compute:zx
   385 op mul *tmp111 :compute:zy :compute:zy
 
   394 label *label189
   395 label *label190
   396 label *label191
-    * op add :compute:i :compute:i 1
+  397 op add :compute:i 14 1
   398 set :compute:x1 :compute:zx
   399 op mul *tmp110 :compute:zx :compute:zx
   400 op mul *tmp111 :compute:zy :compute:zy
 
   409 label *label192
   410 label *label193
   411 label *label194
-    * op add :compute:i :compute:i 1
+  412 op add :compute:i 15 1
   413 set :compute:x1 :compute:zx
   414 op mul *tmp110 :compute:zx :compute:zx
   415 op mul *tmp111 :compute:zy :compute:zy
 
   424 label *label195
   425 label *label196
   426 label *label197
-    * op add :compute:i :compute:i 1
+  427 op add :compute:i 16 1
   428 set :compute:x1 :compute:zx
   429 op mul *tmp110 :compute:zx :compute:zx
   430 op mul *tmp111 :compute:zy :compute:zy
 
   439 label *label198
   440 label *label199
   441 label *label200
-    * op add :compute:i :compute:i 1
+  442 op add :compute:i 17 1
   443 set :compute:x1 :compute:zx
   444 op mul *tmp110 :compute:zx :compute:zx
   445 op mul *tmp111 :compute:zy :compute:zy
 
   454 label *label201
   455 label *label202
   456 label *label203
-    * op add :compute:i :compute:i 1
+  457 op add :compute:i 18 1
   458 set :compute:x1 :compute:zx
   459 op mul *tmp110 :compute:zx :compute:zx
   460 op mul *tmp111 :compute:zy :compute:zy
 
   469 label *label204
   470 label *label205
   471 label *label206
-    * op add :compute:i :compute:i 1
+  472 op add :compute:i 19 1
   473 set :compute:x1 :compute:zx
   474 op mul *tmp110 :compute:zx :compute:zx
   475 op mul *tmp111 :compute:zy :compute:zy
 
   484 label *label207
   485 label *label208
   486 label *label209
-    * op add :compute:i :compute:i 1
+  487 op add :compute:i 20 1
   488 set :compute:x1 :compute:zx
   489 op mul *tmp110 :compute:zx :compute:zx
   490 op mul *tmp111 :compute:zy :compute:zy
 
   499 label *label210
   500 label *label211
   501 label *label212
-    * op add :compute:i :compute:i 1
+  502 op add :compute:i 21 1
   503 set :compute:x1 :compute:zx
   504 op mul *tmp110 :compute:zx :compute:zx
   505 op mul *tmp111 :compute:zy :compute:zy
 
   514 label *label213
   515 label *label214
   516 label *label215
-    * op add :compute:i :compute:i 1
+  517 op add :compute:i 22 1
   518 set :compute:x1 :compute:zx
   519 op mul *tmp110 :compute:zx :compute:zx
   520 op mul *tmp111 :compute:zy :compute:zy
 
   529 label *label216
   530 label *label217
   531 label *label218
-    * op add :compute:i :compute:i 1
+  532 op add :compute:i 23 1
   533 set :compute:x1 :compute:zx
   534 op mul *tmp110 :compute:zx :compute:zx
   535 op mul *tmp111 :compute:zy :compute:zy
 
   544 label *label219
   545 label *label220
   546 label *label221
-    * op add :compute:i :compute:i 1
+  547 op add :compute:i 24 1
   548 set :compute:x1 :compute:zx
   549 op mul *tmp110 :compute:zx :compute:zx
   550 op mul *tmp111 :compute:zy :compute:zy
 
   559 label *label222
   560 label *label223
   561 label *label224
-    * op add :compute:i :compute:i 1
+  562 op add :compute:i 25 1
   563 set :compute:x1 :compute:zx
   564 op mul *tmp110 :compute:zx :compute:zx
   565 op mul *tmp111 :compute:zy :compute:zy
 
   574 label *label225
   575 label *label226
   576 label *label227
-    * op add :compute:i :compute:i 1
+  577 op add :compute:i 26 1
   578 set :compute:x1 :compute:zx
   579 op mul *tmp110 :compute:zx :compute:zx
   580 op mul *tmp111 :compute:zy :compute:zy
 
   589 label *label228
   590 label *label229
   591 label *label230
-    * op add :compute:i :compute:i 1
+  592 op add :compute:i 27 1
   593 set :compute:x1 :compute:zx
   594 op mul *tmp110 :compute:zx :compute:zx
   595 op mul *tmp111 :compute:zy :compute:zy
 
   604 label *label231
   605 label *label232
   606 label *label233
-    * op add :compute:i :compute:i 1
+  607 op add :compute:i 28 1
   608 set :compute:x1 :compute:zx
   609 op mul *tmp110 :compute:zx :compute:zx
   610 op mul *tmp111 :compute:zy :compute:zy
 
   619 label *label234
   620 label *label235
   621 label *label236
-    * op add :compute:i :compute:i 1
+  622 op add :compute:i 29 1
   623 set :compute:x1 :compute:zx
   624 op mul *tmp110 :compute:zx :compute:zx
   625 op mul *tmp111 :compute:zy :compute:zy
 
   634 label *label237
   635 label *label238
   636 label *label239
-    * op add :compute:i :compute:i 1
+  637 op add :compute:i 30 1
   638 set :compute:x1 :compute:zx
   639 op mul *tmp110 :compute:zx :compute:zx
   640 op mul *tmp111 :compute:zy :compute:zy
 
   649 label *label240
   650 label *label241
   651 label *label242
-    * op add :compute:i :compute:i 1
+  652 op add :compute:i 31 1
   653 set :compute:x1 :compute:zx
   654 op mul *tmp110 :compute:zx :compute:zx
   655 op mul *tmp111 :compute:zy :compute:zy
 
   664 label *label243
   665 label *label244
   666 label *label245
-    * op add :compute:i :compute:i 1
+  667 op add :compute:i 32 1
   668 set :compute:x1 :compute:zx
   669 op mul *tmp110 :compute:zx :compute:zx
   670 op mul *tmp111 :compute:zy :compute:zy
 
   679 label *label246
   680 label *label247
   681 label *label248
-    * op add :compute:i :compute:i 1
+  682 op add :compute:i 33 1
   683 set :compute:x1 :compute:zx
   684 op mul *tmp110 :compute:zx :compute:zx
   685 op mul *tmp111 :compute:zy :compute:zy
 
   694 label *label249
   695 label *label250
   696 label *label251
-    * op add :compute:i :compute:i 1
+  697 op add :compute:i 34 1
   698 set :compute:x1 :compute:zx
   699 op mul *tmp110 :compute:zx :compute:zx
   700 op mul *tmp111 :compute:zy :compute:zy
 
   709 label *label252
   710 label *label253
   711 label *label254
-    * op add :compute:i :compute:i 1
+  712 op add :compute:i 35 1
   713 set :compute:x1 :compute:zx
   714 op mul *tmp110 :compute:zx :compute:zx
   715 op mul *tmp111 :compute:zy :compute:zy
 
   724 label *label255
   725 label *label256
   726 label *label257
-    * op add :compute:i :compute:i 1
+  727 op add :compute:i 36 1
   728 set :compute:x1 :compute:zx
   729 op mul *tmp110 :compute:zx :compute:zx
   730 op mul *tmp111 :compute:zy :compute:zy
 
   739 label *label258
   740 label *label259
   741 label *label260
-    * op add :compute:i :compute:i 1
+  742 op add :compute:i 37 1
   743 set :compute:x1 :compute:zx
   744 op mul *tmp110 :compute:zx :compute:zx
   745 op mul *tmp111 :compute:zy :compute:zy
 
   754 label *label261
   755 label *label262
   756 label *label263
-    * op add :compute:i :compute:i 1
+  757 op add :compute:i 38 1
   758 set :compute:x1 :compute:zx
   759 op mul *tmp110 :compute:zx :compute:zx
   760 op mul *tmp111 :compute:zy :compute:zy
 
   769 label *label264
   770 label *label265
   771 label *label266
-    * op add :compute:i :compute:i 1
+  772 op add :compute:i 39 1
   773 set :compute:x1 :compute:zx
   774 op mul *tmp110 :compute:zx :compute:zx
   775 op mul *tmp111 :compute:zy :compute:zy
 
   784 label *label267
   785 label *label268
   786 label *label269
-    * op add :compute:i :compute:i 1
+  787 op add :compute:i 40 1
   788 set :compute:x1 :compute:zx
   789 op mul *tmp110 :compute:zx :compute:zx
   790 op mul *tmp111 :compute:zy :compute:zy
 
   799 label *label270
   800 label *label271
   801 label *label272
-    * op add :compute:i :compute:i 1
+  802 op add :compute:i 41 1
   803 set :compute:x1 :compute:zx
   804 op mul *tmp110 :compute:zx :compute:zx
   805 op mul *tmp111 :compute:zy :compute:zy
 
   814 label *label273
   815 label *label274
   816 label *label275
-    * op add :compute:i :compute:i 1
+  817 op add :compute:i 42 1
   818 set :compute:x1 :compute:zx
   819 op mul *tmp110 :compute:zx :compute:zx
   820 op mul *tmp111 :compute:zy :compute:zy
 
   829 label *label276
   830 label *label277
   831 label *label278
-    * op add :compute:i :compute:i 1
+  832 op add :compute:i 43 1
   833 set :compute:x1 :compute:zx
   834 op mul *tmp110 :compute:zx :compute:zx
   835 op mul *tmp111 :compute:zy :compute:zy
 
   844 label *label279
   845 label *label280
   846 label *label281
-    * op add :compute:i :compute:i 1
+  847 op add :compute:i 44 1
   848 set :compute:x1 :compute:zx
   849 op mul *tmp110 :compute:zx :compute:zx
   850 op mul *tmp111 :compute:zy :compute:zy
 
   859 label *label282
   860 label *label283
   861 label *label284
-    * op add :compute:i :compute:i 1
+  862 op add :compute:i 45 1
   863 set :compute:x1 :compute:zx
   864 op mul *tmp110 :compute:zx :compute:zx
   865 op mul *tmp111 :compute:zy :compute:zy
 
   874 label *label285
   875 label *label286
   876 label *label287
-    * op add :compute:i :compute:i 1
+  877 op add :compute:i 46 1
   878 set :compute:x1 :compute:zx
   879 op mul *tmp110 :compute:zx :compute:zx
   880 op mul *tmp111 :compute:zy :compute:zy
 
   889 label *label288
   890 label *label289
   891 label *label290
-    * op add :compute:i :compute:i 1
+  892 op add :compute:i 47 1
   893 set :compute:x1 :compute:zx
   894 op mul *tmp110 :compute:zx :compute:zx
   895 op mul *tmp111 :compute:zy :compute:zy
 
   904 label *label291
   905 label *label292
   906 label *label293
-    * op add :compute:i :compute:i 1
+  907 op add :compute:i 48 1
   908 set :compute:x1 :compute:zx
   909 op mul *tmp110 :compute:zx :compute:zx
   910 op mul *tmp111 :compute:zy :compute:zy
 
   919 label *label294
   920 label *label295
   921 label *label296
-    * op add :compute:i :compute:i 1
+  922 op add :compute:i 49 1
   923 set :compute:x1 :compute:zx
   924 op mul *tmp110 :compute:zx :compute:zx
   925 op mul *tmp111 :compute:zy :compute:zy
 
   934 label *label297
   935 label *label298
   936 label *label299
-    * op add :compute:i :compute:i 1
+  937 op add :compute:i 50 1
   938 set :compute:x1 :compute:zx
   939 op mul *tmp110 :compute:zx :compute:zx
   940 op mul *tmp111 :compute:zy :compute:zy
 
   949 label *label300
   950 label *label301
   951 label *label302
-    * op add :compute:i :compute:i 1
+  952 op add :compute:i 51 1
   953 set :compute:x1 :compute:zx
   954 op mul *tmp110 :compute:zx :compute:zx
   955 op mul *tmp111 :compute:zy :compute:zy
 
   964 label *label303
   965 label *label304
   966 label *label305
-    * op add :compute:i :compute:i 1
+  967 op add :compute:i 52 1
   968 set :compute:x1 :compute:zx
   969 op mul *tmp110 :compute:zx :compute:zx
   970 op mul *tmp111 :compute:zy :compute:zy
 
   979 label *label306
   980 label *label307
   981 label *label308
-    * op add :compute:i :compute:i 1
+  982 op add :compute:i 53 1
   983 set :compute:x1 :compute:zx
   984 op mul *tmp110 :compute:zx :compute:zx
   985 op mul *tmp111 :compute:zy :compute:zy
 
   994 label *label309
   995 label *label310
   996 label *label311
-    * op add :compute:i :compute:i 1
+  997 op add :compute:i 54 1
   998 set :compute:x1 :compute:zx
   999 op mul *tmp110 :compute:zx :compute:zx
  1000 op mul *tmp111 :compute:zy :compute:zy
 
  1009 label *label312
  1010 label *label313
  1011 label *label314
-    * op add :compute:i :compute:i 1
+ 1012 op add :compute:i 55 1
  1013 set :compute:x1 :compute:zx
  1014 op mul *tmp110 :compute:zx :compute:zx
  1015 op mul *tmp111 :compute:zy :compute:zy
 
  1024 label *label315
  1025 label *label316
  1026 label *label317
-    * op add :compute:i :compute:i 1
+ 1027 op add :compute:i 56 1
  1028 set :compute:x1 :compute:zx
  1029 op mul *tmp110 :compute:zx :compute:zx
  1030 op mul *tmp111 :compute:zy :compute:zy
 
  1039 label *label318
  1040 label *label319
  1041 label *label320
-    * op add :compute:i :compute:i 1
+ 1042 op add :compute:i 57 1
  1043 set :compute:x1 :compute:zx
  1044 op mul *tmp110 :compute:zx :compute:zx
  1045 op mul *tmp111 :compute:zy :compute:zy
 
  1054 label *label321
  1055 label *label322
  1056 label *label323
-    * op add :compute:i :compute:i 1
+ 1057 op add :compute:i 58 1
  1058 set :compute:x1 :compute:zx
  1059 op mul *tmp110 :compute:zx :compute:zx
  1060 op mul *tmp111 :compute:zy :compute:zy
 
  1069 label *label324
  1070 label *label325
  1071 label *label326
-    * op add :compute:i :compute:i 1
+ 1072 op add :compute:i 59 1
  1073 set :compute:x1 :compute:zx
  1074 op mul *tmp110 :compute:zx :compute:zx
  1075 op mul *tmp111 :compute:zy :compute:zy
 
  1084 label *label327
  1085 label *label328
  1086 label *label329
-    * op add :compute:i :compute:i 1
+ 1087 op add :compute:i 60 1
  1088 set :compute:x1 :compute:zx
  1089 op mul *tmp110 :compute:zx :compute:zx
  1090 op mul *tmp111 :compute:zy :compute:zy
 
  1099 label *label330
  1100 label *label331
  1101 label *label332
-    * op add :compute:i :compute:i 1
+ 1102 op add :compute:i 61 1
  1103 set :compute:x1 :compute:zx
  1104 op mul *tmp110 :compute:zx :compute:zx
  1105 op mul *tmp111 :compute:zy :compute:zy
 
  1114 label *label333
  1115 label *label334
  1116 label *label335
-    * op add :compute:i :compute:i 1
+ 1117 op add :compute:i 62 1
  1118 label *label73
-    * set *tmp92 :compute:i
+ 1119 set *tmp92 63
  1120 jump *label61 always
  1121 label *label69
  1122 label *label70

Modifications by Iterated phase, Expression Optimization, pass 3, iteration 1:
 
   184 label *label147
   185 label *label148
   186 label *label149
-    * op add :compute:i 0 1
+  187 set :compute:i 1
   188 set :compute:x1 :compute:zx
   189 op mul *tmp110 :compute:zx :compute:zx
   190 op mul *tmp111 :compute:zy :compute:zy

Modifications by Iterated phase, Loop Hoisting, pass 3, iteration 1:
 
   167 label *label66
   168 label *label67
   169 label *label63
+  170 set *tmp92 63
   171 label *label68
   172 set :compute:i 0
   173 label *label146
 
  1117 label *label335
  1118 op add :compute:i 62 1
  1119 label *label73
-    * set *tmp92 63
  1120 jump *label61 always
  1121 label *label69
  1122 label *label70

Modifications by Jumps phase, Unreachable Code Elimination, pass 5, iteration 1 (-1 instructions):
     0 set *id "id: Computing\nname: Mandelbrot Mania!\nversion: v3.0"
     1 set .start 0
     2 label *label1
-    * label *label2
     3 jump *label1 equal .display null
     4 jump *label1 equal .memory null
-    * label *label3
     5 label *label5
     6 label *label8
     7 wait 0
-    * label *label9
     8 read *tmp17 .memory 67
     9 jump *label8 equal .start *tmp17
-    * label *label10
    10 read .start .memory 67
    11 read .stop .memory 68
    12 set .lastColor -1
 
    33 jump *label17 equal .stop *tmp37
    34 jump *label6 always
    35 label *label17
-    * label *label18
    36 read :batch .memory 64
    37 select *tmp41 greaterThanEq :batch 1408 1 4
    38 op add *tmp42 :batch *tmp41
    39 write *tmp42 .memory 64
-    * label *label16
    40 jump *label21 lessThan :batch 2816
    41 jump *label15 always
    42 label *label21
-    * label *label22
    43 op mul *tmp46 11 *tmp41
    44 set :i 0
    45 op mul *tmp47 :batch 11
-    * label *label23
    46 jump *label25 lessThanEq *tmp41 0
    47 label *label130
    48 op add :adam5:index *tmp47 :i
    49 op idiv *tmp50 :adam5:index 16
    50 multijump *tmp50 0 0 (m:*label133)
    51 multilabel *label138 (m:*label133)
-    * label *label132
    52 op sub :adam5:index :adam5:index 15488
    53 op mod :adam5:x :adam5:index 176
    54 op idiv *tmp77 :adam5:index 176
 
    58 set :adam5:dx 1
    59 jump *label27 always
    60 multilabel *label134 (m:*label133)
-    * label *label29
    61 op mod *tmp52 :adam5:index 44
    62 op mul :adam5:x 4 *tmp52
    63 op idiv *tmp54 :adam5:index 44
 
    66 set :adam5:dy *tmp56
    67 set :adam5:dx *tmp56
    68 jump *label27 always
-    * label *label28
    69 multilabel *label135 (m:*label133)
-    * label *label34
    70 op sub :adam5:index :adam5:index 1936
    71 op mod *tmp57 :adam5:index 44
    72 op mul *tmp58 4 *tmp57
 
    76 select :adam5:dx notEqual .ALL_PASS_COLORING false 2 1
    77 select :adam5:dy notEqual .ALL_PASS_COLORING false 4 2
    78 jump *label27 always
-    * label *label33
    79 multilabel *label136 (m:*label133)
-    * label *label41
    80 op sub :adam5:index :adam5:index 3872
    81 op mod *tmp64 :adam5:index 88
    82 op mul :adam5:x 2 *tmp64
 
    86 select *tmp69 notEqual .ALL_PASS_COLORING false 2 1
    87 set :adam5:dy *tmp69
    88 set :adam5:dx *tmp69
-    * label *label40
    89 jump *label27 always
    90 multilabel *label137 (m:*label133)
-    * label *label46
    91 op sub :adam5:index :adam5:index 7744
    92 op mod *tmp70 :adam5:index 88
    93 op mul *tmp71 2 *tmp70
 
    97 set :adam5:dx 1
    98 select :adam5:dy notEqual .ALL_PASS_COLORING false 2 1
    99 label *label27
-    * label *label26
   100 jump *label50 lessThanEq *tmp41 *tmp34
   101 jump *label50 notEqual .localBuffer 0
   102 draw col %[white]
 
   108 jump *label55 equal .stop *tmp85
   109 jump *label54 always
   110 label *label55
-    * label *label56
   111 sensor *tmp87 .display @enabled
   112 jump *label57 equal *tmp87 false
   113 sensor *tmp88 .display @bufferSize
 
   115 drawflush .display
   116 set .localBuffer 0
   117 label *label57
-    * label *label58
   118 label *label54
   119 label *label50
-    * label *label51
   120 op div *tmp93 :adam5:x .ZOOM
   121 op add :compute:zx *tmp93 .OFFSET_X
   122 op div *tmp95 :adam5:y .ZOOM
 
   138 set *tmp92 63
   139 jump *label61 always
   140 label *label64
-    * label *label65
   141 op add *tmp106 :compute:zx 1
   142 op len *tmp107 *tmp106 :compute:zy
   143 jump *label66 greaterThan *tmp107 0.25
   144 set *tmp92 63
   145 jump *label61 always
   146 label *label66
-    * label *label67
   147 label *label63
   148 set *tmp92 63
-    * label *label68
   149 set :compute:i 0
-    * label *label146
   150 set :compute:x1 :compute:zx
   151 op mul *tmp110 :compute:zx :compute:zx
   152 op mul *tmp111 :compute:zy :compute:zy
 
   159 jump *label147 lessThan :compute:dist 64
   160 jump *label70 always
   161 label *label147
-    * label *label148
-    * label *label149
   162 set :compute:i 1
   163 set :compute:x1 :compute:zx
   164 op mul *tmp110 :compute:zx :compute:zx
 
   172 jump *label150 lessThan :compute:dist 64
   173 jump *label70 always
   174 label *label150
-    * label *label151
-    * label *label152
   175 op add :compute:i 1 1
   176 set :compute:x1 :compute:zx
   177 op mul *tmp110 :compute:zx :compute:zx
 
   185 jump *label153 lessThan :compute:dist 64
   186 jump *label70 always
   187 label *label153
-    * label *label154
-    * label *label155
   188 op add :compute:i 2 1
   189 set :compute:x1 :compute:zx
   190 op mul *tmp110 :compute:zx :compute:zx
 
   198 jump *label156 lessThan :compute:dist 64
   199 jump *label70 always
   200 label *label156
-    * label *label157
-    * label *label158
   201 op add :compute:i 3 1
   202 set :compute:x1 :compute:zx
   203 op mul *tmp110 :compute:zx :compute:zx
 
   211 jump *label159 lessThan :compute:dist 64
   212 jump *label70 always
   213 label *label159
-    * label *label160
-    * label *label161
   214 op add :compute:i 4 1
   215 set :compute:x1 :compute:zx
   216 op mul *tmp110 :compute:zx :compute:zx
 
   224 jump *label162 lessThan :compute:dist 64
   225 jump *label70 always
   226 label *label162
-    * label *label163
-    * label *label164
   227 op add :compute:i 5 1
   228 set :compute:x1 :compute:zx
   229 op mul *tmp110 :compute:zx :compute:zx
 
   237 jump *label165 lessThan :compute:dist 64
   238 jump *label70 always
   239 label *label165
-    * label *label166
-    * label *label167
   240 op add :compute:i 6 1
   241 set :compute:x1 :compute:zx
   242 op mul *tmp110 :compute:zx :compute:zx
 
   250 jump *label168 lessThan :compute:dist 64
   251 jump *label70 always
   252 label *label168
-    * label *label169
-    * label *label170
   253 op add :compute:i 7 1
   254 set :compute:x1 :compute:zx
   255 op mul *tmp110 :compute:zx :compute:zx
 
   263 jump *label171 lessThan :compute:dist 64
   264 jump *label70 always
   265 label *label171
-    * label *label172
-    * label *label173
   266 op add :compute:i 8 1
   267 set :compute:x1 :compute:zx
   268 op mul *tmp110 :compute:zx :compute:zx
 
   276 jump *label174 lessThan :compute:dist 64
   277 jump *label70 always
   278 label *label174
-    * label *label175
-    * label *label176
   279 op add :compute:i 9 1
   280 set :compute:x1 :compute:zx
   281 op mul *tmp110 :compute:zx :compute:zx
 
   289 jump *label177 lessThan :compute:dist 64
   290 jump *label70 always
   291 label *label177
-    * label *label178
-    * label *label179
   292 op add :compute:i 10 1
   293 set :compute:x1 :compute:zx
   294 op mul *tmp110 :compute:zx :compute:zx
 
   302 jump *label180 lessThan :compute:dist 64
   303 jump *label70 always
   304 label *label180
-    * label *label181
-    * label *label182
   305 op add :compute:i 11 1
   306 set :compute:x1 :compute:zx
   307 op mul *tmp110 :compute:zx :compute:zx
 
   315 jump *label183 lessThan :compute:dist 64
   316 jump *label70 always
   317 label *label183
-    * label *label184
-    * label *label185
   318 op add :compute:i 12 1
   319 set :compute:x1 :compute:zx
   320 op mul *tmp110 :compute:zx :compute:zx
 
   328 jump *label186 lessThan :compute:dist 64
   329 jump *label70 always
   330 label *label186
-    * label *label187
-    * label *label188
   331 op add :compute:i 13 1
   332 set :compute:x1 :compute:zx
   333 op mul *tmp110 :compute:zx :compute:zx
 
   341 jump *label189 lessThan :compute:dist 64
   342 jump *label70 always
   343 label *label189
-    * label *label190
-    * label *label191
   344 op add :compute:i 14 1
   345 set :compute:x1 :compute:zx
   346 op mul *tmp110 :compute:zx :compute:zx
 
   354 jump *label192 lessThan :compute:dist 64
   355 jump *label70 always
   356 label *label192
-    * label *label193
-    * label *label194
   357 op add :compute:i 15 1
   358 set :compute:x1 :compute:zx
   359 op mul *tmp110 :compute:zx :compute:zx
 
   367 jump *label195 lessThan :compute:dist 64
   368 jump *label70 always
   369 label *label195
-    * label *label196
-    * label *label197
   370 op add :compute:i 16 1
   371 set :compute:x1 :compute:zx
   372 op mul *tmp110 :compute:zx :compute:zx
 
   380 jump *label198 lessThan :compute:dist 64
   381 jump *label70 always
   382 label *label198
-    * label *label199
-    * label *label200
   383 op add :compute:i 17 1
   384 set :compute:x1 :compute:zx
   385 op mul *tmp110 :compute:zx :compute:zx
 
   393 jump *label201 lessThan :compute:dist 64
   394 jump *label70 always
   395 label *label201
-    * label *label202
-    * label *label203
   396 op add :compute:i 18 1
   397 set :compute:x1 :compute:zx
   398 op mul *tmp110 :compute:zx :compute:zx
 
   406 jump *label204 lessThan :compute:dist 64
   407 jump *label70 always
   408 label *label204
-    * label *label205
-    * label *label206
   409 op add :compute:i 19 1
   410 set :compute:x1 :compute:zx
   411 op mul *tmp110 :compute:zx :compute:zx
 
   419 jump *label207 lessThan :compute:dist 64
   420 jump *label70 always
   421 label *label207
-    * label *label208
-    * label *label209
   422 op add :compute:i 20 1
   423 set :compute:x1 :compute:zx
   424 op mul *tmp110 :compute:zx :compute:zx
 
   432 jump *label210 lessThan :compute:dist 64
   433 jump *label70 always
   434 label *label210
-    * label *label211
-    * label *label212
   435 op add :compute:i 21 1
   436 set :compute:x1 :compute:zx
   437 op mul *tmp110 :compute:zx :compute:zx
 
   445 jump *label213 lessThan :compute:dist 64
   446 jump *label70 always
   447 label *label213
-    * label *label214
-    * label *label215
   448 op add :compute:i 22 1
   449 set :compute:x1 :compute:zx
   450 op mul *tmp110 :compute:zx :compute:zx
 
   458 jump *label216 lessThan :compute:dist 64
   459 jump *label70 always
   460 label *label216
-    * label *label217
-    * label *label218
   461 op add :compute:i 23 1
   462 set :compute:x1 :compute:zx
   463 op mul *tmp110 :compute:zx :compute:zx
 
   471 jump *label219 lessThan :compute:dist 64
   472 jump *label70 always
   473 label *label219
-    * label *label220
-    * label *label221
   474 op add :compute:i 24 1
   475 set :compute:x1 :compute:zx
   476 op mul *tmp110 :compute:zx :compute:zx
 
   484 jump *label222 lessThan :compute:dist 64
   485 jump *label70 always
   486 label *label222
-    * label *label223
-    * label *label224
   487 op add :compute:i 25 1
   488 set :compute:x1 :compute:zx
   489 op mul *tmp110 :compute:zx :compute:zx
 
   497 jump *label225 lessThan :compute:dist 64
   498 jump *label70 always
   499 label *label225
-    * label *label226
-    * label *label227
   500 op add :compute:i 26 1
   501 set :compute:x1 :compute:zx
   502 op mul *tmp110 :compute:zx :compute:zx
 
   510 jump *label228 lessThan :compute:dist 64
   511 jump *label70 always
   512 label *label228
-    * label *label229
-    * label *label230
   513 op add :compute:i 27 1
   514 set :compute:x1 :compute:zx
   515 op mul *tmp110 :compute:zx :compute:zx
 
   523 jump *label231 lessThan :compute:dist 64
   524 jump *label70 always
   525 label *label231
-    * label *label232
-    * label *label233
   526 op add :compute:i 28 1
   527 set :compute:x1 :compute:zx
   528 op mul *tmp110 :compute:zx :compute:zx
 
   536 jump *label234 lessThan :compute:dist 64
   537 jump *label70 always
   538 label *label234
-    * label *label235
-    * label *label236
   539 op add :compute:i 29 1
   540 set :compute:x1 :compute:zx
   541 op mul *tmp110 :compute:zx :compute:zx
 
   549 jump *label237 lessThan :compute:dist 64
   550 jump *label70 always
   551 label *label237
-    * label *label238
-    * label *label239
   552 op add :compute:i 30 1
   553 set :compute:x1 :compute:zx
   554 op mul *tmp110 :compute:zx :compute:zx
 
   562 jump *label240 lessThan :compute:dist 64
   563 jump *label70 always
   564 label *label240
-    * label *label241
-    * label *label242
   565 op add :compute:i 31 1
   566 set :compute:x1 :compute:zx
   567 op mul *tmp110 :compute:zx :compute:zx
 
   575 jump *label243 lessThan :compute:dist 64
   576 jump *label70 always
   577 label *label243
-    * label *label244
-    * label *label245
   578 op add :compute:i 32 1
   579 set :compute:x1 :compute:zx
   580 op mul *tmp110 :compute:zx :compute:zx
 
   588 jump *label246 lessThan :compute:dist 64
   589 jump *label70 always
   590 label *label246
-    * label *label247
-    * label *label248
   591 op add :compute:i 33 1
   592 set :compute:x1 :compute:zx
   593 op mul *tmp110 :compute:zx :compute:zx
 
   601 jump *label249 lessThan :compute:dist 64
   602 jump *label70 always
   603 label *label249
-    * label *label250
-    * label *label251
   604 op add :compute:i 34 1
   605 set :compute:x1 :compute:zx
   606 op mul *tmp110 :compute:zx :compute:zx
 
   614 jump *label252 lessThan :compute:dist 64
   615 jump *label70 always
   616 label *label252
-    * label *label253
-    * label *label254
   617 op add :compute:i 35 1
   618 set :compute:x1 :compute:zx
   619 op mul *tmp110 :compute:zx :compute:zx
 
   627 jump *label255 lessThan :compute:dist 64
   628 jump *label70 always
   629 label *label255
-    * label *label256
-    * label *label257
   630 op add :compute:i 36 1
   631 set :compute:x1 :compute:zx
   632 op mul *tmp110 :compute:zx :compute:zx
 
   640 jump *label258 lessThan :compute:dist 64
   641 jump *label70 always
   642 label *label258
-    * label *label259
-    * label *label260
   643 op add :compute:i 37 1
   644 set :compute:x1 :compute:zx
   645 op mul *tmp110 :compute:zx :compute:zx
 
   653 jump *label261 lessThan :compute:dist 64
   654 jump *label70 always
   655 label *label261
-    * label *label262
-    * label *label263
   656 op add :compute:i 38 1
   657 set :compute:x1 :compute:zx
   658 op mul *tmp110 :compute:zx :compute:zx
 
   666 jump *label264 lessThan :compute:dist 64
   667 jump *label70 always
   668 label *label264
-    * label *label265
-    * label *label266
   669 op add :compute:i 39 1
   670 set :compute:x1 :compute:zx
   671 op mul *tmp110 :compute:zx :compute:zx
 
   679 jump *label267 lessThan :compute:dist 64
   680 jump *label70 always
   681 label *label267
-    * label *label268
-    * label *label269
   682 op add :compute:i 40 1
   683 set :compute:x1 :compute:zx
   684 op mul *tmp110 :compute:zx :compute:zx
 
   692 jump *label270 lessThan :compute:dist 64
   693 jump *label70 always
   694 label *label270
-    * label *label271
-    * label *label272
   695 op add :compute:i 41 1
   696 set :compute:x1 :compute:zx
   697 op mul *tmp110 :compute:zx :compute:zx
 
   705 jump *label273 lessThan :compute:dist 64
   706 jump *label70 always
   707 label *label273
-    * label *label274
-    * label *label275
   708 op add :compute:i 42 1
   709 set :compute:x1 :compute:zx
   710 op mul *tmp110 :compute:zx :compute:zx
 
   718 jump *label276 lessThan :compute:dist 64
   719 jump *label70 always
   720 label *label276
-    * label *label277
-    * label *label278
   721 op add :compute:i 43 1
   722 set :compute:x1 :compute:zx
   723 op mul *tmp110 :compute:zx :compute:zx
 
   731 jump *label279 lessThan :compute:dist 64
   732 jump *label70 always
   733 label *label279
-    * label *label280
-    * label *label281
   734 op add :compute:i 44 1
   735 set :compute:x1 :compute:zx
   736 op mul *tmp110 :compute:zx :compute:zx
 
   744 jump *label282 lessThan :compute:dist 64
   745 jump *label70 always
   746 label *label282
-    * label *label283
-    * label *label284
   747 op add :compute:i 45 1
   748 set :compute:x1 :compute:zx
   749 op mul *tmp110 :compute:zx :compute:zx
 
   757 jump *label285 lessThan :compute:dist 64
   758 jump *label70 always
   759 label *label285
-    * label *label286
-    * label *label287
   760 op add :compute:i 46 1
   761 set :compute:x1 :compute:zx
   762 op mul *tmp110 :compute:zx :compute:zx
 
   770 jump *label288 lessThan :compute:dist 64
   771 jump *label70 always
   772 label *label288
-    * label *label289
-    * label *label290
   773 op add :compute:i 47 1
   774 set :compute:x1 :compute:zx
   775 op mul *tmp110 :compute:zx :compute:zx
 
   783 jump *label291 lessThan :compute:dist 64
   784 jump *label70 always
   785 label *label291
-    * label *label292
-    * label *label293
   786 op add :compute:i 48 1
   787 set :compute:x1 :compute:zx
   788 op mul *tmp110 :compute:zx :compute:zx
 
   796 jump *label294 lessThan :compute:dist 64
   797 jump *label70 always
   798 label *label294
-    * label *label295
-    * label *label296
   799 op add :compute:i 49 1
   800 set :compute:x1 :compute:zx
   801 op mul *tmp110 :compute:zx :compute:zx
 
   809 jump *label297 lessThan :compute:dist 64
   810 jump *label70 always
   811 label *label297
-    * label *label298
-    * label *label299
   812 op add :compute:i 50 1
   813 set :compute:x1 :compute:zx
   814 op mul *tmp110 :compute:zx :compute:zx
 
   822 jump *label300 lessThan :compute:dist 64
   823 jump *label70 always
   824 label *label300
-    * label *label301
-    * label *label302
   825 op add :compute:i 51 1
   826 set :compute:x1 :compute:zx
   827 op mul *tmp110 :compute:zx :compute:zx
 
   835 jump *label303 lessThan :compute:dist 64
   836 jump *label70 always
   837 label *label303
-    * label *label304
-    * label *label305
   838 op add :compute:i 52 1
   839 set :compute:x1 :compute:zx
   840 op mul *tmp110 :compute:zx :compute:zx
 
   848 jump *label306 lessThan :compute:dist 64
   849 jump *label70 always
   850 label *label306
-    * label *label307
-    * label *label308
   851 op add :compute:i 53 1
   852 set :compute:x1 :compute:zx
   853 op mul *tmp110 :compute:zx :compute:zx
 
   861 jump *label309 lessThan :compute:dist 64
   862 jump *label70 always
   863 label *label309
-    * label *label310
-    * label *label311
   864 op add :compute:i 54 1
   865 set :compute:x1 :compute:zx
   866 op mul *tmp110 :compute:zx :compute:zx
 
   874 jump *label312 lessThan :compute:dist 64
   875 jump *label70 always
   876 label *label312
-    * label *label313
-    * label *label314
   877 op add :compute:i 55 1
   878 set :compute:x1 :compute:zx
   879 op mul *tmp110 :compute:zx :compute:zx
 
   887 jump *label315 lessThan :compute:dist 64
   888 jump *label70 always
   889 label *label315
-    * label *label316
-    * label *label317
   890 op add :compute:i 56 1
   891 set :compute:x1 :compute:zx
   892 op mul *tmp110 :compute:zx :compute:zx
 
   900 jump *label318 lessThan :compute:dist 64
   901 jump *label70 always
   902 label *label318
-    * label *label319
-    * label *label320
   903 op add :compute:i 57 1
   904 set :compute:x1 :compute:zx
   905 op mul *tmp110 :compute:zx :compute:zx
 
   913 jump *label321 lessThan :compute:dist 64
   914 jump *label70 always
   915 label *label321
-    * label *label322
-    * label *label323
   916 op add :compute:i 58 1
   917 set :compute:x1 :compute:zx
   918 op mul *tmp110 :compute:zx :compute:zx
 
   926 jump *label324 lessThan :compute:dist 64
   927 jump *label70 always
   928 label *label324
-    * label *label325
-    * label *label326
   929 op add :compute:i 59 1
   930 set :compute:x1 :compute:zx
   931 op mul *tmp110 :compute:zx :compute:zx
 
   939 jump *label327 lessThan :compute:dist 64
   940 jump *label70 always
   941 label *label327
-    * label *label328
-    * label *label329
   942 op add :compute:i 60 1
   943 set :compute:x1 :compute:zx
   944 op mul *tmp110 :compute:zx :compute:zx
 
   952 jump *label330 lessThan :compute:dist 64
   953 jump *label70 always
   954 label *label330
-    * label *label331
-    * label *label332
   955 op add :compute:i 61 1
   956 set :compute:x1 :compute:zx
   957 op mul *tmp110 :compute:zx :compute:zx
 
   965 jump *label333 lessThan :compute:dist 64
   966 jump *label70 always
   967 label *label333
-    * label *label334
-    * label *label335
   968 op add :compute:i 62 1
-    * label *label73
   969 jump *label61 always
-    * label *label69
   970 label *label70
   971 jump *label76 lessThanEq .PALETTE 1
   972 op log *tmp121 :compute:dist
 
   976 op sub :compute:correction 4 *tmp124
   977 op add :compute:i :compute:i :compute:correction
   978 label *label76
-    * label *label77
   979 set *tmp92 :compute:i
   980 label *label61
   981 jump *label79 notEqual *tmp92 63
 
   986 multijump .PALETTE 0 0 (m:*label140)
   987 multilabel *label145 (m:*label140)
   988 multilabel *label141 (m:*label140)
-    * label *label139
   989 op div *tmp165 *tmp92 63.75
   990 op sub :drawPixel:r 1 *tmp165
   991 packcolor :drawPixel:color :drawPixel:r :drawPixel:r 0 1
   992 jump *label83 always
   993 multilabel *label142 (m:*label140)
-    * label *label85
   994 op sub *tmp131 32 *tmp92
   995 op abs *tmp132 *tmp131
   996 op div *tmp134 *tmp132 36.42857142857143
 
  1003 op add :drawPixel:b 0.47058823529411764 *tmp144
  1004 packcolor :drawPixel:color :drawPixel:r :drawPixel:g :drawPixel:b 1
  1005 jump *label83 always
-    * label *label84
  1006 multilabel *label143 (m:*label140)
-    * label *label87
  1007 op div *tmp148 *tmp92 0.175
  1008 op sin :drawPixel:r *tmp148
  1009 op cos :drawPixel:g *tmp148
 
  1013 op add :drawPixel:b 0.39215686274509803 *tmp156
  1014 packcolor :drawPixel:color :drawPixel:r :drawPixel:g :drawPixel:b 1
  1015 jump *label83 always
-    * label *label86
  1016 multilabel *label144 (m:*label140)
-    * label *label89
  1017 op div :drawPixel:r *tmp92 63.75
  1018 op div :drawPixel:g *tmp92 170
  1019 packcolor :drawPixel:color :drawPixel:r :drawPixel:g 0 1
 
  1025 label *label80
  1026 jump *label90 lessThan .localBuffer 254
  1027 label *label93
-    * label *label94
  1028 jump *label95 lessThanEq .localBuffer 0
  1029 wait 0
  1030 read *tmp176 .memory 68
 
  1032 set *tmp174 false
  1033 jump *label97 always
  1034 label *label98
-    * label *label99
  1035 sensor *tmp178 .display @enabled
  1036 jump *label100 equal *tmp178 false
  1037 sensor *tmp179 .display @bufferSize
 
  1040 drawflush .display
  1041 set .localBuffer 0
  1042 label *label100
-    * label *label101
  1043 set *tmp174 true
  1044 label *label97
  1045 jump *label93 notEqual *tmp174 false
  1046 label *label95
-    * label *label92
  1047 label *label90
-    * label *label91
  1048 jump *label104 lessThanEq .localBuffer 0
  1049 jump *label104 strictNotEqual :drawPixel:color .lastColor
  1050 draw rect :adam5:x :adam5:y :adam5:dx :adam5:dy
 
  1056 set .lastColor :drawPixel:color
  1057 op add .localBuffer .localBuffer 2
  1058 label *label105
-    * label *label78
  1059 wait 0
  1060 read *tmp187 .memory 66
  1061 op add *tmp2 *tmp187 1
 
  1068 set *tmp191 false
  1069 jump *label111 always
  1070 label *label112
-    * label *label113
  1071 sensor *tmp195 .display @enabled
  1072 jump *label114 equal *tmp195 false
  1073 sensor *tmp196 .display @bufferSize
 
  1076 drawflush .display
  1077 set .localBuffer 0
  1078 label *label114
-    * label *label115
  1079 set *tmp191 true
  1080 label *label111
  1081 jump *label109 notEqual *tmp191 false
  1082 jump *label6 always
  1083 label *label109
-    * label *label110
-    * label *label108
-    * label *label24
  1084 op add :i :i 1
  1085 jump *label130 lessThan :i *tmp46
  1086 label *label25
-    * label *label14
  1087 jump *label13 always
  1088 label *label15
  1089 label *label119
-    * label *label120
  1090 jump *label121 lessThanEq .localBuffer 0
  1091 wait 0
  1092 read *tmp205 .memory 68
 
  1094 set *tmp203 false
  1095 jump *label123 always
  1096 label *label124
-    * label *label125
  1097 sensor *tmp207 .display @enabled
  1098 jump *label126 equal *tmp207 false
  1099 sensor *tmp208 .display @bufferSize
 
  1102 drawflush .display
  1103 set .localBuffer 0
  1104 label *label126
-    * label *label127
  1105 set *tmp203 true
  1106 label *label123
  1107 jump *label119 notEqual *tmp203 false
  1108 label *label121
-    * label *label118
  1109 label *label6
  1110 jump *label5 always
-    * label *label7
-    * label *label0
-    * end

Modifications by Jumps phase, Jump Straightening, pass 5, iteration 1 (-67 instructions):
 
    30 label *label13
    31 wait 0
    32 read *tmp37 .memory 68
-    * jump *label17 equal .stop *tmp37
-    * jump *label6 always
+   33 jump *label6 notEqual .stop *tmp37
    34 label *label17
    35 read :batch .memory 64
    36 select *tmp41 greaterThanEq :batch 1408 1 4
    37 op add *tmp42 :batch *tmp41
    38 write *tmp42 .memory 64
-    * jump *label21 lessThan :batch 2816
-    * jump *label15 always
+   39 jump *label15 greaterThanEq :batch 2816
    40 label *label21
    41 op mul *tmp46 11 *tmp41
    42 set :i 0
 
   103 set .localBuffer 2
   104 wait 0
   105 read *tmp85 .memory 68
-    * jump *label55 equal .stop *tmp85
-    * jump *label54 always
+  106 jump *label54 notEqual .stop *tmp85
   107 label *label55
   108 sensor *tmp87 .display @enabled
   109 jump *label57 equal *tmp87 false
 
   153 op mul *tmp115 *tmp114 :compute:zy
   154 op add :compute:zy *tmp115 :compute:cy
   155 op len :compute:dist :compute:zx :compute:zy
-    * jump *label147 lessThan :compute:dist 64
-    * jump *label70 always
+  156 jump *label70 greaterThanEq :compute:dist 64
   157 label *label147
   158 set :compute:i 1
   159 set :compute:x1 :compute:zx
 
   165 op mul *tmp115 *tmp114 :compute:zy
   166 op add :compute:zy *tmp115 :compute:cy
   167 op len :compute:dist :compute:zx :compute:zy
-    * jump *label150 lessThan :compute:dist 64
-    * jump *label70 always
+  168 jump *label70 greaterThanEq :compute:dist 64
   169 label *label150
   170 op add :compute:i 1 1
   171 set :compute:x1 :compute:zx
 
   177 op mul *tmp115 *tmp114 :compute:zy
   178 op add :compute:zy *tmp115 :compute:cy
   179 op len :compute:dist :compute:zx :compute:zy
-    * jump *label153 lessThan :compute:dist 64
-    * jump *label70 always
+  180 jump *label70 greaterThanEq :compute:dist 64
   181 label *label153
   182 op add :compute:i 2 1
   183 set :compute:x1 :compute:zx
 
   189 op mul *tmp115 *tmp114 :compute:zy
   190 op add :compute:zy *tmp115 :compute:cy
   191 op len :compute:dist :compute:zx :compute:zy
-    * jump *label156 lessThan :compute:dist 64
-    * jump *label70 always
+  192 jump *label70 greaterThanEq :compute:dist 64
   193 label *label156
   194 op add :compute:i 3 1
   195 set :compute:x1 :compute:zx
 
   201 op mul *tmp115 *tmp114 :compute:zy
   202 op add :compute:zy *tmp115 :compute:cy
   203 op len :compute:dist :compute:zx :compute:zy
-    * jump *label159 lessThan :compute:dist 64
-    * jump *label70 always
+  204 jump *label70 greaterThanEq :compute:dist 64
   205 label *label159
   206 op add :compute:i 4 1
   207 set :compute:x1 :compute:zx
 
   213 op mul *tmp115 *tmp114 :compute:zy
   214 op add :compute:zy *tmp115 :compute:cy
   215 op len :compute:dist :compute:zx :compute:zy
-    * jump *label162 lessThan :compute:dist 64
-    * jump *label70 always
+  216 jump *label70 greaterThanEq :compute:dist 64
   217 label *label162
   218 op add :compute:i 5 1
   219 set :compute:x1 :compute:zx
 
   225 op mul *tmp115 *tmp114 :compute:zy
   226 op add :compute:zy *tmp115 :compute:cy
   227 op len :compute:dist :compute:zx :compute:zy
-    * jump *label165 lessThan :compute:dist 64
-    * jump *label70 always
+  228 jump *label70 greaterThanEq :compute:dist 64
   229 label *label165
   230 op add :compute:i 6 1
   231 set :compute:x1 :compute:zx
 
   237 op mul *tmp115 *tmp114 :compute:zy
   238 op add :compute:zy *tmp115 :compute:cy
   239 op len :compute:dist :compute:zx :compute:zy
-    * jump *label168 lessThan :compute:dist 64
-    * jump *label70 always
+  240 jump *label70 greaterThanEq :compute:dist 64
   241 label *label168
   242 op add :compute:i 7 1
   243 set :compute:x1 :compute:zx
 
   249 op mul *tmp115 *tmp114 :compute:zy
   250 op add :compute:zy *tmp115 :compute:cy
   251 op len :compute:dist :compute:zx :compute:zy
-    * jump *label171 lessThan :compute:dist 64
-    * jump *label70 always
+  252 jump *label70 greaterThanEq :compute:dist 64
   253 label *label171
   254 op add :compute:i 8 1
   255 set :compute:x1 :compute:zx
 
   261 op mul *tmp115 *tmp114 :compute:zy
   262 op add :compute:zy *tmp115 :compute:cy
   263 op len :compute:dist :compute:zx :compute:zy
-    * jump *label174 lessThan :compute:dist 64
-    * jump *label70 always
+  264 jump *label70 greaterThanEq :compute:dist 64
   265 label *label174
   266 op add :compute:i 9 1
   267 set :compute:x1 :compute:zx
 
   273 op mul *tmp115 *tmp114 :compute:zy
   274 op add :compute:zy *tmp115 :compute:cy
   275 op len :compute:dist :compute:zx :compute:zy
-    * jump *label177 lessThan :compute:dist 64
-    * jump *label70 always
+  276 jump *label70 greaterThanEq :compute:dist 64
   277 label *label177
   278 op add :compute:i 10 1
   279 set :compute:x1 :compute:zx
 
   285 op mul *tmp115 *tmp114 :compute:zy
   286 op add :compute:zy *tmp115 :compute:cy
   287 op len :compute:dist :compute:zx :compute:zy
-    * jump *label180 lessThan :compute:dist 64
-    * jump *label70 always
+  288 jump *label70 greaterThanEq :compute:dist 64
   289 label *label180
   290 op add :compute:i 11 1
   291 set :compute:x1 :compute:zx
 
   297 op mul *tmp115 *tmp114 :compute:zy
   298 op add :compute:zy *tmp115 :compute:cy
   299 op len :compute:dist :compute:zx :compute:zy
-    * jump *label183 lessThan :compute:dist 64
-    * jump *label70 always
+  300 jump *label70 greaterThanEq :compute:dist 64
   301 label *label183
   302 op add :compute:i 12 1
   303 set :compute:x1 :compute:zx
 
   309 op mul *tmp115 *tmp114 :compute:zy
   310 op add :compute:zy *tmp115 :compute:cy
   311 op len :compute:dist :compute:zx :compute:zy
-    * jump *label186 lessThan :compute:dist 64
-    * jump *label70 always
+  312 jump *label70 greaterThanEq :compute:dist 64
   313 label *label186
   314 op add :compute:i 13 1
   315 set :compute:x1 :compute:zx
 
   321 op mul *tmp115 *tmp114 :compute:zy
   322 op add :compute:zy *tmp115 :compute:cy
   323 op len :compute:dist :compute:zx :compute:zy
-    * jump *label189 lessThan :compute:dist 64
-    * jump *label70 always
+  324 jump *label70 greaterThanEq :compute:dist 64
   325 label *label189
   326 op add :compute:i 14 1
   327 set :compute:x1 :compute:zx
 
   333 op mul *tmp115 *tmp114 :compute:zy
   334 op add :compute:zy *tmp115 :compute:cy
   335 op len :compute:dist :compute:zx :compute:zy
-    * jump *label192 lessThan :compute:dist 64
-    * jump *label70 always
+  336 jump *label70 greaterThanEq :compute:dist 64
   337 label *label192
   338 op add :compute:i 15 1
   339 set :compute:x1 :compute:zx
 
   345 op mul *tmp115 *tmp114 :compute:zy
   346 op add :compute:zy *tmp115 :compute:cy
   347 op len :compute:dist :compute:zx :compute:zy
-    * jump *label195 lessThan :compute:dist 64
-    * jump *label70 always
+  348 jump *label70 greaterThanEq :compute:dist 64
   349 label *label195
   350 op add :compute:i 16 1
   351 set :compute:x1 :compute:zx
 
   357 op mul *tmp115 *tmp114 :compute:zy
   358 op add :compute:zy *tmp115 :compute:cy
   359 op len :compute:dist :compute:zx :compute:zy
-    * jump *label198 lessThan :compute:dist 64
-    * jump *label70 always
+  360 jump *label70 greaterThanEq :compute:dist 64
   361 label *label198
   362 op add :compute:i 17 1
   363 set :compute:x1 :compute:zx
 
   369 op mul *tmp115 *tmp114 :compute:zy
   370 op add :compute:zy *tmp115 :compute:cy
   371 op len :compute:dist :compute:zx :compute:zy
-    * jump *label201 lessThan :compute:dist 64
-    * jump *label70 always
+  372 jump *label70 greaterThanEq :compute:dist 64
   373 label *label201
   374 op add :compute:i 18 1
   375 set :compute:x1 :compute:zx
 
   381 op mul *tmp115 *tmp114 :compute:zy
   382 op add :compute:zy *tmp115 :compute:cy
   383 op len :compute:dist :compute:zx :compute:zy
-    * jump *label204 lessThan :compute:dist 64
-    * jump *label70 always
+  384 jump *label70 greaterThanEq :compute:dist 64
   385 label *label204
   386 op add :compute:i 19 1
   387 set :compute:x1 :compute:zx
 
   393 op mul *tmp115 *tmp114 :compute:zy
   394 op add :compute:zy *tmp115 :compute:cy
   395 op len :compute:dist :compute:zx :compute:zy
-    * jump *label207 lessThan :compute:dist 64
-    * jump *label70 always
+  396 jump *label70 greaterThanEq :compute:dist 64
   397 label *label207
   398 op add :compute:i 20 1
   399 set :compute:x1 :compute:zx
 
   405 op mul *tmp115 *tmp114 :compute:zy
   406 op add :compute:zy *tmp115 :compute:cy
   407 op len :compute:dist :compute:zx :compute:zy
-    * jump *label210 lessThan :compute:dist 64
-    * jump *label70 always
+  408 jump *label70 greaterThanEq :compute:dist 64
   409 label *label210
   410 op add :compute:i 21 1
   411 set :compute:x1 :compute:zx
 
   417 op mul *tmp115 *tmp114 :compute:zy
   418 op add :compute:zy *tmp115 :compute:cy
   419 op len :compute:dist :compute:zx :compute:zy
-    * jump *label213 lessThan :compute:dist 64
-    * jump *label70 always
+  420 jump *label70 greaterThanEq :compute:dist 64
   421 label *label213
   422 op add :compute:i 22 1
   423 set :compute:x1 :compute:zx
 
   429 op mul *tmp115 *tmp114 :compute:zy
   430 op add :compute:zy *tmp115 :compute:cy
   431 op len :compute:dist :compute:zx :compute:zy
-    * jump *label216 lessThan :compute:dist 64
-    * jump *label70 always
+  432 jump *label70 greaterThanEq :compute:dist 64
   433 label *label216
   434 op add :compute:i 23 1
   435 set :compute:x1 :compute:zx
 
   441 op mul *tmp115 *tmp114 :compute:zy
   442 op add :compute:zy *tmp115 :compute:cy
   443 op len :compute:dist :compute:zx :compute:zy
-    * jump *label219 lessThan :compute:dist 64
-    * jump *label70 always
+  444 jump *label70 greaterThanEq :compute:dist 64
   445 label *label219
   446 op add :compute:i 24 1
   447 set :compute:x1 :compute:zx
 
   453 op mul *tmp115 *tmp114 :compute:zy
   454 op add :compute:zy *tmp115 :compute:cy
   455 op len :compute:dist :compute:zx :compute:zy
-    * jump *label222 lessThan :compute:dist 64
-    * jump *label70 always
+  456 jump *label70 greaterThanEq :compute:dist 64
   457 label *label222
   458 op add :compute:i 25 1
   459 set :compute:x1 :compute:zx
 
   465 op mul *tmp115 *tmp114 :compute:zy
   466 op add :compute:zy *tmp115 :compute:cy
   467 op len :compute:dist :compute:zx :compute:zy
-    * jump *label225 lessThan :compute:dist 64
-    * jump *label70 always
+  468 jump *label70 greaterThanEq :compute:dist 64
   469 label *label225
   470 op add :compute:i 26 1
   471 set :compute:x1 :compute:zx
 
   477 op mul *tmp115 *tmp114 :compute:zy
   478 op add :compute:zy *tmp115 :compute:cy
   479 op len :compute:dist :compute:zx :compute:zy
-    * jump *label228 lessThan :compute:dist 64
-    * jump *label70 always
+  480 jump *label70 greaterThanEq :compute:dist 64
   481 label *label228
   482 op add :compute:i 27 1
   483 set :compute:x1 :compute:zx
 
   489 op mul *tmp115 *tmp114 :compute:zy
   490 op add :compute:zy *tmp115 :compute:cy
   491 op len :compute:dist :compute:zx :compute:zy
-    * jump *label231 lessThan :compute:dist 64
-    * jump *label70 always
+  492 jump *label70 greaterThanEq :compute:dist 64
   493 label *label231
   494 op add :compute:i 28 1
   495 set :compute:x1 :compute:zx
 
   501 op mul *tmp115 *tmp114 :compute:zy
   502 op add :compute:zy *tmp115 :compute:cy
   503 op len :compute:dist :compute:zx :compute:zy
-    * jump *label234 lessThan :compute:dist 64
-    * jump *label70 always
+  504 jump *label70 greaterThanEq :compute:dist 64
   505 label *label234
   506 op add :compute:i 29 1
   507 set :compute:x1 :compute:zx
 
   513 op mul *tmp115 *tmp114 :compute:zy
   514 op add :compute:zy *tmp115 :compute:cy
   515 op len :compute:dist :compute:zx :compute:zy
-    * jump *label237 lessThan :compute:dist 64
-    * jump *label70 always
+  516 jump *label70 greaterThanEq :compute:dist 64
   517 label *label237
   518 op add :compute:i 30 1
   519 set :compute:x1 :compute:zx
 
   525 op mul *tmp115 *tmp114 :compute:zy
   526 op add :compute:zy *tmp115 :compute:cy
   527 op len :compute:dist :compute:zx :compute:zy
-    * jump *label240 lessThan :compute:dist 64
-    * jump *label70 always
+  528 jump *label70 greaterThanEq :compute:dist 64
   529 label *label240
   530 op add :compute:i 31 1
   531 set :compute:x1 :compute:zx
 
   537 op mul *tmp115 *tmp114 :compute:zy
   538 op add :compute:zy *tmp115 :compute:cy
   539 op len :compute:dist :compute:zx :compute:zy
-    * jump *label243 lessThan :compute:dist 64
-    * jump *label70 always
+  540 jump *label70 greaterThanEq :compute:dist 64
   541 label *label243
   542 op add :compute:i 32 1
   543 set :compute:x1 :compute:zx
 
   549 op mul *tmp115 *tmp114 :compute:zy
   550 op add :compute:zy *tmp115 :compute:cy
   551 op len :compute:dist :compute:zx :compute:zy
-    * jump *label246 lessThan :compute:dist 64
-    * jump *label70 always
+  552 jump *label70 greaterThanEq :compute:dist 64
   553 label *label246
   554 op add :compute:i 33 1
   555 set :compute:x1 :compute:zx
 
   561 op mul *tmp115 *tmp114 :compute:zy
   562 op add :compute:zy *tmp115 :compute:cy
   563 op len :compute:dist :compute:zx :compute:zy
-    * jump *label249 lessThan :compute:dist 64
-    * jump *label70 always
+  564 jump *label70 greaterThanEq :compute:dist 64
   565 label *label249
   566 op add :compute:i 34 1
   567 set :compute:x1 :compute:zx
 
   573 op mul *tmp115 *tmp114 :compute:zy
   574 op add :compute:zy *tmp115 :compute:cy
   575 op len :compute:dist :compute:zx :compute:zy
-    * jump *label252 lessThan :compute:dist 64
-    * jump *label70 always
+  576 jump *label70 greaterThanEq :compute:dist 64
   577 label *label252
   578 op add :compute:i 35 1
   579 set :compute:x1 :compute:zx
 
   585 op mul *tmp115 *tmp114 :compute:zy
   586 op add :compute:zy *tmp115 :compute:cy
   587 op len :compute:dist :compute:zx :compute:zy
-    * jump *label255 lessThan :compute:dist 64
-    * jump *label70 always
+  588 jump *label70 greaterThanEq :compute:dist 64
   589 label *label255
   590 op add :compute:i 36 1
   591 set :compute:x1 :compute:zx
 
   597 op mul *tmp115 *tmp114 :compute:zy
   598 op add :compute:zy *tmp115 :compute:cy
   599 op len :compute:dist :compute:zx :compute:zy
-    * jump *label258 lessThan :compute:dist 64
-    * jump *label70 always
+  600 jump *label70 greaterThanEq :compute:dist 64
   601 label *label258
   602 op add :compute:i 37 1
   603 set :compute:x1 :compute:zx
 
   609 op mul *tmp115 *tmp114 :compute:zy
   610 op add :compute:zy *tmp115 :compute:cy
   611 op len :compute:dist :compute:zx :compute:zy
-    * jump *label261 lessThan :compute:dist 64
-    * jump *label70 always
+  612 jump *label70 greaterThanEq :compute:dist 64
   613 label *label261
   614 op add :compute:i 38 1
   615 set :compute:x1 :compute:zx
 
   621 op mul *tmp115 *tmp114 :compute:zy
   622 op add :compute:zy *tmp115 :compute:cy
   623 op len :compute:dist :compute:zx :compute:zy
-    * jump *label264 lessThan :compute:dist 64
-    * jump *label70 always
+  624 jump *label70 greaterThanEq :compute:dist 64
   625 label *label264
   626 op add :compute:i 39 1
   627 set :compute:x1 :compute:zx
 
   633 op mul *tmp115 *tmp114 :compute:zy
   634 op add :compute:zy *tmp115 :compute:cy
   635 op len :compute:dist :compute:zx :compute:zy
-    * jump *label267 lessThan :compute:dist 64
-    * jump *label70 always
+  636 jump *label70 greaterThanEq :compute:dist 64
   637 label *label267
   638 op add :compute:i 40 1
   639 set :compute:x1 :compute:zx
 
   645 op mul *tmp115 *tmp114 :compute:zy
   646 op add :compute:zy *tmp115 :compute:cy
   647 op len :compute:dist :compute:zx :compute:zy
-    * jump *label270 lessThan :compute:dist 64
-    * jump *label70 always
+  648 jump *label70 greaterThanEq :compute:dist 64
   649 label *label270
   650 op add :compute:i 41 1
   651 set :compute:x1 :compute:zx
 
   657 op mul *tmp115 *tmp114 :compute:zy
   658 op add :compute:zy *tmp115 :compute:cy
   659 op len :compute:dist :compute:zx :compute:zy
-    * jump *label273 lessThan :compute:dist 64
-    * jump *label70 always
+  660 jump *label70 greaterThanEq :compute:dist 64
   661 label *label273
   662 op add :compute:i 42 1
   663 set :compute:x1 :compute:zx
 
   669 op mul *tmp115 *tmp114 :compute:zy
   670 op add :compute:zy *tmp115 :compute:cy
   671 op len :compute:dist :compute:zx :compute:zy
-    * jump *label276 lessThan :compute:dist 64
-    * jump *label70 always
+  672 jump *label70 greaterThanEq :compute:dist 64
   673 label *label276
   674 op add :compute:i 43 1
   675 set :compute:x1 :compute:zx
 
   681 op mul *tmp115 *tmp114 :compute:zy
   682 op add :compute:zy *tmp115 :compute:cy
   683 op len :compute:dist :compute:zx :compute:zy
-    * jump *label279 lessThan :compute:dist 64
-    * jump *label70 always
+  684 jump *label70 greaterThanEq :compute:dist 64
   685 label *label279
   686 op add :compute:i 44 1
   687 set :compute:x1 :compute:zx
 
   693 op mul *tmp115 *tmp114 :compute:zy
   694 op add :compute:zy *tmp115 :compute:cy
   695 op len :compute:dist :compute:zx :compute:zy
-    * jump *label282 lessThan :compute:dist 64
-    * jump *label70 always
+  696 jump *label70 greaterThanEq :compute:dist 64
   697 label *label282
   698 op add :compute:i 45 1
   699 set :compute:x1 :compute:zx
 
   705 op mul *tmp115 *tmp114 :compute:zy
   706 op add :compute:zy *tmp115 :compute:cy
   707 op len :compute:dist :compute:zx :compute:zy
-    * jump *label285 lessThan :compute:dist 64
-    * jump *label70 always
+  708 jump *label70 greaterThanEq :compute:dist 64
   709 label *label285
   710 op add :compute:i 46 1
   711 set :compute:x1 :compute:zx
 
   717 op mul *tmp115 *tmp114 :compute:zy
   718 op add :compute:zy *tmp115 :compute:cy
   719 op len :compute:dist :compute:zx :compute:zy
-    * jump *label288 lessThan :compute:dist 64
-    * jump *label70 always
+  720 jump *label70 greaterThanEq :compute:dist 64
   721 label *label288
   722 op add :compute:i 47 1
   723 set :compute:x1 :compute:zx
 
   729 op mul *tmp115 *tmp114 :compute:zy
   730 op add :compute:zy *tmp115 :compute:cy
   731 op len :compute:dist :compute:zx :compute:zy
-    * jump *label291 lessThan :compute:dist 64
-    * jump *label70 always
+  732 jump *label70 greaterThanEq :compute:dist 64
   733 label *label291
   734 op add :compute:i 48 1
   735 set :compute:x1 :compute:zx
 
   741 op mul *tmp115 *tmp114 :compute:zy
   742 op add :compute:zy *tmp115 :compute:cy
   743 op len :compute:dist :compute:zx :compute:zy
-    * jump *label294 lessThan :compute:dist 64
-    * jump *label70 always
+  744 jump *label70 greaterThanEq :compute:dist 64
   745 label *label294
   746 op add :compute:i 49 1
   747 set :compute:x1 :compute:zx
 
   753 op mul *tmp115 *tmp114 :compute:zy
   754 op add :compute:zy *tmp115 :compute:cy
   755 op len :compute:dist :compute:zx :compute:zy
-    * jump *label297 lessThan :compute:dist 64
-    * jump *label70 always
+  756 jump *label70 greaterThanEq :compute:dist 64
   757 label *label297
   758 op add :compute:i 50 1
   759 set :compute:x1 :compute:zx
 
   765 op mul *tmp115 *tmp114 :compute:zy
   766 op add :compute:zy *tmp115 :compute:cy
   767 op len :compute:dist :compute:zx :compute:zy
-    * jump *label300 lessThan :compute:dist 64
-    * jump *label70 always
+  768 jump *label70 greaterThanEq :compute:dist 64
   769 label *label300
   770 op add :compute:i 51 1
   771 set :compute:x1 :compute:zx
 
   777 op mul *tmp115 *tmp114 :compute:zy
   778 op add :compute:zy *tmp115 :compute:cy
   779 op len :compute:dist :compute:zx :compute:zy
-    * jump *label303 lessThan :compute:dist 64
-    * jump *label70 always
+  780 jump *label70 greaterThanEq :compute:dist 64
   781 label *label303
   782 op add :compute:i 52 1
   783 set :compute:x1 :compute:zx
 
   789 op mul *tmp115 *tmp114 :compute:zy
   790 op add :compute:zy *tmp115 :compute:cy
   791 op len :compute:dist :compute:zx :compute:zy
-    * jump *label306 lessThan :compute:dist 64
-    * jump *label70 always
+  792 jump *label70 greaterThanEq :compute:dist 64
   793 label *label306
   794 op add :compute:i 53 1
   795 set :compute:x1 :compute:zx
 
   801 op mul *tmp115 *tmp114 :compute:zy
   802 op add :compute:zy *tmp115 :compute:cy
   803 op len :compute:dist :compute:zx :compute:zy
-    * jump *label309 lessThan :compute:dist 64
-    * jump *label70 always
+  804 jump *label70 greaterThanEq :compute:dist 64
   805 label *label309
   806 op add :compute:i 54 1
   807 set :compute:x1 :compute:zx
 
   813 op mul *tmp115 *tmp114 :compute:zy
   814 op add :compute:zy *tmp115 :compute:cy
   815 op len :compute:dist :compute:zx :compute:zy
-    * jump *label312 lessThan :compute:dist 64
-    * jump *label70 always
+  816 jump *label70 greaterThanEq :compute:dist 64
   817 label *label312
   818 op add :compute:i 55 1
   819 set :compute:x1 :compute:zx
 
   825 op mul *tmp115 *tmp114 :compute:zy
   826 op add :compute:zy *tmp115 :compute:cy
   827 op len :compute:dist :compute:zx :compute:zy
-    * jump *label315 lessThan :compute:dist 64
-    * jump *label70 always
+  828 jump *label70 greaterThanEq :compute:dist 64
   829 label *label315
   830 op add :compute:i 56 1
   831 set :compute:x1 :compute:zx
 
   837 op mul *tmp115 *tmp114 :compute:zy
   838 op add :compute:zy *tmp115 :compute:cy
   839 op len :compute:dist :compute:zx :compute:zy
-    * jump *label318 lessThan :compute:dist 64
-    * jump *label70 always
+  840 jump *label70 greaterThanEq :compute:dist 64
   841 label *label318
   842 op add :compute:i 57 1
   843 set :compute:x1 :compute:zx
 
   849 op mul *tmp115 *tmp114 :compute:zy
   850 op add :compute:zy *tmp115 :compute:cy
   851 op len :compute:dist :compute:zx :compute:zy
-    * jump *label321 lessThan :compute:dist 64
-    * jump *label70 always
+  852 jump *label70 greaterThanEq :compute:dist 64
   853 label *label321
   854 op add :compute:i 58 1
   855 set :compute:x1 :compute:zx
 
   861 op mul *tmp115 *tmp114 :compute:zy
   862 op add :compute:zy *tmp115 :compute:cy
   863 op len :compute:dist :compute:zx :compute:zy
-    * jump *label324 lessThan :compute:dist 64
-    * jump *label70 always
+  864 jump *label70 greaterThanEq :compute:dist 64
   865 label *label324
   866 op add :compute:i 59 1
   867 set :compute:x1 :compute:zx
 
   873 op mul *tmp115 *tmp114 :compute:zy
   874 op add :compute:zy *tmp115 :compute:cy
   875 op len :compute:dist :compute:zx :compute:zy
-    * jump *label327 lessThan :compute:dist 64
-    * jump *label70 always
+  876 jump *label70 greaterThanEq :compute:dist 64
   877 label *label327
   878 op add :compute:i 60 1
   879 set :compute:x1 :compute:zx
 
   885 op mul *tmp115 *tmp114 :compute:zy
   886 op add :compute:zy *tmp115 :compute:cy
   887 op len :compute:dist :compute:zx :compute:zy
-    * jump *label330 lessThan :compute:dist 64
-    * jump *label70 always
+  888 jump *label70 greaterThanEq :compute:dist 64
   889 label *label330
   890 op add :compute:i 61 1
   891 set :compute:x1 :compute:zx
 
   897 op mul *tmp115 *tmp114 :compute:zy
   898 op add :compute:zy *tmp115 :compute:cy
   899 op len :compute:dist :compute:zx :compute:zy
-    * jump *label333 lessThan :compute:dist 64
-    * jump *label70 always
+  900 jump *label70 greaterThanEq :compute:dist 64
   901 label *label333
   902 op add :compute:i 62 1
   903 jump *label61 always
 
  1012 label *label114
  1013 set *tmp191 true
  1014 label *label111
-    * jump *label109 notEqual *tmp191 false
-    * jump *label6 always
+ 1015 jump *label6 equal *tmp191 false
  1016 label *label109
  1017 op add :i :i 1
  1018 jump *label130 lessThan :i *tmp46

Modifications by Jumps phase, Jump Threading, pass 5, iteration 1:
 
    30 label *label13
    31 wait 0
    32 read *tmp37 .memory 68
-    * jump *label6 notEqual .stop *tmp37
+   33 jump *label5 notEqual .stop *tmp37
    34 read :batch .memory 64
    35 select *tmp41 greaterThanEq :batch 1408 1 4
    36 op add *tmp42 :batch *tmp41
 
    39 op mul *tmp46 11 *tmp41
    40 set :i 0
    41 op mul *tmp47 :batch 11
-    * jump *label25 lessThanEq *tmp41 0
+   42 jump *label13 lessThanEq *tmp41 0
    43 label *label130
    44 op add :adam5:index *tmp47 :i
    45 op idiv *tmp50 :adam5:index 16
 
   857 op div *tmp165 *tmp92 63.75
   858 op sub :drawPixel:r 1 *tmp165
   859 packcolor :drawPixel:color :drawPixel:r :drawPixel:r 0 1
-    * jump *label83 always
+  860 jump *label82 always
   861 multilabel *label142 (m:*label140)
   862 op sub *tmp131 32 *tmp92
   863 op abs *tmp132 *tmp131
 
   870 op div *tmp144 *tmp132 63.75
   871 op add :drawPixel:b 0.47058823529411764 *tmp144
   872 packcolor :drawPixel:color :drawPixel:r :drawPixel:g :drawPixel:b 1
-    * jump *label83 always
+  873 jump *label82 always
   874 multilabel *label143 (m:*label140)
   875 op div *tmp148 *tmp92 0.175
   876 op sin :drawPixel:r *tmp148
 
   880 op div *tmp156 *tmp154 63.75
   881 op add :drawPixel:b 0.39215686274509803 *tmp156
   882 packcolor :drawPixel:color :drawPixel:r :drawPixel:g :drawPixel:b 1
-    * jump *label83 always
+  883 jump *label82 always
   884 multilabel *label144 (m:*label140)
   885 op div :drawPixel:r *tmp92 63.75
   886 op div :drawPixel:g *tmp92 170
 
   893 label *label80
   894 jump *label90 lessThan .localBuffer 254
   895 label *label93
-    * jump *label95 lessThanEq .localBuffer 0
+  896 jump *label104 lessThanEq .localBuffer 0
   897 wait 0
   898 read *tmp176 .memory 68
   899 jump *label98 equal .stop *tmp176
 
   946 label *label114
   947 set *tmp191 true
   948 label *label111
-    * jump *label6 equal *tmp191 false
+  949 jump *label5 equal *tmp191 false
   950 op add :i :i 1
   951 jump *label130 lessThan :i *tmp46
   952 label *label25
   953 jump *label13 always
   954 label *label15
   955 label *label119
-    * jump *label121 lessThanEq .localBuffer 0
+  956 jump *label5 lessThanEq .localBuffer 0
   957 wait 0
   958 read *tmp205 .memory 68
   959 jump *label124 equal .stop *tmp205

Code size and number of instantiations by function:
  Size  Times  AvgSize  Function
   728     1x    728,0  inline def compute(in x, in y)
    59     1x     59,0  <no function>
    47     4x     11,8  inline atomic def tryFlush()
    45     1x     45,0  inline void drawPixel(in x, in y, in dx, in dy, in iterations)
    45     1x     45,0  void adam5(in index, out x, out y, out dx, out dy)
     4     2x      2,0  inline void flush()
Runtime error at instruction #2: 'jump 2 equal .display null':
Execution step limit of 100,000 exceeded.

Emulator output (100,000 steps):
The program didn't generate any output.
