  1097 instructions before optimizations.
   150 instructions eliminated by Temp Variables Elimination (2 passes, 10 iterations).
    90 instructions eliminated by Dead Code Elimination (6 iterations).
    10 instructions eliminated by Jump Normalization (2 passes, 8 iterations).
    29 instructions eliminated by Condition Optimization (9 iterations).
    50 instructions eliminated by Single Step Elimination (2 passes, 10 iterations).
   194 instructions eliminated by Expression Optimization (3 passes, 6 iterations).
     1 instructions eliminated by Boolean Optimization (9 iterations).
       1 fully-evaluated expressions optimized using selects.
  1040 instructions eliminated by Data Flow Optimization (7 passes, 32 iterations).
       6 loop conditions were partially rotated.
  1185 instructions added by Loop Unrolling (11 iterations).
     3 loops unrolled by Loop Unrolling.
    12 instructions added by Array Optimization (11 iterations).
     2 array(s) improved by Array Optimization.
     1 instructions eliminated by Jump Straightening (9 iterations).
     4 instructions updated by Jump Threading.
    18 instructions eliminated by Unreachable Code Elimination (2 iterations).
    63 instructions eliminated by Print Merging.
   628 instructions after optimizations.

Pass 1: speed optimization selection (cost limit 979):
    Unfold array access to 'buttonBookmark' at mandelbrot-control.mnd:274:9 size   +11, benefit      625.0, efficiency     56.818
    Unfold array access to 'buttonPalette' at mandelbrot-control.mnd:289:9 size    +3, benefit      625.0, efficiency    208.333
    Inline array access to 'buttonBookmark' at mandelbrot-control.mnd:274:9 size    -4, benefit     1846.2, efficiency   Infinity
  * Inline array access to 'buttonPalette' at mandelbrot-control.mnd:289:9 size    -4, benefit     2000.0, efficiency   Infinity (-4 instructions)

Pass 1: speed optimization selection (cost limit 983):
    Unfold array access to 'buttonBookmark' at mandelbrot-control.mnd:274:9 size   +11, benefit      625.0, efficiency     56.818
  * Inline array access to 'buttonBookmark' at mandelbrot-control.mnd:274:9 size    -4, benefit     1846.2, efficiency   Infinity (-4 instructions)

Pass 2: speed optimization selection (cost limit 1016):
    Unroll loop at mandelbrot-control.mnd:343:5                  size  +679, benefit     3150.0, efficiency      4.639
  * Unroll loop at mandelbrot-control.mnd:273:5                  size  +164, benefit    16250.0, efficiency     99.085 (+320 instructions)
    Unroll loop at mandelbrot-control.mnd:288:5                  size   +64, benefit     6250.0, efficiency     97.656

Pass 2: speed optimization selection (cost limit 696):
    Unroll loop at mandelbrot-control.mnd:343:5                  size  +679, benefit     3150.0, efficiency      4.639
  * Unroll loop at mandelbrot-control.mnd:288:5                  size   +64, benefit     6250.0, efficiency     97.656 (+84 instructions)

Pass 2: speed optimization selection (cost limit 612):
  ! Unroll loop at mandelbrot-control.mnd:343:5                  size  +679, benefit     3150.0, efficiency      4.639

Pass 3: speed optimization selection (cost limit 806):
  * Unroll loop at mandelbrot-control.mnd:343:5                  size  +679, benefit     3150.0, efficiency      4.639 (+91 instructions)

Modifications by Initial phase, Dead Code Elimination, iteration 1 (-80 instructions):
 
   494 jump *label44 always
   495 label *label46
   496 label *label43
-    * set *tmp209 null
   497 jump *label42 always
   498 label *label41
-    * set *tmp209 null
   499 label *label42
   500 sensor *tmp213 display1 @operations
   501 op greaterThan *tmp214 :operations *tmp213
   502 jump *label47 equal *tmp214 false
   503 set .CHANGE true
-    * set *tmp215 .CHANGE
   504 jump *label48 always
   505 label *label47
-    * set *tmp215 null
   506 label *label48
   507 sensor *tmp216 display1 @operations
   508 set :operations *tmp216
 
   527 print "   Y: "
   528 print .JULIA_Y
   529 print "\n"
-    * set *tmp218 null
   530 jump *label53 always
   531 label *label52
   532 print "Mandelbrot set"
   533 print "\n"
-    * set *tmp218 "Mandelbrot set"
   534 label *label53
   535 print "-------------------------"
   536 print "\n"
 
   555 printflush message1
   556 label *label51
   557 set :print false
-    * set *tmp217 :print
   558 jump *label50 always
   559 label *label49
-    * set *tmp217 null
   560 label *label50
   561 set :handleMove:switch switch1
   562 set :handleMove:x 0
 
   573 op add *tmp230 .X *tmp229
   574 set .X *tmp230
   575 write .X bank1 69
-    * set *tmp227 *tmp230
   576 jump *label58 always
   577 label *label57
-    * set *tmp227 null
   578 label *label58
   579 op notEqual *tmp231 :handleMove:y 0
   580 jump *label59 equal *tmp231 false
 
   583 op add *tmp235 .Y *tmp234
   584 set .Y *tmp235
   585 write .Y bank1 70
-    * set *tmp232 *tmp235
   586 jump *label60 always
   587 label *label59
-    * set *tmp232 null
   588 label *label60
   589 op notEqual *tmp236 :handleMove:z 1
   590 jump *label61 equal *tmp236 false
   591 op mul *tmp238 .ZOOM :handleMove:z
   592 set .ZOOM *tmp238
   593 write .ZOOM bank1 71
-    * set *tmp237 *tmp238
   594 jump *label62 always
   595 label *label61
-    * set *tmp237 null
   596 label *label62
   597 set *tmp239 :handleMove:switch
   598 control enabled *tmp239 false
-    * set *tmp225 false
   599 jump *label56 always
   600 label *label55
-    * set *tmp225 null
   601 label *label56
   602 label *label54
   603 set :handleMove.1:switch switch2
 
   615 op add *tmp248 .X *tmp247
   616 set .X *tmp248
   617 write .X bank1 69
-    * set *tmp245 *tmp248
   618 jump *label67 always
   619 label *label66
-    * set *tmp245 null
   620 label *label67
   621 op notEqual *tmp249 :handleMove.1:y 0
   622 jump *label68 equal *tmp249 false
 
   625 op add *tmp253 .Y *tmp252
   626 set .Y *tmp253
   627 write .Y bank1 70
-    * set *tmp250 *tmp253
   628 jump *label69 always
   629 label *label68
-    * set *tmp250 null
   630 label *label69
   631 op notEqual *tmp254 :handleMove.1:z 1
   632 jump *label70 equal *tmp254 false
   633 op mul *tmp256 .ZOOM :handleMove.1:z
   634 set .ZOOM *tmp256
   635 write .ZOOM bank1 71
-    * set *tmp255 *tmp256
   636 jump *label71 always
   637 label *label70
-    * set *tmp255 null
   638 label *label71
   639 set *tmp257 :handleMove.1:switch
   640 control enabled *tmp257 false
-    * set *tmp243 false
   641 jump *label65 always
   642 label *label64
-    * set *tmp243 null
   643 label *label65
   644 label *label63
   645 set :handleMove.2:switch switch3
 
   657 op add *tmp266 .X *tmp265
   658 set .X *tmp266
   659 write .X bank1 69
-    * set *tmp263 *tmp266
   660 jump *label76 always
   661 label *label75
-    * set *tmp263 null
   662 label *label76
   663 op notEqual *tmp267 :handleMove.2:y 0
   664 jump *label77 equal *tmp267 false
 
   667 op add *tmp271 .Y *tmp270
   668 set .Y *tmp271
   669 write .Y bank1 70
-    * set *tmp268 *tmp271
   670 jump *label78 always
   671 label *label77
-    * set *tmp268 null
   672 label *label78
   673 op notEqual *tmp272 :handleMove.2:z 1
   674 jump *label79 equal *tmp272 false
   675 op mul *tmp274 .ZOOM :handleMove.2:z
   676 set .ZOOM *tmp274
   677 write .ZOOM bank1 71
-    * set *tmp273 *tmp274
   678 jump *label80 always
   679 label *label79
-    * set *tmp273 null
   680 label *label80
   681 set *tmp275 :handleMove.2:switch
   682 control enabled *tmp275 false
-    * set *tmp261 false
   683 jump *label74 always
   684 label *label73
-    * set *tmp261 null
   685 label *label74
   686 label *label72
   687 set :handleMove.3:switch switch4
 
   699 op add *tmp284 .X *tmp283
   700 set .X *tmp284
   701 write .X bank1 69
-    * set *tmp281 *tmp284
   702 jump *label85 always
   703 label *label84
-    * set *tmp281 null
   704 label *label85
   705 op notEqual *tmp285 :handleMove.3:y 0
   706 jump *label86 equal *tmp285 false
 
   709 op add *tmp289 .Y *tmp288
   710 set .Y *tmp289
   711 write .Y bank1 70
-    * set *tmp286 *tmp289
   712 jump *label87 always
   713 label *label86
-    * set *tmp286 null
   714 label *label87
   715 op notEqual *tmp290 :handleMove.3:z 1
   716 jump *label88 equal *tmp290 false
   717 op mul *tmp292 .ZOOM :handleMove.3:z
   718 set .ZOOM *tmp292
   719 write .ZOOM bank1 71
-    * set *tmp291 *tmp292
   720 jump *label89 always
   721 label *label88
-    * set *tmp291 null
   722 label *label89
   723 set *tmp293 :handleMove.3:switch
   724 control enabled *tmp293 false
-    * set *tmp279 false
   725 jump *label83 always
   726 label *label82
-    * set *tmp279 null
   727 label *label83
   728 label *label81
   729 set :handleMove.4:switch switch5
 
   741 op add *tmp302 .X *tmp301
   742 set .X *tmp302
   743 write .X bank1 69
-    * set *tmp299 *tmp302
   744 jump *label94 always
   745 label *label93
-    * set *tmp299 null
   746 label *label94
   747 op notEqual *tmp303 :handleMove.4:y 0
   748 jump *label95 equal *tmp303 false
 
   751 op add *tmp307 .Y *tmp306
   752 set .Y *tmp307
   753 write .Y bank1 70
-    * set *tmp304 *tmp307
   754 jump *label96 always
   755 label *label95
-    * set *tmp304 null
   756 label *label96
   757 op notEqual *tmp308 :handleMove.4:z 1
   758 jump *label97 equal *tmp308 false
   759 op mul *tmp310 .ZOOM :handleMove.4:z
   760 set .ZOOM *tmp310
   761 write .ZOOM bank1 71
-    * set *tmp309 *tmp310
   762 jump *label98 always
   763 label *label97
-    * set *tmp309 null
   764 label *label98
   765 set *tmp311 :handleMove.4:switch
   766 control enabled *tmp311 false
-    * set *tmp297 false
   767 jump *label92 always
   768 label *label91
-    * set *tmp297 null
   769 label *label92
   770 label *label90
   771 set :handleMove.5:switch switch6
 
   783 op add *tmp320 .X *tmp319
   784 set .X *tmp320
   785 write .X bank1 69
-    * set *tmp317 *tmp320
   786 jump *label103 always
   787 label *label102
-    * set *tmp317 null
   788 label *label103
   789 op notEqual *tmp321 :handleMove.5:y 0
   790 jump *label104 equal *tmp321 false
 
   793 op add *tmp325 .Y *tmp324
   794 set .Y *tmp325
   795 write .Y bank1 70
-    * set *tmp322 *tmp325
   796 jump *label105 always
   797 label *label104
-    * set *tmp322 null
   798 label *label105
   799 op notEqual *tmp326 :handleMove.5:z 1
   800 jump *label106 equal *tmp326 false
   801 op mul *tmp328 .ZOOM :handleMove.5:z
   802 set .ZOOM *tmp328
   803 write .ZOOM bank1 71
-    * set *tmp327 *tmp328
   804 jump *label107 always
   805 label *label106
-    * set *tmp327 null
   806 label *label107
   807 set *tmp329 :handleMove.5:switch
   808 control enabled *tmp329 false
-    * set *tmp315 false
   809 jump *label101 always
   810 label *label100
-    * set *tmp315 null
   811 label *label101
   812 label *label99
   813 sensor *tmp331 switch7 @enabled
 
   827 label *label110
   828 set *tmp335 null
   829 label *label111
-    * set *tmp333 *tmp335
   830 jump *label109 always
   831 label *label108
-    * set *tmp333 null
   832 label *label109
   833 sensor *tmp336 switch8 @enabled
   834 jump *label112 equal *tmp336 false
 
   870 set .text2 *tmp363
   871 label *label114
   872 set .CHANGE true
-    * set *tmp337 .CHANGE
   873 jump *label113 always
   874 label *label112
-    * set *tmp337 null
   875 label *label113
   876 sensor *tmp364 switch9 @enabled
   877 jump *label115 equal *tmp364 false
 
   900 set .text2 *tmp384
   901 label *label117
   902 set :updateBookmarks true
-    * set *tmp365 :updateBookmarks
   903 jump *label116 always
   904 label *label115
-    * set *tmp365 null
   905 label *label116
   906 set :handleTopRowButtons:updateBookmarks :updateBookmarks
   907 set :handleTopRowButtons:index 0
 
   914 jump *label122 equal *tmp387 false
   915 set *tmp389 :handleTopRowButtons:switch
   916 control enabled *tmp389 true
-    * set *tmp388 true
   917 jump *label123 always
   918 label *label122
   919 op equal *tmp391 :handleTopRowButtons:index .bookmark_clr
 
   939 label *label127
   940 set *tmp392 *tmp396
   941 label *label125
-    * set *tmp388 *tmp392
   942 label *label123
   943 label *label120
   944 op add :handleTopRowButtons:index :handleTopRowButtons:index 1
 
   954 jump *label131 equal *tmp401 false
   955 set *tmp403 :handleTopRowButtons:switch.1
   956 control enabled *tmp403 true
-    * set *tmp402 true
   957 jump *label132 always
   958 label *label131
   959 op equal *tmp405 :handleTopRowButtons:index.1 .palette_clr
 
   983 label *label136
   984 set *tmp406 *tmp410
   985 label *label134
-    * set *tmp402 *tmp406
   986 label *label132
   987 label *label129
   988 op add :handleTopRowButtons:index.1 :handleTopRowButtons:index.1 1
 
  1030 print *tmp427
  1031 print "\"
  1032 print "n"
-    * set *tmp419 null
  1033 jump *label141 always
  1034 label *label140
  1035 print "Mandelbrot set"
  1036 print "\n"
-    * set *tmp419 "Mandelbrot set"
  1037 label *label141
  1038 print "-------------------------"
  1039 print "\n"
 
  1060 printflush message2
  1061 label *label139
  1062 set :updateBookmarks false
-    * set *tmp413 :updateBookmarks
  1063 jump *label138 always
  1064 label *label137
-    * set *tmp413 null
  1065 label *label138
  1066 read *tmp440 bank1 66
  1067 op mul *tmp439 100 *tmp440
 
  1072 op sub *tmp444 @second .second
  1073 op round *tmp445 *tmp444
  1074 set .TIME *tmp445
-    * set *tmp443 .TIME
  1075 jump *label143 always
  1076 label *label142
-    * set *tmp443 null
  1077 label *label143
  1078 op notEqual *tmp446 :lastTime .TIME
  1079 jump *label146 notEqual *tmp446 false
 
  1085 set :lastTime .TIME
  1086 set :lastPercent .PERCENT
  1087 set :print true
-    * set *tmp448 :print
  1088 jump *label145 always
  1089 label *label144
-    * set *tmp448 null
  1090 label *label145
  1091 jump *label148 equal .CHANGE false
  1092 print "Initializing..."
  1093 printflush message1
-    * set *tmp450 .STOP
  1094 op add .STOP .STOP 1
  1095 write .STOP bank1 68
  1096 set .CHANGE false
  1097 jump *label150 equal CLEAR_DISPLAY false
  1098 draw clear 86 86 102
-    * set *tmp451 null
  1099 jump *label151 always
  1100 label *label150
  1101 draw color 86 86 102 204
  1102 draw rect 0 0 176 176
-    * set *tmp451 null
  1103 label *label151
  1104 drawflush display1
  1105 wait 0
  1106 write 0 bank1 66
  1107 write 0 bank1 65
  1108 write 0 bank1 64
-    * set *tmp452 .START
  1109 op add .START .START 1
  1110 write .START bank1 67
  1111 label *label152
 
  1129 jump *label154 always
  1130 label *label156
  1131 label *label153
-    * set *tmp449 null
  1132 jump *label149 always
  1133 label *label148
-    * set *tmp449 null
  1134 label *label149
  1135 print "Links: "
  1136 print .links

Modifications by Initial phase, Dead Code Elimination, iteration 2 (-6 instructions):
 
   822 write .JULIA_X bank1 73
   823 set .JULIA_Y .Y
   824 write .JULIA_Y bank1 74
-    * set *tmp335 .Y
   825 jump *label111 always
   826 label *label110
-    * set *tmp335 null
   827 label *label111
   828 jump *label109 always
   829 label *label108
 
   919 set *tmp393 :handleTopRowButtons:switch
   920 control enabled *tmp393 false
   921 set .bookmark_clr -1
-    * set *tmp392 .bookmark_clr
   922 jump *label125 always
   923 label *label124
   924 sensor *tmp395 :handleTopRowButtons:switch @enabled
 
   934 label *label126
   935 set *tmp396 null
   936 label *label127
-    * set *tmp392 *tmp396
   937 label *label125
   938 label *label123
   939 label *label120
 
   957 set *tmp407 :handleTopRowButtons:switch.1
   958 control enabled *tmp407 false
   959 set .palette_clr -1
-    * set *tmp406 .palette_clr
   960 jump *label134 always
   961 label *label133
   962 sensor *tmp409 :handleTopRowButtons:switch.1 @enabled
 
   976 label *label135
   977 set *tmp410 null
   978 label *label136
-    * set *tmp406 *tmp410
   979 label *label134
   980 label *label132
   981 label *label129

Modifications by Initial phase, Dead Code Elimination, iteration 3 (-4 instructions):
 
   929 op add *tmp398 80 *tmp397
   930 set .position *tmp398
   931 set :handleTopRowButtons:updateBookmarks true
-    * set *tmp396 :handleTopRowButtons:updateBookmarks
   932 jump *label127 always
   933 label *label126
-    * set *tmp396 null
   934 label *label127
   935 label *label125
   936 label *label123
 
   969 print *tmp412
   970 printflush message3
   971 set .CHANGE true
-    * set *tmp410 .CHANGE
   972 jump *label136 always
   973 label *label135
-    * set *tmp410 null
   974 label *label136
   975 label *label134
   976 label *label132

Modifications by Initial phase, Temp Variables Elimination, iteration 1 (-142 instructions):
 
    43 set .bookmark 0
    44 set .bookmark_clr -1
    45 op mul *tmp5 6 .bookmark
-    * op add *tmp6 80 *tmp5
-    * set .position *tmp6
+   46 op add .position 80 *tmp5
    47 set .palette 0
    48 set .palette_clr -1
    49 print "Initializing..."
 
    61 packcolor *tmp12 *tmp9 *tmp10 *tmp11 255
    62 write *tmp12 bank1 *tmp7
    63 op add *tmp13 :createPalette:r 147
-    * op mod *tmp14 *tmp13 256
-    * set :createPalette:r *tmp14
+   64 op mod :createPalette:r *tmp13 256
    65 op add *tmp15 :createPalette:g 87
-    * op mod *tmp16 *tmp15 256
-    * set :createPalette:g *tmp16
+   66 op mod :createPalette:g *tmp15 256
    67 op add *tmp17 :createPalette:b 59
-    * op mod *tmp18 *tmp17 256
-    * set :createPalette:b *tmp18
+   68 op mod :createPalette:b *tmp17 256
    69 label *label18
    70 op add :createPalette:i :createPalette:i 1
    71 jump *label17 always
 
    80 set :bookmark:zoom 50
    81 set *tmp20 :bookmark:position
    82 op add :bookmark:position :bookmark:position 1
-    * set *tmp21 *tmp20
-    * write :bookmark:x :bookmark:memory *tmp21
+   83 write :bookmark:x :bookmark:memory *tmp20
    84 set *tmp23 :bookmark:position
    85 op add :bookmark:position :bookmark:position 1
-    * set *tmp24 *tmp23
-    * write :bookmark:y :bookmark:memory *tmp24
+   86 write :bookmark:y :bookmark:memory *tmp23
    87 set *tmp26 :bookmark:position
    88 op add :bookmark:position :bookmark:position 1
-    * set *tmp27 *tmp26
-    * write :bookmark:zoom :bookmark:memory *tmp27
+   89 write :bookmark:zoom :bookmark:memory *tmp26
    90 set *tmp29 :bookmark:position
    91 op add :bookmark:position :bookmark:position 1
-    * set *tmp30 *tmp29
-    * write false :bookmark:memory *tmp30
+   92 write false :bookmark:memory *tmp29
    93 op add :bookmark:position :bookmark:position 2
    94 label *label21
    95 set :initializeBookmarks:i :bookmark:position
 
   100 set :bookmark.1:zoom 1600
   101 set *tmp32 :bookmark.1:position
   102 op add :bookmark.1:position :bookmark.1:position 1
-    * set *tmp33 *tmp32
-    * write :bookmark.1:x :bookmark.1:memory *tmp33
+  103 write :bookmark.1:x :bookmark.1:memory *tmp32
   104 set *tmp35 :bookmark.1:position
   105 op add :bookmark.1:position :bookmark.1:position 1
-    * set *tmp36 *tmp35
-    * write :bookmark.1:y :bookmark.1:memory *tmp36
+  106 write :bookmark.1:y :bookmark.1:memory *tmp35
   107 set *tmp38 :bookmark.1:position
   108 op add :bookmark.1:position :bookmark.1:position 1
-    * set *tmp39 *tmp38
-    * write :bookmark.1:zoom :bookmark.1:memory *tmp39
+  109 write :bookmark.1:zoom :bookmark.1:memory *tmp38
   110 set *tmp41 :bookmark.1:position
   111 op add :bookmark.1:position :bookmark.1:position 1
-    * set *tmp42 *tmp41
-    * write false :bookmark.1:memory *tmp42
+  112 write false :bookmark.1:memory *tmp41
   113 op add :bookmark.1:position :bookmark.1:position 2
   114 label *label22
   115 set :initializeBookmarks:i :bookmark.1:position
 
   120 set :bookmark.2:zoom 25600
   121 set *tmp44 :bookmark.2:position
   122 op add :bookmark.2:position :bookmark.2:position 1
-    * set *tmp45 *tmp44
-    * write :bookmark.2:x :bookmark.2:memory *tmp45
+  123 write :bookmark.2:x :bookmark.2:memory *tmp44
   124 set *tmp47 :bookmark.2:position
   125 op add :bookmark.2:position :bookmark.2:position 1
-    * set *tmp48 *tmp47
-    * write :bookmark.2:y :bookmark.2:memory *tmp48
+  126 write :bookmark.2:y :bookmark.2:memory *tmp47
   127 set *tmp50 :bookmark.2:position
   128 op add :bookmark.2:position :bookmark.2:position 1
-    * set *tmp51 *tmp50
-    * write :bookmark.2:zoom :bookmark.2:memory *tmp51
+  129 write :bookmark.2:zoom :bookmark.2:memory *tmp50
   130 set *tmp53 :bookmark.2:position
   131 op add :bookmark.2:position :bookmark.2:position 1
-    * set *tmp54 *tmp53
-    * write false :bookmark.2:memory *tmp54
+  132 write false :bookmark.2:memory *tmp53
   133 op add :bookmark.2:position :bookmark.2:position 2
   134 label *label23
   135 set :initializeBookmarks:i :bookmark.2:position
 
   140 set :bookmark.3:zoom 2500
   141 set *tmp56 :bookmark.3:position
   142 op add :bookmark.3:position :bookmark.3:position 1
-    * set *tmp57 *tmp56
-    * write :bookmark.3:x :bookmark.3:memory *tmp57
+  143 write :bookmark.3:x :bookmark.3:memory *tmp56
   144 set *tmp59 :bookmark.3:position
   145 op add :bookmark.3:position :bookmark.3:position 1
-    * set *tmp60 *tmp59
-    * write :bookmark.3:y :bookmark.3:memory *tmp60
+  146 write :bookmark.3:y :bookmark.3:memory *tmp59
   147 set *tmp62 :bookmark.3:position
   148 op add :bookmark.3:position :bookmark.3:position 1
-    * set *tmp63 *tmp62
-    * write :bookmark.3:zoom :bookmark.3:memory *tmp63
+  149 write :bookmark.3:zoom :bookmark.3:memory *tmp62
   150 set *tmp65 :bookmark.3:position
   151 op add :bookmark.3:position :bookmark.3:position 1
-    * set *tmp66 *tmp65
-    * write false :bookmark.3:memory *tmp66
+  152 write false :bookmark.3:memory *tmp65
   153 op add :bookmark.3:position :bookmark.3:position 2
   154 label *label24
   155 set :initializeBookmarks:i :bookmark.3:position
 
   160 set :bookmark.4:zoom 12800
   161 set *tmp68 :bookmark.4:position
   162 op add :bookmark.4:position :bookmark.4:position 1
-    * set *tmp69 *tmp68
-    * write :bookmark.4:x :bookmark.4:memory *tmp69
+  163 write :bookmark.4:x :bookmark.4:memory *tmp68
   164 set *tmp71 :bookmark.4:position
   165 op add :bookmark.4:position :bookmark.4:position 1
-    * set *tmp72 *tmp71
-    * write :bookmark.4:y :bookmark.4:memory *tmp72
+  166 write :bookmark.4:y :bookmark.4:memory *tmp71
   167 set *tmp74 :bookmark.4:position
   168 op add :bookmark.4:position :bookmark.4:position 1
-    * set *tmp75 *tmp74
-    * write :bookmark.4:zoom :bookmark.4:memory *tmp75
+  169 write :bookmark.4:zoom :bookmark.4:memory *tmp74
   170 set *tmp77 :bookmark.4:position
   171 op add :bookmark.4:position :bookmark.4:position 1
-    * set *tmp78 *tmp77
-    * write false :bookmark.4:memory *tmp78
+  172 write false :bookmark.4:memory *tmp77
   173 op add :bookmark.4:position :bookmark.4:position 2
   174 label *label25
   175 set :initializeBookmarks:i :bookmark.4:position
 
   180 set :bookmark.5:zoom 10000
   181 set *tmp80 :bookmark.5:position
   182 op add :bookmark.5:position :bookmark.5:position 1
-    * set *tmp81 *tmp80
-    * write :bookmark.5:x :bookmark.5:memory *tmp81
+  183 write :bookmark.5:x :bookmark.5:memory *tmp80
   184 set *tmp83 :bookmark.5:position
   185 op add :bookmark.5:position :bookmark.5:position 1
-    * set *tmp84 *tmp83
-    * write :bookmark.5:y :bookmark.5:memory *tmp84
+  186 write :bookmark.5:y :bookmark.5:memory *tmp83
   187 set *tmp86 :bookmark.5:position
   188 op add :bookmark.5:position :bookmark.5:position 1
-    * set *tmp87 *tmp86
-    * write :bookmark.5:zoom :bookmark.5:memory *tmp87
+  189 write :bookmark.5:zoom :bookmark.5:memory *tmp86
   190 set *tmp89 :bookmark.5:position
   191 op add :bookmark.5:position :bookmark.5:position 1
-    * set *tmp90 *tmp89
-    * write false :bookmark.5:memory *tmp90
+  192 write false :bookmark.5:memory *tmp89
   193 op add :bookmark.5:position :bookmark.5:position 2
   194 label *label26
   195 set :initializeBookmarks:i :bookmark.5:position
 
   200 set :bookmark.6:zoom 3200
   201 set *tmp92 :bookmark.6:position
   202 op add :bookmark.6:position :bookmark.6:position 1
-    * set *tmp93 *tmp92
-    * write :bookmark.6:x :bookmark.6:memory *tmp93
+  203 write :bookmark.6:x :bookmark.6:memory *tmp92
   204 set *tmp95 :bookmark.6:position
   205 op add :bookmark.6:position :bookmark.6:position 1
-    * set *tmp96 *tmp95
-    * write :bookmark.6:y :bookmark.6:memory *tmp96
+  206 write :bookmark.6:y :bookmark.6:memory *tmp95
   207 set *tmp98 :bookmark.6:position
   208 op add :bookmark.6:position :bookmark.6:position 1
-    * set *tmp99 *tmp98
-    * write :bookmark.6:zoom :bookmark.6:memory *tmp99
+  209 write :bookmark.6:zoom :bookmark.6:memory *tmp98
   210 set *tmp101 :bookmark.6:position
   211 op add :bookmark.6:position :bookmark.6:position 1
-    * set *tmp102 *tmp101
-    * write false :bookmark.6:memory *tmp102
+  212 write false :bookmark.6:memory *tmp101
   213 op add :bookmark.6:position :bookmark.6:position 2
   214 label *label27
   215 set :initializeBookmarks:i :bookmark.6:position
 
   220 set :bookmark.7:zoom 5000
   221 set *tmp104 :bookmark.7:position
   222 op add :bookmark.7:position :bookmark.7:position 1
-    * set *tmp105 *tmp104
-    * write :bookmark.7:x :bookmark.7:memory *tmp105
+  223 write :bookmark.7:x :bookmark.7:memory *tmp104
   224 set *tmp107 :bookmark.7:position
   225 op add :bookmark.7:position :bookmark.7:position 1
-    * set *tmp108 *tmp107
-    * write :bookmark.7:y :bookmark.7:memory *tmp108
+  226 write :bookmark.7:y :bookmark.7:memory *tmp107
   227 set *tmp110 :bookmark.7:position
   228 op add :bookmark.7:position :bookmark.7:position 1
-    * set *tmp111 *tmp110
-    * write :bookmark.7:zoom :bookmark.7:memory *tmp111
+  229 write :bookmark.7:zoom :bookmark.7:memory *tmp110
   230 set *tmp113 :bookmark.7:position
   231 op add :bookmark.7:position :bookmark.7:position 1
-    * set *tmp114 *tmp113
-    * write false :bookmark.7:memory *tmp114
+  232 write false :bookmark.7:memory *tmp113
   233 op add :bookmark.7:position :bookmark.7:position 2
   234 label *label28
   235 set :initializeBookmarks:i :bookmark.7:position
 
   240 set :bookmark.8:zoom 3200
   241 set *tmp116 :bookmark.8:position
   242 op add :bookmark.8:position :bookmark.8:position 1
-    * set *tmp117 *tmp116
-    * write :bookmark.8:x :bookmark.8:memory *tmp117
+  243 write :bookmark.8:x :bookmark.8:memory *tmp116
   244 set *tmp119 :bookmark.8:position
   245 op add :bookmark.8:position :bookmark.8:position 1
-    * set *tmp120 *tmp119
-    * write :bookmark.8:y :bookmark.8:memory *tmp120
+  246 write :bookmark.8:y :bookmark.8:memory *tmp119
   247 set *tmp122 :bookmark.8:position
   248 op add :bookmark.8:position :bookmark.8:position 1
-    * set *tmp123 *tmp122
-    * write :bookmark.8:zoom :bookmark.8:memory *tmp123
+  249 write :bookmark.8:zoom :bookmark.8:memory *tmp122
   250 set *tmp125 :bookmark.8:position
   251 op add :bookmark.8:position :bookmark.8:position 1
-    * set *tmp126 *tmp125
-    * write false :bookmark.8:memory *tmp126
+  252 write false :bookmark.8:memory *tmp125
   253 op add :bookmark.8:position :bookmark.8:position 2
   254 label *label29
   255 set :initializeBookmarks:i :bookmark.8:position
 
   260 set :bookmark.9:zoom 6400
   261 set *tmp128 :bookmark.9:position
   262 op add :bookmark.9:position :bookmark.9:position 1
-    * set *tmp129 *tmp128
-    * write :bookmark.9:x :bookmark.9:memory *tmp129
+  263 write :bookmark.9:x :bookmark.9:memory *tmp128
   264 set *tmp131 :bookmark.9:position
   265 op add :bookmark.9:position :bookmark.9:position 1
-    * set *tmp132 *tmp131
-    * write :bookmark.9:y :bookmark.9:memory *tmp132
+  266 write :bookmark.9:y :bookmark.9:memory *tmp131
   267 set *tmp134 :bookmark.9:position
   268 op add :bookmark.9:position :bookmark.9:position 1
-    * set *tmp135 *tmp134
-    * write :bookmark.9:zoom :bookmark.9:memory *tmp135
+  269 write :bookmark.9:zoom :bookmark.9:memory *tmp134
   270 set *tmp137 :bookmark.9:position
   271 op add :bookmark.9:position :bookmark.9:position 1
-    * set *tmp138 *tmp137
-    * write false :bookmark.9:memory *tmp138
+  272 write false :bookmark.9:memory *tmp137
   273 op add :bookmark.9:position :bookmark.9:position 2
   274 label *label30
   275 set :initializeBookmarks:i :bookmark.9:position
 
   282 set :bookmarkJulia:julia_y 0
   283 set *tmp140 :bookmarkJulia:position
   284 op add :bookmarkJulia:position :bookmarkJulia:position 1
-    * set *tmp141 *tmp140
-    * write :bookmarkJulia:x :bookmarkJulia:memory *tmp141
+  285 write :bookmarkJulia:x :bookmarkJulia:memory *tmp140
   286 set *tmp143 :bookmarkJulia:position
   287 op add :bookmarkJulia:position :bookmarkJulia:position 1
-    * set *tmp144 *tmp143
-    * write :bookmarkJulia:y :bookmarkJulia:memory *tmp144
+  288 write :bookmarkJulia:y :bookmarkJulia:memory *tmp143
   289 set *tmp146 :bookmarkJulia:position
   290 op add :bookmarkJulia:position :bookmarkJulia:position 1
-    * set *tmp147 *tmp146
-    * write :bookmarkJulia:zoom :bookmarkJulia:memory *tmp147
+  291 write :bookmarkJulia:zoom :bookmarkJulia:memory *tmp146
   292 set *tmp149 :bookmarkJulia:position
   293 op add :bookmarkJulia:position :bookmarkJulia:position 1
-    * set *tmp150 *tmp149
-    * write true :bookmarkJulia:memory *tmp150
+  294 write true :bookmarkJulia:memory *tmp149
   295 set *tmp152 :bookmarkJulia:position
   296 op add :bookmarkJulia:position :bookmarkJulia:position 1
-    * set *tmp153 *tmp152
-    * write :bookmarkJulia:julia_x :bookmarkJulia:memory *tmp153
+  297 write :bookmarkJulia:julia_x :bookmarkJulia:memory *tmp152
   298 set *tmp155 :bookmarkJulia:position
   299 op add :bookmarkJulia:position :bookmarkJulia:position 1
-    * set *tmp156 *tmp155
-    * write :bookmarkJulia:julia_y :bookmarkJulia:memory *tmp156
+  300 write :bookmarkJulia:julia_y :bookmarkJulia:memory *tmp155
   301 label *label31
   302 set :initializeBookmarks:i :bookmarkJulia:position
   303 set :bookmarkJulia.1:memory bank1
 
   309 set :bookmarkJulia.1:julia_y 1
   310 set *tmp158 :bookmarkJulia.1:position
   311 op add :bookmarkJulia.1:position :bookmarkJulia.1:position 1
-    * set *tmp159 *tmp158
-    * write :bookmarkJulia.1:x :bookmarkJulia.1:memory *tmp159
+  312 write :bookmarkJulia.1:x :bookmarkJulia.1:memory *tmp158
   313 set *tmp161 :bookmarkJulia.1:position
   314 op add :bookmarkJulia.1:position :bookmarkJulia.1:position 1
-    * set *tmp162 *tmp161
-    * write :bookmarkJulia.1:y :bookmarkJulia.1:memory *tmp162
+  315 write :bookmarkJulia.1:y :bookmarkJulia.1:memory *tmp161
   316 set *tmp164 :bookmarkJulia.1:position
   317 op add :bookmarkJulia.1:position :bookmarkJulia.1:position 1
-    * set *tmp165 *tmp164
-    * write :bookmarkJulia.1:zoom :bookmarkJulia.1:memory *tmp165
+  318 write :bookmarkJulia.1:zoom :bookmarkJulia.1:memory *tmp164
   319 set *tmp167 :bookmarkJulia.1:position
   320 op add :bookmarkJulia.1:position :bookmarkJulia.1:position 1
-    * set *tmp168 *tmp167
-    * write true :bookmarkJulia.1:memory *tmp168
+  321 write true :bookmarkJulia.1:memory *tmp167
   322 set *tmp170 :bookmarkJulia.1:position
   323 op add :bookmarkJulia.1:position :bookmarkJulia.1:position 1
-    * set *tmp171 *tmp170
-    * write :bookmarkJulia.1:julia_x :bookmarkJulia.1:memory *tmp171
+  324 write :bookmarkJulia.1:julia_x :bookmarkJulia.1:memory *tmp170
   325 set *tmp173 :bookmarkJulia.1:position
   326 op add :bookmarkJulia.1:position :bookmarkJulia.1:position 1
-    * set *tmp174 *tmp173
-    * write :bookmarkJulia.1:julia_y :bookmarkJulia.1:memory *tmp174
+  327 write :bookmarkJulia.1:julia_y :bookmarkJulia.1:memory *tmp173
   328 label *label32
   329 set :initializeBookmarks:i :bookmarkJulia.1:position
   330 set :bookmarkJulia.2:memory bank1
 
   336 set :bookmarkJulia.2:julia_y -0.03734831
   337 set *tmp176 :bookmarkJulia.2:position
   338 op add :bookmarkJulia.2:position :bookmarkJulia.2:position 1
-    * set *tmp177 *tmp176
-    * write :bookmarkJulia.2:x :bookmarkJulia.2:memory *tmp177
+  339 write :bookmarkJulia.2:x :bookmarkJulia.2:memory *tmp176
   340 set *tmp179 :bookmarkJulia.2:position
   341 op add :bookmarkJulia.2:position :bookmarkJulia.2:position 1
-    * set *tmp180 *tmp179
-    * write :bookmarkJulia.2:y :bookmarkJulia.2:memory *tmp180
+  342 write :bookmarkJulia.2:y :bookmarkJulia.2:memory *tmp179
   343 set *tmp182 :bookmarkJulia.2:position
   344 op add :bookmarkJulia.2:position :bookmarkJulia.2:position 1
-    * set *tmp183 *tmp182
-    * write :bookmarkJulia.2:zoom :bookmarkJulia.2:memory *tmp183
+  345 write :bookmarkJulia.2:zoom :bookmarkJulia.2:memory *tmp182
   346 set *tmp185 :bookmarkJulia.2:position
   347 op add :bookmarkJulia.2:position :bookmarkJulia.2:position 1
-    * set *tmp186 *tmp185
-    * write true :bookmarkJulia.2:memory *tmp186
+  348 write true :bookmarkJulia.2:memory *tmp185
   349 set *tmp188 :bookmarkJulia.2:position
   350 op add :bookmarkJulia.2:position :bookmarkJulia.2:position 1
-    * set *tmp189 *tmp188
-    * write :bookmarkJulia.2:julia_x :bookmarkJulia.2:memory *tmp189
+  351 write :bookmarkJulia.2:julia_x :bookmarkJulia.2:memory *tmp188
   352 set *tmp191 :bookmarkJulia.2:position
   353 op add :bookmarkJulia.2:position :bookmarkJulia.2:position 1
-    * set *tmp192 *tmp191
-    * write :bookmarkJulia.2:julia_y :bookmarkJulia.2:memory *tmp192
+  354 write :bookmarkJulia.2:julia_y :bookmarkJulia.2:memory *tmp191
   355 label *label33
   356 set :initializeBookmarks:i :bookmarkJulia.2:position
   357 label *label34
 
   364 set :bookmark.10:zoom .ZOOM
   365 set *tmp195 :bookmark.10:position
   366 op add :bookmark.10:position :bookmark.10:position 1
-    * set *tmp196 *tmp195
-    * write :bookmark.10:x :bookmark.10:memory *tmp196
+  367 write :bookmark.10:x :bookmark.10:memory *tmp195
   368 set *tmp198 :bookmark.10:position
   369 op add :bookmark.10:position :bookmark.10:position 1
-    * set *tmp199 *tmp198
-    * write :bookmark.10:y :bookmark.10:memory *tmp199
+  370 write :bookmark.10:y :bookmark.10:memory *tmp198
   371 set *tmp201 :bookmark.10:position
   372 op add :bookmark.10:position :bookmark.10:position 1
-    * set *tmp202 *tmp201
-    * write :bookmark.10:zoom :bookmark.10:memory *tmp202
+  373 write :bookmark.10:zoom :bookmark.10:memory *tmp201
   374 set *tmp204 :bookmark.10:position
   375 op add :bookmark.10:position :bookmark.10:position 1
-    * set *tmp205 *tmp204
-    * write false :bookmark.10:memory *tmp205
+  376 write false :bookmark.10:memory *tmp204
   377 op add :bookmark.10:position :bookmark.10:position 2
   378 label *label37
   379 set :initializeBookmarks:i :bookmark.10:position
 
   399 set .PALETTE 1
   400 write .PALETTE bank1 75
   401 print "Palette #"
-    * set *tmp207 .PALETTE
-    * print *tmp207
+  402 print .PALETTE
   403 printflush message3
   404 label *label15
   405 set :updateBookmarks true
 
   412 set :start @time
   413 op notEqual *tmp208 .links @links
   414 jump *label41 equal *tmp208 false
-    * set *tmp210 @links
-    * set .links *tmp210
+  415 set .links @links
   416 set *tmp211 .links
   417 set :initializeProcessors:i 0
   418 label *label44
   419 jump *label46 greaterThanEq :initializeProcessors:i *tmp211
-    * getlink *tmp212 :initializeProcessors:i
-    * set :initializeProcessors:proc *tmp212
+  420 getlink :initializeProcessors:proc :initializeProcessors:i
   421 write display1 :initializeProcessors:proc ".display"
   422 write bank1 :initializeProcessors:proc ".memory"
   423 label *label45
 
   435 jump *label48 always
   436 label *label47
   437 label *label48
-    * sensor *tmp216 display1 @operations
-    * set :operations *tmp216
+  438 sensor :operations display1 @operations
   439 jump *label49 equal :print false
   440 print "Mandelbrot Mania! v3.1"
   441 print "\n"
 
   492 set :handleMove:x 0
   493 set :handleMove:y 1
   494 set :handleMove:z 1
-    * set *tmp223 :handleMove:switch
-    * sensor *tmp224 *tmp223 @enabled
+  495 sensor *tmp224 :handleMove:switch @enabled
   496 jump *label55 equal *tmp224 false
   497 set .CHANGE true
   498 op notEqual *tmp226 :handleMove:x 0
   499 jump *label57 equal *tmp226 false
   500 op mul *tmp228 :handleMove:x 44
   501 op div *tmp229 *tmp228 .ZOOM
-    * op add *tmp230 .X *tmp229
-    * set .X *tmp230
+  502 op add .X .X *tmp229
   503 write .X bank1 69
   504 jump *label58 always
   505 label *label57
 
   508 jump *label59 equal *tmp231 false
   509 op mul *tmp233 :handleMove:y 44
   510 op div *tmp234 *tmp233 .ZOOM
-    * op add *tmp235 .Y *tmp234
-    * set .Y *tmp235
+  511 op add .Y .Y *tmp234
   512 write .Y bank1 70
   513 jump *label60 always
   514 label *label59
   515 label *label60
   516 op notEqual *tmp236 :handleMove:z 1
   517 jump *label61 equal *tmp236 false
-    * op mul *tmp238 .ZOOM :handleMove:z
-    * set .ZOOM *tmp238
+  518 op mul .ZOOM .ZOOM :handleMove:z
   519 write .ZOOM bank1 71
   520 jump *label62 always
   521 label *label61
   522 label *label62
-    * set *tmp239 :handleMove:switch
-    * control enabled *tmp239 false
+  523 control enabled :handleMove:switch false
   524 jump *label56 always
   525 label *label55
   526 label *label56
 
   529 set :handleMove.1:x -1
   530 set :handleMove.1:y 0
   531 set :handleMove.1:z 1
-    * set *tmp241 :handleMove.1:switch
-    * sensor *tmp242 *tmp241 @enabled
+  532 sensor *tmp242 :handleMove.1:switch @enabled
   533 jump *label64 equal *tmp242 false
   534 set .CHANGE true
   535 op notEqual *tmp244 :handleMove.1:x 0
   536 jump *label66 equal *tmp244 false
   537 op mul *tmp246 :handleMove.1:x 44
   538 op div *tmp247 *tmp246 .ZOOM
-    * op add *tmp248 .X *tmp247
-    * set .X *tmp248
+  539 op add .X .X *tmp247
   540 write .X bank1 69
   541 jump *label67 always
   542 label *label66
 
   545 jump *label68 equal *tmp249 false
   546 op mul *tmp251 :handleMove.1:y 44
   547 op div *tmp252 *tmp251 .ZOOM
-    * op add *tmp253 .Y *tmp252
-    * set .Y *tmp253
+  548 op add .Y .Y *tmp252
   549 write .Y bank1 70
   550 jump *label69 always
   551 label *label68
   552 label *label69
   553 op notEqual *tmp254 :handleMove.1:z 1
   554 jump *label70 equal *tmp254 false
-    * op mul *tmp256 .ZOOM :handleMove.1:z
-    * set .ZOOM *tmp256
+  555 op mul .ZOOM .ZOOM :handleMove.1:z
   556 write .ZOOM bank1 71
   557 jump *label71 always
   558 label *label70
   559 label *label71
-    * set *tmp257 :handleMove.1:switch
-    * control enabled *tmp257 false
+  560 control enabled :handleMove.1:switch false
   561 jump *label65 always
   562 label *label64
   563 label *label65
 
   566 set :handleMove.2:x 1
   567 set :handleMove.2:y 0
   568 set :handleMove.2:z 1
-    * set *tmp259 :handleMove.2:switch
-    * sensor *tmp260 *tmp259 @enabled
+  569 sensor *tmp260 :handleMove.2:switch @enabled
   570 jump *label73 equal *tmp260 false
   571 set .CHANGE true
   572 op notEqual *tmp262 :handleMove.2:x 0
   573 jump *label75 equal *tmp262 false
   574 op mul *tmp264 :handleMove.2:x 44
   575 op div *tmp265 *tmp264 .ZOOM
-    * op add *tmp266 .X *tmp265
-    * set .X *tmp266
+  576 op add .X .X *tmp265
   577 write .X bank1 69
   578 jump *label76 always
   579 label *label75
 
   582 jump *label77 equal *tmp267 false
   583 op mul *tmp269 :handleMove.2:y 44
   584 op div *tmp270 *tmp269 .ZOOM
-    * op add *tmp271 .Y *tmp270
-    * set .Y *tmp271
+  585 op add .Y .Y *tmp270
   586 write .Y bank1 70
   587 jump *label78 always
   588 label *label77
   589 label *label78
   590 op notEqual *tmp272 :handleMove.2:z 1
   591 jump *label79 equal *tmp272 false
-    * op mul *tmp274 .ZOOM :handleMove.2:z
-    * set .ZOOM *tmp274
+  592 op mul .ZOOM .ZOOM :handleMove.2:z
   593 write .ZOOM bank1 71
   594 jump *label80 always
   595 label *label79
   596 label *label80
-    * set *tmp275 :handleMove.2:switch
-    * control enabled *tmp275 false
+  597 control enabled :handleMove.2:switch false
   598 jump *label74 always
   599 label *label73
   600 label *label74
 
   603 set :handleMove.3:x 0
   604 set :handleMove.3:y -1
   605 set :handleMove.3:z 1
-    * set *tmp277 :handleMove.3:switch
-    * sensor *tmp278 *tmp277 @enabled
+  606 sensor *tmp278 :handleMove.3:switch @enabled
   607 jump *label82 equal *tmp278 false
   608 set .CHANGE true
   609 op notEqual *tmp280 :handleMove.3:x 0
   610 jump *label84 equal *tmp280 false
   611 op mul *tmp282 :handleMove.3:x 44
   612 op div *tmp283 *tmp282 .ZOOM
-    * op add *tmp284 .X *tmp283
-    * set .X *tmp284
+  613 op add .X .X *tmp283
   614 write .X bank1 69
   615 jump *label85 always
   616 label *label84
 
   619 jump *label86 equal *tmp285 false
   620 op mul *tmp287 :handleMove.3:y 44
   621 op div *tmp288 *tmp287 .ZOOM
-    * op add *tmp289 .Y *tmp288
-    * set .Y *tmp289
+  622 op add .Y .Y *tmp288
   623 write .Y bank1 70
   624 jump *label87 always
   625 label *label86
   626 label *label87
   627 op notEqual *tmp290 :handleMove.3:z 1
   628 jump *label88 equal *tmp290 false
-    * op mul *tmp292 .ZOOM :handleMove.3:z
-    * set .ZOOM *tmp292
+  629 op mul .ZOOM .ZOOM :handleMove.3:z
   630 write .ZOOM bank1 71
   631 jump *label89 always
   632 label *label88
   633 label *label89
-    * set *tmp293 :handleMove.3:switch
-    * control enabled *tmp293 false
+  634 control enabled :handleMove.3:switch false
   635 jump *label83 always
   636 label *label82
   637 label *label83
 
   640 set :handleMove.4:x 0
   641 set :handleMove.4:y 0
   642 set :handleMove.4:z 2
-    * set *tmp295 :handleMove.4:switch
-    * sensor *tmp296 *tmp295 @enabled
+  643 sensor *tmp296 :handleMove.4:switch @enabled
   644 jump *label91 equal *tmp296 false
   645 set .CHANGE true
   646 op notEqual *tmp298 :handleMove.4:x 0
   647 jump *label93 equal *tmp298 false
   648 op mul *tmp300 :handleMove.4:x 44
   649 op div *tmp301 *tmp300 .ZOOM
-    * op add *tmp302 .X *tmp301
-    * set .X *tmp302
+  650 op add .X .X *tmp301
   651 write .X bank1 69
   652 jump *label94 always
   653 label *label93
 
   656 jump *label95 equal *tmp303 false
   657 op mul *tmp305 :handleMove.4:y 44
   658 op div *tmp306 *tmp305 .ZOOM
-    * op add *tmp307 .Y *tmp306
-    * set .Y *tmp307
+  659 op add .Y .Y *tmp306
   660 write .Y bank1 70
   661 jump *label96 always
   662 label *label95
   663 label *label96
   664 op notEqual *tmp308 :handleMove.4:z 1
   665 jump *label97 equal *tmp308 false
-    * op mul *tmp310 .ZOOM :handleMove.4:z
-    * set .ZOOM *tmp310
+  666 op mul .ZOOM .ZOOM :handleMove.4:z
   667 write .ZOOM bank1 71
   668 jump *label98 always
   669 label *label97
   670 label *label98
-    * set *tmp311 :handleMove.4:switch
-    * control enabled *tmp311 false
+  671 control enabled :handleMove.4:switch false
   672 jump *label92 always
   673 label *label91
   674 label *label92
 
   677 set :handleMove.5:x 0
   678 set :handleMove.5:y 0
   679 set :handleMove.5:z 0.5
-    * set *tmp313 :handleMove.5:switch
-    * sensor *tmp314 *tmp313 @enabled
+  680 sensor *tmp314 :handleMove.5:switch @enabled
   681 jump *label100 equal *tmp314 false
   682 set .CHANGE true
   683 op notEqual *tmp316 :handleMove.5:x 0
   684 jump *label102 equal *tmp316 false
   685 op mul *tmp318 :handleMove.5:x 44
   686 op div *tmp319 *tmp318 .ZOOM
-    * op add *tmp320 .X *tmp319
-    * set .X *tmp320
+  687 op add .X .X *tmp319
   688 write .X bank1 69
   689 jump *label103 always
   690 label *label102
 
   693 jump *label104 equal *tmp321 false
   694 op mul *tmp323 :handleMove.5:y 44
   695 op div *tmp324 *tmp323 .ZOOM
-    * op add *tmp325 .Y *tmp324
-    * set .Y *tmp325
+  696 op add .Y .Y *tmp324
   697 write .Y bank1 70
   698 jump *label105 always
   699 label *label104
   700 label *label105
   701 op notEqual *tmp326 :handleMove.5:z 1
   702 jump *label106 equal *tmp326 false
-    * op mul *tmp328 .ZOOM :handleMove.5:z
-    * set .ZOOM *tmp328
+  703 op mul .ZOOM .ZOOM :handleMove.5:z
   704 write .ZOOM bank1 71
   705 jump *label107 always
   706 label *label106
   707 label *label107
-    * set *tmp329 :handleMove.5:switch
-    * control enabled *tmp329 false
+  708 control enabled :handleMove.5:switch false
   709 jump *label101 always
   710 label *label100
   711 label *label101
 
   714 op notEqual *tmp332 *tmp331 .JULIA
   715 jump *label108 equal *tmp332 false
   716 set .CHANGE true
-    * sensor *tmp334 switch7 @enabled
-    * set .JULIA *tmp334
+  717 sensor .JULIA switch7 @enabled
   718 write .JULIA bank1 72
   719 jump *label110 equal .JULIA false
   720 set .JULIA_X .X
 
   731 jump *label112 equal *tmp336 false
   732 set :loadBookmark:position .position
   733 set :loadBookmark:bookmark .bookmark
-    * set *tmp338 :loadBookmark:position
-    * read *tmp340 bank1 *tmp338
-    * set .X *tmp340
+  734 read .X bank1 :loadBookmark:position
   735 write .X bank1 69
-    * op add *tmp341 :loadBookmark:position 1
-    * set *tmp342 *tmp341
-    * read *tmp344 bank1 *tmp342
-    * set .Y *tmp344
+  736 op add *tmp342 :loadBookmark:position 1
+  737 read .Y bank1 *tmp342
   738 write .Y bank1 70
   739 op add *tmp345 :loadBookmark:position 2
-    * set *tmp346 *tmp345
-    * read *tmp348 bank1 *tmp346
-    * set .ZOOM *tmp348
+  740 read .ZOOM bank1 *tmp345
   741 write .ZOOM bank1 71
   742 op add *tmp349 :loadBookmark:position 3
-    * set *tmp350 *tmp349
-    * read *tmp352 bank1 *tmp350
-    * set .JULIA *tmp352
+  743 read .JULIA bank1 *tmp349
   744 write .JULIA bank1 72
   745 op add *tmp353 :loadBookmark:position 4
-    * set *tmp354 *tmp353
-    * read *tmp356 bank1 *tmp354
-    * set .JULIA_X *tmp356
+  746 read .JULIA_X bank1 *tmp353
   747 write .JULIA_X bank1 73
   748 op add *tmp357 :loadBookmark:position 5
-    * set *tmp358 *tmp357
-    * read *tmp360 bank1 *tmp358
-    * set .JULIA_Y *tmp360
+  749 read .JULIA_Y bank1 *tmp357
   750 write .JULIA_Y bank1 74
   751 control enabled switch7 .JULIA
   752 control enabled switch8 false
   753 set .text1 "\nLoaded from #"
-    * op add *tmp363 :loadBookmark:bookmark 1
-    * set .text2 *tmp363
+  754 op add .text2 :loadBookmark:bookmark 1
   755 label *label114
   756 set .CHANGE true
   757 jump *label113 always
 
   761 jump *label115 equal *tmp364 false
   762 set :saveBookmark:position .position
   763 set :saveBookmark:bookmark .bookmark
-    * set *tmp366 :saveBookmark:position
-    * write .X bank1 *tmp366
+  764 write .X bank1 :saveBookmark:position
   765 op add *tmp368 :saveBookmark:position 1
-    * set *tmp369 *tmp368
-    * write .Y bank1 *tmp369
+  766 write .Y bank1 *tmp368
   767 op add *tmp371 :saveBookmark:position 2
-    * set *tmp372 *tmp371
-    * write .ZOOM bank1 *tmp372
-    * op add *tmp374 :saveBookmark:position 3
-    * set *tmp375 *tmp374
+  768 write .ZOOM bank1 *tmp371
+  769 op add *tmp375 :saveBookmark:position 3
   770 write .JULIA bank1 *tmp375
   771 op add *tmp377 :saveBookmark:position 4
-    * set *tmp378 *tmp377
-    * write .JULIA_X bank1 *tmp378
+  772 write .JULIA_X bank1 *tmp377
   773 op add *tmp380 :saveBookmark:position 5
-    * set *tmp381 *tmp380
-    * write .JULIA_Y bank1 *tmp381
+  774 write .JULIA_Y bank1 *tmp380
   775 control enabled switch9 false
   776 set .text1 "\nSaved to #"
-    * op add *tmp384 :saveBookmark:bookmark 1
-    * set .text2 *tmp384
+  777 op add .text2 :saveBookmark:bookmark 1
   778 label *label117
   779 set :updateBookmarks true
   780 jump *label116 always
 
   784 set :handleTopRowButtons:index 0
   785 label *label119
   786 jump *label121 greaterThanEq :handleTopRowButtons:index 13
-    * set *tmp385 :handleTopRowButtons:index
-    * readarr<internal:folded:regular> *tmp386 .buttonBookmark[] *tmp385
-    * set :handleTopRowButtons:switch *tmp386
+  787 readarr<internal:folded:regular> :handleTopRowButtons:switch .buttonBookmark[] :handleTopRowButtons:index
   788 op equal *tmp387 :handleTopRowButtons:index .bookmark
   789 jump *label122 equal *tmp387 false
-    * set *tmp389 :handleTopRowButtons:switch
-    * control enabled *tmp389 true
+  790 control enabled :handleTopRowButtons:switch true
   791 jump *label123 always
   792 label *label122
   793 op equal *tmp391 :handleTopRowButtons:index .bookmark_clr
   794 jump *label124 equal *tmp391 false
-    * set *tmp393 :handleTopRowButtons:switch
-    * control enabled *tmp393 false
+  795 control enabled :handleTopRowButtons:switch false
   796 set .bookmark_clr -1
   797 jump *label125 always
   798 label *label124
 
   801 set .bookmark_clr .bookmark
   802 set .bookmark :handleTopRowButtons:index
   803 op mul *tmp397 6 .bookmark
-    * op add *tmp398 80 *tmp397
-    * set .position *tmp398
+  804 op add .position 80 *tmp397
   805 set :handleTopRowButtons:updateBookmarks true
   806 jump *label127 always
   807 label *label126
 
   815 set :handleTopRowButtons:index.1 0
   816 label *label128
   817 jump *label130 greaterThanEq :handleTopRowButtons:index.1 5
-    * set *tmp399 :handleTopRowButtons:index.1
-    * readarr<internal:folded:regular> *tmp400 .buttonPalette[] *tmp399
-    * set :handleTopRowButtons:switch.1 *tmp400
+  818 readarr<internal:folded:regular> :handleTopRowButtons:switch.1 .buttonPalette[] :handleTopRowButtons:index.1
   819 op equal *tmp401 :handleTopRowButtons:index.1 .palette
   820 jump *label131 equal *tmp401 false
-    * set *tmp403 :handleTopRowButtons:switch.1
-    * control enabled *tmp403 true
+  821 control enabled :handleTopRowButtons:switch.1 true
   822 jump *label132 always
   823 label *label131
   824 op equal *tmp405 :handleTopRowButtons:index.1 .palette_clr
   825 jump *label133 equal *tmp405 false
-    * set *tmp407 :handleTopRowButtons:switch.1
-    * control enabled *tmp407 false
+  826 control enabled :handleTopRowButtons:switch.1 false
   827 set .palette_clr -1
   828 jump *label134 always
   829 label *label133
 
   831 jump *label135 equal *tmp409 false
   832 set .palette_clr .palette
   833 set .palette :handleTopRowButtons:index.1
-    * op add *tmp411 :handleTopRowButtons:index.1 1
-    * set .PALETTE *tmp411
+  834 op add .PALETTE :handleTopRowButtons:index.1 1
   835 write .PALETTE bank1 75
   836 print "Palette #"
-    * set *tmp412 .PALETTE
-    * print *tmp412
+  837 print .PALETTE
   838 printflush message3
   839 set .CHANGE true
   840 jump *label136 always
 
   866 print *tmp414
   867 print ":"
   868 print "\n"
-    * op add *tmp415 :printBookmarks:position 3
-    * set *tmp416 *tmp415
+  869 op add *tmp416 :printBookmarks:position 3
   870 read *tmp418 bank1 *tmp416
   871 jump *label140 equal *tmp418 false
   872 print "Julia set of Mandelbrot"
   873 print "\n"
   874 print "fractal at coordinates"
   875 print "\n"
-    * op add *tmp420 :printBookmarks:position 4
-    * set *tmp421 *tmp420
+  876 op add *tmp421 :printBookmarks:position 4
   877 print "   X: "
   878 read *tmp423 bank1 *tmp421
   879 print *tmp423
   880 print "\"
   881 print "n"
-    * op add *tmp424 :printBookmarks:position 5
-    * set *tmp425 *tmp424
+  882 op add *tmp425 :printBookmarks:position 5
   883 print "   Y: "
   884 read *tmp427 bank1 *tmp425
   885 print *tmp427
 
   898 print *tmp430
   899 print "\"
   900 print "n"
-    * op add *tmp431 :printBookmarks:position 1
-    * set *tmp432 *tmp431
+  901 op add *tmp432 :printBookmarks:position 1
   902 print "Y: "
   903 read *tmp434 bank1 *tmp432
   904 print *tmp434
   905 print "\"
   906 print "n"
-    * op add *tmp435 :printBookmarks:position 2
-    * set *tmp436 *tmp435
+  907 op add *tmp436 :printBookmarks:position 2
   908 print "Zoom: "
   909 read *tmp438 bank1 *tmp436
   910 print *tmp438
 
   918 label *label138
   919 read *tmp440 bank1 66
   920 op mul *tmp439 100 *tmp440
-    * op idiv *tmp441 *tmp439 30976
-    * set .PERCENT *tmp441
+  921 op idiv .PERCENT *tmp439 30976
   922 op lessThan *tmp442 .PERCENT 100
   923 jump *label142 equal *tmp442 false
   924 op sub *tmp444 @second .second
-    * op round *tmp445 *tmp444
-    * set .TIME *tmp445
+  925 op round .TIME *tmp444
   926 jump *label143 always
   927 label *label142
   928 label *label143
 
   960 op add .START .START 1
   961 write .START bank1 67
   962 label *label152
-    * set *tmp453 @second
-    * set .second *tmp453
+  963 set .second @second
   964 set .text2 ""
   965 set .text1 .text2
   966 set :print true
-    * set *tmp454 @links
-    * set .links *tmp454
+  967 set .links @links
   968 set *tmp455 .links
   969 set :initializeProcessors.1:i 0
   970 label *label154
   971 jump *label156 greaterThanEq :initializeProcessors.1:i *tmp455
-    * getlink *tmp456 :initializeProcessors.1:i
-    * set :initializeProcessors.1:proc *tmp456
+  972 getlink :initializeProcessors.1:proc :initializeProcessors.1:i
   973 write display1 :initializeProcessors.1:proc ".display"
   974 write bank1 :initializeProcessors.1:proc ".memory"
   975 label *label155

Modifications by Iterated phase, Jump Normalization, pass 1, iteration 1 (-1 instructions):
 
   408 set :lastTime 0
   409 set :lastPercent 0
   410 label *label38
-    * jump *label40 equal true false
   411 set :start @time
   412 op notEqual *tmp208 .links @links
   413 jump *label41 equal *tmp208 false

Modifications by Iterated phase, Jump Straightening, pass 1, iteration 1 (-1 instructions):
 
   929 jump *label146 notEqual *tmp446 false
   930 label *label147
   931 op notEqual *tmp447 :lastPercent .PERCENT
-    * jump *label146 notEqual *tmp447 false
-    * jump *label144 always
+  932 jump *label144 equal *tmp447 false
   933 label *label146
   934 set :lastTime .TIME
   935 set :lastPercent .PERCENT

Modifications by Iterated phase, Condition Optimization, pass 1, iteration 1 (-29 instructions):
 
   355 label *label33
   356 set :initializeBookmarks:i :bookmarkJulia.2:position
   357 label *label34
-    * op lessThan *tmp194 :initializeBookmarks:i 158
-    * jump *label36 equal *tmp194 false
+  358 jump *label36 greaterThanEq :initializeBookmarks:i 158
   359 set :bookmark.10:memory bank1
   360 set :bookmark.10:position :initializeBookmarks:i
   361 set :bookmark.10:x .X
 
   408 set :lastPercent 0
   409 label *label38
   410 set :start @time
-    * op notEqual *tmp208 .links @links
-    * jump *label41 equal *tmp208 false
+  411 jump *label41 equal .links @links
   412 set .links @links
   413 set *tmp211 .links
   414 set :initializeProcessors:i 0
 
   426 label *label41
   427 label *label42
   428 sensor *tmp213 display1 @operations
-    * op greaterThan *tmp214 :operations *tmp213
-    * jump *label47 equal *tmp214 false
+  429 jump *label47 lessThanEq :operations *tmp213
   430 set .CHANGE true
   431 jump *label48 always
   432 label *label47
 
   491 sensor *tmp224 :handleMove:switch @enabled
   492 jump *label55 equal *tmp224 false
   493 set .CHANGE true
-    * op notEqual *tmp226 :handleMove:x 0
-    * jump *label57 equal *tmp226 false
+  494 jump *label57 equal :handleMove:x 0
   495 op mul *tmp228 :handleMove:x 44
   496 op div *tmp229 *tmp228 .ZOOM
   497 op add .X .X *tmp229
 
   499 jump *label58 always
   500 label *label57
   501 label *label58
-    * op notEqual *tmp231 :handleMove:y 0
-    * jump *label59 equal *tmp231 false
+  502 jump *label59 equal :handleMove:y 0
   503 op mul *tmp233 :handleMove:y 44
   504 op div *tmp234 *tmp233 .ZOOM
   505 op add .Y .Y *tmp234
 
   507 jump *label60 always
   508 label *label59
   509 label *label60
-    * op notEqual *tmp236 :handleMove:z 1
-    * jump *label61 equal *tmp236 false
+  510 jump *label61 equal :handleMove:z 1
   511 op mul .ZOOM .ZOOM :handleMove:z
   512 write .ZOOM bank1 71
   513 jump *label62 always
 
   525 sensor *tmp242 :handleMove.1:switch @enabled
   526 jump *label64 equal *tmp242 false
   527 set .CHANGE true
-    * op notEqual *tmp244 :handleMove.1:x 0
-    * jump *label66 equal *tmp244 false
+  528 jump *label66 equal :handleMove.1:x 0
   529 op mul *tmp246 :handleMove.1:x 44
   530 op div *tmp247 *tmp246 .ZOOM
   531 op add .X .X *tmp247
 
   533 jump *label67 always
   534 label *label66
   535 label *label67
-    * op notEqual *tmp249 :handleMove.1:y 0
-    * jump *label68 equal *tmp249 false
+  536 jump *label68 equal :handleMove.1:y 0
   537 op mul *tmp251 :handleMove.1:y 44
   538 op div *tmp252 *tmp251 .ZOOM
   539 op add .Y .Y *tmp252
 
   541 jump *label69 always
   542 label *label68
   543 label *label69
-    * op notEqual *tmp254 :handleMove.1:z 1
-    * jump *label70 equal *tmp254 false
+  544 jump *label70 equal :handleMove.1:z 1
   545 op mul .ZOOM .ZOOM :handleMove.1:z
   546 write .ZOOM bank1 71
   547 jump *label71 always
 
   559 sensor *tmp260 :handleMove.2:switch @enabled
   560 jump *label73 equal *tmp260 false
   561 set .CHANGE true
-    * op notEqual *tmp262 :handleMove.2:x 0
-    * jump *label75 equal *tmp262 false
+  562 jump *label75 equal :handleMove.2:x 0
   563 op mul *tmp264 :handleMove.2:x 44
   564 op div *tmp265 *tmp264 .ZOOM
   565 op add .X .X *tmp265
 
   567 jump *label76 always
   568 label *label75
   569 label *label76
-    * op notEqual *tmp267 :handleMove.2:y 0
-    * jump *label77 equal *tmp267 false
+  570 jump *label77 equal :handleMove.2:y 0
   571 op mul *tmp269 :handleMove.2:y 44
   572 op div *tmp270 *tmp269 .ZOOM
   573 op add .Y .Y *tmp270
 
   575 jump *label78 always
   576 label *label77
   577 label *label78
-    * op notEqual *tmp272 :handleMove.2:z 1
-    * jump *label79 equal *tmp272 false
+  578 jump *label79 equal :handleMove.2:z 1
   579 op mul .ZOOM .ZOOM :handleMove.2:z
   580 write .ZOOM bank1 71
   581 jump *label80 always
 
   593 sensor *tmp278 :handleMove.3:switch @enabled
   594 jump *label82 equal *tmp278 false
   595 set .CHANGE true
-    * op notEqual *tmp280 :handleMove.3:x 0
-    * jump *label84 equal *tmp280 false
+  596 jump *label84 equal :handleMove.3:x 0
   597 op mul *tmp282 :handleMove.3:x 44
   598 op div *tmp283 *tmp282 .ZOOM
   599 op add .X .X *tmp283
 
   601 jump *label85 always
   602 label *label84
   603 label *label85
-    * op notEqual *tmp285 :handleMove.3:y 0
-    * jump *label86 equal *tmp285 false
+  604 jump *label86 equal :handleMove.3:y 0
   605 op mul *tmp287 :handleMove.3:y 44
   606 op div *tmp288 *tmp287 .ZOOM
   607 op add .Y .Y *tmp288
 
   609 jump *label87 always
   610 label *label86
   611 label *label87
-    * op notEqual *tmp290 :handleMove.3:z 1
-    * jump *label88 equal *tmp290 false
+  612 jump *label88 equal :handleMove.3:z 1
   613 op mul .ZOOM .ZOOM :handleMove.3:z
   614 write .ZOOM bank1 71
   615 jump *label89 always
 
   627 sensor *tmp296 :handleMove.4:switch @enabled
   628 jump *label91 equal *tmp296 false
   629 set .CHANGE true
-    * op notEqual *tmp298 :handleMove.4:x 0
-    * jump *label93 equal *tmp298 false
+  630 jump *label93 equal :handleMove.4:x 0
   631 op mul *tmp300 :handleMove.4:x 44
   632 op div *tmp301 *tmp300 .ZOOM
   633 op add .X .X *tmp301
 
   635 jump *label94 always
   636 label *label93
   637 label *label94
-    * op notEqual *tmp303 :handleMove.4:y 0
-    * jump *label95 equal *tmp303 false
+  638 jump *label95 equal :handleMove.4:y 0
   639 op mul *tmp305 :handleMove.4:y 44
   640 op div *tmp306 *tmp305 .ZOOM
   641 op add .Y .Y *tmp306
 
   643 jump *label96 always
   644 label *label95
   645 label *label96
-    * op notEqual *tmp308 :handleMove.4:z 1
-    * jump *label97 equal *tmp308 false
+  646 jump *label97 equal :handleMove.4:z 1
   647 op mul .ZOOM .ZOOM :handleMove.4:z
   648 write .ZOOM bank1 71
   649 jump *label98 always
 
   661 sensor *tmp314 :handleMove.5:switch @enabled
   662 jump *label100 equal *tmp314 false
   663 set .CHANGE true
-    * op notEqual *tmp316 :handleMove.5:x 0
-    * jump *label102 equal *tmp316 false
+  664 jump *label102 equal :handleMove.5:x 0
   665 op mul *tmp318 :handleMove.5:x 44
   666 op div *tmp319 *tmp318 .ZOOM
   667 op add .X .X *tmp319
 
   669 jump *label103 always
   670 label *label102
   671 label *label103
-    * op notEqual *tmp321 :handleMove.5:y 0
-    * jump *label104 equal *tmp321 false
+  672 jump *label104 equal :handleMove.5:y 0
   673 op mul *tmp323 :handleMove.5:y 44
   674 op div *tmp324 *tmp323 .ZOOM
   675 op add .Y .Y *tmp324
 
   677 jump *label105 always
   678 label *label104
   679 label *label105
-    * op notEqual *tmp326 :handleMove.5:z 1
-    * jump *label106 equal *tmp326 false
+  680 jump *label106 equal :handleMove.5:z 1
   681 op mul .ZOOM .ZOOM :handleMove.5:z
   682 write .ZOOM bank1 71
   683 jump *label107 always
 
   689 label *label101
   690 label *label99
   691 sensor *tmp331 switch7 @enabled
-    * op notEqual *tmp332 *tmp331 .JULIA
-    * jump *label108 equal *tmp332 false
+  692 jump *label108 equal *tmp331 .JULIA
   693 set .CHANGE true
   694 sensor .JULIA switch7 @enabled
   695 write .JULIA bank1 72
 
   762 label *label119
   763 jump *label121 greaterThanEq :handleTopRowButtons:index 13
   764 readarr<internal:folded:regular> :handleTopRowButtons:switch .buttonBookmark[] :handleTopRowButtons:index
-    * op equal *tmp387 :handleTopRowButtons:index .bookmark
-    * jump *label122 equal *tmp387 false
+  765 jump *label122 notEqual :handleTopRowButtons:index .bookmark
   766 control enabled :handleTopRowButtons:switch true
   767 jump *label123 always
   768 label *label122
-    * op equal *tmp391 :handleTopRowButtons:index .bookmark_clr
-    * jump *label124 equal *tmp391 false
+  769 jump *label124 notEqual :handleTopRowButtons:index .bookmark_clr
   770 control enabled :handleTopRowButtons:switch false
   771 set .bookmark_clr -1
   772 jump *label125 always
 
   791 label *label128
   792 jump *label130 greaterThanEq :handleTopRowButtons:index.1 5
   793 readarr<internal:folded:regular> :handleTopRowButtons:switch.1 .buttonPalette[] :handleTopRowButtons:index.1
-    * op equal *tmp401 :handleTopRowButtons:index.1 .palette
-    * jump *label131 equal *tmp401 false
+  794 jump *label131 notEqual :handleTopRowButtons:index.1 .palette
   795 control enabled :handleTopRowButtons:switch.1 true
   796 jump *label132 always
   797 label *label131
-    * op equal *tmp405 :handleTopRowButtons:index.1 .palette_clr
-    * jump *label133 equal *tmp405 false
+  798 jump *label133 notEqual :handleTopRowButtons:index.1 .palette_clr
   799 control enabled :handleTopRowButtons:switch.1 false
   800 set .palette_clr -1
   801 jump *label134 always
 
   892 read *tmp440 bank1 66
   893 op mul *tmp439 100 *tmp440
   894 op idiv .PERCENT *tmp439 30976
-    * op lessThan *tmp442 .PERCENT 100
-    * jump *label142 equal *tmp442 false
+  895 jump *label142 greaterThanEq .PERCENT 100
   896 op sub *tmp444 @second .second
   897 op round .TIME *tmp444
   898 jump *label143 always
   899 label *label142
   900 label *label143
-    * op notEqual *tmp446 :lastTime .TIME
-    * jump *label146 notEqual *tmp446 false
+  901 jump *label146 notEqual :lastTime .TIME
   902 label *label147
-    * op notEqual *tmp447 :lastPercent .PERCENT
-    * jump *label144 equal *tmp447 false
+  903 jump *label144 equal :lastPercent .PERCENT
   904 label *label146
   905 set :lastTime .TIME
   906 set :lastPercent .PERCENT

Modifications by Iterated phase, Single Step Elimination, pass 1, iteration 1 (-37 instructions):
 
   422 jump *label44 always
   423 label *label46
   424 label *label43
-    * jump *label42 always
   425 label *label41
   426 label *label42
   427 sensor *tmp213 display1 @operations
   428 jump *label47 lessThanEq :operations *tmp213
   429 set .CHANGE true
-    * jump *label48 always
   430 label *label47
   431 label *label48
   432 sensor :operations display1 @operations
 
   479 printflush message1
   480 label *label51
   481 set :print false
-    * jump *label50 always
   482 label *label49
   483 label *label50
   484 set :handleMove:switch switch1
 
   493 op div *tmp229 *tmp228 .ZOOM
   494 op add .X .X *tmp229
   495 write .X bank1 69
-    * jump *label58 always
   496 label *label57
   497 label *label58
   498 jump *label59 equal :handleMove:y 0
 
   500 op div *tmp234 *tmp233 .ZOOM
   501 op add .Y .Y *tmp234
   502 write .Y bank1 70
-    * jump *label60 always
   503 label *label59
   504 label *label60
   505 jump *label61 equal :handleMove:z 1
   506 op mul .ZOOM .ZOOM :handleMove:z
   507 write .ZOOM bank1 71
-    * jump *label62 always
   508 label *label61
   509 label *label62
   510 control enabled :handleMove:switch false
-    * jump *label56 always
   511 label *label55
   512 label *label56
   513 label *label54
 
   523 op div *tmp247 *tmp246 .ZOOM
   524 op add .X .X *tmp247
   525 write .X bank1 69
-    * jump *label67 always
   526 label *label66
   527 label *label67
   528 jump *label68 equal :handleMove.1:y 0
 
   530 op div *tmp252 *tmp251 .ZOOM
   531 op add .Y .Y *tmp252
   532 write .Y bank1 70
-    * jump *label69 always
   533 label *label68
   534 label *label69
   535 jump *label70 equal :handleMove.1:z 1
   536 op mul .ZOOM .ZOOM :handleMove.1:z
   537 write .ZOOM bank1 71
-    * jump *label71 always
   538 label *label70
   539 label *label71
   540 control enabled :handleMove.1:switch false
-    * jump *label65 always
   541 label *label64
   542 label *label65
   543 label *label63
 
   553 op div *tmp265 *tmp264 .ZOOM
   554 op add .X .X *tmp265
   555 write .X bank1 69
-    * jump *label76 always
   556 label *label75
   557 label *label76
   558 jump *label77 equal :handleMove.2:y 0
 
   560 op div *tmp270 *tmp269 .ZOOM
   561 op add .Y .Y *tmp270
   562 write .Y bank1 70
-    * jump *label78 always
   563 label *label77
   564 label *label78
   565 jump *label79 equal :handleMove.2:z 1
   566 op mul .ZOOM .ZOOM :handleMove.2:z
   567 write .ZOOM bank1 71
-    * jump *label80 always
   568 label *label79
   569 label *label80
   570 control enabled :handleMove.2:switch false
-    * jump *label74 always
   571 label *label73
   572 label *label74
   573 label *label72
 
   583 op div *tmp283 *tmp282 .ZOOM
   584 op add .X .X *tmp283
   585 write .X bank1 69
-    * jump *label85 always
   586 label *label84
   587 label *label85
   588 jump *label86 equal :handleMove.3:y 0
 
   590 op div *tmp288 *tmp287 .ZOOM
   591 op add .Y .Y *tmp288
   592 write .Y bank1 70
-    * jump *label87 always
   593 label *label86
   594 label *label87
   595 jump *label88 equal :handleMove.3:z 1
   596 op mul .ZOOM .ZOOM :handleMove.3:z
   597 write .ZOOM bank1 71
-    * jump *label89 always
   598 label *label88
   599 label *label89
   600 control enabled :handleMove.3:switch false
-    * jump *label83 always
   601 label *label82
   602 label *label83
   603 label *label81
 
   613 op div *tmp301 *tmp300 .ZOOM
   614 op add .X .X *tmp301
   615 write .X bank1 69
-    * jump *label94 always
   616 label *label93
   617 label *label94
   618 jump *label95 equal :handleMove.4:y 0
 
   620 op div *tmp306 *tmp305 .ZOOM
   621 op add .Y .Y *tmp306
   622 write .Y bank1 70
-    * jump *label96 always
   623 label *label95
   624 label *label96
   625 jump *label97 equal :handleMove.4:z 1
   626 op mul .ZOOM .ZOOM :handleMove.4:z
   627 write .ZOOM bank1 71
-    * jump *label98 always
   628 label *label97
   629 label *label98
   630 control enabled :handleMove.4:switch false
-    * jump *label92 always
   631 label *label91
   632 label *label92
   633 label *label90
 
   643 op div *tmp319 *tmp318 .ZOOM
   644 op add .X .X *tmp319
   645 write .X bank1 69
-    * jump *label103 always
   646 label *label102
   647 label *label103
   648 jump *label104 equal :handleMove.5:y 0
 
   650 op div *tmp324 *tmp323 .ZOOM
   651 op add .Y .Y *tmp324
   652 write .Y bank1 70
-    * jump *label105 always
   653 label *label104
   654 label *label105
   655 jump *label106 equal :handleMove.5:z 1
   656 op mul .ZOOM .ZOOM :handleMove.5:z
   657 write .ZOOM bank1 71
-    * jump *label107 always
   658 label *label106
   659 label *label107
   660 control enabled :handleMove.5:switch false
-    * jump *label101 always
   661 label *label100
   662 label *label101
   663 label *label99
 
   671 write .JULIA_X bank1 73
   672 set .JULIA_Y .Y
   673 write .JULIA_Y bank1 74
-    * jump *label111 always
   674 label *label110
   675 label *label111
-    * jump *label109 always
   676 label *label108
   677 label *label109
   678 sensor *tmp336 switch8 @enabled
 
   702 op add .text2 :loadBookmark:bookmark 1
   703 label *label114
   704 set .CHANGE true
-    * jump *label113 always
   705 label *label112
   706 label *label113
   707 sensor *tmp364 switch9 @enabled
 
   724 op add .text2 :saveBookmark:bookmark 1
   725 label *label117
   726 set :updateBookmarks true
-    * jump *label116 always
   727 label *label115
   728 label *label116
   729 set :handleTopRowButtons:updateBookmarks :updateBookmarks
 
   747 op mul *tmp397 6 .bookmark
   748 op add .position 80 *tmp397
   749 set :handleTopRowButtons:updateBookmarks true
-    * jump *label127 always
   750 label *label126
   751 label *label127
   752 label *label125
 
   778 print .PALETTE
   779 printflush message3
   780 set .CHANGE true
-    * jump *label136 always
   781 label *label135
   782 label *label136
   783 label *label134
 
   853 printflush message2
   854 label *label139
   855 set :updateBookmarks false
-    * jump *label138 always
   856 label *label137
   857 label *label138
   858 read *tmp440 bank1 66
 
   861 jump *label142 greaterThanEq .PERCENT 100
   862 op sub *tmp444 @second .second
   863 op round .TIME *tmp444
-    * jump *label143 always
   864 label *label142
   865 label *label143
   866 jump *label146 notEqual :lastTime .TIME
 
   870 set :lastTime .TIME
   871 set :lastPercent .PERCENT
   872 set :print true
-    * jump *label145 always
   873 label *label144
   874 label *label145
   875 jump *label148 equal .CHANGE false
 
   910 jump *label154 always
   911 label *label156
   912 label *label153
-    * jump *label149 always
   913 label *label148
   914 label *label149
   915 print "Links: "

Modifications by Iterated phase, Data Flow Optimization, pass 1, iteration 1 (-1 instructions):
 
    31 jump *label13 equal switch9 null
    32 set .links 0
    33 set .START 0
-    * write .START bank1 67
+   34 write 0 bank1 67
    35 write ALL_PASS_COLORING bank1 76
    36 write SHOW_LEADER bank1 77
    37 set .CHANGE true
 
    42 set .second @second
    43 set .bookmark 0
    44 set .bookmark_clr -1
-    * op mul *tmp5 6 .bookmark
-    * op add .position 80 *tmp5
-    * set .palette 0
+   45 op mul *tmp5 6 0
+   46 op add .position 80 0
    47 set .palette_clr -1
    48 print "Initializing..."
    49 printflush message1
 
    58 op div *tmp10 :createPalette:g 256
    59 op div *tmp11 :createPalette:b 256
    60 packcolor *tmp12 *tmp9 *tmp10 *tmp11 255
-    * write *tmp12 bank1 *tmp7
+   61 write *tmp12 bank1 :createPalette:i
    62 op add *tmp13 :createPalette:r 147
    63 op mod :createPalette:r *tmp13 256
    64 op add *tmp15 :createPalette:g 87
 
    73 label *label16
    74 set :initializeBookmarks:i 80
    75 set :bookmark:memory bank1
-    * set :bookmark:position :initializeBookmarks:i
+   76 set :bookmark:position 80
    77 set :bookmark:x -0.8
    78 set :bookmark:y 0
    79 set :bookmark:zoom 50
-    * set *tmp20 :bookmark:position
-    * op add :bookmark:position :bookmark:position 1
-    * write :bookmark:x :bookmark:memory *tmp20
+   80 set *tmp20 :initializeBookmarks:i
+   81 op add :bookmark:position :initializeBookmarks:i 1
+   82 write -0.8 bank1 *tmp20
    83 set *tmp23 :bookmark:position
    84 op add :bookmark:position :bookmark:position 1
-    * write :bookmark:y :bookmark:memory *tmp23
+   85 write 0 bank1 *tmp23
    86 set *tmp26 :bookmark:position
    87 op add :bookmark:position :bookmark:position 1
-    * write :bookmark:zoom :bookmark:memory *tmp26
+   88 write 50 bank1 *tmp26
    89 set *tmp29 :bookmark:position
    90 op add :bookmark:position :bookmark:position 1
-    * write false :bookmark:memory *tmp29
+   91 write false bank1 *tmp29
    92 op add :bookmark:position :bookmark:position 2
    93 label *label21
    94 set :initializeBookmarks:i :bookmark:position
    95 set :bookmark.1:memory bank1
-    * set :bookmark.1:position :initializeBookmarks:i
+   96 set :bookmark.1:position :bookmark:position
    97 set :bookmark.1:x -0.14375
    98 set :bookmark.1:y 1
    99 set :bookmark.1:zoom 1600
-    * set *tmp32 :bookmark.1:position
-    * op add :bookmark.1:position :bookmark.1:position 1
-    * write :bookmark.1:x :bookmark.1:memory *tmp32
+  100 set *tmp32 :initializeBookmarks:i
+  101 op add :bookmark.1:position :initializeBookmarks:i 1
+  102 write -0.14375 bank1 *tmp32
   103 set *tmp35 :bookmark.1:position
   104 op add :bookmark.1:position :bookmark.1:position 1
-    * write :bookmark.1:y :bookmark.1:memory *tmp35
+  105 write 1 bank1 *tmp35
   106 set *tmp38 :bookmark.1:position
   107 op add :bookmark.1:position :bookmark.1:position 1
-    * write :bookmark.1:zoom :bookmark.1:memory *tmp38
+  108 write 1600 bank1 *tmp38
   109 set *tmp41 :bookmark.1:position
   110 op add :bookmark.1:position :bookmark.1:position 1
-    * write false :bookmark.1:memory *tmp41
+  111 write false bank1 *tmp41
   112 op add :bookmark.1:position :bookmark.1:position 2
   113 label *label22
   114 set :initializeBookmarks:i :bookmark.1:position
   115 set :bookmark.2:memory bank1
-    * set :bookmark.2:position :initializeBookmarks:i
+  116 set :bookmark.2:position :bookmark.1:position
   117 set :bookmark.2:x -1.675
   118 set :bookmark.2:y 0
   119 set :bookmark.2:zoom 25600
-    * set *tmp44 :bookmark.2:position
-    * op add :bookmark.2:position :bookmark.2:position 1
-    * write :bookmark.2:x :bookmark.2:memory *tmp44
+  120 set *tmp44 :initializeBookmarks:i
+  121 op add :bookmark.2:position :initializeBookmarks:i 1
+  122 write -1.675 bank1 *tmp44
   123 set *tmp47 :bookmark.2:position
   124 op add :bookmark.2:position :bookmark.2:position 1
-    * write :bookmark.2:y :bookmark.2:memory *tmp47
+  125 write 0 bank1 *tmp47
   126 set *tmp50 :bookmark.2:position
   127 op add :bookmark.2:position :bookmark.2:position 1
-    * write :bookmark.2:zoom :bookmark.2:memory *tmp50
+  128 write 25600 bank1 *tmp50
   129 set *tmp53 :bookmark.2:position
   130 op add :bookmark.2:position :bookmark.2:position 1
-    * write false :bookmark.2:memory *tmp53
+  131 write false bank1 *tmp53
   132 op add :bookmark.2:position :bookmark.2:position 2
   133 label *label23
   134 set :initializeBookmarks:i :bookmark.2:position
   135 set :bookmark.3:memory bank1
-    * set :bookmark.3:position :initializeBookmarks:i
+  136 set :bookmark.3:position :bookmark.2:position
   137 set :bookmark.3:x -1.413547
   138 set :bookmark.3:y -0.03234831
   139 set :bookmark.3:zoom 2500
-    * set *tmp56 :bookmark.3:position
-    * op add :bookmark.3:position :bookmark.3:position 1
-    * write :bookmark.3:x :bookmark.3:memory *tmp56
+  140 set *tmp56 :initializeBookmarks:i
+  141 op add :bookmark.3:position :initializeBookmarks:i 1
+  142 write -1.413547 bank1 *tmp56
   143 set *tmp59 :bookmark.3:position
   144 op add :bookmark.3:position :bookmark.3:position 1
-    * write :bookmark.3:y :bookmark.3:memory *tmp59
+  145 write -0.03234831 bank1 *tmp59
   146 set *tmp62 :bookmark.3:position
   147 op add :bookmark.3:position :bookmark.3:position 1
-    * write :bookmark.3:zoom :bookmark.3:memory *tmp62
+  148 write 2500 bank1 *tmp62
   149 set *tmp65 :bookmark.3:position
   150 op add :bookmark.3:position :bookmark.3:position 1
-    * write false :bookmark.3:memory *tmp65
+  151 write false bank1 *tmp65
   152 op add :bookmark.3:position :bookmark.3:position 2
   153 label *label24
   154 set :initializeBookmarks:i :bookmark.3:position
   155 set :bookmark.4:memory bank1
-    * set :bookmark.4:position :initializeBookmarks:i
+  156 set :bookmark.4:position :bookmark.3:position
   157 set :bookmark.4:x 0.37359375
   158 set :bookmark.4:y 0.09015625
   159 set :bookmark.4:zoom 12800
-    * set *tmp68 :bookmark.4:position
-    * op add :bookmark.4:position :bookmark.4:position 1
-    * write :bookmark.4:x :bookmark.4:memory *tmp68
+  160 set *tmp68 :initializeBookmarks:i
+  161 op add :bookmark.4:position :initializeBookmarks:i 1
+  162 write 0.37359375 bank1 *tmp68
   163 set *tmp71 :bookmark.4:position
   164 op add :bookmark.4:position :bookmark.4:position 1
-    * write :bookmark.4:y :bookmark.4:memory *tmp71
+  165 write 0.09015625 bank1 *tmp71
   166 set *tmp74 :bookmark.4:position
   167 op add :bookmark.4:position :bookmark.4:position 1
-    * write :bookmark.4:zoom :bookmark.4:memory *tmp74
+  168 write 12800 bank1 *tmp74
   169 set *tmp77 :bookmark.4:position
   170 op add :bookmark.4:position :bookmark.4:position 1
-    * write false :bookmark.4:memory *tmp77
+  171 write false bank1 *tmp77
   172 op add :bookmark.4:position :bookmark.4:position 2
   173 label *label25
   174 set :initializeBookmarks:i :bookmark.4:position
   175 set :bookmark.5:memory bank1
-    * set :bookmark.5:position :initializeBookmarks:i
+  176 set :bookmark.5:position :bookmark.4:position
   177 set :bookmark.5:x -1.408547
   178 set :bookmark.5:y -0.03734831
   179 set :bookmark.5:zoom 10000
-    * set *tmp80 :bookmark.5:position
-    * op add :bookmark.5:position :bookmark.5:position 1
-    * write :bookmark.5:x :bookmark.5:memory *tmp80
+  180 set *tmp80 :initializeBookmarks:i
+  181 op add :bookmark.5:position :initializeBookmarks:i 1
+  182 write -1.408547 bank1 *tmp80
   183 set *tmp83 :bookmark.5:position
   184 op add :bookmark.5:position :bookmark.5:position 1
-    * write :bookmark.5:y :bookmark.5:memory *tmp83
+  185 write -0.03734831 bank1 *tmp83
   186 set *tmp86 :bookmark.5:position
   187 op add :bookmark.5:position :bookmark.5:position 1
-    * write :bookmark.5:zoom :bookmark.5:memory *tmp86
+  188 write 10000 bank1 *tmp86
   189 set *tmp89 :bookmark.5:position
   190 op add :bookmark.5:position :bookmark.5:position 1
-    * write false :bookmark.5:memory *tmp89
+  191 write false bank1 *tmp89
   192 op add :bookmark.5:position :bookmark.5:position 2
   193 label *label26
   194 set :initializeBookmarks:i :bookmark.5:position
   195 set :bookmark.6:memory bank1
-    * set :bookmark.6:position :initializeBookmarks:i
+  196 set :bookmark.6:position :bookmark.5:position
   197 set :bookmark.6:x 0.371875
   198 set :bookmark.6:y 0.078125
   199 set :bookmark.6:zoom 3200
-    * set *tmp92 :bookmark.6:position
-    * op add :bookmark.6:position :bookmark.6:position 1
-    * write :bookmark.6:x :bookmark.6:memory *tmp92
+  200 set *tmp92 :initializeBookmarks:i
+  201 op add :bookmark.6:position :initializeBookmarks:i 1
+  202 write 0.371875 bank1 *tmp92
   203 set *tmp95 :bookmark.6:position
   204 op add :bookmark.6:position :bookmark.6:position 1
-    * write :bookmark.6:y :bookmark.6:memory *tmp95
+  205 write 0.078125 bank1 *tmp95
   206 set *tmp98 :bookmark.6:position
   207 op add :bookmark.6:position :bookmark.6:position 1
-    * write :bookmark.6:zoom :bookmark.6:memory *tmp98
+  208 write 3200 bank1 *tmp98
   209 set *tmp101 :bookmark.6:position
   210 op add :bookmark.6:position :bookmark.6:position 1
-    * write false :bookmark.6:memory *tmp101
+  211 write false bank1 *tmp101
   212 op add :bookmark.6:position :bookmark.6:position 2
   213 label *label27
   214 set :initializeBookmarks:i :bookmark.6:position
   215 set :bookmark.7:memory bank1
-    * set :bookmark.7:position :initializeBookmarks:i
+  216 set :bookmark.7:position :bookmark.6:position
   217 set :bookmark.7:x -1.382347
   218 set :bookmark.7:y -0.02114831
   219 set :bookmark.7:zoom 5000
-    * set *tmp104 :bookmark.7:position
-    * op add :bookmark.7:position :bookmark.7:position 1
-    * write :bookmark.7:x :bookmark.7:memory *tmp104
+  220 set *tmp104 :initializeBookmarks:i
+  221 op add :bookmark.7:position :initializeBookmarks:i 1
+  222 write -1.382347 bank1 *tmp104
   223 set *tmp107 :bookmark.7:position
   224 op add :bookmark.7:position :bookmark.7:position 1
-    * write :bookmark.7:y :bookmark.7:memory *tmp107
+  225 write -0.02114831 bank1 *tmp107
   226 set *tmp110 :bookmark.7:position
   227 op add :bookmark.7:position :bookmark.7:position 1
-    * write :bookmark.7:zoom :bookmark.7:memory *tmp110
+  228 write 5000 bank1 *tmp110
   229 set *tmp113 :bookmark.7:position
   230 op add :bookmark.7:position :bookmark.7:position 1
-    * write false :bookmark.7:memory *tmp113
+  231 write false bank1 *tmp113
   232 op add :bookmark.7:position :bookmark.7:position 2
   233 label *label28
   234 set :initializeBookmarks:i :bookmark.7:position
   235 set :bookmark.8:memory bank1
-    * set :bookmark.8:position :initializeBookmarks:i
+  236 set :bookmark.8:position :bookmark.7:position
   237 set :bookmark.8:x 0.355
   238 set :bookmark.8:y 0.66
   239 set :bookmark.8:zoom 3200
-    * set *tmp116 :bookmark.8:position
-    * op add :bookmark.8:position :bookmark.8:position 1
-    * write :bookmark.8:x :bookmark.8:memory *tmp116
+  240 set *tmp116 :initializeBookmarks:i
+  241 op add :bookmark.8:position :initializeBookmarks:i 1
+  242 write 0.355 bank1 *tmp116
   243 set *tmp119 :bookmark.8:position
   244 op add :bookmark.8:position :bookmark.8:position 1
-    * write :bookmark.8:y :bookmark.8:memory *tmp119
+  245 write 0.66 bank1 *tmp119
   246 set *tmp122 :bookmark.8:position
   247 op add :bookmark.8:position :bookmark.8:position 1
-    * write :bookmark.8:zoom :bookmark.8:memory *tmp122
+  248 write 3200 bank1 *tmp122
   249 set *tmp125 :bookmark.8:position
   250 op add :bookmark.8:position :bookmark.8:position 1
-    * write false :bookmark.8:memory *tmp125
+  251 write false bank1 *tmp125
   252 op add :bookmark.8:position :bookmark.8:position 2
   253 label *label29
   254 set :initializeBookmarks:i :bookmark.8:position
   255 set :bookmark.9:memory bank1
-    * set :bookmark.9:position :initializeBookmarks:i
+  256 set :bookmark.9:position :bookmark.8:position
   257 set :bookmark.9:x 0.018125
   258 set :bookmark.9:y -0.818125
   259 set :bookmark.9:zoom 6400
-    * set *tmp128 :bookmark.9:position
-    * op add :bookmark.9:position :bookmark.9:position 1
-    * write :bookmark.9:x :bookmark.9:memory *tmp128
+  260 set *tmp128 :initializeBookmarks:i
+  261 op add :bookmark.9:position :initializeBookmarks:i 1
+  262 write 0.018125 bank1 *tmp128
   263 set *tmp131 :bookmark.9:position
   264 op add :bookmark.9:position :bookmark.9:position 1
-    * write :bookmark.9:y :bookmark.9:memory *tmp131
+  265 write -0.818125 bank1 *tmp131
   266 set *tmp134 :bookmark.9:position
   267 op add :bookmark.9:position :bookmark.9:position 1
-    * write :bookmark.9:zoom :bookmark.9:memory *tmp134
+  268 write 6400 bank1 *tmp134
   269 set *tmp137 :bookmark.9:position
   270 op add :bookmark.9:position :bookmark.9:position 1
-    * write false :bookmark.9:memory *tmp137
+  271 write false bank1 *tmp137
   272 op add :bookmark.9:position :bookmark.9:position 2
   273 label *label30
   274 set :initializeBookmarks:i :bookmark.9:position
   275 set :bookmarkJulia:memory bank1
-    * set :bookmarkJulia:position :initializeBookmarks:i
+  276 set :bookmarkJulia:position :bookmark.9:position
   277 set :bookmarkJulia:x 0
   278 set :bookmarkJulia:y 0
   279 set :bookmarkJulia:zoom 50
   280 set :bookmarkJulia:julia_x -0.8
   281 set :bookmarkJulia:julia_y 0
-    * set *tmp140 :bookmarkJulia:position
-    * op add :bookmarkJulia:position :bookmarkJulia:position 1
-    * write :bookmarkJulia:x :bookmarkJulia:memory *tmp140
+  282 set *tmp140 :initializeBookmarks:i
+  283 op add :bookmarkJulia:position :initializeBookmarks:i 1
+  284 write 0 bank1 *tmp140
   285 set *tmp143 :bookmarkJulia:position
   286 op add :bookmarkJulia:position :bookmarkJulia:position 1
-    * write :bookmarkJulia:y :bookmarkJulia:memory *tmp143
+  287 write 0 bank1 *tmp143
   288 set *tmp146 :bookmarkJulia:position
   289 op add :bookmarkJulia:position :bookmarkJulia:position 1
-    * write :bookmarkJulia:zoom :bookmarkJulia:memory *tmp146
+  290 write 50 bank1 *tmp146
   291 set *tmp149 :bookmarkJulia:position
   292 op add :bookmarkJulia:position :bookmarkJulia:position 1
-    * write true :bookmarkJulia:memory *tmp149
+  293 write true bank1 *tmp149
   294 set *tmp152 :bookmarkJulia:position
   295 op add :bookmarkJulia:position :bookmarkJulia:position 1
-    * write :bookmarkJulia:julia_x :bookmarkJulia:memory *tmp152
+  296 write -0.8 bank1 *tmp152
   297 set *tmp155 :bookmarkJulia:position
   298 op add :bookmarkJulia:position :bookmarkJulia:position 1
-    * write :bookmarkJulia:julia_y :bookmarkJulia:memory *tmp155
+  299 write 0 bank1 *tmp155
   300 label *label31
   301 set :initializeBookmarks:i :bookmarkJulia:position
   302 set :bookmarkJulia.1:memory bank1
-    * set :bookmarkJulia.1:position :initializeBookmarks:i
+  303 set :bookmarkJulia.1:position :bookmarkJulia:position
   304 set :bookmarkJulia.1:x -0.14375
   305 set :bookmarkJulia.1:y 1.03125
   306 set :bookmarkJulia.1:zoom 3200
   307 set :bookmarkJulia.1:julia_x -0.14375
   308 set :bookmarkJulia.1:julia_y 1
-    * set *tmp158 :bookmarkJulia.1:position
-    * op add :bookmarkJulia.1:position :bookmarkJulia.1:position 1
-    * write :bookmarkJulia.1:x :bookmarkJulia.1:memory *tmp158
+  309 set *tmp158 :initializeBookmarks:i
+  310 op add :bookmarkJulia.1:position :initializeBookmarks:i 1
+  311 write -0.14375 bank1 *tmp158
   312 set *tmp161 :bookmarkJulia.1:position
   313 op add :bookmarkJulia.1:position :bookmarkJulia.1:position 1
-    * write :bookmarkJulia.1:y :bookmarkJulia.1:memory *tmp161
+  314 write 1.03125 bank1 *tmp161
   315 set *tmp164 :bookmarkJulia.1:position
   316 op add :bookmarkJulia.1:position :bookmarkJulia.1:position 1
-    * write :bookmarkJulia.1:zoom :bookmarkJulia.1:memory *tmp164
+  317 write 3200 bank1 *tmp164
   318 set *tmp167 :bookmarkJulia.1:position
   319 op add :bookmarkJulia.1:position :bookmarkJulia.1:position 1
-    * write true :bookmarkJulia.1:memory *tmp167
+  320 write true bank1 *tmp167
   321 set *tmp170 :bookmarkJulia.1:position
   322 op add :bookmarkJulia.1:position :bookmarkJulia.1:position 1
-    * write :bookmarkJulia.1:julia_x :bookmarkJulia.1:memory *tmp170
+  323 write -0.14375 bank1 *tmp170
   324 set *tmp173 :bookmarkJulia.1:position
   325 op add :bookmarkJulia.1:position :bookmarkJulia.1:position 1
-    * write :bookmarkJulia.1:julia_y :bookmarkJulia.1:memory *tmp173
+  326 write 1 bank1 *tmp173
   327 label *label32
   328 set :initializeBookmarks:i :bookmarkJulia.1:position
   329 set :bookmarkJulia.2:memory bank1
-    * set :bookmarkJulia.2:position :initializeBookmarks:i
+  330 set :bookmarkJulia.2:position :bookmarkJulia.1:position
   331 set :bookmarkJulia.2:x -1.403547
   332 set :bookmarkJulia.2:y -0.02734831
   333 set :bookmarkJulia.2:zoom 5000
   334 set :bookmarkJulia.2:julia_x -1.408547
   335 set :bookmarkJulia.2:julia_y -0.03734831
-    * set *tmp176 :bookmarkJulia.2:position
-    * op add :bookmarkJulia.2:position :bookmarkJulia.2:position 1
-    * write :bookmarkJulia.2:x :bookmarkJulia.2:memory *tmp176
+  336 set *tmp176 :initializeBookmarks:i
+  337 op add :bookmarkJulia.2:position :initializeBookmarks:i 1
+  338 write -1.403547 bank1 *tmp176
   339 set *tmp179 :bookmarkJulia.2:position
   340 op add :bookmarkJulia.2:position :bookmarkJulia.2:position 1
-    * write :bookmarkJulia.2:y :bookmarkJulia.2:memory *tmp179
+  341 write -0.02734831 bank1 *tmp179
   342 set *tmp182 :bookmarkJulia.2:position
   343 op add :bookmarkJulia.2:position :bookmarkJulia.2:position 1
-    * write :bookmarkJulia.2:zoom :bookmarkJulia.2:memory *tmp182
+  344 write 5000 bank1 *tmp182
   345 set *tmp185 :bookmarkJulia.2:position
   346 op add :bookmarkJulia.2:position :bookmarkJulia.2:position 1
-    * write true :bookmarkJulia.2:memory *tmp185
+  347 write true bank1 *tmp185
   348 set *tmp188 :bookmarkJulia.2:position
   349 op add :bookmarkJulia.2:position :bookmarkJulia.2:position 1
-    * write :bookmarkJulia.2:julia_x :bookmarkJulia.2:memory *tmp188
+  350 write -1.408547 bank1 *tmp188
   351 set *tmp191 :bookmarkJulia.2:position
   352 op add :bookmarkJulia.2:position :bookmarkJulia.2:position 1
-    * write :bookmarkJulia.2:julia_y :bookmarkJulia.2:memory *tmp191
+  353 write -0.03734831 bank1 *tmp191
   354 label *label33
   355 set :initializeBookmarks:i :bookmarkJulia.2:position
   356 label *label34
 
   360 set :bookmark.10:x .X
   361 set :bookmark.10:y .Y
   362 set :bookmark.10:zoom .ZOOM
-    * set *tmp195 :bookmark.10:position
-    * op add :bookmark.10:position :bookmark.10:position 1
-    * write :bookmark.10:x :bookmark.10:memory *tmp195
+  363 set *tmp195 :initializeBookmarks:i
+  364 op add :bookmark.10:position :initializeBookmarks:i 1
+  365 write .X bank1 *tmp195
   366 set *tmp198 :bookmark.10:position
   367 op add :bookmark.10:position :bookmark.10:position 1
-    * write :bookmark.10:y :bookmark.10:memory *tmp198
+  368 write .Y bank1 *tmp198
   369 set *tmp201 :bookmark.10:position
   370 op add :bookmark.10:position :bookmark.10:position 1
-    * write :bookmark.10:zoom :bookmark.10:memory *tmp201
+  371 write .ZOOM bank1 *tmp201
   372 set *tmp204 :bookmark.10:position
   373 op add :bookmark.10:position :bookmark.10:position 1
-    * write false :bookmark.10:memory *tmp204
+  374 write false bank1 *tmp204
   375 op add :bookmark.10:position :bookmark.10:position 2
   376 label *label37
   377 set :initializeBookmarks:i :bookmark.10:position
 
   380 label *label36
   381 label *label20
   382 set .STOP 1
-    * write .STOP bank1 68
+  383 write 1 bank1 68
   384 set .X -0.8
-    * write .X bank1 69
+  385 write -0.8 bank1 69
   386 set .Y 0
-    * write .Y bank1 70
+  387 write 0 bank1 70
   388 set .ZOOM 50
-    * write .ZOOM bank1 71
+  389 write 50 bank1 71
   390 set .JULIA false
-    * write .JULIA bank1 72
+  391 write false bank1 72
   392 set .JULIA_X 0
-    * write .JULIA_X bank1 73
+  393 write 0 bank1 73
   394 set .JULIA_Y 0
-    * write .JULIA_Y bank1 74
+  395 write 0 bank1 74
   396 set .palette 0
   397 set .PALETTE 1
-    * write .PALETTE bank1 75
+  398 write 1 bank1 75
   399 print "Palette #"
-    * print .PALETTE
+  400 print 1
   401 printflush message3
   402 label *label15
   403 set :updateBookmarks true
 
   412 set *tmp211 .links
   413 set :initializeProcessors:i 0
   414 label *label44
-    * jump *label46 greaterThanEq :initializeProcessors:i *tmp211
+  415 jump *label46 greaterThanEq :initializeProcessors:i .links
   416 getlink :initializeProcessors:proc :initializeProcessors:i
   417 write display1 :initializeProcessors:proc ".display"
   418 write bank1 :initializeProcessors:proc ".memory"
 
   484 set :handleMove:x 0
   485 set :handleMove:y 1
   486 set :handleMove:z 1
-    * sensor *tmp224 :handleMove:switch @enabled
+  487 sensor *tmp224 switch1 @enabled
   488 jump *label55 equal *tmp224 false
   489 set .CHANGE true
-    * jump *label57 equal :handleMove:x 0
-    * op mul *tmp228 :handleMove:x 44
-    * op div *tmp229 *tmp228 .ZOOM
+  490 jump *label57 equal 0 0
+  491 op mul *tmp228 0 44
+  492 op div *tmp229 0 .ZOOM
   493 op add .X .X *tmp229
   494 write .X bank1 69
   495 label *label57
   496 label *label58
-    * jump *label59 equal :handleMove:y 0
-    * op mul *tmp233 :handleMove:y 44
-    * op div *tmp234 *tmp233 .ZOOM
+  497 jump *label59 equal 1 0
+  498 op mul *tmp233 1 44
+  499 op div *tmp234 44 .ZOOM
   500 op add .Y .Y *tmp234
   501 write .Y bank1 70
   502 label *label59
   503 label *label60
-    * jump *label61 equal :handleMove:z 1
-    * op mul .ZOOM .ZOOM :handleMove:z
+  504 jump *label61 equal 1 1
+  505 op mul .ZOOM .ZOOM 1
   506 write .ZOOM bank1 71
   507 label *label61
   508 label *label62
-    * control enabled :handleMove:switch false
+  509 control enabled switch1 false
   510 label *label55
   511 label *label56
   512 label *label54
 
   514 set :handleMove.1:x -1
   515 set :handleMove.1:y 0
   516 set :handleMove.1:z 1
-    * sensor *tmp242 :handleMove.1:switch @enabled
+  517 sensor *tmp242 switch2 @enabled
   518 jump *label64 equal *tmp242 false
   519 set .CHANGE true
-    * jump *label66 equal :handleMove.1:x 0
-    * op mul *tmp246 :handleMove.1:x 44
-    * op div *tmp247 *tmp246 .ZOOM
+  520 jump *label66 equal -1 0
+  521 op mul *tmp246 -1 44
+  522 op div *tmp247 -44 .ZOOM
   523 op add .X .X *tmp247
   524 write .X bank1 69
   525 label *label66
   526 label *label67
-    * jump *label68 equal :handleMove.1:y 0
-    * op mul *tmp251 :handleMove.1:y 44
-    * op div *tmp252 *tmp251 .ZOOM
+  527 jump *label68 equal 0 0
+  528 op mul *tmp251 0 44
+  529 op div *tmp252 0 .ZOOM
   530 op add .Y .Y *tmp252
   531 write .Y bank1 70
   532 label *label68
   533 label *label69
-    * jump *label70 equal :handleMove.1:z 1
-    * op mul .ZOOM .ZOOM :handleMove.1:z
+  534 jump *label70 equal 1 1
+  535 op mul .ZOOM .ZOOM 1
   536 write .ZOOM bank1 71
   537 label *label70
   538 label *label71
-    * control enabled :handleMove.1:switch false
+  539 control enabled switch2 false
   540 label *label64
   541 label *label65
   542 label *label63
 
   544 set :handleMove.2:x 1
   545 set :handleMove.2:y 0
   546 set :handleMove.2:z 1
-    * sensor *tmp260 :handleMove.2:switch @enabled
+  547 sensor *tmp260 switch3 @enabled
   548 jump *label73 equal *tmp260 false
   549 set .CHANGE true
-    * jump *label75 equal :handleMove.2:x 0
-    * op mul *tmp264 :handleMove.2:x 44
-    * op div *tmp265 *tmp264 .ZOOM
+  550 jump *label75 equal 1 0
+  551 op mul *tmp264 1 44
+  552 op div *tmp265 44 .ZOOM
   553 op add .X .X *tmp265
   554 write .X bank1 69
   555 label *label75
   556 label *label76
-    * jump *label77 equal :handleMove.2:y 0
-    * op mul *tmp269 :handleMove.2:y 44
-    * op div *tmp270 *tmp269 .ZOOM
+  557 jump *label77 equal 0 0
+  558 op mul *tmp269 0 44
+  559 op div *tmp270 0 .ZOOM
   560 op add .Y .Y *tmp270
   561 write .Y bank1 70
   562 label *label77
   563 label *label78
-    * jump *label79 equal :handleMove.2:z 1
-    * op mul .ZOOM .ZOOM :handleMove.2:z
+  564 jump *label79 equal 1 1
+  565 op mul .ZOOM .ZOOM 1
   566 write .ZOOM bank1 71
   567 label *label79
   568 label *label80
-    * control enabled :handleMove.2:switch false
+  569 control enabled switch3 false
   570 label *label73
   571 label *label74
   572 label *label72
 
   574 set :handleMove.3:x 0
   575 set :handleMove.3:y -1
   576 set :handleMove.3:z 1
-    * sensor *tmp278 :handleMove.3:switch @enabled
+  577 sensor *tmp278 switch4 @enabled
   578 jump *label82 equal *tmp278 false
   579 set .CHANGE true
-    * jump *label84 equal :handleMove.3:x 0
-    * op mul *tmp282 :handleMove.3:x 44
-    * op div *tmp283 *tmp282 .ZOOM
+  580 jump *label84 equal 0 0
+  581 op mul *tmp282 0 44
+  582 op div *tmp283 0 .ZOOM
   583 op add .X .X *tmp283
   584 write .X bank1 69
   585 label *label84
   586 label *label85
-    * jump *label86 equal :handleMove.3:y 0
-    * op mul *tmp287 :handleMove.3:y 44
-    * op div *tmp288 *tmp287 .ZOOM
+  587 jump *label86 equal -1 0
+  588 op mul *tmp287 -1 44
+  589 op div *tmp288 -44 .ZOOM
   590 op add .Y .Y *tmp288
   591 write .Y bank1 70
   592 label *label86
   593 label *label87
-    * jump *label88 equal :handleMove.3:z 1
-    * op mul .ZOOM .ZOOM :handleMove.3:z
+  594 jump *label88 equal 1 1
+  595 op mul .ZOOM .ZOOM 1
   596 write .ZOOM bank1 71
   597 label *label88
   598 label *label89
-    * control enabled :handleMove.3:switch false
+  599 control enabled switch4 false
   600 label *label82
   601 label *label83
   602 label *label81
 
   604 set :handleMove.4:x 0
   605 set :handleMove.4:y 0
   606 set :handleMove.4:z 2
-    * sensor *tmp296 :handleMove.4:switch @enabled
+  607 sensor *tmp296 switch5 @enabled
   608 jump *label91 equal *tmp296 false
   609 set .CHANGE true
-    * jump *label93 equal :handleMove.4:x 0
-    * op mul *tmp300 :handleMove.4:x 44
-    * op div *tmp301 *tmp300 .ZOOM
+  610 jump *label93 equal 0 0
+  611 op mul *tmp300 0 44
+  612 op div *tmp301 0 .ZOOM
   613 op add .X .X *tmp301
   614 write .X bank1 69
   615 label *label93
   616 label *label94
-    * jump *label95 equal :handleMove.4:y 0
-    * op mul *tmp305 :handleMove.4:y 44
-    * op div *tmp306 *tmp305 .ZOOM
+  617 jump *label95 equal 0 0
+  618 op mul *tmp305 0 44
+  619 op div *tmp306 0 .ZOOM
   620 op add .Y .Y *tmp306
   621 write .Y bank1 70
   622 label *label95
   623 label *label96
-    * jump *label97 equal :handleMove.4:z 1
-    * op mul .ZOOM .ZOOM :handleMove.4:z
+  624 jump *label97 equal 2 1
+  625 op mul .ZOOM .ZOOM 2
   626 write .ZOOM bank1 71
   627 label *label97
   628 label *label98
-    * control enabled :handleMove.4:switch false
+  629 control enabled switch5 false
   630 label *label91
   631 label *label92
   632 label *label90
 
   634 set :handleMove.5:x 0
   635 set :handleMove.5:y 0
   636 set :handleMove.5:z 0.5
-    * sensor *tmp314 :handleMove.5:switch @enabled
+  637 sensor *tmp314 switch6 @enabled
   638 jump *label100 equal *tmp314 false
   639 set .CHANGE true
-    * jump *label102 equal :handleMove.5:x 0
-    * op mul *tmp318 :handleMove.5:x 44
-    * op div *tmp319 *tmp318 .ZOOM
+  640 jump *label102 equal 0 0
+  641 op mul *tmp318 0 44
+  642 op div *tmp319 0 .ZOOM
   643 op add .X .X *tmp319
   644 write .X bank1 69
   645 label *label102
   646 label *label103
-    * jump *label104 equal :handleMove.5:y 0
-    * op mul *tmp323 :handleMove.5:y 44
-    * op div *tmp324 *tmp323 .ZOOM
+  647 jump *label104 equal 0 0
+  648 op mul *tmp323 0 44
+  649 op div *tmp324 0 .ZOOM
   650 op add .Y .Y *tmp324
   651 write .Y bank1 70
   652 label *label104
   653 label *label105
-    * jump *label106 equal :handleMove.5:z 1
-    * op mul .ZOOM .ZOOM :handleMove.5:z
+  654 jump *label106 equal 0.5 1
+  655 op mul .ZOOM .ZOOM 0.5
   656 write .ZOOM bank1 71
   657 label *label106
   658 label *label107
-    * control enabled :handleMove.5:switch false
+  659 control enabled switch6 false
   660 label *label100
   661 label *label101
   662 label *label99
 
   667 write .JULIA bank1 72
   668 jump *label110 equal .JULIA false
   669 set .JULIA_X .X
-    * write .JULIA_X bank1 73
+  670 write .X bank1 73
   671 set .JULIA_Y .Y
-    * write .JULIA_Y bank1 74
+  672 write .Y bank1 74
   673 label *label110
   674 label *label111
   675 label *label108
 
   678 jump *label112 equal *tmp336 false
   679 set :loadBookmark:position .position
   680 set :loadBookmark:bookmark .bookmark
-    * read .X bank1 :loadBookmark:position
+  681 read .X bank1 .position
   682 write .X bank1 69
-    * op add *tmp342 :loadBookmark:position 1
+  683 op add *tmp342 .position 1
   684 read .Y bank1 *tmp342
   685 write .Y bank1 70
-    * op add *tmp345 :loadBookmark:position 2
+  686 op add *tmp345 .position 2
   687 read .ZOOM bank1 *tmp345
   688 write .ZOOM bank1 71
-    * op add *tmp349 :loadBookmark:position 3
+  689 op add *tmp349 .position 3
   690 read .JULIA bank1 *tmp349
   691 write .JULIA bank1 72
-    * op add *tmp353 :loadBookmark:position 4
+  692 op add *tmp353 .position 4
   693 read .JULIA_X bank1 *tmp353
   694 write .JULIA_X bank1 73
-    * op add *tmp357 :loadBookmark:position 5
+  695 op add *tmp357 .position 5
   696 read .JULIA_Y bank1 *tmp357
   697 write .JULIA_Y bank1 74
   698 control enabled switch7 .JULIA
   699 control enabled switch8 false
   700 set .text1 "\nLoaded from #"
-    * op add .text2 :loadBookmark:bookmark 1
+  701 op add .text2 .bookmark 1
   702 label *label114
   703 set .CHANGE true
   704 label *label112
 
   707 jump *label115 equal *tmp364 false
   708 set :saveBookmark:position .position
   709 set :saveBookmark:bookmark .bookmark
-    * write .X bank1 :saveBookmark:position
-    * op add *tmp368 :saveBookmark:position 1
+  710 write .X bank1 .position
+  711 op add *tmp368 .position 1
   712 write .Y bank1 *tmp368
-    * op add *tmp371 :saveBookmark:position 2
+  713 op add *tmp371 .position 2
   714 write .ZOOM bank1 *tmp371
-    * op add *tmp375 :saveBookmark:position 3
+  715 op add *tmp375 .position 3
   716 write .JULIA bank1 *tmp375
-    * op add *tmp377 :saveBookmark:position 4
+  717 op add *tmp377 .position 4
   718 write .JULIA_X bank1 *tmp377
-    * op add *tmp380 :saveBookmark:position 5
+  719 op add *tmp380 .position 5
   720 write .JULIA_Y bank1 *tmp380
   721 control enabled switch9 false
   722 set .text1 "\nSaved to #"
-    * op add .text2 :saveBookmark:bookmark 1
+  723 op add .text2 .bookmark 1
   724 label *label117
   725 set :updateBookmarks true
   726 label *label115
 
   743 jump *label126 equal *tmp395 false
   744 set .bookmark_clr .bookmark
   745 set .bookmark :handleTopRowButtons:index
-    * op mul *tmp397 6 .bookmark
+  746 op mul *tmp397 6 :handleTopRowButtons:index
   747 op add .position 80 *tmp397
   748 set :handleTopRowButtons:updateBookmarks true
   749 label *label126
 
   787 label *label130
   788 label *label118
   789 set :updateBookmarks :handleTopRowButtons:updateBookmarks
-    * jump *label137 equal :updateBookmarks false
+  790 jump *label137 equal :handleTopRowButtons:updateBookmarks false
   791 set :printBookmarks:position .position
   792 set :printBookmarks:bookmark .bookmark
   793 print "BOOKMARKS"
 
   800 print "\n"
   801 print "-------------------------"
   802 print "\n"
-    * op add *tmp414 :printBookmarks:bookmark 1
+  803 op add *tmp414 .bookmark 1
   804 print "Selected bookmark #"
   805 print *tmp414
   806 print ":"
   807 print "\n"
-    * op add *tmp416 :printBookmarks:position 3
+  808 op add *tmp416 .position 3
   809 read *tmp418 bank1 *tmp416
   810 jump *label140 equal *tmp418 false
   811 print "Julia set of Mandelbrot"
   812 print "\n"
   813 print "fractal at coordinates"
   814 print "\n"
-    * op add *tmp421 :printBookmarks:position 4
+  815 op add *tmp421 .position 4
   816 print "   X: "
   817 read *tmp423 bank1 *tmp421
   818 print *tmp423
   819 print "\"
   820 print "n"
-    * op add *tmp425 :printBookmarks:position 5
+  821 op add *tmp425 .position 5
   822 print "   Y: "
   823 read *tmp427 bank1 *tmp425
   824 print *tmp427
 
   831 label *label141
   832 print "-------------------------"
   833 print "\n"
-    * set *tmp428 :printBookmarks:position
+  834 set *tmp428 .position
   835 print "X: "
-    * read *tmp430 bank1 *tmp428
+  836 read *tmp430 bank1 :printBookmarks:position
   837 print *tmp430
   838 print "\"
   839 print "n"
-    * op add *tmp432 :printBookmarks:position 1
+  840 op add *tmp432 .position 1
   841 print "Y: "
   842 read *tmp434 bank1 *tmp432
   843 print *tmp434
   844 print "\"
   845 print "n"
-    * op add *tmp436 :printBookmarks:position 2
+  846 op add *tmp436 .position 2
   847 print "Zoom: "
   848 read *tmp438 bank1 *tmp436
   849 print *tmp438
 
   894 label *label152
   895 set .second @second
   896 set .text2 ""
-    * set .text1 .text2
+  897 set .text1 ""
   898 set :print true
   899 set .links @links
   900 set *tmp455 .links
   901 set :initializeProcessors.1:i 0
   902 label *label154
-    * jump *label156 greaterThanEq :initializeProcessors.1:i *tmp455
+  903 jump *label156 greaterThanEq :initializeProcessors.1:i .links
   904 getlink :initializeProcessors.1:proc :initializeProcessors.1:i
   905 write display1 :initializeProcessors.1:proc ".display"
   906 write bank1 :initializeProcessors.1:proc ".memory"

Modifications by Iterated phase, Data Flow Optimization, pass 1, iteration 2 (-122 instructions):
 
    42 set .second @second
    43 set .bookmark 0
    44 set .bookmark_clr -1
-    * op mul *tmp5 6 0
    45 op add .position 80 0
    46 set .palette_clr -1
    47 print "Initializing..."
 
    52 set :createPalette:i 0
    53 label *label17
    54 jump *label19 greaterThanEq :createPalette:i 63
-    * set *tmp7 :createPalette:i
    55 op div *tmp9 :createPalette:r 256
    56 op div *tmp10 :createPalette:g 256
    57 op div *tmp11 :createPalette:b 256
 
    70 write %[black] bank1 63
    71 label *label16
    72 set :initializeBookmarks:i 80
-    * set :bookmark:memory bank1
-    * set :bookmark:position 80
-    * set :bookmark:x -0.8
-    * set :bookmark:y 0
-    * set :bookmark:zoom 50
-    * set *tmp20 :initializeBookmarks:i
-    * op add :bookmark:position :initializeBookmarks:i 1
-    * write -0.8 bank1 *tmp20
-    * set *tmp23 :bookmark:position
-    * op add :bookmark:position :bookmark:position 1
+   73 set *tmp20 80
+   74 op add :bookmark:position 80 1
+   75 write -0.8 bank1 :initializeBookmarks:i
+   76 set *tmp23 81
+   77 op add :bookmark:position 81 1
    78 write 0 bank1 *tmp23
-    * set *tmp26 :bookmark:position
-    * op add :bookmark:position :bookmark:position 1
+   79 set *tmp26 82
+   80 op add :bookmark:position 82 1
    81 write 50 bank1 *tmp26
-    * set *tmp29 :bookmark:position
-    * op add :bookmark:position :bookmark:position 1
+   82 set *tmp29 83
+   83 op add :bookmark:position 83 1
    84 write false bank1 *tmp29
-    * op add :bookmark:position :bookmark:position 2
+   85 op add :bookmark:position 84 2
    86 label *label21
-    * set :initializeBookmarks:i :bookmark:position
-    * set :bookmark.1:memory bank1
-    * set :bookmark.1:position :bookmark:position
-    * set :bookmark.1:x -0.14375
-    * set :bookmark.1:y 1
-    * set :bookmark.1:zoom 1600
-    * set *tmp32 :initializeBookmarks:i
-    * op add :bookmark.1:position :initializeBookmarks:i 1
-    * write -0.14375 bank1 *tmp32
+   87 set :initializeBookmarks:i 86
+   88 set :bookmark.1:position 86
+   89 set *tmp32 :bookmark:position
+   90 op add :bookmark.1:position :bookmark:position 1
+   91 write -0.14375 bank1 :initializeBookmarks:i
    92 set *tmp35 :bookmark.1:position
-    * op add :bookmark.1:position :bookmark.1:position 1
+   93 op add :bookmark.1:position :initializeBookmarks:i 2
    94 write 1 bank1 *tmp35
    95 set *tmp38 :bookmark.1:position
    96 op add :bookmark.1:position :bookmark.1:position 1
 
   101 op add :bookmark.1:position :bookmark.1:position 2
   102 label *label22
   103 set :initializeBookmarks:i :bookmark.1:position
-    * set :bookmark.2:memory bank1
-    * set :bookmark.2:position :bookmark.1:position
-    * set :bookmark.2:x -1.675
-    * set :bookmark.2:y 0
-    * set :bookmark.2:zoom 25600
-    * set *tmp44 :initializeBookmarks:i
-    * op add :bookmark.2:position :initializeBookmarks:i 1
-    * write -1.675 bank1 *tmp44
+  104 set *tmp44 :bookmark.1:position
+  105 op add :bookmark.2:position :bookmark.1:position 1
+  106 write -1.675 bank1 :initializeBookmarks:i
   107 set *tmp47 :bookmark.2:position
-    * op add :bookmark.2:position :bookmark.2:position 1
+  108 op add :bookmark.2:position :initializeBookmarks:i 2
   109 write 0 bank1 *tmp47
   110 set *tmp50 :bookmark.2:position
   111 op add :bookmark.2:position :bookmark.2:position 1
 
   116 op add :bookmark.2:position :bookmark.2:position 2
   117 label *label23
   118 set :initializeBookmarks:i :bookmark.2:position
-    * set :bookmark.3:memory bank1
-    * set :bookmark.3:position :bookmark.2:position
-    * set :bookmark.3:x -1.413547
-    * set :bookmark.3:y -0.03234831
-    * set :bookmark.3:zoom 2500
-    * set *tmp56 :initializeBookmarks:i
-    * op add :bookmark.3:position :initializeBookmarks:i 1
-    * write -1.413547 bank1 *tmp56
+  119 set *tmp56 :bookmark.2:position
+  120 op add :bookmark.3:position :bookmark.2:position 1
+  121 write -1.413547 bank1 :initializeBookmarks:i
   122 set *tmp59 :bookmark.3:position
-    * op add :bookmark.3:position :bookmark.3:position 1
+  123 op add :bookmark.3:position :initializeBookmarks:i 2
   124 write -0.03234831 bank1 *tmp59
   125 set *tmp62 :bookmark.3:position
   126 op add :bookmark.3:position :bookmark.3:position 1
 
   131 op add :bookmark.3:position :bookmark.3:position 2
   132 label *label24
   133 set :initializeBookmarks:i :bookmark.3:position
-    * set :bookmark.4:memory bank1
-    * set :bookmark.4:position :bookmark.3:position
-    * set :bookmark.4:x 0.37359375
-    * set :bookmark.4:y 0.09015625
-    * set :bookmark.4:zoom 12800
-    * set *tmp68 :initializeBookmarks:i
-    * op add :bookmark.4:position :initializeBookmarks:i 1
-    * write 0.37359375 bank1 *tmp68
+  134 set *tmp68 :bookmark.3:position
+  135 op add :bookmark.4:position :bookmark.3:position 1
+  136 write 0.37359375 bank1 :initializeBookmarks:i
   137 set *tmp71 :bookmark.4:position
-    * op add :bookmark.4:position :bookmark.4:position 1
+  138 op add :bookmark.4:position :initializeBookmarks:i 2
   139 write 0.09015625 bank1 *tmp71
   140 set *tmp74 :bookmark.4:position
   141 op add :bookmark.4:position :bookmark.4:position 1
 
   146 op add :bookmark.4:position :bookmark.4:position 2
   147 label *label25
   148 set :initializeBookmarks:i :bookmark.4:position
-    * set :bookmark.5:memory bank1
-    * set :bookmark.5:position :bookmark.4:position
-    * set :bookmark.5:x -1.408547
-    * set :bookmark.5:y -0.03734831
-    * set :bookmark.5:zoom 10000
-    * set *tmp80 :initializeBookmarks:i
-    * op add :bookmark.5:position :initializeBookmarks:i 1
-    * write -1.408547 bank1 *tmp80
+  149 set *tmp80 :bookmark.4:position
+  150 op add :bookmark.5:position :bookmark.4:position 1
+  151 write -1.408547 bank1 :initializeBookmarks:i
   152 set *tmp83 :bookmark.5:position
-    * op add :bookmark.5:position :bookmark.5:position 1
+  153 op add :bookmark.5:position :initializeBookmarks:i 2
   154 write -0.03734831 bank1 *tmp83
   155 set *tmp86 :bookmark.5:position
   156 op add :bookmark.5:position :bookmark.5:position 1
 
   161 op add :bookmark.5:position :bookmark.5:position 2
   162 label *label26
   163 set :initializeBookmarks:i :bookmark.5:position
-    * set :bookmark.6:memory bank1
-    * set :bookmark.6:position :bookmark.5:position
-    * set :bookmark.6:x 0.371875
-    * set :bookmark.6:y 0.078125
-    * set :bookmark.6:zoom 3200
-    * set *tmp92 :initializeBookmarks:i
-    * op add :bookmark.6:position :initializeBookmarks:i 1
-    * write 0.371875 bank1 *tmp92
+  164 set *tmp92 :bookmark.5:position
+  165 op add :bookmark.6:position :bookmark.5:position 1
+  166 write 0.371875 bank1 :initializeBookmarks:i
   167 set *tmp95 :bookmark.6:position
-    * op add :bookmark.6:position :bookmark.6:position 1
+  168 op add :bookmark.6:position :initializeBookmarks:i 2
   169 write 0.078125 bank1 *tmp95
   170 set *tmp98 :bookmark.6:position
   171 op add :bookmark.6:position :bookmark.6:position 1
 
   176 op add :bookmark.6:position :bookmark.6:position 2
   177 label *label27
   178 set :initializeBookmarks:i :bookmark.6:position
-    * set :bookmark.7:memory bank1
-    * set :bookmark.7:position :bookmark.6:position
-    * set :bookmark.7:x -1.382347
-    * set :bookmark.7:y -0.02114831
-    * set :bookmark.7:zoom 5000
-    * set *tmp104 :initializeBookmarks:i
-    * op add :bookmark.7:position :initializeBookmarks:i 1
-    * write -1.382347 bank1 *tmp104
+  179 set *tmp104 :bookmark.6:position
+  180 op add :bookmark.7:position :bookmark.6:position 1
+  181 write -1.382347 bank1 :initializeBookmarks:i
   182 set *tmp107 :bookmark.7:position
-    * op add :bookmark.7:position :bookmark.7:position 1
+  183 op add :bookmark.7:position :initializeBookmarks:i 2
   184 write -0.02114831 bank1 *tmp107
   185 set *tmp110 :bookmark.7:position
   186 op add :bookmark.7:position :bookmark.7:position 1
 
   191 op add :bookmark.7:position :bookmark.7:position 2
   192 label *label28
   193 set :initializeBookmarks:i :bookmark.7:position
-    * set :bookmark.8:memory bank1
-    * set :bookmark.8:position :bookmark.7:position
-    * set :bookmark.8:x 0.355
-    * set :bookmark.8:y 0.66
-    * set :bookmark.8:zoom 3200
-    * set *tmp116 :initializeBookmarks:i
-    * op add :bookmark.8:position :initializeBookmarks:i 1
-    * write 0.355 bank1 *tmp116
+  194 set *tmp116 :bookmark.7:position
+  195 op add :bookmark.8:position :bookmark.7:position 1
+  196 write 0.355 bank1 :initializeBookmarks:i
   197 set *tmp119 :bookmark.8:position
-    * op add :bookmark.8:position :bookmark.8:position 1
+  198 op add :bookmark.8:position :initializeBookmarks:i 2
   199 write 0.66 bank1 *tmp119
   200 set *tmp122 :bookmark.8:position
   201 op add :bookmark.8:position :bookmark.8:position 1
 
   206 op add :bookmark.8:position :bookmark.8:position 2
   207 label *label29
   208 set :initializeBookmarks:i :bookmark.8:position
-    * set :bookmark.9:memory bank1
-    * set :bookmark.9:position :bookmark.8:position
-    * set :bookmark.9:x 0.018125
-    * set :bookmark.9:y -0.818125
-    * set :bookmark.9:zoom 6400
-    * set *tmp128 :initializeBookmarks:i
-    * op add :bookmark.9:position :initializeBookmarks:i 1
-    * write 0.018125 bank1 *tmp128
+  209 set *tmp128 :bookmark.8:position
+  210 op add :bookmark.9:position :bookmark.8:position 1
+  211 write 0.018125 bank1 :initializeBookmarks:i
   212 set *tmp131 :bookmark.9:position
-    * op add :bookmark.9:position :bookmark.9:position 1
+  213 op add :bookmark.9:position :initializeBookmarks:i 2
   214 write -0.818125 bank1 *tmp131
   215 set *tmp134 :bookmark.9:position
   216 op add :bookmark.9:position :bookmark.9:position 1
 
   221 op add :bookmark.9:position :bookmark.9:position 2
   222 label *label30
   223 set :initializeBookmarks:i :bookmark.9:position
-    * set :bookmarkJulia:memory bank1
-    * set :bookmarkJulia:position :bookmark.9:position
-    * set :bookmarkJulia:x 0
-    * set :bookmarkJulia:y 0
-    * set :bookmarkJulia:zoom 50
-    * set :bookmarkJulia:julia_x -0.8
-    * set :bookmarkJulia:julia_y 0
-    * set *tmp140 :initializeBookmarks:i
-    * op add :bookmarkJulia:position :initializeBookmarks:i 1
-    * write 0 bank1 *tmp140
+  224 set *tmp140 :bookmark.9:position
+  225 op add :bookmarkJulia:position :bookmark.9:position 1
+  226 write 0 bank1 :initializeBookmarks:i
   227 set *tmp143 :bookmarkJulia:position
-    * op add :bookmarkJulia:position :bookmarkJulia:position 1
+  228 op add :bookmarkJulia:position :initializeBookmarks:i 2
   229 write 0 bank1 *tmp143
   230 set *tmp146 :bookmarkJulia:position
   231 op add :bookmarkJulia:position :bookmarkJulia:position 1
 
   241 write 0 bank1 *tmp155
   242 label *label31
   243 set :initializeBookmarks:i :bookmarkJulia:position
-    * set :bookmarkJulia.1:memory bank1
-    * set :bookmarkJulia.1:position :bookmarkJulia:position
-    * set :bookmarkJulia.1:x -0.14375
-    * set :bookmarkJulia.1:y 1.03125
-    * set :bookmarkJulia.1:zoom 3200
-    * set :bookmarkJulia.1:julia_x -0.14375
-    * set :bookmarkJulia.1:julia_y 1
-    * set *tmp158 :initializeBookmarks:i
-    * op add :bookmarkJulia.1:position :initializeBookmarks:i 1
-    * write -0.14375 bank1 *tmp158
+  244 set *tmp158 :bookmarkJulia:position
+  245 op add :bookmarkJulia.1:position :bookmarkJulia:position 1
+  246 write -0.14375 bank1 :initializeBookmarks:i
   247 set *tmp161 :bookmarkJulia.1:position
-    * op add :bookmarkJulia.1:position :bookmarkJulia.1:position 1
+  248 op add :bookmarkJulia.1:position :initializeBookmarks:i 2
   249 write 1.03125 bank1 *tmp161
   250 set *tmp164 :bookmarkJulia.1:position
   251 op add :bookmarkJulia.1:position :bookmarkJulia.1:position 1
 
   261 write 1 bank1 *tmp173
   262 label *label32
   263 set :initializeBookmarks:i :bookmarkJulia.1:position
-    * set :bookmarkJulia.2:memory bank1
-    * set :bookmarkJulia.2:position :bookmarkJulia.1:position
-    * set :bookmarkJulia.2:x -1.403547
-    * set :bookmarkJulia.2:y -0.02734831
-    * set :bookmarkJulia.2:zoom 5000
-    * set :bookmarkJulia.2:julia_x -1.408547
-    * set :bookmarkJulia.2:julia_y -0.03734831
-    * set *tmp176 :initializeBookmarks:i
-    * op add :bookmarkJulia.2:position :initializeBookmarks:i 1
-    * write -1.403547 bank1 *tmp176
+  264 set *tmp176 :bookmarkJulia.1:position
+  265 op add :bookmarkJulia.2:position :bookmarkJulia.1:position 1
+  266 write -1.403547 bank1 :initializeBookmarks:i
   267 set *tmp179 :bookmarkJulia.2:position
-    * op add :bookmarkJulia.2:position :bookmarkJulia.2:position 1
+  268 op add :bookmarkJulia.2:position :initializeBookmarks:i 2
   269 write -0.02734831 bank1 *tmp179
   270 set *tmp182 :bookmarkJulia.2:position
   271 op add :bookmarkJulia.2:position :bookmarkJulia.2:position 1
 
   283 set :initializeBookmarks:i :bookmarkJulia.2:position
   284 label *label34
   285 jump *label36 greaterThanEq :initializeBookmarks:i 158
-    * set :bookmark.10:memory bank1
-    * set :bookmark.10:position :initializeBookmarks:i
-    * set :bookmark.10:x .X
-    * set :bookmark.10:y .Y
-    * set :bookmark.10:zoom .ZOOM
   286 set *tmp195 :initializeBookmarks:i
   287 op add :bookmark.10:position :initializeBookmarks:i 1
-    * write .X bank1 *tmp195
+  288 write .X bank1 :initializeBookmarks:i
   289 set *tmp198 :bookmark.10:position
-    * op add :bookmark.10:position :bookmark.10:position 1
+  290 op add :bookmark.10:position :initializeBookmarks:i 2
   291 write .Y bank1 *tmp198
   292 set *tmp201 :bookmark.10:position
   293 op add :bookmark.10:position :bookmark.10:position 1
 
   317 set .JULIA_Y 0
   318 write 0 bank1 74
   319 set .palette 0
-    * set .PALETTE 1
   320 write 1 bank1 75
   321 print "Palette #"
   322 print 1
 
   331 set :start @time
   332 jump *label41 equal .links @links
   333 set .links @links
-    * set *tmp211 .links
   334 set :initializeProcessors:i 0
   335 label *label44
   336 jump *label46 greaterThanEq :initializeProcessors:i .links
 
   401 set :print false
   402 label *label49
   403 label *label50
-    * set :handleMove:switch switch1
-    * set :handleMove:x 0
-    * set :handleMove:y 1
-    * set :handleMove:z 1
   404 sensor *tmp224 switch1 @enabled
   405 jump *label55 equal *tmp224 false
   406 set .CHANGE true
   407 jump *label57 equal 0 0
-    * op mul *tmp228 0 44
   408 op div *tmp229 0 .ZOOM
   409 op add .X .X *tmp229
   410 write .X bank1 69
   411 label *label57
   412 label *label58
   413 jump *label59 equal 1 0
-    * op mul *tmp233 1 44
   414 op div *tmp234 44 .ZOOM
   415 op add .Y .Y *tmp234
   416 write .Y bank1 70
 
   425 label *label55
   426 label *label56
   427 label *label54
-    * set :handleMove.1:switch switch2
-    * set :handleMove.1:x -1
-    * set :handleMove.1:y 0
-    * set :handleMove.1:z 1
   428 sensor *tmp242 switch2 @enabled
   429 jump *label64 equal *tmp242 false
   430 set .CHANGE true
   431 jump *label66 equal -1 0
-    * op mul *tmp246 -1 44
   432 op div *tmp247 -44 .ZOOM
   433 op add .X .X *tmp247
   434 write .X bank1 69
   435 label *label66
   436 label *label67
   437 jump *label68 equal 0 0
-    * op mul *tmp251 0 44
   438 op div *tmp252 0 .ZOOM
   439 op add .Y .Y *tmp252
   440 write .Y bank1 70
 
   449 label *label64
   450 label *label65
   451 label *label63
-    * set :handleMove.2:switch switch3
-    * set :handleMove.2:x 1
-    * set :handleMove.2:y 0
-    * set :handleMove.2:z 1
   452 sensor *tmp260 switch3 @enabled
   453 jump *label73 equal *tmp260 false
   454 set .CHANGE true
   455 jump *label75 equal 1 0
-    * op mul *tmp264 1 44
   456 op div *tmp265 44 .ZOOM
   457 op add .X .X *tmp265
   458 write .X bank1 69
   459 label *label75
   460 label *label76
   461 jump *label77 equal 0 0
-    * op mul *tmp269 0 44
   462 op div *tmp270 0 .ZOOM
   463 op add .Y .Y *tmp270
   464 write .Y bank1 70
 
   473 label *label73
   474 label *label74
   475 label *label72
-    * set :handleMove.3:switch switch4
-    * set :handleMove.3:x 0
-    * set :handleMove.3:y -1
-    * set :handleMove.3:z 1
   476 sensor *tmp278 switch4 @enabled
   477 jump *label82 equal *tmp278 false
   478 set .CHANGE true
   479 jump *label84 equal 0 0
-    * op mul *tmp282 0 44
   480 op div *tmp283 0 .ZOOM
   481 op add .X .X *tmp283
   482 write .X bank1 69
   483 label *label84
   484 label *label85
   485 jump *label86 equal -1 0
-    * op mul *tmp287 -1 44
   486 op div *tmp288 -44 .ZOOM
   487 op add .Y .Y *tmp288
   488 write .Y bank1 70
 
   497 label *label82
   498 label *label83
   499 label *label81
-    * set :handleMove.4:switch switch5
-    * set :handleMove.4:x 0
-    * set :handleMove.4:y 0
-    * set :handleMove.4:z 2
   500 sensor *tmp296 switch5 @enabled
   501 jump *label91 equal *tmp296 false
   502 set .CHANGE true
   503 jump *label93 equal 0 0
-    * op mul *tmp300 0 44
   504 op div *tmp301 0 .ZOOM
   505 op add .X .X *tmp301
   506 write .X bank1 69
   507 label *label93
   508 label *label94
   509 jump *label95 equal 0 0
-    * op mul *tmp305 0 44
   510 op div *tmp306 0 .ZOOM
   511 op add .Y .Y *tmp306
   512 write .Y bank1 70
 
   521 label *label91
   522 label *label92
   523 label *label90
-    * set :handleMove.5:switch switch6
-    * set :handleMove.5:x 0
-    * set :handleMove.5:y 0
-    * set :handleMove.5:z 0.5
   524 sensor *tmp314 switch6 @enabled
   525 jump *label100 equal *tmp314 false
   526 set .CHANGE true
   527 jump *label102 equal 0 0
-    * op mul *tmp318 0 44
   528 op div *tmp319 0 .ZOOM
   529 op add .X .X *tmp319
   530 write .X bank1 69
   531 label *label102
   532 label *label103
   533 jump *label104 equal 0 0
-    * op mul *tmp323 0 44
   534 op div *tmp324 0 .ZOOM
   535 op add .Y .Y *tmp324
   536 write .Y bank1 70
 
   561 label *label109
   562 sensor *tmp336 switch8 @enabled
   563 jump *label112 equal *tmp336 false
-    * set :loadBookmark:position .position
-    * set :loadBookmark:bookmark .bookmark
   564 read .X bank1 .position
   565 write .X bank1 69
   566 op add *tmp342 .position 1
 
   588 label *label113
   589 sensor *tmp364 switch9 @enabled
   590 jump *label115 equal *tmp364 false
-    * set :saveBookmark:position .position
-    * set :saveBookmark:bookmark .bookmark
   591 write .X bank1 .position
   592 op add *tmp368 .position 1
   593 write .Y bank1 *tmp368
 
   670 set :updateBookmarks :handleTopRowButtons:updateBookmarks
   671 jump *label137 equal :handleTopRowButtons:updateBookmarks false
   672 set :printBookmarks:position .position
-    * set :printBookmarks:bookmark .bookmark
   673 print "BOOKMARKS"
   674 print "\n"
   675 print "[o] [o] [o] [o] ..."
 
   711 label *label141
   712 print "-------------------------"
   713 print "\n"
-    * set *tmp428 .position
   714 print "X: "
-    * read *tmp430 bank1 :printBookmarks:position
+  715 read *tmp430 bank1 .position
   716 print *tmp430
   717 print "\"
   718 print "n"
 
   776 set .text1 ""
   777 set :print true
   778 set .links @links
-    * set *tmp455 .links
   779 set :initializeProcessors.1:i 0
   780 label *label154
   781 jump *label156 greaterThanEq :initializeProcessors.1:i .links

Modifications by Iterated phase, Data Flow Optimization, pass 1, iteration 3 (-18 instructions):
 
    70 write %[black] bank1 63
    71 label *label16
    72 set :initializeBookmarks:i 80
-    * set *tmp20 80
-    * op add :bookmark:position 80 1
-    * write -0.8 bank1 :initializeBookmarks:i
+   73 write -0.8 bank1 80
    74 set *tmp23 81
-    * op add :bookmark:position 81 1
-    * write 0 bank1 *tmp23
+   75 write 0 bank1 81
    76 set *tmp26 82
-    * op add :bookmark:position 82 1
-    * write 50 bank1 *tmp26
+   77 write 50 bank1 82
    78 set *tmp29 83
-    * op add :bookmark:position 83 1
-    * write false bank1 *tmp29
+   79 write false bank1 83
    80 op add :bookmark:position 84 2
    81 label *label21
    82 set :initializeBookmarks:i 86
-    * set :bookmark.1:position 86
-    * set *tmp32 :bookmark:position
-    * op add :bookmark.1:position :bookmark:position 1
-    * write -0.14375 bank1 :initializeBookmarks:i
-    * set *tmp35 :bookmark.1:position
-    * op add :bookmark.1:position :initializeBookmarks:i 2
+   83 set *tmp32 86
+   84 op add :bookmark.1:position 86 1
+   85 write -0.14375 bank1 86
+   86 set *tmp35 87
+   87 op add :bookmark.1:position 86 2
    88 write 1 bank1 *tmp35
-    * set *tmp38 :bookmark.1:position
-    * op add :bookmark.1:position :bookmark.1:position 1
+   89 set *tmp38 88
+   90 op add :bookmark.1:position 88 1
    91 write 1600 bank1 *tmp38
-    * set *tmp41 :bookmark.1:position
-    * op add :bookmark.1:position :bookmark.1:position 1
+   92 set *tmp41 89
+   93 op add :bookmark.1:position 89 1
    94 write false bank1 *tmp41
-    * op add :bookmark.1:position :bookmark.1:position 2
+   95 op add :bookmark.1:position 90 2
    96 label *label22
-    * set :initializeBookmarks:i :bookmark.1:position
-    * set *tmp44 :bookmark.1:position
-    * op add :bookmark.2:position :bookmark.1:position 1
-    * write -1.675 bank1 :initializeBookmarks:i
-    * set *tmp47 :bookmark.2:position
-    * op add :bookmark.2:position :initializeBookmarks:i 2
+   97 set :initializeBookmarks:i 92
+   98 set *tmp44 92
+   99 op add :bookmark.2:position 92 1
+  100 write -1.675 bank1 :bookmark.1:position
+  101 set *tmp47 93
+  102 op add :bookmark.2:position :bookmark.1:position 2
   103 write 0 bank1 *tmp47
   104 set *tmp50 :bookmark.2:position
-    * op add :bookmark.2:position :bookmark.2:position 1
+  105 op add :bookmark.2:position :initializeBookmarks:i 3
   106 write 25600 bank1 *tmp50
   107 set *tmp53 :bookmark.2:position
   108 op add :bookmark.2:position :bookmark.2:position 1
 
   110 op add :bookmark.2:position :bookmark.2:position 2
   111 label *label23
   112 set :initializeBookmarks:i :bookmark.2:position
-    * set *tmp56 :bookmark.2:position
   113 op add :bookmark.3:position :bookmark.2:position 1
-    * write -1.413547 bank1 :initializeBookmarks:i
+  114 write -1.413547 bank1 :bookmark.2:position
   115 set *tmp59 :bookmark.3:position
-    * op add :bookmark.3:position :initializeBookmarks:i 2
+  116 op add :bookmark.3:position :bookmark.2:position 2
   117 write -0.03234831 bank1 *tmp59
   118 set *tmp62 :bookmark.3:position
-    * op add :bookmark.3:position :bookmark.3:position 1
+  119 op add :bookmark.3:position :initializeBookmarks:i 3
   120 write 2500 bank1 *tmp62
   121 set *tmp65 :bookmark.3:position
   122 op add :bookmark.3:position :bookmark.3:position 1
 
   124 op add :bookmark.3:position :bookmark.3:position 2
   125 label *label24
   126 set :initializeBookmarks:i :bookmark.3:position
-    * set *tmp68 :bookmark.3:position
   127 op add :bookmark.4:position :bookmark.3:position 1
-    * write 0.37359375 bank1 :initializeBookmarks:i
+  128 write 0.37359375 bank1 :bookmark.3:position
   129 set *tmp71 :bookmark.4:position
-    * op add :bookmark.4:position :initializeBookmarks:i 2
+  130 op add :bookmark.4:position :bookmark.3:position 2
   131 write 0.09015625 bank1 *tmp71
   132 set *tmp74 :bookmark.4:position
-    * op add :bookmark.4:position :bookmark.4:position 1
+  133 op add :bookmark.4:position :initializeBookmarks:i 3
   134 write 12800 bank1 *tmp74
   135 set *tmp77 :bookmark.4:position
   136 op add :bookmark.4:position :bookmark.4:position 1
 
   138 op add :bookmark.4:position :bookmark.4:position 2
   139 label *label25
   140 set :initializeBookmarks:i :bookmark.4:position
-    * set *tmp80 :bookmark.4:position
   141 op add :bookmark.5:position :bookmark.4:position 1
-    * write -1.408547 bank1 :initializeBookmarks:i
+  142 write -1.408547 bank1 :bookmark.4:position
   143 set *tmp83 :bookmark.5:position
-    * op add :bookmark.5:position :initializeBookmarks:i 2
+  144 op add :bookmark.5:position :bookmark.4:position 2
   145 write -0.03734831 bank1 *tmp83
   146 set *tmp86 :bookmark.5:position
-    * op add :bookmark.5:position :bookmark.5:position 1
+  147 op add :bookmark.5:position :initializeBookmarks:i 3
   148 write 10000 bank1 *tmp86
   149 set *tmp89 :bookmark.5:position
   150 op add :bookmark.5:position :bookmark.5:position 1
 
   152 op add :bookmark.5:position :bookmark.5:position 2
   153 label *label26
   154 set :initializeBookmarks:i :bookmark.5:position
-    * set *tmp92 :bookmark.5:position
   155 op add :bookmark.6:position :bookmark.5:position 1
-    * write 0.371875 bank1 :initializeBookmarks:i
+  156 write 0.371875 bank1 :bookmark.5:position
   157 set *tmp95 :bookmark.6:position
-    * op add :bookmark.6:position :initializeBookmarks:i 2
+  158 op add :bookmark.6:position :bookmark.5:position 2
   159 write 0.078125 bank1 *tmp95
   160 set *tmp98 :bookmark.6:position
-    * op add :bookmark.6:position :bookmark.6:position 1
+  161 op add :bookmark.6:position :initializeBookmarks:i 3
   162 write 3200 bank1 *tmp98
   163 set *tmp101 :bookmark.6:position
   164 op add :bookmark.6:position :bookmark.6:position 1
 
   166 op add :bookmark.6:position :bookmark.6:position 2
   167 label *label27
   168 set :initializeBookmarks:i :bookmark.6:position
-    * set *tmp104 :bookmark.6:position
   169 op add :bookmark.7:position :bookmark.6:position 1
-    * write -1.382347 bank1 :initializeBookmarks:i
+  170 write -1.382347 bank1 :bookmark.6:position
   171 set *tmp107 :bookmark.7:position
-    * op add :bookmark.7:position :initializeBookmarks:i 2
+  172 op add :bookmark.7:position :bookmark.6:position 2
   173 write -0.02114831 bank1 *tmp107
   174 set *tmp110 :bookmark.7:position
-    * op add :bookmark.7:position :bookmark.7:position 1
+  175 op add :bookmark.7:position :initializeBookmarks:i 3
   176 write 5000 bank1 *tmp110
   177 set *tmp113 :bookmark.7:position
   178 op add :bookmark.7:position :bookmark.7:position 1
 
   180 op add :bookmark.7:position :bookmark.7:position 2
   181 label *label28
   182 set :initializeBookmarks:i :bookmark.7:position
-    * set *tmp116 :bookmark.7:position
   183 op add :bookmark.8:position :bookmark.7:position 1
-    * write 0.355 bank1 :initializeBookmarks:i
+  184 write 0.355 bank1 :bookmark.7:position
   185 set *tmp119 :bookmark.8:position
-    * op add :bookmark.8:position :initializeBookmarks:i 2
+  186 op add :bookmark.8:position :bookmark.7:position 2
   187 write 0.66 bank1 *tmp119
   188 set *tmp122 :bookmark.8:position
-    * op add :bookmark.8:position :bookmark.8:position 1
+  189 op add :bookmark.8:position :initializeBookmarks:i 3
   190 write 3200 bank1 *tmp122
   191 set *tmp125 :bookmark.8:position
   192 op add :bookmark.8:position :bookmark.8:position 1
 
   194 op add :bookmark.8:position :bookmark.8:position 2
   195 label *label29
   196 set :initializeBookmarks:i :bookmark.8:position
-    * set *tmp128 :bookmark.8:position
   197 op add :bookmark.9:position :bookmark.8:position 1
-    * write 0.018125 bank1 :initializeBookmarks:i
+  198 write 0.018125 bank1 :bookmark.8:position
   199 set *tmp131 :bookmark.9:position
-    * op add :bookmark.9:position :initializeBookmarks:i 2
+  200 op add :bookmark.9:position :bookmark.8:position 2
   201 write -0.818125 bank1 *tmp131
   202 set *tmp134 :bookmark.9:position
-    * op add :bookmark.9:position :bookmark.9:position 1
+  203 op add :bookmark.9:position :initializeBookmarks:i 3
   204 write 6400 bank1 *tmp134
   205 set *tmp137 :bookmark.9:position
   206 op add :bookmark.9:position :bookmark.9:position 1
 
   208 op add :bookmark.9:position :bookmark.9:position 2
   209 label *label30
   210 set :initializeBookmarks:i :bookmark.9:position
-    * set *tmp140 :bookmark.9:position
   211 op add :bookmarkJulia:position :bookmark.9:position 1
-    * write 0 bank1 :initializeBookmarks:i
+  212 write 0 bank1 :bookmark.9:position
   213 set *tmp143 :bookmarkJulia:position
-    * op add :bookmarkJulia:position :initializeBookmarks:i 2
+  214 op add :bookmarkJulia:position :bookmark.9:position 2
   215 write 0 bank1 *tmp143
   216 set *tmp146 :bookmarkJulia:position
-    * op add :bookmarkJulia:position :bookmarkJulia:position 1
+  217 op add :bookmarkJulia:position :initializeBookmarks:i 3
   218 write 50 bank1 *tmp146
   219 set *tmp149 :bookmarkJulia:position
   220 op add :bookmarkJulia:position :bookmarkJulia:position 1
 
   227 write 0 bank1 *tmp155
   228 label *label31
   229 set :initializeBookmarks:i :bookmarkJulia:position
-    * set *tmp158 :bookmarkJulia:position
   230 op add :bookmarkJulia.1:position :bookmarkJulia:position 1
-    * write -0.14375 bank1 :initializeBookmarks:i
+  231 write -0.14375 bank1 :bookmarkJulia:position
   232 set *tmp161 :bookmarkJulia.1:position
-    * op add :bookmarkJulia.1:position :initializeBookmarks:i 2
+  233 op add :bookmarkJulia.1:position :bookmarkJulia:position 2
   234 write 1.03125 bank1 *tmp161
   235 set *tmp164 :bookmarkJulia.1:position
-    * op add :bookmarkJulia.1:position :bookmarkJulia.1:position 1
+  236 op add :bookmarkJulia.1:position :initializeBookmarks:i 3
   237 write 3200 bank1 *tmp164
   238 set *tmp167 :bookmarkJulia.1:position
   239 op add :bookmarkJulia.1:position :bookmarkJulia.1:position 1
 
   246 write 1 bank1 *tmp173
   247 label *label32
   248 set :initializeBookmarks:i :bookmarkJulia.1:position
-    * set *tmp176 :bookmarkJulia.1:position
   249 op add :bookmarkJulia.2:position :bookmarkJulia.1:position 1
-    * write -1.403547 bank1 :initializeBookmarks:i
+  250 write -1.403547 bank1 :bookmarkJulia.1:position
   251 set *tmp179 :bookmarkJulia.2:position
-    * op add :bookmarkJulia.2:position :initializeBookmarks:i 2
+  252 op add :bookmarkJulia.2:position :bookmarkJulia.1:position 2
   253 write -0.02734831 bank1 *tmp179
   254 set *tmp182 :bookmarkJulia.2:position
-    * op add :bookmarkJulia.2:position :bookmarkJulia.2:position 1
+  255 op add :bookmarkJulia.2:position :initializeBookmarks:i 3
   256 write 5000 bank1 *tmp182
   257 set *tmp185 :bookmarkJulia.2:position
   258 op add :bookmarkJulia.2:position :bookmarkJulia.2:position 1
 
   267 set :initializeBookmarks:i :bookmarkJulia.2:position
   268 label *label34
   269 jump *label36 greaterThanEq :initializeBookmarks:i 158
-    * set *tmp195 :initializeBookmarks:i
   270 op add :bookmark.10:position :initializeBookmarks:i 1
   271 write .X bank1 :initializeBookmarks:i
   272 set *tmp198 :bookmark.10:position
   273 op add :bookmark.10:position :initializeBookmarks:i 2
   274 write .Y bank1 *tmp198
   275 set *tmp201 :bookmark.10:position
-    * op add :bookmark.10:position :bookmark.10:position 1
+  276 op add :bookmark.10:position :initializeBookmarks:i 3
   277 write .ZOOM bank1 *tmp201
   278 set *tmp204 :bookmark.10:position
   279 op add :bookmark.10:position :bookmark.10:position 1
 
   652 label *label118
   653 set :updateBookmarks :handleTopRowButtons:updateBookmarks
   654 jump *label137 equal :handleTopRowButtons:updateBookmarks false
-    * set :printBookmarks:position .position
   655 print "BOOKMARKS"
   656 print "\n"
   657 print "[o] [o] [o] [o] ..."

Modifications by Iterated phase, Data Flow Optimization, pass 1, iteration 4 (-13 instructions):
 
    69 label *label19
    70 write %[black] bank1 63
    71 label *label16
-    * set :initializeBookmarks:i 80
    72 write -0.8 bank1 80
-    * set *tmp23 81
    73 write 0 bank1 81
-    * set *tmp26 82
    74 write 50 bank1 82
-    * set *tmp29 83
    75 write false bank1 83
-    * op add :bookmark:position 84 2
    76 label *label21
-    * set :initializeBookmarks:i 86
-    * set *tmp32 86
-    * op add :bookmark.1:position 86 1
    77 write -0.14375 bank1 86
    78 set *tmp35 87
-    * op add :bookmark.1:position 86 2
-    * write 1 bank1 *tmp35
+   79 write 1 bank1 87
    80 set *tmp38 88
-    * op add :bookmark.1:position 88 1
-    * write 1600 bank1 *tmp38
+   81 write 1600 bank1 88
    82 set *tmp41 89
-    * op add :bookmark.1:position 89 1
-    * write false bank1 *tmp41
+   83 write false bank1 89
    84 op add :bookmark.1:position 90 2
    85 label *label22
    86 set :initializeBookmarks:i 92
-    * set *tmp44 92
-    * op add :bookmark.2:position 92 1
-    * write -1.675 bank1 :bookmark.1:position
+   87 write -1.675 bank1 92
    88 set *tmp47 93
-    * op add :bookmark.2:position :bookmark.1:position 2
-    * write 0 bank1 *tmp47
-    * set *tmp50 :bookmark.2:position
-    * op add :bookmark.2:position :initializeBookmarks:i 3
+   89 op add :bookmark.2:position 92 2
+   90 write 0 bank1 93
+   91 set *tmp50 94
+   92 op add :bookmark.2:position 92 3
    93 write 25600 bank1 *tmp50
-    * set *tmp53 :bookmark.2:position
-    * op add :bookmark.2:position :bookmark.2:position 1
+   94 set *tmp53 95
+   95 op add :bookmark.2:position 95 1
    96 write false bank1 *tmp53
-    * op add :bookmark.2:position :bookmark.2:position 2
+   97 op add :bookmark.2:position 96 2
    98 label *label23
-    * set :initializeBookmarks:i :bookmark.2:position
-    * op add :bookmark.3:position :bookmark.2:position 1
-    * write -1.413547 bank1 :bookmark.2:position
-    * set *tmp59 :bookmark.3:position
-    * op add :bookmark.3:position :bookmark.2:position 2
+   99 set :initializeBookmarks:i 98
+  100 op add :bookmark.3:position 98 1
+  101 write -1.413547 bank1 98
+  102 set *tmp59 99
+  103 op add :bookmark.3:position 98 2
   104 write -0.03234831 bank1 *tmp59
-    * set *tmp62 :bookmark.3:position
-    * op add :bookmark.3:position :initializeBookmarks:i 3
+  105 set *tmp62 100
+  106 op add :bookmark.3:position :bookmark.2:position 3
   107 write 2500 bank1 *tmp62
   108 set *tmp65 :bookmark.3:position
-    * op add :bookmark.3:position :bookmark.3:position 1
+  109 op add :bookmark.3:position :initializeBookmarks:i 4
   110 write false bank1 *tmp65
   111 op add :bookmark.3:position :bookmark.3:position 2
   112 label *label24
 
   117 op add :bookmark.4:position :bookmark.3:position 2
   118 write 0.09015625 bank1 *tmp71
   119 set *tmp74 :bookmark.4:position
-    * op add :bookmark.4:position :initializeBookmarks:i 3
+  120 op add :bookmark.4:position :bookmark.3:position 3
   121 write 12800 bank1 *tmp74
   122 set *tmp77 :bookmark.4:position
-    * op add :bookmark.4:position :bookmark.4:position 1
+  123 op add :bookmark.4:position :initializeBookmarks:i 4
   124 write false bank1 *tmp77
   125 op add :bookmark.4:position :bookmark.4:position 2
   126 label *label25
 
   131 op add :bookmark.5:position :bookmark.4:position 2
   132 write -0.03734831 bank1 *tmp83
   133 set *tmp86 :bookmark.5:position
-    * op add :bookmark.5:position :initializeBookmarks:i 3
+  134 op add :bookmark.5:position :bookmark.4:position 3
   135 write 10000 bank1 *tmp86
   136 set *tmp89 :bookmark.5:position
-    * op add :bookmark.5:position :bookmark.5:position 1
+  137 op add :bookmark.5:position :initializeBookmarks:i 4
   138 write false bank1 *tmp89
   139 op add :bookmark.5:position :bookmark.5:position 2
   140 label *label26
 
   145 op add :bookmark.6:position :bookmark.5:position 2
   146 write 0.078125 bank1 *tmp95
   147 set *tmp98 :bookmark.6:position
-    * op add :bookmark.6:position :initializeBookmarks:i 3
+  148 op add :bookmark.6:position :bookmark.5:position 3
   149 write 3200 bank1 *tmp98
   150 set *tmp101 :bookmark.6:position
-    * op add :bookmark.6:position :bookmark.6:position 1
+  151 op add :bookmark.6:position :initializeBookmarks:i 4
   152 write false bank1 *tmp101
   153 op add :bookmark.6:position :bookmark.6:position 2
   154 label *label27
 
   159 op add :bookmark.7:position :bookmark.6:position 2
   160 write -0.02114831 bank1 *tmp107
   161 set *tmp110 :bookmark.7:position
-    * op add :bookmark.7:position :initializeBookmarks:i 3
+  162 op add :bookmark.7:position :bookmark.6:position 3
   163 write 5000 bank1 *tmp110
   164 set *tmp113 :bookmark.7:position
-    * op add :bookmark.7:position :bookmark.7:position 1
+  165 op add :bookmark.7:position :initializeBookmarks:i 4
   166 write false bank1 *tmp113
   167 op add :bookmark.7:position :bookmark.7:position 2
   168 label *label28
 
   173 op add :bookmark.8:position :bookmark.7:position 2
   174 write 0.66 bank1 *tmp119
   175 set *tmp122 :bookmark.8:position
-    * op add :bookmark.8:position :initializeBookmarks:i 3
+  176 op add :bookmark.8:position :bookmark.7:position 3
   177 write 3200 bank1 *tmp122
   178 set *tmp125 :bookmark.8:position
-    * op add :bookmark.8:position :bookmark.8:position 1
+  179 op add :bookmark.8:position :initializeBookmarks:i 4
   180 write false bank1 *tmp125
   181 op add :bookmark.8:position :bookmark.8:position 2
   182 label *label29
 
   187 op add :bookmark.9:position :bookmark.8:position 2
   188 write -0.818125 bank1 *tmp131
   189 set *tmp134 :bookmark.9:position
-    * op add :bookmark.9:position :initializeBookmarks:i 3
+  190 op add :bookmark.9:position :bookmark.8:position 3
   191 write 6400 bank1 *tmp134
   192 set *tmp137 :bookmark.9:position
-    * op add :bookmark.9:position :bookmark.9:position 1
+  193 op add :bookmark.9:position :initializeBookmarks:i 4
   194 write false bank1 *tmp137
   195 op add :bookmark.9:position :bookmark.9:position 2
   196 label *label30
 
   201 op add :bookmarkJulia:position :bookmark.9:position 2
   202 write 0 bank1 *tmp143
   203 set *tmp146 :bookmarkJulia:position
-    * op add :bookmarkJulia:position :initializeBookmarks:i 3
+  204 op add :bookmarkJulia:position :bookmark.9:position 3
   205 write 50 bank1 *tmp146
   206 set *tmp149 :bookmarkJulia:position
-    * op add :bookmarkJulia:position :bookmarkJulia:position 1
+  207 op add :bookmarkJulia:position :initializeBookmarks:i 4
   208 write true bank1 *tmp149
   209 set *tmp152 :bookmarkJulia:position
   210 op add :bookmarkJulia:position :bookmarkJulia:position 1
 
   220 op add :bookmarkJulia.1:position :bookmarkJulia:position 2
   221 write 1.03125 bank1 *tmp161
   222 set *tmp164 :bookmarkJulia.1:position
-    * op add :bookmarkJulia.1:position :initializeBookmarks:i 3
+  223 op add :bookmarkJulia.1:position :bookmarkJulia:position 3
   224 write 3200 bank1 *tmp164
   225 set *tmp167 :bookmarkJulia.1:position
-    * op add :bookmarkJulia.1:position :bookmarkJulia.1:position 1
+  226 op add :bookmarkJulia.1:position :initializeBookmarks:i 4
   227 write true bank1 *tmp167
   228 set *tmp170 :bookmarkJulia.1:position
   229 op add :bookmarkJulia.1:position :bookmarkJulia.1:position 1
 
   239 op add :bookmarkJulia.2:position :bookmarkJulia.1:position 2
   240 write -0.02734831 bank1 *tmp179
   241 set *tmp182 :bookmarkJulia.2:position
-    * op add :bookmarkJulia.2:position :initializeBookmarks:i 3
+  242 op add :bookmarkJulia.2:position :bookmarkJulia.1:position 3
   243 write 5000 bank1 *tmp182
   244 set *tmp185 :bookmarkJulia.2:position
-    * op add :bookmarkJulia.2:position :bookmarkJulia.2:position 1
+  245 op add :bookmarkJulia.2:position :initializeBookmarks:i 4
   246 write true bank1 *tmp185
   247 set *tmp188 :bookmarkJulia.2:position
   248 op add :bookmarkJulia.2:position :bookmarkJulia.2:position 1
 
   263 op add :bookmark.10:position :initializeBookmarks:i 3
   264 write .ZOOM bank1 *tmp201
   265 set *tmp204 :bookmark.10:position
-    * op add :bookmark.10:position :bookmark.10:position 1
+  266 op add :bookmark.10:position :initializeBookmarks:i 4
   267 write false bank1 *tmp204
   268 op add :bookmark.10:position :bookmark.10:position 2
   269 label *label37

Modifications by Iterated phase, Data Flow Optimization, pass 1, iteration 5 (-11 instructions):
 
    75 write false bank1 83
    76 label *label21
    77 write -0.14375 bank1 86
-    * set *tmp35 87
    78 write 1 bank1 87
-    * set *tmp38 88
    79 write 1600 bank1 88
-    * set *tmp41 89
    80 write false bank1 89
-    * op add :bookmark.1:position 90 2
    81 label *label22
-    * set :initializeBookmarks:i 92
    82 write -1.675 bank1 92
-    * set *tmp47 93
-    * op add :bookmark.2:position 92 2
    83 write 0 bank1 93
    84 set *tmp50 94
-    * op add :bookmark.2:position 92 3
-    * write 25600 bank1 *tmp50
+   85 write 25600 bank1 94
    86 set *tmp53 95
-    * op add :bookmark.2:position 95 1
-    * write false bank1 *tmp53
+   87 write false bank1 95
    88 op add :bookmark.2:position 96 2
    89 label *label23
    90 set :initializeBookmarks:i 98
-    * op add :bookmark.3:position 98 1
    91 write -1.413547 bank1 98
    92 set *tmp59 99
-    * op add :bookmark.3:position 98 2
-    * write -0.03234831 bank1 *tmp59
+   93 write -0.03234831 bank1 99
    94 set *tmp62 100
-    * op add :bookmark.3:position :bookmark.2:position 3
-    * write 2500 bank1 *tmp62
-    * set *tmp65 :bookmark.3:position
-    * op add :bookmark.3:position :initializeBookmarks:i 4
+   95 op add :bookmark.3:position 98 3
+   96 write 2500 bank1 100
+   97 set *tmp65 101
+   98 op add :bookmark.3:position 98 4
    99 write false bank1 *tmp65
-    * op add :bookmark.3:position :bookmark.3:position 2
+  100 op add :bookmark.3:position 102 2
   101 label *label24
-    * set :initializeBookmarks:i :bookmark.3:position
-    * op add :bookmark.4:position :bookmark.3:position 1
-    * write 0.37359375 bank1 :bookmark.3:position
-    * set *tmp71 :bookmark.4:position
-    * op add :bookmark.4:position :bookmark.3:position 2
+  102 set :initializeBookmarks:i 104
+  103 op add :bookmark.4:position 104 1
+  104 write 0.37359375 bank1 104
+  105 set *tmp71 105
+  106 op add :bookmark.4:position 104 2
   107 write 0.09015625 bank1 *tmp71
-    * set *tmp74 :bookmark.4:position
-    * op add :bookmark.4:position :bookmark.3:position 3
+  108 set *tmp74 106
+  109 op add :bookmark.4:position 104 3
   110 write 12800 bank1 *tmp74
-    * set *tmp77 :bookmark.4:position
-    * op add :bookmark.4:position :initializeBookmarks:i 4
+  111 set *tmp77 107
+  112 op add :bookmark.4:position :bookmark.3:position 4
   113 write false bank1 *tmp77
-    * op add :bookmark.4:position :bookmark.4:position 2
+  114 op add :bookmark.4:position :initializeBookmarks:i 6
   115 label *label25
   116 set :initializeBookmarks:i :bookmark.4:position
   117 op add :bookmark.5:position :bookmark.4:position 1
 
   123 op add :bookmark.5:position :bookmark.4:position 3
   124 write 10000 bank1 *tmp86
   125 set *tmp89 :bookmark.5:position
-    * op add :bookmark.5:position :initializeBookmarks:i 4
+  126 op add :bookmark.5:position :bookmark.4:position 4
   127 write false bank1 *tmp89
-    * op add :bookmark.5:position :bookmark.5:position 2
+  128 op add :bookmark.5:position :initializeBookmarks:i 6
   129 label *label26
   130 set :initializeBookmarks:i :bookmark.5:position
   131 op add :bookmark.6:position :bookmark.5:position 1
 
   137 op add :bookmark.6:position :bookmark.5:position 3
   138 write 3200 bank1 *tmp98
   139 set *tmp101 :bookmark.6:position
-    * op add :bookmark.6:position :initializeBookmarks:i 4
+  140 op add :bookmark.6:position :bookmark.5:position 4
   141 write false bank1 *tmp101
-    * op add :bookmark.6:position :bookmark.6:position 2
+  142 op add :bookmark.6:position :initializeBookmarks:i 6
   143 label *label27
   144 set :initializeBookmarks:i :bookmark.6:position
   145 op add :bookmark.7:position :bookmark.6:position 1
 
   151 op add :bookmark.7:position :bookmark.6:position 3
   152 write 5000 bank1 *tmp110
   153 set *tmp113 :bookmark.7:position
-    * op add :bookmark.7:position :initializeBookmarks:i 4
+  154 op add :bookmark.7:position :bookmark.6:position 4
   155 write false bank1 *tmp113
-    * op add :bookmark.7:position :bookmark.7:position 2
+  156 op add :bookmark.7:position :initializeBookmarks:i 6
   157 label *label28
   158 set :initializeBookmarks:i :bookmark.7:position
   159 op add :bookmark.8:position :bookmark.7:position 1
 
   165 op add :bookmark.8:position :bookmark.7:position 3
   166 write 3200 bank1 *tmp122
   167 set *tmp125 :bookmark.8:position
-    * op add :bookmark.8:position :initializeBookmarks:i 4
+  168 op add :bookmark.8:position :bookmark.7:position 4
   169 write false bank1 *tmp125
-    * op add :bookmark.8:position :bookmark.8:position 2
+  170 op add :bookmark.8:position :initializeBookmarks:i 6
   171 label *label29
   172 set :initializeBookmarks:i :bookmark.8:position
   173 op add :bookmark.9:position :bookmark.8:position 1
 
   179 op add :bookmark.9:position :bookmark.8:position 3
   180 write 6400 bank1 *tmp134
   181 set *tmp137 :bookmark.9:position
-    * op add :bookmark.9:position :initializeBookmarks:i 4
+  182 op add :bookmark.9:position :bookmark.8:position 4
   183 write false bank1 *tmp137
-    * op add :bookmark.9:position :bookmark.9:position 2
+  184 op add :bookmark.9:position :initializeBookmarks:i 6
   185 label *label30
   186 set :initializeBookmarks:i :bookmark.9:position
   187 op add :bookmarkJulia:position :bookmark.9:position 1
 
   193 op add :bookmarkJulia:position :bookmark.9:position 3
   194 write 50 bank1 *tmp146
   195 set *tmp149 :bookmarkJulia:position
-    * op add :bookmarkJulia:position :initializeBookmarks:i 4
+  196 op add :bookmarkJulia:position :bookmark.9:position 4
   197 write true bank1 *tmp149
   198 set *tmp152 :bookmarkJulia:position
-    * op add :bookmarkJulia:position :bookmarkJulia:position 1
+  199 op add :bookmarkJulia:position :initializeBookmarks:i 5
   200 write -0.8 bank1 *tmp152
   201 set *tmp155 :bookmarkJulia:position
   202 op add :bookmarkJulia:position :bookmarkJulia:position 1
 
   212 op add :bookmarkJulia.1:position :bookmarkJulia:position 3
   213 write 3200 bank1 *tmp164
   214 set *tmp167 :bookmarkJulia.1:position
-    * op add :bookmarkJulia.1:position :initializeBookmarks:i 4
+  215 op add :bookmarkJulia.1:position :bookmarkJulia:position 4
   216 write true bank1 *tmp167
   217 set *tmp170 :bookmarkJulia.1:position
-    * op add :bookmarkJulia.1:position :bookmarkJulia.1:position 1
+  218 op add :bookmarkJulia.1:position :initializeBookmarks:i 5
   219 write -0.14375 bank1 *tmp170
   220 set *tmp173 :bookmarkJulia.1:position
   221 op add :bookmarkJulia.1:position :bookmarkJulia.1:position 1
 
   231 op add :bookmarkJulia.2:position :bookmarkJulia.1:position 3
   232 write 5000 bank1 *tmp182
   233 set *tmp185 :bookmarkJulia.2:position
-    * op add :bookmarkJulia.2:position :initializeBookmarks:i 4
+  234 op add :bookmarkJulia.2:position :bookmarkJulia.1:position 4
   235 write true bank1 *tmp185
   236 set *tmp188 :bookmarkJulia.2:position
-    * op add :bookmarkJulia.2:position :bookmarkJulia.2:position 1
+  237 op add :bookmarkJulia.2:position :initializeBookmarks:i 5
   238 write -1.408547 bank1 *tmp188
   239 set *tmp191 :bookmarkJulia.2:position
   240 op add :bookmarkJulia.2:position :bookmarkJulia.2:position 1
 
   254 set *tmp204 :bookmark.10:position
   255 op add :bookmark.10:position :initializeBookmarks:i 4
   256 write false bank1 *tmp204
-    * op add :bookmark.10:position :bookmark.10:position 2
+  257 op add :bookmark.10:position :initializeBookmarks:i 6
   258 label *label37
   259 set :initializeBookmarks:i :bookmark.10:position
   260 label *label35

Modifications by Iterated phase, Data Flow Optimization, pass 1, iteration 6 (-16 instructions):
 
    81 label *label22
    82 write -1.675 bank1 92
    83 write 0 bank1 93
-    * set *tmp50 94
    84 write 25600 bank1 94
-    * set *tmp53 95
    85 write false bank1 95
-    * op add :bookmark.2:position 96 2
    86 label *label23
-    * set :initializeBookmarks:i 98
    87 write -1.413547 bank1 98
-    * set *tmp59 99
    88 write -0.03234831 bank1 99
-    * set *tmp62 100
-    * op add :bookmark.3:position 98 3
    89 write 2500 bank1 100
    90 set *tmp65 101
-    * op add :bookmark.3:position 98 4
-    * write false bank1 *tmp65
+   91 write false bank1 101
    92 op add :bookmark.3:position 102 2
    93 label *label24
    94 set :initializeBookmarks:i 104
-    * op add :bookmark.4:position 104 1
    95 write 0.37359375 bank1 104
    96 set *tmp71 105
-    * op add :bookmark.4:position 104 2
-    * write 0.09015625 bank1 *tmp71
+   97 write 0.09015625 bank1 105
    98 set *tmp74 106
-    * op add :bookmark.4:position 104 3
-    * write 12800 bank1 *tmp74
+   99 write 12800 bank1 106
   100 set *tmp77 107
-    * op add :bookmark.4:position :bookmark.3:position 4
-    * write false bank1 *tmp77
-    * op add :bookmark.4:position :initializeBookmarks:i 6
+  101 op add :bookmark.4:position 104 4
+  102 write false bank1 107
+  103 op add :bookmark.4:position 104 6
   104 label *label25
-    * set :initializeBookmarks:i :bookmark.4:position
-    * op add :bookmark.5:position :bookmark.4:position 1
-    * write -1.408547 bank1 :bookmark.4:position
-    * set *tmp83 :bookmark.5:position
-    * op add :bookmark.5:position :bookmark.4:position 2
+  105 set :initializeBookmarks:i 110
+  106 op add :bookmark.5:position 110 1
+  107 write -1.408547 bank1 110
+  108 set *tmp83 111
+  109 op add :bookmark.5:position 110 2
   110 write -0.03734831 bank1 *tmp83
-    * set *tmp86 :bookmark.5:position
-    * op add :bookmark.5:position :bookmark.4:position 3
+  111 set *tmp86 112
+  112 op add :bookmark.5:position 110 3
   113 write 10000 bank1 *tmp86
-    * set *tmp89 :bookmark.5:position
-    * op add :bookmark.5:position :bookmark.4:position 4
+  114 set *tmp89 113
+  115 op add :bookmark.5:position 110 4
   116 write false bank1 *tmp89
-    * op add :bookmark.5:position :initializeBookmarks:i 6
+  117 op add :bookmark.5:position :bookmark.4:position 6
   118 label *label26
   119 set :initializeBookmarks:i :bookmark.5:position
   120 op add :bookmark.6:position :bookmark.5:position 1
 
   126 op add :bookmark.6:position :bookmark.5:position 3
   127 write 3200 bank1 *tmp98
   128 set *tmp101 :bookmark.6:position
-    * op add :bookmark.6:position :bookmark.5:position 4
   129 write false bank1 *tmp101
-    * op add :bookmark.6:position :initializeBookmarks:i 6
+  130 op add :bookmark.6:position :bookmark.5:position 6
   131 label *label27
   132 set :initializeBookmarks:i :bookmark.6:position
   133 op add :bookmark.7:position :bookmark.6:position 1
 
   139 op add :bookmark.7:position :bookmark.6:position 3
   140 write 5000 bank1 *tmp110
   141 set *tmp113 :bookmark.7:position
-    * op add :bookmark.7:position :bookmark.6:position 4
   142 write false bank1 *tmp113
-    * op add :bookmark.7:position :initializeBookmarks:i 6
+  143 op add :bookmark.7:position :bookmark.6:position 6
   144 label *label28
   145 set :initializeBookmarks:i :bookmark.7:position
   146 op add :bookmark.8:position :bookmark.7:position 1
 
   152 op add :bookmark.8:position :bookmark.7:position 3
   153 write 3200 bank1 *tmp122
   154 set *tmp125 :bookmark.8:position
-    * op add :bookmark.8:position :bookmark.7:position 4
   155 write false bank1 *tmp125
-    * op add :bookmark.8:position :initializeBookmarks:i 6
+  156 op add :bookmark.8:position :bookmark.7:position 6
   157 label *label29
   158 set :initializeBookmarks:i :bookmark.8:position
   159 op add :bookmark.9:position :bookmark.8:position 1
 
   165 op add :bookmark.9:position :bookmark.8:position 3
   166 write 6400 bank1 *tmp134
   167 set *tmp137 :bookmark.9:position
-    * op add :bookmark.9:position :bookmark.8:position 4
   168 write false bank1 *tmp137
-    * op add :bookmark.9:position :initializeBookmarks:i 6
+  169 op add :bookmark.9:position :bookmark.8:position 6
   170 label *label30
   171 set :initializeBookmarks:i :bookmark.9:position
   172 op add :bookmarkJulia:position :bookmark.9:position 1
 
   181 op add :bookmarkJulia:position :bookmark.9:position 4
   182 write true bank1 *tmp149
   183 set *tmp152 :bookmarkJulia:position
-    * op add :bookmarkJulia:position :initializeBookmarks:i 5
+  184 op add :bookmarkJulia:position :bookmark.9:position 5
   185 write -0.8 bank1 *tmp152
   186 set *tmp155 :bookmarkJulia:position
-    * op add :bookmarkJulia:position :bookmarkJulia:position 1
+  187 op add :bookmarkJulia:position :initializeBookmarks:i 6
   188 write 0 bank1 *tmp155
   189 label *label31
   190 set :initializeBookmarks:i :bookmarkJulia:position
 
   200 op add :bookmarkJulia.1:position :bookmarkJulia:position 4
   201 write true bank1 *tmp167
   202 set *tmp170 :bookmarkJulia.1:position
-    * op add :bookmarkJulia.1:position :initializeBookmarks:i 5
+  203 op add :bookmarkJulia.1:position :bookmarkJulia:position 5
   204 write -0.14375 bank1 *tmp170
   205 set *tmp173 :bookmarkJulia.1:position
-    * op add :bookmarkJulia.1:position :bookmarkJulia.1:position 1
+  206 op add :bookmarkJulia.1:position :initializeBookmarks:i 6
   207 write 1 bank1 *tmp173
   208 label *label32
   209 set :initializeBookmarks:i :bookmarkJulia.1:position
 
   219 op add :bookmarkJulia.2:position :bookmarkJulia.1:position 4
   220 write true bank1 *tmp185
   221 set *tmp188 :bookmarkJulia.2:position
-    * op add :bookmarkJulia.2:position :initializeBookmarks:i 5
+  222 op add :bookmarkJulia.2:position :bookmarkJulia.1:position 5
   223 write -1.408547 bank1 *tmp188
   224 set *tmp191 :bookmarkJulia.2:position
-    * op add :bookmarkJulia.2:position :bookmarkJulia.2:position 1
+  225 op add :bookmarkJulia.2:position :initializeBookmarks:i 6
   226 write -0.03734831 bank1 *tmp191
   227 label *label33
   228 set :initializeBookmarks:i :bookmarkJulia.2:position
 
   237 op add :bookmark.10:position :initializeBookmarks:i 3
   238 write .ZOOM bank1 *tmp201
   239 set *tmp204 :bookmark.10:position
-    * op add :bookmark.10:position :initializeBookmarks:i 4
   240 write false bank1 *tmp204
   241 op add :bookmark.10:position :initializeBookmarks:i 6
   242 label *label37

Modifications by Iterated phase, Data Flow Optimization, pass 1, iteration 7 (-12 instructions):
 
    87 write -1.413547 bank1 98
    88 write -0.03234831 bank1 99
    89 write 2500 bank1 100
-    * set *tmp65 101
    90 write false bank1 101
-    * op add :bookmark.3:position 102 2
    91 label *label24
-    * set :initializeBookmarks:i 104
    92 write 0.37359375 bank1 104
-    * set *tmp71 105
    93 write 0.09015625 bank1 105
-    * set *tmp74 106
    94 write 12800 bank1 106
-    * set *tmp77 107
-    * op add :bookmark.4:position 104 4
    95 write false bank1 107
    96 op add :bookmark.4:position 104 6
    97 label *label25
-    * set :initializeBookmarks:i 110
-    * op add :bookmark.5:position 110 1
    98 write -1.408547 bank1 110
    99 set *tmp83 111
-    * op add :bookmark.5:position 110 2
-    * write -0.03734831 bank1 *tmp83
+  100 write -0.03734831 bank1 111
   101 set *tmp86 112
-    * op add :bookmark.5:position 110 3
-    * write 10000 bank1 *tmp86
+  102 write 10000 bank1 112
   103 set *tmp89 113
-    * op add :bookmark.5:position 110 4
-    * write false bank1 *tmp89
-    * op add :bookmark.5:position :bookmark.4:position 6
+  104 write false bank1 113
+  105 op add :bookmark.5:position 110 6
   106 label *label26
-    * set :initializeBookmarks:i :bookmark.5:position
-    * op add :bookmark.6:position :bookmark.5:position 1
-    * write 0.371875 bank1 :bookmark.5:position
-    * set *tmp95 :bookmark.6:position
-    * op add :bookmark.6:position :bookmark.5:position 2
+  107 set :initializeBookmarks:i 116
+  108 op add :bookmark.6:position 116 1
+  109 write 0.371875 bank1 116
+  110 set *tmp95 117
+  111 op add :bookmark.6:position 116 2
   112 write 0.078125 bank1 *tmp95
-    * set *tmp98 :bookmark.6:position
-    * op add :bookmark.6:position :bookmark.5:position 3
+  113 set *tmp98 118
+  114 op add :bookmark.6:position 116 3
   115 write 3200 bank1 *tmp98
-    * set *tmp101 :bookmark.6:position
-    * write false bank1 *tmp101
-    * op add :bookmark.6:position :bookmark.5:position 6
+  116 set *tmp101 119
+  117 write false bank1 :bookmark.6:position
+  118 op add :bookmark.6:position 116 6
   119 label *label27
-    * set :initializeBookmarks:i :bookmark.6:position
-    * op add :bookmark.7:position :bookmark.6:position 1
-    * write -1.382347 bank1 :bookmark.6:position
-    * set *tmp107 :bookmark.7:position
-    * op add :bookmark.7:position :bookmark.6:position 2
+  120 set :initializeBookmarks:i 122
+  121 op add :bookmark.7:position 122 1
+  122 write -1.382347 bank1 122
+  123 set *tmp107 123
+  124 op add :bookmark.7:position 122 2
   125 write -0.02114831 bank1 *tmp107
-    * set *tmp110 :bookmark.7:position
-    * op add :bookmark.7:position :bookmark.6:position 3
+  126 set *tmp110 124
+  127 op add :bookmark.7:position 122 3
   128 write 5000 bank1 *tmp110
-    * set *tmp113 :bookmark.7:position
-    * write false bank1 *tmp113
-    * op add :bookmark.7:position :bookmark.6:position 6
+  129 set *tmp113 125
+  130 write false bank1 :bookmark.7:position
+  131 op add :bookmark.7:position 122 6
   132 label *label28
-    * set :initializeBookmarks:i :bookmark.7:position
-    * op add :bookmark.8:position :bookmark.7:position 1
-    * write 0.355 bank1 :bookmark.7:position
-    * set *tmp119 :bookmark.8:position
-    * op add :bookmark.8:position :bookmark.7:position 2
+  133 set :initializeBookmarks:i 128
+  134 op add :bookmark.8:position 128 1
+  135 write 0.355 bank1 128
+  136 set *tmp119 129
+  137 op add :bookmark.8:position 128 2
   138 write 0.66 bank1 *tmp119
-    * set *tmp122 :bookmark.8:position
-    * op add :bookmark.8:position :bookmark.7:position 3
+  139 set *tmp122 130
+  140 op add :bookmark.8:position 128 3
   141 write 3200 bank1 *tmp122
-    * set *tmp125 :bookmark.8:position
-    * write false bank1 *tmp125
-    * op add :bookmark.8:position :bookmark.7:position 6
+  142 set *tmp125 131
+  143 write false bank1 :bookmark.8:position
+  144 op add :bookmark.8:position 128 6
   145 label *label29
-    * set :initializeBookmarks:i :bookmark.8:position
-    * op add :bookmark.9:position :bookmark.8:position 1
-    * write 0.018125 bank1 :bookmark.8:position
-    * set *tmp131 :bookmark.9:position
-    * op add :bookmark.9:position :bookmark.8:position 2
+  146 set :initializeBookmarks:i 134
+  147 op add :bookmark.9:position 134 1
+  148 write 0.018125 bank1 134
+  149 set *tmp131 135
+  150 op add :bookmark.9:position 134 2
   151 write -0.818125 bank1 *tmp131
-    * set *tmp134 :bookmark.9:position
-    * op add :bookmark.9:position :bookmark.8:position 3
+  152 set *tmp134 136
+  153 op add :bookmark.9:position 134 3
   154 write 6400 bank1 *tmp134
-    * set *tmp137 :bookmark.9:position
-    * write false bank1 *tmp137
-    * op add :bookmark.9:position :bookmark.8:position 6
+  155 set *tmp137 137
+  156 write false bank1 :bookmark.9:position
+  157 op add :bookmark.9:position 134 6
   158 label *label30
-    * set :initializeBookmarks:i :bookmark.9:position
-    * op add :bookmarkJulia:position :bookmark.9:position 1
-    * write 0 bank1 :bookmark.9:position
-    * set *tmp143 :bookmarkJulia:position
-    * op add :bookmarkJulia:position :bookmark.9:position 2
+  159 set :initializeBookmarks:i 140
+  160 op add :bookmarkJulia:position 140 1
+  161 write 0 bank1 140
+  162 set *tmp143 141
+  163 op add :bookmarkJulia:position 140 2
   164 write 0 bank1 *tmp143
-    * set *tmp146 :bookmarkJulia:position
-    * op add :bookmarkJulia:position :bookmark.9:position 3
+  165 set *tmp146 142
+  166 op add :bookmarkJulia:position 140 3
   167 write 50 bank1 *tmp146
-    * set *tmp149 :bookmarkJulia:position
-    * op add :bookmarkJulia:position :bookmark.9:position 4
+  168 set *tmp149 143
+  169 op add :bookmarkJulia:position 140 4
   170 write true bank1 *tmp149
-    * set *tmp152 :bookmarkJulia:position
-    * op add :bookmarkJulia:position :bookmark.9:position 5
+  171 set *tmp152 144
+  172 op add :bookmarkJulia:position 140 5
   173 write -0.8 bank1 *tmp152
-    * set *tmp155 :bookmarkJulia:position
-    * op add :bookmarkJulia:position :initializeBookmarks:i 6
+  174 set *tmp155 145
+  175 op add :bookmarkJulia:position :bookmark.9:position 6
   176 write 0 bank1 *tmp155
   177 label *label31
   178 set :initializeBookmarks:i :bookmarkJulia:position
 
   191 op add :bookmarkJulia.1:position :bookmarkJulia:position 5
   192 write -0.14375 bank1 *tmp170
   193 set *tmp173 :bookmarkJulia.1:position
-    * op add :bookmarkJulia.1:position :initializeBookmarks:i 6
+  194 op add :bookmarkJulia.1:position :bookmarkJulia:position 6
   195 write 1 bank1 *tmp173
   196 label *label32
   197 set :initializeBookmarks:i :bookmarkJulia.1:position
 
   210 op add :bookmarkJulia.2:position :bookmarkJulia.1:position 5
   211 write -1.408547 bank1 *tmp188
   212 set *tmp191 :bookmarkJulia.2:position
-    * op add :bookmarkJulia.2:position :initializeBookmarks:i 6
+  213 op add :bookmarkJulia.2:position :bookmarkJulia.1:position 6
   214 write -0.03734831 bank1 *tmp191
   215 label *label33
   216 set :initializeBookmarks:i :bookmarkJulia.2:position
 
   225 op add :bookmark.10:position :initializeBookmarks:i 3
   226 write .ZOOM bank1 *tmp201
   227 set *tmp204 :bookmark.10:position
-    * write false bank1 *tmp204
+  228 write false bank1 :bookmark.10:position
   229 op add :bookmark.10:position :initializeBookmarks:i 6
   230 label *label37
   231 set :initializeBookmarks:i :bookmark.10:position

Modifications by Iterated phase, Data Flow Optimization, pass 1, iteration 8 (-31 instructions):
 
    93 write 0.09015625 bank1 105
    94 write 12800 bank1 106
    95 write false bank1 107
-    * op add :bookmark.4:position 104 6
    96 label *label25
    97 write -1.408547 bank1 110
-    * set *tmp83 111
    98 write -0.03734831 bank1 111
-    * set *tmp86 112
    99 write 10000 bank1 112
-    * set *tmp89 113
   100 write false bank1 113
-    * op add :bookmark.5:position 110 6
   101 label *label26
-    * set :initializeBookmarks:i 116
-    * op add :bookmark.6:position 116 1
   102 write 0.371875 bank1 116
   103 set *tmp95 117
-    * op add :bookmark.6:position 116 2
-    * write 0.078125 bank1 *tmp95
+  104 write 0.078125 bank1 117
   105 set *tmp98 118
   106 op add :bookmark.6:position 116 3
-    * write 3200 bank1 *tmp98
-    * set *tmp101 119
-    * write false bank1 :bookmark.6:position
-    * op add :bookmark.6:position 116 6
+  107 write 3200 bank1 118
+  108 write false bank1 119
   109 label *label27
-    * set :initializeBookmarks:i 122
-    * op add :bookmark.7:position 122 1
   110 write -1.382347 bank1 122
   111 set *tmp107 123
-    * op add :bookmark.7:position 122 2
-    * write -0.02114831 bank1 *tmp107
+  112 write -0.02114831 bank1 123
   113 set *tmp110 124
   114 op add :bookmark.7:position 122 3
-    * write 5000 bank1 *tmp110
-    * set *tmp113 125
-    * write false bank1 :bookmark.7:position
-    * op add :bookmark.7:position 122 6
+  115 write 5000 bank1 124
+  116 write false bank1 125
   117 label *label28
-    * set :initializeBookmarks:i 128
-    * op add :bookmark.8:position 128 1
   118 write 0.355 bank1 128
   119 set *tmp119 129
-    * op add :bookmark.8:position 128 2
-    * write 0.66 bank1 *tmp119
+  120 write 0.66 bank1 129
   121 set *tmp122 130
   122 op add :bookmark.8:position 128 3
-    * write 3200 bank1 *tmp122
-    * set *tmp125 131
-    * write false bank1 :bookmark.8:position
-    * op add :bookmark.8:position 128 6
+  123 write 3200 bank1 130
+  124 write false bank1 131
   125 label *label29
-    * set :initializeBookmarks:i 134
-    * op add :bookmark.9:position 134 1
   126 write 0.018125 bank1 134
   127 set *tmp131 135
-    * op add :bookmark.9:position 134 2
-    * write -0.818125 bank1 *tmp131
+  128 write -0.818125 bank1 135
   129 set *tmp134 136
   130 op add :bookmark.9:position 134 3
-    * write 6400 bank1 *tmp134
-    * set *tmp137 137
-    * write false bank1 :bookmark.9:position
+  131 write 6400 bank1 136
+  132 write false bank1 137
   133 op add :bookmark.9:position 134 6
   134 label *label30
-    * set :initializeBookmarks:i 140
-    * op add :bookmarkJulia:position 140 1
   135 write 0 bank1 140
   136 set *tmp143 141
-    * op add :bookmarkJulia:position 140 2
-    * write 0 bank1 *tmp143
+  137 write 0 bank1 141
   138 set *tmp146 142
-    * op add :bookmarkJulia:position 140 3
-    * write 50 bank1 *tmp146
+  139 write 50 bank1 142
   140 set *tmp149 143
-    * op add :bookmarkJulia:position 140 4
-    * write true bank1 *tmp149
+  141 write true bank1 143
   142 set *tmp152 144
-    * op add :bookmarkJulia:position 140 5
-    * write -0.8 bank1 *tmp152
+  143 write -0.8 bank1 144
   144 set *tmp155 145
-    * op add :bookmarkJulia:position :bookmark.9:position 6
-    * write 0 bank1 *tmp155
+  145 op add :bookmarkJulia:position 140 6
+  146 write 0 bank1 145
   147 label *label31
-    * set :initializeBookmarks:i :bookmarkJulia:position
-    * op add :bookmarkJulia.1:position :bookmarkJulia:position 1
-    * write -0.14375 bank1 :bookmarkJulia:position
-    * set *tmp161 :bookmarkJulia.1:position
-    * op add :bookmarkJulia.1:position :bookmarkJulia:position 2
+  148 set :initializeBookmarks:i 146
+  149 op add :bookmarkJulia.1:position 146 1
+  150 write -0.14375 bank1 146
+  151 set *tmp161 147
+  152 op add :bookmarkJulia.1:position 146 2
   153 write 1.03125 bank1 *tmp161
-    * set *tmp164 :bookmarkJulia.1:position
-    * op add :bookmarkJulia.1:position :bookmarkJulia:position 3
+  154 set *tmp164 148
+  155 op add :bookmarkJulia.1:position 146 3
   156 write 3200 bank1 *tmp164
-    * set *tmp167 :bookmarkJulia.1:position
-    * op add :bookmarkJulia.1:position :bookmarkJulia:position 4
+  157 set *tmp167 149
+  158 op add :bookmarkJulia.1:position 146 4
   159 write true bank1 *tmp167
-    * set *tmp170 :bookmarkJulia.1:position
-    * op add :bookmarkJulia.1:position :bookmarkJulia:position 5
+  160 set *tmp170 150
+  161 op add :bookmarkJulia.1:position 146 5
   162 write -0.14375 bank1 *tmp170
-    * set *tmp173 :bookmarkJulia.1:position
-    * op add :bookmarkJulia.1:position :bookmarkJulia:position 6
+  163 set *tmp173 151
+  164 op add :bookmarkJulia.1:position 146 6
   165 write 1 bank1 *tmp173
   166 label *label32
-    * set :initializeBookmarks:i :bookmarkJulia.1:position
-    * op add :bookmarkJulia.2:position :bookmarkJulia.1:position 1
-    * write -1.403547 bank1 :bookmarkJulia.1:position
-    * set *tmp179 :bookmarkJulia.2:position
-    * op add :bookmarkJulia.2:position :bookmarkJulia.1:position 2
+  167 set :initializeBookmarks:i 152
+  168 op add :bookmarkJulia.2:position 152 1
+  169 write -1.403547 bank1 152
+  170 set *tmp179 153
+  171 op add :bookmarkJulia.2:position 152 2
   172 write -0.02734831 bank1 *tmp179
-    * set *tmp182 :bookmarkJulia.2:position
-    * op add :bookmarkJulia.2:position :bookmarkJulia.1:position 3
+  173 set *tmp182 154
+  174 op add :bookmarkJulia.2:position 152 3
   175 write 5000 bank1 *tmp182
-    * set *tmp185 :bookmarkJulia.2:position
-    * op add :bookmarkJulia.2:position :bookmarkJulia.1:position 4
+  176 set *tmp185 155
+  177 op add :bookmarkJulia.2:position 152 4
   178 write true bank1 *tmp185
-    * set *tmp188 :bookmarkJulia.2:position
-    * op add :bookmarkJulia.2:position :bookmarkJulia.1:position 5
+  179 set *tmp188 156
+  180 op add :bookmarkJulia.2:position 152 5
   181 write -1.408547 bank1 *tmp188
-    * set *tmp191 :bookmarkJulia.2:position
-    * op add :bookmarkJulia.2:position :bookmarkJulia.1:position 6
+  182 set *tmp191 157
+  183 op add :bookmarkJulia.2:position 152 6
   184 write -0.03734831 bank1 *tmp191
   185 label *label33
-    * set :initializeBookmarks:i :bookmarkJulia.2:position
+  186 set :initializeBookmarks:i 158
   187 label *label34
   188 jump *label36 greaterThanEq :initializeBookmarks:i 158
   189 op add :bookmark.10:position :initializeBookmarks:i 1
 
   194 set *tmp201 :bookmark.10:position
   195 op add :bookmark.10:position :initializeBookmarks:i 3
   196 write .ZOOM bank1 *tmp201
-    * set *tmp204 :bookmark.10:position
   197 write false bank1 :bookmark.10:position
   198 op add :bookmark.10:position :initializeBookmarks:i 6
   199 label *label37

Modifications by Iterated phase, Data Flow Optimization, pass 1, iteration 9 (-33 instructions):
 
   100 write false bank1 113
   101 label *label26
   102 write 0.371875 bank1 116
-    * set *tmp95 117
   103 write 0.078125 bank1 117
-    * set *tmp98 118
-    * op add :bookmark.6:position 116 3
   104 write 3200 bank1 118
   105 write false bank1 119
   106 label *label27
   107 write -1.382347 bank1 122
-    * set *tmp107 123
   108 write -0.02114831 bank1 123
-    * set *tmp110 124
-    * op add :bookmark.7:position 122 3
   109 write 5000 bank1 124
   110 write false bank1 125
   111 label *label28
   112 write 0.355 bank1 128
-    * set *tmp119 129
   113 write 0.66 bank1 129
-    * set *tmp122 130
-    * op add :bookmark.8:position 128 3
   114 write 3200 bank1 130
   115 write false bank1 131
   116 label *label29
   117 write 0.018125 bank1 134
-    * set *tmp131 135
   118 write -0.818125 bank1 135
-    * set *tmp134 136
-    * op add :bookmark.9:position 134 3
   119 write 6400 bank1 136
   120 write false bank1 137
-    * op add :bookmark.9:position 134 6
   121 label *label30
   122 write 0 bank1 140
-    * set *tmp143 141
   123 write 0 bank1 141
-    * set *tmp146 142
   124 write 50 bank1 142
-    * set *tmp149 143
   125 write true bank1 143
-    * set *tmp152 144
   126 write -0.8 bank1 144
-    * set *tmp155 145
-    * op add :bookmarkJulia:position 140 6
   127 write 0 bank1 145
   128 label *label31
-    * set :initializeBookmarks:i 146
-    * op add :bookmarkJulia.1:position 146 1
   129 write -0.14375 bank1 146
   130 set *tmp161 147
-    * op add :bookmarkJulia.1:position 146 2
-    * write 1.03125 bank1 *tmp161
+  131 write 1.03125 bank1 147
   132 set *tmp164 148
-    * op add :bookmarkJulia.1:position 146 3
-    * write 3200 bank1 *tmp164
+  133 write 3200 bank1 148
   134 set *tmp167 149
-    * op add :bookmarkJulia.1:position 146 4
-    * write true bank1 *tmp167
+  135 write true bank1 149
   136 set *tmp170 150
-    * op add :bookmarkJulia.1:position 146 5
-    * write -0.14375 bank1 *tmp170
+  137 write -0.14375 bank1 150
   138 set *tmp173 151
-    * op add :bookmarkJulia.1:position 146 6
-    * write 1 bank1 *tmp173
+  139 write 1 bank1 151
   140 label *label32
-    * set :initializeBookmarks:i 152
-    * op add :bookmarkJulia.2:position 152 1
   141 write -1.403547 bank1 152
   142 set *tmp179 153
-    * op add :bookmarkJulia.2:position 152 2
-    * write -0.02734831 bank1 *tmp179
+  143 write -0.02734831 bank1 153
   144 set *tmp182 154
-    * op add :bookmarkJulia.2:position 152 3
-    * write 5000 bank1 *tmp182
+  145 write 5000 bank1 154
   146 set *tmp185 155
-    * op add :bookmarkJulia.2:position 152 4
-    * write true bank1 *tmp185
+  147 write true bank1 155
   148 set *tmp188 156
-    * op add :bookmarkJulia.2:position 152 5
-    * write -1.408547 bank1 *tmp188
+  149 write -1.408547 bank1 156
   150 set *tmp191 157
-    * op add :bookmarkJulia.2:position 152 6
-    * write -0.03734831 bank1 *tmp191
+  151 write -0.03734831 bank1 157
   152 label *label33
   153 set :initializeBookmarks:i 158
   154 label *label34

Modifications by Iterated phase, Data Flow Optimization, pass 1, iteration 10 (-10 instructions):
 
   127 write 0 bank1 145
   128 label *label31
   129 write -0.14375 bank1 146
-    * set *tmp161 147
   130 write 1.03125 bank1 147
-    * set *tmp164 148
   131 write 3200 bank1 148
-    * set *tmp167 149
   132 write true bank1 149
-    * set *tmp170 150
   133 write -0.14375 bank1 150
-    * set *tmp173 151
   134 write 1 bank1 151
   135 label *label32
   136 write -1.403547 bank1 152
-    * set *tmp179 153
   137 write -0.02734831 bank1 153
-    * set *tmp182 154
   138 write 5000 bank1 154
-    * set *tmp185 155
   139 write true bank1 155
-    * set *tmp188 156
   140 write -1.408547 bank1 156
-    * set *tmp191 157
   141 write -0.03734831 bank1 157
   142 label *label33
   143 set :initializeBookmarks:i 158

Modifications by Iterated phase, Expression Optimization, pass 1, iteration 1:
 
   262 jump *label55 equal *tmp224 false
   263 set .CHANGE true
   264 jump *label57 equal 0 0
-    * op div *tmp229 0 .ZOOM
+  265 set *tmp229 0
   266 op add .X .X *tmp229
   267 write .X bank1 69
   268 label *label57
 
   274 label *label59
   275 label *label60
   276 jump *label61 equal 1 1
-    * op mul .ZOOM .ZOOM 1
+  277 set .ZOOM .ZOOM
   278 write .ZOOM bank1 71
   279 label *label61
   280 label *label62
 
   292 label *label66
   293 label *label67
   294 jump *label68 equal 0 0
-    * op div *tmp252 0 .ZOOM
+  295 set *tmp252 0
   296 op add .Y .Y *tmp252
   297 write .Y bank1 70
   298 label *label68
   299 label *label69
   300 jump *label70 equal 1 1
-    * op mul .ZOOM .ZOOM 1
+  301 set .ZOOM .ZOOM
   302 write .ZOOM bank1 71
   303 label *label70
   304 label *label71
 
   316 label *label75
   317 label *label76
   318 jump *label77 equal 0 0
-    * op div *tmp270 0 .ZOOM
+  319 set *tmp270 0
   320 op add .Y .Y *tmp270
   321 write .Y bank1 70
   322 label *label77
   323 label *label78
   324 jump *label79 equal 1 1
-    * op mul .ZOOM .ZOOM 1
+  325 set .ZOOM .ZOOM
   326 write .ZOOM bank1 71
   327 label *label79
   328 label *label80
 
   334 jump *label82 equal *tmp278 false
   335 set .CHANGE true
   336 jump *label84 equal 0 0
-    * op div *tmp283 0 .ZOOM
+  337 set *tmp283 0
   338 op add .X .X *tmp283
   339 write .X bank1 69
   340 label *label84
 
   346 label *label86
   347 label *label87
   348 jump *label88 equal 1 1
-    * op mul .ZOOM .ZOOM 1
+  349 set .ZOOM .ZOOM
   350 write .ZOOM bank1 71
   351 label *label88
   352 label *label89
 
   358 jump *label91 equal *tmp296 false
   359 set .CHANGE true
   360 jump *label93 equal 0 0
-    * op div *tmp301 0 .ZOOM
+  361 set *tmp301 0
   362 op add .X .X *tmp301
   363 write .X bank1 69
   364 label *label93
   365 label *label94
   366 jump *label95 equal 0 0
-    * op div *tmp306 0 .ZOOM
+  367 set *tmp306 0
   368 op add .Y .Y *tmp306
   369 write .Y bank1 70
   370 label *label95
 
   382 jump *label100 equal *tmp314 false
   383 set .CHANGE true
   384 jump *label102 equal 0 0
-    * op div *tmp319 0 .ZOOM
+  385 set *tmp319 0
   386 op add .X .X *tmp319
   387 write .X bank1 69
   388 label *label102
   389 label *label103
   390 jump *label104 equal 0 0
-    * op div *tmp324 0 .ZOOM
+  391 set *tmp324 0
   392 op add .Y .Y *tmp324
   393 write .Y bank1 70
   394 label *label104

Modifications by Iterated phase, Temp Variables Elimination, pass 1, iteration 1 (-8 instructions):
 
   262 jump *label55 equal *tmp224 false
   263 set .CHANGE true
   264 jump *label57 equal 0 0
-    * set *tmp229 0
-    * op add .X .X *tmp229
+  265 op add .X .X 0
   266 write .X bank1 69
   267 label *label57
   268 label *label58
 
   291 label *label66
   292 label *label67
   293 jump *label68 equal 0 0
-    * set *tmp252 0
-    * op add .Y .Y *tmp252
+  294 op add .Y .Y 0
   295 write .Y bank1 70
   296 label *label68
   297 label *label69
 
   314 label *label75
   315 label *label76
   316 jump *label77 equal 0 0
-    * set *tmp270 0
-    * op add .Y .Y *tmp270
+  317 op add .Y .Y 0
   318 write .Y bank1 70
   319 label *label77
   320 label *label78
 
   331 jump *label82 equal *tmp278 false
   332 set .CHANGE true
   333 jump *label84 equal 0 0
-    * set *tmp283 0
-    * op add .X .X *tmp283
+  334 op add .X .X 0
   335 write .X bank1 69
   336 label *label84
   337 label *label85
 
   354 jump *label91 equal *tmp296 false
   355 set .CHANGE true
   356 jump *label93 equal 0 0
-    * set *tmp301 0
-    * op add .X .X *tmp301
+  357 op add .X .X 0
   358 write .X bank1 69
   359 label *label93
   360 label *label94
   361 jump *label95 equal 0 0
-    * set *tmp306 0
-    * op add .Y .Y *tmp306
+  362 op add .Y .Y 0
   363 write .Y bank1 70
   364 label *label95
   365 label *label96
 
   376 jump *label100 equal *tmp314 false
   377 set .CHANGE true
   378 jump *label102 equal 0 0
-    * set *tmp319 0
-    * op add .X .X *tmp319
+  379 op add .X .X 0
   380 write .X bank1 69
   381 label *label102
   382 label *label103
   383 jump *label104 equal 0 0
-    * set *tmp324 0
-    * op add .Y .Y *tmp324
+  384 op add .Y .Y 0
   385 write .Y bank1 70
   386 label *label104
   387 label *label105

Modifications by Iterated phase, Loop Rotation, pass 1, iteration 1:
 
    52 set :createPalette:i 0
    53 label *label17
    54 jump *label19 greaterThanEq :createPalette:i 63
+   55 label *label157
    56 op div *tmp9 :createPalette:r 256
    57 op div *tmp10 :createPalette:g 256
    58 op div *tmp11 :createPalette:b 256
 
    66 op mod :createPalette:b *tmp17 256
    67 label *label18
    68 op add :createPalette:i :createPalette:i 1
-    * jump *label17 always
+   69 jump *label157 lessThan :createPalette:i 63
    70 label *label19
    71 write %[black] bank1 63
    72 label *label16
 
   144 set :initializeBookmarks:i 158
   145 label *label34
   146 jump *label36 greaterThanEq :initializeBookmarks:i 158
+  147 label *label158
   148 op add :bookmark.10:position :initializeBookmarks:i 1
   149 write .X bank1 :initializeBookmarks:i
   150 set *tmp198 :bookmark.10:position
 
   158 label *label37
   159 set :initializeBookmarks:i :bookmark.10:position
   160 label *label35
-    * jump *label34 always
+  161 jump *label158 lessThan :initializeBookmarks:i 158
   162 label *label36
   163 label *label20
   164 set .STOP 1
 
   193 set :initializeProcessors:i 0
   194 label *label44
   195 jump *label46 greaterThanEq :initializeProcessors:i .links
+  196 label *label159
   197 getlink :initializeProcessors:proc :initializeProcessors:i
   198 write display1 :initializeProcessors:proc ".display"
   199 write bank1 :initializeProcessors:proc ".memory"
   200 label *label45
   201 op add :initializeProcessors:i :initializeProcessors:i 1
-    * jump *label44 always
+  202 jump *label159 lessThan :initializeProcessors:i .links
   203 label *label46
   204 label *label43
   205 label *label41
 
   462 set :handleTopRowButtons:index 0
   463 label *label119
   464 jump *label121 greaterThanEq :handleTopRowButtons:index 13
+  465 label *label160
   466 readarr<internal:folded:regular> :handleTopRowButtons:switch .buttonBookmark[] :handleTopRowButtons:index
   467 jump *label122 notEqual :handleTopRowButtons:index .bookmark
   468 control enabled :handleTopRowButtons:switch true
 
   486 label *label123
   487 label *label120
   488 op add :handleTopRowButtons:index :handleTopRowButtons:index 1
-    * jump *label119 always
+  489 jump *label160 lessThan :handleTopRowButtons:index 13
   490 label *label121
   491 set :handleTopRowButtons:index.1 0
   492 label *label128
   493 jump *label130 greaterThanEq :handleTopRowButtons:index.1 5
+  494 label *label161
   495 readarr<internal:folded:regular> :handleTopRowButtons:switch.1 .buttonPalette[] :handleTopRowButtons:index.1
   496 jump *label131 notEqual :handleTopRowButtons:index.1 .palette
   497 control enabled :handleTopRowButtons:switch.1 true
 
   518 label *label132
   519 label *label129
   520 op add :handleTopRowButtons:index.1 :handleTopRowButtons:index.1 1
-    * jump *label128 always
+  521 jump *label161 lessThan :handleTopRowButtons:index.1 5
   522 label *label130
   523 label *label118
   524 set :updateBookmarks :handleTopRowButtons:updateBookmarks
 
   632 set :initializeProcessors.1:i 0
   633 label *label154
   634 jump *label156 greaterThanEq :initializeProcessors.1:i .links
+  635 label *label162
   636 getlink :initializeProcessors.1:proc :initializeProcessors.1:i
   637 write display1 :initializeProcessors.1:proc ".display"
   638 write bank1 :initializeProcessors.1:proc ".memory"
   639 label *label155
   640 op add :initializeProcessors.1:i :initializeProcessors.1:i 1
-    * jump *label154 always
+  641 jump *label162 lessThan :initializeProcessors.1:i .links
   642 label *label156
   643 label *label153
   644 label *label148

Modifications by Iterated phase, Boolean Optimization, pass 1, iteration 1 (-1 instructions):
 
   204 label *label43
   205 label *label41
   206 label *label42
-    * sensor *tmp213 display1 @operations
-    * jump *label47 lessThanEq :operations *tmp213
-    * set .CHANGE true
-    * label *label47
-    * label *label48
+  207 sensor *tmp213 display1 @operations
+  208 select .CHANGE greaterThan :operations *tmp213 true .CHANGE
   209 sensor :operations display1 @operations
   210 jump *label49 equal :print false
   211 print "Mandelbrot Mania! v3.1"
 
   592 label *label142
   593 label *label143
   594 jump *label146 notEqual :lastTime .TIME
-    * label *label147
   595 jump *label144 equal :lastPercent .PERCENT
   596 label *label146
   597 set :lastTime .TIME

Modifications by Inline array access to 'buttonPalette' at mandelbrot-control.mnd:289:9 (-4 instructions):
 
   489 label *label128
   490 jump *label130 greaterThanEq :handleTopRowButtons:index.1 5
   491 label *label161
-    * readarr<internal:folded:regular> :handleTopRowButtons:switch.1 .buttonPalette[] :handleTopRowButtons:index.1
+  492 readarr<inlined:folded:regular> :handleTopRowButtons:switch.1 .buttonPalette[] :handleTopRowButtons:index.1
   493 jump *label131 notEqual :handleTopRowButtons:index.1 .palette
   494 control enabled :handleTopRowButtons:switch.1 true
   495 jump *label132 always

Modifications by Iterated phase, Data Flow Optimization, pass 1, iteration 1:
 
    51 set :createPalette:b 64
    52 set :createPalette:i 0
    53 label *label17
-    * jump *label19 greaterThanEq :createPalette:i 63
+   54 jump *label19 greaterThanEq 0 63
    55 label *label157
    56 op div *tmp9 :createPalette:r 256
    57 op div *tmp10 :createPalette:g 256
 
   143 label *label33
   144 set :initializeBookmarks:i 158
   145 label *label34
-    * jump *label36 greaterThanEq :initializeBookmarks:i 158
+  146 jump *label36 greaterThanEq 158 158
   147 label *label158
   148 op add :bookmark.10:position :initializeBookmarks:i 1
   149 write .X bank1 :initializeBookmarks:i
 
   158 label *label37
   159 set :initializeBookmarks:i :bookmark.10:position
   160 label *label35
-    * jump *label158 lessThan :initializeBookmarks:i 158
+  161 jump *label158 lessThan :bookmark.10:position 158
   162 label *label36
   163 label *label20
   164 set .STOP 1
 
   192 set .links @links
   193 set :initializeProcessors:i 0
   194 label *label44
-    * jump *label46 greaterThanEq :initializeProcessors:i .links
+  195 jump *label46 greaterThanEq 0 .links
   196 label *label159
   197 getlink :initializeProcessors:proc :initializeProcessors:i
   198 write display1 :initializeProcessors:proc ".display"
 
   458 set :handleTopRowButtons:updateBookmarks :updateBookmarks
   459 set :handleTopRowButtons:index 0
   460 label *label119
-    * jump *label121 greaterThanEq :handleTopRowButtons:index 13
+  461 jump *label121 greaterThanEq 0 13
   462 label *label160
   463 readarr<internal:folded:regular> :handleTopRowButtons:switch .buttonBookmark[] :handleTopRowButtons:index
   464 jump *label122 notEqual :handleTopRowButtons:index .bookmark
 
   487 label *label121
   488 set :handleTopRowButtons:index.1 0
   489 label *label128
-    * jump *label130 greaterThanEq :handleTopRowButtons:index.1 5
+  490 jump *label130 greaterThanEq 0 5
   491 label *label161
   492 readarr<inlined:folded:regular> :handleTopRowButtons:switch.1 .buttonPalette[] :handleTopRowButtons:index.1
   493 jump *label131 notEqual :handleTopRowButtons:index.1 .palette
 
   627 set .links @links
   628 set :initializeProcessors.1:i 0
   629 label *label154
-    * jump *label156 greaterThanEq :initializeProcessors.1:i .links
+  630 jump *label156 greaterThanEq 0 .links
   631 label *label162
   632 getlink :initializeProcessors.1:proc :initializeProcessors.1:i
   633 write display1 :initializeProcessors.1:proc ".display"

Modifications by Inline array access to 'buttonBookmark' at mandelbrot-control.mnd:274:9 (-4 instructions):
 
   460 label *label119
   461 jump *label121 greaterThanEq 0 13
   462 label *label160
-    * readarr<internal:folded:regular> :handleTopRowButtons:switch .buttonBookmark[] :handleTopRowButtons:index
+  463 readarr<inlined:folded:regular> :handleTopRowButtons:switch .buttonBookmark[] :handleTopRowButtons:index
   464 jump *label122 notEqual :handleTopRowButtons:index .bookmark
   465 control enabled :handleTopRowButtons:switch true
   466 jump *label123 always

Modifications by Iterated phase, Jump Normalization, pass 2, iteration 1 (-9 instructions):
 
    51 set :createPalette:b 64
    52 set :createPalette:i 0
    53 label *label17
-    * jump *label19 greaterThanEq 0 63
    54 label *label157
    55 op div *tmp9 :createPalette:r 256
    56 op div *tmp10 :createPalette:g 256
 
   142 label *label33
   143 set :initializeBookmarks:i 158
   144 label *label34
-    * jump *label36 greaterThanEq 158 158
+  145 jump *label36 always
   146 label *label158
   147 op add :bookmark.10:position :initializeBookmarks:i 1
   148 write .X bank1 :initializeBookmarks:i
 
   260 sensor *tmp224 switch1 @enabled
   261 jump *label55 equal *tmp224 false
   262 set .CHANGE true
-    * jump *label57 equal 0 0
+  263 jump *label57 always
   264 op add .X .X 0
   265 write .X bank1 69
   266 label *label57
   267 label *label58
-    * jump *label59 equal 1 0
   268 op div *tmp234 44 .ZOOM
   269 op add .Y .Y *tmp234
   270 write .Y bank1 70
   271 label *label59
   272 label *label60
-    * jump *label61 equal 1 1
+  273 jump *label61 always
   274 set .ZOOM .ZOOM
   275 write .ZOOM bank1 71
   276 label *label61
 
   282 sensor *tmp242 switch2 @enabled
   283 jump *label64 equal *tmp242 false
   284 set .CHANGE true
-    * jump *label66 equal -1 0
   285 op div *tmp247 -44 .ZOOM
   286 op add .X .X *tmp247
   287 write .X bank1 69
   288 label *label66
   289 label *label67
-    * jump *label68 equal 0 0
+  290 jump *label68 always
   291 op add .Y .Y 0
   292 write .Y bank1 70
   293 label *label68
   294 label *label69
-    * jump *label70 equal 1 1
+  295 jump *label70 always
   296 set .ZOOM .ZOOM
   297 write .ZOOM bank1 71
   298 label *label70
 
   304 sensor *tmp260 switch3 @enabled
   305 jump *label73 equal *tmp260 false
   306 set .CHANGE true
-    * jump *label75 equal 1 0
   307 op div *tmp265 44 .ZOOM
   308 op add .X .X *tmp265
   309 write .X bank1 69
   310 label *label75
   311 label *label76
-    * jump *label77 equal 0 0
+  312 jump *label77 always
   313 op add .Y .Y 0
   314 write .Y bank1 70
   315 label *label77
   316 label *label78
-    * jump *label79 equal 1 1
+  317 jump *label79 always
   318 set .ZOOM .ZOOM
   319 write .ZOOM bank1 71
   320 label *label79
 
   326 sensor *tmp278 switch4 @enabled
   327 jump *label82 equal *tmp278 false
   328 set .CHANGE true
-    * jump *label84 equal 0 0
+  329 jump *label84 always
   330 op add .X .X 0
   331 write .X bank1 69
   332 label *label84
   333 label *label85
-    * jump *label86 equal -1 0
   334 op div *tmp288 -44 .ZOOM
   335 op add .Y .Y *tmp288
   336 write .Y bank1 70
   337 label *label86
   338 label *label87
-    * jump *label88 equal 1 1
+  339 jump *label88 always
   340 set .ZOOM .ZOOM
   341 write .ZOOM bank1 71
   342 label *label88
 
   348 sensor *tmp296 switch5 @enabled
   349 jump *label91 equal *tmp296 false
   350 set .CHANGE true
-    * jump *label93 equal 0 0
+  351 jump *label93 always
   352 op add .X .X 0
   353 write .X bank1 69
   354 label *label93
   355 label *label94
-    * jump *label95 equal 0 0
+  356 jump *label95 always
   357 op add .Y .Y 0
   358 write .Y bank1 70
   359 label *label95
   360 label *label96
-    * jump *label97 equal 2 1
   361 op mul .ZOOM .ZOOM 2
   362 write .ZOOM bank1 71
   363 label *label97
 
   369 sensor *tmp314 switch6 @enabled
   370 jump *label100 equal *tmp314 false
   371 set .CHANGE true
-    * jump *label102 equal 0 0
+  372 jump *label102 always
   373 op add .X .X 0
   374 write .X bank1 69
   375 label *label102
   376 label *label103
-    * jump *label104 equal 0 0
+  377 jump *label104 always
   378 op add .Y .Y 0
   379 write .Y bank1 70
   380 label *label104
   381 label *label105
-    * jump *label106 equal 0.5 1
   382 op mul .ZOOM .ZOOM 0.5
   383 write .ZOOM bank1 71
   384 label *label106
 
   451 set :handleTopRowButtons:updateBookmarks :updateBookmarks
   452 set :handleTopRowButtons:index 0
   453 label *label119
-    * jump *label121 greaterThanEq 0 13
   454 label *label160
   455 readarr<inlined:folded:regular> :handleTopRowButtons:switch .buttonBookmark[] :handleTopRowButtons:index
   456 jump *label122 notEqual :handleTopRowButtons:index .bookmark
 
   479 label *label121
   480 set :handleTopRowButtons:index.1 0
   481 label *label128
-    * jump *label130 greaterThanEq 0 5
   482 label *label161
   483 readarr<inlined:folded:regular> :handleTopRowButtons:switch.1 .buttonPalette[] :handleTopRowButtons:index.1
   484 jump *label131 notEqual :handleTopRowButtons:index.1 .palette

Modifications by Iterated phase, Data Flow Optimization, pass 2, iteration 1 (-2 instructions):
 
   144 label *label34
   145 jump *label36 always
   146 label *label158
-    * op add :bookmark.10:position :initializeBookmarks:i 1
+  147 op add *tmp198 :initializeBookmarks:i 1
   148 write .X bank1 :initializeBookmarks:i
-    * set *tmp198 :bookmark.10:position
-    * op add :bookmark.10:position :initializeBookmarks:i 2
+  149 op add *tmp201 :initializeBookmarks:i 2
   150 write .Y bank1 *tmp198
-    * set *tmp201 :bookmark.10:position
   151 op add :bookmark.10:position :initializeBookmarks:i 3
   152 write .ZOOM bank1 *tmp201
   153 write false bank1 :bookmark.10:position

Modifications by Iterated phase, Data Flow Optimization, pass 2, iteration 2 (-18 instructions):
 
   140 write -1.408547 bank1 156
   141 write -0.03734831 bank1 157
   142 label *label33
-    * set :initializeBookmarks:i 158
   143 label *label34
   144 jump *label36 always
   145 label *label158
-    * op add *tmp198 :initializeBookmarks:i 1
   146 write .X bank1 :initializeBookmarks:i
-    * op add *tmp201 :initializeBookmarks:i 2
   147 write .Y bank1 *tmp198
-    * op add :bookmark.10:position :initializeBookmarks:i 3
   148 write .ZOOM bank1 *tmp201
   149 write false bank1 :bookmark.10:position
-    * op add :bookmark.10:position :initializeBookmarks:i 6
   150 label *label37
-    * set :initializeBookmarks:i :bookmark.10:position
   151 label *label35
   152 jump *label158 lessThan :bookmark.10:position 158
   153 label *label36
 
   253 jump *label55 equal *tmp224 false
   254 set .CHANGE true
   255 jump *label57 always
-    * op add .X .X 0
   256 write .X bank1 69
   257 label *label57
   258 label *label58
 
   262 label *label59
   263 label *label60
   264 jump *label61 always
-    * set .ZOOM .ZOOM
   265 write .ZOOM bank1 71
   266 label *label61
   267 label *label62
 
   278 label *label66
   279 label *label67
   280 jump *label68 always
-    * op add .Y .Y 0
   281 write .Y bank1 70
   282 label *label68
   283 label *label69
   284 jump *label70 always
-    * set .ZOOM .ZOOM
   285 write .ZOOM bank1 71
   286 label *label70
   287 label *label71
 
   298 label *label75
   299 label *label76
   300 jump *label77 always
-    * op add .Y .Y 0
   301 write .Y bank1 70
   302 label *label77
   303 label *label78
   304 jump *label79 always
-    * set .ZOOM .ZOOM
   305 write .ZOOM bank1 71
   306 label *label79
   307 label *label80
 
   313 jump *label82 equal *tmp278 false
   314 set .CHANGE true
   315 jump *label84 always
-    * op add .X .X 0
   316 write .X bank1 69
   317 label *label84
   318 label *label85
 
   322 label *label86
   323 label *label87
   324 jump *label88 always
-    * set .ZOOM .ZOOM
   325 write .ZOOM bank1 71
   326 label *label88
   327 label *label89
 
   333 jump *label91 equal *tmp296 false
   334 set .CHANGE true
   335 jump *label93 always
-    * op add .X .X 0
   336 write .X bank1 69
   337 label *label93
   338 label *label94
   339 jump *label95 always
-    * op add .Y .Y 0
   340 write .Y bank1 70
   341 label *label95
   342 label *label96
 
   352 jump *label100 equal *tmp314 false
   353 set .CHANGE true
   354 jump *label102 always
-    * op add .X .X 0
   355 write .X bank1 69
   356 label *label102
   357 label *label103
   358 jump *label104 always
-    * op add .Y .Y 0
   359 write .Y bank1 70
   360 label *label104
   361 label *label105

Modifications by Unroll loop at mandelbrot-control.mnd:273:5 (+347 instructions):
 
   429 label *label115
   430 label *label116
   431 set :handleTopRowButtons:updateBookmarks :updateBookmarks
-    * set :handleTopRowButtons:index 0
-    * label *label119
-    * label *label160
-    * readarr<inlined:folded:regular> :handleTopRowButtons:switch .buttonBookmark[] :handleTopRowButtons:index
-    * jump *label122 notEqual :handleTopRowButtons:index .bookmark
-    * control enabled :handleTopRowButtons:switch true
-    * jump *label123 always
-    * label *label122
-    * jump *label124 notEqual :handleTopRowButtons:index .bookmark_clr
-    * control enabled :handleTopRowButtons:switch false
-    * set .bookmark_clr -1
-    * jump *label125 always
-    * label *label124
-    * sensor *tmp395 :handleTopRowButtons:switch @enabled
-    * jump *label126 equal *tmp395 false
-    * set .bookmark_clr .bookmark
-    * set .bookmark :handleTopRowButtons:index
-    * op mul *tmp397 6 :handleTopRowButtons:index
-    * op add .position 80 *tmp397
-    * set :handleTopRowButtons:updateBookmarks true
-    * label *label126
-    * label *label127
-    * label *label125
-    * label *label123
-    * label *label120
-    * op add :handleTopRowButtons:index :handleTopRowButtons:index 1
-    * jump *label160 lessThan :handleTopRowButtons:index 13
-    * label *label121
+  432 set :handleTopRowButtons:index 0
+  433 label *label163
+  434 readarr<inlined:folded:regular> :handleTopRowButtons:switch .buttonBookmark[] :handleTopRowButtons:index
+  435 jump *label164 notEqual :handleTopRowButtons:index .bookmark
+  436 control enabled :handleTopRowButtons:switch true
+  437 jump *label169 always
+  438 label *label164
+  439 jump *label165 notEqual :handleTopRowButtons:index .bookmark_clr
+  440 control enabled :handleTopRowButtons:switch false
+  441 set .bookmark_clr -1
+  442 jump *label168 always
+  443 label *label165
+  444 sensor *tmp395 :handleTopRowButtons:switch @enabled
+  445 jump *label166 equal *tmp395 false
+  446 set .bookmark_clr .bookmark
+  447 set .bookmark :handleTopRowButtons:index
+  448 op mul *tmp397 6 :handleTopRowButtons:index
+  449 op add .position 80 *tmp397
+  450 set :handleTopRowButtons:updateBookmarks true
+  451 label *label166
+  452 label *label167
+  453 label *label168
+  454 label *label169
+  455 label *label170
+  456 op add :handleTopRowButtons:index :handleTopRowButtons:index 1
+  457 readarr<inlined:folded:regular> :handleTopRowButtons:switch .buttonBookmark[] :handleTopRowButtons:index
+  458 jump *label171 notEqual :handleTopRowButtons:index .bookmark
+  459 control enabled :handleTopRowButtons:switch true
+  460 jump *label176 always
+  461 label *label171
+  462 jump *label172 notEqual :handleTopRowButtons:index .bookmark_clr
+  463 control enabled :handleTopRowButtons:switch false
+  464 set .bookmark_clr -1
+  465 jump *label175 always
+  466 label *label172
+  467 sensor *tmp395 :handleTopRowButtons:switch @enabled
+  468 jump *label173 equal *tmp395 false
+  469 set .bookmark_clr .bookmark
+  470 set .bookmark :handleTopRowButtons:index
+  471 op mul *tmp397 6 :handleTopRowButtons:index
+  472 op add .position 80 *tmp397
+  473 set :handleTopRowButtons:updateBookmarks true
+  474 label *label173
+  475 label *label174
+  476 label *label175
+  477 label *label176
+  478 label *label177
+  479 op add :handleTopRowButtons:index :handleTopRowButtons:index 1
+  480 readarr<inlined:folded:regular> :handleTopRowButtons:switch .buttonBookmark[] :handleTopRowButtons:index
+  481 jump *label178 notEqual :handleTopRowButtons:index .bookmark
+  482 control enabled :handleTopRowButtons:switch true
+  483 jump *label183 always
+  484 label *label178
+  485 jump *label179 notEqual :handleTopRowButtons:index .bookmark_clr
+  486 control enabled :handleTopRowButtons:switch false
+  487 set .bookmark_clr -1
+  488 jump *label182 always
+  489 label *label179
+  490 sensor *tmp395 :handleTopRowButtons:switch @enabled
+  491 jump *label180 equal *tmp395 false
+  492 set .bookmark_clr .bookmark
+  493 set .bookmark :handleTopRowButtons:index
+  494 op mul *tmp397 6 :handleTopRowButtons:index
+  495 op add .position 80 *tmp397
+  496 set :handleTopRowButtons:updateBookmarks true
+  497 label *label180
+  498 label *label181
+  499 label *label182
+  500 label *label183
+  501 label *label184
+  502 op add :handleTopRowButtons:index :handleTopRowButtons:index 1
+  503 readarr<inlined:folded:regular> :handleTopRowButtons:switch .buttonBookmark[] :handleTopRowButtons:index
+  504 jump *label185 notEqual :handleTopRowButtons:index .bookmark
+  505 control enabled :handleTopRowButtons:switch true
+  506 jump *label190 always
+  507 label *label185
+  508 jump *label186 notEqual :handleTopRowButtons:index .bookmark_clr
+  509 control enabled :handleTopRowButtons:switch false
+  510 set .bookmark_clr -1
+  511 jump *label189 always
+  512 label *label186
+  513 sensor *tmp395 :handleTopRowButtons:switch @enabled
+  514 jump *label187 equal *tmp395 false
+  515 set .bookmark_clr .bookmark
+  516 set .bookmark :handleTopRowButtons:index
+  517 op mul *tmp397 6 :handleTopRowButtons:index
+  518 op add .position 80 *tmp397
+  519 set :handleTopRowButtons:updateBookmarks true
+  520 label *label187
+  521 label *label188
+  522 label *label189
+  523 label *label190
+  524 label *label191
+  525 op add :handleTopRowButtons:index :handleTopRowButtons:index 1
+  526 readarr<inlined:folded:regular> :handleTopRowButtons:switch .buttonBookmark[] :handleTopRowButtons:index
+  527 jump *label192 notEqual :handleTopRowButtons:index .bookmark
+  528 control enabled :handleTopRowButtons:switch true
+  529 jump *label197 always
+  530 label *label192
+  531 jump *label193 notEqual :handleTopRowButtons:index .bookmark_clr
+  532 control enabled :handleTopRowButtons:switch false
+  533 set .bookmark_clr -1
+  534 jump *label196 always
+  535 label *label193
+  536 sensor *tmp395 :handleTopRowButtons:switch @enabled
+  537 jump *label194 equal *tmp395 false
+  538 set .bookmark_clr .bookmark
+  539 set .bookmark :handleTopRowButtons:index
+  540 op mul *tmp397 6 :handleTopRowButtons:index
+  541 op add .position 80 *tmp397
+  542 set :handleTopRowButtons:updateBookmarks true
+  543 label *label194
+  544 label *label195
+  545 label *label196
+  546 label *label197
+  547 label *label198
+  548 op add :handleTopRowButtons:index :handleTopRowButtons:index 1
+  549 readarr<inlined:folded:regular> :handleTopRowButtons:switch .buttonBookmark[] :handleTopRowButtons:index
+  550 jump *label199 notEqual :handleTopRowButtons:index .bookmark
+  551 control enabled :handleTopRowButtons:switch true
+  552 jump *label204 always
+  553 label *label199
+  554 jump *label200 notEqual :handleTopRowButtons:index .bookmark_clr
+  555 control enabled :handleTopRowButtons:switch false
+  556 set .bookmark_clr -1
+  557 jump *label203 always
+  558 label *label200
+  559 sensor *tmp395 :handleTopRowButtons:switch @enabled
+  560 jump *label201 equal *tmp395 false
+  561 set .bookmark_clr .bookmark
+  562 set .bookmark :handleTopRowButtons:index
+  563 op mul *tmp397 6 :handleTopRowButtons:index
+  564 op add .position 80 *tmp397
+  565 set :handleTopRowButtons:updateBookmarks true
+  566 label *label201
+  567 label *label202
+  568 label *label203
+  569 label *label204
+  570 label *label205
+  571 op add :handleTopRowButtons:index :handleTopRowButtons:index 1
+  572 readarr<inlined:folded:regular> :handleTopRowButtons:switch .buttonBookmark[] :handleTopRowButtons:index
+  573 jump *label206 notEqual :handleTopRowButtons:index .bookmark
+  574 control enabled :handleTopRowButtons:switch true
+  575 jump *label211 always
+  576 label *label206
+  577 jump *label207 notEqual :handleTopRowButtons:index .bookmark_clr
+  578 control enabled :handleTopRowButtons:switch false
+  579 set .bookmark_clr -1
+  580 jump *label210 always
+  581 label *label207
+  582 sensor *tmp395 :handleTopRowButtons:switch @enabled
+  583 jump *label208 equal *tmp395 false
+  584 set .bookmark_clr .bookmark
+  585 set .bookmark :handleTopRowButtons:index
+  586 op mul *tmp397 6 :handleTopRowButtons:index
+  587 op add .position 80 *tmp397
+  588 set :handleTopRowButtons:updateBookmarks true
+  589 label *label208
+  590 label *label209
+  591 label *label210
+  592 label *label211
+  593 label *label212
+  594 op add :handleTopRowButtons:index :handleTopRowButtons:index 1
+  595 readarr<inlined:folded:regular> :handleTopRowButtons:switch .buttonBookmark[] :handleTopRowButtons:index
+  596 jump *label213 notEqual :handleTopRowButtons:index .bookmark
+  597 control enabled :handleTopRowButtons:switch true
+  598 jump *label218 always
+  599 label *label213
+  600 jump *label214 notEqual :handleTopRowButtons:index .bookmark_clr
+  601 control enabled :handleTopRowButtons:switch false
+  602 set .bookmark_clr -1
+  603 jump *label217 always
+  604 label *label214
+  605 sensor *tmp395 :handleTopRowButtons:switch @enabled
+  606 jump *label215 equal *tmp395 false
+  607 set .bookmark_clr .bookmark
+  608 set .bookmark :handleTopRowButtons:index
+  609 op mul *tmp397 6 :handleTopRowButtons:index
+  610 op add .position 80 *tmp397
+  611 set :handleTopRowButtons:updateBookmarks true
+  612 label *label215
+  613 label *label216
+  614 label *label217
+  615 label *label218
+  616 label *label219
+  617 op add :handleTopRowButtons:index :handleTopRowButtons:index 1
+  618 readarr<inlined:folded:regular> :handleTopRowButtons:switch .buttonBookmark[] :handleTopRowButtons:index
+  619 jump *label220 notEqual :handleTopRowButtons:index .bookmark
+  620 control enabled :handleTopRowButtons:switch true
+  621 jump *label225 always
+  622 label *label220
+  623 jump *label221 notEqual :handleTopRowButtons:index .bookmark_clr
+  624 control enabled :handleTopRowButtons:switch false
+  625 set .bookmark_clr -1
+  626 jump *label224 always
+  627 label *label221
+  628 sensor *tmp395 :handleTopRowButtons:switch @enabled
+  629 jump *label222 equal *tmp395 false
+  630 set .bookmark_clr .bookmark
+  631 set .bookmark :handleTopRowButtons:index
+  632 op mul *tmp397 6 :handleTopRowButtons:index
+  633 op add .position 80 *tmp397
+  634 set :handleTopRowButtons:updateBookmarks true
+  635 label *label222
+  636 label *label223
+  637 label *label224
+  638 label *label225
+  639 label *label226
+  640 op add :handleTopRowButtons:index :handleTopRowButtons:index 1
+  641 readarr<inlined:folded:regular> :handleTopRowButtons:switch .buttonBookmark[] :handleTopRowButtons:index
+  642 jump *label227 notEqual :handleTopRowButtons:index .bookmark
+  643 control enabled :handleTopRowButtons:switch true
+  644 jump *label232 always
+  645 label *label227
+  646 jump *label228 notEqual :handleTopRowButtons:index .bookmark_clr
+  647 control enabled :handleTopRowButtons:switch false
+  648 set .bookmark_clr -1
+  649 jump *label231 always
+  650 label *label228
+  651 sensor *tmp395 :handleTopRowButtons:switch @enabled
+  652 jump *label229 equal *tmp395 false
+  653 set .bookmark_clr .bookmark
+  654 set .bookmark :handleTopRowButtons:index
+  655 op mul *tmp397 6 :handleTopRowButtons:index
+  656 op add .position 80 *tmp397
+  657 set :handleTopRowButtons:updateBookmarks true
+  658 label *label229
+  659 label *label230
+  660 label *label231
+  661 label *label232
+  662 label *label233
+  663 op add :handleTopRowButtons:index :handleTopRowButtons:index 1
+  664 readarr<inlined:folded:regular> :handleTopRowButtons:switch .buttonBookmark[] :handleTopRowButtons:index
+  665 jump *label234 notEqual :handleTopRowButtons:index .bookmark
+  666 control enabled :handleTopRowButtons:switch true
+  667 jump *label239 always
+  668 label *label234
+  669 jump *label235 notEqual :handleTopRowButtons:index .bookmark_clr
+  670 control enabled :handleTopRowButtons:switch false
+  671 set .bookmark_clr -1
+  672 jump *label238 always
+  673 label *label235
+  674 sensor *tmp395 :handleTopRowButtons:switch @enabled
+  675 jump *label236 equal *tmp395 false
+  676 set .bookmark_clr .bookmark
+  677 set .bookmark :handleTopRowButtons:index
+  678 op mul *tmp397 6 :handleTopRowButtons:index
+  679 op add .position 80 *tmp397
+  680 set :handleTopRowButtons:updateBookmarks true
+  681 label *label236
+  682 label *label237
+  683 label *label238
+  684 label *label239
+  685 label *label240
+  686 op add :handleTopRowButtons:index :handleTopRowButtons:index 1
+  687 readarr<inlined:folded:regular> :handleTopRowButtons:switch .buttonBookmark[] :handleTopRowButtons:index
+  688 jump *label241 notEqual :handleTopRowButtons:index .bookmark
+  689 control enabled :handleTopRowButtons:switch true
+  690 jump *label246 always
+  691 label *label241
+  692 jump *label242 notEqual :handleTopRowButtons:index .bookmark_clr
+  693 control enabled :handleTopRowButtons:switch false
+  694 set .bookmark_clr -1
+  695 jump *label245 always
+  696 label *label242
+  697 sensor *tmp395 :handleTopRowButtons:switch @enabled
+  698 jump *label243 equal *tmp395 false
+  699 set .bookmark_clr .bookmark
+  700 set .bookmark :handleTopRowButtons:index
+  701 op mul *tmp397 6 :handleTopRowButtons:index
+  702 op add .position 80 *tmp397
+  703 set :handleTopRowButtons:updateBookmarks true
+  704 label *label243
+  705 label *label244
+  706 label *label245
+  707 label *label246
+  708 label *label247
+  709 op add :handleTopRowButtons:index :handleTopRowButtons:index 1
+  710 readarr<inlined:folded:regular> :handleTopRowButtons:switch .buttonBookmark[] :handleTopRowButtons:index
+  711 jump *label248 notEqual :handleTopRowButtons:index .bookmark
+  712 control enabled :handleTopRowButtons:switch true
+  713 jump *label253 always
+  714 label *label248
+  715 jump *label249 notEqual :handleTopRowButtons:index .bookmark_clr
+  716 control enabled :handleTopRowButtons:switch false
+  717 set .bookmark_clr -1
+  718 jump *label252 always
+  719 label *label249
+  720 sensor *tmp395 :handleTopRowButtons:switch @enabled
+  721 jump *label250 equal *tmp395 false
+  722 set .bookmark_clr .bookmark
+  723 set .bookmark :handleTopRowButtons:index
+  724 op mul *tmp397 6 :handleTopRowButtons:index
+  725 op add .position 80 *tmp397
+  726 set :handleTopRowButtons:updateBookmarks true
+  727 label *label250
+  728 label *label251
+  729 label *label252
+  730 label *label253
+  731 label *label254
+  732 op add :handleTopRowButtons:index :handleTopRowButtons:index 1
+  733 label *label121
   734 set :handleTopRowButtons:index.1 0
   735 label *label128
   736 label *label161

Modifications by Iterated phase, Data Flow Optimization, pass 2, iteration 1:
 
   431 set :handleTopRowButtons:updateBookmarks :updateBookmarks
   432 set :handleTopRowButtons:index 0
   433 label *label163
-    * readarr<inlined:folded:regular> :handleTopRowButtons:switch .buttonBookmark[] :handleTopRowButtons:index
-    * jump *label164 notEqual :handleTopRowButtons:index .bookmark
+  434 readarr<inlined:folded:regular> :handleTopRowButtons:switch .buttonBookmark[] 0
+  435 jump *label164 notEqual 0 .bookmark
   436 control enabled :handleTopRowButtons:switch true
   437 jump *label169 always
   438 label *label164
-    * jump *label165 notEqual :handleTopRowButtons:index .bookmark_clr
+  439 jump *label165 notEqual 0 .bookmark_clr
   440 control enabled :handleTopRowButtons:switch false
   441 set .bookmark_clr -1
   442 jump *label168 always
 
   444 sensor *tmp395 :handleTopRowButtons:switch @enabled
   445 jump *label166 equal *tmp395 false
   446 set .bookmark_clr .bookmark
-    * set .bookmark :handleTopRowButtons:index
-    * op mul *tmp397 6 :handleTopRowButtons:index
-    * op add .position 80 *tmp397
+  447 set .bookmark 0
+  448 op mul *tmp397 6 0
+  449 op add .position 80 0
   450 set :handleTopRowButtons:updateBookmarks true
   451 label *label166
   452 label *label167
   453 label *label168
   454 label *label169
   455 label *label170
-    * op add :handleTopRowButtons:index :handleTopRowButtons:index 1
-    * readarr<inlined:folded:regular> :handleTopRowButtons:switch .buttonBookmark[] :handleTopRowButtons:index
-    * jump *label171 notEqual :handleTopRowButtons:index .bookmark
+  456 op add :handleTopRowButtons:index 0 1
+  457 readarr<inlined:folded:regular> :handleTopRowButtons:switch .buttonBookmark[] 1
+  458 jump *label171 notEqual 1 .bookmark
   459 control enabled :handleTopRowButtons:switch true
   460 jump *label176 always
   461 label *label171
-    * jump *label172 notEqual :handleTopRowButtons:index .bookmark_clr
+  462 jump *label172 notEqual 1 .bookmark_clr
   463 control enabled :handleTopRowButtons:switch false
   464 set .bookmark_clr -1
   465 jump *label175 always
 
   467 sensor *tmp395 :handleTopRowButtons:switch @enabled
   468 jump *label173 equal *tmp395 false
   469 set .bookmark_clr .bookmark
-    * set .bookmark :handleTopRowButtons:index
-    * op mul *tmp397 6 :handleTopRowButtons:index
-    * op add .position 80 *tmp397
+  470 set .bookmark 1
+  471 op mul *tmp397 6 1
+  472 op add .position 80 6
   473 set :handleTopRowButtons:updateBookmarks true
   474 label *label173
   475 label *label174
   476 label *label175
   477 label *label176
   478 label *label177
-    * op add :handleTopRowButtons:index :handleTopRowButtons:index 1
-    * readarr<inlined:folded:regular> :handleTopRowButtons:switch .buttonBookmark[] :handleTopRowButtons:index
-    * jump *label178 notEqual :handleTopRowButtons:index .bookmark
+  479 op add :handleTopRowButtons:index 1 1
+  480 readarr<inlined:folded:regular> :handleTopRowButtons:switch .buttonBookmark[] 2
+  481 jump *label178 notEqual 2 .bookmark
   482 control enabled :handleTopRowButtons:switch true
   483 jump *label183 always
   484 label *label178
-    * jump *label179 notEqual :handleTopRowButtons:index .bookmark_clr
+  485 jump *label179 notEqual 2 .bookmark_clr
   486 control enabled :handleTopRowButtons:switch false
   487 set .bookmark_clr -1
   488 jump *label182 always
 
   490 sensor *tmp395 :handleTopRowButtons:switch @enabled
   491 jump *label180 equal *tmp395 false
   492 set .bookmark_clr .bookmark
-    * set .bookmark :handleTopRowButtons:index
-    * op mul *tmp397 6 :handleTopRowButtons:index
-    * op add .position 80 *tmp397
+  493 set .bookmark 2
+  494 op mul *tmp397 6 2
+  495 op add .position 80 12
   496 set :handleTopRowButtons:updateBookmarks true
   497 label *label180
   498 label *label181
   499 label *label182
   500 label *label183
   501 label *label184
-    * op add :handleTopRowButtons:index :handleTopRowButtons:index 1
-    * readarr<inlined:folded:regular> :handleTopRowButtons:switch .buttonBookmark[] :handleTopRowButtons:index
-    * jump *label185 notEqual :handleTopRowButtons:index .bookmark
+  502 op add :handleTopRowButtons:index 2 1
+  503 readarr<inlined:folded:regular> :handleTopRowButtons:switch .buttonBookmark[] 3
+  504 jump *label185 notEqual 3 .bookmark
   505 control enabled :handleTopRowButtons:switch true
   506 jump *label190 always
   507 label *label185
-    * jump *label186 notEqual :handleTopRowButtons:index .bookmark_clr
+  508 jump *label186 notEqual 3 .bookmark_clr
   509 control enabled :handleTopRowButtons:switch false
   510 set .bookmark_clr -1
   511 jump *label189 always
 
   513 sensor *tmp395 :handleTopRowButtons:switch @enabled
   514 jump *label187 equal *tmp395 false
   515 set .bookmark_clr .bookmark
-    * set .bookmark :handleTopRowButtons:index
-    * op mul *tmp397 6 :handleTopRowButtons:index
-    * op add .position 80 *tmp397
+  516 set .bookmark 3
+  517 op mul *tmp397 6 3
+  518 op add .position 80 18
   519 set :handleTopRowButtons:updateBookmarks true
   520 label *label187
   521 label *label188
   522 label *label189
   523 label *label190
   524 label *label191
-    * op add :handleTopRowButtons:index :handleTopRowButtons:index 1
-    * readarr<inlined:folded:regular> :handleTopRowButtons:switch .buttonBookmark[] :handleTopRowButtons:index
-    * jump *label192 notEqual :handleTopRowButtons:index .bookmark
+  525 op add :handleTopRowButtons:index 3 1
+  526 readarr<inlined:folded:regular> :handleTopRowButtons:switch .buttonBookmark[] 4
+  527 jump *label192 notEqual 4 .bookmark
   528 control enabled :handleTopRowButtons:switch true
   529 jump *label197 always
   530 label *label192
-    * jump *label193 notEqual :handleTopRowButtons:index .bookmark_clr
+  531 jump *label193 notEqual 4 .bookmark_clr
   532 control enabled :handleTopRowButtons:switch false
   533 set .bookmark_clr -1
   534 jump *label196 always
 
   536 sensor *tmp395 :handleTopRowButtons:switch @enabled
   537 jump *label194 equal *tmp395 false
   538 set .bookmark_clr .bookmark
-    * set .bookmark :handleTopRowButtons:index
-    * op mul *tmp397 6 :handleTopRowButtons:index
-    * op add .position 80 *tmp397
+  539 set .bookmark 4
+  540 op mul *tmp397 6 4
+  541 op add .position 80 24
   542 set :handleTopRowButtons:updateBookmarks true
   543 label *label194
   544 label *label195
   545 label *label196
   546 label *label197
   547 label *label198
-    * op add :handleTopRowButtons:index :handleTopRowButtons:index 1
-    * readarr<inlined:folded:regular> :handleTopRowButtons:switch .buttonBookmark[] :handleTopRowButtons:index
-    * jump *label199 notEqual :handleTopRowButtons:index .bookmark
+  548 op add :handleTopRowButtons:index 4 1
+  549 readarr<inlined:folded:regular> :handleTopRowButtons:switch .buttonBookmark[] 5
+  550 jump *label199 notEqual 5 .bookmark
   551 control enabled :handleTopRowButtons:switch true
   552 jump *label204 always
   553 label *label199
-    * jump *label200 notEqual :handleTopRowButtons:index .bookmark_clr
+  554 jump *label200 notEqual 5 .bookmark_clr
   555 control enabled :handleTopRowButtons:switch false
   556 set .bookmark_clr -1
   557 jump *label203 always
 
   559 sensor *tmp395 :handleTopRowButtons:switch @enabled
   560 jump *label201 equal *tmp395 false
   561 set .bookmark_clr .bookmark
-    * set .bookmark :handleTopRowButtons:index
-    * op mul *tmp397 6 :handleTopRowButtons:index
-    * op add .position 80 *tmp397
+  562 set .bookmark 5
+  563 op mul *tmp397 6 5
+  564 op add .position 80 30
   565 set :handleTopRowButtons:updateBookmarks true
   566 label *label201
   567 label *label202
   568 label *label203
   569 label *label204
   570 label *label205
-    * op add :handleTopRowButtons:index :handleTopRowButtons:index 1
-    * readarr<inlined:folded:regular> :handleTopRowButtons:switch .buttonBookmark[] :handleTopRowButtons:index
-    * jump *label206 notEqual :handleTopRowButtons:index .bookmark
+  571 op add :handleTopRowButtons:index 5 1
+  572 readarr<inlined:folded:regular> :handleTopRowButtons:switch .buttonBookmark[] 6
+  573 jump *label206 notEqual 6 .bookmark
   574 control enabled :handleTopRowButtons:switch true
   575 jump *label211 always
   576 label *label206
-    * jump *label207 notEqual :handleTopRowButtons:index .bookmark_clr
+  577 jump *label207 notEqual 6 .bookmark_clr
   578 control enabled :handleTopRowButtons:switch false
   579 set .bookmark_clr -1
   580 jump *label210 always
 
   582 sensor *tmp395 :handleTopRowButtons:switch @enabled
   583 jump *label208 equal *tmp395 false
   584 set .bookmark_clr .bookmark
-    * set .bookmark :handleTopRowButtons:index
-    * op mul *tmp397 6 :handleTopRowButtons:index
-    * op add .position 80 *tmp397
+  585 set .bookmark 6
+  586 op mul *tmp397 6 6
+  587 op add .position 80 36
   588 set :handleTopRowButtons:updateBookmarks true
   589 label *label208
   590 label *label209
   591 label *label210
   592 label *label211
   593 label *label212
-    * op add :handleTopRowButtons:index :handleTopRowButtons:index 1
-    * readarr<inlined:folded:regular> :handleTopRowButtons:switch .buttonBookmark[] :handleTopRowButtons:index
-    * jump *label213 notEqual :handleTopRowButtons:index .bookmark
+  594 op add :handleTopRowButtons:index 6 1
+  595 readarr<inlined:folded:regular> :handleTopRowButtons:switch .buttonBookmark[] 7
+  596 jump *label213 notEqual 7 .bookmark
   597 control enabled :handleTopRowButtons:switch true
   598 jump *label218 always
   599 label *label213
-    * jump *label214 notEqual :handleTopRowButtons:index .bookmark_clr
+  600 jump *label214 notEqual 7 .bookmark_clr
   601 control enabled :handleTopRowButtons:switch false
   602 set .bookmark_clr -1
   603 jump *label217 always
 
   605 sensor *tmp395 :handleTopRowButtons:switch @enabled
   606 jump *label215 equal *tmp395 false
   607 set .bookmark_clr .bookmark
-    * set .bookmark :handleTopRowButtons:index
-    * op mul *tmp397 6 :handleTopRowButtons:index
-    * op add .position 80 *tmp397
+  608 set .bookmark 7
+  609 op mul *tmp397 6 7
+  610 op add .position 80 42
   611 set :handleTopRowButtons:updateBookmarks true
   612 label *label215
   613 label *label216
   614 label *label217
   615 label *label218
   616 label *label219
-    * op add :handleTopRowButtons:index :handleTopRowButtons:index 1
-    * readarr<inlined:folded:regular> :handleTopRowButtons:switch .buttonBookmark[] :handleTopRowButtons:index
-    * jump *label220 notEqual :handleTopRowButtons:index .bookmark
+  617 op add :handleTopRowButtons:index 7 1
+  618 readarr<inlined:folded:regular> :handleTopRowButtons:switch .buttonBookmark[] 8
+  619 jump *label220 notEqual 8 .bookmark
   620 control enabled :handleTopRowButtons:switch true
   621 jump *label225 always
   622 label *label220
-    * jump *label221 notEqual :handleTopRowButtons:index .bookmark_clr
+  623 jump *label221 notEqual 8 .bookmark_clr
   624 control enabled :handleTopRowButtons:switch false
   625 set .bookmark_clr -1
   626 jump *label224 always
 
   628 sensor *tmp395 :handleTopRowButtons:switch @enabled
   629 jump *label222 equal *tmp395 false
   630 set .bookmark_clr .bookmark
-    * set .bookmark :handleTopRowButtons:index
-    * op mul *tmp397 6 :handleTopRowButtons:index
-    * op add .position 80 *tmp397
+  631 set .bookmark 8
+  632 op mul *tmp397 6 8
+  633 op add .position 80 48
   634 set :handleTopRowButtons:updateBookmarks true
   635 label *label222
   636 label *label223
   637 label *label224
   638 label *label225
   639 label *label226
-    * op add :handleTopRowButtons:index :handleTopRowButtons:index 1
-    * readarr<inlined:folded:regular> :handleTopRowButtons:switch .buttonBookmark[] :handleTopRowButtons:index
-    * jump *label227 notEqual :handleTopRowButtons:index .bookmark
+  640 op add :handleTopRowButtons:index 8 1
+  641 readarr<inlined:folded:regular> :handleTopRowButtons:switch .buttonBookmark[] 9
+  642 jump *label227 notEqual 9 .bookmark
   643 control enabled :handleTopRowButtons:switch true
   644 jump *label232 always
   645 label *label227
-    * jump *label228 notEqual :handleTopRowButtons:index .bookmark_clr
+  646 jump *label228 notEqual 9 .bookmark_clr
   647 control enabled :handleTopRowButtons:switch false
   648 set .bookmark_clr -1
   649 jump *label231 always
 
   651 sensor *tmp395 :handleTopRowButtons:switch @enabled
   652 jump *label229 equal *tmp395 false
   653 set .bookmark_clr .bookmark
-    * set .bookmark :handleTopRowButtons:index
-    * op mul *tmp397 6 :handleTopRowButtons:index
-    * op add .position 80 *tmp397
+  654 set .bookmark 9
+  655 op mul *tmp397 6 9
+  656 op add .position 80 54
   657 set :handleTopRowButtons:updateBookmarks true
   658 label *label229
   659 label *label230
   660 label *label231
   661 label *label232
   662 label *label233
-    * op add :handleTopRowButtons:index :handleTopRowButtons:index 1
-    * readarr<inlined:folded:regular> :handleTopRowButtons:switch .buttonBookmark[] :handleTopRowButtons:index
-    * jump *label234 notEqual :handleTopRowButtons:index .bookmark
+  663 op add :handleTopRowButtons:index 9 1
+  664 readarr<inlined:folded:regular> :handleTopRowButtons:switch .buttonBookmark[] 10
+  665 jump *label234 notEqual 10 .bookmark
   666 control enabled :handleTopRowButtons:switch true
   667 jump *label239 always
   668 label *label234
-    * jump *label235 notEqual :handleTopRowButtons:index .bookmark_clr
+  669 jump *label235 notEqual 10 .bookmark_clr
   670 control enabled :handleTopRowButtons:switch false
   671 set .bookmark_clr -1
   672 jump *label238 always
 
   674 sensor *tmp395 :handleTopRowButtons:switch @enabled
   675 jump *label236 equal *tmp395 false
   676 set .bookmark_clr .bookmark
-    * set .bookmark :handleTopRowButtons:index
-    * op mul *tmp397 6 :handleTopRowButtons:index
-    * op add .position 80 *tmp397
+  677 set .bookmark 10
+  678 op mul *tmp397 6 10
+  679 op add .position 80 60
   680 set :handleTopRowButtons:updateBookmarks true
   681 label *label236
   682 label *label237
   683 label *label238
   684 label *label239
   685 label *label240
-    * op add :handleTopRowButtons:index :handleTopRowButtons:index 1
-    * readarr<inlined:folded:regular> :handleTopRowButtons:switch .buttonBookmark[] :handleTopRowButtons:index
-    * jump *label241 notEqual :handleTopRowButtons:index .bookmark
+  686 op add :handleTopRowButtons:index 10 1
+  687 readarr<inlined:folded:regular> :handleTopRowButtons:switch .buttonBookmark[] 11
+  688 jump *label241 notEqual 11 .bookmark
   689 control enabled :handleTopRowButtons:switch true
   690 jump *label246 always
   691 label *label241
-    * jump *label242 notEqual :handleTopRowButtons:index .bookmark_clr
+  692 jump *label242 notEqual 11 .bookmark_clr
   693 control enabled :handleTopRowButtons:switch false
   694 set .bookmark_clr -1
   695 jump *label245 always
 
   697 sensor *tmp395 :handleTopRowButtons:switch @enabled
   698 jump *label243 equal *tmp395 false
   699 set .bookmark_clr .bookmark
-    * set .bookmark :handleTopRowButtons:index
-    * op mul *tmp397 6 :handleTopRowButtons:index
-    * op add .position 80 *tmp397
+  700 set .bookmark 11
+  701 op mul *tmp397 6 11
+  702 op add .position 80 66
   703 set :handleTopRowButtons:updateBookmarks true
   704 label *label243
   705 label *label244
   706 label *label245
   707 label *label246
   708 label *label247
-    * op add :handleTopRowButtons:index :handleTopRowButtons:index 1
-    * readarr<inlined:folded:regular> :handleTopRowButtons:switch .buttonBookmark[] :handleTopRowButtons:index
-    * jump *label248 notEqual :handleTopRowButtons:index .bookmark
+  709 op add :handleTopRowButtons:index 11 1
+  710 readarr<inlined:folded:regular> :handleTopRowButtons:switch .buttonBookmark[] 12
+  711 jump *label248 notEqual 12 .bookmark
   712 control enabled :handleTopRowButtons:switch true
   713 jump *label253 always
   714 label *label248
-    * jump *label249 notEqual :handleTopRowButtons:index .bookmark_clr
+  715 jump *label249 notEqual 12 .bookmark_clr
   716 control enabled :handleTopRowButtons:switch false
   717 set .bookmark_clr -1
   718 jump *label252 always
 
   720 sensor *tmp395 :handleTopRowButtons:switch @enabled
   721 jump *label250 equal *tmp395 false
   722 set .bookmark_clr .bookmark
-    * set .bookmark :handleTopRowButtons:index
-    * op mul *tmp397 6 :handleTopRowButtons:index
-    * op add .position 80 *tmp397
+  723 set .bookmark 12
+  724 op mul *tmp397 6 12
+  725 op add .position 80 72
   726 set :handleTopRowButtons:updateBookmarks true
   727 label *label250
   728 label *label251
   729 label *label252
   730 label *label253
   731 label *label254
-    * op add :handleTopRowButtons:index :handleTopRowButtons:index 1
+  732 op add :handleTopRowButtons:index 12 1
   733 label *label121
   734 set :handleTopRowButtons:index.1 0
   735 label *label128

Modifications by Iterated phase, Data Flow Optimization, pass 2, iteration 2 (-27 instructions):
 
   429 label *label115
   430 label *label116
   431 set :handleTopRowButtons:updateBookmarks :updateBookmarks
-    * set :handleTopRowButtons:index 0
   432 label *label163
   433 readarr<inlined:folded:regular> :handleTopRowButtons:switch .buttonBookmark[] 0
   434 jump *label164 notEqual 0 .bookmark
 
   444 jump *label166 equal *tmp395 false
   445 set .bookmark_clr .bookmark
   446 set .bookmark 0
-    * op mul *tmp397 6 0
   447 op add .position 80 0
   448 set :handleTopRowButtons:updateBookmarks true
   449 label *label166
 
   451 label *label168
   452 label *label169
   453 label *label170
-    * op add :handleTopRowButtons:index 0 1
   454 readarr<inlined:folded:regular> :handleTopRowButtons:switch .buttonBookmark[] 1
   455 jump *label171 notEqual 1 .bookmark
   456 control enabled :handleTopRowButtons:switch true
 
   465 jump *label173 equal *tmp395 false
   466 set .bookmark_clr .bookmark
   467 set .bookmark 1
-    * op mul *tmp397 6 1
   468 op add .position 80 6
   469 set :handleTopRowButtons:updateBookmarks true
   470 label *label173
 
   472 label *label175
   473 label *label176
   474 label *label177
-    * op add :handleTopRowButtons:index 1 1
   475 readarr<inlined:folded:regular> :handleTopRowButtons:switch .buttonBookmark[] 2
   476 jump *label178 notEqual 2 .bookmark
   477 control enabled :handleTopRowButtons:switch true
 
   486 jump *label180 equal *tmp395 false
   487 set .bookmark_clr .bookmark
   488 set .bookmark 2
-    * op mul *tmp397 6 2
   489 op add .position 80 12
   490 set :handleTopRowButtons:updateBookmarks true
   491 label *label180
 
   493 label *label182
   494 label *label183
   495 label *label184
-    * op add :handleTopRowButtons:index 2 1
   496 readarr<inlined:folded:regular> :handleTopRowButtons:switch .buttonBookmark[] 3
   497 jump *label185 notEqual 3 .bookmark
   498 control enabled :handleTopRowButtons:switch true
 
   507 jump *label187 equal *tmp395 false
   508 set .bookmark_clr .bookmark
   509 set .bookmark 3
-    * op mul *tmp397 6 3
   510 op add .position 80 18
   511 set :handleTopRowButtons:updateBookmarks true
   512 label *label187
 
   514 label *label189
   515 label *label190
   516 label *label191
-    * op add :handleTopRowButtons:index 3 1
   517 readarr<inlined:folded:regular> :handleTopRowButtons:switch .buttonBookmark[] 4
   518 jump *label192 notEqual 4 .bookmark
   519 control enabled :handleTopRowButtons:switch true
 
   528 jump *label194 equal *tmp395 false
   529 set .bookmark_clr .bookmark
   530 set .bookmark 4
-    * op mul *tmp397 6 4
   531 op add .position 80 24
   532 set :handleTopRowButtons:updateBookmarks true
   533 label *label194
 
   535 label *label196
   536 label *label197
   537 label *label198
-    * op add :handleTopRowButtons:index 4 1
   538 readarr<inlined:folded:regular> :handleTopRowButtons:switch .buttonBookmark[] 5
   539 jump *label199 notEqual 5 .bookmark
   540 control enabled :handleTopRowButtons:switch true
 
   549 jump *label201 equal *tmp395 false
   550 set .bookmark_clr .bookmark
   551 set .bookmark 5
-    * op mul *tmp397 6 5
   552 op add .position 80 30
   553 set :handleTopRowButtons:updateBookmarks true
   554 label *label201
 
   556 label *label203
   557 label *label204
   558 label *label205
-    * op add :handleTopRowButtons:index 5 1
   559 readarr<inlined:folded:regular> :handleTopRowButtons:switch .buttonBookmark[] 6
   560 jump *label206 notEqual 6 .bookmark
   561 control enabled :handleTopRowButtons:switch true
 
   570 jump *label208 equal *tmp395 false
   571 set .bookmark_clr .bookmark
   572 set .bookmark 6
-    * op mul *tmp397 6 6
   573 op add .position 80 36
   574 set :handleTopRowButtons:updateBookmarks true
   575 label *label208
 
   577 label *label210
   578 label *label211
   579 label *label212
-    * op add :handleTopRowButtons:index 6 1
   580 readarr<inlined:folded:regular> :handleTopRowButtons:switch .buttonBookmark[] 7
   581 jump *label213 notEqual 7 .bookmark
   582 control enabled :handleTopRowButtons:switch true
 
   591 jump *label215 equal *tmp395 false
   592 set .bookmark_clr .bookmark
   593 set .bookmark 7
-    * op mul *tmp397 6 7
   594 op add .position 80 42
   595 set :handleTopRowButtons:updateBookmarks true
   596 label *label215
 
   598 label *label217
   599 label *label218
   600 label *label219
-    * op add :handleTopRowButtons:index 7 1
   601 readarr<inlined:folded:regular> :handleTopRowButtons:switch .buttonBookmark[] 8
   602 jump *label220 notEqual 8 .bookmark
   603 control enabled :handleTopRowButtons:switch true
 
   612 jump *label222 equal *tmp395 false
   613 set .bookmark_clr .bookmark
   614 set .bookmark 8
-    * op mul *tmp397 6 8
   615 op add .position 80 48
   616 set :handleTopRowButtons:updateBookmarks true
   617 label *label222
 
   619 label *label224
   620 label *label225
   621 label *label226
-    * op add :handleTopRowButtons:index 8 1
   622 readarr<inlined:folded:regular> :handleTopRowButtons:switch .buttonBookmark[] 9
   623 jump *label227 notEqual 9 .bookmark
   624 control enabled :handleTopRowButtons:switch true
 
   633 jump *label229 equal *tmp395 false
   634 set .bookmark_clr .bookmark
   635 set .bookmark 9
-    * op mul *tmp397 6 9
   636 op add .position 80 54
   637 set :handleTopRowButtons:updateBookmarks true
   638 label *label229
 
   640 label *label231
   641 label *label232
   642 label *label233
-    * op add :handleTopRowButtons:index 9 1
   643 readarr<inlined:folded:regular> :handleTopRowButtons:switch .buttonBookmark[] 10
   644 jump *label234 notEqual 10 .bookmark
   645 control enabled :handleTopRowButtons:switch true
 
   654 jump *label236 equal *tmp395 false
   655 set .bookmark_clr .bookmark
   656 set .bookmark 10
-    * op mul *tmp397 6 10
   657 op add .position 80 60
   658 set :handleTopRowButtons:updateBookmarks true
   659 label *label236
 
   661 label *label238
   662 label *label239
   663 label *label240
-    * op add :handleTopRowButtons:index 10 1
   664 readarr<inlined:folded:regular> :handleTopRowButtons:switch .buttonBookmark[] 11
   665 jump *label241 notEqual 11 .bookmark
   666 control enabled :handleTopRowButtons:switch true
 
   675 jump *label243 equal *tmp395 false
   676 set .bookmark_clr .bookmark
   677 set .bookmark 11
-    * op mul *tmp397 6 11
   678 op add .position 80 66
   679 set :handleTopRowButtons:updateBookmarks true
   680 label *label243
 
   682 label *label245
   683 label *label246
   684 label *label247
-    * op add :handleTopRowButtons:index 11 1
   685 readarr<inlined:folded:regular> :handleTopRowButtons:switch .buttonBookmark[] 12
   686 jump *label248 notEqual 12 .bookmark
   687 control enabled :handleTopRowButtons:switch true
 
   696 jump *label250 equal *tmp395 false
   697 set .bookmark_clr .bookmark
   698 set .bookmark 12
-    * op mul *tmp397 6 12
   699 op add .position 80 72
   700 set :handleTopRowButtons:updateBookmarks true
   701 label *label250
 
   703 label *label252
   704 label *label253
   705 label *label254
-    * op add :handleTopRowButtons:index 12 1
   706 label *label121
   707 set :handleTopRowButtons:index.1 0
   708 label *label128

Modifications by Unroll loop at mandelbrot-control.mnd:288:5 (+95 instructions):
 
   704 label *label253
   705 label *label254
   706 label *label121
-    * set :handleTopRowButtons:index.1 0
-    * label *label128
-    * label *label161
-    * readarr<inlined:folded:regular> :handleTopRowButtons:switch.1 .buttonPalette[] :handleTopRowButtons:index.1
-    * jump *label131 notEqual :handleTopRowButtons:index.1 .palette
-    * control enabled :handleTopRowButtons:switch.1 true
-    * jump *label132 always
-    * label *label131
-    * jump *label133 notEqual :handleTopRowButtons:index.1 .palette_clr
-    * control enabled :handleTopRowButtons:switch.1 false
-    * set .palette_clr -1
-    * jump *label134 always
-    * label *label133
-    * sensor *tmp409 :handleTopRowButtons:switch.1 @enabled
-    * jump *label135 equal *tmp409 false
-    * set .palette_clr .palette
-    * set .palette :handleTopRowButtons:index.1
-    * op add .PALETTE :handleTopRowButtons:index.1 1
-    * write .PALETTE bank1 75
-    * print "Palette #"
-    * print .PALETTE
-    * printflush message3
-    * set .CHANGE true
-    * label *label135
-    * label *label136
-    * label *label134
-    * label *label132
-    * label *label129
-    * op add :handleTopRowButtons:index.1 :handleTopRowButtons:index.1 1
-    * jump *label161 lessThan :handleTopRowButtons:index.1 5
-    * label *label130
+  707 set :handleTopRowButtons:index.1 0
+  708 label *label255
+  709 readarr<inlined:folded:regular> :handleTopRowButtons:switch.1 .buttonPalette[] :handleTopRowButtons:index.1
+  710 jump *label256 notEqual :handleTopRowButtons:index.1 .palette
+  711 control enabled :handleTopRowButtons:switch.1 true
+  712 jump *label261 always
+  713 label *label256
+  714 jump *label257 notEqual :handleTopRowButtons:index.1 .palette_clr
+  715 control enabled :handleTopRowButtons:switch.1 false
+  716 set .palette_clr -1
+  717 jump *label260 always
+  718 label *label257
+  719 sensor *tmp409 :handleTopRowButtons:switch.1 @enabled
+  720 jump *label258 equal *tmp409 false
+  721 set .palette_clr .palette
+  722 set .palette :handleTopRowButtons:index.1
+  723 op add .PALETTE :handleTopRowButtons:index.1 1
+  724 write .PALETTE bank1 75
+  725 print "Palette #"
+  726 print .PALETTE
+  727 printflush message3
+  728 set .CHANGE true
+  729 label *label258
+  730 label *label259
+  731 label *label260
+  732 label *label261
+  733 label *label262
+  734 op add :handleTopRowButtons:index.1 :handleTopRowButtons:index.1 1
+  735 readarr<inlined:folded:regular> :handleTopRowButtons:switch.1 .buttonPalette[] :handleTopRowButtons:index.1
+  736 jump *label263 notEqual :handleTopRowButtons:index.1 .palette
+  737 control enabled :handleTopRowButtons:switch.1 true
+  738 jump *label268 always
+  739 label *label263
+  740 jump *label264 notEqual :handleTopRowButtons:index.1 .palette_clr
+  741 control enabled :handleTopRowButtons:switch.1 false
+  742 set .palette_clr -1
+  743 jump *label267 always
+  744 label *label264
+  745 sensor *tmp409 :handleTopRowButtons:switch.1 @enabled
+  746 jump *label265 equal *tmp409 false
+  747 set .palette_clr .palette
+  748 set .palette :handleTopRowButtons:index.1
+  749 op add .PALETTE :handleTopRowButtons:index.1 1
+  750 write .PALETTE bank1 75
+  751 print "Palette #"
+  752 print .PALETTE
+  753 printflush message3
+  754 set .CHANGE true
+  755 label *label265
+  756 label *label266
+  757 label *label267
+  758 label *label268
+  759 label *label269
+  760 op add :handleTopRowButtons:index.1 :handleTopRowButtons:index.1 1
+  761 readarr<inlined:folded:regular> :handleTopRowButtons:switch.1 .buttonPalette[] :handleTopRowButtons:index.1
+  762 jump *label270 notEqual :handleTopRowButtons:index.1 .palette
+  763 control enabled :handleTopRowButtons:switch.1 true
+  764 jump *label275 always
+  765 label *label270
+  766 jump *label271 notEqual :handleTopRowButtons:index.1 .palette_clr
+  767 control enabled :handleTopRowButtons:switch.1 false
+  768 set .palette_clr -1
+  769 jump *label274 always
+  770 label *label271
+  771 sensor *tmp409 :handleTopRowButtons:switch.1 @enabled
+  772 jump *label272 equal *tmp409 false
+  773 set .palette_clr .palette
+  774 set .palette :handleTopRowButtons:index.1
+  775 op add .PALETTE :handleTopRowButtons:index.1 1
+  776 write .PALETTE bank1 75
+  777 print "Palette #"
+  778 print .PALETTE
+  779 printflush message3
+  780 set .CHANGE true
+  781 label *label272
+  782 label *label273
+  783 label *label274
+  784 label *label275
+  785 label *label276
+  786 op add :handleTopRowButtons:index.1 :handleTopRowButtons:index.1 1
+  787 readarr<inlined:folded:regular> :handleTopRowButtons:switch.1 .buttonPalette[] :handleTopRowButtons:index.1
+  788 jump *label277 notEqual :handleTopRowButtons:index.1 .palette
+  789 control enabled :handleTopRowButtons:switch.1 true
+  790 jump *label282 always
+  791 label *label277
+  792 jump *label278 notEqual :handleTopRowButtons:index.1 .palette_clr
+  793 control enabled :handleTopRowButtons:switch.1 false
+  794 set .palette_clr -1
+  795 jump *label281 always
+  796 label *label278
+  797 sensor *tmp409 :handleTopRowButtons:switch.1 @enabled
+  798 jump *label279 equal *tmp409 false
+  799 set .palette_clr .palette
+  800 set .palette :handleTopRowButtons:index.1
+  801 op add .PALETTE :handleTopRowButtons:index.1 1
+  802 write .PALETTE bank1 75
+  803 print "Palette #"
+  804 print .PALETTE
+  805 printflush message3
+  806 set .CHANGE true
+  807 label *label279
+  808 label *label280
+  809 label *label281
+  810 label *label282
+  811 label *label283
+  812 op add :handleTopRowButtons:index.1 :handleTopRowButtons:index.1 1
+  813 readarr<inlined:folded:regular> :handleTopRowButtons:switch.1 .buttonPalette[] :handleTopRowButtons:index.1
+  814 jump *label284 notEqual :handleTopRowButtons:index.1 .palette
+  815 control enabled :handleTopRowButtons:switch.1 true
+  816 jump *label289 always
+  817 label *label284
+  818 jump *label285 notEqual :handleTopRowButtons:index.1 .palette_clr
+  819 control enabled :handleTopRowButtons:switch.1 false
+  820 set .palette_clr -1
+  821 jump *label288 always
+  822 label *label285
+  823 sensor *tmp409 :handleTopRowButtons:switch.1 @enabled
+  824 jump *label286 equal *tmp409 false
+  825 set .palette_clr .palette
+  826 set .palette :handleTopRowButtons:index.1
+  827 op add .PALETTE :handleTopRowButtons:index.1 1
+  828 write .PALETTE bank1 75
+  829 print "Palette #"
+  830 print .PALETTE
+  831 printflush message3
+  832 set .CHANGE true
+  833 label *label286
+  834 label *label287
+  835 label *label288
+  836 label *label289
+  837 label *label290
+  838 op add :handleTopRowButtons:index.1 :handleTopRowButtons:index.1 1
+  839 label *label130
   840 label *label118
   841 set :updateBookmarks :handleTopRowButtons:updateBookmarks
   842 jump *label137 equal :handleTopRowButtons:updateBookmarks false

Modifications by Iterated phase, Data Flow Optimization, pass 2, iteration 1:
 
   706 label *label121
   707 set :handleTopRowButtons:index.1 0
   708 label *label255
-    * readarr<inlined:folded:regular> :handleTopRowButtons:switch.1 .buttonPalette[] :handleTopRowButtons:index.1
-    * jump *label256 notEqual :handleTopRowButtons:index.1 .palette
+  709 readarr<inlined:folded:regular> :handleTopRowButtons:switch.1 .buttonPalette[] 0
+  710 jump *label256 notEqual 0 .palette
   711 control enabled :handleTopRowButtons:switch.1 true
   712 jump *label261 always
   713 label *label256
-    * jump *label257 notEqual :handleTopRowButtons:index.1 .palette_clr
+  714 jump *label257 notEqual 0 .palette_clr
   715 control enabled :handleTopRowButtons:switch.1 false
   716 set .palette_clr -1
   717 jump *label260 always
 
   719 sensor *tmp409 :handleTopRowButtons:switch.1 @enabled
   720 jump *label258 equal *tmp409 false
   721 set .palette_clr .palette
-    * set .palette :handleTopRowButtons:index.1
-    * op add .PALETTE :handleTopRowButtons:index.1 1
-    * write .PALETTE bank1 75
+  722 set .palette 0
+  723 op add .PALETTE 0 1
+  724 write 1 bank1 75
   725 print "Palette #"
-    * print .PALETTE
+  726 print 1
   727 printflush message3
   728 set .CHANGE true
   729 label *label258
 
   731 label *label260
   732 label *label261
   733 label *label262
-    * op add :handleTopRowButtons:index.1 :handleTopRowButtons:index.1 1
-    * readarr<inlined:folded:regular> :handleTopRowButtons:switch.1 .buttonPalette[] :handleTopRowButtons:index.1
-    * jump *label263 notEqual :handleTopRowButtons:index.1 .palette
+  734 op add :handleTopRowButtons:index.1 0 1
+  735 readarr<inlined:folded:regular> :handleTopRowButtons:switch.1 .buttonPalette[] 1
+  736 jump *label263 notEqual 1 .palette
   737 control enabled :handleTopRowButtons:switch.1 true
   738 jump *label268 always
   739 label *label263
-    * jump *label264 notEqual :handleTopRowButtons:index.1 .palette_clr
+  740 jump *label264 notEqual 1 .palette_clr
   741 control enabled :handleTopRowButtons:switch.1 false
   742 set .palette_clr -1
   743 jump *label267 always
 
   745 sensor *tmp409 :handleTopRowButtons:switch.1 @enabled
   746 jump *label265 equal *tmp409 false
   747 set .palette_clr .palette
-    * set .palette :handleTopRowButtons:index.1
-    * op add .PALETTE :handleTopRowButtons:index.1 1
-    * write .PALETTE bank1 75
+  748 set .palette 1
+  749 op add .PALETTE 1 1
+  750 write 2 bank1 75
   751 print "Palette #"
-    * print .PALETTE
+  752 print 2
   753 printflush message3
   754 set .CHANGE true
   755 label *label265
 
   757 label *label267
   758 label *label268
   759 label *label269
-    * op add :handleTopRowButtons:index.1 :handleTopRowButtons:index.1 1
-    * readarr<inlined:folded:regular> :handleTopRowButtons:switch.1 .buttonPalette[] :handleTopRowButtons:index.1
-    * jump *label270 notEqual :handleTopRowButtons:index.1 .palette
+  760 op add :handleTopRowButtons:index.1 1 1
+  761 readarr<inlined:folded:regular> :handleTopRowButtons:switch.1 .buttonPalette[] 2
+  762 jump *label270 notEqual 2 .palette
   763 control enabled :handleTopRowButtons:switch.1 true
   764 jump *label275 always
   765 label *label270
-    * jump *label271 notEqual :handleTopRowButtons:index.1 .palette_clr
+  766 jump *label271 notEqual 2 .palette_clr
   767 control enabled :handleTopRowButtons:switch.1 false
   768 set .palette_clr -1
   769 jump *label274 always
 
   771 sensor *tmp409 :handleTopRowButtons:switch.1 @enabled
   772 jump *label272 equal *tmp409 false
   773 set .palette_clr .palette
-    * set .palette :handleTopRowButtons:index.1
-    * op add .PALETTE :handleTopRowButtons:index.1 1
-    * write .PALETTE bank1 75
+  774 set .palette 2
+  775 op add .PALETTE 2 1
+  776 write 3 bank1 75
   777 print "Palette #"
-    * print .PALETTE
+  778 print 3
   779 printflush message3
   780 set .CHANGE true
   781 label *label272
 
   783 label *label274
   784 label *label275
   785 label *label276
-    * op add :handleTopRowButtons:index.1 :handleTopRowButtons:index.1 1
-    * readarr<inlined:folded:regular> :handleTopRowButtons:switch.1 .buttonPalette[] :handleTopRowButtons:index.1
-    * jump *label277 notEqual :handleTopRowButtons:index.1 .palette
+  786 op add :handleTopRowButtons:index.1 2 1
+  787 readarr<inlined:folded:regular> :handleTopRowButtons:switch.1 .buttonPalette[] 3
+  788 jump *label277 notEqual 3 .palette
   789 control enabled :handleTopRowButtons:switch.1 true
   790 jump *label282 always
   791 label *label277
-    * jump *label278 notEqual :handleTopRowButtons:index.1 .palette_clr
+  792 jump *label278 notEqual 3 .palette_clr
   793 control enabled :handleTopRowButtons:switch.1 false
   794 set .palette_clr -1
   795 jump *label281 always
 
   797 sensor *tmp409 :handleTopRowButtons:switch.1 @enabled
   798 jump *label279 equal *tmp409 false
   799 set .palette_clr .palette
-    * set .palette :handleTopRowButtons:index.1
-    * op add .PALETTE :handleTopRowButtons:index.1 1
-    * write .PALETTE bank1 75
+  800 set .palette 3
+  801 op add .PALETTE 3 1
+  802 write 4 bank1 75
   803 print "Palette #"
-    * print .PALETTE
+  804 print 4
   805 printflush message3
   806 set .CHANGE true
   807 label *label279
 
   809 label *label281
   810 label *label282
   811 label *label283
-    * op add :handleTopRowButtons:index.1 :handleTopRowButtons:index.1 1
-    * readarr<inlined:folded:regular> :handleTopRowButtons:switch.1 .buttonPalette[] :handleTopRowButtons:index.1
-    * jump *label284 notEqual :handleTopRowButtons:index.1 .palette
+  812 op add :handleTopRowButtons:index.1 3 1
+  813 readarr<inlined:folded:regular> :handleTopRowButtons:switch.1 .buttonPalette[] 4
+  814 jump *label284 notEqual 4 .palette
   815 control enabled :handleTopRowButtons:switch.1 true
   816 jump *label289 always
   817 label *label284
-    * jump *label285 notEqual :handleTopRowButtons:index.1 .palette_clr
+  818 jump *label285 notEqual 4 .palette_clr
   819 control enabled :handleTopRowButtons:switch.1 false
   820 set .palette_clr -1
   821 jump *label288 always
 
   823 sensor *tmp409 :handleTopRowButtons:switch.1 @enabled
   824 jump *label286 equal *tmp409 false
   825 set .palette_clr .palette
-    * set .palette :handleTopRowButtons:index.1
-    * op add .PALETTE :handleTopRowButtons:index.1 1
-    * write .PALETTE bank1 75
+  826 set .palette 4
+  827 op add .PALETTE 4 1
+  828 write 5 bank1 75
   829 print "Palette #"
-    * print .PALETTE
+  830 print 5
   831 printflush message3
   832 set .CHANGE true
   833 label *label286
 
   835 label *label288
   836 label *label289
   837 label *label290
-    * op add :handleTopRowButtons:index.1 :handleTopRowButtons:index.1 1
+  838 op add :handleTopRowButtons:index.1 4 1
   839 label *label130
   840 label *label118
   841 set :updateBookmarks :handleTopRowButtons:updateBookmarks

Modifications by Iterated phase, Data Flow Optimization, pass 2, iteration 2 (-11 instructions):
 
   704 label *label253
   705 label *label254
   706 label *label121
-    * set :handleTopRowButtons:index.1 0
   707 label *label255
   708 readarr<inlined:folded:regular> :handleTopRowButtons:switch.1 .buttonPalette[] 0
   709 jump *label256 notEqual 0 .palette
 
   719 jump *label258 equal *tmp409 false
   720 set .palette_clr .palette
   721 set .palette 0
-    * op add .PALETTE 0 1
   722 write 1 bank1 75
   723 print "Palette #"
   724 print 1
 
   729 label *label260
   730 label *label261
   731 label *label262
-    * op add :handleTopRowButtons:index.1 0 1
   732 readarr<inlined:folded:regular> :handleTopRowButtons:switch.1 .buttonPalette[] 1
   733 jump *label263 notEqual 1 .palette
   734 control enabled :handleTopRowButtons:switch.1 true
 
   743 jump *label265 equal *tmp409 false
   744 set .palette_clr .palette
   745 set .palette 1
-    * op add .PALETTE 1 1
   746 write 2 bank1 75
   747 print "Palette #"
   748 print 2
 
   753 label *label267
   754 label *label268
   755 label *label269
-    * op add :handleTopRowButtons:index.1 1 1
   756 readarr<inlined:folded:regular> :handleTopRowButtons:switch.1 .buttonPalette[] 2
   757 jump *label270 notEqual 2 .palette
   758 control enabled :handleTopRowButtons:switch.1 true
 
   767 jump *label272 equal *tmp409 false
   768 set .palette_clr .palette
   769 set .palette 2
-    * op add .PALETTE 2 1
   770 write 3 bank1 75
   771 print "Palette #"
   772 print 3
 
   777 label *label274
   778 label *label275
   779 label *label276
-    * op add :handleTopRowButtons:index.1 2 1
   780 readarr<inlined:folded:regular> :handleTopRowButtons:switch.1 .buttonPalette[] 3
   781 jump *label277 notEqual 3 .palette
   782 control enabled :handleTopRowButtons:switch.1 true
 
   791 jump *label279 equal *tmp409 false
   792 set .palette_clr .palette
   793 set .palette 3
-    * op add .PALETTE 3 1
   794 write 4 bank1 75
   795 print "Palette #"
   796 print 4
 
   801 label *label281
   802 label *label282
   803 label *label283
-    * op add :handleTopRowButtons:index.1 3 1
   804 readarr<inlined:folded:regular> :handleTopRowButtons:switch.1 .buttonPalette[] 4
   805 jump *label284 notEqual 4 .palette
   806 control enabled :handleTopRowButtons:switch.1 true
 
   815 jump *label286 equal *tmp409 false
   816 set .palette_clr .palette
   817 set .palette 4
-    * op add .PALETTE 4 1
   818 write 5 bank1 75
   819 print "Palette #"
   820 print 5
 
   825 label *label288
   826 label *label289
   827 label *label290
-    * op add :handleTopRowButtons:index.1 4 1
   828 label *label130
   829 label *label118
   830 set :updateBookmarks :handleTopRowButtons:updateBookmarks

Modifications by Iterated phase, Expression Optimization, pass 3, iteration 1 (-194 instructions):
 
   430 label *label116
   431 set :handleTopRowButtons:updateBookmarks :updateBookmarks
   432 label *label163
-    * readarr<inlined:folded:regular> :handleTopRowButtons:switch .buttonBookmark[] 0
+  433 set :handleTopRowButtons:switch switch10
   434 jump *label164 notEqual 0 .bookmark
   435 control enabled :handleTopRowButtons:switch true
   436 jump *label169 always
 
   451 label *label168
   452 label *label169
   453 label *label170
-    * readarr<inlined:folded:regular> :handleTopRowButtons:switch .buttonBookmark[] 1
+  454 set :handleTopRowButtons:switch switch11
   455 jump *label171 notEqual 1 .bookmark
   456 control enabled :handleTopRowButtons:switch true
   457 jump *label176 always
 
   472 label *label175
   473 label *label176
   474 label *label177
-    * readarr<inlined:folded:regular> :handleTopRowButtons:switch .buttonBookmark[] 2
+  475 set :handleTopRowButtons:switch switch12
   476 jump *label178 notEqual 2 .bookmark
   477 control enabled :handleTopRowButtons:switch true
   478 jump *label183 always
 
   493 label *label182
   494 label *label183
   495 label *label184
-    * readarr<inlined:folded:regular> :handleTopRowButtons:switch .buttonBookmark[] 3
+  496 set :handleTopRowButtons:switch switch13
   497 jump *label185 notEqual 3 .bookmark
   498 control enabled :handleTopRowButtons:switch true
   499 jump *label190 always
 
   514 label *label189
   515 label *label190
   516 label *label191
-    * readarr<inlined:folded:regular> :handleTopRowButtons:switch .buttonBookmark[] 4
+  517 set :handleTopRowButtons:switch switch14
   518 jump *label192 notEqual 4 .bookmark
   519 control enabled :handleTopRowButtons:switch true
   520 jump *label197 always
 
   535 label *label196
   536 label *label197
   537 label *label198
-    * readarr<inlined:folded:regular> :handleTopRowButtons:switch .buttonBookmark[] 5
+  538 set :handleTopRowButtons:switch switch15
   539 jump *label199 notEqual 5 .bookmark
   540 control enabled :handleTopRowButtons:switch true
   541 jump *label204 always
 
   556 label *label203
   557 label *label204
   558 label *label205
-    * readarr<inlined:folded:regular> :handleTopRowButtons:switch .buttonBookmark[] 6
+  559 set :handleTopRowButtons:switch switch16
   560 jump *label206 notEqual 6 .bookmark
   561 control enabled :handleTopRowButtons:switch true
   562 jump *label211 always
 
   577 label *label210
   578 label *label211
   579 label *label212
-    * readarr<inlined:folded:regular> :handleTopRowButtons:switch .buttonBookmark[] 7
+  580 set :handleTopRowButtons:switch switch17
   581 jump *label213 notEqual 7 .bookmark
   582 control enabled :handleTopRowButtons:switch true
   583 jump *label218 always
 
   598 label *label217
   599 label *label218
   600 label *label219
-    * readarr<inlined:folded:regular> :handleTopRowButtons:switch .buttonBookmark[] 8
+  601 set :handleTopRowButtons:switch switch18
   602 jump *label220 notEqual 8 .bookmark
   603 control enabled :handleTopRowButtons:switch true
   604 jump *label225 always
 
   619 label *label224
   620 label *label225
   621 label *label226
-    * readarr<inlined:folded:regular> :handleTopRowButtons:switch .buttonBookmark[] 9
+  622 set :handleTopRowButtons:switch switch19
   623 jump *label227 notEqual 9 .bookmark
   624 control enabled :handleTopRowButtons:switch true
   625 jump *label232 always
 
   640 label *label231
   641 label *label232
   642 label *label233
-    * readarr<inlined:folded:regular> :handleTopRowButtons:switch .buttonBookmark[] 10
+  643 set :handleTopRowButtons:switch switch20
   644 jump *label234 notEqual 10 .bookmark
   645 control enabled :handleTopRowButtons:switch true
   646 jump *label239 always
 
   661 label *label238
   662 label *label239
   663 label *label240
-    * readarr<inlined:folded:regular> :handleTopRowButtons:switch .buttonBookmark[] 11
+  664 set :handleTopRowButtons:switch switch21
   665 jump *label241 notEqual 11 .bookmark
   666 control enabled :handleTopRowButtons:switch true
   667 jump *label246 always
 
   682 label *label245
   683 label *label246
   684 label *label247
-    * readarr<inlined:folded:regular> :handleTopRowButtons:switch .buttonBookmark[] 12
+  685 set :handleTopRowButtons:switch switch22
   686 jump *label248 notEqual 12 .bookmark
   687 control enabled :handleTopRowButtons:switch true
   688 jump *label253 always
 
   705 label *label254
   706 label *label121
   707 label *label255
-    * readarr<inlined:folded:regular> :handleTopRowButtons:switch.1 .buttonPalette[] 0
+  708 set :handleTopRowButtons:switch.1 switch23
   709 jump *label256 notEqual 0 .palette
   710 control enabled :handleTopRowButtons:switch.1 true
   711 jump *label261 always
 
   729 label *label260
   730 label *label261
   731 label *label262
-    * readarr<inlined:folded:regular> :handleTopRowButtons:switch.1 .buttonPalette[] 1
+  732 set :handleTopRowButtons:switch.1 switch24
   733 jump *label263 notEqual 1 .palette
   734 control enabled :handleTopRowButtons:switch.1 true
   735 jump *label268 always
 
   753 label *label267
   754 label *label268
   755 label *label269
-    * readarr<inlined:folded:regular> :handleTopRowButtons:switch.1 .buttonPalette[] 2
+  756 set :handleTopRowButtons:switch.1 switch25
   757 jump *label270 notEqual 2 .palette
   758 control enabled :handleTopRowButtons:switch.1 true
   759 jump *label275 always
 
   777 label *label274
   778 label *label275
   779 label *label276
-    * readarr<inlined:folded:regular> :handleTopRowButtons:switch.1 .buttonPalette[] 3
+  780 set :handleTopRowButtons:switch.1 switch26
   781 jump *label277 notEqual 3 .palette
   782 control enabled :handleTopRowButtons:switch.1 true
   783 jump *label282 always
 
   801 label *label281
   802 label *label282
   803 label *label283
-    * readarr<inlined:folded:regular> :handleTopRowButtons:switch.1 .buttonPalette[] 4
+  804 set :handleTopRowButtons:switch.1 switch27
   805 jump *label284 notEqual 4 .palette
   806 control enabled :handleTopRowButtons:switch.1 true
   807 jump *label289 always

Modifications by Unroll loop at mandelbrot-control.mnd:343:5 (+743 instructions):
 
    49 set :createPalette:r 128
    50 set :createPalette:g 192
    51 set :createPalette:b 64
-    * set :createPalette:i 0
-    * label *label17
-    * label *label157
-    * op div *tmp9 :createPalette:r 256
-    * op div *tmp10 :createPalette:g 256
-    * op div *tmp11 :createPalette:b 256
-    * packcolor *tmp12 *tmp9 *tmp10 *tmp11 255
-    * write *tmp12 bank1 :createPalette:i
-    * op add *tmp13 :createPalette:r 147
-    * op mod :createPalette:r *tmp13 256
-    * op add *tmp15 :createPalette:g 87
-    * op mod :createPalette:g *tmp15 256
-    * op add *tmp17 :createPalette:b 59
-    * op mod :createPalette:b *tmp17 256
-    * label *label18
-    * op add :createPalette:i :createPalette:i 1
-    * jump *label157 lessThan :createPalette:i 63
-    * label *label19
+   52 set :createPalette:i 0
+   53 label *label291
+   54 op div *tmp9 :createPalette:r 256
+   55 op div *tmp10 :createPalette:g 256
+   56 op div *tmp11 :createPalette:b 256
+   57 packcolor *tmp12 *tmp9 *tmp10 *tmp11 255
+   58 write *tmp12 bank1 :createPalette:i
+   59 op add *tmp13 :createPalette:r 147
+   60 op mod :createPalette:r *tmp13 256
+   61 op add *tmp15 :createPalette:g 87
+   62 op mod :createPalette:g *tmp15 256
+   63 op add *tmp17 :createPalette:b 59
+   64 op mod :createPalette:b *tmp17 256
+   65 label *label292
+   66 op add :createPalette:i :createPalette:i 1
+   67 op div *tmp9 :createPalette:r 256
+   68 op div *tmp10 :createPalette:g 256
+   69 op div *tmp11 :createPalette:b 256
+   70 packcolor *tmp12 *tmp9 *tmp10 *tmp11 255
+   71 write *tmp12 bank1 :createPalette:i
+   72 op add *tmp13 :createPalette:r 147
+   73 op mod :createPalette:r *tmp13 256
+   74 op add *tmp15 :createPalette:g 87
+   75 op mod :createPalette:g *tmp15 256
+   76 op add *tmp17 :createPalette:b 59
+   77 op mod :createPalette:b *tmp17 256
+   78 label *label293
+   79 op add :createPalette:i :createPalette:i 1
+   80 op div *tmp9 :createPalette:r 256
+   81 op div *tmp10 :createPalette:g 256
+   82 op div *tmp11 :createPalette:b 256
+   83 packcolor *tmp12 *tmp9 *tmp10 *tmp11 255
+   84 write *tmp12 bank1 :createPalette:i
+   85 op add *tmp13 :createPalette:r 147
+   86 op mod :createPalette:r *tmp13 256
+   87 op add *tmp15 :createPalette:g 87
+   88 op mod :createPalette:g *tmp15 256
+   89 op add *tmp17 :createPalette:b 59
+   90 op mod :createPalette:b *tmp17 256
+   91 label *label294
+   92 op add :createPalette:i :createPalette:i 1
+   93 op div *tmp9 :createPalette:r 256
+   94 op div *tmp10 :createPalette:g 256
+   95 op div *tmp11 :createPalette:b 256
+   96 packcolor *tmp12 *tmp9 *tmp10 *tmp11 255
+   97 write *tmp12 bank1 :createPalette:i
+   98 op add *tmp13 :createPalette:r 147
+   99 op mod :createPalette:r *tmp13 256
+  100 op add *tmp15 :createPalette:g 87
+  101 op mod :createPalette:g *tmp15 256
+  102 op add *tmp17 :createPalette:b 59
+  103 op mod :createPalette:b *tmp17 256
+  104 label *label295
+  105 op add :createPalette:i :createPalette:i 1
+  106 op div *tmp9 :createPalette:r 256
+  107 op div *tmp10 :createPalette:g 256
+  108 op div *tmp11 :createPalette:b 256
+  109 packcolor *tmp12 *tmp9 *tmp10 *tmp11 255
+  110 write *tmp12 bank1 :createPalette:i
+  111 op add *tmp13 :createPalette:r 147
+  112 op mod :createPalette:r *tmp13 256
+  113 op add *tmp15 :createPalette:g 87
+  114 op mod :createPalette:g *tmp15 256
+  115 op add *tmp17 :createPalette:b 59
+  116 op mod :createPalette:b *tmp17 256
+  117 label *label296
+  118 op add :createPalette:i :createPalette:i 1
+  119 op div *tmp9 :createPalette:r 256
+  120 op div *tmp10 :createPalette:g 256
+  121 op div *tmp11 :createPalette:b 256
+  122 packcolor *tmp12 *tmp9 *tmp10 *tmp11 255
+  123 write *tmp12 bank1 :createPalette:i
+  124 op add *tmp13 :createPalette:r 147
+  125 op mod :createPalette:r *tmp13 256
+  126 op add *tmp15 :createPalette:g 87
+  127 op mod :createPalette:g *tmp15 256
+  128 op add *tmp17 :createPalette:b 59
+  129 op mod :createPalette:b *tmp17 256
+  130 label *label297
+  131 op add :createPalette:i :createPalette:i 1
+  132 op div *tmp9 :createPalette:r 256
+  133 op div *tmp10 :createPalette:g 256
+  134 op div *tmp11 :createPalette:b 256
+  135 packcolor *tmp12 *tmp9 *tmp10 *tmp11 255
+  136 write *tmp12 bank1 :createPalette:i
+  137 op add *tmp13 :createPalette:r 147
+  138 op mod :createPalette:r *tmp13 256
+  139 op add *tmp15 :createPalette:g 87
+  140 op mod :createPalette:g *tmp15 256
+  141 op add *tmp17 :createPalette:b 59
+  142 op mod :createPalette:b *tmp17 256
+  143 label *label298
+  144 op add :createPalette:i :createPalette:i 1
+  145 op div *tmp9 :createPalette:r 256
+  146 op div *tmp10 :createPalette:g 256
+  147 op div *tmp11 :createPalette:b 256
+  148 packcolor *tmp12 *tmp9 *tmp10 *tmp11 255
+  149 write *tmp12 bank1 :createPalette:i
+  150 op add *tmp13 :createPalette:r 147
+  151 op mod :createPalette:r *tmp13 256
+  152 op add *tmp15 :createPalette:g 87
+  153 op mod :createPalette:g *tmp15 256
+  154 op add *tmp17 :createPalette:b 59
+  155 op mod :createPalette:b *tmp17 256
+  156 label *label299
+  157 op add :createPalette:i :createPalette:i 1
+  158 op div *tmp9 :createPalette:r 256
+  159 op div *tmp10 :createPalette:g 256
+  160 op div *tmp11 :createPalette:b 256
+  161 packcolor *tmp12 *tmp9 *tmp10 *tmp11 255
+  162 write *tmp12 bank1 :createPalette:i
+  163 op add *tmp13 :createPalette:r 147
+  164 op mod :createPalette:r *tmp13 256
+  165 op add *tmp15 :createPalette:g 87
+  166 op mod :createPalette:g *tmp15 256
+  167 op add *tmp17 :createPalette:b 59
+  168 op mod :createPalette:b *tmp17 256
+  169 label *label300
+  170 op add :createPalette:i :createPalette:i 1
+  171 op div *tmp9 :createPalette:r 256
+  172 op div *tmp10 :createPalette:g 256
+  173 op div *tmp11 :createPalette:b 256
+  174 packcolor *tmp12 *tmp9 *tmp10 *tmp11 255
+  175 write *tmp12 bank1 :createPalette:i
+  176 op add *tmp13 :createPalette:r 147
+  177 op mod :createPalette:r *tmp13 256
+  178 op add *tmp15 :createPalette:g 87
+  179 op mod :createPalette:g *tmp15 256
+  180 op add *tmp17 :createPalette:b 59
+  181 op mod :createPalette:b *tmp17 256
+  182 label *label301
+  183 op add :createPalette:i :createPalette:i 1
+  184 op div *tmp9 :createPalette:r 256
+  185 op div *tmp10 :createPalette:g 256
+  186 op div *tmp11 :createPalette:b 256
+  187 packcolor *tmp12 *tmp9 *tmp10 *tmp11 255
+  188 write *tmp12 bank1 :createPalette:i
+  189 op add *tmp13 :createPalette:r 147
+  190 op mod :createPalette:r *tmp13 256
+  191 op add *tmp15 :createPalette:g 87
+  192 op mod :createPalette:g *tmp15 256
+  193 op add *tmp17 :createPalette:b 59
+  194 op mod :createPalette:b *tmp17 256
+  195 label *label302
+  196 op add :createPalette:i :createPalette:i 1
+  197 op div *tmp9 :createPalette:r 256
+  198 op div *tmp10 :createPalette:g 256
+  199 op div *tmp11 :createPalette:b 256
+  200 packcolor *tmp12 *tmp9 *tmp10 *tmp11 255
+  201 write *tmp12 bank1 :createPalette:i
+  202 op add *tmp13 :createPalette:r 147
+  203 op mod :createPalette:r *tmp13 256
+  204 op add *tmp15 :createPalette:g 87
+  205 op mod :createPalette:g *tmp15 256
+  206 op add *tmp17 :createPalette:b 59
+  207 op mod :createPalette:b *tmp17 256
+  208 label *label303
+  209 op add :createPalette:i :createPalette:i 1
+  210 op div *tmp9 :createPalette:r 256
+  211 op div *tmp10 :createPalette:g 256
+  212 op div *tmp11 :createPalette:b 256
+  213 packcolor *tmp12 *tmp9 *tmp10 *tmp11 255
+  214 write *tmp12 bank1 :createPalette:i
+  215 op add *tmp13 :createPalette:r 147
+  216 op mod :createPalette:r *tmp13 256
+  217 op add *tmp15 :createPalette:g 87
+  218 op mod :createPalette:g *tmp15 256
+  219 op add *tmp17 :createPalette:b 59
+  220 op mod :createPalette:b *tmp17 256
+  221 label *label304
+  222 op add :createPalette:i :createPalette:i 1
+  223 op div *tmp9 :createPalette:r 256
+  224 op div *tmp10 :createPalette:g 256
+  225 op div *tmp11 :createPalette:b 256
+  226 packcolor *tmp12 *tmp9 *tmp10 *tmp11 255
+  227 write *tmp12 bank1 :createPalette:i
+  228 op add *tmp13 :createPalette:r 147
+  229 op mod :createPalette:r *tmp13 256
+  230 op add *tmp15 :createPalette:g 87
+  231 op mod :createPalette:g *tmp15 256
+  232 op add *tmp17 :createPalette:b 59
+  233 op mod :createPalette:b *tmp17 256
+  234 label *label305
+  235 op add :createPalette:i :createPalette:i 1
+  236 op div *tmp9 :createPalette:r 256
+  237 op div *tmp10 :createPalette:g 256
+  238 op div *tmp11 :createPalette:b 256
+  239 packcolor *tmp12 *tmp9 *tmp10 *tmp11 255
+  240 write *tmp12 bank1 :createPalette:i
+  241 op add *tmp13 :createPalette:r 147
+  242 op mod :createPalette:r *tmp13 256
+  243 op add *tmp15 :createPalette:g 87
+  244 op mod :createPalette:g *tmp15 256
+  245 op add *tmp17 :createPalette:b 59
+  246 op mod :createPalette:b *tmp17 256
+  247 label *label306
+  248 op add :createPalette:i :createPalette:i 1
+  249 op div *tmp9 :createPalette:r 256
+  250 op div *tmp10 :createPalette:g 256
+  251 op div *tmp11 :createPalette:b 256
+  252 packcolor *tmp12 *tmp9 *tmp10 *tmp11 255
+  253 write *tmp12 bank1 :createPalette:i
+  254 op add *tmp13 :createPalette:r 147
+  255 op mod :createPalette:r *tmp13 256
+  256 op add *tmp15 :createPalette:g 87
+  257 op mod :createPalette:g *tmp15 256
+  258 op add *tmp17 :createPalette:b 59
+  259 op mod :createPalette:b *tmp17 256
+  260 label *label307
+  261 op add :createPalette:i :createPalette:i 1
+  262 op div *tmp9 :createPalette:r 256
+  263 op div *tmp10 :createPalette:g 256
+  264 op div *tmp11 :createPalette:b 256
+  265 packcolor *tmp12 *tmp9 *tmp10 *tmp11 255
+  266 write *tmp12 bank1 :createPalette:i
+  267 op add *tmp13 :createPalette:r 147
+  268 op mod :createPalette:r *tmp13 256
+  269 op add *tmp15 :createPalette:g 87
+  270 op mod :createPalette:g *tmp15 256
+  271 op add *tmp17 :createPalette:b 59
+  272 op mod :createPalette:b *tmp17 256
+  273 label *label308
+  274 op add :createPalette:i :createPalette:i 1
+  275 op div *tmp9 :createPalette:r 256
+  276 op div *tmp10 :createPalette:g 256
+  277 op div *tmp11 :createPalette:b 256
+  278 packcolor *tmp12 *tmp9 *tmp10 *tmp11 255
+  279 write *tmp12 bank1 :createPalette:i
+  280 op add *tmp13 :createPalette:r 147
+  281 op mod :createPalette:r *tmp13 256
+  282 op add *tmp15 :createPalette:g 87
+  283 op mod :createPalette:g *tmp15 256
+  284 op add *tmp17 :createPalette:b 59
+  285 op mod :createPalette:b *tmp17 256
+  286 label *label309
+  287 op add :createPalette:i :createPalette:i 1
+  288 op div *tmp9 :createPalette:r 256
+  289 op div *tmp10 :createPalette:g 256
+  290 op div *tmp11 :createPalette:b 256
+  291 packcolor *tmp12 *tmp9 *tmp10 *tmp11 255
+  292 write *tmp12 bank1 :createPalette:i
+  293 op add *tmp13 :createPalette:r 147
+  294 op mod :createPalette:r *tmp13 256
+  295 op add *tmp15 :createPalette:g 87
+  296 op mod :createPalette:g *tmp15 256
+  297 op add *tmp17 :createPalette:b 59
+  298 op mod :createPalette:b *tmp17 256
+  299 label *label310
+  300 op add :createPalette:i :createPalette:i 1
+  301 op div *tmp9 :createPalette:r 256
+  302 op div *tmp10 :createPalette:g 256
+  303 op div *tmp11 :createPalette:b 256
+  304 packcolor *tmp12 *tmp9 *tmp10 *tmp11 255
+  305 write *tmp12 bank1 :createPalette:i
+  306 op add *tmp13 :createPalette:r 147
+  307 op mod :createPalette:r *tmp13 256
+  308 op add *tmp15 :createPalette:g 87
+  309 op mod :createPalette:g *tmp15 256
+  310 op add *tmp17 :createPalette:b 59
+  311 op mod :createPalette:b *tmp17 256
+  312 label *label311
+  313 op add :createPalette:i :createPalette:i 1
+  314 op div *tmp9 :createPalette:r 256
+  315 op div *tmp10 :createPalette:g 256
+  316 op div *tmp11 :createPalette:b 256
+  317 packcolor *tmp12 *tmp9 *tmp10 *tmp11 255
+  318 write *tmp12 bank1 :createPalette:i
+  319 op add *tmp13 :createPalette:r 147
+  320 op mod :createPalette:r *tmp13 256
+  321 op add *tmp15 :createPalette:g 87
+  322 op mod :createPalette:g *tmp15 256
+  323 op add *tmp17 :createPalette:b 59
+  324 op mod :createPalette:b *tmp17 256
+  325 label *label312
+  326 op add :createPalette:i :createPalette:i 1
+  327 op div *tmp9 :createPalette:r 256
+  328 op div *tmp10 :createPalette:g 256
+  329 op div *tmp11 :createPalette:b 256
+  330 packcolor *tmp12 *tmp9 *tmp10 *tmp11 255
+  331 write *tmp12 bank1 :createPalette:i
+  332 op add *tmp13 :createPalette:r 147
+  333 op mod :createPalette:r *tmp13 256
+  334 op add *tmp15 :createPalette:g 87
+  335 op mod :createPalette:g *tmp15 256
+  336 op add *tmp17 :createPalette:b 59
+  337 op mod :createPalette:b *tmp17 256
+  338 label *label313
+  339 op add :createPalette:i :createPalette:i 1
+  340 op div *tmp9 :createPalette:r 256
+  341 op div *tmp10 :createPalette:g 256
+  342 op div *tmp11 :createPalette:b 256
+  343 packcolor *tmp12 *tmp9 *tmp10 *tmp11 255
+  344 write *tmp12 bank1 :createPalette:i
+  345 op add *tmp13 :createPalette:r 147
+  346 op mod :createPalette:r *tmp13 256
+  347 op add *tmp15 :createPalette:g 87
+  348 op mod :createPalette:g *tmp15 256
+  349 op add *tmp17 :createPalette:b 59
+  350 op mod :createPalette:b *tmp17 256
+  351 label *label314
+  352 op add :createPalette:i :createPalette:i 1
+  353 op div *tmp9 :createPalette:r 256
+  354 op div *tmp10 :createPalette:g 256
+  355 op div *tmp11 :createPalette:b 256
+  356 packcolor *tmp12 *tmp9 *tmp10 *tmp11 255
+  357 write *tmp12 bank1 :createPalette:i
+  358 op add *tmp13 :createPalette:r 147
+  359 op mod :createPalette:r *tmp13 256
+  360 op add *tmp15 :createPalette:g 87
+  361 op mod :createPalette:g *tmp15 256
+  362 op add *tmp17 :createPalette:b 59
+  363 op mod :createPalette:b *tmp17 256
+  364 label *label315
+  365 op add :createPalette:i :createPalette:i 1
+  366 op div *tmp9 :createPalette:r 256
+  367 op div *tmp10 :createPalette:g 256
+  368 op div *tmp11 :createPalette:b 256
+  369 packcolor *tmp12 *tmp9 *tmp10 *tmp11 255
+  370 write *tmp12 bank1 :createPalette:i
+  371 op add *tmp13 :createPalette:r 147
+  372 op mod :createPalette:r *tmp13 256
+  373 op add *tmp15 :createPalette:g 87
+  374 op mod :createPalette:g *tmp15 256
+  375 op add *tmp17 :createPalette:b 59
+  376 op mod :createPalette:b *tmp17 256
+  377 label *label316
+  378 op add :createPalette:i :createPalette:i 1
+  379 op div *tmp9 :createPalette:r 256
+  380 op div *tmp10 :createPalette:g 256
+  381 op div *tmp11 :createPalette:b 256
+  382 packcolor *tmp12 *tmp9 *tmp10 *tmp11 255
+  383 write *tmp12 bank1 :createPalette:i
+  384 op add *tmp13 :createPalette:r 147
+  385 op mod :createPalette:r *tmp13 256
+  386 op add *tmp15 :createPalette:g 87
+  387 op mod :createPalette:g *tmp15 256
+  388 op add *tmp17 :createPalette:b 59
+  389 op mod :createPalette:b *tmp17 256
+  390 label *label317
+  391 op add :createPalette:i :createPalette:i 1
+  392 op div *tmp9 :createPalette:r 256
+  393 op div *tmp10 :createPalette:g 256
+  394 op div *tmp11 :createPalette:b 256
+  395 packcolor *tmp12 *tmp9 *tmp10 *tmp11 255
+  396 write *tmp12 bank1 :createPalette:i
+  397 op add *tmp13 :createPalette:r 147
+  398 op mod :createPalette:r *tmp13 256
+  399 op add *tmp15 :createPalette:g 87
+  400 op mod :createPalette:g *tmp15 256
+  401 op add *tmp17 :createPalette:b 59
+  402 op mod :createPalette:b *tmp17 256
+  403 label *label318
+  404 op add :createPalette:i :createPalette:i 1
+  405 op div *tmp9 :createPalette:r 256
+  406 op div *tmp10 :createPalette:g 256
+  407 op div *tmp11 :createPalette:b 256
+  408 packcolor *tmp12 *tmp9 *tmp10 *tmp11 255
+  409 write *tmp12 bank1 :createPalette:i
+  410 op add *tmp13 :createPalette:r 147
+  411 op mod :createPalette:r *tmp13 256
+  412 op add *tmp15 :createPalette:g 87
+  413 op mod :createPalette:g *tmp15 256
+  414 op add *tmp17 :createPalette:b 59
+  415 op mod :createPalette:b *tmp17 256
+  416 label *label319
+  417 op add :createPalette:i :createPalette:i 1
+  418 op div *tmp9 :createPalette:r 256
+  419 op div *tmp10 :createPalette:g 256
+  420 op div *tmp11 :createPalette:b 256
+  421 packcolor *tmp12 *tmp9 *tmp10 *tmp11 255
+  422 write *tmp12 bank1 :createPalette:i
+  423 op add *tmp13 :createPalette:r 147
+  424 op mod :createPalette:r *tmp13 256
+  425 op add *tmp15 :createPalette:g 87
+  426 op mod :createPalette:g *tmp15 256
+  427 op add *tmp17 :createPalette:b 59
+  428 op mod :createPalette:b *tmp17 256
+  429 label *label320
+  430 op add :createPalette:i :createPalette:i 1
+  431 op div *tmp9 :createPalette:r 256
+  432 op div *tmp10 :createPalette:g 256
+  433 op div *tmp11 :createPalette:b 256
+  434 packcolor *tmp12 *tmp9 *tmp10 *tmp11 255
+  435 write *tmp12 bank1 :createPalette:i
+  436 op add *tmp13 :createPalette:r 147
+  437 op mod :createPalette:r *tmp13 256
+  438 op add *tmp15 :createPalette:g 87
+  439 op mod :createPalette:g *tmp15 256
+  440 op add *tmp17 :createPalette:b 59
+  441 op mod :createPalette:b *tmp17 256
+  442 label *label321
+  443 op add :createPalette:i :createPalette:i 1
+  444 op div *tmp9 :createPalette:r 256
+  445 op div *tmp10 :createPalette:g 256
+  446 op div *tmp11 :createPalette:b 256
+  447 packcolor *tmp12 *tmp9 *tmp10 *tmp11 255
+  448 write *tmp12 bank1 :createPalette:i
+  449 op add *tmp13 :createPalette:r 147
+  450 op mod :createPalette:r *tmp13 256
+  451 op add *tmp15 :createPalette:g 87
+  452 op mod :createPalette:g *tmp15 256
+  453 op add *tmp17 :createPalette:b 59
+  454 op mod :createPalette:b *tmp17 256
+  455 label *label322
+  456 op add :createPalette:i :createPalette:i 1
+  457 op div *tmp9 :createPalette:r 256
+  458 op div *tmp10 :createPalette:g 256
+  459 op div *tmp11 :createPalette:b 256
+  460 packcolor *tmp12 *tmp9 *tmp10 *tmp11 255
+  461 write *tmp12 bank1 :createPalette:i
+  462 op add *tmp13 :createPalette:r 147
+  463 op mod :createPalette:r *tmp13 256
+  464 op add *tmp15 :createPalette:g 87
+  465 op mod :createPalette:g *tmp15 256
+  466 op add *tmp17 :createPalette:b 59
+  467 op mod :createPalette:b *tmp17 256
+  468 label *label323
+  469 op add :createPalette:i :createPalette:i 1
+  470 op div *tmp9 :createPalette:r 256
+  471 op div *tmp10 :createPalette:g 256
+  472 op div *tmp11 :createPalette:b 256
+  473 packcolor *tmp12 *tmp9 *tmp10 *tmp11 255
+  474 write *tmp12 bank1 :createPalette:i
+  475 op add *tmp13 :createPalette:r 147
+  476 op mod :createPalette:r *tmp13 256
+  477 op add *tmp15 :createPalette:g 87
+  478 op mod :createPalette:g *tmp15 256
+  479 op add *tmp17 :createPalette:b 59
+  480 op mod :createPalette:b *tmp17 256
+  481 label *label324
+  482 op add :createPalette:i :createPalette:i 1
+  483 op div *tmp9 :createPalette:r 256
+  484 op div *tmp10 :createPalette:g 256
+  485 op div *tmp11 :createPalette:b 256
+  486 packcolor *tmp12 *tmp9 *tmp10 *tmp11 255
+  487 write *tmp12 bank1 :createPalette:i
+  488 op add *tmp13 :createPalette:r 147
+  489 op mod :createPalette:r *tmp13 256
+  490 op add *tmp15 :createPalette:g 87
+  491 op mod :createPalette:g *tmp15 256
+  492 op add *tmp17 :createPalette:b 59
+  493 op mod :createPalette:b *tmp17 256
+  494 label *label325
+  495 op add :createPalette:i :createPalette:i 1
+  496 op div *tmp9 :createPalette:r 256
+  497 op div *tmp10 :createPalette:g 256
+  498 op div *tmp11 :createPalette:b 256
+  499 packcolor *tmp12 *tmp9 *tmp10 *tmp11 255
+  500 write *tmp12 bank1 :createPalette:i
+  501 op add *tmp13 :createPalette:r 147
+  502 op mod :createPalette:r *tmp13 256
+  503 op add *tmp15 :createPalette:g 87
+  504 op mod :createPalette:g *tmp15 256
+  505 op add *tmp17 :createPalette:b 59
+  506 op mod :createPalette:b *tmp17 256
+  507 label *label326
+  508 op add :createPalette:i :createPalette:i 1
+  509 op div *tmp9 :createPalette:r 256
+  510 op div *tmp10 :createPalette:g 256
+  511 op div *tmp11 :createPalette:b 256
+  512 packcolor *tmp12 *tmp9 *tmp10 *tmp11 255
+  513 write *tmp12 bank1 :createPalette:i
+  514 op add *tmp13 :createPalette:r 147
+  515 op mod :createPalette:r *tmp13 256
+  516 op add *tmp15 :createPalette:g 87
+  517 op mod :createPalette:g *tmp15 256
+  518 op add *tmp17 :createPalette:b 59
+  519 op mod :createPalette:b *tmp17 256
+  520 label *label327
+  521 op add :createPalette:i :createPalette:i 1
+  522 op div *tmp9 :createPalette:r 256
+  523 op div *tmp10 :createPalette:g 256
+  524 op div *tmp11 :createPalette:b 256
+  525 packcolor *tmp12 *tmp9 *tmp10 *tmp11 255
+  526 write *tmp12 bank1 :createPalette:i
+  527 op add *tmp13 :createPalette:r 147
+  528 op mod :createPalette:r *tmp13 256
+  529 op add *tmp15 :createPalette:g 87
+  530 op mod :createPalette:g *tmp15 256
+  531 op add *tmp17 :createPalette:b 59
+  532 op mod :createPalette:b *tmp17 256
+  533 label *label328
+  534 op add :createPalette:i :createPalette:i 1
+  535 op div *tmp9 :createPalette:r 256
+  536 op div *tmp10 :createPalette:g 256
+  537 op div *tmp11 :createPalette:b 256
+  538 packcolor *tmp12 *tmp9 *tmp10 *tmp11 255
+  539 write *tmp12 bank1 :createPalette:i
+  540 op add *tmp13 :createPalette:r 147
+  541 op mod :createPalette:r *tmp13 256
+  542 op add *tmp15 :createPalette:g 87
+  543 op mod :createPalette:g *tmp15 256
+  544 op add *tmp17 :createPalette:b 59
+  545 op mod :createPalette:b *tmp17 256
+  546 label *label329
+  547 op add :createPalette:i :createPalette:i 1
+  548 op div *tmp9 :createPalette:r 256
+  549 op div *tmp10 :createPalette:g 256
+  550 op div *tmp11 :createPalette:b 256
+  551 packcolor *tmp12 *tmp9 *tmp10 *tmp11 255
+  552 write *tmp12 bank1 :createPalette:i
+  553 op add *tmp13 :createPalette:r 147
+  554 op mod :createPalette:r *tmp13 256
+  555 op add *tmp15 :createPalette:g 87
+  556 op mod :createPalette:g *tmp15 256
+  557 op add *tmp17 :createPalette:b 59
+  558 op mod :createPalette:b *tmp17 256
+  559 label *label330
+  560 op add :createPalette:i :createPalette:i 1
+  561 op div *tmp9 :createPalette:r 256
+  562 op div *tmp10 :createPalette:g 256
+  563 op div *tmp11 :createPalette:b 256
+  564 packcolor *tmp12 *tmp9 *tmp10 *tmp11 255
+  565 write *tmp12 bank1 :createPalette:i
+  566 op add *tmp13 :createPalette:r 147
+  567 op mod :createPalette:r *tmp13 256
+  568 op add *tmp15 :createPalette:g 87
+  569 op mod :createPalette:g *tmp15 256
+  570 op add *tmp17 :createPalette:b 59
+  571 op mod :createPalette:b *tmp17 256
+  572 label *label331
+  573 op add :createPalette:i :createPalette:i 1
+  574 op div *tmp9 :createPalette:r 256
+  575 op div *tmp10 :createPalette:g 256
+  576 op div *tmp11 :createPalette:b 256
+  577 packcolor *tmp12 *tmp9 *tmp10 *tmp11 255
+  578 write *tmp12 bank1 :createPalette:i
+  579 op add *tmp13 :createPalette:r 147
+  580 op mod :createPalette:r *tmp13 256
+  581 op add *tmp15 :createPalette:g 87
+  582 op mod :createPalette:g *tmp15 256
+  583 op add *tmp17 :createPalette:b 59
+  584 op mod :createPalette:b *tmp17 256
+  585 label *label332
+  586 op add :createPalette:i :createPalette:i 1
+  587 op div *tmp9 :createPalette:r 256
+  588 op div *tmp10 :createPalette:g 256
+  589 op div *tmp11 :createPalette:b 256
+  590 packcolor *tmp12 *tmp9 *tmp10 *tmp11 255
+  591 write *tmp12 bank1 :createPalette:i
+  592 op add *tmp13 :createPalette:r 147
+  593 op mod :createPalette:r *tmp13 256
+  594 op add *tmp15 :createPalette:g 87
+  595 op mod :createPalette:g *tmp15 256
+  596 op add *tmp17 :createPalette:b 59
+  597 op mod :createPalette:b *tmp17 256
+  598 label *label333
+  599 op add :createPalette:i :createPalette:i 1
+  600 op div *tmp9 :createPalette:r 256
+  601 op div *tmp10 :createPalette:g 256
+  602 op div *tmp11 :createPalette:b 256
+  603 packcolor *tmp12 *tmp9 *tmp10 *tmp11 255
+  604 write *tmp12 bank1 :createPalette:i
+  605 op add *tmp13 :createPalette:r 147
+  606 op mod :createPalette:r *tmp13 256
+  607 op add *tmp15 :createPalette:g 87
+  608 op mod :createPalette:g *tmp15 256
+  609 op add *tmp17 :createPalette:b 59
+  610 op mod :createPalette:b *tmp17 256
+  611 label *label334
+  612 op add :createPalette:i :createPalette:i 1
+  613 op div *tmp9 :createPalette:r 256
+  614 op div *tmp10 :createPalette:g 256
+  615 op div *tmp11 :createPalette:b 256
+  616 packcolor *tmp12 *tmp9 *tmp10 *tmp11 255
+  617 write *tmp12 bank1 :createPalette:i
+  618 op add *tmp13 :createPalette:r 147
+  619 op mod :createPalette:r *tmp13 256
+  620 op add *tmp15 :createPalette:g 87
+  621 op mod :createPalette:g *tmp15 256
+  622 op add *tmp17 :createPalette:b 59
+  623 op mod :createPalette:b *tmp17 256
+  624 label *label335
+  625 op add :createPalette:i :createPalette:i 1
+  626 op div *tmp9 :createPalette:r 256
+  627 op div *tmp10 :createPalette:g 256
+  628 op div *tmp11 :createPalette:b 256
+  629 packcolor *tmp12 *tmp9 *tmp10 *tmp11 255
+  630 write *tmp12 bank1 :createPalette:i
+  631 op add *tmp13 :createPalette:r 147
+  632 op mod :createPalette:r *tmp13 256
+  633 op add *tmp15 :createPalette:g 87
+  634 op mod :createPalette:g *tmp15 256
+  635 op add *tmp17 :createPalette:b 59
+  636 op mod :createPalette:b *tmp17 256
+  637 label *label336
+  638 op add :createPalette:i :createPalette:i 1
+  639 op div *tmp9 :createPalette:r 256
+  640 op div *tmp10 :createPalette:g 256
+  641 op div *tmp11 :createPalette:b 256
+  642 packcolor *tmp12 *tmp9 *tmp10 *tmp11 255
+  643 write *tmp12 bank1 :createPalette:i
+  644 op add *tmp13 :createPalette:r 147
+  645 op mod :createPalette:r *tmp13 256
+  646 op add *tmp15 :createPalette:g 87
+  647 op mod :createPalette:g *tmp15 256
+  648 op add *tmp17 :createPalette:b 59
+  649 op mod :createPalette:b *tmp17 256
+  650 label *label337
+  651 op add :createPalette:i :createPalette:i 1
+  652 op div *tmp9 :createPalette:r 256
+  653 op div *tmp10 :createPalette:g 256
+  654 op div *tmp11 :createPalette:b 256
+  655 packcolor *tmp12 *tmp9 *tmp10 *tmp11 255
+  656 write *tmp12 bank1 :createPalette:i
+  657 op add *tmp13 :createPalette:r 147
+  658 op mod :createPalette:r *tmp13 256
+  659 op add *tmp15 :createPalette:g 87
+  660 op mod :createPalette:g *tmp15 256
+  661 op add *tmp17 :createPalette:b 59
+  662 op mod :createPalette:b *tmp17 256
+  663 label *label338
+  664 op add :createPalette:i :createPalette:i 1
+  665 op div *tmp9 :createPalette:r 256
+  666 op div *tmp10 :createPalette:g 256
+  667 op div *tmp11 :createPalette:b 256
+  668 packcolor *tmp12 *tmp9 *tmp10 *tmp11 255
+  669 write *tmp12 bank1 :createPalette:i
+  670 op add *tmp13 :createPalette:r 147
+  671 op mod :createPalette:r *tmp13 256
+  672 op add *tmp15 :createPalette:g 87
+  673 op mod :createPalette:g *tmp15 256
+  674 op add *tmp17 :createPalette:b 59
+  675 op mod :createPalette:b *tmp17 256
+  676 label *label339
+  677 op add :createPalette:i :createPalette:i 1
+  678 op div *tmp9 :createPalette:r 256
+  679 op div *tmp10 :createPalette:g 256
+  680 op div *tmp11 :createPalette:b 256
+  681 packcolor *tmp12 *tmp9 *tmp10 *tmp11 255
+  682 write *tmp12 bank1 :createPalette:i
+  683 op add *tmp13 :createPalette:r 147
+  684 op mod :createPalette:r *tmp13 256
+  685 op add *tmp15 :createPalette:g 87
+  686 op mod :createPalette:g *tmp15 256
+  687 op add *tmp17 :createPalette:b 59
+  688 op mod :createPalette:b *tmp17 256
+  689 label *label340
+  690 op add :createPalette:i :createPalette:i 1
+  691 op div *tmp9 :createPalette:r 256
+  692 op div *tmp10 :createPalette:g 256
+  693 op div *tmp11 :createPalette:b 256
+  694 packcolor *tmp12 *tmp9 *tmp10 *tmp11 255
+  695 write *tmp12 bank1 :createPalette:i
+  696 op add *tmp13 :createPalette:r 147
+  697 op mod :createPalette:r *tmp13 256
+  698 op add *tmp15 :createPalette:g 87
+  699 op mod :createPalette:g *tmp15 256
+  700 op add *tmp17 :createPalette:b 59
+  701 op mod :createPalette:b *tmp17 256
+  702 label *label341
+  703 op add :createPalette:i :createPalette:i 1
+  704 op div *tmp9 :createPalette:r 256
+  705 op div *tmp10 :createPalette:g 256
+  706 op div *tmp11 :createPalette:b 256
+  707 packcolor *tmp12 *tmp9 *tmp10 *tmp11 255
+  708 write *tmp12 bank1 :createPalette:i
+  709 op add *tmp13 :createPalette:r 147
+  710 op mod :createPalette:r *tmp13 256
+  711 op add *tmp15 :createPalette:g 87
+  712 op mod :createPalette:g *tmp15 256
+  713 op add *tmp17 :createPalette:b 59
+  714 op mod :createPalette:b *tmp17 256
+  715 label *label342
+  716 op add :createPalette:i :createPalette:i 1
+  717 op div *tmp9 :createPalette:r 256
+  718 op div *tmp10 :createPalette:g 256
+  719 op div *tmp11 :createPalette:b 256
+  720 packcolor *tmp12 *tmp9 *tmp10 *tmp11 255
+  721 write *tmp12 bank1 :createPalette:i
+  722 op add *tmp13 :createPalette:r 147
+  723 op mod :createPalette:r *tmp13 256
+  724 op add *tmp15 :createPalette:g 87
+  725 op mod :createPalette:g *tmp15 256
+  726 op add *tmp17 :createPalette:b 59
+  727 op mod :createPalette:b *tmp17 256
+  728 label *label343
+  729 op add :createPalette:i :createPalette:i 1
+  730 op div *tmp9 :createPalette:r 256
+  731 op div *tmp10 :createPalette:g 256
+  732 op div *tmp11 :createPalette:b 256
+  733 packcolor *tmp12 *tmp9 *tmp10 *tmp11 255
+  734 write *tmp12 bank1 :createPalette:i
+  735 op add *tmp13 :createPalette:r 147
+  736 op mod :createPalette:r *tmp13 256
+  737 op add *tmp15 :createPalette:g 87
+  738 op mod :createPalette:g *tmp15 256
+  739 op add *tmp17 :createPalette:b 59
+  740 op mod :createPalette:b *tmp17 256
+  741 label *label344
+  742 op add :createPalette:i :createPalette:i 1
+  743 op div *tmp9 :createPalette:r 256
+  744 op div *tmp10 :createPalette:g 256
+  745 op div *tmp11 :createPalette:b 256
+  746 packcolor *tmp12 *tmp9 *tmp10 *tmp11 255
+  747 write *tmp12 bank1 :createPalette:i
+  748 op add *tmp13 :createPalette:r 147
+  749 op mod :createPalette:r *tmp13 256
+  750 op add *tmp15 :createPalette:g 87
+  751 op mod :createPalette:g *tmp15 256
+  752 op add *tmp17 :createPalette:b 59
+  753 op mod :createPalette:b *tmp17 256
+  754 label *label345
+  755 op add :createPalette:i :createPalette:i 1
+  756 op div *tmp9 :createPalette:r 256
+  757 op div *tmp10 :createPalette:g 256
+  758 op div *tmp11 :createPalette:b 256
+  759 packcolor *tmp12 *tmp9 *tmp10 *tmp11 255
+  760 write *tmp12 bank1 :createPalette:i
+  761 op add *tmp13 :createPalette:r 147
+  762 op mod :createPalette:r *tmp13 256
+  763 op add *tmp15 :createPalette:g 87
+  764 op mod :createPalette:g *tmp15 256
+  765 op add *tmp17 :createPalette:b 59
+  766 op mod :createPalette:b *tmp17 256
+  767 label *label346
+  768 op add :createPalette:i :createPalette:i 1
+  769 op div *tmp9 :createPalette:r 256
+  770 op div *tmp10 :createPalette:g 256
+  771 op div *tmp11 :createPalette:b 256
+  772 packcolor *tmp12 *tmp9 *tmp10 *tmp11 255
+  773 write *tmp12 bank1 :createPalette:i
+  774 op add *tmp13 :createPalette:r 147
+  775 op mod :createPalette:r *tmp13 256
+  776 op add *tmp15 :createPalette:g 87
+  777 op mod :createPalette:g *tmp15 256
+  778 op add *tmp17 :createPalette:b 59
+  779 op mod :createPalette:b *tmp17 256
+  780 label *label347
+  781 op add :createPalette:i :createPalette:i 1
+  782 op div *tmp9 :createPalette:r 256
+  783 op div *tmp10 :createPalette:g 256
+  784 op div *tmp11 :createPalette:b 256
+  785 packcolor *tmp12 *tmp9 *tmp10 *tmp11 255
+  786 write *tmp12 bank1 :createPalette:i
+  787 op add *tmp13 :createPalette:r 147
+  788 op mod :createPalette:r *tmp13 256
+  789 op add *tmp15 :createPalette:g 87
+  790 op mod :createPalette:g *tmp15 256
+  791 op add *tmp17 :createPalette:b 59
+  792 op mod :createPalette:b *tmp17 256
+  793 label *label348
+  794 op add :createPalette:i :createPalette:i 1
+  795 op div *tmp9 :createPalette:r 256
+  796 op div *tmp10 :createPalette:g 256
+  797 op div *tmp11 :createPalette:b 256
+  798 packcolor *tmp12 *tmp9 *tmp10 *tmp11 255
+  799 write *tmp12 bank1 :createPalette:i
+  800 op add *tmp13 :createPalette:r 147
+  801 op mod :createPalette:r *tmp13 256
+  802 op add *tmp15 :createPalette:g 87
+  803 op mod :createPalette:g *tmp15 256
+  804 op add *tmp17 :createPalette:b 59
+  805 op mod :createPalette:b *tmp17 256
+  806 label *label349
+  807 op add :createPalette:i :createPalette:i 1
+  808 op div *tmp9 :createPalette:r 256
+  809 op div *tmp10 :createPalette:g 256
+  810 op div *tmp11 :createPalette:b 256
+  811 packcolor *tmp12 *tmp9 *tmp10 *tmp11 255
+  812 write *tmp12 bank1 :createPalette:i
+  813 op add *tmp13 :createPalette:r 147
+  814 op mod :createPalette:r *tmp13 256
+  815 op add *tmp15 :createPalette:g 87
+  816 op mod :createPalette:g *tmp15 256
+  817 op add *tmp17 :createPalette:b 59
+  818 op mod :createPalette:b *tmp17 256
+  819 label *label350
+  820 op add :createPalette:i :createPalette:i 1
+  821 op div *tmp9 :createPalette:r 256
+  822 op div *tmp10 :createPalette:g 256
+  823 op div *tmp11 :createPalette:b 256
+  824 packcolor *tmp12 *tmp9 *tmp10 *tmp11 255
+  825 write *tmp12 bank1 :createPalette:i
+  826 op add *tmp13 :createPalette:r 147
+  827 op mod :createPalette:r *tmp13 256
+  828 op add *tmp15 :createPalette:g 87
+  829 op mod :createPalette:g *tmp15 256
+  830 op add *tmp17 :createPalette:b 59
+  831 op mod :createPalette:b *tmp17 256
+  832 label *label351
+  833 op add :createPalette:i :createPalette:i 1
+  834 op div *tmp9 :createPalette:r 256
+  835 op div *tmp10 :createPalette:g 256
+  836 op div *tmp11 :createPalette:b 256
+  837 packcolor *tmp12 *tmp9 *tmp10 *tmp11 255
+  838 write *tmp12 bank1 :createPalette:i
+  839 op add *tmp13 :createPalette:r 147
+  840 op mod :createPalette:r *tmp13 256
+  841 op add *tmp15 :createPalette:g 87
+  842 op mod :createPalette:g *tmp15 256
+  843 op add *tmp17 :createPalette:b 59
+  844 op mod :createPalette:b *tmp17 256
+  845 label *label352
+  846 op add :createPalette:i :createPalette:i 1
+  847 op div *tmp9 :createPalette:r 256
+  848 op div *tmp10 :createPalette:g 256
+  849 op div *tmp11 :createPalette:b 256
+  850 packcolor *tmp12 *tmp9 *tmp10 *tmp11 255
+  851 write *tmp12 bank1 :createPalette:i
+  852 op add *tmp13 :createPalette:r 147
+  853 op mod :createPalette:r *tmp13 256
+  854 op add *tmp15 :createPalette:g 87
+  855 op mod :createPalette:g *tmp15 256
+  856 op add *tmp17 :createPalette:b 59
+  857 op mod :createPalette:b *tmp17 256
+  858 label *label353
+  859 op add :createPalette:i :createPalette:i 1
+  860 op div *tmp9 :createPalette:r 256
+  861 op div *tmp10 :createPalette:g 256
+  862 op div *tmp11 :createPalette:b 256
+  863 packcolor *tmp12 *tmp9 *tmp10 *tmp11 255
+  864 write *tmp12 bank1 :createPalette:i
+  865 op add *tmp13 :createPalette:r 147
+  866 op mod :createPalette:r *tmp13 256
+  867 op add *tmp15 :createPalette:g 87
+  868 op mod :createPalette:g *tmp15 256
+  869 op add *tmp17 :createPalette:b 59
+  870 op mod :createPalette:b *tmp17 256
+  871 label *label354
+  872 op add :createPalette:i :createPalette:i 1
+  873 label *label19
   874 write %[black] bank1 63
   875 label *label16
   876 write -0.8 bank1 80

Modifications by Iterated phase, Data Flow Optimization, pass 3, iteration 1:
 
    51 set :createPalette:b 64
    52 set :createPalette:i 0
    53 label *label291
-    * op div *tmp9 :createPalette:r 256
-    * op div *tmp10 :createPalette:g 256
-    * op div *tmp11 :createPalette:b 256
-    * packcolor *tmp12 *tmp9 *tmp10 *tmp11 255
-    * write *tmp12 bank1 :createPalette:i
-    * op add *tmp13 :createPalette:r 147
-    * op mod :createPalette:r *tmp13 256
-    * op add *tmp15 :createPalette:g 87
-    * op mod :createPalette:g *tmp15 256
-    * op add *tmp17 :createPalette:b 59
-    * op mod :createPalette:b *tmp17 256
+   54 op div *tmp9 128 256
+   55 op div *tmp10 192 256
+   56 op div *tmp11 64 256
+   57 packcolor *tmp12 0.5 0.75 0.25 255
+   58 write *tmp12 bank1 0
+   59 op add *tmp13 128 147
+   60 op mod :createPalette:r 275 256
+   61 op add *tmp15 192 87
+   62 op mod :createPalette:g 279 256
+   63 op add *tmp17 64 59
+   64 op mod :createPalette:b 123 256
    65 label *label292
-    * op add :createPalette:i :createPalette:i 1
-    * op div *tmp9 :createPalette:r 256
-    * op div *tmp10 :createPalette:g 256
-    * op div *tmp11 :createPalette:b 256
-    * packcolor *tmp12 *tmp9 *tmp10 *tmp11 255
-    * write *tmp12 bank1 :createPalette:i
-    * op add *tmp13 :createPalette:r 147
-    * op mod :createPalette:r *tmp13 256
-    * op add *tmp15 :createPalette:g 87
-    * op mod :createPalette:g *tmp15 256
-    * op add *tmp17 :createPalette:b 59
-    * op mod :createPalette:b *tmp17 256
+   66 op add :createPalette:i 0 1
+   67 op div *tmp9 19 256
+   68 op div *tmp10 23 256
+   69 op div *tmp11 123 256
+   70 packcolor *tmp12 0.07421875 0.08984375 0.48046875 255
+   71 write *tmp12 bank1 1
+   72 op add *tmp13 19 147
+   73 op mod :createPalette:r 166 256
+   74 op add *tmp15 23 87
+   75 op mod :createPalette:g 110 256
+   76 op add *tmp17 123 59
+   77 op mod :createPalette:b 182 256
    78 label *label293
-    * op add :createPalette:i :createPalette:i 1
-    * op div *tmp9 :createPalette:r 256
-    * op div *tmp10 :createPalette:g 256
-    * op div *tmp11 :createPalette:b 256
-    * packcolor *tmp12 *tmp9 *tmp10 *tmp11 255
-    * write *tmp12 bank1 :createPalette:i
-    * op add *tmp13 :createPalette:r 147
-    * op mod :createPalette:r *tmp13 256
-    * op add *tmp15 :createPalette:g 87
-    * op mod :createPalette:g *tmp15 256
-    * op add *tmp17 :createPalette:b 59
-    * op mod :createPalette:b *tmp17 256
+   79 op add :createPalette:i 1 1
+   80 op div *tmp9 166 256
+   81 op div *tmp10 110 256
+   82 op div *tmp11 182 256
+   83 packcolor *tmp12 0.6484375 0.4296875 0.7109375 255
+   84 write *tmp12 bank1 2
+   85 op add *tmp13 166 147
+   86 op mod :createPalette:r 313 256
+   87 op add *tmp15 110 87
+   88 op mod :createPalette:g 197 256
+   89 op add *tmp17 182 59
+   90 op mod :createPalette:b 241 256
    91 label *label294
-    * op add :createPalette:i :createPalette:i 1
-    * op div *tmp9 :createPalette:r 256
-    * op div *tmp10 :createPalette:g 256
-    * op div *tmp11 :createPalette:b 256
-    * packcolor *tmp12 *tmp9 *tmp10 *tmp11 255
-    * write *tmp12 bank1 :createPalette:i
-    * op add *tmp13 :createPalette:r 147
-    * op mod :createPalette:r *tmp13 256
-    * op add *tmp15 :createPalette:g 87
-    * op mod :createPalette:g *tmp15 256
-    * op add *tmp17 :createPalette:b 59
-    * op mod :createPalette:b *tmp17 256
+   92 op add :createPalette:i 2 1
+   93 op div *tmp9 57 256
+   94 op div *tmp10 197 256
+   95 op div *tmp11 241 256
+   96 packcolor *tmp12 0.22265625 0.76953125 0.94140625 255
+   97 write *tmp12 bank1 3
+   98 op add *tmp13 57 147
+   99 op mod :createPalette:r 204 256
+  100 op add *tmp15 197 87
+  101 op mod :createPalette:g 284 256
+  102 op add *tmp17 241 59
+  103 op mod :createPalette:b 300 256
   104 label *label295
-    * op add :createPalette:i :createPalette:i 1
-    * op div *tmp9 :createPalette:r 256
-    * op div *tmp10 :createPalette:g 256
-    * op div *tmp11 :createPalette:b 256
-    * packcolor *tmp12 *tmp9 *tmp10 *tmp11 255
-    * write *tmp12 bank1 :createPalette:i
-    * op add *tmp13 :createPalette:r 147
-    * op mod :createPalette:r *tmp13 256
-    * op add *tmp15 :createPalette:g 87
-    * op mod :createPalette:g *tmp15 256
-    * op add *tmp17 :createPalette:b 59
-    * op mod :createPalette:b *tmp17 256
+  105 op add :createPalette:i 3 1
+  106 op div *tmp9 204 256
+  107 op div *tmp10 28 256
+  108 op div *tmp11 44 256
+  109 packcolor *tmp12 0.796875 0.109375 0.171875 255
+  110 write *tmp12 bank1 4
+  111 op add *tmp13 204 147
+  112 op mod :createPalette:r 351 256
+  113 op add *tmp15 28 87
+  114 op mod :createPalette:g 115 256
+  115 op add *tmp17 44 59
+  116 op mod :createPalette:b 103 256
   117 label *label296
-    * op add :createPalette:i :createPalette:i 1
-    * op div *tmp9 :createPalette:r 256
-    * op div *tmp10 :createPalette:g 256
-    * op div *tmp11 :createPalette:b 256
-    * packcolor *tmp12 *tmp9 *tmp10 *tmp11 255
-    * write *tmp12 bank1 :createPalette:i
-    * op add *tmp13 :createPalette:r 147
-    * op mod :createPalette:r *tmp13 256
-    * op add *tmp15 :createPalette:g 87
-    * op mod :createPalette:g *tmp15 256
-    * op add *tmp17 :createPalette:b 59
-    * op mod :createPalette:b *tmp17 256
+  118 op add :createPalette:i 4 1
+  119 op div *tmp9 95 256
+  120 op div *tmp10 115 256
+  121 op div *tmp11 103 256
+  122 packcolor *tmp12 0.37109375 0.44921875 0.40234375 255
+  123 write *tmp12 bank1 5
+  124 op add *tmp13 95 147
+  125 op mod :createPalette:r 242 256
+  126 op add *tmp15 115 87
+  127 op mod :createPalette:g 202 256
+  128 op add *tmp17 103 59
+  129 op mod :createPalette:b 162 256
   130 label *label297
-    * op add :createPalette:i :createPalette:i 1
-    * op div *tmp9 :createPalette:r 256
-    * op div *tmp10 :createPalette:g 256
-    * op div *tmp11 :createPalette:b 256
-    * packcolor *tmp12 *tmp9 *tmp10 *tmp11 255
-    * write *tmp12 bank1 :createPalette:i
-    * op add *tmp13 :createPalette:r 147
-    * op mod :createPalette:r *tmp13 256
-    * op add *tmp15 :createPalette:g 87
-    * op mod :createPalette:g *tmp15 256
-    * op add *tmp17 :createPalette:b 59
-    * op mod :createPalette:b *tmp17 256
+  131 op add :createPalette:i 5 1
+  132 op div *tmp9 242 256
+  133 op div *tmp10 202 256
+  134 op div *tmp11 162 256
+  135 packcolor *tmp12 0.9453125 0.7890625 0.6328125 255
+  136 write *tmp12 bank1 6
+  137 op add *tmp13 242 147
+  138 op mod :createPalette:r 389 256
+  139 op add *tmp15 202 87
+  140 op mod :createPalette:g 289 256
+  141 op add *tmp17 162 59
+  142 op mod :createPalette:b 221 256
   143 label *label298
-    * op add :createPalette:i :createPalette:i 1
-    * op div *tmp9 :createPalette:r 256
-    * op div *tmp10 :createPalette:g 256
-    * op div *tmp11 :createPalette:b 256
-    * packcolor *tmp12 *tmp9 *tmp10 *tmp11 255
-    * write *tmp12 bank1 :createPalette:i
-    * op add *tmp13 :createPalette:r 147
-    * op mod :createPalette:r *tmp13 256
-    * op add *tmp15 :createPalette:g 87
-    * op mod :createPalette:g *tmp15 256
-    * op add *tmp17 :createPalette:b 59
-    * op mod :createPalette:b *tmp17 256
+  144 op add :createPalette:i 6 1
+  145 op div *tmp9 133 256
+  146 op div *tmp10 33 256
+  147 op div *tmp11 221 256
+  148 packcolor *tmp12 0.51953125 0.12890625 0.86328125 255
+  149 write *tmp12 bank1 7
+  150 op add *tmp13 133 147
+  151 op mod :createPalette:r 280 256
+  152 op add *tmp15 33 87
+  153 op mod :createPalette:g 120 256
+  154 op add *tmp17 221 59
+  155 op mod :createPalette:b 280 256
   156 label *label299
-    * op add :createPalette:i :createPalette:i 1
-    * op div *tmp9 :createPalette:r 256
-    * op div *tmp10 :createPalette:g 256
-    * op div *tmp11 :createPalette:b 256
-    * packcolor *tmp12 *tmp9 *tmp10 *tmp11 255
-    * write *tmp12 bank1 :createPalette:i
-    * op add *tmp13 :createPalette:r 147
-    * op mod :createPalette:r *tmp13 256
-    * op add *tmp15 :createPalette:g 87
-    * op mod :createPalette:g *tmp15 256
-    * op add *tmp17 :createPalette:b 59
-    * op mod :createPalette:b *tmp17 256
+  157 op add :createPalette:i 7 1
+  158 op div *tmp9 24 256
+  159 op div *tmp10 120 256
+  160 op div *tmp11 24 256
+  161 packcolor *tmp12 0.09375 0.46875 0.09375 255
+  162 write *tmp12 bank1 8
+  163 op add *tmp13 24 147
+  164 op mod :createPalette:r 171 256
+  165 op add *tmp15 120 87
+  166 op mod :createPalette:g 207 256
+  167 op add *tmp17 24 59
+  168 op mod :createPalette:b 83 256
   169 label *label300
-    * op add :createPalette:i :createPalette:i 1
-    * op div *tmp9 :createPalette:r 256
-    * op div *tmp10 :createPalette:g 256
-    * op div *tmp11 :createPalette:b 256
-    * packcolor *tmp12 *tmp9 *tmp10 *tmp11 255
-    * write *tmp12 bank1 :createPalette:i
-    * op add *tmp13 :createPalette:r 147
-    * op mod :createPalette:r *tmp13 256
-    * op add *tmp15 :createPalette:g 87
-    * op mod :createPalette:g *tmp15 256
-    * op add *tmp17 :createPalette:b 59
-    * op mod :createPalette:b *tmp17 256
+  170 op add :createPalette:i 8 1
+  171 op div *tmp9 171 256
+  172 op div *tmp10 207 256
+  173 op div *tmp11 83 256
+  174 packcolor *tmp12 0.66796875 0.80859375 0.32421875 255
+  175 write *tmp12 bank1 9
+  176 op add *tmp13 171 147
+  177 op mod :createPalette:r 318 256
+  178 op add *tmp15 207 87
+  179 op mod :createPalette:g 294 256
+  180 op add *tmp17 83 59
+  181 op mod :createPalette:b 142 256
   182 label *label301
-    * op add :createPalette:i :createPalette:i 1
-    * op div *tmp9 :createPalette:r 256
-    * op div *tmp10 :createPalette:g 256
-    * op div *tmp11 :createPalette:b 256
-    * packcolor *tmp12 *tmp9 *tmp10 *tmp11 255
-    * write *tmp12 bank1 :createPalette:i
-    * op add *tmp13 :createPalette:r 147
-    * op mod :createPalette:r *tmp13 256
-    * op add *tmp15 :createPalette:g 87
-    * op mod :createPalette:g *tmp15 256
-    * op add *tmp17 :createPalette:b 59
-    * op mod :createPalette:b *tmp17 256
+  183 op add :createPalette:i 9 1
+  184 op div *tmp9 62 256
+  185 op div *tmp10 38 256
+  186 op div *tmp11 142 256
+  187 packcolor *tmp12 0.2421875 0.1484375 0.5546875 255
+  188 write *tmp12 bank1 10
+  189 op add *tmp13 62 147
+  190 op mod :createPalette:r 209 256
+  191 op add *tmp15 38 87
+  192 op mod :createPalette:g 125 256
+  193 op add *tmp17 142 59
+  194 op mod :createPalette:b 201 256
   195 label *label302
-    * op add :createPalette:i :createPalette:i 1
-    * op div *tmp9 :createPalette:r 256
-    * op div *tmp10 :createPalette:g 256
-    * op div *tmp11 :createPalette:b 256
-    * packcolor *tmp12 *tmp9 *tmp10 *tmp11 255
-    * write *tmp12 bank1 :createPalette:i
-    * op add *tmp13 :createPalette:r 147
-    * op mod :createPalette:r *tmp13 256
-    * op add *tmp15 :createPalette:g 87
-    * op mod :createPalette:g *tmp15 256
-    * op add *tmp17 :createPalette:b 59
-    * op mod :createPalette:b *tmp17 256
+  196 op add :createPalette:i 10 1
+  197 op div *tmp9 209 256
+  198 op div *tmp10 125 256
+  199 op div *tmp11 201 256
+  200 packcolor *tmp12 0.81640625 0.48828125 0.78515625 255
+  201 write *tmp12 bank1 11
+  202 op add *tmp13 209 147
+  203 op mod :createPalette:r 356 256
+  204 op add *tmp15 125 87
+  205 op mod :createPalette:g 212 256
+  206 op add *tmp17 201 59
+  207 op mod :createPalette:b 260 256
   208 label *label303
-    * op add :createPalette:i :createPalette:i 1
-    * op div *tmp9 :createPalette:r 256
-    * op div *tmp10 :createPalette:g 256
-    * op div *tmp11 :createPalette:b 256
-    * packcolor *tmp12 *tmp9 *tmp10 *tmp11 255
-    * write *tmp12 bank1 :createPalette:i
-    * op add *tmp13 :createPalette:r 147
-    * op mod :createPalette:r *tmp13 256
-    * op add *tmp15 :createPalette:g 87
-    * op mod :createPalette:g *tmp15 256
-    * op add *tmp17 :createPalette:b 59
-    * op mod :createPalette:b *tmp17 256
+  209 op add :createPalette:i 11 1
+  210 op div *tmp9 100 256
+  211 op div *tmp10 212 256
+  212 op div *tmp11 4 256
+  213 packcolor *tmp12 0.390625 0.828125 0.015625 255
+  214 write *tmp12 bank1 12
+  215 op add *tmp13 100 147
+  216 op mod :createPalette:r 247 256
+  217 op add *tmp15 212 87
+  218 op mod :createPalette:g 299 256
+  219 op add *tmp17 4 59
+  220 op mod :createPalette:b 63 256
   221 label *label304
-    * op add :createPalette:i :createPalette:i 1
-    * op div *tmp9 :createPalette:r 256
-    * op div *tmp10 :createPalette:g 256
-    * op div *tmp11 :createPalette:b 256
-    * packcolor *tmp12 *tmp9 *tmp10 *tmp11 255
-    * write *tmp12 bank1 :createPalette:i
-    * op add *tmp13 :createPalette:r 147
-    * op mod :createPalette:r *tmp13 256
-    * op add *tmp15 :createPalette:g 87
-    * op mod :createPalette:g *tmp15 256
-    * op add *tmp17 :createPalette:b 59
-    * op mod :createPalette:b *tmp17 256
+  222 op add :createPalette:i 12 1
+  223 op div *tmp9 247 256
+  224 op div *tmp10 43 256
+  225 op div *tmp11 63 256
+  226 packcolor *tmp12 0.96484375 0.16796875 0.24609375 255
+  227 write *tmp12 bank1 13
+  228 op add *tmp13 247 147
+  229 op mod :createPalette:r 394 256
+  230 op add *tmp15 43 87
+  231 op mod :createPalette:g 130 256
+  232 op add *tmp17 63 59
+  233 op mod :createPalette:b 122 256
   234 label *label305
-    * op add :createPalette:i :createPalette:i 1
-    * op div *tmp9 :createPalette:r 256
-    * op div *tmp10 :createPalette:g 256
-    * op div *tmp11 :createPalette:b 256
-    * packcolor *tmp12 *tmp9 *tmp10 *tmp11 255
-    * write *tmp12 bank1 :createPalette:i
-    * op add *tmp13 :createPalette:r 147
-    * op mod :createPalette:r *tmp13 256
-    * op add *tmp15 :createPalette:g 87
-    * op mod :createPalette:g *tmp15 256
-    * op add *tmp17 :createPalette:b 59
-    * op mod :createPalette:b *tmp17 256
+  235 op add :createPalette:i 13 1
+  236 op div *tmp9 138 256
+  237 op div *tmp10 130 256
+  238 op div *tmp11 122 256
+  239 packcolor *tmp12 0.5390625 0.5078125 0.4765625 255
+  240 write *tmp12 bank1 14
+  241 op add *tmp13 138 147
+  242 op mod :createPalette:r 285 256
+  243 op add *tmp15 130 87
+  244 op mod :createPalette:g 217 256
+  245 op add *tmp17 122 59
+  246 op mod :createPalette:b 181 256
   247 label *label306
-    * op add :createPalette:i :createPalette:i 1
-    * op div *tmp9 :createPalette:r 256
-    * op div *tmp10 :createPalette:g 256
-    * op div *tmp11 :createPalette:b 256
-    * packcolor *tmp12 *tmp9 *tmp10 *tmp11 255
-    * write *tmp12 bank1 :createPalette:i
-    * op add *tmp13 :createPalette:r 147
-    * op mod :createPalette:r *tmp13 256
-    * op add *tmp15 :createPalette:g 87
-    * op mod :createPalette:g *tmp15 256
-    * op add *tmp17 :createPalette:b 59
-    * op mod :createPalette:b *tmp17 256
+  248 op add :createPalette:i 14 1
+  249 op div *tmp9 29 256
+  250 op div *tmp10 217 256
+  251 op div *tmp11 181 256
+  252 packcolor *tmp12 0.11328125 0.84765625 0.70703125 255
+  253 write *tmp12 bank1 15
+  254 op add *tmp13 29 147
+  255 op mod :createPalette:r 176 256
+  256 op add *tmp15 217 87
+  257 op mod :createPalette:g 304 256
+  258 op add *tmp17 181 59
+  259 op mod :createPalette:b 240 256
   260 label *label307
-    * op add :createPalette:i :createPalette:i 1
-    * op div *tmp9 :createPalette:r 256
-    * op div *tmp10 :createPalette:g 256
-    * op div *tmp11 :createPalette:b 256
-    * packcolor *tmp12 *tmp9 *tmp10 *tmp11 255
-    * write *tmp12 bank1 :createPalette:i
-    * op add *tmp13 :createPalette:r 147
-    * op mod :createPalette:r *tmp13 256
-    * op add *tmp15 :createPalette:g 87
-    * op mod :createPalette:g *tmp15 256
-    * op add *tmp17 :createPalette:b 59
-    * op mod :createPalette:b *tmp17 256
+  261 op add :createPalette:i 15 1
+  262 op div *tmp9 176 256
+  263 op div *tmp10 48 256
+  264 op div *tmp11 240 256
+  265 packcolor *tmp12 0.6875 0.1875 0.9375 255
+  266 write *tmp12 bank1 16
+  267 op add *tmp13 176 147
+  268 op mod :createPalette:r 323 256
+  269 op add *tmp15 48 87
+  270 op mod :createPalette:g 135 256
+  271 op add *tmp17 240 59
+  272 op mod :createPalette:b 299 256
   273 label *label308
-    * op add :createPalette:i :createPalette:i 1
-    * op div *tmp9 :createPalette:r 256
-    * op div *tmp10 :createPalette:g 256
-    * op div *tmp11 :createPalette:b 256
-    * packcolor *tmp12 *tmp9 *tmp10 *tmp11 255
-    * write *tmp12 bank1 :createPalette:i
-    * op add *tmp13 :createPalette:r 147
-    * op mod :createPalette:r *tmp13 256
-    * op add *tmp15 :createPalette:g 87
-    * op mod :createPalette:g *tmp15 256
-    * op add *tmp17 :createPalette:b 59
-    * op mod :createPalette:b *tmp17 256
+  274 op add :createPalette:i 16 1
+  275 op div *tmp9 67 256
+  276 op div *tmp10 135 256
+  277 op div *tmp11 43 256
+  278 packcolor *tmp12 0.26171875 0.52734375 0.16796875 255
+  279 write *tmp12 bank1 17
+  280 op add *tmp13 67 147
+  281 op mod :createPalette:r 214 256
+  282 op add *tmp15 135 87
+  283 op mod :createPalette:g 222 256
+  284 op add *tmp17 43 59
+  285 op mod :createPalette:b 102 256
   286 label *label309
-    * op add :createPalette:i :createPalette:i 1
-    * op div *tmp9 :createPalette:r 256
-    * op div *tmp10 :createPalette:g 256
-    * op div *tmp11 :createPalette:b 256
-    * packcolor *tmp12 *tmp9 *tmp10 *tmp11 255
-    * write *tmp12 bank1 :createPalette:i
-    * op add *tmp13 :createPalette:r 147
-    * op mod :createPalette:r *tmp13 256
-    * op add *tmp15 :createPalette:g 87
-    * op mod :createPalette:g *tmp15 256
-    * op add *tmp17 :createPalette:b 59
-    * op mod :createPalette:b *tmp17 256
+  287 op add :createPalette:i 17 1
+  288 op div *tmp9 214 256
+  289 op div *tmp10 222 256
+  290 op div *tmp11 102 256
+  291 packcolor *tmp12 0.8359375 0.8671875 0.3984375 255
+  292 write *tmp12 bank1 18
+  293 op add *tmp13 214 147
+  294 op mod :createPalette:r 361 256
+  295 op add *tmp15 222 87
+  296 op mod :createPalette:g 309 256
+  297 op add *tmp17 102 59
+  298 op mod :createPalette:b 161 256
   299 label *label310
-    * op add :createPalette:i :createPalette:i 1
-    * op div *tmp9 :createPalette:r 256
-    * op div *tmp10 :createPalette:g 256
-    * op div *tmp11 :createPalette:b 256
-    * packcolor *tmp12 *tmp9 *tmp10 *tmp11 255
-    * write *tmp12 bank1 :createPalette:i
-    * op add *tmp13 :createPalette:r 147
-    * op mod :createPalette:r *tmp13 256
-    * op add *tmp15 :createPalette:g 87
-    * op mod :createPalette:g *tmp15 256
-    * op add *tmp17 :createPalette:b 59
-    * op mod :createPalette:b *tmp17 256
+  300 op add :createPalette:i 18 1
+  301 op div *tmp9 105 256
+  302 op div *tmp10 53 256
+  303 op div *tmp11 161 256
+  304 packcolor *tmp12 0.41015625 0.20703125 0.62890625 255
+  305 write *tmp12 bank1 19
+  306 op add *tmp13 105 147
+  307 op mod :createPalette:r 252 256
+  308 op add *tmp15 53 87
+  309 op mod :createPalette:g 140 256
+  310 op add *tmp17 161 59
+  311 op mod :createPalette:b 220 256
   312 label *label311
-    * op add :createPalette:i :createPalette:i 1
-    * op div *tmp9 :createPalette:r 256
-    * op div *tmp10 :createPalette:g 256
-    * op div *tmp11 :createPalette:b 256
-    * packcolor *tmp12 *tmp9 *tmp10 *tmp11 255
-    * write *tmp12 bank1 :createPalette:i
-    * op add *tmp13 :createPalette:r 147
-    * op mod :createPalette:r *tmp13 256
-    * op add *tmp15 :createPalette:g 87
-    * op mod :createPalette:g *tmp15 256
-    * op add *tmp17 :createPalette:b 59
-    * op mod :createPalette:b *tmp17 256
+  313 op add :createPalette:i 19 1
+  314 op div *tmp9 252 256
+  315 op div *tmp10 140 256
+  316 op div *tmp11 220 256
+  317 packcolor *tmp12 0.984375 0.546875 0.859375 255
+  318 write *tmp12 bank1 20
+  319 op add *tmp13 252 147
+  320 op mod :createPalette:r 399 256
+  321 op add *tmp15 140 87
+  322 op mod :createPalette:g 227 256
+  323 op add *tmp17 220 59
+  324 op mod :createPalette:b 279 256
   325 label *label312
-    * op add :createPalette:i :createPalette:i 1
-    * op div *tmp9 :createPalette:r 256
-    * op div *tmp10 :createPalette:g 256
-    * op div *tmp11 :createPalette:b 256
-    * packcolor *tmp12 *tmp9 *tmp10 *tmp11 255
-    * write *tmp12 bank1 :createPalette:i
-    * op add *tmp13 :createPalette:r 147
-    * op mod :createPalette:r *tmp13 256
-    * op add *tmp15 :createPalette:g 87
-    * op mod :createPalette:g *tmp15 256
-    * op add *tmp17 :createPalette:b 59
-    * op mod :createPalette:b *tmp17 256
+  326 op add :createPalette:i 20 1
+  327 op div *tmp9 143 256
+  328 op div *tmp10 227 256
+  329 op div *tmp11 23 256
+  330 packcolor *tmp12 0.55859375 0.88671875 0.08984375 255
+  331 write *tmp12 bank1 21
+  332 op add *tmp13 143 147
+  333 op mod :createPalette:r 290 256
+  334 op add *tmp15 227 87
+  335 op mod :createPalette:g 314 256
+  336 op add *tmp17 23 59
+  337 op mod :createPalette:b 82 256
   338 label *label313
-    * op add :createPalette:i :createPalette:i 1
-    * op div *tmp9 :createPalette:r 256
-    * op div *tmp10 :createPalette:g 256
-    * op div *tmp11 :createPalette:b 256
-    * packcolor *tmp12 *tmp9 *tmp10 *tmp11 255
-    * write *tmp12 bank1 :createPalette:i
-    * op add *tmp13 :createPalette:r 147
-    * op mod :createPalette:r *tmp13 256
-    * op add *tmp15 :createPalette:g 87
-    * op mod :createPalette:g *tmp15 256
-    * op add *tmp17 :createPalette:b 59
-    * op mod :createPalette:b *tmp17 256
+  339 op add :createPalette:i 21 1
+  340 op div *tmp9 34 256
+  341 op div *tmp10 58 256
+  342 op div *tmp11 82 256
+  343 packcolor *tmp12 0.1328125 0.2265625 0.3203125 255
+  344 write *tmp12 bank1 22
+  345 op add *tmp13 34 147
+  346 op mod :createPalette:r 181 256
+  347 op add *tmp15 58 87
+  348 op mod :createPalette:g 145 256
+  349 op add *tmp17 82 59
+  350 op mod :createPalette:b 141 256
   351 label *label314
-    * op add :createPalette:i :createPalette:i 1
-    * op div *tmp9 :createPalette:r 256
-    * op div *tmp10 :createPalette:g 256
-    * op div *tmp11 :createPalette:b 256
-    * packcolor *tmp12 *tmp9 *tmp10 *tmp11 255
-    * write *tmp12 bank1 :createPalette:i
-    * op add *tmp13 :createPalette:r 147
-    * op mod :createPalette:r *tmp13 256
-    * op add *tmp15 :createPalette:g 87
-    * op mod :createPalette:g *tmp15 256
-    * op add *tmp17 :createPalette:b 59
-    * op mod :createPalette:b *tmp17 256
+  352 op add :createPalette:i 22 1
+  353 op div *tmp9 181 256
+  354 op div *tmp10 145 256
+  355 op div *tmp11 141 256
+  356 packcolor *tmp12 0.70703125 0.56640625 0.55078125 255
+  357 write *tmp12 bank1 23
+  358 op add *tmp13 181 147
+  359 op mod :createPalette:r 328 256
+  360 op add *tmp15 145 87
+  361 op mod :createPalette:g 232 256
+  362 op add *tmp17 141 59
+  363 op mod :createPalette:b 200 256
   364 label *label315
-    * op add :createPalette:i :createPalette:i 1
-    * op div *tmp9 :createPalette:r 256
-    * op div *tmp10 :createPalette:g 256
-    * op div *tmp11 :createPalette:b 256
-    * packcolor *tmp12 *tmp9 *tmp10 *tmp11 255
-    * write *tmp12 bank1 :createPalette:i
-    * op add *tmp13 :createPalette:r 147
-    * op mod :createPalette:r *tmp13 256
-    * op add *tmp15 :createPalette:g 87
-    * op mod :createPalette:g *tmp15 256
-    * op add *tmp17 :createPalette:b 59
-    * op mod :createPalette:b *tmp17 256
+  365 op add :createPalette:i 23 1
+  366 op div *tmp9 72 256
+  367 op div *tmp10 232 256
+  368 op div *tmp11 200 256
+  369 packcolor *tmp12 0.28125 0.90625 0.78125 255
+  370 write *tmp12 bank1 24
+  371 op add *tmp13 72 147
+  372 op mod :createPalette:r 219 256
+  373 op add *tmp15 232 87
+  374 op mod :createPalette:g 319 256
+  375 op add *tmp17 200 59
+  376 op mod :createPalette:b 259 256
   377 label *label316
-    * op add :createPalette:i :createPalette:i 1
-    * op div *tmp9 :createPalette:r 256
-    * op div *tmp10 :createPalette:g 256
-    * op div *tmp11 :createPalette:b 256
-    * packcolor *tmp12 *tmp9 *tmp10 *tmp11 255
-    * write *tmp12 bank1 :createPalette:i
-    * op add *tmp13 :createPalette:r 147
-    * op mod :createPalette:r *tmp13 256
-    * op add *tmp15 :createPalette:g 87
-    * op mod :createPalette:g *tmp15 256
-    * op add *tmp17 :createPalette:b 59
-    * op mod :createPalette:b *tmp17 256
+  378 op add :createPalette:i 24 1
+  379 op div *tmp9 219 256
+  380 op div *tmp10 63 256
+  381 op div *tmp11 3 256
+  382 packcolor *tmp12 0.85546875 0.24609375 0.01171875 255
+  383 write *tmp12 bank1 25
+  384 op add *tmp13 219 147
+  385 op mod :createPalette:r 366 256
+  386 op add *tmp15 63 87
+  387 op mod :createPalette:g 150 256
+  388 op add *tmp17 3 59
+  389 op mod :createPalette:b 62 256
   390 label *label317
-    * op add :createPalette:i :createPalette:i 1
-    * op div *tmp9 :createPalette:r 256
-    * op div *tmp10 :createPalette:g 256
-    * op div *tmp11 :createPalette:b 256
-    * packcolor *tmp12 *tmp9 *tmp10 *tmp11 255
-    * write *tmp12 bank1 :createPalette:i
-    * op add *tmp13 :createPalette:r 147
-    * op mod :createPalette:r *tmp13 256
-    * op add *tmp15 :createPalette:g 87
-    * op mod :createPalette:g *tmp15 256
-    * op add *tmp17 :createPalette:b 59
-    * op mod :createPalette:b *tmp17 256
+  391 op add :createPalette:i 25 1
+  392 op div *tmp9 110 256
+  393 op div *tmp10 150 256
+  394 op div *tmp11 62 256
+  395 packcolor *tmp12 0.4296875 0.5859375 0.2421875 255
+  396 write *tmp12 bank1 26
+  397 op add *tmp13 110 147
+  398 op mod :createPalette:r 257 256
+  399 op add *tmp15 150 87
+  400 op mod :createPalette:g 237 256
+  401 op add *tmp17 62 59
+  402 op mod :createPalette:b 121 256
   403 label *label318
-    * op add :createPalette:i :createPalette:i 1
-    * op div *tmp9 :createPalette:r 256
-    * op div *tmp10 :createPalette:g 256
-    * op div *tmp11 :createPalette:b 256
-    * packcolor *tmp12 *tmp9 *tmp10 *tmp11 255
-    * write *tmp12 bank1 :createPalette:i
-    * op add *tmp13 :createPalette:r 147
-    * op mod :createPalette:r *tmp13 256
-    * op add *tmp15 :createPalette:g 87
-    * op mod :createPalette:g *tmp15 256
-    * op add *tmp17 :createPalette:b 59
-    * op mod :createPalette:b *tmp17 256
+  404 op add :createPalette:i 26 1
+  405 op div *tmp9 1 256
+  406 op div *tmp10 237 256
+  407 op div *tmp11 121 256
+  408 packcolor *tmp12 0.00390625 0.92578125 0.47265625 255
+  409 write *tmp12 bank1 27
+  410 op add *tmp13 1 147
+  411 op mod :createPalette:r 148 256
+  412 op add *tmp15 237 87
+  413 op mod :createPalette:g 324 256
+  414 op add *tmp17 121 59
+  415 op mod :createPalette:b 180 256
   416 label *label319
-    * op add :createPalette:i :createPalette:i 1
-    * op div *tmp9 :createPalette:r 256
-    * op div *tmp10 :createPalette:g 256
-    * op div *tmp11 :createPalette:b 256
-    * packcolor *tmp12 *tmp9 *tmp10 *tmp11 255
-    * write *tmp12 bank1 :createPalette:i
-    * op add *tmp13 :createPalette:r 147
-    * op mod :createPalette:r *tmp13 256
-    * op add *tmp15 :createPalette:g 87
-    * op mod :createPalette:g *tmp15 256
-    * op add *tmp17 :createPalette:b 59
-    * op mod :createPalette:b *tmp17 256
+  417 op add :createPalette:i 27 1
+  418 op div *tmp9 148 256
+  419 op div *tmp10 68 256
+  420 op div *tmp11 180 256
+  421 packcolor *tmp12 0.578125 0.265625 0.703125 255
+  422 write *tmp12 bank1 28
+  423 op add *tmp13 148 147
+  424 op mod :createPalette:r 295 256
+  425 op add *tmp15 68 87
+  426 op mod :createPalette:g 155 256
+  427 op add *tmp17 180 59
+  428 op mod :createPalette:b 239 256
   429 label *label320
-    * op add :createPalette:i :createPalette:i 1
-    * op div *tmp9 :createPalette:r 256
-    * op div *tmp10 :createPalette:g 256
-    * op div *tmp11 :createPalette:b 256
-    * packcolor *tmp12 *tmp9 *tmp10 *tmp11 255
-    * write *tmp12 bank1 :createPalette:i
-    * op add *tmp13 :createPalette:r 147
-    * op mod :createPalette:r *tmp13 256
-    * op add *tmp15 :createPalette:g 87
-    * op mod :createPalette:g *tmp15 256
-    * op add *tmp17 :createPalette:b 59
-    * op mod :createPalette:b *tmp17 256
+  430 op add :createPalette:i 28 1
+  431 op div *tmp9 39 256
+  432 op div *tmp10 155 256
+  433 op div *tmp11 239 256
+  434 packcolor *tmp12 0.15234375 0.60546875 0.93359375 255
+  435 write *tmp12 bank1 29
+  436 op add *tmp13 39 147
+  437 op mod :createPalette:r 186 256
+  438 op add *tmp15 155 87
+  439 op mod :createPalette:g 242 256
+  440 op add *tmp17 239 59
+  441 op mod :createPalette:b 298 256
   442 label *label321
-    * op add :createPalette:i :createPalette:i 1
-    * op div *tmp9 :createPalette:r 256
-    * op div *tmp10 :createPalette:g 256
-    * op div *tmp11 :createPalette:b 256
-    * packcolor *tmp12 *tmp9 *tmp10 *tmp11 255
-    * write *tmp12 bank1 :createPalette:i
-    * op add *tmp13 :createPalette:r 147
-    * op mod :createPalette:r *tmp13 256
-    * op add *tmp15 :createPalette:g 87
-    * op mod :createPalette:g *tmp15 256
-    * op add *tmp17 :createPalette:b 59
-    * op mod :createPalette:b *tmp17 256
+  443 op add :createPalette:i 29 1
+  444 op div *tmp9 186 256
+  445 op div *tmp10 242 256
+  446 op div *tmp11 42 256
+  447 packcolor *tmp12 0.7265625 0.9453125 0.1640625 255
+  448 write *tmp12 bank1 30
+  449 op add *tmp13 186 147
+  450 op mod :createPalette:r 333 256
+  451 op add *tmp15 242 87
+  452 op mod :createPalette:g 329 256
+  453 op add *tmp17 42 59
+  454 op mod :createPalette:b 101 256
   455 label *label322
-    * op add :createPalette:i :createPalette:i 1
-    * op div *tmp9 :createPalette:r 256
-    * op div *tmp10 :createPalette:g 256
-    * op div *tmp11 :createPalette:b 256
-    * packcolor *tmp12 *tmp9 *tmp10 *tmp11 255
-    * write *tmp12 bank1 :createPalette:i
-    * op add *tmp13 :createPalette:r 147
-    * op mod :createPalette:r *tmp13 256
-    * op add *tmp15 :createPalette:g 87
-    * op mod :createPalette:g *tmp15 256
-    * op add *tmp17 :createPalette:b 59
-    * op mod :createPalette:b *tmp17 256
+  456 op add :createPalette:i 30 1
+  457 op div *tmp9 77 256
+  458 op div *tmp10 73 256
+  459 op div *tmp11 101 256
+  460 packcolor *tmp12 0.30078125 0.28515625 0.39453125 255
+  461 write *tmp12 bank1 31
+  462 op add *tmp13 77 147
+  463 op mod :createPalette:r 224 256
+  464 op add *tmp15 73 87
+  465 op mod :createPalette:g 160 256
+  466 op add *tmp17 101 59
+  467 op mod :createPalette:b 160 256
   468 label *label323
-    * op add :createPalette:i :createPalette:i 1
-    * op div *tmp9 :createPalette:r 256
-    * op div *tmp10 :createPalette:g 256
-    * op div *tmp11 :createPalette:b 256
-    * packcolor *tmp12 *tmp9 *tmp10 *tmp11 255
-    * write *tmp12 bank1 :createPalette:i
-    * op add *tmp13 :createPalette:r 147
-    * op mod :createPalette:r *tmp13 256
-    * op add *tmp15 :createPalette:g 87
-    * op mod :createPalette:g *tmp15 256
-    * op add *tmp17 :createPalette:b 59
-    * op mod :createPalette:b *tmp17 256
+  469 op add :createPalette:i 31 1
+  470 op div *tmp9 224 256
+  471 op div *tmp10 160 256
+  472 op div *tmp11 160 256
+  473 packcolor *tmp12 0.875 0.625 0.625 255
+  474 write *tmp12 bank1 32
+  475 op add *tmp13 224 147
+  476 op mod :createPalette:r 371 256
+  477 op add *tmp15 160 87
+  478 op mod :createPalette:g 247 256
+  479 op add *tmp17 160 59
+  480 op mod :createPalette:b 219 256
   481 label *label324
-    * op add :createPalette:i :createPalette:i 1
-    * op div *tmp9 :createPalette:r 256
-    * op div *tmp10 :createPalette:g 256
-    * op div *tmp11 :createPalette:b 256
-    * packcolor *tmp12 *tmp9 *tmp10 *tmp11 255
-    * write *tmp12 bank1 :createPalette:i
-    * op add *tmp13 :createPalette:r 147
-    * op mod :createPalette:r *tmp13 256
-    * op add *tmp15 :createPalette:g 87
-    * op mod :createPalette:g *tmp15 256
-    * op add *tmp17 :createPalette:b 59
-    * op mod :createPalette:b *tmp17 256
+  482 op add :createPalette:i 32 1
+  483 op div *tmp9 115 256
+  484 op div *tmp10 247 256
+  485 op div *tmp11 219 256
+  486 packcolor *tmp12 0.44921875 0.96484375 0.85546875 255
+  487 write *tmp12 bank1 33
+  488 op add *tmp13 115 147
+  489 op mod :createPalette:r 262 256
+  490 op add *tmp15 247 87
+  491 op mod :createPalette:g 334 256
+  492 op add *tmp17 219 59
+  493 op mod :createPalette:b 278 256
   494 label *label325
-    * op add :createPalette:i :createPalette:i 1
-    * op div *tmp9 :createPalette:r 256
-    * op div *tmp10 :createPalette:g 256
-    * op div *tmp11 :createPalette:b 256
-    * packcolor *tmp12 *tmp9 *tmp10 *tmp11 255
-    * write *tmp12 bank1 :createPalette:i
-    * op add *tmp13 :createPalette:r 147
-    * op mod :createPalette:r *tmp13 256
-    * op add *tmp15 :createPalette:g 87
-    * op mod :createPalette:g *tmp15 256
-    * op add *tmp17 :createPalette:b 59
-    * op mod :createPalette:b *tmp17 256
+  495 op add :createPalette:i 33 1
+  496 op div *tmp9 6 256
+  497 op div *tmp10 78 256
+  498 op div *tmp11 22 256
+  499 packcolor *tmp12 0.0234375 0.3046875 0.0859375 255
+  500 write *tmp12 bank1 34
+  501 op add *tmp13 6 147
+  502 op mod :createPalette:r 153 256
+  503 op add *tmp15 78 87
+  504 op mod :createPalette:g 165 256
+  505 op add *tmp17 22 59
+  506 op mod :createPalette:b 81 256
   507 label *label326
-    * op add :createPalette:i :createPalette:i 1
-    * op div *tmp9 :createPalette:r 256
-    * op div *tmp10 :createPalette:g 256
-    * op div *tmp11 :createPalette:b 256
-    * packcolor *tmp12 *tmp9 *tmp10 *tmp11 255
-    * write *tmp12 bank1 :createPalette:i
-    * op add *tmp13 :createPalette:r 147
-    * op mod :createPalette:r *tmp13 256
-    * op add *tmp15 :createPalette:g 87
-    * op mod :createPalette:g *tmp15 256
-    * op add *tmp17 :createPalette:b 59
-    * op mod :createPalette:b *tmp17 256
+  508 op add :createPalette:i 34 1
+  509 op div *tmp9 153 256
+  510 op div *tmp10 165 256
+  511 op div *tmp11 81 256
+  512 packcolor *tmp12 0.59765625 0.64453125 0.31640625 255
+  513 write *tmp12 bank1 35
+  514 op add *tmp13 153 147
+  515 op mod :createPalette:r 300 256
+  516 op add *tmp15 165 87
+  517 op mod :createPalette:g 252 256
+  518 op add *tmp17 81 59
+  519 op mod :createPalette:b 140 256
   520 label *label327
-    * op add :createPalette:i :createPalette:i 1
-    * op div *tmp9 :createPalette:r 256
-    * op div *tmp10 :createPalette:g 256
-    * op div *tmp11 :createPalette:b 256
-    * packcolor *tmp12 *tmp9 *tmp10 *tmp11 255
-    * write *tmp12 bank1 :createPalette:i
-    * op add *tmp13 :createPalette:r 147
-    * op mod :createPalette:r *tmp13 256
-    * op add *tmp15 :createPalette:g 87
-    * op mod :createPalette:g *tmp15 256
-    * op add *tmp17 :createPalette:b 59
-    * op mod :createPalette:b *tmp17 256
+  521 op add :createPalette:i 35 1
+  522 op div *tmp9 44 256
+  523 op div *tmp10 252 256
+  524 op div *tmp11 140 256
+  525 packcolor *tmp12 0.171875 0.984375 0.546875 255
+  526 write *tmp12 bank1 36
+  527 op add *tmp13 44 147
+  528 op mod :createPalette:r 191 256
+  529 op add *tmp15 252 87
+  530 op mod :createPalette:g 339 256
+  531 op add *tmp17 140 59
+  532 op mod :createPalette:b 199 256
   533 label *label328
-    * op add :createPalette:i :createPalette:i 1
-    * op div *tmp9 :createPalette:r 256
-    * op div *tmp10 :createPalette:g 256
-    * op div *tmp11 :createPalette:b 256
-    * packcolor *tmp12 *tmp9 *tmp10 *tmp11 255
-    * write *tmp12 bank1 :createPalette:i
-    * op add *tmp13 :createPalette:r 147
-    * op mod :createPalette:r *tmp13 256
-    * op add *tmp15 :createPalette:g 87
-    * op mod :createPalette:g *tmp15 256
-    * op add *tmp17 :createPalette:b 59
-    * op mod :createPalette:b *tmp17 256
+  534 op add :createPalette:i 36 1
+  535 op div *tmp9 191 256
+  536 op div *tmp10 83 256
+  537 op div *tmp11 199 256
+  538 packcolor *tmp12 0.74609375 0.32421875 0.77734375 255
+  539 write *tmp12 bank1 37
+  540 op add *tmp13 191 147
+  541 op mod :createPalette:r 338 256
+  542 op add *tmp15 83 87
+  543 op mod :createPalette:g 170 256
+  544 op add *tmp17 199 59
+  545 op mod :createPalette:b 258 256
   546 label *label329
-    * op add :createPalette:i :createPalette:i 1
-    * op div *tmp9 :createPalette:r 256
-    * op div *tmp10 :createPalette:g 256
-    * op div *tmp11 :createPalette:b 256
-    * packcolor *tmp12 *tmp9 *tmp10 *tmp11 255
-    * write *tmp12 bank1 :createPalette:i
-    * op add *tmp13 :createPalette:r 147
-    * op mod :createPalette:r *tmp13 256
-    * op add *tmp15 :createPalette:g 87
-    * op mod :createPalette:g *tmp15 256
-    * op add *tmp17 :createPalette:b 59
-    * op mod :createPalette:b *tmp17 256
+  547 op add :createPalette:i 37 1
+  548 op div *tmp9 82 256
+  549 op div *tmp10 170 256
+  550 op div *tmp11 2 256
+  551 packcolor *tmp12 0.3203125 0.6640625 0.0078125 255
+  552 write *tmp12 bank1 38
+  553 op add *tmp13 82 147
+  554 op mod :createPalette:r 229 256
+  555 op add *tmp15 170 87
+  556 op mod :createPalette:g 257 256
+  557 op add *tmp17 2 59
+  558 op mod :createPalette:b 61 256
   559 label *label330
-    * op add :createPalette:i :createPalette:i 1
-    * op div *tmp9 :createPalette:r 256
-    * op div *tmp10 :createPalette:g 256
-    * op div *tmp11 :createPalette:b 256
-    * packcolor *tmp12 *tmp9 *tmp10 *tmp11 255
-    * write *tmp12 bank1 :createPalette:i
-    * op add *tmp13 :createPalette:r 147
-    * op mod :createPalette:r *tmp13 256
-    * op add *tmp15 :createPalette:g 87
-    * op mod :createPalette:g *tmp15 256
-    * op add *tmp17 :createPalette:b 59
-    * op mod :createPalette:b *tmp17 256
+  560 op add :createPalette:i 38 1
+  561 op div *tmp9 229 256
+  562 op div *tmp10 1 256
+  563 op div *tmp11 61 256
+  564 packcolor *tmp12 0.89453125 0.00390625 0.23828125 255
+  565 write *tmp12 bank1 39
+  566 op add *tmp13 229 147
+  567 op mod :createPalette:r 376 256
+  568 op add *tmp15 1 87
+  569 op mod :createPalette:g 88 256
+  570 op add *tmp17 61 59
+  571 op mod :createPalette:b 120 256
   572 label *label331
-    * op add :createPalette:i :createPalette:i 1
-    * op div *tmp9 :createPalette:r 256
-    * op div *tmp10 :createPalette:g 256
-    * op div *tmp11 :createPalette:b 256
-    * packcolor *tmp12 *tmp9 *tmp10 *tmp11 255
-    * write *tmp12 bank1 :createPalette:i
-    * op add *tmp13 :createPalette:r 147
-    * op mod :createPalette:r *tmp13 256
-    * op add *tmp15 :createPalette:g 87
-    * op mod :createPalette:g *tmp15 256
-    * op add *tmp17 :createPalette:b 59
-    * op mod :createPalette:b *tmp17 256
+  573 op add :createPalette:i 39 1
+  574 op div *tmp9 120 256
+  575 op div *tmp10 88 256
+  576 op div *tmp11 120 256
+  577 packcolor *tmp12 0.46875 0.34375 0.46875 255
+  578 write *tmp12 bank1 40
+  579 op add *tmp13 120 147
+  580 op mod :createPalette:r 267 256
+  581 op add *tmp15 88 87
+  582 op mod :createPalette:g 175 256
+  583 op add *tmp17 120 59
+  584 op mod :createPalette:b 179 256
   585 label *label332
-    * op add :createPalette:i :createPalette:i 1
-    * op div *tmp9 :createPalette:r 256
-    * op div *tmp10 :createPalette:g 256
-    * op div *tmp11 :createPalette:b 256
-    * packcolor *tmp12 *tmp9 *tmp10 *tmp11 255
-    * write *tmp12 bank1 :createPalette:i
-    * op add *tmp13 :createPalette:r 147
-    * op mod :createPalette:r *tmp13 256
-    * op add *tmp15 :createPalette:g 87
-    * op mod :createPalette:g *tmp15 256
-    * op add *tmp17 :createPalette:b 59
-    * op mod :createPalette:b *tmp17 256
+  586 op add :createPalette:i 40 1
+  587 op div *tmp9 11 256
+  588 op div *tmp10 175 256
+  589 op div *tmp11 179 256
+  590 packcolor *tmp12 0.04296875 0.68359375 0.69921875 255
+  591 write *tmp12 bank1 41
+  592 op add *tmp13 11 147
+  593 op mod :createPalette:r 158 256
+  594 op add *tmp15 175 87
+  595 op mod :createPalette:g 262 256
+  596 op add *tmp17 179 59
+  597 op mod :createPalette:b 238 256
   598 label *label333
-    * op add :createPalette:i :createPalette:i 1
-    * op div *tmp9 :createPalette:r 256
-    * op div *tmp10 :createPalette:g 256
-    * op div *tmp11 :createPalette:b 256
-    * packcolor *tmp12 *tmp9 *tmp10 *tmp11 255
-    * write *tmp12 bank1 :createPalette:i
-    * op add *tmp13 :createPalette:r 147
-    * op mod :createPalette:r *tmp13 256
-    * op add *tmp15 :createPalette:g 87
-    * op mod :createPalette:g *tmp15 256
-    * op add *tmp17 :createPalette:b 59
-    * op mod :createPalette:b *tmp17 256
+  599 op add :createPalette:i 41 1
+  600 op div *tmp9 158 256
+  601 op div *tmp10 6 256
+  602 op div *tmp11 238 256
+  603 packcolor *tmp12 0.6171875 0.0234375 0.9296875 255
+  604 write *tmp12 bank1 42
+  605 op add *tmp13 158 147
+  606 op mod :createPalette:r 305 256
+  607 op add *tmp15 6 87
+  608 op mod :createPalette:g 93 256
+  609 op add *tmp17 238 59
+  610 op mod :createPalette:b 297 256
   611 label *label334
-    * op add :createPalette:i :createPalette:i 1
-    * op div *tmp9 :createPalette:r 256
-    * op div *tmp10 :createPalette:g 256
-    * op div *tmp11 :createPalette:b 256
-    * packcolor *tmp12 *tmp9 *tmp10 *tmp11 255
-    * write *tmp12 bank1 :createPalette:i
-    * op add *tmp13 :createPalette:r 147
-    * op mod :createPalette:r *tmp13 256
-    * op add *tmp15 :createPalette:g 87
-    * op mod :createPalette:g *tmp15 256
-    * op add *tmp17 :createPalette:b 59
-    * op mod :createPalette:b *tmp17 256
+  612 op add :createPalette:i 42 1
+  613 op div *tmp9 49 256
+  614 op div *tmp10 93 256
+  615 op div *tmp11 41 256
+  616 packcolor *tmp12 0.19140625 0.36328125 0.16015625 255
+  617 write *tmp12 bank1 43
+  618 op add *tmp13 49 147
+  619 op mod :createPalette:r 196 256
+  620 op add *tmp15 93 87
+  621 op mod :createPalette:g 180 256
+  622 op add *tmp17 41 59
+  623 op mod :createPalette:b 100 256
   624 label *label335
-    * op add :createPalette:i :createPalette:i 1
-    * op div *tmp9 :createPalette:r 256
-    * op div *tmp10 :createPalette:g 256
-    * op div *tmp11 :createPalette:b 256
-    * packcolor *tmp12 *tmp9 *tmp10 *tmp11 255
-    * write *tmp12 bank1 :createPalette:i
-    * op add *tmp13 :createPalette:r 147
-    * op mod :createPalette:r *tmp13 256
-    * op add *tmp15 :createPalette:g 87
-    * op mod :createPalette:g *tmp15 256
-    * op add *tmp17 :createPalette:b 59
-    * op mod :createPalette:b *tmp17 256
+  625 op add :createPalette:i 43 1
+  626 op div *tmp9 196 256
+  627 op div *tmp10 180 256
+  628 op div *tmp11 100 256
+  629 packcolor *tmp12 0.765625 0.703125 0.390625 255
+  630 write *tmp12 bank1 44
+  631 op add *tmp13 196 147
+  632 op mod :createPalette:r 343 256
+  633 op add *tmp15 180 87
+  634 op mod :createPalette:g 267 256
+  635 op add *tmp17 100 59
+  636 op mod :createPalette:b 159 256
   637 label *label336
-    * op add :createPalette:i :createPalette:i 1
-    * op div *tmp9 :createPalette:r 256
-    * op div *tmp10 :createPalette:g 256
-    * op div *tmp11 :createPalette:b 256
-    * packcolor *tmp12 *tmp9 *tmp10 *tmp11 255
-    * write *tmp12 bank1 :createPalette:i
-    * op add *tmp13 :createPalette:r 147
-    * op mod :createPalette:r *tmp13 256
-    * op add *tmp15 :createPalette:g 87
-    * op mod :createPalette:g *tmp15 256
-    * op add *tmp17 :createPalette:b 59
-    * op mod :createPalette:b *tmp17 256
+  638 op add :createPalette:i 44 1
+  639 op div *tmp9 87 256
+  640 op div *tmp10 11 256
+  641 op div *tmp11 159 256
+  642 packcolor *tmp12 0.33984375 0.04296875 0.62109375 255
+  643 write *tmp12 bank1 45
+  644 op add *tmp13 87 147
+  645 op mod :createPalette:r 234 256
+  646 op add *tmp15 11 87
+  647 op mod :createPalette:g 98 256
+  648 op add *tmp17 159 59
+  649 op mod :createPalette:b 218 256
   650 label *label337
-    * op add :createPalette:i :createPalette:i 1
-    * op div *tmp9 :createPalette:r 256
-    * op div *tmp10 :createPalette:g 256
-    * op div *tmp11 :createPalette:b 256
-    * packcolor *tmp12 *tmp9 *tmp10 *tmp11 255
-    * write *tmp12 bank1 :createPalette:i
-    * op add *tmp13 :createPalette:r 147
-    * op mod :createPalette:r *tmp13 256
-    * op add *tmp15 :createPalette:g 87
-    * op mod :createPalette:g *tmp15 256
-    * op add *tmp17 :createPalette:b 59
-    * op mod :createPalette:b *tmp17 256
+  651 op add :createPalette:i 45 1
+  652 op div *tmp9 234 256
+  653 op div *tmp10 98 256
+  654 op div *tmp11 218 256
+  655 packcolor *tmp12 0.9140625 0.3828125 0.8515625 255
+  656 write *tmp12 bank1 46
+  657 op add *tmp13 234 147
+  658 op mod :createPalette:r 381 256
+  659 op add *tmp15 98 87
+  660 op mod :createPalette:g 185 256
+  661 op add *tmp17 218 59
+  662 op mod :createPalette:b 277 256
   663 label *label338
-    * op add :createPalette:i :createPalette:i 1
-    * op div *tmp9 :createPalette:r 256
-    * op div *tmp10 :createPalette:g 256
-    * op div *tmp11 :createPalette:b 256
-    * packcolor *tmp12 *tmp9 *tmp10 *tmp11 255
-    * write *tmp12 bank1 :createPalette:i
-    * op add *tmp13 :createPalette:r 147
-    * op mod :createPalette:r *tmp13 256
-    * op add *tmp15 :createPalette:g 87
-    * op mod :createPalette:g *tmp15 256
-    * op add *tmp17 :createPalette:b 59
-    * op mod :createPalette:b *tmp17 256
+  664 op add :createPalette:i 46 1
+  665 op div *tmp9 125 256
+  666 op div *tmp10 185 256
+  667 op div *tmp11 21 256
+  668 packcolor *tmp12 0.48828125 0.72265625 0.08203125 255
+  669 write *tmp12 bank1 47
+  670 op add *tmp13 125 147
+  671 op mod :createPalette:r 272 256
+  672 op add *tmp15 185 87
+  673 op mod :createPalette:g 272 256
+  674 op add *tmp17 21 59
+  675 op mod :createPalette:b 80 256
   676 label *label339
-    * op add :createPalette:i :createPalette:i 1
-    * op div *tmp9 :createPalette:r 256
-    * op div *tmp10 :createPalette:g 256
-    * op div *tmp11 :createPalette:b 256
-    * packcolor *tmp12 *tmp9 *tmp10 *tmp11 255
-    * write *tmp12 bank1 :createPalette:i
-    * op add *tmp13 :createPalette:r 147
-    * op mod :createPalette:r *tmp13 256
-    * op add *tmp15 :createPalette:g 87
-    * op mod :createPalette:g *tmp15 256
-    * op add *tmp17 :createPalette:b 59
-    * op mod :createPalette:b *tmp17 256
+  677 op add :createPalette:i 47 1
+  678 op div *tmp9 16 256
+  679 op div *tmp10 16 256
+  680 op div *tmp11 80 256
+  681 packcolor *tmp12 0.0625 0.0625 0.3125 255
+  682 write *tmp12 bank1 48
+  683 op add *tmp13 16 147
+  684 op mod :createPalette:r 163 256
+  685 op add *tmp15 16 87
+  686 op mod :createPalette:g 103 256
+  687 op add *tmp17 80 59
+  688 op mod :createPalette:b 139 256
   689 label *label340
-    * op add :createPalette:i :createPalette:i 1
-    * op div *tmp9 :createPalette:r 256
-    * op div *tmp10 :createPalette:g 256
-    * op div *tmp11 :createPalette:b 256
-    * packcolor *tmp12 *tmp9 *tmp10 *tmp11 255
-    * write *tmp12 bank1 :createPalette:i
-    * op add *tmp13 :createPalette:r 147
-    * op mod :createPalette:r *tmp13 256
-    * op add *tmp15 :createPalette:g 87
-    * op mod :createPalette:g *tmp15 256
-    * op add *tmp17 :createPalette:b 59
-    * op mod :createPalette:b *tmp17 256
+  690 op add :createPalette:i 48 1
+  691 op div *tmp9 163 256
+  692 op div *tmp10 103 256
+  693 op div *tmp11 139 256
+  694 packcolor *tmp12 0.63671875 0.40234375 0.54296875 255
+  695 write *tmp12 bank1 49
+  696 op add *tmp13 163 147
+  697 op mod :createPalette:r 310 256
+  698 op add *tmp15 103 87
+  699 op mod :createPalette:g 190 256
+  700 op add *tmp17 139 59
+  701 op mod :createPalette:b 198 256
   702 label *label341
-    * op add :createPalette:i :createPalette:i 1
-    * op div *tmp9 :createPalette:r 256
-    * op div *tmp10 :createPalette:g 256
-    * op div *tmp11 :createPalette:b 256
-    * packcolor *tmp12 *tmp9 *tmp10 *tmp11 255
-    * write *tmp12 bank1 :createPalette:i
-    * op add *tmp13 :createPalette:r 147
-    * op mod :createPalette:r *tmp13 256
-    * op add *tmp15 :createPalette:g 87
-    * op mod :createPalette:g *tmp15 256
-    * op add *tmp17 :createPalette:b 59
-    * op mod :createPalette:b *tmp17 256
+  703 op add :createPalette:i 49 1
+  704 op div *tmp9 54 256
+  705 op div *tmp10 190 256
+  706 op div *tmp11 198 256
+  707 packcolor *tmp12 0.2109375 0.7421875 0.7734375 255
+  708 write *tmp12 bank1 50
+  709 op add *tmp13 54 147
+  710 op mod :createPalette:r 201 256
+  711 op add *tmp15 190 87
+  712 op mod :createPalette:g 277 256
+  713 op add *tmp17 198 59
+  714 op mod :createPalette:b 257 256
   715 label *label342
-    * op add :createPalette:i :createPalette:i 1
-    * op div *tmp9 :createPalette:r 256
-    * op div *tmp10 :createPalette:g 256
-    * op div *tmp11 :createPalette:b 256
-    * packcolor *tmp12 *tmp9 *tmp10 *tmp11 255
-    * write *tmp12 bank1 :createPalette:i
-    * op add *tmp13 :createPalette:r 147
-    * op mod :createPalette:r *tmp13 256
-    * op add *tmp15 :createPalette:g 87
-    * op mod :createPalette:g *tmp15 256
-    * op add *tmp17 :createPalette:b 59
-    * op mod :createPalette:b *tmp17 256
+  716 op add :createPalette:i 50 1
+  717 op div *tmp9 201 256
+  718 op div *tmp10 21 256
+  719 op div *tmp11 1 256
+  720 packcolor *tmp12 0.78515625 0.08203125 0.00390625 255
+  721 write *tmp12 bank1 51
+  722 op add *tmp13 201 147
+  723 op mod :createPalette:r 348 256
+  724 op add *tmp15 21 87
+  725 op mod :createPalette:g 108 256
+  726 op add *tmp17 1 59
+  727 op mod :createPalette:b 60 256
   728 label *label343
-    * op add :createPalette:i :createPalette:i 1
-    * op div *tmp9 :createPalette:r 256
-    * op div *tmp10 :createPalette:g 256
-    * op div *tmp11 :createPalette:b 256
-    * packcolor *tmp12 *tmp9 *tmp10 *tmp11 255
-    * write *tmp12 bank1 :createPalette:i
-    * op add *tmp13 :createPalette:r 147
-    * op mod :createPalette:r *tmp13 256
-    * op add *tmp15 :createPalette:g 87
-    * op mod :createPalette:g *tmp15 256
-    * op add *tmp17 :createPalette:b 59
-    * op mod :createPalette:b *tmp17 256
+  729 op add :createPalette:i 51 1
+  730 op div *tmp9 92 256
+  731 op div *tmp10 108 256
+  732 op div *tmp11 60 256
+  733 packcolor *tmp12 0.359375 0.421875 0.234375 255
+  734 write *tmp12 bank1 52
+  735 op add *tmp13 92 147
+  736 op mod :createPalette:r 239 256
+  737 op add *tmp15 108 87
+  738 op mod :createPalette:g 195 256
+  739 op add *tmp17 60 59
+  740 op mod :createPalette:b 119 256
   741 label *label344
-    * op add :createPalette:i :createPalette:i 1
-    * op div *tmp9 :createPalette:r 256
-    * op div *tmp10 :createPalette:g 256
-    * op div *tmp11 :createPalette:b 256
-    * packcolor *tmp12 *tmp9 *tmp10 *tmp11 255
-    * write *tmp12 bank1 :createPalette:i
-    * op add *tmp13 :createPalette:r 147
-    * op mod :createPalette:r *tmp13 256
-    * op add *tmp15 :createPalette:g 87
-    * op mod :createPalette:g *tmp15 256
-    * op add *tmp17 :createPalette:b 59
-    * op mod :createPalette:b *tmp17 256
+  742 op add :createPalette:i 52 1
+  743 op div *tmp9 239 256
+  744 op div *tmp10 195 256
+  745 op div *tmp11 119 256
+  746 packcolor *tmp12 0.93359375 0.76171875 0.46484375 255
+  747 write *tmp12 bank1 53
+  748 op add *tmp13 239 147
+  749 op mod :createPalette:r 386 256
+  750 op add *tmp15 195 87
+  751 op mod :createPalette:g 282 256
+  752 op add *tmp17 119 59
+  753 op mod :createPalette:b 178 256
   754 label *label345
-    * op add :createPalette:i :createPalette:i 1
-    * op div *tmp9 :createPalette:r 256
-    * op div *tmp10 :createPalette:g 256
-    * op div *tmp11 :createPalette:b 256
-    * packcolor *tmp12 *tmp9 *tmp10 *tmp11 255
-    * write *tmp12 bank1 :createPalette:i
-    * op add *tmp13 :createPalette:r 147
-    * op mod :createPalette:r *tmp13 256
-    * op add *tmp15 :createPalette:g 87
-    * op mod :createPalette:g *tmp15 256
-    * op add *tmp17 :createPalette:b 59
-    * op mod :createPalette:b *tmp17 256
+  755 op add :createPalette:i 53 1
+  756 op div *tmp9 130 256
+  757 op div *tmp10 26 256
+  758 op div *tmp11 178 256
+  759 packcolor *tmp12 0.5078125 0.1015625 0.6953125 255
+  760 write *tmp12 bank1 54
+  761 op add *tmp13 130 147
+  762 op mod :createPalette:r 277 256
+  763 op add *tmp15 26 87
+  764 op mod :createPalette:g 113 256
+  765 op add *tmp17 178 59
+  766 op mod :createPalette:b 237 256
   767 label *label346
-    * op add :createPalette:i :createPalette:i 1
-    * op div *tmp9 :createPalette:r 256
-    * op div *tmp10 :createPalette:g 256
-    * op div *tmp11 :createPalette:b 256
-    * packcolor *tmp12 *tmp9 *tmp10 *tmp11 255
-    * write *tmp12 bank1 :createPalette:i
-    * op add *tmp13 :createPalette:r 147
-    * op mod :createPalette:r *tmp13 256
-    * op add *tmp15 :createPalette:g 87
-    * op mod :createPalette:g *tmp15 256
-    * op add *tmp17 :createPalette:b 59
-    * op mod :createPalette:b *tmp17 256
+  768 op add :createPalette:i 54 1
+  769 op div *tmp9 21 256
+  770 op div *tmp10 113 256
+  771 op div *tmp11 237 256
+  772 packcolor *tmp12 0.08203125 0.44140625 0.92578125 255
+  773 write *tmp12 bank1 55
+  774 op add *tmp13 21 147
+  775 op mod :createPalette:r 168 256
+  776 op add *tmp15 113 87
+  777 op mod :createPalette:g 200 256
+  778 op add *tmp17 237 59
+  779 op mod :createPalette:b 296 256
   780 label *label347
-    * op add :createPalette:i :createPalette:i 1
-    * op div *tmp9 :createPalette:r 256
-    * op div *tmp10 :createPalette:g 256
-    * op div *tmp11 :createPalette:b 256
-    * packcolor *tmp12 *tmp9 *tmp10 *tmp11 255
-    * write *tmp12 bank1 :createPalette:i
-    * op add *tmp13 :createPalette:r 147
-    * op mod :createPalette:r *tmp13 256
-    * op add *tmp15 :createPalette:g 87
-    * op mod :createPalette:g *tmp15 256
-    * op add *tmp17 :createPalette:b 59
-    * op mod :createPalette:b *tmp17 256
+  781 op add :createPalette:i 55 1
+  782 op div *tmp9 168 256
+  783 op div *tmp10 200 256
+  784 op div *tmp11 40 256
+  785 packcolor *tmp12 0.65625 0.78125 0.15625 255
+  786 write *tmp12 bank1 56
+  787 op add *tmp13 168 147
+  788 op mod :createPalette:r 315 256
+  789 op add *tmp15 200 87
+  790 op mod :createPalette:g 287 256
+  791 op add *tmp17 40 59
+  792 op mod :createPalette:b 99 256
   793 label *label348
-    * op add :createPalette:i :createPalette:i 1
-    * op div *tmp9 :createPalette:r 256
-    * op div *tmp10 :createPalette:g 256
-    * op div *tmp11 :createPalette:b 256
-    * packcolor *tmp12 *tmp9 *tmp10 *tmp11 255
-    * write *tmp12 bank1 :createPalette:i
-    * op add *tmp13 :createPalette:r 147
-    * op mod :createPalette:r *tmp13 256
-    * op add *tmp15 :createPalette:g 87
-    * op mod :createPalette:g *tmp15 256
-    * op add *tmp17 :createPalette:b 59
-    * op mod :createPalette:b *tmp17 256
+  794 op add :createPalette:i 56 1
+  795 op div *tmp9 59 256
+  796 op div *tmp10 31 256
+  797 op div *tmp11 99 256
+  798 packcolor *tmp12 0.23046875 0.12109375 0.38671875 255
+  799 write *tmp12 bank1 57
+  800 op add *tmp13 59 147
+  801 op mod :createPalette:r 206 256
+  802 op add *tmp15 31 87
+  803 op mod :createPalette:g 118 256
+  804 op add *tmp17 99 59
+  805 op mod :createPalette:b 158 256
   806 label *label349
-    * op add :createPalette:i :createPalette:i 1
-    * op div *tmp9 :createPalette:r 256
-    * op div *tmp10 :createPalette:g 256
-    * op div *tmp11 :createPalette:b 256
-    * packcolor *tmp12 *tmp9 *tmp10 *tmp11 255
-    * write *tmp12 bank1 :createPalette:i
-    * op add *tmp13 :createPalette:r 147
-    * op mod :createPalette:r *tmp13 256
-    * op add *tmp15 :createPalette:g 87
-    * op mod :createPalette:g *tmp15 256
-    * op add *tmp17 :createPalette:b 59
-    * op mod :createPalette:b *tmp17 256
+  807 op add :createPalette:i 57 1
+  808 op div *tmp9 206 256
+  809 op div *tmp10 118 256
+  810 op div *tmp11 158 256
+  811 packcolor *tmp12 0.8046875 0.4609375 0.6171875 255
+  812 write *tmp12 bank1 58
+  813 op add *tmp13 206 147
+  814 op mod :createPalette:r 353 256
+  815 op add *tmp15 118 87
+  816 op mod :createPalette:g 205 256
+  817 op add *tmp17 158 59
+  818 op mod :createPalette:b 217 256
   819 label *label350
-    * op add :createPalette:i :createPalette:i 1
-    * op div *tmp9 :createPalette:r 256
-    * op div *tmp10 :createPalette:g 256
-    * op div *tmp11 :createPalette:b 256
-    * packcolor *tmp12 *tmp9 *tmp10 *tmp11 255
-    * write *tmp12 bank1 :createPalette:i
-    * op add *tmp13 :createPalette:r 147
-    * op mod :createPalette:r *tmp13 256
-    * op add *tmp15 :createPalette:g 87
-    * op mod :createPalette:g *tmp15 256
-    * op add *tmp17 :createPalette:b 59
-    * op mod :createPalette:b *tmp17 256
+  820 op add :createPalette:i 58 1
+  821 op div *tmp9 97 256
+  822 op div *tmp10 205 256
+  823 op div *tmp11 217 256
+  824 packcolor *tmp12 0.37890625 0.80078125 0.84765625 255
+  825 write *tmp12 bank1 59
+  826 op add *tmp13 97 147
+  827 op mod :createPalette:r 244 256
+  828 op add *tmp15 205 87
+  829 op mod :createPalette:g 292 256
+  830 op add *tmp17 217 59
+  831 op mod :createPalette:b 276 256
   832 label *label351
-    * op add :createPalette:i :createPalette:i 1
-    * op div *tmp9 :createPalette:r 256
-    * op div *tmp10 :createPalette:g 256
-    * op div *tmp11 :createPalette:b 256
-    * packcolor *tmp12 *tmp9 *tmp10 *tmp11 255
-    * write *tmp12 bank1 :createPalette:i
-    * op add *tmp13 :createPalette:r 147
-    * op mod :createPalette:r *tmp13 256
-    * op add *tmp15 :createPalette:g 87
-    * op mod :createPalette:g *tmp15 256
-    * op add *tmp17 :createPalette:b 59
-    * op mod :createPalette:b *tmp17 256
+  833 op add :createPalette:i 59 1
+  834 op div *tmp9 244 256
+  835 op div *tmp10 36 256
+  836 op div *tmp11 20 256
+  837 packcolor *tmp12 0.953125 0.140625 0.078125 255
+  838 write *tmp12 bank1 60
+  839 op add *tmp13 244 147
+  840 op mod :createPalette:r 391 256
+  841 op add *tmp15 36 87
+  842 op mod :createPalette:g 123 256
+  843 op add *tmp17 20 59
+  844 op mod :createPalette:b 79 256
   845 label *label352
-    * op add :createPalette:i :createPalette:i 1
-    * op div *tmp9 :createPalette:r 256
-    * op div *tmp10 :createPalette:g 256
-    * op div *tmp11 :createPalette:b 256
-    * packcolor *tmp12 *tmp9 *tmp10 *tmp11 255
-    * write *tmp12 bank1 :createPalette:i
-    * op add *tmp13 :createPalette:r 147
-    * op mod :createPalette:r *tmp13 256
-    * op add *tmp15 :createPalette:g 87
-    * op mod :createPalette:g *tmp15 256
-    * op add *tmp17 :createPalette:b 59
-    * op mod :createPalette:b *tmp17 256
+  846 op add :createPalette:i 60 1
+  847 op div *tmp9 135 256
+  848 op div *tmp10 123 256
+  849 op div *tmp11 79 256
+  850 packcolor *tmp12 0.52734375 0.48046875 0.30859375 255
+  851 write *tmp12 bank1 61
+  852 op add *tmp13 135 147
+  853 op mod :createPalette:r 282 256
+  854 op add *tmp15 123 87
+  855 op mod :createPalette:g 210 256
+  856 op add *tmp17 79 59
+  857 op mod :createPalette:b 138 256
   858 label *label353
-    * op add :createPalette:i :createPalette:i 1
-    * op div *tmp9 :createPalette:r 256
-    * op div *tmp10 :createPalette:g 256
-    * op div *tmp11 :createPalette:b 256
-    * packcolor *tmp12 *tmp9 *tmp10 *tmp11 255
-    * write *tmp12 bank1 :createPalette:i
-    * op add *tmp13 :createPalette:r 147
-    * op mod :createPalette:r *tmp13 256
-    * op add *tmp15 :createPalette:g 87
-    * op mod :createPalette:g *tmp15 256
-    * op add *tmp17 :createPalette:b 59
-    * op mod :createPalette:b *tmp17 256
+  859 op add :createPalette:i 61 1
+  860 op div *tmp9 26 256
+  861 op div *tmp10 210 256
+  862 op div *tmp11 138 256
+  863 packcolor *tmp12 0.1015625 0.8203125 0.5390625 255
+  864 write *tmp12 bank1 62
+  865 op add *tmp13 26 147
+  866 op mod :createPalette:r 173 256
+  867 op add *tmp15 210 87
+  868 op mod :createPalette:g 297 256
+  869 op add *tmp17 138 59
+  870 op mod :createPalette:b 197 256
   871 label *label354
-    * op add :createPalette:i :createPalette:i 1
+  872 op add :createPalette:i 62 1
   873 label *label19
   874 write %[black] bank1 63
   875 label *label16
 
  1236 label *label163
  1237 set :handleTopRowButtons:switch switch10
  1238 jump *label164 notEqual 0 .bookmark
-    * control enabled :handleTopRowButtons:switch true
+ 1239 control enabled switch10 true
  1240 jump *label169 always
  1241 label *label164
  1242 jump *label165 notEqual 0 .bookmark_clr
-    * control enabled :handleTopRowButtons:switch false
+ 1243 control enabled switch10 false
  1244 set .bookmark_clr -1
  1245 jump *label168 always
  1246 label *label165
-    * sensor *tmp395 :handleTopRowButtons:switch @enabled
+ 1247 sensor *tmp395 switch10 @enabled
  1248 jump *label166 equal *tmp395 false
  1249 set .bookmark_clr .bookmark
  1250 set .bookmark 0
 
  1257 label *label170
  1258 set :handleTopRowButtons:switch switch11
  1259 jump *label171 notEqual 1 .bookmark
-    * control enabled :handleTopRowButtons:switch true
+ 1260 control enabled switch11 true
  1261 jump *label176 always
  1262 label *label171
  1263 jump *label172 notEqual 1 .bookmark_clr
-    * control enabled :handleTopRowButtons:switch false
+ 1264 control enabled switch11 false
  1265 set .bookmark_clr -1
  1266 jump *label175 always
  1267 label *label172
-    * sensor *tmp395 :handleTopRowButtons:switch @enabled
+ 1268 sensor *tmp395 switch11 @enabled
  1269 jump *label173 equal *tmp395 false
  1270 set .bookmark_clr .bookmark
  1271 set .bookmark 1
 
  1278 label *label177
  1279 set :handleTopRowButtons:switch switch12
  1280 jump *label178 notEqual 2 .bookmark
-    * control enabled :handleTopRowButtons:switch true
+ 1281 control enabled switch12 true
  1282 jump *label183 always
  1283 label *label178
  1284 jump *label179 notEqual 2 .bookmark_clr
-    * control enabled :handleTopRowButtons:switch false
+ 1285 control enabled switch12 false
  1286 set .bookmark_clr -1
  1287 jump *label182 always
  1288 label *label179
-    * sensor *tmp395 :handleTopRowButtons:switch @enabled
+ 1289 sensor *tmp395 switch12 @enabled
  1290 jump *label180 equal *tmp395 false
  1291 set .bookmark_clr .bookmark
  1292 set .bookmark 2
 
  1299 label *label184
  1300 set :handleTopRowButtons:switch switch13
  1301 jump *label185 notEqual 3 .bookmark
-    * control enabled :handleTopRowButtons:switch true
+ 1302 control enabled switch13 true
  1303 jump *label190 always
  1304 label *label185
  1305 jump *label186 notEqual 3 .bookmark_clr
-    * control enabled :handleTopRowButtons:switch false
+ 1306 control enabled switch13 false
  1307 set .bookmark_clr -1
  1308 jump *label189 always
  1309 label *label186
-    * sensor *tmp395 :handleTopRowButtons:switch @enabled
+ 1310 sensor *tmp395 switch13 @enabled
  1311 jump *label187 equal *tmp395 false
  1312 set .bookmark_clr .bookmark
  1313 set .bookmark 3
 
  1320 label *label191
  1321 set :handleTopRowButtons:switch switch14
  1322 jump *label192 notEqual 4 .bookmark
-    * control enabled :handleTopRowButtons:switch true
+ 1323 control enabled switch14 true
  1324 jump *label197 always
  1325 label *label192
  1326 jump *label193 notEqual 4 .bookmark_clr
-    * control enabled :handleTopRowButtons:switch false
+ 1327 control enabled switch14 false
  1328 set .bookmark_clr -1
  1329 jump *label196 always
  1330 label *label193
-    * sensor *tmp395 :handleTopRowButtons:switch @enabled
+ 1331 sensor *tmp395 switch14 @enabled
  1332 jump *label194 equal *tmp395 false
  1333 set .bookmark_clr .bookmark
  1334 set .bookmark 4
 
  1341 label *label198
  1342 set :handleTopRowButtons:switch switch15
  1343 jump *label199 notEqual 5 .bookmark
-    * control enabled :handleTopRowButtons:switch true
+ 1344 control enabled switch15 true
  1345 jump *label204 always
  1346 label *label199
  1347 jump *label200 notEqual 5 .bookmark_clr
-    * control enabled :handleTopRowButtons:switch false
+ 1348 control enabled switch15 false
  1349 set .bookmark_clr -1
  1350 jump *label203 always
  1351 label *label200
-    * sensor *tmp395 :handleTopRowButtons:switch @enabled
+ 1352 sensor *tmp395 switch15 @enabled
  1353 jump *label201 equal *tmp395 false
  1354 set .bookmark_clr .bookmark
  1355 set .bookmark 5
 
  1362 label *label205
  1363 set :handleTopRowButtons:switch switch16
  1364 jump *label206 notEqual 6 .bookmark
-    * control enabled :handleTopRowButtons:switch true
+ 1365 control enabled switch16 true
  1366 jump *label211 always
  1367 label *label206
  1368 jump *label207 notEqual 6 .bookmark_clr
-    * control enabled :handleTopRowButtons:switch false
+ 1369 control enabled switch16 false
  1370 set .bookmark_clr -1
  1371 jump *label210 always
  1372 label *label207
-    * sensor *tmp395 :handleTopRowButtons:switch @enabled
+ 1373 sensor *tmp395 switch16 @enabled
  1374 jump *label208 equal *tmp395 false
  1375 set .bookmark_clr .bookmark
  1376 set .bookmark 6
 
  1383 label *label212
  1384 set :handleTopRowButtons:switch switch17
  1385 jump *label213 notEqual 7 .bookmark
-    * control enabled :handleTopRowButtons:switch true
+ 1386 control enabled switch17 true
  1387 jump *label218 always
  1388 label *label213
  1389 jump *label214 notEqual 7 .bookmark_clr
-    * control enabled :handleTopRowButtons:switch false
+ 1390 control enabled switch17 false
  1391 set .bookmark_clr -1
  1392 jump *label217 always
  1393 label *label214
-    * sensor *tmp395 :handleTopRowButtons:switch @enabled
+ 1394 sensor *tmp395 switch17 @enabled
  1395 jump *label215 equal *tmp395 false
  1396 set .bookmark_clr .bookmark
  1397 set .bookmark 7
 
  1404 label *label219
  1405 set :handleTopRowButtons:switch switch18
  1406 jump *label220 notEqual 8 .bookmark
-    * control enabled :handleTopRowButtons:switch true
+ 1407 control enabled switch18 true
  1408 jump *label225 always
  1409 label *label220
  1410 jump *label221 notEqual 8 .bookmark_clr
-    * control enabled :handleTopRowButtons:switch false
+ 1411 control enabled switch18 false
  1412 set .bookmark_clr -1
  1413 jump *label224 always
  1414 label *label221
-    * sensor *tmp395 :handleTopRowButtons:switch @enabled
+ 1415 sensor *tmp395 switch18 @enabled
  1416 jump *label222 equal *tmp395 false
  1417 set .bookmark_clr .bookmark
  1418 set .bookmark 8
 
  1425 label *label226
  1426 set :handleTopRowButtons:switch switch19
  1427 jump *label227 notEqual 9 .bookmark
-    * control enabled :handleTopRowButtons:switch true
+ 1428 control enabled switch19 true
  1429 jump *label232 always
  1430 label *label227
  1431 jump *label228 notEqual 9 .bookmark_clr
-    * control enabled :handleTopRowButtons:switch false
+ 1432 control enabled switch19 false
  1433 set .bookmark_clr -1
  1434 jump *label231 always
  1435 label *label228
-    * sensor *tmp395 :handleTopRowButtons:switch @enabled
+ 1436 sensor *tmp395 switch19 @enabled
  1437 jump *label229 equal *tmp395 false
  1438 set .bookmark_clr .bookmark
  1439 set .bookmark 9
 
  1446 label *label233
  1447 set :handleTopRowButtons:switch switch20
  1448 jump *label234 notEqual 10 .bookmark
-    * control enabled :handleTopRowButtons:switch true
+ 1449 control enabled switch20 true
  1450 jump *label239 always
  1451 label *label234
  1452 jump *label235 notEqual 10 .bookmark_clr
-    * control enabled :handleTopRowButtons:switch false
+ 1453 control enabled switch20 false
  1454 set .bookmark_clr -1
  1455 jump *label238 always
  1456 label *label235
-    * sensor *tmp395 :handleTopRowButtons:switch @enabled
+ 1457 sensor *tmp395 switch20 @enabled
  1458 jump *label236 equal *tmp395 false
  1459 set .bookmark_clr .bookmark
  1460 set .bookmark 10
 
  1467 label *label240
  1468 set :handleTopRowButtons:switch switch21
  1469 jump *label241 notEqual 11 .bookmark
-    * control enabled :handleTopRowButtons:switch true
+ 1470 control enabled switch21 true
  1471 jump *label246 always
  1472 label *label241
  1473 jump *label242 notEqual 11 .bookmark_clr
-    * control enabled :handleTopRowButtons:switch false
+ 1474 control enabled switch21 false
  1475 set .bookmark_clr -1
  1476 jump *label245 always
  1477 label *label242
-    * sensor *tmp395 :handleTopRowButtons:switch @enabled
+ 1478 sensor *tmp395 switch21 @enabled
  1479 jump *label243 equal *tmp395 false
  1480 set .bookmark_clr .bookmark
  1481 set .bookmark 11
 
  1488 label *label247
  1489 set :handleTopRowButtons:switch switch22
  1490 jump *label248 notEqual 12 .bookmark
-    * control enabled :handleTopRowButtons:switch true
+ 1491 control enabled switch22 true
  1492 jump *label253 always
  1493 label *label248
  1494 jump *label249 notEqual 12 .bookmark_clr
-    * control enabled :handleTopRowButtons:switch false
+ 1495 control enabled switch22 false
  1496 set .bookmark_clr -1
  1497 jump *label252 always
  1498 label *label249
-    * sensor *tmp395 :handleTopRowButtons:switch @enabled
+ 1499 sensor *tmp395 switch22 @enabled
  1500 jump *label250 equal *tmp395 false
  1501 set .bookmark_clr .bookmark
  1502 set .bookmark 12
 
  1511 label *label255
  1512 set :handleTopRowButtons:switch.1 switch23
  1513 jump *label256 notEqual 0 .palette
-    * control enabled :handleTopRowButtons:switch.1 true
+ 1514 control enabled switch23 true
  1515 jump *label261 always
  1516 label *label256
  1517 jump *label257 notEqual 0 .palette_clr
-    * control enabled :handleTopRowButtons:switch.1 false
+ 1518 control enabled switch23 false
  1519 set .palette_clr -1
  1520 jump *label260 always
  1521 label *label257
-    * sensor *tmp409 :handleTopRowButtons:switch.1 @enabled
+ 1522 sensor *tmp409 switch23 @enabled
  1523 jump *label258 equal *tmp409 false
  1524 set .palette_clr .palette
  1525 set .palette 0
 
  1535 label *label262
  1536 set :handleTopRowButtons:switch.1 switch24
  1537 jump *label263 notEqual 1 .palette
-    * control enabled :handleTopRowButtons:switch.1 true
+ 1538 control enabled switch24 true
  1539 jump *label268 always
  1540 label *label263
  1541 jump *label264 notEqual 1 .palette_clr
-    * control enabled :handleTopRowButtons:switch.1 false
+ 1542 control enabled switch24 false
  1543 set .palette_clr -1
  1544 jump *label267 always
  1545 label *label264
-    * sensor *tmp409 :handleTopRowButtons:switch.1 @enabled
+ 1546 sensor *tmp409 switch24 @enabled
  1547 jump *label265 equal *tmp409 false
  1548 set .palette_clr .palette
  1549 set .palette 1
 
  1559 label *label269
  1560 set :handleTopRowButtons:switch.1 switch25
  1561 jump *label270 notEqual 2 .palette
-    * control enabled :handleTopRowButtons:switch.1 true
+ 1562 control enabled switch25 true
  1563 jump *label275 always
  1564 label *label270
  1565 jump *label271 notEqual 2 .palette_clr
-    * control enabled :handleTopRowButtons:switch.1 false
+ 1566 control enabled switch25 false
  1567 set .palette_clr -1
  1568 jump *label274 always
  1569 label *label271
-    * sensor *tmp409 :handleTopRowButtons:switch.1 @enabled
+ 1570 sensor *tmp409 switch25 @enabled
  1571 jump *label272 equal *tmp409 false
  1572 set .palette_clr .palette
  1573 set .palette 2
 
  1583 label *label276
  1584 set :handleTopRowButtons:switch.1 switch26
  1585 jump *label277 notEqual 3 .palette
-    * control enabled :handleTopRowButtons:switch.1 true
+ 1586 control enabled switch26 true
  1587 jump *label282 always
  1588 label *label277
  1589 jump *label278 notEqual 3 .palette_clr
-    * control enabled :handleTopRowButtons:switch.1 false
+ 1590 control enabled switch26 false
  1591 set .palette_clr -1
  1592 jump *label281 always
  1593 label *label278
-    * sensor *tmp409 :handleTopRowButtons:switch.1 @enabled
+ 1594 sensor *tmp409 switch26 @enabled
  1595 jump *label279 equal *tmp409 false
  1596 set .palette_clr .palette
  1597 set .palette 3
 
  1607 label *label283
  1608 set :handleTopRowButtons:switch.1 switch27
  1609 jump *label284 notEqual 4 .palette
-    * control enabled :handleTopRowButtons:switch.1 true
+ 1610 control enabled switch27 true
  1611 jump *label289 always
  1612 label *label284
  1613 jump *label285 notEqual 4 .palette_clr
-    * control enabled :handleTopRowButtons:switch.1 false
+ 1614 control enabled switch27 false
  1615 set .palette_clr -1
  1616 jump *label288 always
  1617 label *label285
-    * sensor *tmp409 :handleTopRowButtons:switch.1 @enabled
+ 1618 sensor *tmp409 switch27 @enabled
  1619 jump *label286 equal *tmp409 false
  1620 set .palette_clr .palette
  1621 set .palette 4

Modifications by Iterated phase, Data Flow Optimization, pass 3, iteration 2 (-652 instructions):
 
    46 set .palette_clr -1
    47 print "Initializing..."
    48 printflush message1
-    * set :createPalette:r 128
-    * set :createPalette:g 192
-    * set :createPalette:b 64
-    * set :createPalette:i 0
    49 label *label291
-    * op div *tmp9 128 256
-    * op div *tmp10 192 256
-    * op div *tmp11 64 256
    50 packcolor *tmp12 0.5 0.75 0.25 255
    51 write *tmp12 bank1 0
-    * op add *tmp13 128 147
-    * op mod :createPalette:r 275 256
-    * op add *tmp15 192 87
-    * op mod :createPalette:g 279 256
-    * op add *tmp17 64 59
-    * op mod :createPalette:b 123 256
    52 label *label292
-    * op add :createPalette:i 0 1
-    * op div *tmp9 19 256
-    * op div *tmp10 23 256
-    * op div *tmp11 123 256
    53 packcolor *tmp12 0.07421875 0.08984375 0.48046875 255
    54 write *tmp12 bank1 1
-    * op add *tmp13 19 147
-    * op mod :createPalette:r 166 256
-    * op add *tmp15 23 87
-    * op mod :createPalette:g 110 256
-    * op add *tmp17 123 59
-    * op mod :createPalette:b 182 256
    55 label *label293
-    * op add :createPalette:i 1 1
-    * op div *tmp9 166 256
-    * op div *tmp10 110 256
-    * op div *tmp11 182 256
    56 packcolor *tmp12 0.6484375 0.4296875 0.7109375 255
    57 write *tmp12 bank1 2
-    * op add *tmp13 166 147
-    * op mod :createPalette:r 313 256
-    * op add *tmp15 110 87
-    * op mod :createPalette:g 197 256
-    * op add *tmp17 182 59
-    * op mod :createPalette:b 241 256
    58 label *label294
-    * op add :createPalette:i 2 1
-    * op div *tmp9 57 256
-    * op div *tmp10 197 256
-    * op div *tmp11 241 256
    59 packcolor *tmp12 0.22265625 0.76953125 0.94140625 255
    60 write *tmp12 bank1 3
-    * op add *tmp13 57 147
-    * op mod :createPalette:r 204 256
-    * op add *tmp15 197 87
-    * op mod :createPalette:g 284 256
-    * op add *tmp17 241 59
-    * op mod :createPalette:b 300 256
    61 label *label295
-    * op add :createPalette:i 3 1
-    * op div *tmp9 204 256
-    * op div *tmp10 28 256
-    * op div *tmp11 44 256
    62 packcolor *tmp12 0.796875 0.109375 0.171875 255
    63 write *tmp12 bank1 4
-    * op add *tmp13 204 147
-    * op mod :createPalette:r 351 256
-    * op add *tmp15 28 87
-    * op mod :createPalette:g 115 256
-    * op add *tmp17 44 59
-    * op mod :createPalette:b 103 256
    64 label *label296
-    * op add :createPalette:i 4 1
-    * op div *tmp9 95 256
-    * op div *tmp10 115 256
-    * op div *tmp11 103 256
    65 packcolor *tmp12 0.37109375 0.44921875 0.40234375 255
    66 write *tmp12 bank1 5
-    * op add *tmp13 95 147
-    * op mod :createPalette:r 242 256
-    * op add *tmp15 115 87
-    * op mod :createPalette:g 202 256
-    * op add *tmp17 103 59
-    * op mod :createPalette:b 162 256
    67 label *label297
-    * op add :createPalette:i 5 1
-    * op div *tmp9 242 256
-    * op div *tmp10 202 256
-    * op div *tmp11 162 256
    68 packcolor *tmp12 0.9453125 0.7890625 0.6328125 255
    69 write *tmp12 bank1 6
-    * op add *tmp13 242 147
-    * op mod :createPalette:r 389 256
-    * op add *tmp15 202 87
-    * op mod :createPalette:g 289 256
-    * op add *tmp17 162 59
-    * op mod :createPalette:b 221 256
    70 label *label298
-    * op add :createPalette:i 6 1
-    * op div *tmp9 133 256
-    * op div *tmp10 33 256
-    * op div *tmp11 221 256
    71 packcolor *tmp12 0.51953125 0.12890625 0.86328125 255
    72 write *tmp12 bank1 7
-    * op add *tmp13 133 147
-    * op mod :createPalette:r 280 256
-    * op add *tmp15 33 87
-    * op mod :createPalette:g 120 256
-    * op add *tmp17 221 59
-    * op mod :createPalette:b 280 256
    73 label *label299
-    * op add :createPalette:i 7 1
-    * op div *tmp9 24 256
-    * op div *tmp10 120 256
-    * op div *tmp11 24 256
    74 packcolor *tmp12 0.09375 0.46875 0.09375 255
    75 write *tmp12 bank1 8
-    * op add *tmp13 24 147
-    * op mod :createPalette:r 171 256
-    * op add *tmp15 120 87
-    * op mod :createPalette:g 207 256
-    * op add *tmp17 24 59
-    * op mod :createPalette:b 83 256
    76 label *label300
-    * op add :createPalette:i 8 1
-    * op div *tmp9 171 256
-    * op div *tmp10 207 256
-    * op div *tmp11 83 256
    77 packcolor *tmp12 0.66796875 0.80859375 0.32421875 255
    78 write *tmp12 bank1 9
-    * op add *tmp13 171 147
-    * op mod :createPalette:r 318 256
-    * op add *tmp15 207 87
-    * op mod :createPalette:g 294 256
-    * op add *tmp17 83 59
-    * op mod :createPalette:b 142 256
    79 label *label301
-    * op add :createPalette:i 9 1
-    * op div *tmp9 62 256
-    * op div *tmp10 38 256
-    * op div *tmp11 142 256
    80 packcolor *tmp12 0.2421875 0.1484375 0.5546875 255
    81 write *tmp12 bank1 10
-    * op add *tmp13 62 147
-    * op mod :createPalette:r 209 256
-    * op add *tmp15 38 87
-    * op mod :createPalette:g 125 256
-    * op add *tmp17 142 59
-    * op mod :createPalette:b 201 256
    82 label *label302
-    * op add :createPalette:i 10 1
-    * op div *tmp9 209 256
-    * op div *tmp10 125 256
-    * op div *tmp11 201 256
    83 packcolor *tmp12 0.81640625 0.48828125 0.78515625 255
    84 write *tmp12 bank1 11
-    * op add *tmp13 209 147
-    * op mod :createPalette:r 356 256
-    * op add *tmp15 125 87
-    * op mod :createPalette:g 212 256
-    * op add *tmp17 201 59
-    * op mod :createPalette:b 260 256
    85 label *label303
-    * op add :createPalette:i 11 1
-    * op div *tmp9 100 256
-    * op div *tmp10 212 256
-    * op div *tmp11 4 256
    86 packcolor *tmp12 0.390625 0.828125 0.015625 255
    87 write *tmp12 bank1 12
-    * op add *tmp13 100 147
-    * op mod :createPalette:r 247 256
-    * op add *tmp15 212 87
-    * op mod :createPalette:g 299 256
-    * op add *tmp17 4 59
-    * op mod :createPalette:b 63 256
    88 label *label304
-    * op add :createPalette:i 12 1
-    * op div *tmp9 247 256
-    * op div *tmp10 43 256
-    * op div *tmp11 63 256
    89 packcolor *tmp12 0.96484375 0.16796875 0.24609375 255
    90 write *tmp12 bank1 13
-    * op add *tmp13 247 147
-    * op mod :createPalette:r 394 256
-    * op add *tmp15 43 87
-    * op mod :createPalette:g 130 256
-    * op add *tmp17 63 59
-    * op mod :createPalette:b 122 256
    91 label *label305
-    * op add :createPalette:i 13 1
-    * op div *tmp9 138 256
-    * op div *tmp10 130 256
-    * op div *tmp11 122 256
    92 packcolor *tmp12 0.5390625 0.5078125 0.4765625 255
    93 write *tmp12 bank1 14
-    * op add *tmp13 138 147
-    * op mod :createPalette:r 285 256
-    * op add *tmp15 130 87
-    * op mod :createPalette:g 217 256
-    * op add *tmp17 122 59
-    * op mod :createPalette:b 181 256
    94 label *label306
-    * op add :createPalette:i 14 1
-    * op div *tmp9 29 256
-    * op div *tmp10 217 256
-    * op div *tmp11 181 256
    95 packcolor *tmp12 0.11328125 0.84765625 0.70703125 255
    96 write *tmp12 bank1 15
-    * op add *tmp13 29 147
-    * op mod :createPalette:r 176 256
-    * op add *tmp15 217 87
-    * op mod :createPalette:g 304 256
-    * op add *tmp17 181 59
-    * op mod :createPalette:b 240 256
    97 label *label307
-    * op add :createPalette:i 15 1
-    * op div *tmp9 176 256
-    * op div *tmp10 48 256
-    * op div *tmp11 240 256
    98 packcolor *tmp12 0.6875 0.1875 0.9375 255
    99 write *tmp12 bank1 16
-    * op add *tmp13 176 147
-    * op mod :createPalette:r 323 256
-    * op add *tmp15 48 87
-    * op mod :createPalette:g 135 256
-    * op add *tmp17 240 59
-    * op mod :createPalette:b 299 256
   100 label *label308
-    * op add :createPalette:i 16 1
-    * op div *tmp9 67 256
-    * op div *tmp10 135 256
-    * op div *tmp11 43 256
   101 packcolor *tmp12 0.26171875 0.52734375 0.16796875 255
   102 write *tmp12 bank1 17
-    * op add *tmp13 67 147
-    * op mod :createPalette:r 214 256
-    * op add *tmp15 135 87
-    * op mod :createPalette:g 222 256
-    * op add *tmp17 43 59
-    * op mod :createPalette:b 102 256
   103 label *label309
-    * op add :createPalette:i 17 1
-    * op div *tmp9 214 256
-    * op div *tmp10 222 256
-    * op div *tmp11 102 256
   104 packcolor *tmp12 0.8359375 0.8671875 0.3984375 255
   105 write *tmp12 bank1 18
-    * op add *tmp13 214 147
-    * op mod :createPalette:r 361 256
-    * op add *tmp15 222 87
-    * op mod :createPalette:g 309 256
-    * op add *tmp17 102 59
-    * op mod :createPalette:b 161 256
   106 label *label310
-    * op add :createPalette:i 18 1
-    * op div *tmp9 105 256
-    * op div *tmp10 53 256
-    * op div *tmp11 161 256
   107 packcolor *tmp12 0.41015625 0.20703125 0.62890625 255
   108 write *tmp12 bank1 19
-    * op add *tmp13 105 147
-    * op mod :createPalette:r 252 256
-    * op add *tmp15 53 87
-    * op mod :createPalette:g 140 256
-    * op add *tmp17 161 59
-    * op mod :createPalette:b 220 256
   109 label *label311
-    * op add :createPalette:i 19 1
-    * op div *tmp9 252 256
-    * op div *tmp10 140 256
-    * op div *tmp11 220 256
   110 packcolor *tmp12 0.984375 0.546875 0.859375 255
   111 write *tmp12 bank1 20
-    * op add *tmp13 252 147
-    * op mod :createPalette:r 399 256
-    * op add *tmp15 140 87
-    * op mod :createPalette:g 227 256
-    * op add *tmp17 220 59
-    * op mod :createPalette:b 279 256
   112 label *label312
-    * op add :createPalette:i 20 1
-    * op div *tmp9 143 256
-    * op div *tmp10 227 256
-    * op div *tmp11 23 256
   113 packcolor *tmp12 0.55859375 0.88671875 0.08984375 255
   114 write *tmp12 bank1 21
-    * op add *tmp13 143 147
-    * op mod :createPalette:r 290 256
-    * op add *tmp15 227 87
-    * op mod :createPalette:g 314 256
-    * op add *tmp17 23 59
-    * op mod :createPalette:b 82 256
   115 label *label313
-    * op add :createPalette:i 21 1
-    * op div *tmp9 34 256
-    * op div *tmp10 58 256
-    * op div *tmp11 82 256
   116 packcolor *tmp12 0.1328125 0.2265625 0.3203125 255
   117 write *tmp12 bank1 22
-    * op add *tmp13 34 147
-    * op mod :createPalette:r 181 256
-    * op add *tmp15 58 87
-    * op mod :createPalette:g 145 256
-    * op add *tmp17 82 59
-    * op mod :createPalette:b 141 256
   118 label *label314
-    * op add :createPalette:i 22 1
-    * op div *tmp9 181 256
-    * op div *tmp10 145 256
-    * op div *tmp11 141 256
   119 packcolor *tmp12 0.70703125 0.56640625 0.55078125 255
   120 write *tmp12 bank1 23
-    * op add *tmp13 181 147
-    * op mod :createPalette:r 328 256
-    * op add *tmp15 145 87
-    * op mod :createPalette:g 232 256
-    * op add *tmp17 141 59
-    * op mod :createPalette:b 200 256
   121 label *label315
-    * op add :createPalette:i 23 1
-    * op div *tmp9 72 256
-    * op div *tmp10 232 256
-    * op div *tmp11 200 256
   122 packcolor *tmp12 0.28125 0.90625 0.78125 255
   123 write *tmp12 bank1 24
-    * op add *tmp13 72 147
-    * op mod :createPalette:r 219 256
-    * op add *tmp15 232 87
-    * op mod :createPalette:g 319 256
-    * op add *tmp17 200 59
-    * op mod :createPalette:b 259 256
   124 label *label316
-    * op add :createPalette:i 24 1
-    * op div *tmp9 219 256
-    * op div *tmp10 63 256
-    * op div *tmp11 3 256
   125 packcolor *tmp12 0.85546875 0.24609375 0.01171875 255
   126 write *tmp12 bank1 25
-    * op add *tmp13 219 147
-    * op mod :createPalette:r 366 256
-    * op add *tmp15 63 87
-    * op mod :createPalette:g 150 256
-    * op add *tmp17 3 59
-    * op mod :createPalette:b 62 256
   127 label *label317
-    * op add :createPalette:i 25 1
-    * op div *tmp9 110 256
-    * op div *tmp10 150 256
-    * op div *tmp11 62 256
   128 packcolor *tmp12 0.4296875 0.5859375 0.2421875 255
   129 write *tmp12 bank1 26
-    * op add *tmp13 110 147
-    * op mod :createPalette:r 257 256
-    * op add *tmp15 150 87
-    * op mod :createPalette:g 237 256
-    * op add *tmp17 62 59
-    * op mod :createPalette:b 121 256
   130 label *label318
-    * op add :createPalette:i 26 1
-    * op div *tmp9 1 256
-    * op div *tmp10 237 256
-    * op div *tmp11 121 256
   131 packcolor *tmp12 0.00390625 0.92578125 0.47265625 255
   132 write *tmp12 bank1 27
-    * op add *tmp13 1 147
-    * op mod :createPalette:r 148 256
-    * op add *tmp15 237 87
-    * op mod :createPalette:g 324 256
-    * op add *tmp17 121 59
-    * op mod :createPalette:b 180 256
   133 label *label319
-    * op add :createPalette:i 27 1
-    * op div *tmp9 148 256
-    * op div *tmp10 68 256
-    * op div *tmp11 180 256
   134 packcolor *tmp12 0.578125 0.265625 0.703125 255
   135 write *tmp12 bank1 28
-    * op add *tmp13 148 147
-    * op mod :createPalette:r 295 256
-    * op add *tmp15 68 87
-    * op mod :createPalette:g 155 256
-    * op add *tmp17 180 59
-    * op mod :createPalette:b 239 256
   136 label *label320
-    * op add :createPalette:i 28 1
-    * op div *tmp9 39 256
-    * op div *tmp10 155 256
-    * op div *tmp11 239 256
   137 packcolor *tmp12 0.15234375 0.60546875 0.93359375 255
   138 write *tmp12 bank1 29
-    * op add *tmp13 39 147
-    * op mod :createPalette:r 186 256
-    * op add *tmp15 155 87
-    * op mod :createPalette:g 242 256
-    * op add *tmp17 239 59
-    * op mod :createPalette:b 298 256
   139 label *label321
-    * op add :createPalette:i 29 1
-    * op div *tmp9 186 256
-    * op div *tmp10 242 256
-    * op div *tmp11 42 256
   140 packcolor *tmp12 0.7265625 0.9453125 0.1640625 255
   141 write *tmp12 bank1 30
-    * op add *tmp13 186 147
-    * op mod :createPalette:r 333 256
-    * op add *tmp15 242 87
-    * op mod :createPalette:g 329 256
-    * op add *tmp17 42 59
-    * op mod :createPalette:b 101 256
   142 label *label322
-    * op add :createPalette:i 30 1
-    * op div *tmp9 77 256
-    * op div *tmp10 73 256
-    * op div *tmp11 101 256
   143 packcolor *tmp12 0.30078125 0.28515625 0.39453125 255
   144 write *tmp12 bank1 31
-    * op add *tmp13 77 147
-    * op mod :createPalette:r 224 256
-    * op add *tmp15 73 87
-    * op mod :createPalette:g 160 256
-    * op add *tmp17 101 59
-    * op mod :createPalette:b 160 256
   145 label *label323
-    * op add :createPalette:i 31 1
-    * op div *tmp9 224 256
-    * op div *tmp10 160 256
-    * op div *tmp11 160 256
   146 packcolor *tmp12 0.875 0.625 0.625 255
   147 write *tmp12 bank1 32
-    * op add *tmp13 224 147
-    * op mod :createPalette:r 371 256
-    * op add *tmp15 160 87
-    * op mod :createPalette:g 247 256
-    * op add *tmp17 160 59
-    * op mod :createPalette:b 219 256
   148 label *label324
-    * op add :createPalette:i 32 1
-    * op div *tmp9 115 256
-    * op div *tmp10 247 256
-    * op div *tmp11 219 256
   149 packcolor *tmp12 0.44921875 0.96484375 0.85546875 255
   150 write *tmp12 bank1 33
-    * op add *tmp13 115 147
-    * op mod :createPalette:r 262 256
-    * op add *tmp15 247 87
-    * op mod :createPalette:g 334 256
-    * op add *tmp17 219 59
-    * op mod :createPalette:b 278 256
   151 label *label325
-    * op add :createPalette:i 33 1
-    * op div *tmp9 6 256
-    * op div *tmp10 78 256
-    * op div *tmp11 22 256
   152 packcolor *tmp12 0.0234375 0.3046875 0.0859375 255
   153 write *tmp12 bank1 34
-    * op add *tmp13 6 147
-    * op mod :createPalette:r 153 256
-    * op add *tmp15 78 87
-    * op mod :createPalette:g 165 256
-    * op add *tmp17 22 59
-    * op mod :createPalette:b 81 256
   154 label *label326
-    * op add :createPalette:i 34 1
-    * op div *tmp9 153 256
-    * op div *tmp10 165 256
-    * op div *tmp11 81 256
   155 packcolor *tmp12 0.59765625 0.64453125 0.31640625 255
   156 write *tmp12 bank1 35
-    * op add *tmp13 153 147
-    * op mod :createPalette:r 300 256
-    * op add *tmp15 165 87
-    * op mod :createPalette:g 252 256
-    * op add *tmp17 81 59
-    * op mod :createPalette:b 140 256
   157 label *label327
-    * op add :createPalette:i 35 1
-    * op div *tmp9 44 256
-    * op div *tmp10 252 256
-    * op div *tmp11 140 256
   158 packcolor *tmp12 0.171875 0.984375 0.546875 255
   159 write *tmp12 bank1 36
-    * op add *tmp13 44 147
-    * op mod :createPalette:r 191 256
-    * op add *tmp15 252 87
-    * op mod :createPalette:g 339 256
-    * op add *tmp17 140 59
-    * op mod :createPalette:b 199 256
   160 label *label328
-    * op add :createPalette:i 36 1
-    * op div *tmp9 191 256
-    * op div *tmp10 83 256
-    * op div *tmp11 199 256
   161 packcolor *tmp12 0.74609375 0.32421875 0.77734375 255
   162 write *tmp12 bank1 37
-    * op add *tmp13 191 147
-    * op mod :createPalette:r 338 256
-    * op add *tmp15 83 87
-    * op mod :createPalette:g 170 256
-    * op add *tmp17 199 59
-    * op mod :createPalette:b 258 256
   163 label *label329
-    * op add :createPalette:i 37 1
-    * op div *tmp9 82 256
-    * op div *tmp10 170 256
-    * op div *tmp11 2 256
   164 packcolor *tmp12 0.3203125 0.6640625 0.0078125 255
   165 write *tmp12 bank1 38
-    * op add *tmp13 82 147
-    * op mod :createPalette:r 229 256
-    * op add *tmp15 170 87
-    * op mod :createPalette:g 257 256
-    * op add *tmp17 2 59
-    * op mod :createPalette:b 61 256
   166 label *label330
-    * op add :createPalette:i 38 1
-    * op div *tmp9 229 256
-    * op div *tmp10 1 256
-    * op div *tmp11 61 256
   167 packcolor *tmp12 0.89453125 0.00390625 0.23828125 255
   168 write *tmp12 bank1 39
-    * op add *tmp13 229 147
-    * op mod :createPalette:r 376 256
-    * op add *tmp15 1 87
-    * op mod :createPalette:g 88 256
-    * op add *tmp17 61 59
-    * op mod :createPalette:b 120 256
   169 label *label331
-    * op add :createPalette:i 39 1
-    * op div *tmp9 120 256
-    * op div *tmp10 88 256
-    * op div *tmp11 120 256
   170 packcolor *tmp12 0.46875 0.34375 0.46875 255
   171 write *tmp12 bank1 40
-    * op add *tmp13 120 147
-    * op mod :createPalette:r 267 256
-    * op add *tmp15 88 87
-    * op mod :createPalette:g 175 256
-    * op add *tmp17 120 59
-    * op mod :createPalette:b 179 256
   172 label *label332
-    * op add :createPalette:i 40 1
-    * op div *tmp9 11 256
-    * op div *tmp10 175 256
-    * op div *tmp11 179 256
   173 packcolor *tmp12 0.04296875 0.68359375 0.69921875 255
   174 write *tmp12 bank1 41
-    * op add *tmp13 11 147
-    * op mod :createPalette:r 158 256
-    * op add *tmp15 175 87
-    * op mod :createPalette:g 262 256
-    * op add *tmp17 179 59
-    * op mod :createPalette:b 238 256
   175 label *label333
-    * op add :createPalette:i 41 1
-    * op div *tmp9 158 256
-    * op div *tmp10 6 256
-    * op div *tmp11 238 256
   176 packcolor *tmp12 0.6171875 0.0234375 0.9296875 255
   177 write *tmp12 bank1 42
-    * op add *tmp13 158 147
-    * op mod :createPalette:r 305 256
-    * op add *tmp15 6 87
-    * op mod :createPalette:g 93 256
-    * op add *tmp17 238 59
-    * op mod :createPalette:b 297 256
   178 label *label334
-    * op add :createPalette:i 42 1
-    * op div *tmp9 49 256
-    * op div *tmp10 93 256
-    * op div *tmp11 41 256
   179 packcolor *tmp12 0.19140625 0.36328125 0.16015625 255
   180 write *tmp12 bank1 43
-    * op add *tmp13 49 147
-    * op mod :createPalette:r 196 256
-    * op add *tmp15 93 87
-    * op mod :createPalette:g 180 256
-    * op add *tmp17 41 59
-    * op mod :createPalette:b 100 256
   181 label *label335
-    * op add :createPalette:i 43 1
-    * op div *tmp9 196 256
-    * op div *tmp10 180 256
-    * op div *tmp11 100 256
   182 packcolor *tmp12 0.765625 0.703125 0.390625 255
   183 write *tmp12 bank1 44
-    * op add *tmp13 196 147
-    * op mod :createPalette:r 343 256
-    * op add *tmp15 180 87
-    * op mod :createPalette:g 267 256
-    * op add *tmp17 100 59
-    * op mod :createPalette:b 159 256
   184 label *label336
-    * op add :createPalette:i 44 1
-    * op div *tmp9 87 256
-    * op div *tmp10 11 256
-    * op div *tmp11 159 256
   185 packcolor *tmp12 0.33984375 0.04296875 0.62109375 255
   186 write *tmp12 bank1 45
-    * op add *tmp13 87 147
-    * op mod :createPalette:r 234 256
-    * op add *tmp15 11 87
-    * op mod :createPalette:g 98 256
-    * op add *tmp17 159 59
-    * op mod :createPalette:b 218 256
   187 label *label337
-    * op add :createPalette:i 45 1
-    * op div *tmp9 234 256
-    * op div *tmp10 98 256
-    * op div *tmp11 218 256
   188 packcolor *tmp12 0.9140625 0.3828125 0.8515625 255
   189 write *tmp12 bank1 46
-    * op add *tmp13 234 147
-    * op mod :createPalette:r 381 256
-    * op add *tmp15 98 87
-    * op mod :createPalette:g 185 256
-    * op add *tmp17 218 59
-    * op mod :createPalette:b 277 256
   190 label *label338
-    * op add :createPalette:i 46 1
-    * op div *tmp9 125 256
-    * op div *tmp10 185 256
-    * op div *tmp11 21 256
   191 packcolor *tmp12 0.48828125 0.72265625 0.08203125 255
   192 write *tmp12 bank1 47
-    * op add *tmp13 125 147
-    * op mod :createPalette:r 272 256
-    * op add *tmp15 185 87
-    * op mod :createPalette:g 272 256
-    * op add *tmp17 21 59
-    * op mod :createPalette:b 80 256
   193 label *label339
-    * op add :createPalette:i 47 1
-    * op div *tmp9 16 256
-    * op div *tmp10 16 256
-    * op div *tmp11 80 256
   194 packcolor *tmp12 0.0625 0.0625 0.3125 255
   195 write *tmp12 bank1 48
-    * op add *tmp13 16 147
-    * op mod :createPalette:r 163 256
-    * op add *tmp15 16 87
-    * op mod :createPalette:g 103 256
-    * op add *tmp17 80 59
-    * op mod :createPalette:b 139 256
   196 label *label340
-    * op add :createPalette:i 48 1
-    * op div *tmp9 163 256
-    * op div *tmp10 103 256
-    * op div *tmp11 139 256
   197 packcolor *tmp12 0.63671875 0.40234375 0.54296875 255
   198 write *tmp12 bank1 49
-    * op add *tmp13 163 147
-    * op mod :createPalette:r 310 256
-    * op add *tmp15 103 87
-    * op mod :createPalette:g 190 256
-    * op add *tmp17 139 59
-    * op mod :createPalette:b 198 256
   199 label *label341
-    * op add :createPalette:i 49 1
-    * op div *tmp9 54 256
-    * op div *tmp10 190 256
-    * op div *tmp11 198 256
   200 packcolor *tmp12 0.2109375 0.7421875 0.7734375 255
   201 write *tmp12 bank1 50
-    * op add *tmp13 54 147
-    * op mod :createPalette:r 201 256
-    * op add *tmp15 190 87
-    * op mod :createPalette:g 277 256
-    * op add *tmp17 198 59
-    * op mod :createPalette:b 257 256
   202 label *label342
-    * op add :createPalette:i 50 1
-    * op div *tmp9 201 256
-    * op div *tmp10 21 256
-    * op div *tmp11 1 256
   203 packcolor *tmp12 0.78515625 0.08203125 0.00390625 255
   204 write *tmp12 bank1 51
-    * op add *tmp13 201 147
-    * op mod :createPalette:r 348 256
-    * op add *tmp15 21 87
-    * op mod :createPalette:g 108 256
-    * op add *tmp17 1 59
-    * op mod :createPalette:b 60 256
   205 label *label343
-    * op add :createPalette:i 51 1
-    * op div *tmp9 92 256
-    * op div *tmp10 108 256
-    * op div *tmp11 60 256
   206 packcolor *tmp12 0.359375 0.421875 0.234375 255
   207 write *tmp12 bank1 52
-    * op add *tmp13 92 147
-    * op mod :createPalette:r 239 256
-    * op add *tmp15 108 87
-    * op mod :createPalette:g 195 256
-    * op add *tmp17 60 59
-    * op mod :createPalette:b 119 256
   208 label *label344
-    * op add :createPalette:i 52 1
-    * op div *tmp9 239 256
-    * op div *tmp10 195 256
-    * op div *tmp11 119 256
   209 packcolor *tmp12 0.93359375 0.76171875 0.46484375 255
   210 write *tmp12 bank1 53
-    * op add *tmp13 239 147
-    * op mod :createPalette:r 386 256
-    * op add *tmp15 195 87
-    * op mod :createPalette:g 282 256
-    * op add *tmp17 119 59
-    * op mod :createPalette:b 178 256
   211 label *label345
-    * op add :createPalette:i 53 1
-    * op div *tmp9 130 256
-    * op div *tmp10 26 256
-    * op div *tmp11 178 256
   212 packcolor *tmp12 0.5078125 0.1015625 0.6953125 255
   213 write *tmp12 bank1 54
-    * op add *tmp13 130 147
-    * op mod :createPalette:r 277 256
-    * op add *tmp15 26 87
-    * op mod :createPalette:g 113 256
-    * op add *tmp17 178 59
-    * op mod :createPalette:b 237 256
   214 label *label346
-    * op add :createPalette:i 54 1
-    * op div *tmp9 21 256
-    * op div *tmp10 113 256
-    * op div *tmp11 237 256
   215 packcolor *tmp12 0.08203125 0.44140625 0.92578125 255
   216 write *tmp12 bank1 55
-    * op add *tmp13 21 147
-    * op mod :createPalette:r 168 256
-    * op add *tmp15 113 87
-    * op mod :createPalette:g 200 256
-    * op add *tmp17 237 59
-    * op mod :createPalette:b 296 256
   217 label *label347
-    * op add :createPalette:i 55 1
-    * op div *tmp9 168 256
-    * op div *tmp10 200 256
-    * op div *tmp11 40 256
   218 packcolor *tmp12 0.65625 0.78125 0.15625 255
   219 write *tmp12 bank1 56
-    * op add *tmp13 168 147
-    * op mod :createPalette:r 315 256
-    * op add *tmp15 200 87
-    * op mod :createPalette:g 287 256
-    * op add *tmp17 40 59
-    * op mod :createPalette:b 99 256
   220 label *label348
-    * op add :createPalette:i 56 1
-    * op div *tmp9 59 256
-    * op div *tmp10 31 256
-    * op div *tmp11 99 256
   221 packcolor *tmp12 0.23046875 0.12109375 0.38671875 255
   222 write *tmp12 bank1 57
-    * op add *tmp13 59 147
-    * op mod :createPalette:r 206 256
-    * op add *tmp15 31 87
-    * op mod :createPalette:g 118 256
-    * op add *tmp17 99 59
-    * op mod :createPalette:b 158 256
   223 label *label349
-    * op add :createPalette:i 57 1
-    * op div *tmp9 206 256
-    * op div *tmp10 118 256
-    * op div *tmp11 158 256
   224 packcolor *tmp12 0.8046875 0.4609375 0.6171875 255
   225 write *tmp12 bank1 58
-    * op add *tmp13 206 147
-    * op mod :createPalette:r 353 256
-    * op add *tmp15 118 87
-    * op mod :createPalette:g 205 256
-    * op add *tmp17 158 59
-    * op mod :createPalette:b 217 256
   226 label *label350
-    * op add :createPalette:i 58 1
-    * op div *tmp9 97 256
-    * op div *tmp10 205 256
-    * op div *tmp11 217 256
   227 packcolor *tmp12 0.37890625 0.80078125 0.84765625 255
   228 write *tmp12 bank1 59
-    * op add *tmp13 97 147
-    * op mod :createPalette:r 244 256
-    * op add *tmp15 205 87
-    * op mod :createPalette:g 292 256
-    * op add *tmp17 217 59
-    * op mod :createPalette:b 276 256
   229 label *label351
-    * op add :createPalette:i 59 1
-    * op div *tmp9 244 256
-    * op div *tmp10 36 256
-    * op div *tmp11 20 256
   230 packcolor *tmp12 0.953125 0.140625 0.078125 255
   231 write *tmp12 bank1 60
-    * op add *tmp13 244 147
-    * op mod :createPalette:r 391 256
-    * op add *tmp15 36 87
-    * op mod :createPalette:g 123 256
-    * op add *tmp17 20 59
-    * op mod :createPalette:b 79 256
   232 label *label352
-    * op add :createPalette:i 60 1
-    * op div *tmp9 135 256
-    * op div *tmp10 123 256
-    * op div *tmp11 79 256
   233 packcolor *tmp12 0.52734375 0.48046875 0.30859375 255
   234 write *tmp12 bank1 61
-    * op add *tmp13 135 147
-    * op mod :createPalette:r 282 256
-    * op add *tmp15 123 87
-    * op mod :createPalette:g 210 256
-    * op add *tmp17 79 59
-    * op mod :createPalette:b 138 256
   235 label *label353
-    * op add :createPalette:i 61 1
-    * op div *tmp9 26 256
-    * op div *tmp10 210 256
-    * op div *tmp11 138 256
   236 packcolor *tmp12 0.1015625 0.8203125 0.5390625 255
   237 write *tmp12 bank1 62
-    * op add *tmp13 26 147
-    * op mod :createPalette:r 173 256
-    * op add *tmp15 210 87
-    * op mod :createPalette:g 297 256
-    * op add *tmp17 138 59
-    * op mod :createPalette:b 197 256
   238 label *label354
-    * op add :createPalette:i 62 1
   239 label *label19
   240 write %[black] bank1 63
   241 label *label16
 
   600 label *label116
   601 set :handleTopRowButtons:updateBookmarks :updateBookmarks
   602 label *label163
-    * set :handleTopRowButtons:switch switch10
   603 jump *label164 notEqual 0 .bookmark
   604 control enabled switch10 true
   605 jump *label169 always
 
   620 label *label168
   621 label *label169
   622 label *label170
-    * set :handleTopRowButtons:switch switch11
   623 jump *label171 notEqual 1 .bookmark
   624 control enabled switch11 true
   625 jump *label176 always
 
   640 label *label175
   641 label *label176
   642 label *label177
-    * set :handleTopRowButtons:switch switch12
   643 jump *label178 notEqual 2 .bookmark
   644 control enabled switch12 true
   645 jump *label183 always
 
   660 label *label182
   661 label *label183
   662 label *label184
-    * set :handleTopRowButtons:switch switch13
   663 jump *label185 notEqual 3 .bookmark
   664 control enabled switch13 true
   665 jump *label190 always
 
   680 label *label189
   681 label *label190
   682 label *label191
-    * set :handleTopRowButtons:switch switch14
   683 jump *label192 notEqual 4 .bookmark
   684 control enabled switch14 true
   685 jump *label197 always
 
   700 label *label196
   701 label *label197
   702 label *label198
-    * set :handleTopRowButtons:switch switch15
   703 jump *label199 notEqual 5 .bookmark
   704 control enabled switch15 true
   705 jump *label204 always
 
   720 label *label203
   721 label *label204
   722 label *label205
-    * set :handleTopRowButtons:switch switch16
   723 jump *label206 notEqual 6 .bookmark
   724 control enabled switch16 true
   725 jump *label211 always
 
   740 label *label210
   741 label *label211
   742 label *label212
-    * set :handleTopRowButtons:switch switch17
   743 jump *label213 notEqual 7 .bookmark
   744 control enabled switch17 true
   745 jump *label218 always
 
   760 label *label217
   761 label *label218
   762 label *label219
-    * set :handleTopRowButtons:switch switch18
   763 jump *label220 notEqual 8 .bookmark
   764 control enabled switch18 true
   765 jump *label225 always
 
   780 label *label224
   781 label *label225
   782 label *label226
-    * set :handleTopRowButtons:switch switch19
   783 jump *label227 notEqual 9 .bookmark
   784 control enabled switch19 true
   785 jump *label232 always
 
   800 label *label231
   801 label *label232
   802 label *label233
-    * set :handleTopRowButtons:switch switch20
   803 jump *label234 notEqual 10 .bookmark
   804 control enabled switch20 true
   805 jump *label239 always
 
   820 label *label238
   821 label *label239
   822 label *label240
-    * set :handleTopRowButtons:switch switch21
   823 jump *label241 notEqual 11 .bookmark
   824 control enabled switch21 true
   825 jump *label246 always
 
   840 label *label245
   841 label *label246
   842 label *label247
-    * set :handleTopRowButtons:switch switch22
   843 jump *label248 notEqual 12 .bookmark
   844 control enabled switch22 true
   845 jump *label253 always
 
   862 label *label254
   863 label *label121
   864 label *label255
-    * set :handleTopRowButtons:switch.1 switch23
   865 jump *label256 notEqual 0 .palette
   866 control enabled switch23 true
   867 jump *label261 always
 
   885 label *label260
   886 label *label261
   887 label *label262
-    * set :handleTopRowButtons:switch.1 switch24
   888 jump *label263 notEqual 1 .palette
   889 control enabled switch24 true
   890 jump *label268 always
 
   908 label *label267
   909 label *label268
   910 label *label269
-    * set :handleTopRowButtons:switch.1 switch25
   911 jump *label270 notEqual 2 .palette
   912 control enabled switch25 true
   913 jump *label275 always
 
   931 label *label274
   932 label *label275
   933 label *label276
-    * set :handleTopRowButtons:switch.1 switch26
   934 jump *label277 notEqual 3 .palette
   935 control enabled switch26 true
   936 jump *label282 always
 
   954 label *label281
   955 label *label282
   956 label *label283
-    * set :handleTopRowButtons:switch.1 switch27
   957 jump *label284 notEqual 4 .palette
   958 control enabled switch27 true
   959 jump *label289 always

Modifications by Iterated phase, Expression Optimization, pass 4, iteration 1:
 
    47 print "Initializing..."
    48 printflush message1
    49 label *label291
-    * packcolor *tmp12 0.5 0.75 0.25 255
+   50 set *tmp12 %7fbf3f
    51 write *tmp12 bank1 0
    52 label *label292
-    * packcolor *tmp12 0.07421875 0.08984375 0.48046875 255
+   53 set *tmp12 %12167a
    54 write *tmp12 bank1 1
    55 label *label293
-    * packcolor *tmp12 0.6484375 0.4296875 0.7109375 255
+   56 set *tmp12 %a56db5
    57 write *tmp12 bank1 2
    58 label *label294
-    * packcolor *tmp12 0.22265625 0.76953125 0.94140625 255
+   59 set *tmp12 %38c4f0
    60 write *tmp12 bank1 3
    61 label *label295
-    * packcolor *tmp12 0.796875 0.109375 0.171875 255
+   62 set *tmp12 %cb1b2b
    63 write *tmp12 bank1 4
    64 label *label296
-    * packcolor *tmp12 0.37109375 0.44921875 0.40234375 255
+   65 set *tmp12 %5e7266
    66 write *tmp12 bank1 5
    67 label *label297
-    * packcolor *tmp12 0.9453125 0.7890625 0.6328125 255
+   68 set *tmp12 %f1c9a1
    69 write *tmp12 bank1 6
    70 label *label298
-    * packcolor *tmp12 0.51953125 0.12890625 0.86328125 255
+   71 set *tmp12 %8420dc
    72 write *tmp12 bank1 7
    73 label *label299
-    * packcolor *tmp12 0.09375 0.46875 0.09375 255
+   74 set *tmp12 %177717
    75 write *tmp12 bank1 8
    76 label *label300
-    * packcolor *tmp12 0.66796875 0.80859375 0.32421875 255
+   77 set *tmp12 %aace52
    78 write *tmp12 bank1 9
    79 label *label301
-    * packcolor *tmp12 0.2421875 0.1484375 0.5546875 255
+   80 set *tmp12 %3d258d
    81 write *tmp12 bank1 10
    82 label *label302
-    * packcolor *tmp12 0.81640625 0.48828125 0.78515625 255
+   83 set *tmp12 %d07cc8
    84 write *tmp12 bank1 11
    85 label *label303
-    * packcolor *tmp12 0.390625 0.828125 0.015625 255
+   86 set *tmp12 %63d303
    87 write *tmp12 bank1 12
    88 label *label304
-    * packcolor *tmp12 0.96484375 0.16796875 0.24609375 255
+   89 set *tmp12 %f62a3e
    90 write *tmp12 bank1 13
    91 label *label305
-    * packcolor *tmp12 0.5390625 0.5078125 0.4765625 255
+   92 set *tmp12 %898179
    93 write *tmp12 bank1 14
    94 label *label306
-    * packcolor *tmp12 0.11328125 0.84765625 0.70703125 255
+   95 set *tmp12 %1cd8b4
    96 write *tmp12 bank1 15
    97 label *label307
-    * packcolor *tmp12 0.6875 0.1875 0.9375 255
+   98 set *tmp12 %af2fef
    99 write *tmp12 bank1 16
   100 label *label308
-    * packcolor *tmp12 0.26171875 0.52734375 0.16796875 255
+  101 set *tmp12 %42862a
   102 write *tmp12 bank1 17
   103 label *label309
-    * packcolor *tmp12 0.8359375 0.8671875 0.3984375 255
+  104 set *tmp12 %d5dd65
   105 write *tmp12 bank1 18
   106 label *label310
-    * packcolor *tmp12 0.41015625 0.20703125 0.62890625 255
+  107 set *tmp12 %6834a0
   108 write *tmp12 bank1 19
   109 label *label311
-    * packcolor *tmp12 0.984375 0.546875 0.859375 255
+  110 set *tmp12 %fb8bdb
   111 write *tmp12 bank1 20
   112 label *label312
-    * packcolor *tmp12 0.55859375 0.88671875 0.08984375 255
+  113 set *tmp12 %8ee216
   114 write *tmp12 bank1 21
   115 label *label313
-    * packcolor *tmp12 0.1328125 0.2265625 0.3203125 255
+  116 set *tmp12 %213951
   117 write *tmp12 bank1 22
   118 label *label314
-    * packcolor *tmp12 0.70703125 0.56640625 0.55078125 255
+  119 set *tmp12 %b4908c
   120 write *tmp12 bank1 23
   121 label *label315
-    * packcolor *tmp12 0.28125 0.90625 0.78125 255
+  122 set *tmp12 %47e7c7
   123 write *tmp12 bank1 24
   124 label *label316
-    * packcolor *tmp12 0.85546875 0.24609375 0.01171875 255
+  125 set *tmp12 %da3e02
   126 write *tmp12 bank1 25
   127 label *label317
-    * packcolor *tmp12 0.4296875 0.5859375 0.2421875 255
+  128 set *tmp12 %6d953d
   129 write *tmp12 bank1 26
   130 label *label318
-    * packcolor *tmp12 0.00390625 0.92578125 0.47265625 255
+  131 set *tmp12 %00ec78
   132 write *tmp12 bank1 27
   133 label *label319
-    * packcolor *tmp12 0.578125 0.265625 0.703125 255
+  134 set *tmp12 %9343b3
   135 write *tmp12 bank1 28
   136 label *label320
-    * packcolor *tmp12 0.15234375 0.60546875 0.93359375 255
+  137 set *tmp12 %269aee
   138 write *tmp12 bank1 29
   139 label *label321
-    * packcolor *tmp12 0.7265625 0.9453125 0.1640625 255
+  140 set *tmp12 %b9f129
   141 write *tmp12 bank1 30
   142 label *label322
-    * packcolor *tmp12 0.30078125 0.28515625 0.39453125 255
+  143 set *tmp12 %4c4864
   144 write *tmp12 bank1 31
   145 label *label323
-    * packcolor *tmp12 0.875 0.625 0.625 255
+  146 set *tmp12 %df9f9f
   147 write *tmp12 bank1 32
   148 label *label324
-    * packcolor *tmp12 0.44921875 0.96484375 0.85546875 255
+  149 set *tmp12 %72f6da
   150 write *tmp12 bank1 33
   151 label *label325
-    * packcolor *tmp12 0.0234375 0.3046875 0.0859375 255
+  152 set *tmp12 %054d15
   153 write *tmp12 bank1 34
   154 label *label326
-    * packcolor *tmp12 0.59765625 0.64453125 0.31640625 255
+  155 set *tmp12 %98a450
   156 write *tmp12 bank1 35
   157 label *label327
-    * packcolor *tmp12 0.171875 0.984375 0.546875 255
+  158 set *tmp12 %2bfb8b
   159 write *tmp12 bank1 36
   160 label *label328
-    * packcolor *tmp12 0.74609375 0.32421875 0.77734375 255
+  161 set *tmp12 %be52c6
   162 write *tmp12 bank1 37
   163 label *label329
-    * packcolor *tmp12 0.3203125 0.6640625 0.0078125 255
+  164 set *tmp12 %51a901
   165 write *tmp12 bank1 38
   166 label *label330
-    * packcolor *tmp12 0.89453125 0.00390625 0.23828125 255
+  167 set *tmp12 %e4003c
   168 write *tmp12 bank1 39
   169 label *label331
-    * packcolor *tmp12 0.46875 0.34375 0.46875 255
+  170 set *tmp12 %775777
   171 write *tmp12 bank1 40
   172 label *label332
-    * packcolor *tmp12 0.04296875 0.68359375 0.69921875 255
+  173 set *tmp12 %0aaeb2
   174 write *tmp12 bank1 41
   175 label *label333
-    * packcolor *tmp12 0.6171875 0.0234375 0.9296875 255
+  176 set *tmp12 %9d05ed
   177 write *tmp12 bank1 42
   178 label *label334
-    * packcolor *tmp12 0.19140625 0.36328125 0.16015625 255
+  179 set *tmp12 %305c28
   180 write *tmp12 bank1 43
   181 label *label335
-    * packcolor *tmp12 0.765625 0.703125 0.390625 255
+  182 set *tmp12 %c3b363
   183 write *tmp12 bank1 44
   184 label *label336
-    * packcolor *tmp12 0.33984375 0.04296875 0.62109375 255
+  185 set *tmp12 %560a9e
   186 write *tmp12 bank1 45
   187 label *label337
-    * packcolor *tmp12 0.9140625 0.3828125 0.8515625 255
+  188 set *tmp12 %e961d9
   189 write *tmp12 bank1 46
   190 label *label338
-    * packcolor *tmp12 0.48828125 0.72265625 0.08203125 255
+  191 set *tmp12 %7cb814
   192 write *tmp12 bank1 47
   193 label *label339
-    * packcolor *tmp12 0.0625 0.0625 0.3125 255
+  194 set *tmp12 %0f0f4f
   195 write *tmp12 bank1 48
   196 label *label340
-    * packcolor *tmp12 0.63671875 0.40234375 0.54296875 255
+  197 set *tmp12 %a2668a
   198 write *tmp12 bank1 49
   199 label *label341
-    * packcolor *tmp12 0.2109375 0.7421875 0.7734375 255
+  200 set *tmp12 %35bdc5
   201 write *tmp12 bank1 50
   202 label *label342
-    * packcolor *tmp12 0.78515625 0.08203125 0.00390625 255
+  203 set *tmp12 %c81400
   204 write *tmp12 bank1 51
   205 label *label343
-    * packcolor *tmp12 0.359375 0.421875 0.234375 255
+  206 set *tmp12 %5b6b3b
   207 write *tmp12 bank1 52
   208 label *label344
-    * packcolor *tmp12 0.93359375 0.76171875 0.46484375 255
+  209 set *tmp12 %eec276
   210 write *tmp12 bank1 53
   211 label *label345
-    * packcolor *tmp12 0.5078125 0.1015625 0.6953125 255
+  212 set *tmp12 %8119b1
   213 write *tmp12 bank1 54
   214 label *label346
-    * packcolor *tmp12 0.08203125 0.44140625 0.92578125 255
+  215 set *tmp12 %1470ec
   216 write *tmp12 bank1 55
   217 label *label347
-    * packcolor *tmp12 0.65625 0.78125 0.15625 255
+  218 set *tmp12 %a7c727
   219 write *tmp12 bank1 56
   220 label *label348
-    * packcolor *tmp12 0.23046875 0.12109375 0.38671875 255
+  221 set *tmp12 %3a1e62
   222 write *tmp12 bank1 57
   223 label *label349
-    * packcolor *tmp12 0.8046875 0.4609375 0.6171875 255
+  224 set *tmp12 %cd759d
   225 write *tmp12 bank1 58
   226 label *label350
-    * packcolor *tmp12 0.37890625 0.80078125 0.84765625 255
+  227 set *tmp12 %60ccd8
   228 write *tmp12 bank1 59
   229 label *label351
-    * packcolor *tmp12 0.953125 0.140625 0.078125 255
+  230 set *tmp12 %f32313
   231 write *tmp12 bank1 60
   232 label *label352
-    * packcolor *tmp12 0.52734375 0.48046875 0.30859375 255
+  233 set *tmp12 %867a4e
   234 write *tmp12 bank1 61
   235 label *label353
-    * packcolor *tmp12 0.1015625 0.8203125 0.5390625 255
+  236 set *tmp12 %19d189
   237 write *tmp12 bank1 62
   238 label *label354
   239 label *label19

Modifications by Iterated phase, Data Flow Optimization, pass 5, iteration 1:
 
    48 printflush message1
    49 label *label291
    50 set *tmp12 %7fbf3f
-    * write *tmp12 bank1 0
+   51 write %7fbf3f bank1 0
    52 label *label292
    53 set *tmp12 %12167a
-    * write *tmp12 bank1 1
+   54 write %12167a bank1 1
    55 label *label293
    56 set *tmp12 %a56db5
-    * write *tmp12 bank1 2
+   57 write %a56db5 bank1 2
    58 label *label294
    59 set *tmp12 %38c4f0
-    * write *tmp12 bank1 3
+   60 write %38c4f0 bank1 3
    61 label *label295
    62 set *tmp12 %cb1b2b
-    * write *tmp12 bank1 4
+   63 write %cb1b2b bank1 4
    64 label *label296
    65 set *tmp12 %5e7266
-    * write *tmp12 bank1 5
+   66 write %5e7266 bank1 5
    67 label *label297
    68 set *tmp12 %f1c9a1
-    * write *tmp12 bank1 6
+   69 write %f1c9a1 bank1 6
    70 label *label298
    71 set *tmp12 %8420dc
-    * write *tmp12 bank1 7
+   72 write %8420dc bank1 7
    73 label *label299
    74 set *tmp12 %177717
-    * write *tmp12 bank1 8
+   75 write %177717 bank1 8
    76 label *label300
    77 set *tmp12 %aace52
-    * write *tmp12 bank1 9
+   78 write %aace52 bank1 9
    79 label *label301
    80 set *tmp12 %3d258d
-    * write *tmp12 bank1 10
+   81 write %3d258d bank1 10
    82 label *label302
    83 set *tmp12 %d07cc8
-    * write *tmp12 bank1 11
+   84 write %d07cc8 bank1 11
    85 label *label303
    86 set *tmp12 %63d303
-    * write *tmp12 bank1 12
+   87 write %63d303 bank1 12
    88 label *label304
    89 set *tmp12 %f62a3e
-    * write *tmp12 bank1 13
+   90 write %f62a3e bank1 13
    91 label *label305
    92 set *tmp12 %898179
-    * write *tmp12 bank1 14
+   93 write %898179 bank1 14
    94 label *label306
    95 set *tmp12 %1cd8b4
-    * write *tmp12 bank1 15
+   96 write %1cd8b4 bank1 15
    97 label *label307
    98 set *tmp12 %af2fef
-    * write *tmp12 bank1 16
+   99 write %af2fef bank1 16
   100 label *label308
   101 set *tmp12 %42862a
-    * write *tmp12 bank1 17
+  102 write %42862a bank1 17
   103 label *label309
   104 set *tmp12 %d5dd65
-    * write *tmp12 bank1 18
+  105 write %d5dd65 bank1 18
   106 label *label310
   107 set *tmp12 %6834a0
-    * write *tmp12 bank1 19
+  108 write %6834a0 bank1 19
   109 label *label311
   110 set *tmp12 %fb8bdb
-    * write *tmp12 bank1 20
+  111 write %fb8bdb bank1 20
   112 label *label312
   113 set *tmp12 %8ee216
-    * write *tmp12 bank1 21
+  114 write %8ee216 bank1 21
   115 label *label313
   116 set *tmp12 %213951
-    * write *tmp12 bank1 22
+  117 write %213951 bank1 22
   118 label *label314
   119 set *tmp12 %b4908c
-    * write *tmp12 bank1 23
+  120 write %b4908c bank1 23
   121 label *label315
   122 set *tmp12 %47e7c7
-    * write *tmp12 bank1 24
+  123 write %47e7c7 bank1 24
   124 label *label316
   125 set *tmp12 %da3e02
-    * write *tmp12 bank1 25
+  126 write %da3e02 bank1 25
   127 label *label317
   128 set *tmp12 %6d953d
-    * write *tmp12 bank1 26
+  129 write %6d953d bank1 26
   130 label *label318
   131 set *tmp12 %00ec78
-    * write *tmp12 bank1 27
+  132 write %00ec78 bank1 27
   133 label *label319
   134 set *tmp12 %9343b3
-    * write *tmp12 bank1 28
+  135 write %9343b3 bank1 28
   136 label *label320
   137 set *tmp12 %269aee
-    * write *tmp12 bank1 29
+  138 write %269aee bank1 29
   139 label *label321
   140 set *tmp12 %b9f129
-    * write *tmp12 bank1 30
+  141 write %b9f129 bank1 30
   142 label *label322
   143 set *tmp12 %4c4864
-    * write *tmp12 bank1 31
+  144 write %4c4864 bank1 31
   145 label *label323
   146 set *tmp12 %df9f9f
-    * write *tmp12 bank1 32
+  147 write %df9f9f bank1 32
   148 label *label324
   149 set *tmp12 %72f6da
-    * write *tmp12 bank1 33
+  150 write %72f6da bank1 33
   151 label *label325
   152 set *tmp12 %054d15
-    * write *tmp12 bank1 34
+  153 write %054d15 bank1 34
   154 label *label326
   155 set *tmp12 %98a450
-    * write *tmp12 bank1 35
+  156 write %98a450 bank1 35
   157 label *label327
   158 set *tmp12 %2bfb8b
-    * write *tmp12 bank1 36
+  159 write %2bfb8b bank1 36
   160 label *label328
   161 set *tmp12 %be52c6
-    * write *tmp12 bank1 37
+  162 write %be52c6 bank1 37
   163 label *label329
   164 set *tmp12 %51a901
-    * write *tmp12 bank1 38
+  165 write %51a901 bank1 38
   166 label *label330
   167 set *tmp12 %e4003c
-    * write *tmp12 bank1 39
+  168 write %e4003c bank1 39
   169 label *label331
   170 set *tmp12 %775777
-    * write *tmp12 bank1 40
+  171 write %775777 bank1 40
   172 label *label332
   173 set *tmp12 %0aaeb2
-    * write *tmp12 bank1 41
+  174 write %0aaeb2 bank1 41
   175 label *label333
   176 set *tmp12 %9d05ed
-    * write *tmp12 bank1 42
+  177 write %9d05ed bank1 42
   178 label *label334
   179 set *tmp12 %305c28
-    * write *tmp12 bank1 43
+  180 write %305c28 bank1 43
   181 label *label335
   182 set *tmp12 %c3b363
-    * write *tmp12 bank1 44
+  183 write %c3b363 bank1 44
   184 label *label336
   185 set *tmp12 %560a9e
-    * write *tmp12 bank1 45
+  186 write %560a9e bank1 45
   187 label *label337
   188 set *tmp12 %e961d9
-    * write *tmp12 bank1 46
+  189 write %e961d9 bank1 46
   190 label *label338
   191 set *tmp12 %7cb814
-    * write *tmp12 bank1 47
+  192 write %7cb814 bank1 47
   193 label *label339
   194 set *tmp12 %0f0f4f
-    * write *tmp12 bank1 48
+  195 write %0f0f4f bank1 48
   196 label *label340
   197 set *tmp12 %a2668a
-    * write *tmp12 bank1 49
+  198 write %a2668a bank1 49
   199 label *label341
   200 set *tmp12 %35bdc5
-    * write *tmp12 bank1 50
+  201 write %35bdc5 bank1 50
   202 label *label342
   203 set *tmp12 %c81400
-    * write *tmp12 bank1 51
+  204 write %c81400 bank1 51
   205 label *label343
   206 set *tmp12 %5b6b3b
-    * write *tmp12 bank1 52
+  207 write %5b6b3b bank1 52
   208 label *label344
   209 set *tmp12 %eec276
-    * write *tmp12 bank1 53
+  210 write %eec276 bank1 53
   211 label *label345
   212 set *tmp12 %8119b1
-    * write *tmp12 bank1 54
+  213 write %8119b1 bank1 54
   214 label *label346
   215 set *tmp12 %1470ec
-    * write *tmp12 bank1 55
+  216 write %1470ec bank1 55
   217 label *label347
   218 set *tmp12 %a7c727
-    * write *tmp12 bank1 56
+  219 write %a7c727 bank1 56
   220 label *label348
   221 set *tmp12 %3a1e62
-    * write *tmp12 bank1 57
+  222 write %3a1e62 bank1 57
   223 label *label349
   224 set *tmp12 %cd759d
-    * write *tmp12 bank1 58
+  225 write %cd759d bank1 58
   226 label *label350
   227 set *tmp12 %60ccd8
-    * write *tmp12 bank1 59
+  228 write %60ccd8 bank1 59
   229 label *label351
   230 set *tmp12 %f32313
-    * write *tmp12 bank1 60
+  231 write %f32313 bank1 60
   232 label *label352
   233 set *tmp12 %867a4e
-    * write *tmp12 bank1 61
+  234 write %867a4e bank1 61
   235 label *label353
   236 set *tmp12 %19d189
-    * write *tmp12 bank1 62
+  237 write %19d189 bank1 62
   238 label *label354
   239 label *label19
   240 write %[black] bank1 63

Modifications by Iterated phase, Data Flow Optimization, pass 5, iteration 2 (-63 instructions):
 
    47 print "Initializing..."
    48 printflush message1
    49 label *label291
-    * set *tmp12 %7fbf3f
    50 write %7fbf3f bank1 0
    51 label *label292
-    * set *tmp12 %12167a
    52 write %12167a bank1 1
    53 label *label293
-    * set *tmp12 %a56db5
    54 write %a56db5 bank1 2
    55 label *label294
-    * set *tmp12 %38c4f0
    56 write %38c4f0 bank1 3
    57 label *label295
-    * set *tmp12 %cb1b2b
    58 write %cb1b2b bank1 4
    59 label *label296
-    * set *tmp12 %5e7266
    60 write %5e7266 bank1 5
    61 label *label297
-    * set *tmp12 %f1c9a1
    62 write %f1c9a1 bank1 6
    63 label *label298
-    * set *tmp12 %8420dc
    64 write %8420dc bank1 7
    65 label *label299
-    * set *tmp12 %177717
    66 write %177717 bank1 8
    67 label *label300
-    * set *tmp12 %aace52
    68 write %aace52 bank1 9
    69 label *label301
-    * set *tmp12 %3d258d
    70 write %3d258d bank1 10
    71 label *label302
-    * set *tmp12 %d07cc8
    72 write %d07cc8 bank1 11
    73 label *label303
-    * set *tmp12 %63d303
    74 write %63d303 bank1 12
    75 label *label304
-    * set *tmp12 %f62a3e
    76 write %f62a3e bank1 13
    77 label *label305
-    * set *tmp12 %898179
    78 write %898179 bank1 14
    79 label *label306
-    * set *tmp12 %1cd8b4
    80 write %1cd8b4 bank1 15
    81 label *label307
-    * set *tmp12 %af2fef
    82 write %af2fef bank1 16
    83 label *label308
-    * set *tmp12 %42862a
    84 write %42862a bank1 17
    85 label *label309
-    * set *tmp12 %d5dd65
    86 write %d5dd65 bank1 18
    87 label *label310
-    * set *tmp12 %6834a0
    88 write %6834a0 bank1 19
    89 label *label311
-    * set *tmp12 %fb8bdb
    90 write %fb8bdb bank1 20
    91 label *label312
-    * set *tmp12 %8ee216
    92 write %8ee216 bank1 21
    93 label *label313
-    * set *tmp12 %213951
    94 write %213951 bank1 22
    95 label *label314
-    * set *tmp12 %b4908c
    96 write %b4908c bank1 23
    97 label *label315
-    * set *tmp12 %47e7c7
    98 write %47e7c7 bank1 24
    99 label *label316
-    * set *tmp12 %da3e02
   100 write %da3e02 bank1 25
   101 label *label317
-    * set *tmp12 %6d953d
   102 write %6d953d bank1 26
   103 label *label318
-    * set *tmp12 %00ec78
   104 write %00ec78 bank1 27
   105 label *label319
-    * set *tmp12 %9343b3
   106 write %9343b3 bank1 28
   107 label *label320
-    * set *tmp12 %269aee
   108 write %269aee bank1 29
   109 label *label321
-    * set *tmp12 %b9f129
   110 write %b9f129 bank1 30
   111 label *label322
-    * set *tmp12 %4c4864
   112 write %4c4864 bank1 31
   113 label *label323
-    * set *tmp12 %df9f9f
   114 write %df9f9f bank1 32
   115 label *label324
-    * set *tmp12 %72f6da
   116 write %72f6da bank1 33
   117 label *label325
-    * set *tmp12 %054d15
   118 write %054d15 bank1 34
   119 label *label326
-    * set *tmp12 %98a450
   120 write %98a450 bank1 35
   121 label *label327
-    * set *tmp12 %2bfb8b
   122 write %2bfb8b bank1 36
   123 label *label328
-    * set *tmp12 %be52c6
   124 write %be52c6 bank1 37
   125 label *label329
-    * set *tmp12 %51a901
   126 write %51a901 bank1 38
   127 label *label330
-    * set *tmp12 %e4003c
   128 write %e4003c bank1 39
   129 label *label331
-    * set *tmp12 %775777
   130 write %775777 bank1 40
   131 label *label332
-    * set *tmp12 %0aaeb2
   132 write %0aaeb2 bank1 41
   133 label *label333
-    * set *tmp12 %9d05ed
   134 write %9d05ed bank1 42
   135 label *label334
-    * set *tmp12 %305c28
   136 write %305c28 bank1 43
   137 label *label335
-    * set *tmp12 %c3b363
   138 write %c3b363 bank1 44
   139 label *label336
-    * set *tmp12 %560a9e
   140 write %560a9e bank1 45
   141 label *label337
-    * set *tmp12 %e961d9
   142 write %e961d9 bank1 46
   143 label *label338
-    * set *tmp12 %7cb814
   144 write %7cb814 bank1 47
   145 label *label339
-    * set *tmp12 %0f0f4f
   146 write %0f0f4f bank1 48
   147 label *label340
-    * set *tmp12 %a2668a
   148 write %a2668a bank1 49
   149 label *label341
-    * set *tmp12 %35bdc5
   150 write %35bdc5 bank1 50
   151 label *label342
-    * set *tmp12 %c81400
   152 write %c81400 bank1 51
   153 label *label343
-    * set *tmp12 %5b6b3b
   154 write %5b6b3b bank1 52
   155 label *label344
-    * set *tmp12 %eec276
   156 write %eec276 bank1 53
   157 label *label345
-    * set *tmp12 %8119b1
   158 write %8119b1 bank1 54
   159 label *label346
-    * set *tmp12 %1470ec
   160 write %1470ec bank1 55
   161 label *label347
-    * set *tmp12 %a7c727
   162 write %a7c727 bank1 56
   163 label *label348
-    * set *tmp12 %3a1e62
   164 write %3a1e62 bank1 57
   165 label *label349
-    * set *tmp12 %cd759d
   166 write %cd759d bank1 58
   167 label *label350
-    * set *tmp12 %60ccd8
   168 write %60ccd8 bank1 59
   169 label *label351
-    * set *tmp12 %f32313
   170 write %f32313 bank1 60
   171 label *label352
-    * set *tmp12 %867a4e
   172 write %867a4e bank1 61
   173 label *label353
-    * set *tmp12 %19d189
   174 write %19d189 bank1 62
   175 label *label354
   176 label *label19

Modifications by Jumps phase, Unreachable Code Elimination, pass 7, iteration 1 (-18 instructions):
 
    46 set .palette_clr -1
    47 print "Initializing..."
    48 printflush message1
-    * label *label291
    49 write %7fbf3f bank1 0
-    * label *label292
    50 write %12167a bank1 1
-    * label *label293
    51 write %a56db5 bank1 2
-    * label *label294
    52 write %38c4f0 bank1 3
-    * label *label295
    53 write %cb1b2b bank1 4
-    * label *label296
    54 write %5e7266 bank1 5
-    * label *label297
    55 write %f1c9a1 bank1 6
-    * label *label298
    56 write %8420dc bank1 7
-    * label *label299
    57 write %177717 bank1 8
-    * label *label300
    58 write %aace52 bank1 9
-    * label *label301
    59 write %3d258d bank1 10
-    * label *label302
    60 write %d07cc8 bank1 11
-    * label *label303
    61 write %63d303 bank1 12
-    * label *label304
    62 write %f62a3e bank1 13
-    * label *label305
    63 write %898179 bank1 14
-    * label *label306
    64 write %1cd8b4 bank1 15
-    * label *label307
    65 write %af2fef bank1 16
-    * label *label308
    66 write %42862a bank1 17
-    * label *label309
    67 write %d5dd65 bank1 18
-    * label *label310
    68 write %6834a0 bank1 19
-    * label *label311
    69 write %fb8bdb bank1 20
-    * label *label312
    70 write %8ee216 bank1 21
-    * label *label313
    71 write %213951 bank1 22
-    * label *label314
    72 write %b4908c bank1 23
-    * label *label315
    73 write %47e7c7 bank1 24
-    * label *label316
    74 write %da3e02 bank1 25
-    * label *label317
    75 write %6d953d bank1 26
-    * label *label318
    76 write %00ec78 bank1 27
-    * label *label319
    77 write %9343b3 bank1 28
-    * label *label320
    78 write %269aee bank1 29
-    * label *label321
    79 write %b9f129 bank1 30
-    * label *label322
    80 write %4c4864 bank1 31
-    * label *label323
    81 write %df9f9f bank1 32
-    * label *label324
    82 write %72f6da bank1 33
-    * label *label325
    83 write %054d15 bank1 34
-    * label *label326
    84 write %98a450 bank1 35
-    * label *label327
    85 write %2bfb8b bank1 36
-    * label *label328
    86 write %be52c6 bank1 37
-    * label *label329
    87 write %51a901 bank1 38
-    * label *label330
    88 write %e4003c bank1 39
-    * label *label331
    89 write %775777 bank1 40
-    * label *label332
    90 write %0aaeb2 bank1 41
-    * label *label333
    91 write %9d05ed bank1 42
-    * label *label334
    92 write %305c28 bank1 43
-    * label *label335
    93 write %c3b363 bank1 44
-    * label *label336
    94 write %560a9e bank1 45
-    * label *label337
    95 write %e961d9 bank1 46
-    * label *label338
    96 write %7cb814 bank1 47
-    * label *label339
    97 write %0f0f4f bank1 48
-    * label *label340
    98 write %a2668a bank1 49
-    * label *label341
    99 write %35bdc5 bank1 50
-    * label *label342
   100 write %c81400 bank1 51
-    * label *label343
   101 write %5b6b3b bank1 52
-    * label *label344
   102 write %eec276 bank1 53
-    * label *label345
   103 write %8119b1 bank1 54
-    * label *label346
   104 write %1470ec bank1 55
-    * label *label347
   105 write %a7c727 bank1 56
-    * label *label348
   106 write %3a1e62 bank1 57
-    * label *label349
   107 write %cd759d bank1 58
-    * label *label350
   108 write %60ccd8 bank1 59
-    * label *label351
   109 write %f32313 bank1 60
-    * label *label352
   110 write %867a4e bank1 61
-    * label *label353
   111 write %19d189 bank1 62
-    * label *label354
-    * label *label19
   112 write %[black] bank1 63
-    * label *label16
   113 write -0.8 bank1 80
   114 write 0 bank1 81
   115 write 50 bank1 82
   116 write false bank1 83
-    * label *label21
   117 write -0.14375 bank1 86
   118 write 1 bank1 87
   119 write 1600 bank1 88
   120 write false bank1 89
-    * label *label22
   121 write -1.675 bank1 92
   122 write 0 bank1 93
   123 write 25600 bank1 94
   124 write false bank1 95
-    * label *label23
   125 write -1.413547 bank1 98
   126 write -0.03234831 bank1 99
   127 write 2500 bank1 100
   128 write false bank1 101
-    * label *label24
   129 write 0.37359375 bank1 104
   130 write 0.09015625 bank1 105
   131 write 12800 bank1 106
   132 write false bank1 107
-    * label *label25
   133 write -1.408547 bank1 110
   134 write -0.03734831 bank1 111
   135 write 10000 bank1 112
   136 write false bank1 113
-    * label *label26
   137 write 0.371875 bank1 116
   138 write 0.078125 bank1 117
   139 write 3200 bank1 118
   140 write false bank1 119
-    * label *label27
   141 write -1.382347 bank1 122
   142 write -0.02114831 bank1 123
   143 write 5000 bank1 124
   144 write false bank1 125
-    * label *label28
   145 write 0.355 bank1 128
   146 write 0.66 bank1 129
   147 write 3200 bank1 130
   148 write false bank1 131
-    * label *label29
   149 write 0.018125 bank1 134
   150 write -0.818125 bank1 135
   151 write 6400 bank1 136
   152 write false bank1 137
-    * label *label30
   153 write 0 bank1 140
   154 write 0 bank1 141
   155 write 50 bank1 142
   156 write true bank1 143
   157 write -0.8 bank1 144
   158 write 0 bank1 145
-    * label *label31
   159 write -0.14375 bank1 146
   160 write 1.03125 bank1 147
   161 write 3200 bank1 148
   162 write true bank1 149
   163 write -0.14375 bank1 150
   164 write 1 bank1 151
-    * label *label32
   165 write -1.403547 bank1 152
   166 write -0.02734831 bank1 153
   167 write 5000 bank1 154
   168 write true bank1 155
   169 write -1.408547 bank1 156
   170 write -0.03734831 bank1 157
-    * label *label33
-    * label *label34
   171 jump *label36 always
-    * label *label158
-    * write .X bank1 :initializeBookmarks:i
-    * write .Y bank1 *tmp198
-    * write .ZOOM bank1 *tmp201
-    * write false bank1 :bookmark.10:position
-    * label *label37
-    * label *label35
-    * jump *label158 lessThan :bookmark.10:position 158
   172 label *label36
-    * label *label20
   173 set .STOP 1
   174 write 1 bank1 68
   175 set .X -0.8
 
   189 print "Palette #"
   190 print 1
   191 printflush message3
-    * label *label15
   192 set :updateBookmarks true
   193 set :print true
   194 set :operations 0
 
   199 jump *label41 equal .links @links
   200 set .links @links
   201 set :initializeProcessors:i 0
-    * label *label44
   202 jump *label46 greaterThanEq 0 .links
   203 label *label159
   204 getlink :initializeProcessors:proc :initializeProcessors:i
   205 write display1 :initializeProcessors:proc ".display"
   206 write bank1 :initializeProcessors:proc ".memory"
-    * label *label45
   207 op add :initializeProcessors:i :initializeProcessors:i 1
   208 jump *label159 lessThan :initializeProcessors:i .links
   209 label *label46
-    * label *label43
   210 label *label41
-    * label *label42
   211 sensor *tmp213 display1 @operations
   212 select .CHANGE greaterThan :operations *tmp213 true .CHANGE
   213 sensor :operations display1 @operations
 
   258 print .text1
   259 print .text2
   260 printflush message1
-    * label *label51
   261 set :print false
   262 label *label49
-    * label *label50
   263 sensor *tmp224 switch1 @enabled
   264 jump *label55 equal *tmp224 false
   265 set .CHANGE true
   266 jump *label57 always
-    * write .X bank1 69
   267 label *label57
-    * label *label58
   268 op div *tmp234 44 .ZOOM
   269 op add .Y .Y *tmp234
   270 write .Y bank1 70
-    * label *label59
-    * label *label60
   271 jump *label61 always
-    * write .ZOOM bank1 71
   272 label *label61
-    * label *label62
   273 control enabled switch1 false
   274 label *label55
-    * label *label56
-    * label *label54
   275 sensor *tmp242 switch2 @enabled
   276 jump *label64 equal *tmp242 false
   277 set .CHANGE true
   278 op div *tmp247 -44 .ZOOM
   279 op add .X .X *tmp247
   280 write .X bank1 69
-    * label *label66
-    * label *label67
   281 jump *label68 always
-    * write .Y bank1 70
   282 label *label68
-    * label *label69
   283 jump *label70 always
-    * write .ZOOM bank1 71
   284 label *label70
-    * label *label71
   285 control enabled switch2 false
   286 label *label64
-    * label *label65
-    * label *label63
   287 sensor *tmp260 switch3 @enabled
   288 jump *label73 equal *tmp260 false
   289 set .CHANGE true
   290 op div *tmp265 44 .ZOOM
   291 op add .X .X *tmp265
   292 write .X bank1 69
-    * label *label75
-    * label *label76
   293 jump *label77 always
-    * write .Y bank1 70
   294 label *label77
-    * label *label78
   295 jump *label79 always
-    * write .ZOOM bank1 71
   296 label *label79
-    * label *label80
   297 control enabled switch3 false
   298 label *label73
-    * label *label74
-    * label *label72
   299 sensor *tmp278 switch4 @enabled
   300 jump *label82 equal *tmp278 false
   301 set .CHANGE true
   302 jump *label84 always
-    * write .X bank1 69
   303 label *label84
-    * label *label85
   304 op div *tmp288 -44 .ZOOM
   305 op add .Y .Y *tmp288
   306 write .Y bank1 70
-    * label *label86
-    * label *label87
   307 jump *label88 always
-    * write .ZOOM bank1 71
   308 label *label88
-    * label *label89
   309 control enabled switch4 false
   310 label *label82
-    * label *label83
-    * label *label81
   311 sensor *tmp296 switch5 @enabled
   312 jump *label91 equal *tmp296 false
   313 set .CHANGE true
   314 jump *label93 always
-    * write .X bank1 69
   315 label *label93
-    * label *label94
   316 jump *label95 always
-    * write .Y bank1 70
   317 label *label95
-    * label *label96
   318 op mul .ZOOM .ZOOM 2
   319 write .ZOOM bank1 71
-    * label *label97
-    * label *label98
   320 control enabled switch5 false
   321 label *label91
-    * label *label92
-    * label *label90
   322 sensor *tmp314 switch6 @enabled
   323 jump *label100 equal *tmp314 false
   324 set .CHANGE true
   325 jump *label102 always
-    * write .X bank1 69
   326 label *label102
-    * label *label103
   327 jump *label104 always
-    * write .Y bank1 70
   328 label *label104
-    * label *label105
   329 op mul .ZOOM .ZOOM 0.5
   330 write .ZOOM bank1 71
-    * label *label106
-    * label *label107
   331 control enabled switch6 false
   332 label *label100
-    * label *label101
-    * label *label99
   333 sensor *tmp331 switch7 @enabled
   334 jump *label108 equal *tmp331 .JULIA
   335 set .CHANGE true
 
   341 set .JULIA_Y .Y
   342 write .Y bank1 74
   343 label *label110
-    * label *label111
   344 label *label108
-    * label *label109
   345 sensor *tmp336 switch8 @enabled
   346 jump *label112 equal *tmp336 false
   347 read .X bank1 .position
 
   365 control enabled switch8 false
   366 set .text1 "\nLoaded from #"
   367 op add .text2 .bookmark 1
-    * label *label114
   368 set .CHANGE true
   369 label *label112
-    * label *label113
   370 sensor *tmp364 switch9 @enabled
   371 jump *label115 equal *tmp364 false
   372 write .X bank1 .position
 
   383 control enabled switch9 false
   384 set .text1 "\nSaved to #"
   385 op add .text2 .bookmark 1
-    * label *label117
   386 set :updateBookmarks true
   387 label *label115
-    * label *label116
   388 set :handleTopRowButtons:updateBookmarks :updateBookmarks
-    * label *label163
   389 jump *label164 notEqual 0 .bookmark
   390 control enabled switch10 true
   391 jump *label169 always
 
   402 op add .position 80 0
   403 set :handleTopRowButtons:updateBookmarks true
   404 label *label166
-    * label *label167
   405 label *label168
   406 label *label169
-    * label *label170
   407 jump *label171 notEqual 1 .bookmark
   408 control enabled switch11 true
   409 jump *label176 always
 
   420 op add .position 80 6
   421 set :handleTopRowButtons:updateBookmarks true
   422 label *label173
-    * label *label174
   423 label *label175
   424 label *label176
-    * label *label177
   425 jump *label178 notEqual 2 .bookmark
   426 control enabled switch12 true
   427 jump *label183 always
 
   438 op add .position 80 12
   439 set :handleTopRowButtons:updateBookmarks true
   440 label *label180
-    * label *label181
   441 label *label182
   442 label *label183
-    * label *label184
   443 jump *label185 notEqual 3 .bookmark
   444 control enabled switch13 true
   445 jump *label190 always
 
   456 op add .position 80 18
   457 set :handleTopRowButtons:updateBookmarks true
   458 label *label187
-    * label *label188
   459 label *label189
   460 label *label190
-    * label *label191
   461 jump *label192 notEqual 4 .bookmark
   462 control enabled switch14 true
   463 jump *label197 always
 
   474 op add .position 80 24
   475 set :handleTopRowButtons:updateBookmarks true
   476 label *label194
-    * label *label195
   477 label *label196
   478 label *label197
-    * label *label198
   479 jump *label199 notEqual 5 .bookmark
   480 control enabled switch15 true
   481 jump *label204 always
 
   492 op add .position 80 30
   493 set :handleTopRowButtons:updateBookmarks true
   494 label *label201
-    * label *label202
   495 label *label203
   496 label *label204
-    * label *label205
   497 jump *label206 notEqual 6 .bookmark
   498 control enabled switch16 true
   499 jump *label211 always
 
   510 op add .position 80 36
   511 set :handleTopRowButtons:updateBookmarks true
   512 label *label208
-    * label *label209
   513 label *label210
   514 label *label211
-    * label *label212
   515 jump *label213 notEqual 7 .bookmark
   516 control enabled switch17 true
   517 jump *label218 always
 
   528 op add .position 80 42
   529 set :handleTopRowButtons:updateBookmarks true
   530 label *label215
-    * label *label216
   531 label *label217
   532 label *label218
-    * label *label219
   533 jump *label220 notEqual 8 .bookmark
   534 control enabled switch18 true
   535 jump *label225 always
 
   546 op add .position 80 48
   547 set :handleTopRowButtons:updateBookmarks true
   548 label *label222
-    * label *label223
   549 label *label224
   550 label *label225
-    * label *label226
   551 jump *label227 notEqual 9 .bookmark
   552 control enabled switch19 true
   553 jump *label232 always
 
   564 op add .position 80 54
   565 set :handleTopRowButtons:updateBookmarks true
   566 label *label229
-    * label *label230
   567 label *label231
   568 label *label232
-    * label *label233
   569 jump *label234 notEqual 10 .bookmark
   570 control enabled switch20 true
   571 jump *label239 always
 
   582 op add .position 80 60
   583 set :handleTopRowButtons:updateBookmarks true
   584 label *label236
-    * label *label237
   585 label *label238
   586 label *label239
-    * label *label240
   587 jump *label241 notEqual 11 .bookmark
   588 control enabled switch21 true
   589 jump *label246 always
 
   600 op add .position 80 66
   601 set :handleTopRowButtons:updateBookmarks true
   602 label *label243
-    * label *label244
   603 label *label245
   604 label *label246
-    * label *label247
   605 jump *label248 notEqual 12 .bookmark
   606 control enabled switch22 true
   607 jump *label253 always
 
   618 op add .position 80 72
   619 set :handleTopRowButtons:updateBookmarks true
   620 label *label250
-    * label *label251
   621 label *label252
   622 label *label253
-    * label *label254
-    * label *label121
-    * label *label255
   623 jump *label256 notEqual 0 .palette
   624 control enabled switch23 true
   625 jump *label261 always
 
   639 printflush message3
   640 set .CHANGE true
   641 label *label258
-    * label *label259
   642 label *label260
   643 label *label261
-    * label *label262
   644 jump *label263 notEqual 1 .palette
   645 control enabled switch24 true
   646 jump *label268 always
 
   660 printflush message3
   661 set .CHANGE true
   662 label *label265
-    * label *label266
   663 label *label267
   664 label *label268
-    * label *label269
   665 jump *label270 notEqual 2 .palette
   666 control enabled switch25 true
   667 jump *label275 always
 
   681 printflush message3
   682 set .CHANGE true
   683 label *label272
-    * label *label273
   684 label *label274
   685 label *label275
-    * label *label276
   686 jump *label277 notEqual 3 .palette
   687 control enabled switch26 true
   688 jump *label282 always
 
   702 printflush message3
   703 set .CHANGE true
   704 label *label279
-    * label *label280
   705 label *label281
   706 label *label282
-    * label *label283
   707 jump *label284 notEqual 4 .palette
   708 control enabled switch27 true
   709 jump *label289 always
 
   723 printflush message3
   724 set .CHANGE true
   725 label *label286
-    * label *label287
   726 label *label288
   727 label *label289
-    * label *label290
-    * label *label130
-    * label *label118
   728 set :updateBookmarks :handleTopRowButtons:updateBookmarks
   729 jump *label137 equal :handleTopRowButtons:updateBookmarks false
   730 print "BOOKMARKS"
 
   786 print "\"
   787 print "n"
   788 printflush message2
-    * label *label139
   789 set :updateBookmarks false
   790 label *label137
-    * label *label138
   791 read *tmp440 bank1 66
   792 op mul *tmp439 100 *tmp440
   793 op idiv .PERCENT *tmp439 30976
 
   795 op sub *tmp444 @second .second
   796 op round .TIME *tmp444
   797 label *label142
-    * label *label143
   798 jump *label146 notEqual :lastTime .TIME
   799 jump *label144 equal :lastPercent .PERCENT
   800 label *label146
 
   802 set :lastPercent .PERCENT
   803 set :print true
   804 label *label144
-    * label *label145
   805 jump *label148 equal .CHANGE false
   806 print "Initializing..."
   807 printflush message1
 
   822 write 0 bank1 64
   823 op add .START .START 1
   824 write .START bank1 67
-    * label *label152
   825 set .second @second
   826 set .text2 ""
   827 set .text1 ""
   828 set :print true
   829 set .links @links
   830 set :initializeProcessors.1:i 0
-    * label *label154
   831 jump *label156 greaterThanEq 0 .links
   832 label *label162
   833 getlink :initializeProcessors.1:proc :initializeProcessors.1:i
   834 write display1 :initializeProcessors.1:proc ".display"
   835 write bank1 :initializeProcessors.1:proc ".memory"
-    * label *label155
   836 op add :initializeProcessors.1:i :initializeProcessors.1:i 1
   837 jump *label162 lessThan :initializeProcessors.1:i .links
   838 label *label156
-    * label *label153
   839 label *label148
-    * label *label149
   840 print "Links: "
   841 print .links
   842 print "\n"
 
   845 print "Loop time: "
   846 print *tmp458
   847 printflush message4
-    * label *label39
   848 jump *label38 always
-    * label *label40
-    * label *label14
-    * end

Modifications by Jumps phase, Jump Threading, pass 7, iteration 1:
 
   278 op div *tmp247 -44 .ZOOM
   279 op add .X .X *tmp247
   280 write .X bank1 69
-    * jump *label68 always
+  281 jump *label70 always
   282 label *label68
   283 jump *label70 always
   284 label *label70
 
   290 op div *tmp265 44 .ZOOM
   291 op add .X .X *tmp265
   292 write .X bank1 69
-    * jump *label77 always
+  293 jump *label79 always
   294 label *label77
   295 jump *label79 always
   296 label *label79
 
   311 sensor *tmp296 switch5 @enabled
   312 jump *label91 equal *tmp296 false
   313 set .CHANGE true
-    * jump *label93 always
+  314 jump *label95 always
   315 label *label93
   316 jump *label95 always
   317 label *label95
 
   322 sensor *tmp314 switch6 @enabled
   323 jump *label100 equal *tmp314 false
   324 set .CHANGE true
-    * jump *label102 always
+  325 jump *label104 always
   326 label *label102
   327 jump *label104 always
   328 label *label104

Modifications by Jumps phase, Single Step Elimination, pass 7, iteration 1 (-13 instructions):
 
   168 write true bank1 155
   169 write -1.408547 bank1 156
   170 write -0.03734831 bank1 157
-    * jump *label36 always
   171 label *label36
   172 set .STOP 1
   173 write 1 bank1 68
 
   262 sensor *tmp224 switch1 @enabled
   263 jump *label55 equal *tmp224 false
   264 set .CHANGE true
-    * jump *label57 always
   265 label *label57
   266 op div *tmp234 44 .ZOOM
   267 op add .Y .Y *tmp234
   268 write .Y bank1 70
-    * jump *label61 always
   269 label *label61
   270 control enabled switch1 false
   271 label *label55
 
   275 op div *tmp247 -44 .ZOOM
   276 op add .X .X *tmp247
   277 write .X bank1 69
-    * jump *label70 always
-    * jump *label70 always
   278 label *label70
   279 control enabled switch2 false
   280 label *label64
 
   284 op div *tmp265 44 .ZOOM
   285 op add .X .X *tmp265
   286 write .X bank1 69
-    * jump *label79 always
-    * jump *label79 always
   287 label *label79
   288 control enabled switch3 false
   289 label *label73
   290 sensor *tmp278 switch4 @enabled
   291 jump *label82 equal *tmp278 false
   292 set .CHANGE true
-    * jump *label84 always
   293 label *label84
   294 op div *tmp288 -44 .ZOOM
   295 op add .Y .Y *tmp288
   296 write .Y bank1 70
-    * jump *label88 always
   297 label *label88
   298 control enabled switch4 false
   299 label *label82
   300 sensor *tmp296 switch5 @enabled
   301 jump *label91 equal *tmp296 false
   302 set .CHANGE true
-    * jump *label95 always
-    * jump *label95 always
   303 label *label95
   304 op mul .ZOOM .ZOOM 2
   305 write .ZOOM bank1 71
 
   308 sensor *tmp314 switch6 @enabled
   309 jump *label100 equal *tmp314 false
   310 set .CHANGE true
-    * jump *label104 always
-    * jump *label104 always
   311 label *label104
   312 op mul .ZOOM .ZOOM 0.5
   313 write .ZOOM bank1 71

Modifications by Final phase, Print Merging, iteration 1 (-63 instructions):
 
   184 write 0 bank1 74
   185 set .palette 0
   186 write 1 bank1 75
-    * print "Palette #"
-    * print 1
+  187 print "Palette #1"
   188 printflush message3
   189 set :updateBookmarks true
   190 set :print true
 
   209 select .CHANGE greaterThan :operations *tmp213 true .CHANGE
   210 sensor :operations display1 @operations
   211 jump *label49 equal :print false
-    * print "Mandelbrot Mania! v3.1"
-    * print "\n"
-    * print "Completed "
-    * print .PERCENT
-    * print "%"
-    * print " in "
-    * print .TIME
-    * print "s"
-    * print "\n"
+  212 print "Mandelbrot Mania! v3.1\nCompleted {0}% in {0}s\n"
+  213 format .PERCENT
+  214 format .TIME
   215 jump *label52 equal .JULIA false
-    * print "Julia set of Mandelbrot"
-    * print "\n"
-    * print "fractal at coordinates"
-    * print "\n"
-    * print "   X: "
-    * print .JULIA_X
-    * print "\n"
-    * print "   Y: "
-    * print .JULIA_Y
-    * print "\n"
+  216 print "Julia set of Mandelbrot\nfractal at coordinates\n   X: {0}\n   Y: {0}\n"
+  217 format .JULIA_X
+  218 format .JULIA_Y
   219 jump *label53 always
   220 label *label52
-    * print "Mandelbrot set"
-    * print "\n"
+  221 print "Mandelbrot set\n"
   222 label *label53
-    * print "-------------------------"
-    * print "\n"
-    * print "X: "
-    * print .X
-    * print "\n"
-    * print "Y: "
-    * print .Y
-    * print "\n"
-    * print "Zoom: "
-    * print .ZOOM
-    * print "\n"
+  223 print "-------------------------\nX: {0}\nY: {0}\nZoom: {0}\nAvg. iters: {0}\n"
+  224 format .X
+  225 format .Y
+  226 format .ZOOM
   227 read *tmp220 bank1 65
   228 read *tmp221 bank1 66
   229 op div *tmp219 *tmp220 *tmp221
   230 op round *tmp222 *tmp219
-    * print "Avg. iters: "
-    * print *tmp222
-    * print "\n"
+  231 format *tmp222
   232 print .text1
   233 print .text2
   234 printflush message1
 
   584 set .palette_clr .palette
   585 set .palette 0
   586 write 1 bank1 75
-    * print "Palette #"
-    * print 1
+  587 print "Palette #1"
   588 printflush message3
   589 set .CHANGE true
   590 label *label258
 
   604 set .palette_clr .palette
   605 set .palette 1
   606 write 2 bank1 75
-    * print "Palette #"
-    * print 2
+  607 print "Palette #2"
   608 printflush message3
   609 set .CHANGE true
   610 label *label265
 
   624 set .palette_clr .palette
   625 set .palette 2
   626 write 3 bank1 75
-    * print "Palette #"
-    * print 3
+  627 print "Palette #3"
   628 printflush message3
   629 set .CHANGE true
   630 label *label272
 
   644 set .palette_clr .palette
   645 set .palette 3
   646 write 4 bank1 75
-    * print "Palette #"
-    * print 4
+  647 print "Palette #4"
   648 printflush message3
   649 set .CHANGE true
   650 label *label279
 
   664 set .palette_clr .palette
   665 set .palette 4
   666 write 5 bank1 75
-    * print "Palette #"
-    * print 5
+  667 print "Palette #5"
   668 printflush message3
   669 set .CHANGE true
   670 label *label286
 
   672 label *label289
   673 set :updateBookmarks :handleTopRowButtons:updateBookmarks
   674 jump *label137 equal :handleTopRowButtons:updateBookmarks false
-    * print "BOOKMARKS"
-    * print "\n"
-    * print "[o] [o] [o] [o] ..."
-    * print "\n"
-    * print "      [o] Load"
-    * print "\n"
-    * print "      [o] Save"
-    * print "\n"
-    * print "-------------------------"
-    * print "\n"
+  675 print "BOOKMARKS\n[o] [o] [o] [o] ...\n      [o] Load\n      [o] Save\n-------------------------\nSelected bookmark #{0}:\n"
   676 op add *tmp414 .bookmark 1
-    * print "Selected bookmark #"
-    * print *tmp414
-    * print ":"
-    * print "\n"
+  677 format *tmp414
   678 op add *tmp416 .position 3
   679 read *tmp418 bank1 *tmp416
   680 jump *label140 equal *tmp418 false
-    * print "Julia set of Mandelbrot"
-    * print "\n"
-    * print "fractal at coordinates"
-    * print "\n"
+  681 print "Julia set of Mandelbrot\nfractal at coordinates\n   X: {0}\n   Y: {0}\n"
   682 op add *tmp421 .position 4
-    * print "   X: "
   683 read *tmp423 bank1 *tmp421
-    * print *tmp423
-    * print "\"
-    * print "n"
+  684 format *tmp423
   685 op add *tmp425 .position 5
-    * print "   Y: "
   686 read *tmp427 bank1 *tmp425
-    * print *tmp427
-    * print "\"
-    * print "n"
+  687 format *tmp427
   688 jump *label141 always
   689 label *label140
-    * print "Mandelbrot set"
-    * print "\n"
+  690 print "Mandelbrot set\n"
   691 label *label141
-    * print "-------------------------"
-    * print "\n"
-    * print "X: "
+  692 print "-------------------------\nX: {0}\nY: {0}\nZoom: {0}\n"
   693 read *tmp430 bank1 .position
-    * print *tmp430
-    * print "\"
-    * print "n"
+  694 format *tmp430
   695 op add *tmp432 .position 1
-    * print "Y: "
   696 read *tmp434 bank1 *tmp432
-    * print *tmp434
-    * print "\"
-    * print "n"
+  697 format *tmp434
   698 op add *tmp436 .position 2
-    * print "Zoom: "
   699 read *tmp438 bank1 *tmp436
-    * print *tmp438
-    * print "\"
-    * print "n"
+  700 format *tmp438
   701 printflush message2
   702 set :updateBookmarks false
   703 label *label137
 
   750 jump *label162 lessThan :initializeProcessors.1:i .links
   751 label *label156
   752 label *label148
-    * print "Links: "
-    * print .links
-    * print "\n"
+  753 print "Links: {0}\nLoop time: "
+  754 format .links
   755 op sub *tmp457 @time :start
   756 op round *tmp458 *tmp457
-    * print "Loop time: "
   757 print *tmp458
   758 printflush message4
   759 jump *label38 always

Final code before resolving virtual instructions:

    0:  set *id "id: Controlling\nname: Mandelbrot Mania!\nversion:  mandelbrot-control.mnd: #set target = 8L;
    1:  set ALL_PASS_COLORING false                                  mandelbrot-control.mnd: param ALL_PASS_COLORING = false;
    2:  set SHOW_LEADER true                                         mandelbrot-control.mnd: param SHOW_LEADER = true;
    3:  set CLEAR_DISPLAY true                                       mandelbrot-control.mnd: param CLEAR_DISPLAY = true;
        label *label0                                                mandelbrot-control.mnd: guarded linked message1, message2, message3;
    4:  jump *label0 equal message1 null                             ...
        label *label1                                                ...
    5:  jump *label1 equal message2 null                             ...
        label *label2                                                ...
    6:  jump *label2 equal message3 null                             ...
        label *label3                                                mandelbrot-control.mnd: guarded linked(@memory-bank) memory;
    7:  jump *label3 equal bank1 null                                ...
        label *label4                                                mandelbrot-control.mnd: guarded linked(@large-logic-display) display;
    8:  jump *label4 equal display1 null                             ...
        label *label5                                                mandelbrot-control.mnd: guarded linked(@switch)
    9:  jump *label5 equal switch1 null                              ...
        label *label6                                                ...
   10:  jump *label6 equal switch2 null                              ...
        label *label7                                                ...
   11:  jump *label7 equal switch3 null                              ...
        label *label8                                                ...
   12:  jump *label8 equal switch4 null                              ...
        label *label9                                                ...
   13:  jump *label9 equal switch5 null                              ...
        label *label10                                               ...
   14:  jump *label10 equal switch6 null                             ...
        label *label11                                               ...
   15:  jump *label11 equal switch7 null                             ...
        label *label12                                               ...
   16:  jump *label12 equal switch8 null                             ...
        label *label13                                               ...
   17:  jump *label13 equal switch9 null                             ...
   18:  set .links 0                                                 mandelbrot-control.mnd: var links = 0;
   19:  set .START 0                                                 mandelbrot-control.mnd: external cached START = 0;
   20:  write 0 bank1 67                                             ...
   21:  write ALL_PASS_COLORING bank1 76                             mandelbrot-control.mnd: external ALL_PASS_COLORING_CFG = ALL_PASS_COLORING;
   22:  write SHOW_LEADER bank1 77                                   mandelbrot-control.mnd: external SHOW_LEADER_CFG = SHOW_LEADER;
   23:  set .CHANGE true                                             mandelbrot-control.mnd: var CHANGE = true;
   24:  set .PERCENT 0                                               mandelbrot-control.mnd: var PERCENT = 0;
   25:  set .TIME 0                                                  mandelbrot-control.mnd: var TIME = 0;
   26:  set .text1 ""                                                mandelbrot-control.mnd: var text1 = "";
   27:  set .text2 ""                                                mandelbrot-control.mnd: var text2 = "";
   28:  set .second @second                                          mandelbrot-control.mnd: var second = @second;
   29:  set .bookmark 0                                              mandelbrot-control.mnd: var bookmark = 0, bookmark_clr = -1;
   30:  set .bookmark_clr -1                                         ...
   31:  op add .position 80 0                                        mandelbrot-control.mnd: var position = BOOKMARKS + BOOKMARK_SIZE * bookmark;
   32:  set .palette_clr -1                                          mandelbrot-control.mnd: var palette = 0, palette_clr = -1;
   33:  print "Initializing..."                                      mandelbrot-control.mnd: print("Initializing...");
   34:  printflush message1                                          mandelbrot-control.mnd: printflush(message1);
   35:  write %7fbf3f bank1 0                                        mandelbrot-control.mnd: memory[i] = packcolor(r / 256, g / 256, b / 256, 255);
   36:  write %12167a bank1 1                                        ...
   37:  write %a56db5 bank1 2                                        ...
   38:  write %38c4f0 bank1 3                                        ...
   39:  write %cb1b2b bank1 4                                        ...
   40:  write %5e7266 bank1 5                                        ...
   41:  write %f1c9a1 bank1 6                                        ...
   42:  write %8420dc bank1 7                                        ...
   43:  write %177717 bank1 8                                        ...
   44:  write %aace52 bank1 9                                        ...
   45:  write %3d258d bank1 10                                       ...
   46:  write %d07cc8 bank1 11                                       ...
   47:  write %63d303 bank1 12                                       ...
   48:  write %f62a3e bank1 13                                       ...
   49:  write %898179 bank1 14                                       ...
   50:  write %1cd8b4 bank1 15                                       ...
   51:  write %af2fef bank1 16                                       ...
   52:  write %42862a bank1 17                                       ...
   53:  write %d5dd65 bank1 18                                       ...
   54:  write %6834a0 bank1 19                                       ...
   55:  write %fb8bdb bank1 20                                       ...
   56:  write %8ee216 bank1 21                                       ...
   57:  write %213951 bank1 22                                       ...
   58:  write %b4908c bank1 23                                       ...
   59:  write %47e7c7 bank1 24                                       ...
   60:  write %da3e02 bank1 25                                       ...
   61:  write %6d953d bank1 26                                       ...
   62:  write %00ec78 bank1 27                                       ...
   63:  write %9343b3 bank1 28                                       ...
   64:  write %269aee bank1 29                                       ...
   65:  write %b9f129 bank1 30                                       ...
   66:  write %4c4864 bank1 31                                       ...
   67:  write %df9f9f bank1 32                                       ...
   68:  write %72f6da bank1 33                                       ...
   69:  write %054d15 bank1 34                                       ...
   70:  write %98a450 bank1 35                                       ...
   71:  write %2bfb8b bank1 36                                       ...
   72:  write %be52c6 bank1 37                                       ...
   73:  write %51a901 bank1 38                                       ...
   74:  write %e4003c bank1 39                                       ...
   75:  write %775777 bank1 40                                       ...
   76:  write %0aaeb2 bank1 41                                       ...
   77:  write %9d05ed bank1 42                                       ...
   78:  write %305c28 bank1 43                                       ...
   79:  write %c3b363 bank1 44                                       ...
   80:  write %560a9e bank1 45                                       ...
   81:  write %e961d9 bank1 46                                       ...
   82:  write %7cb814 bank1 47                                       ...
   83:  write %0f0f4f bank1 48                                       ...
   84:  write %a2668a bank1 49                                       ...
   85:  write %35bdc5 bank1 50                                       ...
   86:  write %c81400 bank1 51                                       ...
   87:  write %5b6b3b bank1 52                                       ...
   88:  write %eec276 bank1 53                                       ...
   89:  write %8119b1 bank1 54                                       ...
   90:  write %1470ec bank1 55                                       ...
   91:  write %a7c727 bank1 56                                       ...
   92:  write %3a1e62 bank1 57                                       ...
   93:  write %cd759d bank1 58                                       ...
   94:  write %60ccd8 bank1 59                                       ...
   95:  write %f32313 bank1 60                                       ...
   96:  write %867a4e bank1 61                                       ...
   97:  write %19d189 bank1 62                                       ...
   98:  write %[black] bank1 63                                      mandelbrot-control.mnd: memory[MAX_DEPTH] = %[black];
   99:  write -0.8 bank1 80                                          mandelbrot-control.mnd: memory[position++] = x;
  100:  write 0 bank1 81                                             mandelbrot-control.mnd: memory[position++] = y;
  101:  write 50 bank1 82                                            mandelbrot-control.mnd: memory[position++] = zoom;
  102:  write false bank1 83                                         mandelbrot-control.mnd: memory[position++] = false;
  103:  write -0.14375 bank1 86                                      mandelbrot-control.mnd: memory[position++] = x;
  104:  write 1 bank1 87                                             mandelbrot-control.mnd: memory[position++] = y;
  105:  write 1600 bank1 88                                          mandelbrot-control.mnd: memory[position++] = zoom;
  106:  write false bank1 89                                         mandelbrot-control.mnd: memory[position++] = false;
  107:  write -1.675 bank1 92                                        mandelbrot-control.mnd: memory[position++] = x;
  108:  write 0 bank1 93                                             mandelbrot-control.mnd: memory[position++] = y;
  109:  write 25600 bank1 94                                         mandelbrot-control.mnd: memory[position++] = zoom;
  110:  write false bank1 95                                         mandelbrot-control.mnd: memory[position++] = false;
  111:  write -1.413547 bank1 98                                     mandelbrot-control.mnd: memory[position++] = x;
  112:  write -0.03234831 bank1 99                                   mandelbrot-control.mnd: memory[position++] = y;
  113:  write 2500 bank1 100                                         mandelbrot-control.mnd: memory[position++] = zoom;
  114:  write false bank1 101                                        mandelbrot-control.mnd: memory[position++] = false;
  115:  write 0.37359375 bank1 104                                   mandelbrot-control.mnd: memory[position++] = x;
  116:  write 0.09015625 bank1 105                                   mandelbrot-control.mnd: memory[position++] = y;
  117:  write 12800 bank1 106                                        mandelbrot-control.mnd: memory[position++] = zoom;
  118:  write false bank1 107                                        mandelbrot-control.mnd: memory[position++] = false;
  119:  write -1.408547 bank1 110                                    mandelbrot-control.mnd: memory[position++] = x;
  120:  write -0.03734831 bank1 111                                  mandelbrot-control.mnd: memory[position++] = y;
  121:  write 10000 bank1 112                                        mandelbrot-control.mnd: memory[position++] = zoom;
  122:  write false bank1 113                                        mandelbrot-control.mnd: memory[position++] = false;
  123:  write 0.371875 bank1 116                                     mandelbrot-control.mnd: memory[position++] = x;
  124:  write 0.078125 bank1 117                                     mandelbrot-control.mnd: memory[position++] = y;
  125:  write 3200 bank1 118                                         mandelbrot-control.mnd: memory[position++] = zoom;
  126:  write false bank1 119                                        mandelbrot-control.mnd: memory[position++] = false;
  127:  write -1.382347 bank1 122                                    mandelbrot-control.mnd: memory[position++] = x;
  128:  write -0.02114831 bank1 123                                  mandelbrot-control.mnd: memory[position++] = y;
  129:  write 5000 bank1 124                                         mandelbrot-control.mnd: memory[position++] = zoom;
  130:  write false bank1 125                                        mandelbrot-control.mnd: memory[position++] = false;
  131:  write 0.355 bank1 128                                        mandelbrot-control.mnd: memory[position++] = x;
  132:  write 0.66 bank1 129                                         mandelbrot-control.mnd: memory[position++] = y;
  133:  write 3200 bank1 130                                         mandelbrot-control.mnd: memory[position++] = zoom;
  134:  write false bank1 131                                        mandelbrot-control.mnd: memory[position++] = false;
  135:  write 0.018125 bank1 134                                     mandelbrot-control.mnd: memory[position++] = x;
  136:  write -0.818125 bank1 135                                    mandelbrot-control.mnd: memory[position++] = y;
  137:  write 6400 bank1 136                                         mandelbrot-control.mnd: memory[position++] = zoom;
  138:  write false bank1 137                                        mandelbrot-control.mnd: memory[position++] = false;
  139:  write 0 bank1 140                                            mandelbrot-control.mnd: memory[position++] = x;
  140:  write 0 bank1 141                                            mandelbrot-control.mnd: memory[position++] = y;
  141:  write 50 bank1 142                                           mandelbrot-control.mnd: memory[position++] = zoom;
  142:  write true bank1 143                                         mandelbrot-control.mnd: memory[position++] = true;
  143:  write -0.8 bank1 144                                         mandelbrot-control.mnd: memory[position++] = julia_x;
  144:  write 0 bank1 145                                            mandelbrot-control.mnd: memory[position++] = julia_y;
  145:  write -0.14375 bank1 146                                     mandelbrot-control.mnd: memory[position++] = x;
  146:  write 1.03125 bank1 147                                      mandelbrot-control.mnd: memory[position++] = y;
  147:  write 3200 bank1 148                                         mandelbrot-control.mnd: memory[position++] = zoom;
  148:  write true bank1 149                                         mandelbrot-control.mnd: memory[position++] = true;
  149:  write -0.14375 bank1 150                                     mandelbrot-control.mnd: memory[position++] = julia_x;
  150:  write 1 bank1 151                                            mandelbrot-control.mnd: memory[position++] = julia_y;
  151:  write -1.403547 bank1 152                                    mandelbrot-control.mnd: memory[position++] = x;
  152:  write -0.02734831 bank1 153                                  mandelbrot-control.mnd: memory[position++] = y;
  153:  write 5000 bank1 154                                         mandelbrot-control.mnd: memory[position++] = zoom;
  154:  write true bank1 155                                         mandelbrot-control.mnd: memory[position++] = true;
  155:  write -1.408547 bank1 156                                    mandelbrot-control.mnd: memory[position++] = julia_x;
  156:  write -0.03734831 bank1 157                                  mandelbrot-control.mnd: memory[position++] = julia_y;
  157:  set .STOP 1                                                  mandelbrot-control.mnd: STOP = 1;
  158:  write 1 bank1 68                                             ...
  159:  set .X -0.8                                                  mandelbrot-control.mnd: X = -0.8;
  160:  write -0.8 bank1 69                                          ...
  161:  set .Y 0                                                     mandelbrot-control.mnd: Y = 0;
  162:  write 0 bank1 70                                             ...
  163:  set .ZOOM 50                                                 mandelbrot-control.mnd: ZOOM = 50;
  164:  write 50 bank1 71                                            ...
  165:  set .JULIA false                                             mandelbrot-control.mnd: JULIA = false;
  166:  write false bank1 72                                         ...
  167:  set .JULIA_X 0                                               mandelbrot-control.mnd: JULIA_X = 0;
  168:  write 0 bank1 73                                             ...
  169:  set .JULIA_Y 0                                               mandelbrot-control.mnd: JULIA_Y = 0;
  170:  write 0 bank1 74                                             ...
  171:  set .palette 0                                               mandelbrot-control.mnd: palette = 0;
  172:  write 1 bank1 75                                             mandelbrot-control.mnd: PALETTE = 1;
  173:  print "Palette #1"                                           mandelbrot-control.mnd: print("Palette #", PALETTE);
  174:  printflush message3                                          mandelbrot-control.mnd: printflush(message3);
  175:  set :updateBookmarks true                                    mandelbrot-control.mnd: var updateBookmarks = true;
  176:  set :print true                                              mandelbrot-control.mnd: var print = true;
  177:  set :operations 0                                            mandelbrot-control.mnd: var operations = 0;
  178:  set :lastTime 0                                              mandelbrot-control.mnd: var lastTime = 0;
  179:  set :lastPercent 0                                           mandelbrot-control.mnd: var lastPercent = 0;
        label *label38                                               mandelbrot-control.mnd: while true do
  180:  set :start @time                                             mandelbrot-control.mnd: var start = @time;
  181:  jump *label41 equal .links @links                            mandelbrot-control.mnd: if links != @links then
  182:  set .links @links                                            mandelbrot-control.mnd: links = @links;
  183:  set :initializeProcessors:i 0                                mandelbrot-control.mnd: for var i in 0 ... links do
  184:  jump *label46 greaterThanEq 0 .links                         ...
        label *label159                                              ...
  185:  getlink :initializeProcessors:proc :initializeProcessors:i   mandelbrot-control.mnd: var proc = getlink(i);
  186:  write display1 :initializeProcessors:proc ".display"         mandelbrot-control.mnd: proc.write(display, ".display");
  187:  write bank1 :initializeProcessors:proc ".memory"             mandelbrot-control.mnd: proc.write(memory, ".memory");
  188:  op add :initializeProcessors:i :initializeProcessors:i 1     mandelbrot-control.mnd: for var i in 0 ... links do
  189:  jump *label159 lessThan :initializeProcessors:i .links       ...
        label *label46                                               ...
        label *label41                                               mandelbrot-control.mnd: if links != @links then
  190:  sensor *tmp0 display1 @operations                            mandelbrot-control.mnd: if operations > display.@operations then
  191:  select .CHANGE greaterThan :operations *tmp0 true .CHANGE    ...
  192:  sensor :operations display1 @operations                      mandelbrot-control.mnd: operations = display.@operations;
  193:  jump *label49 equal :print false                             mandelbrot-control.mnd: if print then printInfo(); print = false; end;
  194:  print "Mandelbrot Mania! v3.1\nCompleted {0}% in {0}s\n"     mandelbrot-control.mnd: println("Mandelbrot Mania! v3.1");
  195:  format .PERCENT                                              mandelbrot-control.mnd: println($"Completed $PERCENT% in ${TIME}s");
  196:  format .TIME                                                 ...
  197:  jump *label52 equal .JULIA false                             mandelbrot-control.mnd: if JULIA then
  198:  print "Julia set of Mandelbrot\nfractal at coordinates\n   X mandelbrot-control.mnd: println("Julia set of Mandelbrot");
  199:  format .JULIA_X                                              mandelbrot-control.mnd: println($"   X: $JULIA_X");
  200:  format .JULIA_Y                                              mandelbrot-control.mnd: println($"   Y: $JULIA_Y");
  201:  jump *label53 always 0 0                                     mandelbrot-control.mnd: if JULIA then
        label *label52                                               ...
  202:  print "Mandelbrot set\n"                                     mandelbrot-control.mnd: println("Mandelbrot set");
        label *label53                                               mandelbrot-control.mnd: if JULIA then
  203:  print "-------------------------\nX: {0}\nY: {0}\nZoom: {0}\ mandelbrot-control.mnd: println("-------------------------");
  204:  format .X                                                    mandelbrot-control.mnd: println($"X: $X");
  205:  format .Y                                                    mandelbrot-control.mnd: println($"Y: $Y");
  206:  format .ZOOM                                                 mandelbrot-control.mnd: println($"Zoom: $ZOOM");
  207:  read *tmp2 bank1 65                                          mandelbrot-control.mnd: println("Avg. iters: ", round(ITERATIONS / COMPLETED));
  208:  read *tmp3 bank1 66                                          ...
  209:  op div *tmp1 *tmp2 *tmp3                                     ...
  210:  op round *tmp4 *tmp1 0                                       ...
  211:  format *tmp4                                                 ...
  212:  print .text1                                                 mandelbrot-control.mnd: print(text1, text2);
  213:  print .text2                                                 ...
  214:  printflush message1                                          mandelbrot-control.mnd: printflush(message1);
  215:  set :print false                                             mandelbrot-control.mnd: if print then printInfo(); print = false; end;
        label *label49                                               ...
  216:  sensor *tmp5 switch1 @enabled                                mandelbrot-control.mnd: if switch.enabled then
  217:  jump *label55 equal *tmp5 false                              ...
  218:  set .CHANGE true                                             mandelbrot-control.mnd: CHANGE = true;
  219:  op div *tmp6 44 .ZOOM                                        mandelbrot-control.mnd: Y = Y + y * SHIFT / ZOOM;
  220:  op add .Y .Y *tmp6                                           ...
  221:  write .Y bank1 70                                            ...
  222:  control enabled switch1 false 0 0 0                          mandelbrot-control.mnd: switch.enabled = false;
        label *label55                                               mandelbrot-control.mnd: if switch.enabled then
  223:  sensor *tmp7 switch2 @enabled                                ...
  224:  jump *label64 equal *tmp7 false                              ...
  225:  set .CHANGE true                                             mandelbrot-control.mnd: CHANGE = true;
  226:  op div *tmp8 -44 .ZOOM                                       mandelbrot-control.mnd: X = X + x * SHIFT / ZOOM;
  227:  op add .X .X *tmp8                                           ...
  228:  write .X bank1 69                                            ...
  229:  control enabled switch2 false 0 0 0                          mandelbrot-control.mnd: switch.enabled = false;
        label *label64                                               mandelbrot-control.mnd: if switch.enabled then
  230:  sensor *tmp9 switch3 @enabled                                ...
  231:  jump *label73 equal *tmp9 false                              ...
  232:  set .CHANGE true                                             mandelbrot-control.mnd: CHANGE = true;
  233:  op div *tmp10 44 .ZOOM                                       mandelbrot-control.mnd: X = X + x * SHIFT / ZOOM;
  234:  op add .X .X *tmp10                                          ...
  235:  write .X bank1 69                                            ...
  236:  control enabled switch3 false 0 0 0                          mandelbrot-control.mnd: switch.enabled = false;
        label *label73                                               mandelbrot-control.mnd: if switch.enabled then
  237:  sensor *tmp11 switch4 @enabled                               ...
  238:  jump *label82 equal *tmp11 false                             ...
  239:  set .CHANGE true                                             mandelbrot-control.mnd: CHANGE = true;
  240:  op div *tmp12 -44 .ZOOM                                      mandelbrot-control.mnd: Y = Y + y * SHIFT / ZOOM;
  241:  op add .Y .Y *tmp12                                          ...
  242:  write .Y bank1 70                                            ...
  243:  control enabled switch4 false 0 0 0                          mandelbrot-control.mnd: switch.enabled = false;
        label *label82                                               mandelbrot-control.mnd: if switch.enabled then
  244:  sensor *tmp13 switch5 @enabled                               ...
  245:  jump *label91 equal *tmp13 false                             ...
  246:  set .CHANGE true                                             mandelbrot-control.mnd: CHANGE = true;
  247:  op mul .ZOOM .ZOOM 2                                         mandelbrot-control.mnd: ZOOM = ZOOM * z;
  248:  write .ZOOM bank1 71                                         ...
  249:  control enabled switch5 false 0 0 0                          mandelbrot-control.mnd: switch.enabled = false;
        label *label91                                               mandelbrot-control.mnd: if switch.enabled then
  250:  sensor *tmp14 switch6 @enabled                               ...
  251:  jump *label100 equal *tmp14 false                            ...
  252:  set .CHANGE true                                             mandelbrot-control.mnd: CHANGE = true;
  253:  op mul .ZOOM .ZOOM 0.5                                       mandelbrot-control.mnd: ZOOM = ZOOM * z;
  254:  write .ZOOM bank1 71                                         ...
  255:  control enabled switch6 false 0 0 0                          mandelbrot-control.mnd: switch.enabled = false;
        label *label100                                              mandelbrot-control.mnd: if switch.enabled then
  256:  sensor *tmp15 switch7 @enabled                               mandelbrot-control.mnd: if buttonJulia.@enabled != JULIA then
  257:  jump *label108 equal *tmp15 .JULIA                           ...
  258:  set .CHANGE true                                             mandelbrot-control.mnd: CHANGE = true;
  259:  sensor .JULIA switch7 @enabled                               mandelbrot-control.mnd: JULIA = buttonJulia.@enabled;
  260:  write .JULIA bank1 72                                        ...
  261:  jump *label110 equal .JULIA false                            mandelbrot-control.mnd: if JULIA then JULIA_X = X; JULIA_Y = Y; end;
  262:  set .JULIA_X .X                                              ...
  263:  write .X bank1 73                                            ...
  264:  set .JULIA_Y .Y                                              ...
  265:  write .Y bank1 74                                            ...
        label *label110                                              ...
        label *label108                                              mandelbrot-control.mnd: if buttonJulia.@enabled != JULIA then
  266:  sensor *tmp16 switch8 @enabled                               mandelbrot-control.mnd: if buttonLoad.@enabled then
  267:  jump *label112 equal *tmp16 false                            ...
  268:  read .X bank1 .position                                      mandelbrot-control.mnd: X = memory[position];
  269:  write .X bank1 69                                            ...
  270:  op add *tmp17 .position 1                                    mandelbrot-control.mnd: Y = memory[position + 1];
  271:  read .Y bank1 *tmp17                                         ...
  272:  write .Y bank1 70                                            ...
  273:  op add *tmp18 .position 2                                    mandelbrot-control.mnd: ZOOM = memory[position + 2];
  274:  read .ZOOM bank1 *tmp18                                      ...
  275:  write .ZOOM bank1 71                                         ...
  276:  op add *tmp19 .position 3                                    mandelbrot-control.mnd: JULIA = memory[position + 3];
  277:  read .JULIA bank1 *tmp19                                     ...
  278:  write .JULIA bank1 72                                        ...
  279:  op add *tmp20 .position 4                                    mandelbrot-control.mnd: JULIA_X = memory[position + 4];
  280:  read .JULIA_X bank1 *tmp20                                   ...
  281:  write .JULIA_X bank1 73                                      ...
  282:  op add *tmp21 .position 5                                    mandelbrot-control.mnd: JULIA_Y = memory[position + 5];
  283:  read .JULIA_Y bank1 *tmp21                                   ...
  284:  write .JULIA_Y bank1 74                                      ...
  285:  control enabled switch7 .JULIA 0 0 0                         mandelbrot-control.mnd: buttonJulia.enabled = JULIA;
  286:  control enabled switch8 false 0 0 0                          mandelbrot-control.mnd: buttonLoad.enabled = false;
  287:  set .text1 "\nLoaded from #"                                 mandelbrot-control.mnd: text1 = "\nLoaded from #";
  288:  op add .text2 .bookmark 1                                    mandelbrot-control.mnd: text2 = bookmark + 1;
  289:  set .CHANGE true                                             mandelbrot-control.mnd: CHANGE = true;
        label *label112                                              mandelbrot-control.mnd: if buttonLoad.@enabled then
  290:  sensor *tmp22 switch9 @enabled                               mandelbrot-control.mnd: if buttonSave.@enabled then
  291:  jump *label115 equal *tmp22 false                            ...
  292:  write .X bank1 .position                                     mandelbrot-control.mnd: memory[position] = X;
  293:  op add *tmp23 .position 1                                    mandelbrot-control.mnd: memory[position + 1] = Y;
  294:  write .Y bank1 *tmp23                                        ...
  295:  op add *tmp24 .position 2                                    mandelbrot-control.mnd: memory[position + 2] = ZOOM;
  296:  write .ZOOM bank1 *tmp24                                     ...
  297:  op add *tmp25 .position 3                                    mandelbrot-control.mnd: memory[position + 3] = JULIA;
  298:  write .JULIA bank1 *tmp25                                    ...
  299:  op add *tmp26 .position 4                                    mandelbrot-control.mnd: memory[position + 4] = JULIA_X;
  300:  write .JULIA_X bank1 *tmp26                                  ...
  301:  op add *tmp27 .position 5                                    mandelbrot-control.mnd: memory[position + 5] = JULIA_Y;
  302:  write .JULIA_Y bank1 *tmp27                                  ...
  303:  control enabled switch9 false 0 0 0                          mandelbrot-control.mnd: buttonSave.enabled = false;
  304:  set .text1 "\nSaved to #"                                    mandelbrot-control.mnd: text1 = "\nSaved to #";
  305:  op add .text2 .bookmark 1                                    mandelbrot-control.mnd: text2 = bookmark + 1;
  306:  set :updateBookmarks true                                    mandelbrot-control.mnd: updateBookmarks = true;
        label *label115                                              mandelbrot-control.mnd: if buttonSave.@enabled then
  307:  set :handleTopRowButtons:updateBookmarks :updateBookmarks    mandelbrot-control.mnd: handleTopRowButtons(out updateBookmarks);
  308:  jump *label164 notEqual 0 .bookmark                          mandelbrot-control.mnd: if index == bookmark then
  309:  control enabled switch10 true 0 0 0                          mandelbrot-control.mnd: switch.enabled = true;
  310:  jump *label169 always 0 0                                    mandelbrot-control.mnd: if index == bookmark then
        label *label164                                              ...
  311:  jump *label165 notEqual 0 .bookmark_clr                      mandelbrot-control.mnd: elsif index == bookmark_clr then
  312:  control enabled switch10 false 0 0 0                         mandelbrot-control.mnd: switch.enabled = false;
  313:  set .bookmark_clr -1                                         mandelbrot-control.mnd: bookmark_clr = -1;
  314:  jump *label168 always 0 0                                    mandelbrot-control.mnd: elsif index == bookmark_clr then
        label *label165                                              ...
  315:  sensor *tmp28 switch10 @enabled                              mandelbrot-control.mnd: elsif switch.@enabled then
  316:  jump *label166 equal *tmp28 false                            ...
  317:  set .bookmark_clr .bookmark                                  mandelbrot-control.mnd: bookmark_clr = bookmark;
  318:  set .bookmark 0                                              mandelbrot-control.mnd: bookmark = index;
  319:  op add .position 80 0                                        mandelbrot-control.mnd: position = BOOKMARKS + BOOKMARK_SIZE * bookmark;
  320:  set :handleTopRowButtons:updateBookmarks true                mandelbrot-control.mnd: updateBookmarks = true;
        label *label166                                              mandelbrot-control.mnd: elsif switch.@enabled then
        label *label168                                              mandelbrot-control.mnd: elsif index == bookmark_clr then
        label *label169                                              mandelbrot-control.mnd: if index == bookmark then
  321:  jump *label171 notEqual 1 .bookmark                          ...
  322:  control enabled switch11 true 0 0 0                          mandelbrot-control.mnd: switch.enabled = true;
  323:  jump *label176 always 0 0                                    mandelbrot-control.mnd: if index == bookmark then
        label *label171                                              ...
  324:  jump *label172 notEqual 1 .bookmark_clr                      mandelbrot-control.mnd: elsif index == bookmark_clr then
  325:  control enabled switch11 false 0 0 0                         mandelbrot-control.mnd: switch.enabled = false;
  326:  set .bookmark_clr -1                                         mandelbrot-control.mnd: bookmark_clr = -1;
  327:  jump *label175 always 0 0                                    mandelbrot-control.mnd: elsif index == bookmark_clr then
        label *label172                                              ...
  328:  sensor *tmp28 switch11 @enabled                              mandelbrot-control.mnd: elsif switch.@enabled then
  329:  jump *label173 equal *tmp28 false                            ...
  330:  set .bookmark_clr .bookmark                                  mandelbrot-control.mnd: bookmark_clr = bookmark;
  331:  set .bookmark 1                                              mandelbrot-control.mnd: bookmark = index;
  332:  op add .position 80 6                                        mandelbrot-control.mnd: position = BOOKMARKS + BOOKMARK_SIZE * bookmark;
  333:  set :handleTopRowButtons:updateBookmarks true                mandelbrot-control.mnd: updateBookmarks = true;
        label *label173                                              mandelbrot-control.mnd: elsif switch.@enabled then
        label *label175                                              mandelbrot-control.mnd: elsif index == bookmark_clr then
        label *label176                                              mandelbrot-control.mnd: if index == bookmark then
  334:  jump *label178 notEqual 2 .bookmark                          ...
  335:  control enabled switch12 true 0 0 0                          mandelbrot-control.mnd: switch.enabled = true;
  336:  jump *label183 always 0 0                                    mandelbrot-control.mnd: if index == bookmark then
        label *label178                                              ...
  337:  jump *label179 notEqual 2 .bookmark_clr                      mandelbrot-control.mnd: elsif index == bookmark_clr then
  338:  control enabled switch12 false 0 0 0                         mandelbrot-control.mnd: switch.enabled = false;
  339:  set .bookmark_clr -1                                         mandelbrot-control.mnd: bookmark_clr = -1;
  340:  jump *label182 always 0 0                                    mandelbrot-control.mnd: elsif index == bookmark_clr then
        label *label179                                              ...
  341:  sensor *tmp28 switch12 @enabled                              mandelbrot-control.mnd: elsif switch.@enabled then
  342:  jump *label180 equal *tmp28 false                            ...
  343:  set .bookmark_clr .bookmark                                  mandelbrot-control.mnd: bookmark_clr = bookmark;
  344:  set .bookmark 2                                              mandelbrot-control.mnd: bookmark = index;
  345:  op add .position 80 12                                       mandelbrot-control.mnd: position = BOOKMARKS + BOOKMARK_SIZE * bookmark;
  346:  set :handleTopRowButtons:updateBookmarks true                mandelbrot-control.mnd: updateBookmarks = true;
        label *label180                                              mandelbrot-control.mnd: elsif switch.@enabled then
        label *label182                                              mandelbrot-control.mnd: elsif index == bookmark_clr then
        label *label183                                              mandelbrot-control.mnd: if index == bookmark then
  347:  jump *label185 notEqual 3 .bookmark                          ...
  348:  control enabled switch13 true 0 0 0                          mandelbrot-control.mnd: switch.enabled = true;
  349:  jump *label190 always 0 0                                    mandelbrot-control.mnd: if index == bookmark then
        label *label185                                              ...
  350:  jump *label186 notEqual 3 .bookmark_clr                      mandelbrot-control.mnd: elsif index == bookmark_clr then
  351:  control enabled switch13 false 0 0 0                         mandelbrot-control.mnd: switch.enabled = false;
  352:  set .bookmark_clr -1                                         mandelbrot-control.mnd: bookmark_clr = -1;
  353:  jump *label189 always 0 0                                    mandelbrot-control.mnd: elsif index == bookmark_clr then
        label *label186                                              ...
  354:  sensor *tmp28 switch13 @enabled                              mandelbrot-control.mnd: elsif switch.@enabled then
  355:  jump *label187 equal *tmp28 false                            ...
  356:  set .bookmark_clr .bookmark                                  mandelbrot-control.mnd: bookmark_clr = bookmark;
  357:  set .bookmark 3                                              mandelbrot-control.mnd: bookmark = index;
  358:  op add .position 80 18                                       mandelbrot-control.mnd: position = BOOKMARKS + BOOKMARK_SIZE * bookmark;
  359:  set :handleTopRowButtons:updateBookmarks true                mandelbrot-control.mnd: updateBookmarks = true;
        label *label187                                              mandelbrot-control.mnd: elsif switch.@enabled then
        label *label189                                              mandelbrot-control.mnd: elsif index == bookmark_clr then
        label *label190                                              mandelbrot-control.mnd: if index == bookmark then
  360:  jump *label192 notEqual 4 .bookmark                          ...
  361:  control enabled switch14 true 0 0 0                          mandelbrot-control.mnd: switch.enabled = true;
  362:  jump *label197 always 0 0                                    mandelbrot-control.mnd: if index == bookmark then
        label *label192                                              ...
  363:  jump *label193 notEqual 4 .bookmark_clr                      mandelbrot-control.mnd: elsif index == bookmark_clr then
  364:  control enabled switch14 false 0 0 0                         mandelbrot-control.mnd: switch.enabled = false;
  365:  set .bookmark_clr -1                                         mandelbrot-control.mnd: bookmark_clr = -1;
  366:  jump *label196 always 0 0                                    mandelbrot-control.mnd: elsif index == bookmark_clr then
        label *label193                                              ...
  367:  sensor *tmp28 switch14 @enabled                              mandelbrot-control.mnd: elsif switch.@enabled then
  368:  jump *label194 equal *tmp28 false                            ...
  369:  set .bookmark_clr .bookmark                                  mandelbrot-control.mnd: bookmark_clr = bookmark;
  370:  set .bookmark 4                                              mandelbrot-control.mnd: bookmark = index;
  371:  op add .position 80 24                                       mandelbrot-control.mnd: position = BOOKMARKS + BOOKMARK_SIZE * bookmark;
  372:  set :handleTopRowButtons:updateBookmarks true                mandelbrot-control.mnd: updateBookmarks = true;
        label *label194                                              mandelbrot-control.mnd: elsif switch.@enabled then
        label *label196                                              mandelbrot-control.mnd: elsif index == bookmark_clr then
        label *label197                                              mandelbrot-control.mnd: if index == bookmark then
  373:  jump *label199 notEqual 5 .bookmark                          ...
  374:  control enabled switch15 true 0 0 0                          mandelbrot-control.mnd: switch.enabled = true;
  375:  jump *label204 always 0 0                                    mandelbrot-control.mnd: if index == bookmark then
        label *label199                                              ...
  376:  jump *label200 notEqual 5 .bookmark_clr                      mandelbrot-control.mnd: elsif index == bookmark_clr then
  377:  control enabled switch15 false 0 0 0                         mandelbrot-control.mnd: switch.enabled = false;
  378:  set .bookmark_clr -1                                         mandelbrot-control.mnd: bookmark_clr = -1;
  379:  jump *label203 always 0 0                                    mandelbrot-control.mnd: elsif index == bookmark_clr then
        label *label200                                              ...
  380:  sensor *tmp28 switch15 @enabled                              mandelbrot-control.mnd: elsif switch.@enabled then
  381:  jump *label201 equal *tmp28 false                            ...
  382:  set .bookmark_clr .bookmark                                  mandelbrot-control.mnd: bookmark_clr = bookmark;
  383:  set .bookmark 5                                              mandelbrot-control.mnd: bookmark = index;
  384:  op add .position 80 30                                       mandelbrot-control.mnd: position = BOOKMARKS + BOOKMARK_SIZE * bookmark;
  385:  set :handleTopRowButtons:updateBookmarks true                mandelbrot-control.mnd: updateBookmarks = true;
        label *label201                                              mandelbrot-control.mnd: elsif switch.@enabled then
        label *label203                                              mandelbrot-control.mnd: elsif index == bookmark_clr then
        label *label204                                              mandelbrot-control.mnd: if index == bookmark then
  386:  jump *label206 notEqual 6 .bookmark                          ...
  387:  control enabled switch16 true 0 0 0                          mandelbrot-control.mnd: switch.enabled = true;
  388:  jump *label211 always 0 0                                    mandelbrot-control.mnd: if index == bookmark then
        label *label206                                              ...
  389:  jump *label207 notEqual 6 .bookmark_clr                      mandelbrot-control.mnd: elsif index == bookmark_clr then
  390:  control enabled switch16 false 0 0 0                         mandelbrot-control.mnd: switch.enabled = false;
  391:  set .bookmark_clr -1                                         mandelbrot-control.mnd: bookmark_clr = -1;
  392:  jump *label210 always 0 0                                    mandelbrot-control.mnd: elsif index == bookmark_clr then
        label *label207                                              ...
  393:  sensor *tmp28 switch16 @enabled                              mandelbrot-control.mnd: elsif switch.@enabled then
  394:  jump *label208 equal *tmp28 false                            ...
  395:  set .bookmark_clr .bookmark                                  mandelbrot-control.mnd: bookmark_clr = bookmark;
  396:  set .bookmark 6                                              mandelbrot-control.mnd: bookmark = index;
  397:  op add .position 80 36                                       mandelbrot-control.mnd: position = BOOKMARKS + BOOKMARK_SIZE * bookmark;
  398:  set :handleTopRowButtons:updateBookmarks true                mandelbrot-control.mnd: updateBookmarks = true;
        label *label208                                              mandelbrot-control.mnd: elsif switch.@enabled then
        label *label210                                              mandelbrot-control.mnd: elsif index == bookmark_clr then
        label *label211                                              mandelbrot-control.mnd: if index == bookmark then
  399:  jump *label213 notEqual 7 .bookmark                          ...
  400:  control enabled switch17 true 0 0 0                          mandelbrot-control.mnd: switch.enabled = true;
  401:  jump *label218 always 0 0                                    mandelbrot-control.mnd: if index == bookmark then
        label *label213                                              ...
  402:  jump *label214 notEqual 7 .bookmark_clr                      mandelbrot-control.mnd: elsif index == bookmark_clr then
  403:  control enabled switch17 false 0 0 0                         mandelbrot-control.mnd: switch.enabled = false;
  404:  set .bookmark_clr -1                                         mandelbrot-control.mnd: bookmark_clr = -1;
  405:  jump *label217 always 0 0                                    mandelbrot-control.mnd: elsif index == bookmark_clr then
        label *label214                                              ...
  406:  sensor *tmp28 switch17 @enabled                              mandelbrot-control.mnd: elsif switch.@enabled then
  407:  jump *label215 equal *tmp28 false                            ...
  408:  set .bookmark_clr .bookmark                                  mandelbrot-control.mnd: bookmark_clr = bookmark;
  409:  set .bookmark 7                                              mandelbrot-control.mnd: bookmark = index;
  410:  op add .position 80 42                                       mandelbrot-control.mnd: position = BOOKMARKS + BOOKMARK_SIZE * bookmark;
  411:  set :handleTopRowButtons:updateBookmarks true                mandelbrot-control.mnd: updateBookmarks = true;
        label *label215                                              mandelbrot-control.mnd: elsif switch.@enabled then
        label *label217                                              mandelbrot-control.mnd: elsif index == bookmark_clr then
        label *label218                                              mandelbrot-control.mnd: if index == bookmark then
  412:  jump *label220 notEqual 8 .bookmark                          ...
  413:  control enabled switch18 true 0 0 0                          mandelbrot-control.mnd: switch.enabled = true;
  414:  jump *label225 always 0 0                                    mandelbrot-control.mnd: if index == bookmark then
        label *label220                                              ...
  415:  jump *label221 notEqual 8 .bookmark_clr                      mandelbrot-control.mnd: elsif index == bookmark_clr then
  416:  control enabled switch18 false 0 0 0                         mandelbrot-control.mnd: switch.enabled = false;
  417:  set .bookmark_clr -1                                         mandelbrot-control.mnd: bookmark_clr = -1;
  418:  jump *label224 always 0 0                                    mandelbrot-control.mnd: elsif index == bookmark_clr then
        label *label221                                              ...
  419:  sensor *tmp28 switch18 @enabled                              mandelbrot-control.mnd: elsif switch.@enabled then
  420:  jump *label222 equal *tmp28 false                            ...
  421:  set .bookmark_clr .bookmark                                  mandelbrot-control.mnd: bookmark_clr = bookmark;
  422:  set .bookmark 8                                              mandelbrot-control.mnd: bookmark = index;
  423:  op add .position 80 48                                       mandelbrot-control.mnd: position = BOOKMARKS + BOOKMARK_SIZE * bookmark;
  424:  set :handleTopRowButtons:updateBookmarks true                mandelbrot-control.mnd: updateBookmarks = true;
        label *label222                                              mandelbrot-control.mnd: elsif switch.@enabled then
        label *label224                                              mandelbrot-control.mnd: elsif index == bookmark_clr then
        label *label225                                              mandelbrot-control.mnd: if index == bookmark then
  425:  jump *label227 notEqual 9 .bookmark                          ...
  426:  control enabled switch19 true 0 0 0                          mandelbrot-control.mnd: switch.enabled = true;
  427:  jump *label232 always 0 0                                    mandelbrot-control.mnd: if index == bookmark then
        label *label227                                              ...
  428:  jump *label228 notEqual 9 .bookmark_clr                      mandelbrot-control.mnd: elsif index == bookmark_clr then
  429:  control enabled switch19 false 0 0 0                         mandelbrot-control.mnd: switch.enabled = false;
  430:  set .bookmark_clr -1                                         mandelbrot-control.mnd: bookmark_clr = -1;
  431:  jump *label231 always 0 0                                    mandelbrot-control.mnd: elsif index == bookmark_clr then
        label *label228                                              ...
  432:  sensor *tmp28 switch19 @enabled                              mandelbrot-control.mnd: elsif switch.@enabled then
  433:  jump *label229 equal *tmp28 false                            ...
  434:  set .bookmark_clr .bookmark                                  mandelbrot-control.mnd: bookmark_clr = bookmark;
  435:  set .bookmark 9                                              mandelbrot-control.mnd: bookmark = index;
  436:  op add .position 80 54                                       mandelbrot-control.mnd: position = BOOKMARKS + BOOKMARK_SIZE * bookmark;
  437:  set :handleTopRowButtons:updateBookmarks true                mandelbrot-control.mnd: updateBookmarks = true;
        label *label229                                              mandelbrot-control.mnd: elsif switch.@enabled then
        label *label231                                              mandelbrot-control.mnd: elsif index == bookmark_clr then
        label *label232                                              mandelbrot-control.mnd: if index == bookmark then
  438:  jump *label234 notEqual 10 .bookmark                         ...
  439:  control enabled switch20 true 0 0 0                          mandelbrot-control.mnd: switch.enabled = true;
  440:  jump *label239 always 0 0                                    mandelbrot-control.mnd: if index == bookmark then
        label *label234                                              ...
  441:  jump *label235 notEqual 10 .bookmark_clr                     mandelbrot-control.mnd: elsif index == bookmark_clr then
  442:  control enabled switch20 false 0 0 0                         mandelbrot-control.mnd: switch.enabled = false;
  443:  set .bookmark_clr -1                                         mandelbrot-control.mnd: bookmark_clr = -1;
  444:  jump *label238 always 0 0                                    mandelbrot-control.mnd: elsif index == bookmark_clr then
        label *label235                                              ...
  445:  sensor *tmp28 switch20 @enabled                              mandelbrot-control.mnd: elsif switch.@enabled then
  446:  jump *label236 equal *tmp28 false                            ...
  447:  set .bookmark_clr .bookmark                                  mandelbrot-control.mnd: bookmark_clr = bookmark;
  448:  set .bookmark 10                                             mandelbrot-control.mnd: bookmark = index;
  449:  op add .position 80 60                                       mandelbrot-control.mnd: position = BOOKMARKS + BOOKMARK_SIZE * bookmark;
  450:  set :handleTopRowButtons:updateBookmarks true                mandelbrot-control.mnd: updateBookmarks = true;
        label *label236                                              mandelbrot-control.mnd: elsif switch.@enabled then
        label *label238                                              mandelbrot-control.mnd: elsif index == bookmark_clr then
        label *label239                                              mandelbrot-control.mnd: if index == bookmark then
  451:  jump *label241 notEqual 11 .bookmark                         ...
  452:  control enabled switch21 true 0 0 0                          mandelbrot-control.mnd: switch.enabled = true;
  453:  jump *label246 always 0 0                                    mandelbrot-control.mnd: if index == bookmark then
        label *label241                                              ...
  454:  jump *label242 notEqual 11 .bookmark_clr                     mandelbrot-control.mnd: elsif index == bookmark_clr then
  455:  control enabled switch21 false 0 0 0                         mandelbrot-control.mnd: switch.enabled = false;
  456:  set .bookmark_clr -1                                         mandelbrot-control.mnd: bookmark_clr = -1;
  457:  jump *label245 always 0 0                                    mandelbrot-control.mnd: elsif index == bookmark_clr then
        label *label242                                              ...
  458:  sensor *tmp28 switch21 @enabled                              mandelbrot-control.mnd: elsif switch.@enabled then
  459:  jump *label243 equal *tmp28 false                            ...
  460:  set .bookmark_clr .bookmark                                  mandelbrot-control.mnd: bookmark_clr = bookmark;
  461:  set .bookmark 11                                             mandelbrot-control.mnd: bookmark = index;
  462:  op add .position 80 66                                       mandelbrot-control.mnd: position = BOOKMARKS + BOOKMARK_SIZE * bookmark;
  463:  set :handleTopRowButtons:updateBookmarks true                mandelbrot-control.mnd: updateBookmarks = true;
        label *label243                                              mandelbrot-control.mnd: elsif switch.@enabled then
        label *label245                                              mandelbrot-control.mnd: elsif index == bookmark_clr then
        label *label246                                              mandelbrot-control.mnd: if index == bookmark then
  464:  jump *label248 notEqual 12 .bookmark                         ...
  465:  control enabled switch22 true 0 0 0                          mandelbrot-control.mnd: switch.enabled = true;
  466:  jump *label253 always 0 0                                    mandelbrot-control.mnd: if index == bookmark then
        label *label248                                              ...
  467:  jump *label249 notEqual 12 .bookmark_clr                     mandelbrot-control.mnd: elsif index == bookmark_clr then
  468:  control enabled switch22 false 0 0 0                         mandelbrot-control.mnd: switch.enabled = false;
  469:  set .bookmark_clr -1                                         mandelbrot-control.mnd: bookmark_clr = -1;
  470:  jump *label252 always 0 0                                    mandelbrot-control.mnd: elsif index == bookmark_clr then
        label *label249                                              ...
  471:  sensor *tmp28 switch22 @enabled                              mandelbrot-control.mnd: elsif switch.@enabled then
  472:  jump *label250 equal *tmp28 false                            ...
  473:  set .bookmark_clr .bookmark                                  mandelbrot-control.mnd: bookmark_clr = bookmark;
  474:  set .bookmark 12                                             mandelbrot-control.mnd: bookmark = index;
  475:  op add .position 80 72                                       mandelbrot-control.mnd: position = BOOKMARKS + BOOKMARK_SIZE * bookmark;
  476:  set :handleTopRowButtons:updateBookmarks true                mandelbrot-control.mnd: updateBookmarks = true;
        label *label250                                              mandelbrot-control.mnd: elsif switch.@enabled then
        label *label252                                              mandelbrot-control.mnd: elsif index == bookmark_clr then
        label *label253                                              mandelbrot-control.mnd: if index == bookmark then
  477:  jump *label256 notEqual 0 .palette                           mandelbrot-control.mnd: if index == palette then
  478:  control enabled switch23 true 0 0 0                          mandelbrot-control.mnd: switch.enabled = true;
  479:  jump *label261 always 0 0                                    mandelbrot-control.mnd: if index == palette then
        label *label256                                              ...
  480:  jump *label257 notEqual 0 .palette_clr                       mandelbrot-control.mnd: elsif index == palette_clr then
  481:  control enabled switch23 false 0 0 0                         mandelbrot-control.mnd: switch.enabled = false;
  482:  set .palette_clr -1                                          mandelbrot-control.mnd: palette_clr = -1;
  483:  jump *label260 always 0 0                                    mandelbrot-control.mnd: elsif index == palette_clr then
        label *label257                                              ...
  484:  sensor *tmp29 switch23 @enabled                              mandelbrot-control.mnd: elsif switch.@enabled then
  485:  jump *label258 equal *tmp29 false                            ...
  486:  set .palette_clr .palette                                    mandelbrot-control.mnd: palette_clr = palette;
  487:  set .palette 0                                               mandelbrot-control.mnd: palette = index;
  488:  write 1 bank1 75                                             mandelbrot-control.mnd: PALETTE = index + 1;
  489:  print "Palette #1"                                           mandelbrot-control.mnd: print("Palette #", PALETTE);
  490:  printflush message3                                          mandelbrot-control.mnd: printflush(message3);
  491:  set .CHANGE true                                             mandelbrot-control.mnd: CHANGE = true;
        label *label258                                              mandelbrot-control.mnd: elsif switch.@enabled then
        label *label260                                              mandelbrot-control.mnd: elsif index == palette_clr then
        label *label261                                              mandelbrot-control.mnd: if index == palette then
  492:  jump *label263 notEqual 1 .palette                           ...
  493:  control enabled switch24 true 0 0 0                          mandelbrot-control.mnd: switch.enabled = true;
  494:  jump *label268 always 0 0                                    mandelbrot-control.mnd: if index == palette then
        label *label263                                              ...
  495:  jump *label264 notEqual 1 .palette_clr                       mandelbrot-control.mnd: elsif index == palette_clr then
  496:  control enabled switch24 false 0 0 0                         mandelbrot-control.mnd: switch.enabled = false;
  497:  set .palette_clr -1                                          mandelbrot-control.mnd: palette_clr = -1;
  498:  jump *label267 always 0 0                                    mandelbrot-control.mnd: elsif index == palette_clr then
        label *label264                                              ...
  499:  sensor *tmp29 switch24 @enabled                              mandelbrot-control.mnd: elsif switch.@enabled then
  500:  jump *label265 equal *tmp29 false                            ...
  501:  set .palette_clr .palette                                    mandelbrot-control.mnd: palette_clr = palette;
  502:  set .palette 1                                               mandelbrot-control.mnd: palette = index;
  503:  write 2 bank1 75                                             mandelbrot-control.mnd: PALETTE = index + 1;
  504:  print "Palette #2"                                           mandelbrot-control.mnd: print("Palette #", PALETTE);
  505:  printflush message3                                          mandelbrot-control.mnd: printflush(message3);
  506:  set .CHANGE true                                             mandelbrot-control.mnd: CHANGE = true;
        label *label265                                              mandelbrot-control.mnd: elsif switch.@enabled then
        label *label267                                              mandelbrot-control.mnd: elsif index == palette_clr then
        label *label268                                              mandelbrot-control.mnd: if index == palette then
  507:  jump *label270 notEqual 2 .palette                           ...
  508:  control enabled switch25 true 0 0 0                          mandelbrot-control.mnd: switch.enabled = true;
  509:  jump *label275 always 0 0                                    mandelbrot-control.mnd: if index == palette then
        label *label270                                              ...
  510:  jump *label271 notEqual 2 .palette_clr                       mandelbrot-control.mnd: elsif index == palette_clr then
  511:  control enabled switch25 false 0 0 0                         mandelbrot-control.mnd: switch.enabled = false;
  512:  set .palette_clr -1                                          mandelbrot-control.mnd: palette_clr = -1;
  513:  jump *label274 always 0 0                                    mandelbrot-control.mnd: elsif index == palette_clr then
        label *label271                                              ...
  514:  sensor *tmp29 switch25 @enabled                              mandelbrot-control.mnd: elsif switch.@enabled then
  515:  jump *label272 equal *tmp29 false                            ...
  516:  set .palette_clr .palette                                    mandelbrot-control.mnd: palette_clr = palette;
  517:  set .palette 2                                               mandelbrot-control.mnd: palette = index;
  518:  write 3 bank1 75                                             mandelbrot-control.mnd: PALETTE = index + 1;
  519:  print "Palette #3"                                           mandelbrot-control.mnd: print("Palette #", PALETTE);
  520:  printflush message3                                          mandelbrot-control.mnd: printflush(message3);
  521:  set .CHANGE true                                             mandelbrot-control.mnd: CHANGE = true;
        label *label272                                              mandelbrot-control.mnd: elsif switch.@enabled then
        label *label274                                              mandelbrot-control.mnd: elsif index == palette_clr then
        label *label275                                              mandelbrot-control.mnd: if index == palette then
  522:  jump *label277 notEqual 3 .palette                           ...
  523:  control enabled switch26 true 0 0 0                          mandelbrot-control.mnd: switch.enabled = true;
  524:  jump *label282 always 0 0                                    mandelbrot-control.mnd: if index == palette then
        label *label277                                              ...
  525:  jump *label278 notEqual 3 .palette_clr                       mandelbrot-control.mnd: elsif index == palette_clr then
  526:  control enabled switch26 false 0 0 0                         mandelbrot-control.mnd: switch.enabled = false;
  527:  set .palette_clr -1                                          mandelbrot-control.mnd: palette_clr = -1;
  528:  jump *label281 always 0 0                                    mandelbrot-control.mnd: elsif index == palette_clr then
        label *label278                                              ...
  529:  sensor *tmp29 switch26 @enabled                              mandelbrot-control.mnd: elsif switch.@enabled then
  530:  jump *label279 equal *tmp29 false                            ...
  531:  set .palette_clr .palette                                    mandelbrot-control.mnd: palette_clr = palette;
  532:  set .palette 3                                               mandelbrot-control.mnd: palette = index;
  533:  write 4 bank1 75                                             mandelbrot-control.mnd: PALETTE = index + 1;
  534:  print "Palette #4"                                           mandelbrot-control.mnd: print("Palette #", PALETTE);
  535:  printflush message3                                          mandelbrot-control.mnd: printflush(message3);
  536:  set .CHANGE true                                             mandelbrot-control.mnd: CHANGE = true;
        label *label279                                              mandelbrot-control.mnd: elsif switch.@enabled then
        label *label281                                              mandelbrot-control.mnd: elsif index == palette_clr then
        label *label282                                              mandelbrot-control.mnd: if index == palette then
  537:  jump *label284 notEqual 4 .palette                           ...
  538:  control enabled switch27 true 0 0 0                          mandelbrot-control.mnd: switch.enabled = true;
  539:  jump *label289 always 0 0                                    mandelbrot-control.mnd: if index == palette then
        label *label284                                              ...
  540:  jump *label285 notEqual 4 .palette_clr                       mandelbrot-control.mnd: elsif index == palette_clr then
  541:  control enabled switch27 false 0 0 0                         mandelbrot-control.mnd: switch.enabled = false;
  542:  set .palette_clr -1                                          mandelbrot-control.mnd: palette_clr = -1;
  543:  jump *label288 always 0 0                                    mandelbrot-control.mnd: elsif index == palette_clr then
        label *label285                                              ...
  544:  sensor *tmp29 switch27 @enabled                              mandelbrot-control.mnd: elsif switch.@enabled then
  545:  jump *label286 equal *tmp29 false                            ...
  546:  set .palette_clr .palette                                    mandelbrot-control.mnd: palette_clr = palette;
  547:  set .palette 4                                               mandelbrot-control.mnd: palette = index;
  548:  write 5 bank1 75                                             mandelbrot-control.mnd: PALETTE = index + 1;
  549:  print "Palette #5"                                           mandelbrot-control.mnd: print("Palette #", PALETTE);
  550:  printflush message3                                          mandelbrot-control.mnd: printflush(message3);
  551:  set .CHANGE true                                             mandelbrot-control.mnd: CHANGE = true;
        label *label286                                              mandelbrot-control.mnd: elsif switch.@enabled then
        label *label288                                              mandelbrot-control.mnd: elsif index == palette_clr then
        label *label289                                              mandelbrot-control.mnd: if index == palette then
  552:  set :updateBookmarks :handleTopRowButtons:updateBookmarks    mandelbrot-control.mnd: handleTopRowButtons(out updateBookmarks);
  553:  jump *label137 equal :handleTopRowButtons:updateBookmarks fa mandelbrot-control.mnd: if updateBookmarks then
  554:  print "BOOKMARKS\n[o] [o] [o] [o] ...\n      [o] Load\n      mandelbrot-control.mnd: println("BOOKMARKS");
  555:  op add *tmp30 .bookmark 1                                    mandelbrot-control.mnd: print($"Selected bookmark #${bookmark+1}:\n");
  556:  format *tmp30                                                ...
  557:  op add *tmp31 .position 3                                    mandelbrot-control.mnd: if memory[position + 3] then
  558:  read *tmp32 bank1 *tmp31                                     ...
  559:  jump *label140 equal *tmp32 false                            ...
  560:  print "Julia set of Mandelbrot\nfractal at coordinates\n   X mandelbrot-control.mnd: println("Julia set of Mandelbrot");
  561:  op add *tmp33 .position 4                                    mandelbrot-control.mnd: print($"   X: $\n", memory[position + 4]);
  562:  read *tmp34 bank1 *tmp33                                     ...
  563:  format *tmp34                                                ...
  564:  op add *tmp35 .position 5                                    mandelbrot-control.mnd: print($"   Y: $\n", memory[position + 5]);
  565:  read *tmp36 bank1 *tmp35                                     ...
  566:  format *tmp36                                                ...
  567:  jump *label141 always 0 0                                    mandelbrot-control.mnd: if memory[position + 3] then
        label *label140                                              ...
  568:  print "Mandelbrot set\n"                                     mandelbrot-control.mnd: println("Mandelbrot set");
        label *label141                                              mandelbrot-control.mnd: if memory[position + 3] then
  569:  print "-------------------------\nX: {0}\nY: {0}\nZoom: {0}\ mandelbrot-control.mnd: println("-------------------------");
  570:  read *tmp37 bank1 .position                                  mandelbrot-control.mnd: print($"X: $\n", memory[position]);
  571:  format *tmp37                                                ...
  572:  op add *tmp38 .position 1                                    mandelbrot-control.mnd: print($"Y: $\n", memory[position + 1]);
  573:  read *tmp39 bank1 *tmp38                                     ...
  574:  format *tmp39                                                ...
  575:  op add *tmp40 .position 2                                    mandelbrot-control.mnd: print($"Zoom: $\n", memory[position + 2]);
  576:  read *tmp41 bank1 *tmp40                                     ...
  577:  format *tmp41                                                ...
  578:  printflush message2                                          mandelbrot-control.mnd: printflush(message2);
  579:  set :updateBookmarks false                                   mandelbrot-control.mnd: updateBookmarks = false;
        label *label137                                              mandelbrot-control.mnd: if updateBookmarks then
  580:  read *tmp43 bank1 66                                         mandelbrot-control.mnd: PERCENT = (100 * COMPLETED) \ TOTAL;
  581:  op mul *tmp42 100 *tmp43                                     ...
  582:  op idiv .PERCENT *tmp42 30976                                ...
  583:  jump *label142 greaterThanEq .PERCENT 100                    mandelbrot-control.mnd: if PERCENT < 100 then TIME = round(@second - second); end;
  584:  op sub *tmp44 @second .second                                ...
  585:  op round .TIME *tmp44 0                                      ...
        label *label142                                              ...
  586:  jump *label146 notEqual :lastTime .TIME                      mandelbrot-control.mnd: if lastTime != TIME or lastPercent != PERCENT then
  587:  jump *label144 equal :lastPercent .PERCENT                   ...
        label *label146                                              ...
  588:  set :lastTime .TIME                                          mandelbrot-control.mnd: lastTime = TIME;
  589:  set :lastPercent .PERCENT                                    mandelbrot-control.mnd: lastPercent = PERCENT;
  590:  set :print true                                              mandelbrot-control.mnd: print = true;
        label *label144                                              mandelbrot-control.mnd: if lastTime != TIME or lastPercent != PERCENT then
  591:  jump *label148 equal .CHANGE false                           mandelbrot-control.mnd: if CHANGE then
  592:  print "Initializing..."                                      mandelbrot-control.mnd: print("Initializing...");
  593:  printflush message1                                          mandelbrot-control.mnd: printflush(message1);
  594:  op add .STOP .STOP 1                                         mandelbrot-control.mnd: if CHANGE then
  595:  write .STOP bank1 68                                         ...
  596:  set .CHANGE false                                            mandelbrot-control.mnd: CHANGE = false;
  597:  jump *label150 equal CLEAR_DISPLAY false                     mandelbrot-control.mnd: if CLEAR_DISPLAY then
  598:  draw clear 86 86 102 0 0 0                                   mandelbrot-control.mnd: clear(86, 86, 102);
  599:  jump *label151 always 0 0                                    mandelbrot-control.mnd: if CLEAR_DISPLAY then
        label *label150                                              ...
  600:  draw color 86 86 102 204 0 0                                 mandelbrot-control.mnd: color(86, 86, 102, 204);
  601:  draw rect 0 0 176 176 0 0                                    mandelbrot-control.mnd: rect(0, 0, 176, 176);
        label *label151                                              mandelbrot-control.mnd: if CLEAR_DISPLAY then
  602:  drawflush display1                                           mandelbrot-control.mnd: drawflush(display);
  603:  wait 0.0125                             # 0.750 ticks for at mandelbrot-control.mnd: atomic
  604:  write 0 bank1 66                                             mandelbrot-control.mnd: LINE = ITERATIONS = COMPLETED = 0;
  605:  write 0 bank1 65                                             ...
  606:  write 0 bank1 64                                             ...
  607:  op add .START .START 1                                       mandelbrot-control.mnd: atomic
  608:  write .START bank1 67                   # The last atomic se ...
  609:  set .second @second                                          mandelbrot-control.mnd: second = @second;
  610:  set .text2 ""                                                mandelbrot-control.mnd: text1 = text2 = "";
  611:  set .text1 ""                                                ...
  612:  set :print true                                              mandelbrot-control.mnd: print = true;
  613:  set .links @links                                            mandelbrot-control.mnd: links = @links;
  614:  set :initializeProcessors.1:i 0                              mandelbrot-control.mnd: for var i in 0 ... links do
  615:  jump *label156 greaterThanEq 0 .links                        ...
        label *label162                                              ...
  616:  getlink :initializeProcessors.1:proc :initializeProcessors.1 mandelbrot-control.mnd: var proc = getlink(i);
  617:  write display1 :initializeProcessors.1:proc ".display"       mandelbrot-control.mnd: proc.write(display, ".display");
  618:  write bank1 :initializeProcessors.1:proc ".memory"           mandelbrot-control.mnd: proc.write(memory, ".memory");
  619:  op add :initializeProcessors.1:i :initializeProcessors.1:i 1 mandelbrot-control.mnd: for var i in 0 ... links do
  620:  jump *label162 lessThan :initializeProcessors.1:i .links     ...
        label *label156                                              ...
        label *label148                                              mandelbrot-control.mnd: if CHANGE then
  621:  print "Links: {0}\nLoop time: "                              mandelbrot-control.mnd: println("Links: ", links);
  622:  format .links                                                ...
  623:  op sub *tmp45 @time :start                                   mandelbrot-control.mnd: print("Loop time: ", round(@time - start));
  624:  op round *tmp46 *tmp45 0                                     ...
  625:  print *tmp46                                                 ...
  626:  printflush message4                                          mandelbrot-control.mnd: printflush(message4);
  627:  jump *label38 always 0 0                                     mandelbrot-control.mnd: while true do


Code size and number of instantiations by function:
  Size  Times  AvgSize  Function
   244     1x    244,0  inline void handleTopRowButtons(in out updateBookmarks)
   106     1x    106,0  <no function>
    64     1x     64,0  inline void createPalette()
    40    10x      4,0  inline void bookmark(in memory, in out position, in x, in y, in zoom)
    40     6x      6,7  inline void handleMove(in switch, in x, in y, in z)
    25     1x     25,0  inline void printBookmarks(in position, in bookmark)
    21     1x     21,0  inline void loadBookmark(in position, in bookmark)
    21     1x     21,0  inline void printInfo()
    20     1x     20,0  inline void initialize()
    18     3x      6,0  inline void bookmarkJulia(in memory, in out position, in x, in y, in zoom, in julia_x, in julia_y)
    16     2x      8,0  inline void initializeProcessors()
    14     1x     14,0  inline void saveBookmark(in position, in bookmark)


Symbolic link resolution:
    bookmark1   -> switch10
    bookmark10  -> switch19
    bookmark11  -> switch20
    bookmark12  -> switch21
    bookmark13  -> switch22
    bookmark2   -> switch11
    bookmark3   -> switch12
    bookmark4   -> switch13
    bookmark5   -> switch14
    bookmark6   -> switch15
    bookmark7   -> switch16
    bookmark8   -> switch17
    bookmark9   -> switch18
    buttonDown  -> switch4
    buttonJulia -> switch7
    buttonLeft  -> switch2
    buttonLoad  -> switch8
    buttonMinus -> switch6
    buttonPlus  -> switch5
    buttonRight -> switch3
    buttonSave  -> switch9
    buttonUp    -> switch1
    display     -> display1
    memory      -> bank1
    palette1    -> switch23
    palette2    -> switch24
    palette3    -> switch25
    palette4    -> switch26
    palette5    -> switch27
