    52 instructions before optimizations.
     3 instructions eliminated by Temp Variables Elimination (9 iterations).
     3 instructions eliminated by Dead Code Elimination (4 iterations).
    61 instructions eliminated by Jump Normalization (3 passes, 8 iterations).
     1 instructions eliminated by Condition Optimization (9 iterations).
    10 instructions eliminated by Single Step Elimination (2 passes, 10 iterations).
   210 instructions eliminated by Data Flow Optimization (19 passes, 100 iterations).
       3 loop conditions were partially rotated.
   601 instructions added by Loop Unrolling (23 iterations).
    17 loops unrolled by Loop Unrolling.
     8 instructions eliminated by Unreachable Code Elimination (2 iterations).
    55 instructions eliminated by Print Merging.
   302 instructions after optimizations.

Pass 3: speed optimization selection (cost limit 961):
  * Unroll loop at line 26:5                                     size  +172, benefit      400.0, efficiency      2.326 (+131 instructions)

Pass 4: speed optimization selection (cost limit 846):
  * Unroll loop at line 28:9                                     size    +2, benefit      100.0, efficiency     50.000 (+0 instructions)
    Unroll loop at line 34:9                                     size    +5, benefit      150.0, efficiency     30.000
    Unroll loop at line 28:9                                     size    +7, benefit      150.0, efficiency     21.429
    Unroll loop at line 34:9                                     size    +9, benefit      200.0, efficiency     22.222
    Unroll loop at line 28:9                                     size   +12, benefit      200.0, efficiency     16.667
    Unroll loop at line 34:9                                     size   +13, benefit      250.0, efficiency     19.231
    Unroll loop at line 28:9                                     size   +17, benefit      250.0, efficiency     14.706
    Unroll loop at line 34:9                                     size   +17, benefit      300.0, efficiency     17.647
    Unroll loop at line 28:9                                     size   +22, benefit      300.0, efficiency     13.636
    Unroll loop at line 34:9                                     size   +21, benefit      350.0, efficiency     16.667
    Unroll loop at line 28:9                                     size   +27, benefit      350.0, efficiency     12.963
    Unroll loop at line 34:9                                     size   +25, benefit      400.0, efficiency     16.000
    Unroll loop at line 28:9                                     size   +32, benefit      400.0, efficiency     12.500
    Unroll loop at line 34:9                                     size   +29, benefit      450.0, efficiency     15.517
    Unroll loop at line 28:9                                     size   +37, benefit      450.0, efficiency     12.162
    Unroll loop at line 34:9                                     size   +33, benefit      500.0, efficiency     15.152

Pass 4: speed optimization selection (cost limit 846):
  * Unroll loop at line 34:9                                     size    +5, benefit      150.0, efficiency     30.000 (+5 instructions)
    Unroll loop at line 28:9                                     size    +7, benefit      150.0, efficiency     21.429
    Unroll loop at line 34:9                                     size    +9, benefit      200.0, efficiency     22.222
    Unroll loop at line 28:9                                     size   +12, benefit      200.0, efficiency     16.667
    Unroll loop at line 34:9                                     size   +13, benefit      250.0, efficiency     19.231
    Unroll loop at line 28:9                                     size   +17, benefit      250.0, efficiency     14.706
    Unroll loop at line 34:9                                     size   +17, benefit      300.0, efficiency     17.647
    Unroll loop at line 28:9                                     size   +22, benefit      300.0, efficiency     13.636
    Unroll loop at line 34:9                                     size   +21, benefit      350.0, efficiency     16.667
    Unroll loop at line 28:9                                     size   +27, benefit      350.0, efficiency     12.963
    Unroll loop at line 34:9                                     size   +25, benefit      400.0, efficiency     16.000
    Unroll loop at line 28:9                                     size   +32, benefit      400.0, efficiency     12.500
    Unroll loop at line 34:9                                     size   +29, benefit      450.0, efficiency     15.517
    Unroll loop at line 28:9                                     size   +37, benefit      450.0, efficiency     12.162
    Unroll loop at line 34:9                                     size   +33, benefit      500.0, efficiency     15.152

Pass 4: speed optimization selection (cost limit 841):
    Unroll loop at line 28:9                                     size    +7, benefit      150.0, efficiency     21.429
  * Unroll loop at line 34:9                                     size    +9, benefit      200.0, efficiency     22.222 (+9 instructions)
    Unroll loop at line 28:9                                     size   +12, benefit      200.0, efficiency     16.667
    Unroll loop at line 34:9                                     size   +13, benefit      250.0, efficiency     19.231
    Unroll loop at line 28:9                                     size   +17, benefit      250.0, efficiency     14.706
    Unroll loop at line 34:9                                     size   +17, benefit      300.0, efficiency     17.647
    Unroll loop at line 28:9                                     size   +22, benefit      300.0, efficiency     13.636
    Unroll loop at line 34:9                                     size   +21, benefit      350.0, efficiency     16.667
    Unroll loop at line 28:9                                     size   +27, benefit      350.0, efficiency     12.963
    Unroll loop at line 34:9                                     size   +25, benefit      400.0, efficiency     16.000
    Unroll loop at line 28:9                                     size   +32, benefit      400.0, efficiency     12.500
    Unroll loop at line 34:9                                     size   +29, benefit      450.0, efficiency     15.517
    Unroll loop at line 28:9                                     size   +37, benefit      450.0, efficiency     12.162
    Unroll loop at line 34:9                                     size   +33, benefit      500.0, efficiency     15.152

Pass 4: speed optimization selection (cost limit 832):
  * Unroll loop at line 28:9                                     size    +7, benefit      150.0, efficiency     21.429 (+4 instructions)
    Unroll loop at line 28:9                                     size   +12, benefit      200.0, efficiency     16.667
    Unroll loop at line 34:9                                     size   +13, benefit      250.0, efficiency     19.231
    Unroll loop at line 28:9                                     size   +17, benefit      250.0, efficiency     14.706
    Unroll loop at line 34:9                                     size   +17, benefit      300.0, efficiency     17.647
    Unroll loop at line 28:9                                     size   +22, benefit      300.0, efficiency     13.636
    Unroll loop at line 34:9                                     size   +21, benefit      350.0, efficiency     16.667
    Unroll loop at line 28:9                                     size   +27, benefit      350.0, efficiency     12.963
    Unroll loop at line 34:9                                     size   +25, benefit      400.0, efficiency     16.000
    Unroll loop at line 28:9                                     size   +32, benefit      400.0, efficiency     12.500
    Unroll loop at line 34:9                                     size   +29, benefit      450.0, efficiency     15.517
    Unroll loop at line 28:9                                     size   +37, benefit      450.0, efficiency     12.162
    Unroll loop at line 34:9                                     size   +33, benefit      500.0, efficiency     15.152

Pass 4: speed optimization selection (cost limit 828):
    Unroll loop at line 28:9                                     size   +12, benefit      200.0, efficiency     16.667
  * Unroll loop at line 34:9                                     size   +13, benefit      250.0, efficiency     19.231 (+13 instructions)
    Unroll loop at line 28:9                                     size   +17, benefit      250.0, efficiency     14.706
    Unroll loop at line 34:9                                     size   +17, benefit      300.0, efficiency     17.647
    Unroll loop at line 28:9                                     size   +22, benefit      300.0, efficiency     13.636
    Unroll loop at line 34:9                                     size   +21, benefit      350.0, efficiency     16.667
    Unroll loop at line 28:9                                     size   +27, benefit      350.0, efficiency     12.963
    Unroll loop at line 34:9                                     size   +25, benefit      400.0, efficiency     16.000
    Unroll loop at line 28:9                                     size   +32, benefit      400.0, efficiency     12.500
    Unroll loop at line 34:9                                     size   +29, benefit      450.0, efficiency     15.517
    Unroll loop at line 28:9                                     size   +37, benefit      450.0, efficiency     12.162
    Unroll loop at line 34:9                                     size   +33, benefit      500.0, efficiency     15.152

Pass 4: speed optimization selection (cost limit 815):
    Unroll loop at line 28:9                                     size   +12, benefit      200.0, efficiency     16.667
    Unroll loop at line 28:9                                     size   +17, benefit      250.0, efficiency     14.706
  * Unroll loop at line 34:9                                     size   +17, benefit      300.0, efficiency     17.647 (+17 instructions)
    Unroll loop at line 28:9                                     size   +22, benefit      300.0, efficiency     13.636
    Unroll loop at line 34:9                                     size   +21, benefit      350.0, efficiency     16.667
    Unroll loop at line 28:9                                     size   +27, benefit      350.0, efficiency     12.963
    Unroll loop at line 34:9                                     size   +25, benefit      400.0, efficiency     16.000
    Unroll loop at line 28:9                                     size   +32, benefit      400.0, efficiency     12.500
    Unroll loop at line 34:9                                     size   +29, benefit      450.0, efficiency     15.517
    Unroll loop at line 28:9                                     size   +37, benefit      450.0, efficiency     12.162
    Unroll loop at line 34:9                                     size   +33, benefit      500.0, efficiency     15.152

Pass 4: speed optimization selection (cost limit 798):
    Unroll loop at line 28:9                                     size   +12, benefit      200.0, efficiency     16.667
    Unroll loop at line 28:9                                     size   +17, benefit      250.0, efficiency     14.706
    Unroll loop at line 28:9                                     size   +22, benefit      300.0, efficiency     13.636
  * Unroll loop at line 34:9                                     size   +21, benefit      350.0, efficiency     16.667 (+21 instructions)
    Unroll loop at line 28:9                                     size   +27, benefit      350.0, efficiency     12.963
    Unroll loop at line 34:9                                     size   +25, benefit      400.0, efficiency     16.000
    Unroll loop at line 28:9                                     size   +32, benefit      400.0, efficiency     12.500
    Unroll loop at line 34:9                                     size   +29, benefit      450.0, efficiency     15.517
    Unroll loop at line 28:9                                     size   +37, benefit      450.0, efficiency     12.162
    Unroll loop at line 34:9                                     size   +33, benefit      500.0, efficiency     15.152

Pass 4: speed optimization selection (cost limit 777):
  * Unroll loop at line 28:9                                     size   +12, benefit      200.0, efficiency     16.667 (+8 instructions)
    Unroll loop at line 28:9                                     size   +17, benefit      250.0, efficiency     14.706
    Unroll loop at line 28:9                                     size   +22, benefit      300.0, efficiency     13.636
    Unroll loop at line 28:9                                     size   +27, benefit      350.0, efficiency     12.963
    Unroll loop at line 34:9                                     size   +25, benefit      400.0, efficiency     16.000
    Unroll loop at line 28:9                                     size   +32, benefit      400.0, efficiency     12.500
    Unroll loop at line 34:9                                     size   +29, benefit      450.0, efficiency     15.517
    Unroll loop at line 28:9                                     size   +37, benefit      450.0, efficiency     12.162
    Unroll loop at line 34:9                                     size   +33, benefit      500.0, efficiency     15.152

Pass 4: speed optimization selection (cost limit 769):
    Unroll loop at line 28:9                                     size   +17, benefit      250.0, efficiency     14.706
    Unroll loop at line 28:9                                     size   +22, benefit      300.0, efficiency     13.636
    Unroll loop at line 28:9                                     size   +27, benefit      350.0, efficiency     12.963
  * Unroll loop at line 34:9                                     size   +25, benefit      400.0, efficiency     16.000 (+25 instructions)
    Unroll loop at line 28:9                                     size   +32, benefit      400.0, efficiency     12.500
    Unroll loop at line 34:9                                     size   +29, benefit      450.0, efficiency     15.517
    Unroll loop at line 28:9                                     size   +37, benefit      450.0, efficiency     12.162
    Unroll loop at line 34:9                                     size   +33, benefit      500.0, efficiency     15.152

Pass 4: speed optimization selection (cost limit 744):
    Unroll loop at line 28:9                                     size   +17, benefit      250.0, efficiency     14.706
    Unroll loop at line 28:9                                     size   +22, benefit      300.0, efficiency     13.636
    Unroll loop at line 28:9                                     size   +27, benefit      350.0, efficiency     12.963
    Unroll loop at line 28:9                                     size   +32, benefit      400.0, efficiency     12.500
  * Unroll loop at line 34:9                                     size   +29, benefit      450.0, efficiency     15.517 (+29 instructions)
    Unroll loop at line 28:9                                     size   +37, benefit      450.0, efficiency     12.162
    Unroll loop at line 34:9                                     size   +33, benefit      500.0, efficiency     15.152

Pass 4: speed optimization selection (cost limit 715):
    Unroll loop at line 28:9                                     size   +17, benefit      250.0, efficiency     14.706
    Unroll loop at line 28:9                                     size   +22, benefit      300.0, efficiency     13.636
    Unroll loop at line 28:9                                     size   +27, benefit      350.0, efficiency     12.963
    Unroll loop at line 28:9                                     size   +32, benefit      400.0, efficiency     12.500
    Unroll loop at line 28:9                                     size   +37, benefit      450.0, efficiency     12.162
  * Unroll loop at line 34:9                                     size   +33, benefit      500.0, efficiency     15.152 (+33 instructions)

Pass 4: speed optimization selection (cost limit 682):
  * Unroll loop at line 28:9                                     size   +17, benefit      250.0, efficiency     14.706 (+12 instructions)
    Unroll loop at line 28:9                                     size   +22, benefit      300.0, efficiency     13.636
    Unroll loop at line 28:9                                     size   +27, benefit      350.0, efficiency     12.963
    Unroll loop at line 28:9                                     size   +32, benefit      400.0, efficiency     12.500
    Unroll loop at line 28:9                                     size   +37, benefit      450.0, efficiency     12.162

Pass 4: speed optimization selection (cost limit 670):
  * Unroll loop at line 28:9                                     size   +22, benefit      300.0, efficiency     13.636 (+16 instructions)
    Unroll loop at line 28:9                                     size   +27, benefit      350.0, efficiency     12.963
    Unroll loop at line 28:9                                     size   +32, benefit      400.0, efficiency     12.500
    Unroll loop at line 28:9                                     size   +37, benefit      450.0, efficiency     12.162

Pass 4: speed optimization selection (cost limit 654):
  * Unroll loop at line 28:9                                     size   +27, benefit      350.0, efficiency     12.963 (+20 instructions)
    Unroll loop at line 28:9                                     size   +32, benefit      400.0, efficiency     12.500
    Unroll loop at line 28:9                                     size   +37, benefit      450.0, efficiency     12.162

Pass 4: speed optimization selection (cost limit 634):
  * Unroll loop at line 28:9                                     size   +32, benefit      400.0, efficiency     12.500 (+24 instructions)
    Unroll loop at line 28:9                                     size   +37, benefit      450.0, efficiency     12.162

Pass 4: speed optimization selection (cost limit 610):
  * Unroll loop at line 28:9                                     size   +37, benefit      450.0, efficiency     12.162 (+28 instructions)

Modifications by Initial phase, Dead Code Elimination, iteration 1 (-3 instructions):
 
    28 label *label6
    29 set *tmp14 :lineLength
    30 write 1 :currentLine *tmp14
-    * set *tmp16 :lineLength
    31 op add :lineLength :lineLength 1
    32 set *tmp17 :lineLength
    33 set :c 0
 
    40 op lessThan *tmp22 :c *tmp21
    41 jump *label10 equal *tmp22 false
    42 print " "
-    * set *tmp23 " "
    43 jump *label11 always
    44 label *label10
-    * set *tmp23 null
    45 label *label11
    46 label *label8
    47 op add :c :c 1

Modifications by Initial phase, Temp Variables Elimination, iteration 1 (-3 instructions):
 
    15 label *label4
    16 jump *label6 greaterThan :j *tmp3
    17 set *tmp4 :j
-    * op sub *tmp6 :j 1
-    * set *tmp7 *tmp6
+   18 op sub *tmp7 :j 1
    19 set *tmp9 :j
    20 read *tmp12 :previousLine *tmp7
    21 read *tmp13 :previousLine *tmp9
 
    25 op add :j :j 1
    26 jump *label4 always
    27 label *label6
-    * set *tmp14 :lineLength
-    * write 1 :currentLine *tmp14
+   28 write 1 :currentLine :lineLength
    29 op add :lineLength :lineLength 1
    30 set *tmp17 :lineLength
    31 set :c 0
    32 label *label7
    33 jump *label9 greaterThanEq :c *tmp17
-    * set *tmp18 :c
-    * read *tmp20 :currentLine *tmp18
+   34 read *tmp20 :currentLine :c
    35 print *tmp20
    36 op sub *tmp21 :lineLength 1
    37 op lessThan *tmp22 :c *tmp21

Modifications by Iterated phase, Condition Optimization, pass 1, iteration 1 (-1 instructions):
 
    34 read *tmp20 :currentLine :c
    35 print *tmp20
    36 op sub *tmp21 :lineLength 1
-    * op lessThan *tmp22 :c *tmp21
-    * jump *label10 equal *tmp22 false
+   37 jump *label10 greaterThanEq :c *tmp21
    38 print " "
    39 jump *label11 always
    40 label *label10

Modifications by Iterated phase, Single Step Elimination, pass 1, iteration 1 (-1 instructions):
 
    36 op sub *tmp21 :lineLength 1
    37 jump *label10 greaterThanEq :c *tmp21
    38 print " "
-    * jump *label11 always
    39 label *label10
    40 label *label11
    41 label *label8

Modifications by Iterated phase, Data Flow Optimization, pass 1, iteration 1:
 
    13 set *tmp3 :lineLength
    14 set :j 1
    15 label *label4
-    * jump *label6 greaterThan :j *tmp3
+   16 jump *label6 greaterThan :j :lineLength
    17 set *tmp4 :j
    18 op sub *tmp7 :j 1
    19 set *tmp9 :j
    20 read *tmp12 :previousLine *tmp7
-    * read *tmp13 :previousLine *tmp9
+   21 read *tmp13 :previousLine :j
    22 op add *tmp11 *tmp12 *tmp13
-    * write *tmp11 :currentLine *tmp4
+   23 write *tmp11 :currentLine :j
    24 label *label5
    25 op add :j :j 1
    26 jump *label4 always
 
    30 set *tmp17 :lineLength
    31 set :c 0
    32 label *label7
-    * jump *label9 greaterThanEq :c *tmp17
+   33 jump *label9 greaterThanEq :c :lineLength
    34 read *tmp20 :currentLine :c
    35 print *tmp20
    36 op sub *tmp21 :lineLength 1

Modifications by Iterated phase, Data Flow Optimization, pass 1, iteration 2 (-4 instructions):
 
    10 label *label1
    11 jump *label3 greaterThan :i 10
    12 write 1 :currentLine 0
-    * set *tmp3 :lineLength
    13 set :j 1
    14 label *label4
    15 jump *label6 greaterThan :j :lineLength
-    * set *tmp4 :j
    16 op sub *tmp7 :j 1
-    * set *tmp9 :j
    17 read *tmp12 :previousLine *tmp7
    18 read *tmp13 :previousLine :j
    19 op add *tmp11 *tmp12 *tmp13
 
    24 label *label6
    25 write 1 :currentLine :lineLength
    26 op add :lineLength :lineLength 1
-    * set *tmp17 :lineLength
    27 set :c 0
    28 label *label7
    29 jump *label9 greaterThanEq :c :lineLength

Modifications by Iterated phase, Loop Rotation, pass 1, iteration 1:
 
     9 set :i 3
    10 label *label1
    11 jump *label3 greaterThan :i 10
+   12 label *label12
    13 write 1 :currentLine 0
    14 set :j 1
    15 label *label4
    16 jump *label6 greaterThan :j :lineLength
+   17 label *label13
    18 op sub *tmp7 :j 1
    19 read *tmp12 :previousLine *tmp7
    20 read *tmp13 :previousLine :j
 
    22 write *tmp11 :currentLine :j
    23 label *label5
    24 op add :j :j 1
-    * jump *label4 always
+   25 jump *label13 lessThanEq :j :lineLength
    26 label *label6
    27 write 1 :currentLine :lineLength
    28 op add :lineLength :lineLength 1
    29 set :c 0
    30 label *label7
    31 jump *label9 greaterThanEq :c :lineLength
+   32 label *label14
    33 read *tmp20 :currentLine :c
    34 print *tmp20
    35 op sub *tmp21 :lineLength 1
 
    39 label *label11
    40 label *label8
    41 op add :c :c 1
-    * jump *label7 always
+   42 jump *label14 lessThan :c :lineLength
    43 label *label9
    44 print "\n"
    45 set :tmp :previousLine
 
    47 set :currentLine :tmp
    48 label *label2
    49 op add :i :i 1
-    * jump *label1 always
+   50 jump *label12 lessThanEq :i 10
    51 label *label3
    52 printflush message1
    53 label *label0

Modifications by Iterated phase, Data Flow Optimization, pass 2, iteration 1:
 
     8 write 1 :previousLine 1
     9 set :i 3
    10 label *label1
-    * jump *label3 greaterThan :i 10
+   11 jump *label3 greaterThan 3 10
    12 label *label12
    13 write 1 :currentLine 0
    14 set :j 1
    15 label *label4
-    * jump *label6 greaterThan :j :lineLength
+   16 jump *label6 greaterThan 1 :lineLength
    17 label *label13
    18 op sub *tmp7 :j 1
    19 read *tmp12 :previousLine *tmp7
 
    28 op add :lineLength :lineLength 1
    29 set :c 0
    30 label *label7
-    * jump *label9 greaterThanEq :c :lineLength
+   31 jump *label9 greaterThanEq 0 :lineLength
    32 label *label14
    33 read *tmp20 :currentLine :c
    34 print *tmp20

Modifications by Iterated phase, Jump Normalization, pass 3, iteration 1 (-1 instructions):
 
     8 write 1 :previousLine 1
     9 set :i 3
    10 label *label1
-    * jump *label3 greaterThan 3 10
    11 label *label12
    12 write 1 :currentLine 0
    13 set :j 1

Modifications by Unroll loop at line 26:5 (+181 instructions):
 
     6 set :currentLine cell2
     7 write 1 :previousLine 0
     8 write 1 :previousLine 1
-    * set :i 3
-    * label *label1
-    * label *label12
-    * write 1 :currentLine 0
-    * set :j 1
-    * label *label4
-    * jump *label6 greaterThan 1 :lineLength
-    * label *label13
-    * op sub *tmp7 :j 1
-    * read *tmp12 :previousLine *tmp7
-    * read *tmp13 :previousLine :j
-    * op add *tmp11 *tmp12 *tmp13
-    * write *tmp11 :currentLine :j
-    * label *label5
-    * op add :j :j 1
-    * jump *label13 lessThanEq :j :lineLength
-    * label *label6
-    * write 1 :currentLine :lineLength
-    * op add :lineLength :lineLength 1
-    * set :c 0
-    * label *label7
-    * jump *label9 greaterThanEq 0 :lineLength
-    * label *label14
-    * read *tmp20 :currentLine :c
-    * print *tmp20
-    * op sub *tmp21 :lineLength 1
-    * jump *label10 greaterThanEq :c *tmp21
-    * print " "
-    * label *label10
-    * label *label11
-    * label *label8
-    * op add :c :c 1
-    * jump *label14 lessThan :c :lineLength
-    * label *label9
-    * print "\n"
-    * set :tmp :previousLine
-    * set :previousLine :currentLine
-    * set :currentLine :tmp
-    * label *label2
-    * op add :i :i 1
-    * jump *label12 lessThanEq :i 10
-    * label *label3
+    9 set :i 3
+   10 label *label15
+   11 write 1 :currentLine 0
+   12 set :j 1
+   13 label *label16
+   14 jump *label19 greaterThan 1 :lineLength
+   15 label *label17
+   16 op sub *tmp7 :j 1
+   17 read *tmp12 :previousLine *tmp7
+   18 read *tmp13 :previousLine :j
+   19 op add *tmp11 *tmp12 *tmp13
+   20 write *tmp11 :currentLine :j
+   21 label *label18
+   22 op add :j :j 1
+   23 jump *label17 lessThanEq :j :lineLength
+   24 label *label19
+   25 write 1 :currentLine :lineLength
+   26 op add :lineLength :lineLength 1
+   27 set :c 0
+   28 label *label20
+   29 jump *label25 greaterThanEq 0 :lineLength
+   30 label *label21
+   31 read *tmp20 :currentLine :c
+   32 print *tmp20
+   33 op sub *tmp21 :lineLength 1
+   34 jump *label22 greaterThanEq :c *tmp21
+   35 print " "
+   36 label *label22
+   37 label *label23
+   38 label *label24
+   39 op add :c :c 1
+   40 jump *label21 lessThan :c :lineLength
+   41 label *label25
+   42 print "\n"
+   43 set :tmp :previousLine
+   44 set :previousLine :currentLine
+   45 set :currentLine :tmp
+   46 label *label26
+   47 op add :i :i 1
+   48 write 1 :currentLine 0
+   49 set :j 1
+   50 label *label27
+   51 jump *label30 greaterThan 1 :lineLength
+   52 label *label28
+   53 op sub *tmp7 :j 1
+   54 read *tmp12 :previousLine *tmp7
+   55 read *tmp13 :previousLine :j
+   56 op add *tmp11 *tmp12 *tmp13
+   57 write *tmp11 :currentLine :j
+   58 label *label29
+   59 op add :j :j 1
+   60 jump *label28 lessThanEq :j :lineLength
+   61 label *label30
+   62 write 1 :currentLine :lineLength
+   63 op add :lineLength :lineLength 1
+   64 set :c 0
+   65 label *label31
+   66 jump *label36 greaterThanEq 0 :lineLength
+   67 label *label32
+   68 read *tmp20 :currentLine :c
+   69 print *tmp20
+   70 op sub *tmp21 :lineLength 1
+   71 jump *label33 greaterThanEq :c *tmp21
+   72 print " "
+   73 label *label33
+   74 label *label34
+   75 label *label35
+   76 op add :c :c 1
+   77 jump *label32 lessThan :c :lineLength
+   78 label *label36
+   79 print "\n"
+   80 set :tmp :previousLine
+   81 set :previousLine :currentLine
+   82 set :currentLine :tmp
+   83 label *label37
+   84 op add :i :i 1
+   85 write 1 :currentLine 0
+   86 set :j 1
+   87 label *label38
+   88 jump *label41 greaterThan 1 :lineLength
+   89 label *label39
+   90 op sub *tmp7 :j 1
+   91 read *tmp12 :previousLine *tmp7
+   92 read *tmp13 :previousLine :j
+   93 op add *tmp11 *tmp12 *tmp13
+   94 write *tmp11 :currentLine :j
+   95 label *label40
+   96 op add :j :j 1
+   97 jump *label39 lessThanEq :j :lineLength
+   98 label *label41
+   99 write 1 :currentLine :lineLength
+  100 op add :lineLength :lineLength 1
+  101 set :c 0
+  102 label *label42
+  103 jump *label47 greaterThanEq 0 :lineLength
+  104 label *label43
+  105 read *tmp20 :currentLine :c
+  106 print *tmp20
+  107 op sub *tmp21 :lineLength 1
+  108 jump *label44 greaterThanEq :c *tmp21
+  109 print " "
+  110 label *label44
+  111 label *label45
+  112 label *label46
+  113 op add :c :c 1
+  114 jump *label43 lessThan :c :lineLength
+  115 label *label47
+  116 print "\n"
+  117 set :tmp :previousLine
+  118 set :previousLine :currentLine
+  119 set :currentLine :tmp
+  120 label *label48
+  121 op add :i :i 1
+  122 write 1 :currentLine 0
+  123 set :j 1
+  124 label *label49
+  125 jump *label52 greaterThan 1 :lineLength
+  126 label *label50
+  127 op sub *tmp7 :j 1
+  128 read *tmp12 :previousLine *tmp7
+  129 read *tmp13 :previousLine :j
+  130 op add *tmp11 *tmp12 *tmp13
+  131 write *tmp11 :currentLine :j
+  132 label *label51
+  133 op add :j :j 1
+  134 jump *label50 lessThanEq :j :lineLength
+  135 label *label52
+  136 write 1 :currentLine :lineLength
+  137 op add :lineLength :lineLength 1
+  138 set :c 0
+  139 label *label53
+  140 jump *label58 greaterThanEq 0 :lineLength
+  141 label *label54
+  142 read *tmp20 :currentLine :c
+  143 print *tmp20
+  144 op sub *tmp21 :lineLength 1
+  145 jump *label55 greaterThanEq :c *tmp21
+  146 print " "
+  147 label *label55
+  148 label *label56
+  149 label *label57
+  150 op add :c :c 1
+  151 jump *label54 lessThan :c :lineLength
+  152 label *label58
+  153 print "\n"
+  154 set :tmp :previousLine
+  155 set :previousLine :currentLine
+  156 set :currentLine :tmp
+  157 label *label59
+  158 op add :i :i 1
+  159 write 1 :currentLine 0
+  160 set :j 1
+  161 label *label60
+  162 jump *label63 greaterThan 1 :lineLength
+  163 label *label61
+  164 op sub *tmp7 :j 1
+  165 read *tmp12 :previousLine *tmp7
+  166 read *tmp13 :previousLine :j
+  167 op add *tmp11 *tmp12 *tmp13
+  168 write *tmp11 :currentLine :j
+  169 label *label62
+  170 op add :j :j 1
+  171 jump *label61 lessThanEq :j :lineLength
+  172 label *label63
+  173 write 1 :currentLine :lineLength
+  174 op add :lineLength :lineLength 1
+  175 set :c 0
+  176 label *label64
+  177 jump *label69 greaterThanEq 0 :lineLength
+  178 label *label65
+  179 read *tmp20 :currentLine :c
+  180 print *tmp20
+  181 op sub *tmp21 :lineLength 1
+  182 jump *label66 greaterThanEq :c *tmp21
+  183 print " "
+  184 label *label66
+  185 label *label67
+  186 label *label68
+  187 op add :c :c 1
+  188 jump *label65 lessThan :c :lineLength
+  189 label *label69
+  190 print "\n"
+  191 set :tmp :previousLine
+  192 set :previousLine :currentLine
+  193 set :currentLine :tmp
+  194 label *label70
+  195 op add :i :i 1
+  196 write 1 :currentLine 0
+  197 set :j 1
+  198 label *label71
+  199 jump *label74 greaterThan 1 :lineLength
+  200 label *label72
+  201 op sub *tmp7 :j 1
+  202 read *tmp12 :previousLine *tmp7
+  203 read *tmp13 :previousLine :j
+  204 op add *tmp11 *tmp12 *tmp13
+  205 write *tmp11 :currentLine :j
+  206 label *label73
+  207 op add :j :j 1
+  208 jump *label72 lessThanEq :j :lineLength
+  209 label *label74
+  210 write 1 :currentLine :lineLength
+  211 op add :lineLength :lineLength 1
+  212 set :c 0
+  213 label *label75
+  214 jump *label80 greaterThanEq 0 :lineLength
+  215 label *label76
+  216 read *tmp20 :currentLine :c
+  217 print *tmp20
+  218 op sub *tmp21 :lineLength 1
+  219 jump *label77 greaterThanEq :c *tmp21
+  220 print " "
+  221 label *label77
+  222 label *label78
+  223 label *label79
+  224 op add :c :c 1
+  225 jump *label76 lessThan :c :lineLength
+  226 label *label80
+  227 print "\n"
+  228 set :tmp :previousLine
+  229 set :previousLine :currentLine
+  230 set :currentLine :tmp
+  231 label *label81
+  232 op add :i :i 1
+  233 write 1 :currentLine 0
+  234 set :j 1
+  235 label *label82
+  236 jump *label85 greaterThan 1 :lineLength
+  237 label *label83
+  238 op sub *tmp7 :j 1
+  239 read *tmp12 :previousLine *tmp7
+  240 read *tmp13 :previousLine :j
+  241 op add *tmp11 *tmp12 *tmp13
+  242 write *tmp11 :currentLine :j
+  243 label *label84
+  244 op add :j :j 1
+  245 jump *label83 lessThanEq :j :lineLength
+  246 label *label85
+  247 write 1 :currentLine :lineLength
+  248 op add :lineLength :lineLength 1
+  249 set :c 0
+  250 label *label86
+  251 jump *label91 greaterThanEq 0 :lineLength
+  252 label *label87
+  253 read *tmp20 :currentLine :c
+  254 print *tmp20
+  255 op sub *tmp21 :lineLength 1
+  256 jump *label88 greaterThanEq :c *tmp21
+  257 print " "
+  258 label *label88
+  259 label *label89
+  260 label *label90
+  261 op add :c :c 1
+  262 jump *label87 lessThan :c :lineLength
+  263 label *label91
+  264 print "\n"
+  265 set :tmp :previousLine
+  266 set :previousLine :currentLine
+  267 set :currentLine :tmp
+  268 label *label92
+  269 op add :i :i 1
+  270 write 1 :currentLine 0
+  271 set :j 1
+  272 label *label93
+  273 jump *label96 greaterThan 1 :lineLength
+  274 label *label94
+  275 op sub *tmp7 :j 1
+  276 read *tmp12 :previousLine *tmp7
+  277 read *tmp13 :previousLine :j
+  278 op add *tmp11 *tmp12 *tmp13
+  279 write *tmp11 :currentLine :j
+  280 label *label95
+  281 op add :j :j 1
+  282 jump *label94 lessThanEq :j :lineLength
+  283 label *label96
+  284 write 1 :currentLine :lineLength
+  285 op add :lineLength :lineLength 1
+  286 set :c 0
+  287 label *label97
+  288 jump *label102 greaterThanEq 0 :lineLength
+  289 label *label98
+  290 read *tmp20 :currentLine :c
+  291 print *tmp20
+  292 op sub *tmp21 :lineLength 1
+  293 jump *label99 greaterThanEq :c *tmp21
+  294 print " "
+  295 label *label99
+  296 label *label100
+  297 label *label101
+  298 op add :c :c 1
+  299 jump *label98 lessThan :c :lineLength
+  300 label *label102
+  301 print "\n"
+  302 set :tmp :previousLine
+  303 set :previousLine :currentLine
+  304 set :currentLine :tmp
+  305 label *label103
+  306 op add :i :i 1
+  307 label *label3
   308 printflush message1
   309 label *label0
   310 end

Modifications by Iterated phase, Data Flow Optimization, pass 3, iteration 1 (-2 instructions):
 
    11 write 1 :currentLine 0
    12 set :j 1
    13 label *label16
-    * jump *label19 greaterThan 1 :lineLength
+   14 jump *label19 greaterThan 1 2
    15 label *label17
    16 op sub *tmp7 :j 1
    17 read *tmp12 :previousLine *tmp7
 
    20 write *tmp11 :currentLine :j
    21 label *label18
    22 op add :j :j 1
-    * jump *label17 lessThanEq :j :lineLength
+   23 jump *label17 lessThanEq :j 2
    24 label *label19
-    * write 1 :currentLine :lineLength
-    * op add :lineLength :lineLength 1
+   25 write 1 :currentLine 2
+   26 op add :lineLength 2 1
    27 set :c 0
    28 label *label20
-    * jump *label25 greaterThanEq 0 :lineLength
+   29 jump *label25 greaterThanEq 0 3
    30 label *label21
    31 read *tmp20 :currentLine :c
    32 print *tmp20
-    * op sub *tmp21 :lineLength 1
-    * jump *label22 greaterThanEq :c *tmp21
+   33 op sub *tmp21 3 1
+   34 jump *label22 greaterThanEq :c 2
    35 print " "
    36 label *label22
    37 label *label23
    38 label *label24
    39 op add :c :c 1
-    * jump *label21 lessThan :c :lineLength
+   40 jump *label21 lessThan :c 3
    41 label *label25
    42 print "\n"
    43 set :tmp :previousLine
    44 set :previousLine :currentLine
    45 set :currentLine :tmp
    46 label *label26
-    * op add :i :i 1
-    * write 1 :currentLine 0
+   47 op add :i 3 1
+   48 write 1 :tmp 0
    49 set :j 1
    50 label *label27
-    * jump *label30 greaterThan 1 :lineLength
+   51 jump *label30 greaterThan 1 3
    52 label *label28
    53 op sub *tmp7 :j 1
    54 read *tmp12 :previousLine *tmp7
    55 read *tmp13 :previousLine :j
    56 op add *tmp11 *tmp12 *tmp13
-    * write *tmp11 :currentLine :j
+   57 write *tmp11 :tmp :j
    58 label *label29
    59 op add :j :j 1
-    * jump *label28 lessThanEq :j :lineLength
+   60 jump *label28 lessThanEq :j 3
    61 label *label30
-    * write 1 :currentLine :lineLength
-    * op add :lineLength :lineLength 1
+   62 write 1 :tmp 3
+   63 op add :lineLength 3 1
    64 set :c 0
    65 label *label31
-    * jump *label36 greaterThanEq 0 :lineLength
+   66 jump *label36 greaterThanEq 0 4
    67 label *label32
-    * read *tmp20 :currentLine :c
+   68 read *tmp20 :tmp :c
    69 print *tmp20
-    * op sub *tmp21 :lineLength 1
-    * jump *label33 greaterThanEq :c *tmp21
+   70 op sub *tmp21 4 1
+   71 jump *label33 greaterThanEq :c 3
    72 print " "
    73 label *label33
    74 label *label34
    75 label *label35
    76 op add :c :c 1
-    * jump *label32 lessThan :c :lineLength
+   77 jump *label32 lessThan :c 4
    78 label *label36
    79 print "\n"
    80 set :tmp :previousLine
    81 set :previousLine :currentLine
    82 set :currentLine :tmp
    83 label *label37
-    * op add :i :i 1
-    * write 1 :currentLine 0
+   84 op add :i 4 1
+   85 write 1 :tmp 0
    86 set :j 1
    87 label *label38
-    * jump *label41 greaterThan 1 :lineLength
+   88 jump *label41 greaterThan 1 4
    89 label *label39
    90 op sub *tmp7 :j 1
    91 read *tmp12 :previousLine *tmp7
    92 read *tmp13 :previousLine :j
    93 op add *tmp11 *tmp12 *tmp13
-    * write *tmp11 :currentLine :j
+   94 write *tmp11 :tmp :j
    95 label *label40
    96 op add :j :j 1
-    * jump *label39 lessThanEq :j :lineLength
+   97 jump *label39 lessThanEq :j 4
    98 label *label41
-    * write 1 :currentLine :lineLength
-    * op add :lineLength :lineLength 1
+   99 write 1 :tmp 4
+  100 op add :lineLength 4 1
   101 set :c 0
   102 label *label42
-    * jump *label47 greaterThanEq 0 :lineLength
+  103 jump *label47 greaterThanEq 0 5
   104 label *label43
-    * read *tmp20 :currentLine :c
+  105 read *tmp20 :tmp :c
   106 print *tmp20
-    * op sub *tmp21 :lineLength 1
-    * jump *label44 greaterThanEq :c *tmp21
+  107 op sub *tmp21 5 1
+  108 jump *label44 greaterThanEq :c 4
   109 print " "
   110 label *label44
   111 label *label45
   112 label *label46
   113 op add :c :c 1
-    * jump *label43 lessThan :c :lineLength
+  114 jump *label43 lessThan :c 5
   115 label *label47
   116 print "\n"
   117 set :tmp :previousLine
   118 set :previousLine :currentLine
   119 set :currentLine :tmp
   120 label *label48
-    * op add :i :i 1
-    * write 1 :currentLine 0
+  121 op add :i 5 1
+  122 write 1 :tmp 0
   123 set :j 1
   124 label *label49
-    * jump *label52 greaterThan 1 :lineLength
+  125 jump *label52 greaterThan 1 5
   126 label *label50
   127 op sub *tmp7 :j 1
   128 read *tmp12 :previousLine *tmp7
   129 read *tmp13 :previousLine :j
   130 op add *tmp11 *tmp12 *tmp13
-    * write *tmp11 :currentLine :j
+  131 write *tmp11 :tmp :j
   132 label *label51
   133 op add :j :j 1
-    * jump *label50 lessThanEq :j :lineLength
+  134 jump *label50 lessThanEq :j 5
   135 label *label52
-    * write 1 :currentLine :lineLength
-    * op add :lineLength :lineLength 1
+  136 write 1 :tmp 5
+  137 op add :lineLength 5 1
   138 set :c 0
   139 label *label53
-    * jump *label58 greaterThanEq 0 :lineLength
+  140 jump *label58 greaterThanEq 0 6
   141 label *label54
-    * read *tmp20 :currentLine :c
+  142 read *tmp20 :tmp :c
   143 print *tmp20
-    * op sub *tmp21 :lineLength 1
-    * jump *label55 greaterThanEq :c *tmp21
+  144 op sub *tmp21 6 1
+  145 jump *label55 greaterThanEq :c 5
   146 print " "
   147 label *label55
   148 label *label56
   149 label *label57
   150 op add :c :c 1
-    * jump *label54 lessThan :c :lineLength
+  151 jump *label54 lessThan :c 6
   152 label *label58
   153 print "\n"
   154 set :tmp :previousLine
   155 set :previousLine :currentLine
   156 set :currentLine :tmp
   157 label *label59
-    * op add :i :i 1
-    * write 1 :currentLine 0
+  158 op add :i 6 1
+  159 write 1 :tmp 0
   160 set :j 1
   161 label *label60
-    * jump *label63 greaterThan 1 :lineLength
+  162 jump *label63 greaterThan 1 6
   163 label *label61
   164 op sub *tmp7 :j 1
   165 read *tmp12 :previousLine *tmp7
   166 read *tmp13 :previousLine :j
   167 op add *tmp11 *tmp12 *tmp13
-    * write *tmp11 :currentLine :j
+  168 write *tmp11 :tmp :j
   169 label *label62
   170 op add :j :j 1
-    * jump *label61 lessThanEq :j :lineLength
+  171 jump *label61 lessThanEq :j 6
   172 label *label63
-    * write 1 :currentLine :lineLength
-    * op add :lineLength :lineLength 1
+  173 write 1 :tmp 6
+  174 op add :lineLength 6 1
   175 set :c 0
   176 label *label64
-    * jump *label69 greaterThanEq 0 :lineLength
+  177 jump *label69 greaterThanEq 0 7
   178 label *label65
-    * read *tmp20 :currentLine :c
+  179 read *tmp20 :tmp :c
   180 print *tmp20
-    * op sub *tmp21 :lineLength 1
-    * jump *label66 greaterThanEq :c *tmp21
+  181 op sub *tmp21 7 1
+  182 jump *label66 greaterThanEq :c 6
   183 print " "
   184 label *label66
   185 label *label67
   186 label *label68
   187 op add :c :c 1
-    * jump *label65 lessThan :c :lineLength
+  188 jump *label65 lessThan :c 7
   189 label *label69
   190 print "\n"
   191 set :tmp :previousLine
   192 set :previousLine :currentLine
   193 set :currentLine :tmp
   194 label *label70
-    * op add :i :i 1
-    * write 1 :currentLine 0
+  195 op add :i 7 1
+  196 write 1 :tmp 0
   197 set :j 1
   198 label *label71
-    * jump *label74 greaterThan 1 :lineLength
+  199 jump *label74 greaterThan 1 7
   200 label *label72
   201 op sub *tmp7 :j 1
   202 read *tmp12 :previousLine *tmp7
   203 read *tmp13 :previousLine :j
   204 op add *tmp11 *tmp12 *tmp13
-    * write *tmp11 :currentLine :j
+  205 write *tmp11 :tmp :j
   206 label *label73
   207 op add :j :j 1
-    * jump *label72 lessThanEq :j :lineLength
+  208 jump *label72 lessThanEq :j 7
   209 label *label74
-    * write 1 :currentLine :lineLength
-    * op add :lineLength :lineLength 1
+  210 write 1 :tmp 7
+  211 op add :lineLength 7 1
   212 set :c 0
   213 label *label75
-    * jump *label80 greaterThanEq 0 :lineLength
+  214 jump *label80 greaterThanEq 0 8
   215 label *label76
-    * read *tmp20 :currentLine :c
+  216 read *tmp20 :tmp :c
   217 print *tmp20
-    * op sub *tmp21 :lineLength 1
-    * jump *label77 greaterThanEq :c *tmp21
+  218 op sub *tmp21 8 1
+  219 jump *label77 greaterThanEq :c 7
   220 print " "
   221 label *label77
   222 label *label78
   223 label *label79
   224 op add :c :c 1
-    * jump *label76 lessThan :c :lineLength
+  225 jump *label76 lessThan :c 8
   226 label *label80
   227 print "\n"
   228 set :tmp :previousLine
   229 set :previousLine :currentLine
   230 set :currentLine :tmp
   231 label *label81
-    * op add :i :i 1
-    * write 1 :currentLine 0
+  232 op add :i 8 1
+  233 write 1 :tmp 0
   234 set :j 1
   235 label *label82
-    * jump *label85 greaterThan 1 :lineLength
+  236 jump *label85 greaterThan 1 8
   237 label *label83
   238 op sub *tmp7 :j 1
   239 read *tmp12 :previousLine *tmp7
   240 read *tmp13 :previousLine :j
   241 op add *tmp11 *tmp12 *tmp13
-    * write *tmp11 :currentLine :j
+  242 write *tmp11 :tmp :j
   243 label *label84
   244 op add :j :j 1
-    * jump *label83 lessThanEq :j :lineLength
+  245 jump *label83 lessThanEq :j 8
   246 label *label85
-    * write 1 :currentLine :lineLength
-    * op add :lineLength :lineLength 1
+  247 write 1 :tmp 8
+  248 op add :lineLength 8 1
   249 set :c 0
   250 label *label86
-    * jump *label91 greaterThanEq 0 :lineLength
+  251 jump *label91 greaterThanEq 0 9
   252 label *label87
-    * read *tmp20 :currentLine :c
+  253 read *tmp20 :tmp :c
   254 print *tmp20
-    * op sub *tmp21 :lineLength 1
-    * jump *label88 greaterThanEq :c *tmp21
+  255 op sub *tmp21 9 1
+  256 jump *label88 greaterThanEq :c 8
   257 print " "
   258 label *label88
   259 label *label89
   260 label *label90
   261 op add :c :c 1
-    * jump *label87 lessThan :c :lineLength
+  262 jump *label87 lessThan :c 9
   263 label *label91
   264 print "\n"
   265 set :tmp :previousLine
   266 set :previousLine :currentLine
   267 set :currentLine :tmp
   268 label *label92
-    * op add :i :i 1
-    * write 1 :currentLine 0
+  269 op add :i 9 1
+  270 write 1 :tmp 0
   271 set :j 1
   272 label *label93
-    * jump *label96 greaterThan 1 :lineLength
+  273 jump *label96 greaterThan 1 9
   274 label *label94
   275 op sub *tmp7 :j 1
   276 read *tmp12 :previousLine *tmp7
   277 read *tmp13 :previousLine :j
   278 op add *tmp11 *tmp12 *tmp13
-    * write *tmp11 :currentLine :j
+  279 write *tmp11 :tmp :j
   280 label *label95
   281 op add :j :j 1
-    * jump *label94 lessThanEq :j :lineLength
+  282 jump *label94 lessThanEq :j 9
   283 label *label96
-    * write 1 :currentLine :lineLength
-    * op add :lineLength :lineLength 1
+  284 write 1 :tmp 9
+  285 op add :lineLength 9 1
   286 set :c 0
   287 label *label97
-    * jump *label102 greaterThanEq 0 :lineLength
+  288 jump *label102 greaterThanEq 0 10
   289 label *label98
-    * read *tmp20 :currentLine :c
+  290 read *tmp20 :tmp :c
   291 print *tmp20
-    * op sub *tmp21 :lineLength 1
-    * jump *label99 greaterThanEq :c *tmp21
+  292 op sub *tmp21 10 1
+  293 jump *label99 greaterThanEq :c 9
   294 print " "
   295 label *label99
   296 label *label100
   297 label *label101
   298 op add :c :c 1
-    * jump *label98 lessThan :c :lineLength
+  299 jump *label98 lessThan :c 10
   300 label *label102
   301 print "\n"
   302 set :tmp :previousLine
-    * set :previousLine :currentLine
-    * set :currentLine :tmp
   303 label *label103
-    * op add :i :i 1
+  304 op add :i 10 1
   305 label *label3
   306 printflush message1
   307 label *label0

Modifications by Iterated phase, Data Flow Optimization, pass 3, iteration 2 (-28 instructions):
 
     1 print "\n"
     2 print "1 1"
     3 print "\n"
-    * set :lineLength 2
     4 set :previousLine cell1
     5 set :currentLine cell2
     6 write 1 :previousLine 0
     7 write 1 :previousLine 1
-    * set :i 3
     8 label *label15
     9 write 1 :currentLine 0
    10 set :j 1
 
    21 jump *label17 lessThanEq :j 2
    22 label *label19
    23 write 1 :currentLine 2
-    * op add :lineLength 2 1
    24 set :c 0
    25 label *label20
    26 jump *label25 greaterThanEq 0 3
    27 label *label21
    28 read *tmp20 :currentLine :c
    29 print *tmp20
-    * op sub *tmp21 3 1
    30 jump *label22 greaterThanEq :c 2
    31 print " "
    32 label *label22
 
    40 set :previousLine :currentLine
    41 set :currentLine :tmp
    42 label *label26
-    * op add :i 3 1
    43 write 1 :tmp 0
    44 set :j 1
    45 label *label27
 
    55 jump *label28 lessThanEq :j 3
    56 label *label30
    57 write 1 :tmp 3
-    * op add :lineLength 3 1
    58 set :c 0
    59 label *label31
    60 jump *label36 greaterThanEq 0 4
    61 label *label32
    62 read *tmp20 :tmp :c
    63 print *tmp20
-    * op sub *tmp21 4 1
    64 jump *label33 greaterThanEq :c 3
    65 print " "
    66 label *label33
 
    74 set :previousLine :currentLine
    75 set :currentLine :tmp
    76 label *label37
-    * op add :i 4 1
    77 write 1 :tmp 0
    78 set :j 1
    79 label *label38
 
    89 jump *label39 lessThanEq :j 4
    90 label *label41
    91 write 1 :tmp 4
-    * op add :lineLength 4 1
    92 set :c 0
    93 label *label42
    94 jump *label47 greaterThanEq 0 5
    95 label *label43
    96 read *tmp20 :tmp :c
    97 print *tmp20
-    * op sub *tmp21 5 1
    98 jump *label44 greaterThanEq :c 4
    99 print " "
   100 label *label44
 
   108 set :previousLine :currentLine
   109 set :currentLine :tmp
   110 label *label48
-    * op add :i 5 1
   111 write 1 :tmp 0
   112 set :j 1
   113 label *label49
 
   123 jump *label50 lessThanEq :j 5
   124 label *label52
   125 write 1 :tmp 5
-    * op add :lineLength 5 1
   126 set :c 0
   127 label *label53
   128 jump *label58 greaterThanEq 0 6
   129 label *label54
   130 read *tmp20 :tmp :c
   131 print *tmp20
-    * op sub *tmp21 6 1
   132 jump *label55 greaterThanEq :c 5
   133 print " "
   134 label *label55
 
   142 set :previousLine :currentLine
   143 set :currentLine :tmp
   144 label *label59
-    * op add :i 6 1
   145 write 1 :tmp 0
   146 set :j 1
   147 label *label60
 
   157 jump *label61 lessThanEq :j 6
   158 label *label63
   159 write 1 :tmp 6
-    * op add :lineLength 6 1
   160 set :c 0
   161 label *label64
   162 jump *label69 greaterThanEq 0 7
   163 label *label65
   164 read *tmp20 :tmp :c
   165 print *tmp20
-    * op sub *tmp21 7 1
   166 jump *label66 greaterThanEq :c 6
   167 print " "
   168 label *label66
 
   176 set :previousLine :currentLine
   177 set :currentLine :tmp
   178 label *label70
-    * op add :i 7 1
   179 write 1 :tmp 0
   180 set :j 1
   181 label *label71
 
   191 jump *label72 lessThanEq :j 7
   192 label *label74
   193 write 1 :tmp 7
-    * op add :lineLength 7 1
   194 set :c 0
   195 label *label75
   196 jump *label80 greaterThanEq 0 8
   197 label *label76
   198 read *tmp20 :tmp :c
   199 print *tmp20
-    * op sub *tmp21 8 1
   200 jump *label77 greaterThanEq :c 7
   201 print " "
   202 label *label77
 
   210 set :previousLine :currentLine
   211 set :currentLine :tmp
   212 label *label81
-    * op add :i 8 1
   213 write 1 :tmp 0
   214 set :j 1
   215 label *label82
 
   225 jump *label83 lessThanEq :j 8
   226 label *label85
   227 write 1 :tmp 8
-    * op add :lineLength 8 1
   228 set :c 0
   229 label *label86
   230 jump *label91 greaterThanEq 0 9
   231 label *label87
   232 read *tmp20 :tmp :c
   233 print *tmp20
-    * op sub *tmp21 9 1
   234 jump *label88 greaterThanEq :c 8
   235 print " "
   236 label *label88
 
   242 print "\n"
   243 set :tmp :previousLine
   244 set :previousLine :currentLine
-    * set :currentLine :tmp
   245 label *label92
-    * op add :i 9 1
   246 write 1 :tmp 0
   247 set :j 1
   248 label *label93
 
   258 jump *label94 lessThanEq :j 9
   259 label *label96
   260 write 1 :tmp 9
-    * op add :lineLength 9 1
   261 set :c 0
   262 label *label97
   263 jump *label102 greaterThanEq 0 10
   264 label *label98
   265 read *tmp20 :tmp :c
   266 print *tmp20
-    * op sub *tmp21 10 1
   267 jump *label99 greaterThanEq :c 9
   268 print " "
   269 label *label99
 
   273 jump *label98 lessThan :c 10
   274 label *label102
   275 print "\n"
-    * set :tmp :previousLine
   276 label *label103
-    * op add :i 10 1
   277 label *label3
   278 printflush message1
   279 label *label0

Modifications by Iterated phase, Data Flow Optimization, pass 3, iteration 3:
 
   249 jump *label96 greaterThan 1 9
   250 label *label94
   251 op sub *tmp7 :j 1
-    * read *tmp12 :previousLine *tmp7
-    * read *tmp13 :previousLine :j
+  252 read *tmp12 :currentLine *tmp7
+  253 read *tmp13 :currentLine :j
   254 op add *tmp11 *tmp12 *tmp13
   255 write *tmp11 :tmp :j
   256 label *label95

Modifications by Iterated phase, Data Flow Optimization, pass 3, iteration 4 (-1 instructions):
 
   241 label *label91
   242 print "\n"
   243 set :tmp :previousLine
-    * set :previousLine :currentLine
   244 label *label92
   245 write 1 :tmp 0
   246 set :j 1

Modifications by Iterated phase, Data Flow Optimization, pass 3, iteration 5:
 
   242 print "\n"
   243 set :tmp :previousLine
   244 label *label92
-    * write 1 :tmp 0
+  245 write 1 :previousLine 0
   246 set :j 1
   247 label *label93
   248 jump *label96 greaterThan 1 9
 
   251 read *tmp12 :currentLine *tmp7
   252 read *tmp13 :currentLine :j
   253 op add *tmp11 *tmp12 *tmp13
-    * write *tmp11 :tmp :j
+  254 write *tmp11 :previousLine :j
   255 label *label95
   256 op add :j :j 1
   257 jump *label94 lessThanEq :j 9
   258 label *label96
-    * write 1 :tmp 9
+  259 write 1 :previousLine 9
   260 set :c 0
   261 label *label97
   262 jump *label102 greaterThanEq 0 10
   263 label *label98
-    * read *tmp20 :tmp :c
+  264 read *tmp20 :previousLine :c
   265 print *tmp20
   266 jump *label99 greaterThanEq :c 9
   267 print " "

Modifications by Iterated phase, Data Flow Optimization, pass 3, iteration 6 (-1 instructions):
 
   240 jump *label87 lessThan :c 9
   241 label *label91
   242 print "\n"
-    * set :tmp :previousLine
   243 label *label92
   244 write 1 :previousLine 0
   245 set :j 1

Modifications by Iterated phase, Data Flow Optimization, pass 3, iteration 7:
 
   247 jump *label96 greaterThan 1 9
   248 label *label94
   249 op sub *tmp7 :j 1
-    * read *tmp12 :currentLine *tmp7
-    * read *tmp13 :currentLine :j
+  250 read *tmp12 :tmp *tmp7
+  251 read *tmp13 :tmp :j
   252 op add *tmp11 *tmp12 *tmp13
   253 write *tmp11 :previousLine :j
   254 label *label95

Modifications by Iterated phase, Data Flow Optimization, pass 3, iteration 8 (-1 instructions):
 
   208 print "\n"
   209 set :tmp :previousLine
   210 set :previousLine :currentLine
-    * set :currentLine :tmp
   211 label *label81
   212 write 1 :tmp 0
   213 set :j 1

Modifications by Iterated phase, Data Flow Optimization, pass 3, iteration 9:
 
   215 jump *label85 greaterThan 1 8
   216 label *label83
   217 op sub *tmp7 :j 1
-    * read *tmp12 :previousLine *tmp7
-    * read *tmp13 :previousLine :j
+  218 read *tmp12 :currentLine *tmp7
+  219 read *tmp13 :currentLine :j
   220 op add *tmp11 *tmp12 *tmp13
   221 write *tmp11 :tmp :j
   222 label *label84
 
   240 label *label91
   241 print "\n"
   242 label *label92
-    * write 1 :previousLine 0
+  243 write 1 :currentLine 0
   244 set :j 1
   245 label *label93
   246 jump *label96 greaterThan 1 9
 
   249 read *tmp12 :tmp *tmp7
   250 read *tmp13 :tmp :j
   251 op add *tmp11 *tmp12 *tmp13
-    * write *tmp11 :previousLine :j
+  252 write *tmp11 :currentLine :j
   253 label *label95
   254 op add :j :j 1
   255 jump *label94 lessThanEq :j 9
   256 label *label96
-    * write 1 :previousLine 9
+  257 write 1 :currentLine 9
   258 set :c 0
   259 label *label97
   260 jump *label102 greaterThanEq 0 10
   261 label *label98
-    * read *tmp20 :previousLine :c
+  262 read *tmp20 :currentLine :c
   263 print *tmp20
   264 jump *label99 greaterThanEq :c 9
   265 print " "

Modifications by Iterated phase, Data Flow Optimization, pass 3, iteration 10 (-1 instructions):
 
   207 label *label80
   208 print "\n"
   209 set :tmp :previousLine
-    * set :previousLine :currentLine
   210 label *label81
   211 write 1 :tmp 0
   212 set :j 1

Modifications by Iterated phase, Data Flow Optimization, pass 3, iteration 11:
 
   208 print "\n"
   209 set :tmp :previousLine
   210 label *label81
-    * write 1 :tmp 0
+  211 write 1 :previousLine 0
   212 set :j 1
   213 label *label82
   214 jump *label85 greaterThan 1 8
 
   217 read *tmp12 :currentLine *tmp7
   218 read *tmp13 :currentLine :j
   219 op add *tmp11 *tmp12 *tmp13
-    * write *tmp11 :tmp :j
+  220 write *tmp11 :previousLine :j
   221 label *label84
   222 op add :j :j 1
   223 jump *label83 lessThanEq :j 8
   224 label *label85
-    * write 1 :tmp 8
+  225 write 1 :previousLine 8
   226 set :c 0
   227 label *label86
   228 jump *label91 greaterThanEq 0 9
   229 label *label87
-    * read *tmp20 :tmp :c
+  230 read *tmp20 :previousLine :c
   231 print *tmp20
   232 jump *label88 greaterThanEq :c 8
   233 print " "
 
   245 jump *label96 greaterThan 1 9
   246 label *label94
   247 op sub *tmp7 :j 1
-    * read *tmp12 :tmp *tmp7
-    * read *tmp13 :tmp :j
+  248 read *tmp12 :previousLine *tmp7
+  249 read *tmp13 :previousLine :j
   250 op add *tmp11 *tmp12 *tmp13
   251 write *tmp11 :currentLine :j
   252 label *label95

Modifications by Iterated phase, Data Flow Optimization, pass 3, iteration 12 (-1 instructions):
 
   206 jump *label76 lessThan :c 8
   207 label *label80
   208 print "\n"
-    * set :tmp :previousLine
   209 label *label81
   210 write 1 :previousLine 0
   211 set :j 1

Modifications by Iterated phase, Data Flow Optimization, pass 3, iteration 13:
 
   213 jump *label85 greaterThan 1 8
   214 label *label83
   215 op sub *tmp7 :j 1
-    * read *tmp12 :currentLine *tmp7
-    * read *tmp13 :currentLine :j
+  216 read *tmp12 :tmp *tmp7
+  217 read *tmp13 :tmp :j
   218 op add *tmp11 *tmp12 *tmp13
   219 write *tmp11 :previousLine :j
   220 label *label84
 
   238 label *label91
   239 print "\n"
   240 label *label92
-    * write 1 :currentLine 0
+  241 write 1 :tmp 0
   242 set :j 1
   243 label *label93
   244 jump *label96 greaterThan 1 9
 
   247 read *tmp12 :previousLine *tmp7
   248 read *tmp13 :previousLine :j
   249 op add *tmp11 *tmp12 *tmp13
-    * write *tmp11 :currentLine :j
+  250 write *tmp11 :tmp :j
   251 label *label95
   252 op add :j :j 1
   253 jump *label94 lessThanEq :j 9
   254 label *label96
-    * write 1 :currentLine 9
+  255 write 1 :tmp 9
   256 set :c 0
   257 label *label97
   258 jump *label102 greaterThanEq 0 10
   259 label *label98
-    * read *tmp20 :currentLine :c
+  260 read *tmp20 :tmp :c
   261 print *tmp20
   262 jump *label99 greaterThanEq :c 9
   263 print " "

Modifications by Iterated phase, Data Flow Optimization, pass 3, iteration 14 (-1 instructions):
 
   174 print "\n"
   175 set :tmp :previousLine
   176 set :previousLine :currentLine
-    * set :currentLine :tmp
   177 label *label70
   178 write 1 :tmp 0
   179 set :j 1

Modifications by Iterated phase, Data Flow Optimization, pass 3, iteration 15:
 
   181 jump *label74 greaterThan 1 7
   182 label *label72
   183 op sub *tmp7 :j 1
-    * read *tmp12 :previousLine *tmp7
-    * read *tmp13 :previousLine :j
+  184 read *tmp12 :currentLine *tmp7
+  185 read *tmp13 :currentLine :j
   186 op add *tmp11 *tmp12 *tmp13
   187 write *tmp11 :tmp :j
   188 label *label73
 
   206 label *label80
   207 print "\n"
   208 label *label81
-    * write 1 :previousLine 0
+  209 write 1 :currentLine 0
   210 set :j 1
   211 label *label82
   212 jump *label85 greaterThan 1 8
 
   215 read *tmp12 :tmp *tmp7
   216 read *tmp13 :tmp :j
   217 op add *tmp11 *tmp12 *tmp13
-    * write *tmp11 :previousLine :j
+  218 write *tmp11 :currentLine :j
   219 label *label84
   220 op add :j :j 1
   221 jump *label83 lessThanEq :j 8
   222 label *label85
-    * write 1 :previousLine 8
+  223 write 1 :currentLine 8
   224 set :c 0
   225 label *label86
   226 jump *label91 greaterThanEq 0 9
   227 label *label87
-    * read *tmp20 :previousLine :c
+  228 read *tmp20 :currentLine :c
   229 print *tmp20
   230 jump *label88 greaterThanEq :c 8
   231 print " "
 
   243 jump *label96 greaterThan 1 9
   244 label *label94
   245 op sub *tmp7 :j 1
-    * read *tmp12 :previousLine *tmp7
-    * read *tmp13 :previousLine :j
+  246 read *tmp12 :currentLine *tmp7
+  247 read *tmp13 :currentLine :j
   248 op add *tmp11 *tmp12 *tmp13
   249 write *tmp11 :tmp :j
   250 label *label95

Modifications by Iterated phase, Data Flow Optimization, pass 3, iteration 16 (-1 instructions):
 
   173 label *label69
   174 print "\n"
   175 set :tmp :previousLine
-    * set :previousLine :currentLine
   176 label *label70
   177 write 1 :tmp 0
   178 set :j 1

Modifications by Iterated phase, Data Flow Optimization, pass 3, iteration 17:
 
   174 print "\n"
   175 set :tmp :previousLine
   176 label *label70
-    * write 1 :tmp 0
+  177 write 1 :previousLine 0
   178 set :j 1
   179 label *label71
   180 jump *label74 greaterThan 1 7
 
   183 read *tmp12 :currentLine *tmp7
   184 read *tmp13 :currentLine :j
   185 op add *tmp11 *tmp12 *tmp13
-    * write *tmp11 :tmp :j
+  186 write *tmp11 :previousLine :j
   187 label *label73
   188 op add :j :j 1
   189 jump *label72 lessThanEq :j 7
   190 label *label74
-    * write 1 :tmp 7
+  191 write 1 :previousLine 7
   192 set :c 0
   193 label *label75
   194 jump *label80 greaterThanEq 0 8
   195 label *label76
-    * read *tmp20 :tmp :c
+  196 read *tmp20 :previousLine :c
   197 print *tmp20
   198 jump *label77 greaterThanEq :c 7
   199 print " "
 
   211 jump *label85 greaterThan 1 8
   212 label *label83
   213 op sub *tmp7 :j 1
-    * read *tmp12 :tmp *tmp7
-    * read *tmp13 :tmp :j
+  214 read *tmp12 :previousLine *tmp7
+  215 read *tmp13 :previousLine :j
   216 op add *tmp11 *tmp12 *tmp13
   217 write *tmp11 :currentLine :j
   218 label *label84
 
   236 label *label91
   237 print "\n"
   238 label *label92
-    * write 1 :tmp 0
+  239 write 1 :previousLine 0
   240 set :j 1
   241 label *label93
   242 jump *label96 greaterThan 1 9
 
   245 read *tmp12 :currentLine *tmp7
   246 read *tmp13 :currentLine :j
   247 op add *tmp11 *tmp12 *tmp13
-    * write *tmp11 :tmp :j
+  248 write *tmp11 :previousLine :j
   249 label *label95
   250 op add :j :j 1
   251 jump *label94 lessThanEq :j 9
   252 label *label96
-    * write 1 :tmp 9
+  253 write 1 :previousLine 9
   254 set :c 0
   255 label *label97
   256 jump *label102 greaterThanEq 0 10
   257 label *label98
-    * read *tmp20 :tmp :c
+  258 read *tmp20 :previousLine :c
   259 print *tmp20
   260 jump *label99 greaterThanEq :c 9
   261 print " "

Modifications by Iterated phase, Data Flow Optimization, pass 3, iteration 18 (-1 instructions):
 
   172 jump *label65 lessThan :c 7
   173 label *label69
   174 print "\n"
-    * set :tmp :previousLine
   175 label *label70
   176 write 1 :previousLine 0
   177 set :j 1

Modifications by Iterated phase, Data Flow Optimization, pass 3, iteration 19:
 
   179 jump *label74 greaterThan 1 7
   180 label *label72
   181 op sub *tmp7 :j 1
-    * read *tmp12 :currentLine *tmp7
-    * read *tmp13 :currentLine :j
+  182 read *tmp12 :tmp *tmp7
+  183 read *tmp13 :tmp :j
   184 op add *tmp11 *tmp12 *tmp13
   185 write *tmp11 :previousLine :j
   186 label *label73
 
   204 label *label80
   205 print "\n"
   206 label *label81
-    * write 1 :currentLine 0
+  207 write 1 :tmp 0
   208 set :j 1
   209 label *label82
   210 jump *label85 greaterThan 1 8
 
   213 read *tmp12 :previousLine *tmp7
   214 read *tmp13 :previousLine :j
   215 op add *tmp11 *tmp12 *tmp13
-    * write *tmp11 :currentLine :j
+  216 write *tmp11 :tmp :j
   217 label *label84
   218 op add :j :j 1
   219 jump *label83 lessThanEq :j 8
   220 label *label85
-    * write 1 :currentLine 8
+  221 write 1 :tmp 8
   222 set :c 0
   223 label *label86
   224 jump *label91 greaterThanEq 0 9
   225 label *label87
-    * read *tmp20 :currentLine :c
+  226 read *tmp20 :tmp :c
   227 print *tmp20
   228 jump *label88 greaterThanEq :c 8
   229 print " "
 
   241 jump *label96 greaterThan 1 9
   242 label *label94
   243 op sub *tmp7 :j 1
-    * read *tmp12 :currentLine *tmp7
-    * read *tmp13 :currentLine :j
+  244 read *tmp12 :tmp *tmp7
+  245 read *tmp13 :tmp :j
   246 op add *tmp11 *tmp12 *tmp13
   247 write *tmp11 :previousLine :j
   248 label *label95

Modifications by Iterated phase, Data Flow Optimization, pass 3, iteration 20 (-1 instructions):
 
   140 print "\n"
   141 set :tmp :previousLine
   142 set :previousLine :currentLine
-    * set :currentLine :tmp
   143 label *label59
   144 write 1 :tmp 0
   145 set :j 1

Modifications by Iterated phase, Data Flow Optimization, pass 3, iteration 21:
 
   147 jump *label63 greaterThan 1 6
   148 label *label61
   149 op sub *tmp7 :j 1
-    * read *tmp12 :previousLine *tmp7
-    * read *tmp13 :previousLine :j
+  150 read *tmp12 :currentLine *tmp7
+  151 read *tmp13 :currentLine :j
   152 op add *tmp11 *tmp12 *tmp13
   153 write *tmp11 :tmp :j
   154 label *label62
 
   172 label *label69
   173 print "\n"
   174 label *label70
-    * write 1 :previousLine 0
+  175 write 1 :currentLine 0
   176 set :j 1
   177 label *label71
   178 jump *label74 greaterThan 1 7
 
   181 read *tmp12 :tmp *tmp7
   182 read *tmp13 :tmp :j
   183 op add *tmp11 *tmp12 *tmp13
-    * write *tmp11 :previousLine :j
+  184 write *tmp11 :currentLine :j
   185 label *label73
   186 op add :j :j 1
   187 jump *label72 lessThanEq :j 7
   188 label *label74
-    * write 1 :previousLine 7
+  189 write 1 :currentLine 7
   190 set :c 0
   191 label *label75
   192 jump *label80 greaterThanEq 0 8
   193 label *label76
-    * read *tmp20 :previousLine :c
+  194 read *tmp20 :currentLine :c
   195 print *tmp20
   196 jump *label77 greaterThanEq :c 7
   197 print " "
 
   209 jump *label85 greaterThan 1 8
   210 label *label83
   211 op sub *tmp7 :j 1
-    * read *tmp12 :previousLine *tmp7
-    * read *tmp13 :previousLine :j
+  212 read *tmp12 :currentLine *tmp7
+  213 read *tmp13 :currentLine :j
   214 op add *tmp11 *tmp12 *tmp13
   215 write *tmp11 :tmp :j
   216 label *label84
 
   234 label *label91
   235 print "\n"
   236 label *label92
-    * write 1 :previousLine 0
+  237 write 1 :currentLine 0
   238 set :j 1
   239 label *label93
   240 jump *label96 greaterThan 1 9
 
   243 read *tmp12 :tmp *tmp7
   244 read *tmp13 :tmp :j
   245 op add *tmp11 *tmp12 *tmp13
-    * write *tmp11 :previousLine :j
+  246 write *tmp11 :currentLine :j
   247 label *label95
   248 op add :j :j 1
   249 jump *label94 lessThanEq :j 9
   250 label *label96
-    * write 1 :previousLine 9
+  251 write 1 :currentLine 9
   252 set :c 0
   253 label *label97
   254 jump *label102 greaterThanEq 0 10
   255 label *label98
-    * read *tmp20 :previousLine :c
+  256 read *tmp20 :currentLine :c
   257 print *tmp20
   258 jump *label99 greaterThanEq :c 9
   259 print " "

Modifications by Iterated phase, Data Flow Optimization, pass 3, iteration 22 (-1 instructions):
 
   139 label *label58
   140 print "\n"
   141 set :tmp :previousLine
-    * set :previousLine :currentLine
   142 label *label59
   143 write 1 :tmp 0
   144 set :j 1

Modifications by Iterated phase, Data Flow Optimization, pass 3, iteration 23:
 
   140 print "\n"
   141 set :tmp :previousLine
   142 label *label59
-    * write 1 :tmp 0
+  143 write 1 :previousLine 0
   144 set :j 1
   145 label *label60
   146 jump *label63 greaterThan 1 6
 
   149 read *tmp12 :currentLine *tmp7
   150 read *tmp13 :currentLine :j
   151 op add *tmp11 *tmp12 *tmp13
-    * write *tmp11 :tmp :j
+  152 write *tmp11 :previousLine :j
   153 label *label62
   154 op add :j :j 1
   155 jump *label61 lessThanEq :j 6
   156 label *label63
-    * write 1 :tmp 6
+  157 write 1 :previousLine 6
   158 set :c 0
   159 label *label64
   160 jump *label69 greaterThanEq 0 7
   161 label *label65
-    * read *tmp20 :tmp :c
+  162 read *tmp20 :previousLine :c
   163 print *tmp20
   164 jump *label66 greaterThanEq :c 6
   165 print " "
 
   177 jump *label74 greaterThan 1 7
   178 label *label72
   179 op sub *tmp7 :j 1
-    * read *tmp12 :tmp *tmp7
-    * read *tmp13 :tmp :j
+  180 read *tmp12 :previousLine *tmp7
+  181 read *tmp13 :previousLine :j
   182 op add *tmp11 *tmp12 *tmp13
   183 write *tmp11 :currentLine :j
   184 label *label73
 
   202 label *label80
   203 print "\n"
   204 label *label81
-    * write 1 :tmp 0
+  205 write 1 :previousLine 0
   206 set :j 1
   207 label *label82
   208 jump *label85 greaterThan 1 8
 
   211 read *tmp12 :currentLine *tmp7
   212 read *tmp13 :currentLine :j
   213 op add *tmp11 *tmp12 *tmp13
-    * write *tmp11 :tmp :j
+  214 write *tmp11 :previousLine :j
   215 label *label84
   216 op add :j :j 1
   217 jump *label83 lessThanEq :j 8
   218 label *label85
-    * write 1 :tmp 8
+  219 write 1 :previousLine 8
   220 set :c 0
   221 label *label86
   222 jump *label91 greaterThanEq 0 9
   223 label *label87
-    * read *tmp20 :tmp :c
+  224 read *tmp20 :previousLine :c
   225 print *tmp20
   226 jump *label88 greaterThanEq :c 8
   227 print " "
 
   239 jump *label96 greaterThan 1 9
   240 label *label94
   241 op sub *tmp7 :j 1
-    * read *tmp12 :tmp *tmp7
-    * read *tmp13 :tmp :j
+  242 read *tmp12 :previousLine *tmp7
+  243 read *tmp13 :previousLine :j
   244 op add *tmp11 *tmp12 *tmp13
   245 write *tmp11 :currentLine :j
   246 label *label95

Modifications by Iterated phase, Data Flow Optimization, pass 3, iteration 24 (-1 instructions):
 
   138 jump *label54 lessThan :c 6
   139 label *label58
   140 print "\n"
-    * set :tmp :previousLine
   141 label *label59
   142 write 1 :previousLine 0
   143 set :j 1

Modifications by Iterated phase, Data Flow Optimization, pass 3, iteration 25:
 
   145 jump *label63 greaterThan 1 6
   146 label *label61
   147 op sub *tmp7 :j 1
-    * read *tmp12 :currentLine *tmp7
-    * read *tmp13 :currentLine :j
+  148 read *tmp12 :tmp *tmp7
+  149 read *tmp13 :tmp :j
   150 op add *tmp11 *tmp12 *tmp13
   151 write *tmp11 :previousLine :j
   152 label *label62
 
   170 label *label69
   171 print "\n"
   172 label *label70
-    * write 1 :currentLine 0
+  173 write 1 :tmp 0
   174 set :j 1
   175 label *label71
   176 jump *label74 greaterThan 1 7
 
   179 read *tmp12 :previousLine *tmp7
   180 read *tmp13 :previousLine :j
   181 op add *tmp11 *tmp12 *tmp13
-    * write *tmp11 :currentLine :j
+  182 write *tmp11 :tmp :j
   183 label *label73
   184 op add :j :j 1
   185 jump *label72 lessThanEq :j 7
   186 label *label74
-    * write 1 :currentLine 7
+  187 write 1 :tmp 7
   188 set :c 0
   189 label *label75
   190 jump *label80 greaterThanEq 0 8
   191 label *label76
-    * read *tmp20 :currentLine :c
+  192 read *tmp20 :tmp :c
   193 print *tmp20
   194 jump *label77 greaterThanEq :c 7
   195 print " "
 
   207 jump *label85 greaterThan 1 8
   208 label *label83
   209 op sub *tmp7 :j 1
-    * read *tmp12 :currentLine *tmp7
-    * read *tmp13 :currentLine :j
+  210 read *tmp12 :tmp *tmp7
+  211 read *tmp13 :tmp :j
   212 op add *tmp11 *tmp12 *tmp13
   213 write *tmp11 :previousLine :j
   214 label *label84
 
   232 label *label91
   233 print "\n"
   234 label *label92
-    * write 1 :currentLine 0
+  235 write 1 :tmp 0
   236 set :j 1
   237 label *label93
   238 jump *label96 greaterThan 1 9
 
   241 read *tmp12 :previousLine *tmp7
   242 read *tmp13 :previousLine :j
   243 op add *tmp11 *tmp12 *tmp13
-    * write *tmp11 :currentLine :j
+  244 write *tmp11 :tmp :j
   245 label *label95
   246 op add :j :j 1
   247 jump *label94 lessThanEq :j 9
   248 label *label96
-    * write 1 :currentLine 9
+  249 write 1 :tmp 9
   250 set :c 0
   251 label *label97
   252 jump *label102 greaterThanEq 0 10
   253 label *label98
-    * read *tmp20 :currentLine :c
+  254 read *tmp20 :tmp :c
   255 print *tmp20
   256 jump *label99 greaterThanEq :c 9
   257 print " "

Modifications by Iterated phase, Data Flow Optimization, pass 3, iteration 26 (-1 instructions):
 
   106 print "\n"
   107 set :tmp :previousLine
   108 set :previousLine :currentLine
-    * set :currentLine :tmp
   109 label *label48
   110 write 1 :tmp 0
   111 set :j 1

Modifications by Iterated phase, Data Flow Optimization, pass 3, iteration 27:
 
   113 jump *label52 greaterThan 1 5
   114 label *label50
   115 op sub *tmp7 :j 1
-    * read *tmp12 :previousLine *tmp7
-    * read *tmp13 :previousLine :j
+  116 read *tmp12 :currentLine *tmp7
+  117 read *tmp13 :currentLine :j
   118 op add *tmp11 *tmp12 *tmp13
   119 write *tmp11 :tmp :j
   120 label *label51
 
   138 label *label58
   139 print "\n"
   140 label *label59
-    * write 1 :previousLine 0
+  141 write 1 :currentLine 0
   142 set :j 1
   143 label *label60
   144 jump *label63 greaterThan 1 6
 
   147 read *tmp12 :tmp *tmp7
   148 read *tmp13 :tmp :j
   149 op add *tmp11 *tmp12 *tmp13
-    * write *tmp11 :previousLine :j
+  150 write *tmp11 :currentLine :j
   151 label *label62
   152 op add :j :j 1
   153 jump *label61 lessThanEq :j 6
   154 label *label63
-    * write 1 :previousLine 6
+  155 write 1 :currentLine 6
   156 set :c 0
   157 label *label64
   158 jump *label69 greaterThanEq 0 7
   159 label *label65
-    * read *tmp20 :previousLine :c
+  160 read *tmp20 :currentLine :c
   161 print *tmp20
   162 jump *label66 greaterThanEq :c 6
   163 print " "
 
   175 jump *label74 greaterThan 1 7
   176 label *label72
   177 op sub *tmp7 :j 1
-    * read *tmp12 :previousLine *tmp7
-    * read *tmp13 :previousLine :j
+  178 read *tmp12 :currentLine *tmp7
+  179 read *tmp13 :currentLine :j
   180 op add *tmp11 *tmp12 *tmp13
   181 write *tmp11 :tmp :j
   182 label *label73
 
   200 label *label80
   201 print "\n"
   202 label *label81
-    * write 1 :previousLine 0
+  203 write 1 :currentLine 0
   204 set :j 1
   205 label *label82
   206 jump *label85 greaterThan 1 8
 
   209 read *tmp12 :tmp *tmp7
   210 read *tmp13 :tmp :j
   211 op add *tmp11 *tmp12 *tmp13
-    * write *tmp11 :previousLine :j
+  212 write *tmp11 :currentLine :j
   213 label *label84
   214 op add :j :j 1
   215 jump *label83 lessThanEq :j 8
   216 label *label85
-    * write 1 :previousLine 8
+  217 write 1 :currentLine 8
   218 set :c 0
   219 label *label86
   220 jump *label91 greaterThanEq 0 9
   221 label *label87
-    * read *tmp20 :previousLine :c
+  222 read *tmp20 :currentLine :c
   223 print *tmp20
   224 jump *label88 greaterThanEq :c 8
   225 print " "
 
   237 jump *label96 greaterThan 1 9
   238 label *label94
   239 op sub *tmp7 :j 1
-    * read *tmp12 :previousLine *tmp7
-    * read *tmp13 :previousLine :j
+  240 read *tmp12 :currentLine *tmp7
+  241 read *tmp13 :currentLine :j
   242 op add *tmp11 *tmp12 *tmp13
   243 write *tmp11 :tmp :j
   244 label *label95

Modifications by Iterated phase, Data Flow Optimization, pass 3, iteration 28 (-1 instructions):
 
   105 label *label47
   106 print "\n"
   107 set :tmp :previousLine
-    * set :previousLine :currentLine
   108 label *label48
   109 write 1 :tmp 0
   110 set :j 1

Modifications by Iterated phase, Data Flow Optimization, pass 3, iteration 29:
 
   106 print "\n"
   107 set :tmp :previousLine
   108 label *label48
-    * write 1 :tmp 0
+  109 write 1 :previousLine 0
   110 set :j 1
   111 label *label49
   112 jump *label52 greaterThan 1 5
 
   115 read *tmp12 :currentLine *tmp7
   116 read *tmp13 :currentLine :j
   117 op add *tmp11 *tmp12 *tmp13
-    * write *tmp11 :tmp :j
+  118 write *tmp11 :previousLine :j
   119 label *label51
   120 op add :j :j 1
   121 jump *label50 lessThanEq :j 5
   122 label *label52
-    * write 1 :tmp 5
+  123 write 1 :previousLine 5
   124 set :c 0
   125 label *label53
   126 jump *label58 greaterThanEq 0 6
   127 label *label54
-    * read *tmp20 :tmp :c
+  128 read *tmp20 :previousLine :c
   129 print *tmp20
   130 jump *label55 greaterThanEq :c 5
   131 print " "
 
   143 jump *label63 greaterThan 1 6
   144 label *label61
   145 op sub *tmp7 :j 1
-    * read *tmp12 :tmp *tmp7
-    * read *tmp13 :tmp :j
+  146 read *tmp12 :previousLine *tmp7
+  147 read *tmp13 :previousLine :j
   148 op add *tmp11 *tmp12 *tmp13
   149 write *tmp11 :currentLine :j
   150 label *label62
 
   168 label *label69
   169 print "\n"
   170 label *label70
-    * write 1 :tmp 0
+  171 write 1 :previousLine 0
   172 set :j 1
   173 label *label71
   174 jump *label74 greaterThan 1 7
 
   177 read *tmp12 :currentLine *tmp7
   178 read *tmp13 :currentLine :j
   179 op add *tmp11 *tmp12 *tmp13
-    * write *tmp11 :tmp :j
+  180 write *tmp11 :previousLine :j
   181 label *label73
   182 op add :j :j 1
   183 jump *label72 lessThanEq :j 7
   184 label *label74
-    * write 1 :tmp 7
+  185 write 1 :previousLine 7
   186 set :c 0
   187 label *label75
   188 jump *label80 greaterThanEq 0 8
   189 label *label76
-    * read *tmp20 :tmp :c
+  190 read *tmp20 :previousLine :c
   191 print *tmp20
   192 jump *label77 greaterThanEq :c 7
   193 print " "
 
   205 jump *label85 greaterThan 1 8
   206 label *label83
   207 op sub *tmp7 :j 1
-    * read *tmp12 :tmp *tmp7
-    * read *tmp13 :tmp :j
+  208 read *tmp12 :previousLine *tmp7
+  209 read *tmp13 :previousLine :j
   210 op add *tmp11 *tmp12 *tmp13
   211 write *tmp11 :currentLine :j
   212 label *label84
 
   230 label *label91
   231 print "\n"
   232 label *label92
-    * write 1 :tmp 0
+  233 write 1 :previousLine 0
   234 set :j 1
   235 label *label93
   236 jump *label96 greaterThan 1 9
 
   239 read *tmp12 :currentLine *tmp7
   240 read *tmp13 :currentLine :j
   241 op add *tmp11 *tmp12 *tmp13
-    * write *tmp11 :tmp :j
+  242 write *tmp11 :previousLine :j
   243 label *label95
   244 op add :j :j 1
   245 jump *label94 lessThanEq :j 9
   246 label *label96
-    * write 1 :tmp 9
+  247 write 1 :previousLine 9
   248 set :c 0
   249 label *label97
   250 jump *label102 greaterThanEq 0 10
   251 label *label98
-    * read *tmp20 :tmp :c
+  252 read *tmp20 :previousLine :c
   253 print *tmp20
   254 jump *label99 greaterThanEq :c 9
   255 print " "

Modifications by Iterated phase, Data Flow Optimization, pass 3, iteration 30 (-1 instructions):
 
   104 jump *label43 lessThan :c 5
   105 label *label47
   106 print "\n"
-    * set :tmp :previousLine
   107 label *label48
   108 write 1 :previousLine 0
   109 set :j 1

Modifications by Iterated phase, Data Flow Optimization, pass 3, iteration 31:
 
   111 jump *label52 greaterThan 1 5
   112 label *label50
   113 op sub *tmp7 :j 1
-    * read *tmp12 :currentLine *tmp7
-    * read *tmp13 :currentLine :j
+  114 read *tmp12 :tmp *tmp7
+  115 read *tmp13 :tmp :j
   116 op add *tmp11 *tmp12 *tmp13
   117 write *tmp11 :previousLine :j
   118 label *label51
 
   136 label *label58
   137 print "\n"
   138 label *label59
-    * write 1 :currentLine 0
+  139 write 1 :tmp 0
   140 set :j 1
   141 label *label60
   142 jump *label63 greaterThan 1 6
 
   145 read *tmp12 :previousLine *tmp7
   146 read *tmp13 :previousLine :j
   147 op add *tmp11 *tmp12 *tmp13
-    * write *tmp11 :currentLine :j
+  148 write *tmp11 :tmp :j
   149 label *label62
   150 op add :j :j 1
   151 jump *label61 lessThanEq :j 6
   152 label *label63
-    * write 1 :currentLine 6
+  153 write 1 :tmp 6
   154 set :c 0
   155 label *label64
   156 jump *label69 greaterThanEq 0 7
   157 label *label65
-    * read *tmp20 :currentLine :c
+  158 read *tmp20 :tmp :c
   159 print *tmp20
   160 jump *label66 greaterThanEq :c 6
   161 print " "
 
   173 jump *label74 greaterThan 1 7
   174 label *label72
   175 op sub *tmp7 :j 1
-    * read *tmp12 :currentLine *tmp7
-    * read *tmp13 :currentLine :j
+  176 read *tmp12 :tmp *tmp7
+  177 read *tmp13 :tmp :j
   178 op add *tmp11 *tmp12 *tmp13
   179 write *tmp11 :previousLine :j
   180 label *label73
 
   198 label *label80
   199 print "\n"
   200 label *label81
-    * write 1 :currentLine 0
+  201 write 1 :tmp 0
   202 set :j 1
   203 label *label82
   204 jump *label85 greaterThan 1 8
 
   207 read *tmp12 :previousLine *tmp7
   208 read *tmp13 :previousLine :j
   209 op add *tmp11 *tmp12 *tmp13
-    * write *tmp11 :currentLine :j
+  210 write *tmp11 :tmp :j
   211 label *label84
   212 op add :j :j 1
   213 jump *label83 lessThanEq :j 8
   214 label *label85
-    * write 1 :currentLine 8
+  215 write 1 :tmp 8
   216 set :c 0
   217 label *label86
   218 jump *label91 greaterThanEq 0 9
   219 label *label87
-    * read *tmp20 :currentLine :c
+  220 read *tmp20 :tmp :c
   221 print *tmp20
   222 jump *label88 greaterThanEq :c 8
   223 print " "
 
   235 jump *label96 greaterThan 1 9
   236 label *label94
   237 op sub *tmp7 :j 1
-    * read *tmp12 :currentLine *tmp7
-    * read *tmp13 :currentLine :j
+  238 read *tmp12 :tmp *tmp7
+  239 read *tmp13 :tmp :j
   240 op add *tmp11 *tmp12 *tmp13
   241 write *tmp11 :previousLine :j
   242 label *label95

Modifications by Iterated phase, Data Flow Optimization, pass 3, iteration 32 (-1 instructions):
 
    72 print "\n"
    73 set :tmp :previousLine
    74 set :previousLine :currentLine
-    * set :currentLine :tmp
    75 label *label37
    76 write 1 :tmp 0
    77 set :j 1

Modifications by Iterated phase, Data Flow Optimization, pass 3, iteration 33:
 
    79 jump *label41 greaterThan 1 4
    80 label *label39
    81 op sub *tmp7 :j 1
-    * read *tmp12 :previousLine *tmp7
-    * read *tmp13 :previousLine :j
+   82 read *tmp12 :currentLine *tmp7
+   83 read *tmp13 :currentLine :j
    84 op add *tmp11 *tmp12 *tmp13
    85 write *tmp11 :tmp :j
    86 label *label40
 
   104 label *label47
   105 print "\n"
   106 label *label48
-    * write 1 :previousLine 0
+  107 write 1 :currentLine 0
   108 set :j 1
   109 label *label49
   110 jump *label52 greaterThan 1 5
 
   113 read *tmp12 :tmp *tmp7
   114 read *tmp13 :tmp :j
   115 op add *tmp11 *tmp12 *tmp13
-    * write *tmp11 :previousLine :j
+  116 write *tmp11 :currentLine :j
   117 label *label51
   118 op add :j :j 1
   119 jump *label50 lessThanEq :j 5
   120 label *label52
-    * write 1 :previousLine 5
+  121 write 1 :currentLine 5
   122 set :c 0
   123 label *label53
   124 jump *label58 greaterThanEq 0 6
   125 label *label54
-    * read *tmp20 :previousLine :c
+  126 read *tmp20 :currentLine :c
   127 print *tmp20
   128 jump *label55 greaterThanEq :c 5
   129 print " "
 
   141 jump *label63 greaterThan 1 6
   142 label *label61
   143 op sub *tmp7 :j 1
-    * read *tmp12 :previousLine *tmp7
-    * read *tmp13 :previousLine :j
+  144 read *tmp12 :currentLine *tmp7
+  145 read *tmp13 :currentLine :j
   146 op add *tmp11 *tmp12 *tmp13
   147 write *tmp11 :tmp :j
   148 label *label62
 
   166 label *label69
   167 print "\n"
   168 label *label70
-    * write 1 :previousLine 0
+  169 write 1 :currentLine 0
   170 set :j 1
   171 label *label71
   172 jump *label74 greaterThan 1 7
 
   175 read *tmp12 :tmp *tmp7
   176 read *tmp13 :tmp :j
   177 op add *tmp11 *tmp12 *tmp13
-    * write *tmp11 :previousLine :j
+  178 write *tmp11 :currentLine :j
   179 label *label73
   180 op add :j :j 1
   181 jump *label72 lessThanEq :j 7
   182 label *label74
-    * write 1 :previousLine 7
+  183 write 1 :currentLine 7
   184 set :c 0
   185 label *label75
   186 jump *label80 greaterThanEq 0 8
   187 label *label76
-    * read *tmp20 :previousLine :c
+  188 read *tmp20 :currentLine :c
   189 print *tmp20
   190 jump *label77 greaterThanEq :c 7
   191 print " "
 
   203 jump *label85 greaterThan 1 8
   204 label *label83
   205 op sub *tmp7 :j 1
-    * read *tmp12 :previousLine *tmp7
-    * read *tmp13 :previousLine :j
+  206 read *tmp12 :currentLine *tmp7
+  207 read *tmp13 :currentLine :j
   208 op add *tmp11 *tmp12 *tmp13
   209 write *tmp11 :tmp :j
   210 label *label84
 
   228 label *label91
   229 print "\n"
   230 label *label92
-    * write 1 :previousLine 0
+  231 write 1 :currentLine 0
   232 set :j 1
   233 label *label93
   234 jump *label96 greaterThan 1 9
 
   237 read *tmp12 :tmp *tmp7
   238 read *tmp13 :tmp :j
   239 op add *tmp11 *tmp12 *tmp13
-    * write *tmp11 :previousLine :j
+  240 write *tmp11 :currentLine :j
   241 label *label95
   242 op add :j :j 1
   243 jump *label94 lessThanEq :j 9
   244 label *label96
-    * write 1 :previousLine 9
+  245 write 1 :currentLine 9
   246 set :c 0
   247 label *label97
   248 jump *label102 greaterThanEq 0 10
   249 label *label98
-    * read *tmp20 :previousLine :c
+  250 read *tmp20 :currentLine :c
   251 print *tmp20
   252 jump *label99 greaterThanEq :c 9
   253 print " "

Modifications by Iterated phase, Data Flow Optimization, pass 3, iteration 34 (-1 instructions):
 
    71 label *label36
    72 print "\n"
    73 set :tmp :previousLine
-    * set :previousLine :currentLine
    74 label *label37
    75 write 1 :tmp 0
    76 set :j 1

Modifications by Iterated phase, Data Flow Optimization, pass 3, iteration 35:
 
    72 print "\n"
    73 set :tmp :previousLine
    74 label *label37
-    * write 1 :tmp 0
+   75 write 1 :previousLine 0
    76 set :j 1
    77 label *label38
    78 jump *label41 greaterThan 1 4
 
    81 read *tmp12 :currentLine *tmp7
    82 read *tmp13 :currentLine :j
    83 op add *tmp11 *tmp12 *tmp13
-    * write *tmp11 :tmp :j
+   84 write *tmp11 :previousLine :j
    85 label *label40
    86 op add :j :j 1
    87 jump *label39 lessThanEq :j 4
    88 label *label41
-    * write 1 :tmp 4
+   89 write 1 :previousLine 4
    90 set :c 0
    91 label *label42
    92 jump *label47 greaterThanEq 0 5
    93 label *label43
-    * read *tmp20 :tmp :c
+   94 read *tmp20 :previousLine :c
    95 print *tmp20
    96 jump *label44 greaterThanEq :c 4
    97 print " "
 
   109 jump *label52 greaterThan 1 5
   110 label *label50
   111 op sub *tmp7 :j 1
-    * read *tmp12 :tmp *tmp7
-    * read *tmp13 :tmp :j
+  112 read *tmp12 :previousLine *tmp7
+  113 read *tmp13 :previousLine :j
   114 op add *tmp11 *tmp12 *tmp13
   115 write *tmp11 :currentLine :j
   116 label *label51
 
   134 label *label58
   135 print "\n"
   136 label *label59
-    * write 1 :tmp 0
+  137 write 1 :previousLine 0
   138 set :j 1
   139 label *label60
   140 jump *label63 greaterThan 1 6
 
   143 read *tmp12 :currentLine *tmp7
   144 read *tmp13 :currentLine :j
   145 op add *tmp11 *tmp12 *tmp13
-    * write *tmp11 :tmp :j
+  146 write *tmp11 :previousLine :j
   147 label *label62
   148 op add :j :j 1
   149 jump *label61 lessThanEq :j 6
   150 label *label63
-    * write 1 :tmp 6
+  151 write 1 :previousLine 6
   152 set :c 0
   153 label *label64
   154 jump *label69 greaterThanEq 0 7
   155 label *label65
-    * read *tmp20 :tmp :c
+  156 read *tmp20 :previousLine :c
   157 print *tmp20
   158 jump *label66 greaterThanEq :c 6
   159 print " "
 
   171 jump *label74 greaterThan 1 7
   172 label *label72
   173 op sub *tmp7 :j 1
-    * read *tmp12 :tmp *tmp7
-    * read *tmp13 :tmp :j
+  174 read *tmp12 :previousLine *tmp7
+  175 read *tmp13 :previousLine :j
   176 op add *tmp11 *tmp12 *tmp13
   177 write *tmp11 :currentLine :j
   178 label *label73
 
   196 label *label80
   197 print "\n"
   198 label *label81
-    * write 1 :tmp 0
+  199 write 1 :previousLine 0
   200 set :j 1
   201 label *label82
   202 jump *label85 greaterThan 1 8
 
   205 read *tmp12 :currentLine *tmp7
   206 read *tmp13 :currentLine :j
   207 op add *tmp11 *tmp12 *tmp13
-    * write *tmp11 :tmp :j
+  208 write *tmp11 :previousLine :j
   209 label *label84
   210 op add :j :j 1
   211 jump *label83 lessThanEq :j 8
   212 label *label85
-    * write 1 :tmp 8
+  213 write 1 :previousLine 8
   214 set :c 0
   215 label *label86
   216 jump *label91 greaterThanEq 0 9
   217 label *label87
-    * read *tmp20 :tmp :c
+  218 read *tmp20 :previousLine :c
   219 print *tmp20
   220 jump *label88 greaterThanEq :c 8
   221 print " "
 
   233 jump *label96 greaterThan 1 9
   234 label *label94
   235 op sub *tmp7 :j 1
-    * read *tmp12 :tmp *tmp7
-    * read *tmp13 :tmp :j
+  236 read *tmp12 :previousLine *tmp7
+  237 read *tmp13 :previousLine :j
   238 op add *tmp11 *tmp12 *tmp13
   239 write *tmp11 :currentLine :j
   240 label *label95

Modifications by Iterated phase, Data Flow Optimization, pass 3, iteration 36 (-1 instructions):
 
    70 jump *label32 lessThan :c 4
    71 label *label36
    72 print "\n"
-    * set :tmp :previousLine
    73 label *label37
    74 write 1 :previousLine 0
    75 set :j 1

Modifications by Iterated phase, Data Flow Optimization, pass 3, iteration 37:
 
    77 jump *label41 greaterThan 1 4
    78 label *label39
    79 op sub *tmp7 :j 1
-    * read *tmp12 :currentLine *tmp7
-    * read *tmp13 :currentLine :j
+   80 read *tmp12 :tmp *tmp7
+   81 read *tmp13 :tmp :j
    82 op add *tmp11 *tmp12 *tmp13
    83 write *tmp11 :previousLine :j
    84 label *label40
 
   102 label *label47
   103 print "\n"
   104 label *label48
-    * write 1 :currentLine 0
+  105 write 1 :tmp 0
   106 set :j 1
   107 label *label49
   108 jump *label52 greaterThan 1 5
 
   111 read *tmp12 :previousLine *tmp7
   112 read *tmp13 :previousLine :j
   113 op add *tmp11 *tmp12 *tmp13
-    * write *tmp11 :currentLine :j
+  114 write *tmp11 :tmp :j
   115 label *label51
   116 op add :j :j 1
   117 jump *label50 lessThanEq :j 5
   118 label *label52
-    * write 1 :currentLine 5
+  119 write 1 :tmp 5
   120 set :c 0
   121 label *label53
   122 jump *label58 greaterThanEq 0 6
   123 label *label54
-    * read *tmp20 :currentLine :c
+  124 read *tmp20 :tmp :c
   125 print *tmp20
   126 jump *label55 greaterThanEq :c 5
   127 print " "
 
   139 jump *label63 greaterThan 1 6
   140 label *label61
   141 op sub *tmp7 :j 1
-    * read *tmp12 :currentLine *tmp7
-    * read *tmp13 :currentLine :j
+  142 read *tmp12 :tmp *tmp7
+  143 read *tmp13 :tmp :j
   144 op add *tmp11 *tmp12 *tmp13
   145 write *tmp11 :previousLine :j
   146 label *label62
 
   164 label *label69
   165 print "\n"
   166 label *label70
-    * write 1 :currentLine 0
+  167 write 1 :tmp 0
   168 set :j 1
   169 label *label71
   170 jump *label74 greaterThan 1 7
 
   173 read *tmp12 :previousLine *tmp7
   174 read *tmp13 :previousLine :j
   175 op add *tmp11 *tmp12 *tmp13
-    * write *tmp11 :currentLine :j
+  176 write *tmp11 :tmp :j
   177 label *label73
   178 op add :j :j 1
   179 jump *label72 lessThanEq :j 7
   180 label *label74
-    * write 1 :currentLine 7
+  181 write 1 :tmp 7
   182 set :c 0
   183 label *label75
   184 jump *label80 greaterThanEq 0 8
   185 label *label76
-    * read *tmp20 :currentLine :c
+  186 read *tmp20 :tmp :c
   187 print *tmp20
   188 jump *label77 greaterThanEq :c 7
   189 print " "
 
   201 jump *label85 greaterThan 1 8
   202 label *label83
   203 op sub *tmp7 :j 1
-    * read *tmp12 :currentLine *tmp7
-    * read *tmp13 :currentLine :j
+  204 read *tmp12 :tmp *tmp7
+  205 read *tmp13 :tmp :j
   206 op add *tmp11 *tmp12 *tmp13
   207 write *tmp11 :previousLine :j
   208 label *label84
 
   226 label *label91
   227 print "\n"
   228 label *label92
-    * write 1 :currentLine 0
+  229 write 1 :tmp 0
   230 set :j 1
   231 label *label93
   232 jump *label96 greaterThan 1 9
 
   235 read *tmp12 :previousLine *tmp7
   236 read *tmp13 :previousLine :j
   237 op add *tmp11 *tmp12 *tmp13
-    * write *tmp11 :currentLine :j
+  238 write *tmp11 :tmp :j
   239 label *label95
   240 op add :j :j 1
   241 jump *label94 lessThanEq :j 9
   242 label *label96
-    * write 1 :currentLine 9
+  243 write 1 :tmp 9
   244 set :c 0
   245 label *label97
   246 jump *label102 greaterThanEq 0 10
   247 label *label98
-    * read *tmp20 :currentLine :c
+  248 read *tmp20 :tmp :c
   249 print *tmp20
   250 jump *label99 greaterThanEq :c 9
   251 print " "

Modifications by Iterated phase, Data Flow Optimization, pass 3, iteration 38 (-1 instructions):
 
    38 print "\n"
    39 set :tmp :previousLine
    40 set :previousLine :currentLine
-    * set :currentLine :tmp
    41 label *label26
    42 write 1 :tmp 0
    43 set :j 1

Modifications by Iterated phase, Data Flow Optimization, pass 3, iteration 39:
 
    45 jump *label30 greaterThan 1 3
    46 label *label28
    47 op sub *tmp7 :j 1
-    * read *tmp12 :previousLine *tmp7
-    * read *tmp13 :previousLine :j
+   48 read *tmp12 :currentLine *tmp7
+   49 read *tmp13 :currentLine :j
    50 op add *tmp11 *tmp12 *tmp13
    51 write *tmp11 :tmp :j
    52 label *label29
 
    70 label *label36
    71 print "\n"
    72 label *label37
-    * write 1 :previousLine 0
+   73 write 1 :currentLine 0
    74 set :j 1
    75 label *label38
    76 jump *label41 greaterThan 1 4
 
    79 read *tmp12 :tmp *tmp7
    80 read *tmp13 :tmp :j
    81 op add *tmp11 *tmp12 *tmp13
-    * write *tmp11 :previousLine :j
+   82 write *tmp11 :currentLine :j
    83 label *label40
    84 op add :j :j 1
    85 jump *label39 lessThanEq :j 4
    86 label *label41
-    * write 1 :previousLine 4
+   87 write 1 :currentLine 4
    88 set :c 0
    89 label *label42
    90 jump *label47 greaterThanEq 0 5
    91 label *label43
-    * read *tmp20 :previousLine :c
+   92 read *tmp20 :currentLine :c
    93 print *tmp20
    94 jump *label44 greaterThanEq :c 4
    95 print " "
 
   107 jump *label52 greaterThan 1 5
   108 label *label50
   109 op sub *tmp7 :j 1
-    * read *tmp12 :previousLine *tmp7
-    * read *tmp13 :previousLine :j
+  110 read *tmp12 :currentLine *tmp7
+  111 read *tmp13 :currentLine :j
   112 op add *tmp11 *tmp12 *tmp13
   113 write *tmp11 :tmp :j
   114 label *label51
 
   132 label *label58
   133 print "\n"
   134 label *label59
-    * write 1 :previousLine 0
+  135 write 1 :currentLine 0
   136 set :j 1
   137 label *label60
   138 jump *label63 greaterThan 1 6
 
   141 read *tmp12 :tmp *tmp7
   142 read *tmp13 :tmp :j
   143 op add *tmp11 *tmp12 *tmp13
-    * write *tmp11 :previousLine :j
+  144 write *tmp11 :currentLine :j
   145 label *label62
   146 op add :j :j 1
   147 jump *label61 lessThanEq :j 6
   148 label *label63
-    * write 1 :previousLine 6
+  149 write 1 :currentLine 6
   150 set :c 0
   151 label *label64
   152 jump *label69 greaterThanEq 0 7
   153 label *label65
-    * read *tmp20 :previousLine :c
+  154 read *tmp20 :currentLine :c
   155 print *tmp20
   156 jump *label66 greaterThanEq :c 6
   157 print " "
 
   169 jump *label74 greaterThan 1 7
   170 label *label72
   171 op sub *tmp7 :j 1
-    * read *tmp12 :previousLine *tmp7
-    * read *tmp13 :previousLine :j
+  172 read *tmp12 :currentLine *tmp7
+  173 read *tmp13 :currentLine :j
   174 op add *tmp11 *tmp12 *tmp13
   175 write *tmp11 :tmp :j
   176 label *label73
 
   194 label *label80
   195 print "\n"
   196 label *label81
-    * write 1 :previousLine 0
+  197 write 1 :currentLine 0
   198 set :j 1
   199 label *label82
   200 jump *label85 greaterThan 1 8
 
   203 read *tmp12 :tmp *tmp7
   204 read *tmp13 :tmp :j
   205 op add *tmp11 *tmp12 *tmp13
-    * write *tmp11 :previousLine :j
+  206 write *tmp11 :currentLine :j
   207 label *label84
   208 op add :j :j 1
   209 jump *label83 lessThanEq :j 8
   210 label *label85
-    * write 1 :previousLine 8
+  211 write 1 :currentLine 8
   212 set :c 0
   213 label *label86
   214 jump *label91 greaterThanEq 0 9
   215 label *label87
-    * read *tmp20 :previousLine :c
+  216 read *tmp20 :currentLine :c
   217 print *tmp20
   218 jump *label88 greaterThanEq :c 8
   219 print " "
 
   231 jump *label96 greaterThan 1 9
   232 label *label94
   233 op sub *tmp7 :j 1
-    * read *tmp12 :previousLine *tmp7
-    * read *tmp13 :previousLine :j
+  234 read *tmp12 :currentLine *tmp7
+  235 read *tmp13 :currentLine :j
   236 op add *tmp11 *tmp12 *tmp13
   237 write *tmp11 :tmp :j
   238 label *label95

Modifications by Iterated phase, Data Flow Optimization, pass 3, iteration 40 (-1 instructions):
 
    37 label *label25
    38 print "\n"
    39 set :tmp :previousLine
-    * set :previousLine :currentLine
    40 label *label26
    41 write 1 :tmp 0
    42 set :j 1

Modifications by Iterated phase, Data Flow Optimization, pass 3, iteration 41:
 
    38 print "\n"
    39 set :tmp :previousLine
    40 label *label26
-    * write 1 :tmp 0
+   41 write 1 :previousLine 0
    42 set :j 1
    43 label *label27
    44 jump *label30 greaterThan 1 3
 
    47 read *tmp12 :currentLine *tmp7
    48 read *tmp13 :currentLine :j
    49 op add *tmp11 *tmp12 *tmp13
-    * write *tmp11 :tmp :j
+   50 write *tmp11 :previousLine :j
    51 label *label29
    52 op add :j :j 1
    53 jump *label28 lessThanEq :j 3
    54 label *label30
-    * write 1 :tmp 3
+   55 write 1 :previousLine 3
    56 set :c 0
    57 label *label31
    58 jump *label36 greaterThanEq 0 4
    59 label *label32
-    * read *tmp20 :tmp :c
+   60 read *tmp20 :previousLine :c
    61 print *tmp20
    62 jump *label33 greaterThanEq :c 3
    63 print " "
 
    75 jump *label41 greaterThan 1 4
    76 label *label39
    77 op sub *tmp7 :j 1
-    * read *tmp12 :tmp *tmp7
-    * read *tmp13 :tmp :j
+   78 read *tmp12 :previousLine *tmp7
+   79 read *tmp13 :previousLine :j
    80 op add *tmp11 *tmp12 *tmp13
    81 write *tmp11 :currentLine :j
    82 label *label40
 
   100 label *label47
   101 print "\n"
   102 label *label48
-    * write 1 :tmp 0
+  103 write 1 :previousLine 0
   104 set :j 1
   105 label *label49
   106 jump *label52 greaterThan 1 5
 
   109 read *tmp12 :currentLine *tmp7
   110 read *tmp13 :currentLine :j
   111 op add *tmp11 *tmp12 *tmp13
-    * write *tmp11 :tmp :j
+  112 write *tmp11 :previousLine :j
   113 label *label51
   114 op add :j :j 1
   115 jump *label50 lessThanEq :j 5
   116 label *label52
-    * write 1 :tmp 5
+  117 write 1 :previousLine 5
   118 set :c 0
   119 label *label53
   120 jump *label58 greaterThanEq 0 6
   121 label *label54
-    * read *tmp20 :tmp :c
+  122 read *tmp20 :previousLine :c
   123 print *tmp20
   124 jump *label55 greaterThanEq :c 5
   125 print " "
 
   137 jump *label63 greaterThan 1 6
   138 label *label61
   139 op sub *tmp7 :j 1
-    * read *tmp12 :tmp *tmp7
-    * read *tmp13 :tmp :j
+  140 read *tmp12 :previousLine *tmp7
+  141 read *tmp13 :previousLine :j
   142 op add *tmp11 *tmp12 *tmp13
   143 write *tmp11 :currentLine :j
   144 label *label62
 
   162 label *label69
   163 print "\n"
   164 label *label70
-    * write 1 :tmp 0
+  165 write 1 :previousLine 0
   166 set :j 1
   167 label *label71
   168 jump *label74 greaterThan 1 7
 
   171 read *tmp12 :currentLine *tmp7
   172 read *tmp13 :currentLine :j
   173 op add *tmp11 *tmp12 *tmp13
-    * write *tmp11 :tmp :j
+  174 write *tmp11 :previousLine :j
   175 label *label73
   176 op add :j :j 1
   177 jump *label72 lessThanEq :j 7
   178 label *label74
-    * write 1 :tmp 7
+  179 write 1 :previousLine 7
   180 set :c 0
   181 label *label75
   182 jump *label80 greaterThanEq 0 8
   183 label *label76
-    * read *tmp20 :tmp :c
+  184 read *tmp20 :previousLine :c
   185 print *tmp20
   186 jump *label77 greaterThanEq :c 7
   187 print " "
 
   199 jump *label85 greaterThan 1 8
   200 label *label83
   201 op sub *tmp7 :j 1
-    * read *tmp12 :tmp *tmp7
-    * read *tmp13 :tmp :j
+  202 read *tmp12 :previousLine *tmp7
+  203 read *tmp13 :previousLine :j
   204 op add *tmp11 *tmp12 *tmp13
   205 write *tmp11 :currentLine :j
   206 label *label84
 
   224 label *label91
   225 print "\n"
   226 label *label92
-    * write 1 :tmp 0
+  227 write 1 :previousLine 0
   228 set :j 1
   229 label *label93
   230 jump *label96 greaterThan 1 9
 
   233 read *tmp12 :currentLine *tmp7
   234 read *tmp13 :currentLine :j
   235 op add *tmp11 *tmp12 *tmp13
-    * write *tmp11 :tmp :j
+  236 write *tmp11 :previousLine :j
   237 label *label95
   238 op add :j :j 1
   239 jump *label94 lessThanEq :j 9
   240 label *label96
-    * write 1 :tmp 9
+  241 write 1 :previousLine 9
   242 set :c 0
   243 label *label97
   244 jump *label102 greaterThanEq 0 10
   245 label *label98
-    * read *tmp20 :tmp :c
+  246 read *tmp20 :previousLine :c
   247 print *tmp20
   248 jump *label99 greaterThanEq :c 9
   249 print " "

Modifications by Iterated phase, Data Flow Optimization, pass 3, iteration 42 (-1 instructions):
 
    36 jump *label21 lessThan :c 3
    37 label *label25
    38 print "\n"
-    * set :tmp :previousLine
    39 label *label26
    40 write 1 :previousLine 0
    41 set :j 1

Modifications by Iterated phase, Jump Normalization, pass 4, iteration 1 (-16 instructions):
 
     9 write 1 :currentLine 0
    10 set :j 1
    11 label *label16
-    * jump *label19 greaterThan 1 2
    12 label *label17
    13 op sub *tmp7 :j 1
    14 read *tmp12 :previousLine *tmp7
 
    22 write 1 :currentLine 2
    23 set :c 0
    24 label *label20
-    * jump *label25 greaterThanEq 0 3
    25 label *label21
    26 read *tmp20 :currentLine :c
    27 print *tmp20
 
    38 write 1 :previousLine 0
    39 set :j 1
    40 label *label27
-    * jump *label30 greaterThan 1 3
    41 label *label28
    42 op sub *tmp7 :j 1
    43 read *tmp12 :currentLine *tmp7
 
    51 write 1 :previousLine 3
    52 set :c 0
    53 label *label31
-    * jump *label36 greaterThanEq 0 4
    54 label *label32
    55 read *tmp20 :previousLine :c
    56 print *tmp20
 
    67 write 1 :currentLine 0
    68 set :j 1
    69 label *label38
-    * jump *label41 greaterThan 1 4
    70 label *label39
    71 op sub *tmp7 :j 1
    72 read *tmp12 :previousLine *tmp7
 
    80 write 1 :currentLine 4
    81 set :c 0
    82 label *label42
-    * jump *label47 greaterThanEq 0 5
    83 label *label43
    84 read *tmp20 :currentLine :c
    85 print *tmp20
 
    96 write 1 :previousLine 0
    97 set :j 1
    98 label *label49
-    * jump *label52 greaterThan 1 5
    99 label *label50
   100 op sub *tmp7 :j 1
   101 read *tmp12 :currentLine *tmp7
 
   109 write 1 :previousLine 5
   110 set :c 0
   111 label *label53
-    * jump *label58 greaterThanEq 0 6
   112 label *label54
   113 read *tmp20 :previousLine :c
   114 print *tmp20
 
   125 write 1 :currentLine 0
   126 set :j 1
   127 label *label60
-    * jump *label63 greaterThan 1 6
   128 label *label61
   129 op sub *tmp7 :j 1
   130 read *tmp12 :previousLine *tmp7
 
   138 write 1 :currentLine 6
   139 set :c 0
   140 label *label64
-    * jump *label69 greaterThanEq 0 7
   141 label *label65
   142 read *tmp20 :currentLine :c
   143 print *tmp20
 
   154 write 1 :previousLine 0
   155 set :j 1
   156 label *label71
-    * jump *label74 greaterThan 1 7
   157 label *label72
   158 op sub *tmp7 :j 1
   159 read *tmp12 :currentLine *tmp7
 
   167 write 1 :previousLine 7
   168 set :c 0
   169 label *label75
-    * jump *label80 greaterThanEq 0 8
   170 label *label76
   171 read *tmp20 :previousLine :c
   172 print *tmp20
 
   183 write 1 :currentLine 0
   184 set :j 1
   185 label *label82
-    * jump *label85 greaterThan 1 8
   186 label *label83
   187 op sub *tmp7 :j 1
   188 read *tmp12 :previousLine *tmp7
 
   196 write 1 :currentLine 8
   197 set :c 0
   198 label *label86
-    * jump *label91 greaterThanEq 0 9
   199 label *label87
   200 read *tmp20 :currentLine :c
   201 print *tmp20
 
   212 write 1 :previousLine 0
   213 set :j 1
   214 label *label93
-    * jump *label96 greaterThan 1 9
   215 label *label94
   216 op sub *tmp7 :j 1
   217 read *tmp12 :currentLine *tmp7
 
   225 write 1 :previousLine 9
   226 set :c 0
   227 label *label97
-    * jump *label102 greaterThanEq 0 10
   228 label *label98
   229 read *tmp20 :previousLine :c
   230 print *tmp20

Modifications by Unroll loop at line 28:9 (+5 instructions):
 
     7 write 1 :previousLine 1
     8 label *label15
     9 write 1 :currentLine 0
-    * set :j 1
-    * label *label16
-    * label *label17
-    * op sub *tmp7 :j 1
-    * read *tmp12 :previousLine *tmp7
-    * read *tmp13 :previousLine :j
-    * op add *tmp11 *tmp12 *tmp13
-    * write *tmp11 :currentLine :j
-    * label *label18
-    * op add :j :j 1
-    * jump *label17 lessThanEq :j 2
-    * label *label19
+   10 set :j 1
+   11 label *label104
+   12 op sub *tmp7 :j 1
+   13 read *tmp12 :previousLine *tmp7
+   14 read *tmp13 :previousLine :j
+   15 op add *tmp11 *tmp12 *tmp13
+   16 write *tmp11 :currentLine :j
+   17 label *label105
+   18 op add :j :j 1
+   19 op sub *tmp7 :j 1
+   20 read *tmp12 :previousLine *tmp7
+   21 read *tmp13 :previousLine :j
+   22 op add *tmp11 *tmp12 *tmp13
+   23 write *tmp11 :currentLine :j
+   24 label *label106
+   25 op add :j :j 1
+   26 label *label19
    27 write 1 :currentLine 2
    28 set :c 0
    29 label *label20

Modifications by Iterated phase, Data Flow Optimization, pass 4, iteration 1:
 
     9 write 1 :currentLine 0
    10 set :j 1
    11 label *label104
-    * op sub *tmp7 :j 1
-    * read *tmp12 :previousLine *tmp7
-    * read *tmp13 :previousLine :j
+   12 op sub *tmp7 1 1
+   13 read *tmp12 :previousLine 0
+   14 read *tmp13 :previousLine 1
    15 op add *tmp11 *tmp12 *tmp13
-    * write *tmp11 :currentLine :j
+   16 write *tmp11 :currentLine 1
    17 label *label105
-    * op add :j :j 1
-    * op sub *tmp7 :j 1
-    * read *tmp12 :previousLine *tmp7
-    * read *tmp13 :previousLine :j
+   18 op add :j 1 1
+   19 op sub *tmp7 2 1
+   20 read *tmp12 :previousLine 1
+   21 read *tmp13 :previousLine 2
    22 op add *tmp11 *tmp12 *tmp13
-    * write *tmp11 :currentLine :j
+   23 write *tmp11 :currentLine 2
    24 label *label106
-    * op add :j :j 1
+   25 op add :j 2 1
    26 label *label19
    27 write 1 :currentLine 2
    28 set :c 0

Modifications by Iterated phase, Data Flow Optimization, pass 4, iteration 2 (-5 instructions):
 
     7 write 1 :previousLine 1
     8 label *label15
     9 write 1 :currentLine 0
-    * set :j 1
    10 label *label104
-    * op sub *tmp7 1 1
    11 read *tmp12 :previousLine 0
    12 read *tmp13 :previousLine 1
    13 op add *tmp11 *tmp12 *tmp13
    14 write *tmp11 :currentLine 1
    15 label *label105
-    * op add :j 1 1
-    * op sub *tmp7 2 1
    16 read *tmp12 :previousLine 1
    17 read *tmp13 :previousLine 2
    18 op add *tmp11 *tmp12 *tmp13
    19 write *tmp11 :currentLine 2
    20 label *label106
-    * op add :j 2 1
    21 label *label19
    22 write 1 :currentLine 2
    23 set :c 0

Modifications by Unroll loop at line 34:9 (+9 instructions):
 
    20 label *label106
    21 label *label19
    22 write 1 :currentLine 2
-    * set :c 0
-    * label *label20
-    * label *label21
-    * read *tmp20 :currentLine :c
-    * print *tmp20
-    * jump *label22 greaterThanEq :c 2
-    * print " "
-    * label *label22
-    * label *label23
-    * label *label24
-    * op add :c :c 1
-    * jump *label21 lessThan :c 3
-    * label *label25
+   23 set :c 0
+   24 label *label107
+   25 read *tmp20 :currentLine :c
+   26 print *tmp20
+   27 jump *label108 greaterThanEq :c 2
+   28 print " "
+   29 label *label108
+   30 label *label109
+   31 label *label110
+   32 op add :c :c 1
+   33 read *tmp20 :currentLine :c
+   34 print *tmp20
+   35 jump *label111 greaterThanEq :c 2
+   36 print " "
+   37 label *label111
+   38 label *label112
+   39 label *label113
+   40 op add :c :c 1
+   41 read *tmp20 :currentLine :c
+   42 print *tmp20
+   43 jump *label114 greaterThanEq :c 2
+   44 print " "
+   45 label *label114
+   46 label *label115
+   47 label *label116
+   48 op add :c :c 1
+   49 label *label25
    50 print "\n"
    51 label *label26
    52 write 1 :previousLine 0

Modifications by Iterated phase, Data Flow Optimization, pass 4, iteration 1:
 
    22 write 1 :currentLine 2
    23 set :c 0
    24 label *label107
-    * read *tmp20 :currentLine :c
+   25 read *tmp20 :currentLine 0
    26 print *tmp20
-    * jump *label108 greaterThanEq :c 2
+   27 jump *label108 greaterThanEq 0 2
    28 print " "
    29 label *label108
    30 label *label109
    31 label *label110
-    * op add :c :c 1
-    * read *tmp20 :currentLine :c
+   32 op add :c 0 1
+   33 read *tmp20 :currentLine 1
    34 print *tmp20
-    * jump *label111 greaterThanEq :c 2
+   35 jump *label111 greaterThanEq 1 2
    36 print " "
    37 label *label111
    38 label *label112
    39 label *label113
-    * op add :c :c 1
-    * read *tmp20 :currentLine :c
+   40 op add :c 1 1
+   41 read *tmp20 :currentLine 2
    42 print *tmp20
-    * jump *label114 greaterThanEq :c 2
+   43 jump *label114 greaterThanEq 2 2
    44 print " "
    45 label *label114
    46 label *label115
    47 label *label116
-    * op add :c :c 1
+   48 op add :c 2 1
    49 label *label25
    50 print "\n"
    51 label *label26

Modifications by Iterated phase, Data Flow Optimization, pass 4, iteration 2 (-4 instructions):
 
    20 label *label106
    21 label *label19
    22 write 1 :currentLine 2
-    * set :c 0
    23 label *label107
    24 read *tmp20 :currentLine 0
    25 print *tmp20
 
    28 label *label108
    29 label *label109
    30 label *label110
-    * op add :c 0 1
    31 read *tmp20 :currentLine 1
    32 print *tmp20
    33 jump *label111 greaterThanEq 1 2
 
    35 label *label111
    36 label *label112
    37 label *label113
-    * op add :c 1 1
    38 read *tmp20 :currentLine 2
    39 print *tmp20
    40 jump *label114 greaterThanEq 2 2
 
    42 label *label114
    43 label *label115
    44 label *label116
-    * op add :c 2 1
    45 label *label25
    46 print "\n"
    47 label *label26

Modifications by Unroll loop at line 34:9 (+14 instructions):
 
    59 jump *label28 lessThanEq :j 3
    60 label *label30
    61 write 1 :previousLine 3
-    * set :c 0
-    * label *label31
-    * label *label32
-    * read *tmp20 :previousLine :c
-    * print *tmp20
-    * jump *label33 greaterThanEq :c 3
-    * print " "
-    * label *label33
-    * label *label34
-    * label *label35
-    * op add :c :c 1
-    * jump *label32 lessThan :c 4
-    * label *label36
+   62 set :c 0
+   63 label *label117
+   64 read *tmp20 :previousLine :c
+   65 print *tmp20
+   66 jump *label118 greaterThanEq :c 3
+   67 print " "
+   68 label *label118
+   69 label *label119
+   70 label *label120
+   71 op add :c :c 1
+   72 read *tmp20 :previousLine :c
+   73 print *tmp20
+   74 jump *label121 greaterThanEq :c 3
+   75 print " "
+   76 label *label121
+   77 label *label122
+   78 label *label123
+   79 op add :c :c 1
+   80 read *tmp20 :previousLine :c
+   81 print *tmp20
+   82 jump *label124 greaterThanEq :c 3
+   83 print " "
+   84 label *label124
+   85 label *label125
+   86 label *label126
+   87 op add :c :c 1
+   88 read *tmp20 :previousLine :c
+   89 print *tmp20
+   90 jump *label127 greaterThanEq :c 3
+   91 print " "
+   92 label *label127
+   93 label *label128
+   94 label *label129
+   95 op add :c :c 1
+   96 label *label36
    97 print "\n"
    98 label *label37
    99 write 1 :currentLine 0

Modifications by Iterated phase, Data Flow Optimization, pass 4, iteration 1:
 
    61 write 1 :previousLine 3
    62 set :c 0
    63 label *label117
-    * read *tmp20 :previousLine :c
+   64 read *tmp20 :previousLine 0
    65 print *tmp20
-    * jump *label118 greaterThanEq :c 3
+   66 jump *label118 greaterThanEq 0 3
    67 print " "
    68 label *label118
    69 label *label119
    70 label *label120
-    * op add :c :c 1
-    * read *tmp20 :previousLine :c
+   71 op add :c 0 1
+   72 read *tmp20 :previousLine 1
    73 print *tmp20
-    * jump *label121 greaterThanEq :c 3
+   74 jump *label121 greaterThanEq 1 3
    75 print " "
    76 label *label121
    77 label *label122
    78 label *label123
-    * op add :c :c 1
-    * read *tmp20 :previousLine :c
+   79 op add :c 1 1
+   80 read *tmp20 :previousLine 2
    81 print *tmp20
-    * jump *label124 greaterThanEq :c 3
+   82 jump *label124 greaterThanEq 2 3
    83 print " "
    84 label *label124
    85 label *label125
    86 label *label126
-    * op add :c :c 1
-    * read *tmp20 :previousLine :c
+   87 op add :c 2 1
+   88 read *tmp20 :previousLine 3
    89 print *tmp20
-    * jump *label127 greaterThanEq :c 3
+   90 jump *label127 greaterThanEq 3 3
    91 print " "
    92 label *label127
    93 label *label128
    94 label *label129
-    * op add :c :c 1
+   95 op add :c 3 1
    96 label *label36
    97 print "\n"
    98 label *label37

Modifications by Iterated phase, Data Flow Optimization, pass 4, iteration 2 (-5 instructions):
 
    59 jump *label28 lessThanEq :j 3
    60 label *label30
    61 write 1 :previousLine 3
-    * set :c 0
    62 label *label117
    63 read *tmp20 :previousLine 0
    64 print *tmp20
 
    67 label *label118
    68 label *label119
    69 label *label120
-    * op add :c 0 1
    70 read *tmp20 :previousLine 1
    71 print *tmp20
    72 jump *label121 greaterThanEq 1 3
 
    74 label *label121
    75 label *label122
    76 label *label123
-    * op add :c 1 1
    77 read *tmp20 :previousLine 2
    78 print *tmp20
    79 jump *label124 greaterThanEq 2 3
 
    81 label *label124
    82 label *label125
    83 label *label126
-    * op add :c 2 1
    84 read *tmp20 :previousLine 3
    85 print *tmp20
    86 jump *label127 greaterThanEq 3 3
 
    88 label *label127
    89 label *label128
    90 label *label129
-    * op add :c 3 1
    91 label *label36
    92 print "\n"
    93 label *label37

Modifications by Unroll loop at line 28:9 (+11 instructions):
 
    46 print "\n"
    47 label *label26
    48 write 1 :previousLine 0
-    * set :j 1
-    * label *label27
-    * label *label28
-    * op sub *tmp7 :j 1
-    * read *tmp12 :currentLine *tmp7
-    * read *tmp13 :currentLine :j
-    * op add *tmp11 *tmp12 *tmp13
-    * write *tmp11 :previousLine :j
-    * label *label29
-    * op add :j :j 1
-    * jump *label28 lessThanEq :j 3
-    * label *label30
+   49 set :j 1
+   50 label *label130
+   51 op sub *tmp7 :j 1
+   52 read *tmp12 :currentLine *tmp7
+   53 read *tmp13 :currentLine :j
+   54 op add *tmp11 *tmp12 *tmp13
+   55 write *tmp11 :previousLine :j
+   56 label *label131
+   57 op add :j :j 1
+   58 op sub *tmp7 :j 1
+   59 read *tmp12 :currentLine *tmp7
+   60 read *tmp13 :currentLine :j
+   61 op add *tmp11 *tmp12 *tmp13
+   62 write *tmp11 :previousLine :j
+   63 label *label132
+   64 op add :j :j 1
+   65 op sub *tmp7 :j 1
+   66 read *tmp12 :currentLine *tmp7
+   67 read *tmp13 :currentLine :j
+   68 op add *tmp11 *tmp12 *tmp13
+   69 write *tmp11 :previousLine :j
+   70 label *label133
+   71 op add :j :j 1
+   72 label *label30
    73 write 1 :previousLine 3
    74 label *label117
    75 read *tmp20 :previousLine 0

Modifications by Iterated phase, Data Flow Optimization, pass 4, iteration 1:
 
    48 write 1 :previousLine 0
    49 set :j 1
    50 label *label130
-    * op sub *tmp7 :j 1
-    * read *tmp12 :currentLine *tmp7
-    * read *tmp13 :currentLine :j
+   51 op sub *tmp7 1 1
+   52 read *tmp12 :currentLine 0
+   53 read *tmp13 :currentLine 1
    54 op add *tmp11 *tmp12 *tmp13
-    * write *tmp11 :previousLine :j
+   55 write *tmp11 :previousLine 1
    56 label *label131
-    * op add :j :j 1
-    * op sub *tmp7 :j 1
-    * read *tmp12 :currentLine *tmp7
-    * read *tmp13 :currentLine :j
+   57 op add :j 1 1
+   58 op sub *tmp7 2 1
+   59 read *tmp12 :currentLine 1
+   60 read *tmp13 :currentLine 2
    61 op add *tmp11 *tmp12 *tmp13
-    * write *tmp11 :previousLine :j
+   62 write *tmp11 :previousLine 2
    63 label *label132
-    * op add :j :j 1
-    * op sub *tmp7 :j 1
-    * read *tmp12 :currentLine *tmp7
-    * read *tmp13 :currentLine :j
+   64 op add :j 2 1
+   65 op sub *tmp7 3 1
+   66 read *tmp12 :currentLine 2
+   67 read *tmp13 :currentLine 3
    68 op add *tmp11 *tmp12 *tmp13
-    * write *tmp11 :previousLine :j
+   69 write *tmp11 :previousLine 3
    70 label *label133
-    * op add :j :j 1
+   71 op add :j 3 1
    72 label *label30
    73 write 1 :previousLine 3
    74 label *label117

Modifications by Iterated phase, Data Flow Optimization, pass 4, iteration 2 (-7 instructions):
 
    46 print "\n"
    47 label *label26
    48 write 1 :previousLine 0
-    * set :j 1
    49 label *label130
-    * op sub *tmp7 1 1
    50 read *tmp12 :currentLine 0
    51 read *tmp13 :currentLine 1
    52 op add *tmp11 *tmp12 *tmp13
    53 write *tmp11 :previousLine 1
    54 label *label131
-    * op add :j 1 1
-    * op sub *tmp7 2 1
    55 read *tmp12 :currentLine 1
    56 read *tmp13 :currentLine 2
    57 op add *tmp11 *tmp12 *tmp13
    58 write *tmp11 :previousLine 2
    59 label *label132
-    * op add :j 2 1
-    * op sub *tmp7 3 1
    60 read *tmp12 :currentLine 2
    61 read *tmp13 :currentLine 3
    62 op add *tmp11 *tmp12 *tmp13
    63 write *tmp11 :previousLine 3
    64 label *label133
-    * op add :j 3 1
    65 label *label30
    66 write 1 :previousLine 3
    67 label *label117

Modifications by Unroll loop at line 34:9 (+19 instructions):
 
   110 jump *label39 lessThanEq :j 4
   111 label *label41
   112 write 1 :currentLine 4
-    * set :c 0
-    * label *label42
-    * label *label43
-    * read *tmp20 :currentLine :c
-    * print *tmp20
-    * jump *label44 greaterThanEq :c 4
-    * print " "
-    * label *label44
-    * label *label45
-    * label *label46
-    * op add :c :c 1
-    * jump *label43 lessThan :c 5
-    * label *label47
+  113 set :c 0
+  114 label *label134
+  115 read *tmp20 :currentLine :c
+  116 print *tmp20
+  117 jump *label135 greaterThanEq :c 4
+  118 print " "
+  119 label *label135
+  120 label *label136
+  121 label *label137
+  122 op add :c :c 1
+  123 read *tmp20 :currentLine :c
+  124 print *tmp20
+  125 jump *label138 greaterThanEq :c 4
+  126 print " "
+  127 label *label138
+  128 label *label139
+  129 label *label140
+  130 op add :c :c 1
+  131 read *tmp20 :currentLine :c
+  132 print *tmp20
+  133 jump *label141 greaterThanEq :c 4
+  134 print " "
+  135 label *label141
+  136 label *label142
+  137 label *label143
+  138 op add :c :c 1
+  139 read *tmp20 :currentLine :c
+  140 print *tmp20
+  141 jump *label144 greaterThanEq :c 4
+  142 print " "
+  143 label *label144
+  144 label *label145
+  145 label *label146
+  146 op add :c :c 1
+  147 read *tmp20 :currentLine :c
+  148 print *tmp20
+  149 jump *label147 greaterThanEq :c 4
+  150 print " "
+  151 label *label147
+  152 label *label148
+  153 label *label149
+  154 op add :c :c 1
+  155 label *label47
   156 print "\n"
   157 label *label48
   158 write 1 :previousLine 0

Modifications by Iterated phase, Data Flow Optimization, pass 4, iteration 1:
 
   112 write 1 :currentLine 4
   113 set :c 0
   114 label *label134
-    * read *tmp20 :currentLine :c
+  115 read *tmp20 :currentLine 0
   116 print *tmp20
-    * jump *label135 greaterThanEq :c 4
+  117 jump *label135 greaterThanEq 0 4
   118 print " "
   119 label *label135
   120 label *label136
   121 label *label137
-    * op add :c :c 1
-    * read *tmp20 :currentLine :c
+  122 op add :c 0 1
+  123 read *tmp20 :currentLine 1
   124 print *tmp20
-    * jump *label138 greaterThanEq :c 4
+  125 jump *label138 greaterThanEq 1 4
   126 print " "
   127 label *label138
   128 label *label139
   129 label *label140
-    * op add :c :c 1
-    * read *tmp20 :currentLine :c
+  130 op add :c 1 1
+  131 read *tmp20 :currentLine 2
   132 print *tmp20
-    * jump *label141 greaterThanEq :c 4
+  133 jump *label141 greaterThanEq 2 4
   134 print " "
   135 label *label141
   136 label *label142
   137 label *label143
-    * op add :c :c 1
-    * read *tmp20 :currentLine :c
+  138 op add :c 2 1
+  139 read *tmp20 :currentLine 3
   140 print *tmp20
-    * jump *label144 greaterThanEq :c 4
+  141 jump *label144 greaterThanEq 3 4
   142 print " "
   143 label *label144
   144 label *label145
   145 label *label146
-    * op add :c :c 1
-    * read *tmp20 :currentLine :c
+  146 op add :c 3 1
+  147 read *tmp20 :currentLine 4
   148 print *tmp20
-    * jump *label147 greaterThanEq :c 4
+  149 jump *label147 greaterThanEq 4 4
   150 print " "
   151 label *label147
   152 label *label148
   153 label *label149
-    * op add :c :c 1
+  154 op add :c 4 1
   155 label *label47
   156 print "\n"
   157 label *label48

Modifications by Iterated phase, Data Flow Optimization, pass 4, iteration 2 (-6 instructions):
 
   110 jump *label39 lessThanEq :j 4
   111 label *label41
   112 write 1 :currentLine 4
-    * set :c 0
   113 label *label134
   114 read *tmp20 :currentLine 0
   115 print *tmp20
 
   118 label *label135
   119 label *label136
   120 label *label137
-    * op add :c 0 1
   121 read *tmp20 :currentLine 1
   122 print *tmp20
   123 jump *label138 greaterThanEq 1 4
 
   125 label *label138
   126 label *label139
   127 label *label140
-    * op add :c 1 1
   128 read *tmp20 :currentLine 2
   129 print *tmp20
   130 jump *label141 greaterThanEq 2 4
 
   132 label *label141
   133 label *label142
   134 label *label143
-    * op add :c 2 1
   135 read *tmp20 :currentLine 3
   136 print *tmp20
   137 jump *label144 greaterThanEq 3 4
 
   139 label *label144
   140 label *label145
   141 label *label146
-    * op add :c 3 1
   142 read *tmp20 :currentLine 4
   143 print *tmp20
   144 jump *label147 greaterThanEq 4 4
 
   146 label *label147
   147 label *label148
   148 label *label149
-    * op add :c 4 1
   149 label *label47
   150 print "\n"
   151 label *label48

Modifications by Unroll loop at line 34:9 (+24 instructions):
 
   163 jump *label50 lessThanEq :j 5
   164 label *label52
   165 write 1 :previousLine 5
-    * set :c 0
-    * label *label53
-    * label *label54
-    * read *tmp20 :previousLine :c
-    * print *tmp20
-    * jump *label55 greaterThanEq :c 5
-    * print " "
-    * label *label55
-    * label *label56
-    * label *label57
-    * op add :c :c 1
-    * jump *label54 lessThan :c 6
-    * label *label58
+  166 set :c 0
+  167 label *label150
+  168 read *tmp20 :previousLine :c
+  169 print *tmp20
+  170 jump *label151 greaterThanEq :c 5
+  171 print " "
+  172 label *label151
+  173 label *label152
+  174 label *label153
+  175 op add :c :c 1
+  176 read *tmp20 :previousLine :c
+  177 print *tmp20
+  178 jump *label154 greaterThanEq :c 5
+  179 print " "
+  180 label *label154
+  181 label *label155
+  182 label *label156
+  183 op add :c :c 1
+  184 read *tmp20 :previousLine :c
+  185 print *tmp20
+  186 jump *label157 greaterThanEq :c 5
+  187 print " "
+  188 label *label157
+  189 label *label158
+  190 label *label159
+  191 op add :c :c 1
+  192 read *tmp20 :previousLine :c
+  193 print *tmp20
+  194 jump *label160 greaterThanEq :c 5
+  195 print " "
+  196 label *label160
+  197 label *label161
+  198 label *label162
+  199 op add :c :c 1
+  200 read *tmp20 :previousLine :c
+  201 print *tmp20
+  202 jump *label163 greaterThanEq :c 5
+  203 print " "
+  204 label *label163
+  205 label *label164
+  206 label *label165
+  207 op add :c :c 1
+  208 read *tmp20 :previousLine :c
+  209 print *tmp20
+  210 jump *label166 greaterThanEq :c 5
+  211 print " "
+  212 label *label166
+  213 label *label167
+  214 label *label168
+  215 op add :c :c 1
+  216 label *label58
   217 print "\n"
   218 label *label59
   219 write 1 :currentLine 0

Modifications by Iterated phase, Data Flow Optimization, pass 4, iteration 1:
 
   165 write 1 :previousLine 5
   166 set :c 0
   167 label *label150
-    * read *tmp20 :previousLine :c
+  168 read *tmp20 :previousLine 0
   169 print *tmp20
-    * jump *label151 greaterThanEq :c 5
+  170 jump *label151 greaterThanEq 0 5
   171 print " "
   172 label *label151
   173 label *label152
   174 label *label153
-    * op add :c :c 1
-    * read *tmp20 :previousLine :c
+  175 op add :c 0 1
+  176 read *tmp20 :previousLine 1
   177 print *tmp20
-    * jump *label154 greaterThanEq :c 5
+  178 jump *label154 greaterThanEq 1 5
   179 print " "
   180 label *label154
   181 label *label155
   182 label *label156
-    * op add :c :c 1
-    * read *tmp20 :previousLine :c
+  183 op add :c 1 1
+  184 read *tmp20 :previousLine 2
   185 print *tmp20
-    * jump *label157 greaterThanEq :c 5
+  186 jump *label157 greaterThanEq 2 5
   187 print " "
   188 label *label157
   189 label *label158
   190 label *label159
-    * op add :c :c 1
-    * read *tmp20 :previousLine :c
+  191 op add :c 2 1
+  192 read *tmp20 :previousLine 3
   193 print *tmp20
-    * jump *label160 greaterThanEq :c 5
+  194 jump *label160 greaterThanEq 3 5
   195 print " "
   196 label *label160
   197 label *label161
   198 label *label162
-    * op add :c :c 1
-    * read *tmp20 :previousLine :c
+  199 op add :c 3 1
+  200 read *tmp20 :previousLine 4
   201 print *tmp20
-    * jump *label163 greaterThanEq :c 5
+  202 jump *label163 greaterThanEq 4 5
   203 print " "
   204 label *label163
   205 label *label164
   206 label *label165
-    * op add :c :c 1
-    * read *tmp20 :previousLine :c
+  207 op add :c 4 1
+  208 read *tmp20 :previousLine 5
   209 print *tmp20
-    * jump *label166 greaterThanEq :c 5
+  210 jump *label166 greaterThanEq 5 5
   211 print " "
   212 label *label166
   213 label *label167
   214 label *label168
-    * op add :c :c 1
+  215 op add :c 5 1
   216 label *label58
   217 print "\n"
   218 label *label59

Modifications by Iterated phase, Data Flow Optimization, pass 4, iteration 2 (-7 instructions):
 
   163 jump *label50 lessThanEq :j 5
   164 label *label52
   165 write 1 :previousLine 5
-    * set :c 0
   166 label *label150
   167 read *tmp20 :previousLine 0
   168 print *tmp20
 
   171 label *label151
   172 label *label152
   173 label *label153
-    * op add :c 0 1
   174 read *tmp20 :previousLine 1
   175 print *tmp20
   176 jump *label154 greaterThanEq 1 5
 
   178 label *label154
   179 label *label155
   180 label *label156
-    * op add :c 1 1
   181 read *tmp20 :previousLine 2
   182 print *tmp20
   183 jump *label157 greaterThanEq 2 5
 
   185 label *label157
   186 label *label158
   187 label *label159
-    * op add :c 2 1
   188 read *tmp20 :previousLine 3
   189 print *tmp20
   190 jump *label160 greaterThanEq 3 5
 
   192 label *label160
   193 label *label161
   194 label *label162
-    * op add :c 3 1
   195 read *tmp20 :previousLine 4
   196 print *tmp20
   197 jump *label163 greaterThanEq 4 5
 
   199 label *label163
   200 label *label164
   201 label *label165
-    * op add :c 4 1
   202 read *tmp20 :previousLine 5
   203 print *tmp20
   204 jump *label166 greaterThanEq 5 5
 
   206 label *label166
   207 label *label167
   208 label *label168
-    * op add :c 5 1
   209 label *label58
   210 print "\n"
   211 label *label59

Modifications by Unroll loop at line 34:9 (+29 instructions):
 
   223 jump *label61 lessThanEq :j 6
   224 label *label63
   225 write 1 :currentLine 6
-    * set :c 0
-    * label *label64
-    * label *label65
-    * read *tmp20 :currentLine :c
-    * print *tmp20
-    * jump *label66 greaterThanEq :c 6
-    * print " "
-    * label *label66
-    * label *label67
-    * label *label68
-    * op add :c :c 1
-    * jump *label65 lessThan :c 7
-    * label *label69
+  226 set :c 0
+  227 label *label169
+  228 read *tmp20 :currentLine :c
+  229 print *tmp20
+  230 jump *label170 greaterThanEq :c 6
+  231 print " "
+  232 label *label170
+  233 label *label171
+  234 label *label172
+  235 op add :c :c 1
+  236 read *tmp20 :currentLine :c
+  237 print *tmp20
+  238 jump *label173 greaterThanEq :c 6
+  239 print " "
+  240 label *label173
+  241 label *label174
+  242 label *label175
+  243 op add :c :c 1
+  244 read *tmp20 :currentLine :c
+  245 print *tmp20
+  246 jump *label176 greaterThanEq :c 6
+  247 print " "
+  248 label *label176
+  249 label *label177
+  250 label *label178
+  251 op add :c :c 1
+  252 read *tmp20 :currentLine :c
+  253 print *tmp20
+  254 jump *label179 greaterThanEq :c 6
+  255 print " "
+  256 label *label179
+  257 label *label180
+  258 label *label181
+  259 op add :c :c 1
+  260 read *tmp20 :currentLine :c
+  261 print *tmp20
+  262 jump *label182 greaterThanEq :c 6
+  263 print " "
+  264 label *label182
+  265 label *label183
+  266 label *label184
+  267 op add :c :c 1
+  268 read *tmp20 :currentLine :c
+  269 print *tmp20
+  270 jump *label185 greaterThanEq :c 6
+  271 print " "
+  272 label *label185
+  273 label *label186
+  274 label *label187
+  275 op add :c :c 1
+  276 read *tmp20 :currentLine :c
+  277 print *tmp20
+  278 jump *label188 greaterThanEq :c 6
+  279 print " "
+  280 label *label188
+  281 label *label189
+  282 label *label190
+  283 op add :c :c 1
+  284 label *label69
   285 print "\n"
   286 label *label70
   287 write 1 :previousLine 0

Modifications by Iterated phase, Data Flow Optimization, pass 4, iteration 1:
 
   225 write 1 :currentLine 6
   226 set :c 0
   227 label *label169
-    * read *tmp20 :currentLine :c
+  228 read *tmp20 :currentLine 0
   229 print *tmp20
-    * jump *label170 greaterThanEq :c 6
+  230 jump *label170 greaterThanEq 0 6
   231 print " "
   232 label *label170
   233 label *label171
   234 label *label172
-    * op add :c :c 1
-    * read *tmp20 :currentLine :c
+  235 op add :c 0 1
+  236 read *tmp20 :currentLine 1
   237 print *tmp20
-    * jump *label173 greaterThanEq :c 6
+  238 jump *label173 greaterThanEq 1 6
   239 print " "
   240 label *label173
   241 label *label174
   242 label *label175
-    * op add :c :c 1
-    * read *tmp20 :currentLine :c
+  243 op add :c 1 1
+  244 read *tmp20 :currentLine 2
   245 print *tmp20
-    * jump *label176 greaterThanEq :c 6
+  246 jump *label176 greaterThanEq 2 6
   247 print " "
   248 label *label176
   249 label *label177
   250 label *label178
-    * op add :c :c 1
-    * read *tmp20 :currentLine :c
+  251 op add :c 2 1
+  252 read *tmp20 :currentLine 3
   253 print *tmp20
-    * jump *label179 greaterThanEq :c 6
+  254 jump *label179 greaterThanEq 3 6
   255 print " "
   256 label *label179
   257 label *label180
   258 label *label181
-    * op add :c :c 1
-    * read *tmp20 :currentLine :c
+  259 op add :c 3 1
+  260 read *tmp20 :currentLine 4
   261 print *tmp20
-    * jump *label182 greaterThanEq :c 6
+  262 jump *label182 greaterThanEq 4 6
   263 print " "
   264 label *label182
   265 label *label183
   266 label *label184
-    * op add :c :c 1
-    * read *tmp20 :currentLine :c
+  267 op add :c 4 1
+  268 read *tmp20 :currentLine 5
   269 print *tmp20
-    * jump *label185 greaterThanEq :c 6
+  270 jump *label185 greaterThanEq 5 6
   271 print " "
   272 label *label185
   273 label *label186
   274 label *label187
-    * op add :c :c 1
-    * read *tmp20 :currentLine :c
+  275 op add :c 5 1
+  276 read *tmp20 :currentLine 6
   277 print *tmp20
-    * jump *label188 greaterThanEq :c 6
+  278 jump *label188 greaterThanEq 6 6
   279 print " "
   280 label *label188
   281 label *label189
   282 label *label190
-    * op add :c :c 1
+  283 op add :c 6 1
   284 label *label69
   285 print "\n"
   286 label *label70

Modifications by Iterated phase, Data Flow Optimization, pass 4, iteration 2 (-8 instructions):
 
   223 jump *label61 lessThanEq :j 6
   224 label *label63
   225 write 1 :currentLine 6
-    * set :c 0
   226 label *label169
   227 read *tmp20 :currentLine 0
   228 print *tmp20
 
   231 label *label170
   232 label *label171
   233 label *label172
-    * op add :c 0 1
   234 read *tmp20 :currentLine 1
   235 print *tmp20
   236 jump *label173 greaterThanEq 1 6
 
   238 label *label173
   239 label *label174
   240 label *label175
-    * op add :c 1 1
   241 read *tmp20 :currentLine 2
   242 print *tmp20
   243 jump *label176 greaterThanEq 2 6
 
   245 label *label176
   246 label *label177
   247 label *label178
-    * op add :c 2 1
   248 read *tmp20 :currentLine 3
   249 print *tmp20
   250 jump *label179 greaterThanEq 3 6
 
   252 label *label179
   253 label *label180
   254 label *label181
-    * op add :c 3 1
   255 read *tmp20 :currentLine 4
   256 print *tmp20
   257 jump *label182 greaterThanEq 4 6
 
   259 label *label182
   260 label *label183
   261 label *label184
-    * op add :c 4 1
   262 read *tmp20 :currentLine 5
   263 print *tmp20
   264 jump *label185 greaterThanEq 5 6
 
   266 label *label185
   267 label *label186
   268 label *label187
-    * op add :c 5 1
   269 read *tmp20 :currentLine 6
   270 print *tmp20
   271 jump *label188 greaterThanEq 6 6
 
   273 label *label188
   274 label *label189
   275 label *label190
-    * op add :c 6 1
   276 label *label69
   277 print "\n"
   278 label *label70

Modifications by Unroll loop at line 28:9 (+17 instructions):
 
    97 print "\n"
    98 label *label37
    99 write 1 :currentLine 0
-    * set :j 1
-    * label *label38
-    * label *label39
-    * op sub *tmp7 :j 1
-    * read *tmp12 :previousLine *tmp7
-    * read *tmp13 :previousLine :j
-    * op add *tmp11 *tmp12 *tmp13
-    * write *tmp11 :currentLine :j
-    * label *label40
-    * op add :j :j 1
-    * jump *label39 lessThanEq :j 4
-    * label *label41
+  100 set :j 1
+  101 label *label191
+  102 op sub *tmp7 :j 1
+  103 read *tmp12 :previousLine *tmp7
+  104 read *tmp13 :previousLine :j
+  105 op add *tmp11 *tmp12 *tmp13
+  106 write *tmp11 :currentLine :j
+  107 label *label192
+  108 op add :j :j 1
+  109 op sub *tmp7 :j 1
+  110 read *tmp12 :previousLine *tmp7
+  111 read *tmp13 :previousLine :j
+  112 op add *tmp11 *tmp12 *tmp13
+  113 write *tmp11 :currentLine :j
+  114 label *label193
+  115 op add :j :j 1
+  116 op sub *tmp7 :j 1
+  117 read *tmp12 :previousLine *tmp7
+  118 read *tmp13 :previousLine :j
+  119 op add *tmp11 *tmp12 *tmp13
+  120 write *tmp11 :currentLine :j
+  121 label *label194
+  122 op add :j :j 1
+  123 op sub *tmp7 :j 1
+  124 read *tmp12 :previousLine *tmp7
+  125 read *tmp13 :previousLine :j
+  126 op add *tmp11 *tmp12 *tmp13
+  127 write *tmp11 :currentLine :j
+  128 label *label195
+  129 op add :j :j 1
+  130 label *label41
   131 write 1 :currentLine 4
   132 label *label134
   133 read *tmp20 :currentLine 0

Modifications by Iterated phase, Data Flow Optimization, pass 4, iteration 1:
 
    99 write 1 :currentLine 0
   100 set :j 1
   101 label *label191
-    * op sub *tmp7 :j 1
-    * read *tmp12 :previousLine *tmp7
-    * read *tmp13 :previousLine :j
+  102 op sub *tmp7 1 1
+  103 read *tmp12 :previousLine 0
+  104 read *tmp13 :previousLine 1
   105 op add *tmp11 *tmp12 *tmp13
-    * write *tmp11 :currentLine :j
+  106 write *tmp11 :currentLine 1
   107 label *label192
-    * op add :j :j 1
-    * op sub *tmp7 :j 1
-    * read *tmp12 :previousLine *tmp7
-    * read *tmp13 :previousLine :j
+  108 op add :j 1 1
+  109 op sub *tmp7 2 1
+  110 read *tmp12 :previousLine 1
+  111 read *tmp13 :previousLine 2
   112 op add *tmp11 *tmp12 *tmp13
-    * write *tmp11 :currentLine :j
+  113 write *tmp11 :currentLine 2
   114 label *label193
-    * op add :j :j 1
-    * op sub *tmp7 :j 1
-    * read *tmp12 :previousLine *tmp7
-    * read *tmp13 :previousLine :j
+  115 op add :j 2 1
+  116 op sub *tmp7 3 1
+  117 read *tmp12 :previousLine 2
+  118 read *tmp13 :previousLine 3
   119 op add *tmp11 *tmp12 *tmp13
-    * write *tmp11 :currentLine :j
+  120 write *tmp11 :currentLine 3
   121 label *label194
-    * op add :j :j 1
-    * op sub *tmp7 :j 1
-    * read *tmp12 :previousLine *tmp7
-    * read *tmp13 :previousLine :j
+  122 op add :j 3 1
+  123 op sub *tmp7 4 1
+  124 read *tmp12 :previousLine 3
+  125 read *tmp13 :previousLine 4
   126 op add *tmp11 *tmp12 *tmp13
-    * write *tmp11 :currentLine :j
+  127 write *tmp11 :currentLine 4
   128 label *label195
-    * op add :j :j 1
+  129 op add :j 4 1
   130 label *label41
   131 write 1 :currentLine 4
   132 label *label134

Modifications by Iterated phase, Data Flow Optimization, pass 4, iteration 2 (-9 instructions):
 
    97 print "\n"
    98 label *label37
    99 write 1 :currentLine 0
-    * set :j 1
   100 label *label191
-    * op sub *tmp7 1 1
   101 read *tmp12 :previousLine 0
   102 read *tmp13 :previousLine 1
   103 op add *tmp11 *tmp12 *tmp13
   104 write *tmp11 :currentLine 1
   105 label *label192
-    * op add :j 1 1
-    * op sub *tmp7 2 1
   106 read *tmp12 :previousLine 1
   107 read *tmp13 :previousLine 2
   108 op add *tmp11 *tmp12 *tmp13
   109 write *tmp11 :currentLine 2
   110 label *label193
-    * op add :j 2 1
-    * op sub *tmp7 3 1
   111 read *tmp12 :previousLine 2
   112 read *tmp13 :previousLine 3
   113 op add *tmp11 *tmp12 *tmp13
   114 write *tmp11 :currentLine 3
   115 label *label194
-    * op add :j 3 1
-    * op sub *tmp7 4 1
   116 read *tmp12 :previousLine 3
   117 read *tmp13 :previousLine 4
   118 op add *tmp11 *tmp12 *tmp13
   119 write *tmp11 :currentLine 4
   120 label *label195
-    * op add :j 4 1
   121 label *label41
   122 write 1 :currentLine 4
   123 label *label134

Modifications by Unroll loop at line 34:9 (+34 instructions):
 
   300 jump *label72 lessThanEq :j 7
   301 label *label74
   302 write 1 :previousLine 7
-    * set :c 0
-    * label *label75
-    * label *label76
-    * read *tmp20 :previousLine :c
-    * print *tmp20
-    * jump *label77 greaterThanEq :c 7
-    * print " "
-    * label *label77
-    * label *label78
-    * label *label79
-    * op add :c :c 1
-    * jump *label76 lessThan :c 8
-    * label *label80
+  303 set :c 0
+  304 label *label196
+  305 read *tmp20 :previousLine :c
+  306 print *tmp20
+  307 jump *label197 greaterThanEq :c 7
+  308 print " "
+  309 label *label197
+  310 label *label198
+  311 label *label199
+  312 op add :c :c 1
+  313 read *tmp20 :previousLine :c
+  314 print *tmp20
+  315 jump *label200 greaterThanEq :c 7
+  316 print " "
+  317 label *label200
+  318 label *label201
+  319 label *label202
+  320 op add :c :c 1
+  321 read *tmp20 :previousLine :c
+  322 print *tmp20
+  323 jump *label203 greaterThanEq :c 7
+  324 print " "
+  325 label *label203
+  326 label *label204
+  327 label *label205
+  328 op add :c :c 1
+  329 read *tmp20 :previousLine :c
+  330 print *tmp20
+  331 jump *label206 greaterThanEq :c 7
+  332 print " "
+  333 label *label206
+  334 label *label207
+  335 label *label208
+  336 op add :c :c 1
+  337 read *tmp20 :previousLine :c
+  338 print *tmp20
+  339 jump *label209 greaterThanEq :c 7
+  340 print " "
+  341 label *label209
+  342 label *label210
+  343 label *label211
+  344 op add :c :c 1
+  345 read *tmp20 :previousLine :c
+  346 print *tmp20
+  347 jump *label212 greaterThanEq :c 7
+  348 print " "
+  349 label *label212
+  350 label *label213
+  351 label *label214
+  352 op add :c :c 1
+  353 read *tmp20 :previousLine :c
+  354 print *tmp20
+  355 jump *label215 greaterThanEq :c 7
+  356 print " "
+  357 label *label215
+  358 label *label216
+  359 label *label217
+  360 op add :c :c 1
+  361 read *tmp20 :previousLine :c
+  362 print *tmp20
+  363 jump *label218 greaterThanEq :c 7
+  364 print " "
+  365 label *label218
+  366 label *label219
+  367 label *label220
+  368 op add :c :c 1
+  369 label *label80
   370 print "\n"
   371 label *label81
   372 write 1 :currentLine 0

Modifications by Iterated phase, Data Flow Optimization, pass 4, iteration 1:
 
   302 write 1 :previousLine 7
   303 set :c 0
   304 label *label196
-    * read *tmp20 :previousLine :c
+  305 read *tmp20 :previousLine 0
   306 print *tmp20
-    * jump *label197 greaterThanEq :c 7
+  307 jump *label197 greaterThanEq 0 7
   308 print " "
   309 label *label197
   310 label *label198
   311 label *label199
-    * op add :c :c 1
-    * read *tmp20 :previousLine :c
+  312 op add :c 0 1
+  313 read *tmp20 :previousLine 1
   314 print *tmp20
-    * jump *label200 greaterThanEq :c 7
+  315 jump *label200 greaterThanEq 1 7
   316 print " "
   317 label *label200
   318 label *label201
   319 label *label202
-    * op add :c :c 1
-    * read *tmp20 :previousLine :c
+  320 op add :c 1 1
+  321 read *tmp20 :previousLine 2
   322 print *tmp20
-    * jump *label203 greaterThanEq :c 7
+  323 jump *label203 greaterThanEq 2 7
   324 print " "
   325 label *label203
   326 label *label204
   327 label *label205
-    * op add :c :c 1
-    * read *tmp20 :previousLine :c
+  328 op add :c 2 1
+  329 read *tmp20 :previousLine 3
   330 print *tmp20
-    * jump *label206 greaterThanEq :c 7
+  331 jump *label206 greaterThanEq 3 7
   332 print " "
   333 label *label206
   334 label *label207
   335 label *label208
-    * op add :c :c 1
-    * read *tmp20 :previousLine :c
+  336 op add :c 3 1
+  337 read *tmp20 :previousLine 4
   338 print *tmp20
-    * jump *label209 greaterThanEq :c 7
+  339 jump *label209 greaterThanEq 4 7
   340 print " "
   341 label *label209
   342 label *label210
   343 label *label211
-    * op add :c :c 1
-    * read *tmp20 :previousLine :c
+  344 op add :c 4 1
+  345 read *tmp20 :previousLine 5
   346 print *tmp20
-    * jump *label212 greaterThanEq :c 7
+  347 jump *label212 greaterThanEq 5 7
   348 print " "
   349 label *label212
   350 label *label213
   351 label *label214
-    * op add :c :c 1
-    * read *tmp20 :previousLine :c
+  352 op add :c 5 1
+  353 read *tmp20 :previousLine 6
   354 print *tmp20
-    * jump *label215 greaterThanEq :c 7
+  355 jump *label215 greaterThanEq 6 7
   356 print " "
   357 label *label215
   358 label *label216
   359 label *label217
-    * op add :c :c 1
-    * read *tmp20 :previousLine :c
+  360 op add :c 6 1
+  361 read *tmp20 :previousLine 7
   362 print *tmp20
-    * jump *label218 greaterThanEq :c 7
+  363 jump *label218 greaterThanEq 7 7
   364 print " "
   365 label *label218
   366 label *label219
   367 label *label220
-    * op add :c :c 1
+  368 op add :c 7 1
   369 label *label80
   370 print "\n"
   371 label *label81

Modifications by Iterated phase, Data Flow Optimization, pass 4, iteration 2 (-9 instructions):
 
   300 jump *label72 lessThanEq :j 7
   301 label *label74
   302 write 1 :previousLine 7
-    * set :c 0
   303 label *label196
   304 read *tmp20 :previousLine 0
   305 print *tmp20
 
   308 label *label197
   309 label *label198
   310 label *label199
-    * op add :c 0 1
   311 read *tmp20 :previousLine 1
   312 print *tmp20
   313 jump *label200 greaterThanEq 1 7
 
   315 label *label200
   316 label *label201
   317 label *label202
-    * op add :c 1 1
   318 read *tmp20 :previousLine 2
   319 print *tmp20
   320 jump *label203 greaterThanEq 2 7
 
   322 label *label203
   323 label *label204
   324 label *label205
-    * op add :c 2 1
   325 read *tmp20 :previousLine 3
   326 print *tmp20
   327 jump *label206 greaterThanEq 3 7
 
   329 label *label206
   330 label *label207
   331 label *label208
-    * op add :c 3 1
   332 read *tmp20 :previousLine 4
   333 print *tmp20
   334 jump *label209 greaterThanEq 4 7
 
   336 label *label209
   337 label *label210
   338 label *label211
-    * op add :c 4 1
   339 read *tmp20 :previousLine 5
   340 print *tmp20
   341 jump *label212 greaterThanEq 5 7
 
   343 label *label212
   344 label *label213
   345 label *label214
-    * op add :c 5 1
   346 read *tmp20 :previousLine 6
   347 print *tmp20
   348 jump *label215 greaterThanEq 6 7
 
   350 label *label215
   351 label *label216
   352 label *label217
-    * op add :c 6 1
   353 read *tmp20 :previousLine 7
   354 print *tmp20
   355 jump *label218 greaterThanEq 7 7
 
   357 label *label218
   358 label *label219
   359 label *label220
-    * op add :c 7 1
   360 label *label80
   361 print "\n"
   362 label *label81

Modifications by Unroll loop at line 34:9 (+39 instructions):
 
   374 jump *label83 lessThanEq :j 8
   375 label *label85
   376 write 1 :currentLine 8
-    * set :c 0
-    * label *label86
-    * label *label87
-    * read *tmp20 :currentLine :c
-    * print *tmp20
-    * jump *label88 greaterThanEq :c 8
-    * print " "
-    * label *label88
-    * label *label89
-    * label *label90
-    * op add :c :c 1
-    * jump *label87 lessThan :c 9
-    * label *label91
+  377 set :c 0
+  378 label *label221
+  379 read *tmp20 :currentLine :c
+  380 print *tmp20
+  381 jump *label222 greaterThanEq :c 8
+  382 print " "
+  383 label *label222
+  384 label *label223
+  385 label *label224
+  386 op add :c :c 1
+  387 read *tmp20 :currentLine :c
+  388 print *tmp20
+  389 jump *label225 greaterThanEq :c 8
+  390 print " "
+  391 label *label225
+  392 label *label226
+  393 label *label227
+  394 op add :c :c 1
+  395 read *tmp20 :currentLine :c
+  396 print *tmp20
+  397 jump *label228 greaterThanEq :c 8
+  398 print " "
+  399 label *label228
+  400 label *label229
+  401 label *label230
+  402 op add :c :c 1
+  403 read *tmp20 :currentLine :c
+  404 print *tmp20
+  405 jump *label231 greaterThanEq :c 8
+  406 print " "
+  407 label *label231
+  408 label *label232
+  409 label *label233
+  410 op add :c :c 1
+  411 read *tmp20 :currentLine :c
+  412 print *tmp20
+  413 jump *label234 greaterThanEq :c 8
+  414 print " "
+  415 label *label234
+  416 label *label235
+  417 label *label236
+  418 op add :c :c 1
+  419 read *tmp20 :currentLine :c
+  420 print *tmp20
+  421 jump *label237 greaterThanEq :c 8
+  422 print " "
+  423 label *label237
+  424 label *label238
+  425 label *label239
+  426 op add :c :c 1
+  427 read *tmp20 :currentLine :c
+  428 print *tmp20
+  429 jump *label240 greaterThanEq :c 8
+  430 print " "
+  431 label *label240
+  432 label *label241
+  433 label *label242
+  434 op add :c :c 1
+  435 read *tmp20 :currentLine :c
+  436 print *tmp20
+  437 jump *label243 greaterThanEq :c 8
+  438 print " "
+  439 label *label243
+  440 label *label244
+  441 label *label245
+  442 op add :c :c 1
+  443 read *tmp20 :currentLine :c
+  444 print *tmp20
+  445 jump *label246 greaterThanEq :c 8
+  446 print " "
+  447 label *label246
+  448 label *label247
+  449 label *label248
+  450 op add :c :c 1
+  451 label *label91
   452 print "\n"
   453 label *label92
   454 write 1 :previousLine 0

Modifications by Iterated phase, Data Flow Optimization, pass 4, iteration 1:
 
   376 write 1 :currentLine 8
   377 set :c 0
   378 label *label221
-    * read *tmp20 :currentLine :c
+  379 read *tmp20 :currentLine 0
   380 print *tmp20
-    * jump *label222 greaterThanEq :c 8
+  381 jump *label222 greaterThanEq 0 8
   382 print " "
   383 label *label222
   384 label *label223
   385 label *label224
-    * op add :c :c 1
-    * read *tmp20 :currentLine :c
+  386 op add :c 0 1
+  387 read *tmp20 :currentLine 1
   388 print *tmp20
-    * jump *label225 greaterThanEq :c 8
+  389 jump *label225 greaterThanEq 1 8
   390 print " "
   391 label *label225
   392 label *label226
   393 label *label227
-    * op add :c :c 1
-    * read *tmp20 :currentLine :c
+  394 op add :c 1 1
+  395 read *tmp20 :currentLine 2
   396 print *tmp20
-    * jump *label228 greaterThanEq :c 8
+  397 jump *label228 greaterThanEq 2 8
   398 print " "
   399 label *label228
   400 label *label229
   401 label *label230
-    * op add :c :c 1
-    * read *tmp20 :currentLine :c
+  402 op add :c 2 1
+  403 read *tmp20 :currentLine 3
   404 print *tmp20
-    * jump *label231 greaterThanEq :c 8
+  405 jump *label231 greaterThanEq 3 8
   406 print " "
   407 label *label231
   408 label *label232
   409 label *label233
-    * op add :c :c 1
-    * read *tmp20 :currentLine :c
+  410 op add :c 3 1
+  411 read *tmp20 :currentLine 4
   412 print *tmp20
-    * jump *label234 greaterThanEq :c 8
+  413 jump *label234 greaterThanEq 4 8
   414 print " "
   415 label *label234
   416 label *label235
   417 label *label236
-    * op add :c :c 1
-    * read *tmp20 :currentLine :c
+  418 op add :c 4 1
+  419 read *tmp20 :currentLine 5
   420 print *tmp20
-    * jump *label237 greaterThanEq :c 8
+  421 jump *label237 greaterThanEq 5 8
   422 print " "
   423 label *label237
   424 label *label238
   425 label *label239
-    * op add :c :c 1
-    * read *tmp20 :currentLine :c
+  426 op add :c 5 1
+  427 read *tmp20 :currentLine 6
   428 print *tmp20
-    * jump *label240 greaterThanEq :c 8
+  429 jump *label240 greaterThanEq 6 8
   430 print " "
   431 label *label240
   432 label *label241
   433 label *label242
-    * op add :c :c 1
-    * read *tmp20 :currentLine :c
+  434 op add :c 6 1
+  435 read *tmp20 :currentLine 7
   436 print *tmp20
-    * jump *label243 greaterThanEq :c 8
+  437 jump *label243 greaterThanEq 7 8
   438 print " "
   439 label *label243
   440 label *label244
   441 label *label245
-    * op add :c :c 1
-    * read *tmp20 :currentLine :c
+  442 op add :c 7 1
+  443 read *tmp20 :currentLine 8
   444 print *tmp20
-    * jump *label246 greaterThanEq :c 8
+  445 jump *label246 greaterThanEq 8 8
   446 print " "
   447 label *label246
   448 label *label247
   449 label *label248
-    * op add :c :c 1
+  450 op add :c 8 1
   451 label *label91
   452 print "\n"
   453 label *label92

Modifications by Iterated phase, Data Flow Optimization, pass 4, iteration 2 (-10 instructions):
 
   374 jump *label83 lessThanEq :j 8
   375 label *label85
   376 write 1 :currentLine 8
-    * set :c 0
   377 label *label221
   378 read *tmp20 :currentLine 0
   379 print *tmp20
 
   382 label *label222
   383 label *label223
   384 label *label224
-    * op add :c 0 1
   385 read *tmp20 :currentLine 1
   386 print *tmp20
   387 jump *label225 greaterThanEq 1 8
 
   389 label *label225
   390 label *label226
   391 label *label227
-    * op add :c 1 1
   392 read *tmp20 :currentLine 2
   393 print *tmp20
   394 jump *label228 greaterThanEq 2 8
 
   396 label *label228
   397 label *label229
   398 label *label230
-    * op add :c 2 1
   399 read *tmp20 :currentLine 3
   400 print *tmp20
   401 jump *label231 greaterThanEq 3 8
 
   403 label *label231
   404 label *label232
   405 label *label233
-    * op add :c 3 1
   406 read *tmp20 :currentLine 4
   407 print *tmp20
   408 jump *label234 greaterThanEq 4 8
 
   410 label *label234
   411 label *label235
   412 label *label236
-    * op add :c 4 1
   413 read *tmp20 :currentLine 5
   414 print *tmp20
   415 jump *label237 greaterThanEq 5 8
 
   417 label *label237
   418 label *label238
   419 label *label239
-    * op add :c 5 1
   420 read *tmp20 :currentLine 6
   421 print *tmp20
   422 jump *label240 greaterThanEq 6 8
 
   424 label *label240
   425 label *label241
   426 label *label242
-    * op add :c 6 1
   427 read *tmp20 :currentLine 7
   428 print *tmp20
   429 jump *label243 greaterThanEq 7 8
 
   431 label *label243
   432 label *label244
   433 label *label245
-    * op add :c 7 1
   434 read *tmp20 :currentLine 8
   435 print *tmp20
   436 jump *label246 greaterThanEq 8 8
 
   438 label *label246
   439 label *label247
   440 label *label248
-    * op add :c 8 1
   441 label *label91
   442 print "\n"
   443 label *label92

Modifications by Unroll loop at line 34:9 (+44 instructions):
 
   455 jump *label94 lessThanEq :j 9
   456 label *label96
   457 write 1 :previousLine 9
-    * set :c 0
-    * label *label97
-    * label *label98
-    * read *tmp20 :previousLine :c
-    * print *tmp20
-    * jump *label99 greaterThanEq :c 9
-    * print " "
-    * label *label99
-    * label *label100
-    * label *label101
-    * op add :c :c 1
-    * jump *label98 lessThan :c 10
-    * label *label102
+  458 set :c 0
+  459 label *label249
+  460 read *tmp20 :previousLine :c
+  461 print *tmp20
+  462 jump *label250 greaterThanEq :c 9
+  463 print " "
+  464 label *label250
+  465 label *label251
+  466 label *label252
+  467 op add :c :c 1
+  468 read *tmp20 :previousLine :c
+  469 print *tmp20
+  470 jump *label253 greaterThanEq :c 9
+  471 print " "
+  472 label *label253
+  473 label *label254
+  474 label *label255
+  475 op add :c :c 1
+  476 read *tmp20 :previousLine :c
+  477 print *tmp20
+  478 jump *label256 greaterThanEq :c 9
+  479 print " "
+  480 label *label256
+  481 label *label257
+  482 label *label258
+  483 op add :c :c 1
+  484 read *tmp20 :previousLine :c
+  485 print *tmp20
+  486 jump *label259 greaterThanEq :c 9
+  487 print " "
+  488 label *label259
+  489 label *label260
+  490 label *label261
+  491 op add :c :c 1
+  492 read *tmp20 :previousLine :c
+  493 print *tmp20
+  494 jump *label262 greaterThanEq :c 9
+  495 print " "
+  496 label *label262
+  497 label *label263
+  498 label *label264
+  499 op add :c :c 1
+  500 read *tmp20 :previousLine :c
+  501 print *tmp20
+  502 jump *label265 greaterThanEq :c 9
+  503 print " "
+  504 label *label265
+  505 label *label266
+  506 label *label267
+  507 op add :c :c 1
+  508 read *tmp20 :previousLine :c
+  509 print *tmp20
+  510 jump *label268 greaterThanEq :c 9
+  511 print " "
+  512 label *label268
+  513 label *label269
+  514 label *label270
+  515 op add :c :c 1
+  516 read *tmp20 :previousLine :c
+  517 print *tmp20
+  518 jump *label271 greaterThanEq :c 9
+  519 print " "
+  520 label *label271
+  521 label *label272
+  522 label *label273
+  523 op add :c :c 1
+  524 read *tmp20 :previousLine :c
+  525 print *tmp20
+  526 jump *label274 greaterThanEq :c 9
+  527 print " "
+  528 label *label274
+  529 label *label275
+  530 label *label276
+  531 op add :c :c 1
+  532 read *tmp20 :previousLine :c
+  533 print *tmp20
+  534 jump *label277 greaterThanEq :c 9
+  535 print " "
+  536 label *label277
+  537 label *label278
+  538 label *label279
+  539 op add :c :c 1
+  540 label *label102
   541 print "\n"
   542 label *label103
   543 label *label3

Modifications by Iterated phase, Data Flow Optimization, pass 4, iteration 1:
 
   457 write 1 :previousLine 9
   458 set :c 0
   459 label *label249
-    * read *tmp20 :previousLine :c
+  460 read *tmp20 :previousLine 0
   461 print *tmp20
-    * jump *label250 greaterThanEq :c 9
+  462 jump *label250 greaterThanEq 0 9
   463 print " "
   464 label *label250
   465 label *label251
   466 label *label252
-    * op add :c :c 1
-    * read *tmp20 :previousLine :c
+  467 op add :c 0 1
+  468 read *tmp20 :previousLine 1
   469 print *tmp20
-    * jump *label253 greaterThanEq :c 9
+  470 jump *label253 greaterThanEq 1 9
   471 print " "
   472 label *label253
   473 label *label254
   474 label *label255
-    * op add :c :c 1
-    * read *tmp20 :previousLine :c
+  475 op add :c 1 1
+  476 read *tmp20 :previousLine 2
   477 print *tmp20
-    * jump *label256 greaterThanEq :c 9
+  478 jump *label256 greaterThanEq 2 9
   479 print " "
   480 label *label256
   481 label *label257
   482 label *label258
-    * op add :c :c 1
-    * read *tmp20 :previousLine :c
+  483 op add :c 2 1
+  484 read *tmp20 :previousLine 3
   485 print *tmp20
-    * jump *label259 greaterThanEq :c 9
+  486 jump *label259 greaterThanEq 3 9
   487 print " "
   488 label *label259
   489 label *label260
   490 label *label261
-    * op add :c :c 1
-    * read *tmp20 :previousLine :c
+  491 op add :c 3 1
+  492 read *tmp20 :previousLine 4
   493 print *tmp20
-    * jump *label262 greaterThanEq :c 9
+  494 jump *label262 greaterThanEq 4 9
   495 print " "
   496 label *label262
   497 label *label263
   498 label *label264
-    * op add :c :c 1
-    * read *tmp20 :previousLine :c
+  499 op add :c 4 1
+  500 read *tmp20 :previousLine 5
   501 print *tmp20
-    * jump *label265 greaterThanEq :c 9
+  502 jump *label265 greaterThanEq 5 9
   503 print " "
   504 label *label265
   505 label *label266
   506 label *label267
-    * op add :c :c 1
-    * read *tmp20 :previousLine :c
+  507 op add :c 5 1
+  508 read *tmp20 :previousLine 6
   509 print *tmp20
-    * jump *label268 greaterThanEq :c 9
+  510 jump *label268 greaterThanEq 6 9
   511 print " "
   512 label *label268
   513 label *label269
   514 label *label270
-    * op add :c :c 1
-    * read *tmp20 :previousLine :c
+  515 op add :c 6 1
+  516 read *tmp20 :previousLine 7
   517 print *tmp20
-    * jump *label271 greaterThanEq :c 9
+  518 jump *label271 greaterThanEq 7 9
   519 print " "
   520 label *label271
   521 label *label272
   522 label *label273
-    * op add :c :c 1
-    * read *tmp20 :previousLine :c
+  523 op add :c 7 1
+  524 read *tmp20 :previousLine 8
   525 print *tmp20
-    * jump *label274 greaterThanEq :c 9
+  526 jump *label274 greaterThanEq 8 9
   527 print " "
   528 label *label274
   529 label *label275
   530 label *label276
-    * op add :c :c 1
-    * read *tmp20 :previousLine :c
+  531 op add :c 8 1
+  532 read *tmp20 :previousLine 9
   533 print *tmp20
-    * jump *label277 greaterThanEq :c 9
+  534 jump *label277 greaterThanEq 9 9
   535 print " "
   536 label *label277
   537 label *label278
   538 label *label279
-    * op add :c :c 1
+  539 op add :c 9 1
   540 label *label102
   541 print "\n"
   542 label *label103

Modifications by Iterated phase, Data Flow Optimization, pass 4, iteration 2 (-11 instructions):
 
   455 jump *label94 lessThanEq :j 9
   456 label *label96
   457 write 1 :previousLine 9
-    * set :c 0
   458 label *label249
   459 read *tmp20 :previousLine 0
   460 print *tmp20
 
   463 label *label250
   464 label *label251
   465 label *label252
-    * op add :c 0 1
   466 read *tmp20 :previousLine 1
   467 print *tmp20
   468 jump *label253 greaterThanEq 1 9
 
   470 label *label253
   471 label *label254
   472 label *label255
-    * op add :c 1 1
   473 read *tmp20 :previousLine 2
   474 print *tmp20
   475 jump *label256 greaterThanEq 2 9
 
   477 label *label256
   478 label *label257
   479 label *label258
-    * op add :c 2 1
   480 read *tmp20 :previousLine 3
   481 print *tmp20
   482 jump *label259 greaterThanEq 3 9
 
   484 label *label259
   485 label *label260
   486 label *label261
-    * op add :c 3 1
   487 read *tmp20 :previousLine 4
   488 print *tmp20
   489 jump *label262 greaterThanEq 4 9
 
   491 label *label262
   492 label *label263
   493 label *label264
-    * op add :c 4 1
   494 read *tmp20 :previousLine 5
   495 print *tmp20
   496 jump *label265 greaterThanEq 5 9
 
   498 label *label265
   499 label *label266
   500 label *label267
-    * op add :c 5 1
   501 read *tmp20 :previousLine 6
   502 print *tmp20
   503 jump *label268 greaterThanEq 6 9
 
   505 label *label268
   506 label *label269
   507 label *label270
-    * op add :c 6 1
   508 read *tmp20 :previousLine 7
   509 print *tmp20
   510 jump *label271 greaterThanEq 7 9
 
   512 label *label271
   513 label *label272
   514 label *label273
-    * op add :c 7 1
   515 read *tmp20 :previousLine 8
   516 print *tmp20
   517 jump *label274 greaterThanEq 8 9
 
   519 label *label274
   520 label *label275
   521 label *label276
-    * op add :c 8 1
   522 read *tmp20 :previousLine 9
   523 print *tmp20
   524 jump *label277 greaterThanEq 9 9
 
   526 label *label277
   527 label *label278
   528 label *label279
-    * op add :c 9 1
   529 label *label102
   530 print "\n"
   531 label *label103

Modifications by Unroll loop at line 28:9 (+23 instructions):
 
   160 print "\n"
   161 label *label48
   162 write 1 :previousLine 0
-    * set :j 1
-    * label *label49
-    * label *label50
-    * op sub *tmp7 :j 1
-    * read *tmp12 :currentLine *tmp7
-    * read *tmp13 :currentLine :j
-    * op add *tmp11 *tmp12 *tmp13
-    * write *tmp11 :previousLine :j
-    * label *label51
-    * op add :j :j 1
-    * jump *label50 lessThanEq :j 5
-    * label *label52
+  163 set :j 1
+  164 label *label280
+  165 op sub *tmp7 :j 1
+  166 read *tmp12 :currentLine *tmp7
+  167 read *tmp13 :currentLine :j
+  168 op add *tmp11 *tmp12 *tmp13
+  169 write *tmp11 :previousLine :j
+  170 label *label281
+  171 op add :j :j 1
+  172 op sub *tmp7 :j 1
+  173 read *tmp12 :currentLine *tmp7
+  174 read *tmp13 :currentLine :j
+  175 op add *tmp11 *tmp12 *tmp13
+  176 write *tmp11 :previousLine :j
+  177 label *label282
+  178 op add :j :j 1
+  179 op sub *tmp7 :j 1
+  180 read *tmp12 :currentLine *tmp7
+  181 read *tmp13 :currentLine :j
+  182 op add *tmp11 *tmp12 *tmp13
+  183 write *tmp11 :previousLine :j
+  184 label *label283
+  185 op add :j :j 1
+  186 op sub *tmp7 :j 1
+  187 read *tmp12 :currentLine *tmp7
+  188 read *tmp13 :currentLine :j
+  189 op add *tmp11 *tmp12 *tmp13
+  190 write *tmp11 :previousLine :j
+  191 label *label284
+  192 op add :j :j 1
+  193 op sub *tmp7 :j 1
+  194 read *tmp12 :currentLine *tmp7
+  195 read *tmp13 :currentLine :j
+  196 op add *tmp11 *tmp12 *tmp13
+  197 write *tmp11 :previousLine :j
+  198 label *label285
+  199 op add :j :j 1
+  200 label *label52
   201 write 1 :previousLine 5
   202 label *label150
   203 read *tmp20 :previousLine 0

Modifications by Iterated phase, Data Flow Optimization, pass 4, iteration 1:
 
   162 write 1 :previousLine 0
   163 set :j 1
   164 label *label280
-    * op sub *tmp7 :j 1
-    * read *tmp12 :currentLine *tmp7
-    * read *tmp13 :currentLine :j
+  165 op sub *tmp7 1 1
+  166 read *tmp12 :currentLine 0
+  167 read *tmp13 :currentLine 1
   168 op add *tmp11 *tmp12 *tmp13
-    * write *tmp11 :previousLine :j
+  169 write *tmp11 :previousLine 1
   170 label *label281
-    * op add :j :j 1
-    * op sub *tmp7 :j 1
-    * read *tmp12 :currentLine *tmp7
-    * read *tmp13 :currentLine :j
+  171 op add :j 1 1
+  172 op sub *tmp7 2 1
+  173 read *tmp12 :currentLine 1
+  174 read *tmp13 :currentLine 2
   175 op add *tmp11 *tmp12 *tmp13
-    * write *tmp11 :previousLine :j
+  176 write *tmp11 :previousLine 2
   177 label *label282
-    * op add :j :j 1
-    * op sub *tmp7 :j 1
-    * read *tmp12 :currentLine *tmp7
-    * read *tmp13 :currentLine :j
+  178 op add :j 2 1
+  179 op sub *tmp7 3 1
+  180 read *tmp12 :currentLine 2
+  181 read *tmp13 :currentLine 3
   182 op add *tmp11 *tmp12 *tmp13
-    * write *tmp11 :previousLine :j
+  183 write *tmp11 :previousLine 3
   184 label *label283
-    * op add :j :j 1
-    * op sub *tmp7 :j 1
-    * read *tmp12 :currentLine *tmp7
-    * read *tmp13 :currentLine :j
+  185 op add :j 3 1
+  186 op sub *tmp7 4 1
+  187 read *tmp12 :currentLine 3
+  188 read *tmp13 :currentLine 4
   189 op add *tmp11 *tmp12 *tmp13
-    * write *tmp11 :previousLine :j
+  190 write *tmp11 :previousLine 4
   191 label *label284
-    * op add :j :j 1
-    * op sub *tmp7 :j 1
-    * read *tmp12 :currentLine *tmp7
-    * read *tmp13 :currentLine :j
+  192 op add :j 4 1
+  193 op sub *tmp7 5 1
+  194 read *tmp12 :currentLine 4
+  195 read *tmp13 :currentLine 5
   196 op add *tmp11 *tmp12 *tmp13
-    * write *tmp11 :previousLine :j
+  197 write *tmp11 :previousLine 5
   198 label *label285
-    * op add :j :j 1
+  199 op add :j 5 1
   200 label *label52
   201 write 1 :previousLine 5
   202 label *label150

Modifications by Iterated phase, Data Flow Optimization, pass 4, iteration 2 (-11 instructions):
 
   160 print "\n"
   161 label *label48
   162 write 1 :previousLine 0
-    * set :j 1
   163 label *label280
-    * op sub *tmp7 1 1
   164 read *tmp12 :currentLine 0
   165 read *tmp13 :currentLine 1
   166 op add *tmp11 *tmp12 *tmp13
   167 write *tmp11 :previousLine 1
   168 label *label281
-    * op add :j 1 1
-    * op sub *tmp7 2 1
   169 read *tmp12 :currentLine 1
   170 read *tmp13 :currentLine 2
   171 op add *tmp11 *tmp12 *tmp13
   172 write *tmp11 :previousLine 2
   173 label *label282
-    * op add :j 2 1
-    * op sub *tmp7 3 1
   174 read *tmp12 :currentLine 2
   175 read *tmp13 :currentLine 3
   176 op add *tmp11 *tmp12 *tmp13
   177 write *tmp11 :previousLine 3
   178 label *label283
-    * op add :j 3 1
-    * op sub *tmp7 4 1
   179 read *tmp12 :currentLine 3
   180 read *tmp13 :currentLine 4
   181 op add *tmp11 *tmp12 *tmp13
   182 write *tmp11 :previousLine 4
   183 label *label284
-    * op add :j 4 1
-    * op sub *tmp7 5 1
   184 read *tmp12 :currentLine 4
   185 read *tmp13 :currentLine 5
   186 op add *tmp11 *tmp12 *tmp13
   187 write *tmp11 :previousLine 5
   188 label *label285
-    * op add :j 5 1
   189 label *label52
   190 write 1 :previousLine 5
   191 label *label150

Modifications by Unroll loop at line 28:9 (+29 instructions):
 
   235 print "\n"
   236 label *label59
   237 write 1 :currentLine 0
-    * set :j 1
-    * label *label60
-    * label *label61
-    * op sub *tmp7 :j 1
-    * read *tmp12 :previousLine *tmp7
-    * read *tmp13 :previousLine :j
-    * op add *tmp11 *tmp12 *tmp13
-    * write *tmp11 :currentLine :j
-    * label *label62
-    * op add :j :j 1
-    * jump *label61 lessThanEq :j 6
-    * label *label63
+  238 set :j 1
+  239 label *label286
+  240 op sub *tmp7 :j 1
+  241 read *tmp12 :previousLine *tmp7
+  242 read *tmp13 :previousLine :j
+  243 op add *tmp11 *tmp12 *tmp13
+  244 write *tmp11 :currentLine :j
+  245 label *label287
+  246 op add :j :j 1
+  247 op sub *tmp7 :j 1
+  248 read *tmp12 :previousLine *tmp7
+  249 read *tmp13 :previousLine :j
+  250 op add *tmp11 *tmp12 *tmp13
+  251 write *tmp11 :currentLine :j
+  252 label *label288
+  253 op add :j :j 1
+  254 op sub *tmp7 :j 1
+  255 read *tmp12 :previousLine *tmp7
+  256 read *tmp13 :previousLine :j
+  257 op add *tmp11 *tmp12 *tmp13
+  258 write *tmp11 :currentLine :j
+  259 label *label289
+  260 op add :j :j 1
+  261 op sub *tmp7 :j 1
+  262 read *tmp12 :previousLine *tmp7
+  263 read *tmp13 :previousLine :j
+  264 op add *tmp11 *tmp12 *tmp13
+  265 write *tmp11 :currentLine :j
+  266 label *label290
+  267 op add :j :j 1
+  268 op sub *tmp7 :j 1
+  269 read *tmp12 :previousLine *tmp7
+  270 read *tmp13 :previousLine :j
+  271 op add *tmp11 *tmp12 *tmp13
+  272 write *tmp11 :currentLine :j
+  273 label *label291
+  274 op add :j :j 1
+  275 op sub *tmp7 :j 1
+  276 read *tmp12 :previousLine *tmp7
+  277 read *tmp13 :previousLine :j
+  278 op add *tmp11 *tmp12 *tmp13
+  279 write *tmp11 :currentLine :j
+  280 label *label292
+  281 op add :j :j 1
+  282 label *label63
   283 write 1 :currentLine 6
   284 label *label169
   285 read *tmp20 :currentLine 0

Modifications by Iterated phase, Data Flow Optimization, pass 4, iteration 1:
 
   237 write 1 :currentLine 0
   238 set :j 1
   239 label *label286
-    * op sub *tmp7 :j 1
-    * read *tmp12 :previousLine *tmp7
-    * read *tmp13 :previousLine :j
+  240 op sub *tmp7 1 1
+  241 read *tmp12 :previousLine 0
+  242 read *tmp13 :previousLine 1
   243 op add *tmp11 *tmp12 *tmp13
-    * write *tmp11 :currentLine :j
+  244 write *tmp11 :currentLine 1
   245 label *label287
-    * op add :j :j 1
-    * op sub *tmp7 :j 1
-    * read *tmp12 :previousLine *tmp7
-    * read *tmp13 :previousLine :j
+  246 op add :j 1 1
+  247 op sub *tmp7 2 1
+  248 read *tmp12 :previousLine 1
+  249 read *tmp13 :previousLine 2
   250 op add *tmp11 *tmp12 *tmp13
-    * write *tmp11 :currentLine :j
+  251 write *tmp11 :currentLine 2
   252 label *label288
-    * op add :j :j 1
-    * op sub *tmp7 :j 1
-    * read *tmp12 :previousLine *tmp7
-    * read *tmp13 :previousLine :j
+  253 op add :j 2 1
+  254 op sub *tmp7 3 1
+  255 read *tmp12 :previousLine 2
+  256 read *tmp13 :previousLine 3
   257 op add *tmp11 *tmp12 *tmp13
-    * write *tmp11 :currentLine :j
+  258 write *tmp11 :currentLine 3
   259 label *label289
-    * op add :j :j 1
-    * op sub *tmp7 :j 1
-    * read *tmp12 :previousLine *tmp7
-    * read *tmp13 :previousLine :j
+  260 op add :j 3 1
+  261 op sub *tmp7 4 1
+  262 read *tmp12 :previousLine 3
+  263 read *tmp13 :previousLine 4
   264 op add *tmp11 *tmp12 *tmp13
-    * write *tmp11 :currentLine :j
+  265 write *tmp11 :currentLine 4
   266 label *label290
-    * op add :j :j 1
-    * op sub *tmp7 :j 1
-    * read *tmp12 :previousLine *tmp7
-    * read *tmp13 :previousLine :j
+  267 op add :j 4 1
+  268 op sub *tmp7 5 1
+  269 read *tmp12 :previousLine 4
+  270 read *tmp13 :previousLine 5
   271 op add *tmp11 *tmp12 *tmp13
-    * write *tmp11 :currentLine :j
+  272 write *tmp11 :currentLine 5
   273 label *label291
-    * op add :j :j 1
-    * op sub *tmp7 :j 1
-    * read *tmp12 :previousLine *tmp7
-    * read *tmp13 :previousLine :j
+  274 op add :j 5 1
+  275 op sub *tmp7 6 1
+  276 read *tmp12 :previousLine 5
+  277 read *tmp13 :previousLine 6
   278 op add *tmp11 *tmp12 *tmp13
-    * write *tmp11 :currentLine :j
+  279 write *tmp11 :currentLine 6
   280 label *label292
-    * op add :j :j 1
+  281 op add :j 6 1
   282 label *label63
   283 write 1 :currentLine 6
   284 label *label169

Modifications by Iterated phase, Data Flow Optimization, pass 4, iteration 2 (-13 instructions):
 
   235 print "\n"
   236 label *label59
   237 write 1 :currentLine 0
-    * set :j 1
   238 label *label286
-    * op sub *tmp7 1 1
   239 read *tmp12 :previousLine 0
   240 read *tmp13 :previousLine 1
   241 op add *tmp11 *tmp12 *tmp13
   242 write *tmp11 :currentLine 1
   243 label *label287
-    * op add :j 1 1
-    * op sub *tmp7 2 1
   244 read *tmp12 :previousLine 1
   245 read *tmp13 :previousLine 2
   246 op add *tmp11 *tmp12 *tmp13
   247 write *tmp11 :currentLine 2
   248 label *label288
-    * op add :j 2 1
-    * op sub *tmp7 3 1
   249 read *tmp12 :previousLine 2
   250 read *tmp13 :previousLine 3
   251 op add *tmp11 *tmp12 *tmp13
   252 write *tmp11 :currentLine 3
   253 label *label289
-    * op add :j 3 1
-    * op sub *tmp7 4 1
   254 read *tmp12 :previousLine 3
   255 read *tmp13 :previousLine 4
   256 op add *tmp11 *tmp12 *tmp13
   257 write *tmp11 :currentLine 4
   258 label *label290
-    * op add :j 4 1
-    * op sub *tmp7 5 1
   259 read *tmp12 :previousLine 4
   260 read *tmp13 :previousLine 5
   261 op add *tmp11 *tmp12 *tmp13
   262 write *tmp11 :currentLine 5
   263 label *label291
-    * op add :j 5 1
-    * op sub *tmp7 6 1
   264 read *tmp12 :previousLine 5
   265 read *tmp13 :previousLine 6
   266 op add *tmp11 *tmp12 *tmp13
   267 write *tmp11 :currentLine 6
   268 label *label292
-    * op add :j 6 1
   269 label *label63
   270 write 1 :currentLine 6
   271 label *label169

Modifications by Unroll loop at line 28:9 (+35 instructions):
 
   322 print "\n"
   323 label *label70
   324 write 1 :previousLine 0
-    * set :j 1
-    * label *label71
-    * label *label72
-    * op sub *tmp7 :j 1
-    * read *tmp12 :currentLine *tmp7
-    * read *tmp13 :currentLine :j
-    * op add *tmp11 *tmp12 *tmp13
-    * write *tmp11 :previousLine :j
-    * label *label73
-    * op add :j :j 1
-    * jump *label72 lessThanEq :j 7
-    * label *label74
+  325 set :j 1
+  326 label *label293
+  327 op sub *tmp7 :j 1
+  328 read *tmp12 :currentLine *tmp7
+  329 read *tmp13 :currentLine :j
+  330 op add *tmp11 *tmp12 *tmp13
+  331 write *tmp11 :previousLine :j
+  332 label *label294
+  333 op add :j :j 1
+  334 op sub *tmp7 :j 1
+  335 read *tmp12 :currentLine *tmp7
+  336 read *tmp13 :currentLine :j
+  337 op add *tmp11 *tmp12 *tmp13
+  338 write *tmp11 :previousLine :j
+  339 label *label295
+  340 op add :j :j 1
+  341 op sub *tmp7 :j 1
+  342 read *tmp12 :currentLine *tmp7
+  343 read *tmp13 :currentLine :j
+  344 op add *tmp11 *tmp12 *tmp13
+  345 write *tmp11 :previousLine :j
+  346 label *label296
+  347 op add :j :j 1
+  348 op sub *tmp7 :j 1
+  349 read *tmp12 :currentLine *tmp7
+  350 read *tmp13 :currentLine :j
+  351 op add *tmp11 *tmp12 *tmp13
+  352 write *tmp11 :previousLine :j
+  353 label *label297
+  354 op add :j :j 1
+  355 op sub *tmp7 :j 1
+  356 read *tmp12 :currentLine *tmp7
+  357 read *tmp13 :currentLine :j
+  358 op add *tmp11 *tmp12 *tmp13
+  359 write *tmp11 :previousLine :j
+  360 label *label298
+  361 op add :j :j 1
+  362 op sub *tmp7 :j 1
+  363 read *tmp12 :currentLine *tmp7
+  364 read *tmp13 :currentLine :j
+  365 op add *tmp11 *tmp12 *tmp13
+  366 write *tmp11 :previousLine :j
+  367 label *label299
+  368 op add :j :j 1
+  369 op sub *tmp7 :j 1
+  370 read *tmp12 :currentLine *tmp7
+  371 read *tmp13 :currentLine :j
+  372 op add *tmp11 *tmp12 *tmp13
+  373 write *tmp11 :previousLine :j
+  374 label *label300
+  375 op add :j :j 1
+  376 label *label74
   377 write 1 :previousLine 7
   378 label *label196
   379 read *tmp20 :previousLine 0

Modifications by Iterated phase, Data Flow Optimization, pass 4, iteration 1:
 
   324 write 1 :previousLine 0
   325 set :j 1
   326 label *label293
-    * op sub *tmp7 :j 1
-    * read *tmp12 :currentLine *tmp7
-    * read *tmp13 :currentLine :j
+  327 op sub *tmp7 1 1
+  328 read *tmp12 :currentLine 0
+  329 read *tmp13 :currentLine 1
   330 op add *tmp11 *tmp12 *tmp13
-    * write *tmp11 :previousLine :j
+  331 write *tmp11 :previousLine 1
   332 label *label294
-    * op add :j :j 1
-    * op sub *tmp7 :j 1
-    * read *tmp12 :currentLine *tmp7
-    * read *tmp13 :currentLine :j
+  333 op add :j 1 1
+  334 op sub *tmp7 2 1
+  335 read *tmp12 :currentLine 1
+  336 read *tmp13 :currentLine 2
   337 op add *tmp11 *tmp12 *tmp13
-    * write *tmp11 :previousLine :j
+  338 write *tmp11 :previousLine 2
   339 label *label295
-    * op add :j :j 1
-    * op sub *tmp7 :j 1
-    * read *tmp12 :currentLine *tmp7
-    * read *tmp13 :currentLine :j
+  340 op add :j 2 1
+  341 op sub *tmp7 3 1
+  342 read *tmp12 :currentLine 2
+  343 read *tmp13 :currentLine 3
   344 op add *tmp11 *tmp12 *tmp13
-    * write *tmp11 :previousLine :j
+  345 write *tmp11 :previousLine 3
   346 label *label296
-    * op add :j :j 1
-    * op sub *tmp7 :j 1
-    * read *tmp12 :currentLine *tmp7
-    * read *tmp13 :currentLine :j
+  347 op add :j 3 1
+  348 op sub *tmp7 4 1
+  349 read *tmp12 :currentLine 3
+  350 read *tmp13 :currentLine 4
   351 op add *tmp11 *tmp12 *tmp13
-    * write *tmp11 :previousLine :j
+  352 write *tmp11 :previousLine 4
   353 label *label297
-    * op add :j :j 1
-    * op sub *tmp7 :j 1
-    * read *tmp12 :currentLine *tmp7
-    * read *tmp13 :currentLine :j
+  354 op add :j 4 1
+  355 op sub *tmp7 5 1
+  356 read *tmp12 :currentLine 4
+  357 read *tmp13 :currentLine 5
   358 op add *tmp11 *tmp12 *tmp13
-    * write *tmp11 :previousLine :j
+  359 write *tmp11 :previousLine 5
   360 label *label298
-    * op add :j :j 1
-    * op sub *tmp7 :j 1
-    * read *tmp12 :currentLine *tmp7
-    * read *tmp13 :currentLine :j
+  361 op add :j 5 1
+  362 op sub *tmp7 6 1
+  363 read *tmp12 :currentLine 5
+  364 read *tmp13 :currentLine 6
   365 op add *tmp11 *tmp12 *tmp13
-    * write *tmp11 :previousLine :j
+  366 write *tmp11 :previousLine 6
   367 label *label299
-    * op add :j :j 1
-    * op sub *tmp7 :j 1
-    * read *tmp12 :currentLine *tmp7
-    * read *tmp13 :currentLine :j
+  368 op add :j 6 1
+  369 op sub *tmp7 7 1
+  370 read *tmp12 :currentLine 6
+  371 read *tmp13 :currentLine 7
   372 op add *tmp11 *tmp12 *tmp13
-    * write *tmp11 :previousLine :j
+  373 write *tmp11 :previousLine 7
   374 label *label300
-    * op add :j :j 1
+  375 op add :j 7 1
   376 label *label74
   377 write 1 :previousLine 7
   378 label *label196

Modifications by Iterated phase, Data Flow Optimization, pass 4, iteration 2 (-15 instructions):
 
   322 print "\n"
   323 label *label70
   324 write 1 :previousLine 0
-    * set :j 1
   325 label *label293
-    * op sub *tmp7 1 1
   326 read *tmp12 :currentLine 0
   327 read *tmp13 :currentLine 1
   328 op add *tmp11 *tmp12 *tmp13
   329 write *tmp11 :previousLine 1
   330 label *label294
-    * op add :j 1 1
-    * op sub *tmp7 2 1
   331 read *tmp12 :currentLine 1
   332 read *tmp13 :currentLine 2
   333 op add *tmp11 *tmp12 *tmp13
   334 write *tmp11 :previousLine 2
   335 label *label295
-    * op add :j 2 1
-    * op sub *tmp7 3 1
   336 read *tmp12 :currentLine 2
   337 read *tmp13 :currentLine 3
   338 op add *tmp11 *tmp12 *tmp13
   339 write *tmp11 :previousLine 3
   340 label *label296
-    * op add :j 3 1
-    * op sub *tmp7 4 1
   341 read *tmp12 :currentLine 3
   342 read *tmp13 :currentLine 4
   343 op add *tmp11 *tmp12 *tmp13
   344 write *tmp11 :previousLine 4
   345 label *label297
-    * op add :j 4 1
-    * op sub *tmp7 5 1
   346 read *tmp12 :currentLine 4
   347 read *tmp13 :currentLine 5
   348 op add *tmp11 *tmp12 *tmp13
   349 write *tmp11 :previousLine 5
   350 label *label298
-    * op add :j 5 1
-    * op sub *tmp7 6 1
   351 read *tmp12 :currentLine 5
   352 read *tmp13 :currentLine 6
   353 op add *tmp11 *tmp12 *tmp13
   354 write *tmp11 :previousLine 6
   355 label *label299
-    * op add :j 6 1
-    * op sub *tmp7 7 1
   356 read *tmp12 :currentLine 6
   357 read *tmp13 :currentLine 7
   358 op add *tmp11 *tmp12 *tmp13
   359 write *tmp11 :previousLine 7
   360 label *label300
-    * op add :j 7 1
   361 label *label74
   362 write 1 :previousLine 7
   363 label *label196

Modifications by Unroll loop at line 28:9 (+41 instructions):
 
   421 print "\n"
   422 label *label81
   423 write 1 :currentLine 0
-    * set :j 1
-    * label *label82
-    * label *label83
-    * op sub *tmp7 :j 1
-    * read *tmp12 :previousLine *tmp7
-    * read *tmp13 :previousLine :j
-    * op add *tmp11 *tmp12 *tmp13
-    * write *tmp11 :currentLine :j
-    * label *label84
-    * op add :j :j 1
-    * jump *label83 lessThanEq :j 8
-    * label *label85
+  424 set :j 1
+  425 label *label301
+  426 op sub *tmp7 :j 1
+  427 read *tmp12 :previousLine *tmp7
+  428 read *tmp13 :previousLine :j
+  429 op add *tmp11 *tmp12 *tmp13
+  430 write *tmp11 :currentLine :j
+  431 label *label302
+  432 op add :j :j 1
+  433 op sub *tmp7 :j 1
+  434 read *tmp12 :previousLine *tmp7
+  435 read *tmp13 :previousLine :j
+  436 op add *tmp11 *tmp12 *tmp13
+  437 write *tmp11 :currentLine :j
+  438 label *label303
+  439 op add :j :j 1
+  440 op sub *tmp7 :j 1
+  441 read *tmp12 :previousLine *tmp7
+  442 read *tmp13 :previousLine :j
+  443 op add *tmp11 *tmp12 *tmp13
+  444 write *tmp11 :currentLine :j
+  445 label *label304
+  446 op add :j :j 1
+  447 op sub *tmp7 :j 1
+  448 read *tmp12 :previousLine *tmp7
+  449 read *tmp13 :previousLine :j
+  450 op add *tmp11 *tmp12 *tmp13
+  451 write *tmp11 :currentLine :j
+  452 label *label305
+  453 op add :j :j 1
+  454 op sub *tmp7 :j 1
+  455 read *tmp12 :previousLine *tmp7
+  456 read *tmp13 :previousLine :j
+  457 op add *tmp11 *tmp12 *tmp13
+  458 write *tmp11 :currentLine :j
+  459 label *label306
+  460 op add :j :j 1
+  461 op sub *tmp7 :j 1
+  462 read *tmp12 :previousLine *tmp7
+  463 read *tmp13 :previousLine :j
+  464 op add *tmp11 *tmp12 *tmp13
+  465 write *tmp11 :currentLine :j
+  466 label *label307
+  467 op add :j :j 1
+  468 op sub *tmp7 :j 1
+  469 read *tmp12 :previousLine *tmp7
+  470 read *tmp13 :previousLine :j
+  471 op add *tmp11 *tmp12 *tmp13
+  472 write *tmp11 :currentLine :j
+  473 label *label308
+  474 op add :j :j 1
+  475 op sub *tmp7 :j 1
+  476 read *tmp12 :previousLine *tmp7
+  477 read *tmp13 :previousLine :j
+  478 op add *tmp11 *tmp12 *tmp13
+  479 write *tmp11 :currentLine :j
+  480 label *label309
+  481 op add :j :j 1
+  482 label *label85
   483 write 1 :currentLine 8
   484 label *label221
   485 read *tmp20 :currentLine 0

Modifications by Iterated phase, Data Flow Optimization, pass 4, iteration 1:
 
   423 write 1 :currentLine 0
   424 set :j 1
   425 label *label301
-    * op sub *tmp7 :j 1
-    * read *tmp12 :previousLine *tmp7
-    * read *tmp13 :previousLine :j
+  426 op sub *tmp7 1 1
+  427 read *tmp12 :previousLine 0
+  428 read *tmp13 :previousLine 1
   429 op add *tmp11 *tmp12 *tmp13
-    * write *tmp11 :currentLine :j
+  430 write *tmp11 :currentLine 1
   431 label *label302
-    * op add :j :j 1
-    * op sub *tmp7 :j 1
-    * read *tmp12 :previousLine *tmp7
-    * read *tmp13 :previousLine :j
+  432 op add :j 1 1
+  433 op sub *tmp7 2 1
+  434 read *tmp12 :previousLine 1
+  435 read *tmp13 :previousLine 2
   436 op add *tmp11 *tmp12 *tmp13
-    * write *tmp11 :currentLine :j
+  437 write *tmp11 :currentLine 2
   438 label *label303
-    * op add :j :j 1
-    * op sub *tmp7 :j 1
-    * read *tmp12 :previousLine *tmp7
-    * read *tmp13 :previousLine :j
+  439 op add :j 2 1
+  440 op sub *tmp7 3 1
+  441 read *tmp12 :previousLine 2
+  442 read *tmp13 :previousLine 3
   443 op add *tmp11 *tmp12 *tmp13
-    * write *tmp11 :currentLine :j
+  444 write *tmp11 :currentLine 3
   445 label *label304
-    * op add :j :j 1
-    * op sub *tmp7 :j 1
-    * read *tmp12 :previousLine *tmp7
-    * read *tmp13 :previousLine :j
+  446 op add :j 3 1
+  447 op sub *tmp7 4 1
+  448 read *tmp12 :previousLine 3
+  449 read *tmp13 :previousLine 4
   450 op add *tmp11 *tmp12 *tmp13
-    * write *tmp11 :currentLine :j
+  451 write *tmp11 :currentLine 4
   452 label *label305
-    * op add :j :j 1
-    * op sub *tmp7 :j 1
-    * read *tmp12 :previousLine *tmp7
-    * read *tmp13 :previousLine :j
+  453 op add :j 4 1
+  454 op sub *tmp7 5 1
+  455 read *tmp12 :previousLine 4
+  456 read *tmp13 :previousLine 5
   457 op add *tmp11 *tmp12 *tmp13
-    * write *tmp11 :currentLine :j
+  458 write *tmp11 :currentLine 5
   459 label *label306
-    * op add :j :j 1
-    * op sub *tmp7 :j 1
-    * read *tmp12 :previousLine *tmp7
-    * read *tmp13 :previousLine :j
+  460 op add :j 5 1
+  461 op sub *tmp7 6 1
+  462 read *tmp12 :previousLine 5
+  463 read *tmp13 :previousLine 6
   464 op add *tmp11 *tmp12 *tmp13
-    * write *tmp11 :currentLine :j
+  465 write *tmp11 :currentLine 6
   466 label *label307
-    * op add :j :j 1
-    * op sub *tmp7 :j 1
-    * read *tmp12 :previousLine *tmp7
-    * read *tmp13 :previousLine :j
+  467 op add :j 6 1
+  468 op sub *tmp7 7 1
+  469 read *tmp12 :previousLine 6
+  470 read *tmp13 :previousLine 7
   471 op add *tmp11 *tmp12 *tmp13
-    * write *tmp11 :currentLine :j
+  472 write *tmp11 :currentLine 7
   473 label *label308
-    * op add :j :j 1
-    * op sub *tmp7 :j 1
-    * read *tmp12 :previousLine *tmp7
-    * read *tmp13 :previousLine :j
+  474 op add :j 7 1
+  475 op sub *tmp7 8 1
+  476 read *tmp12 :previousLine 7
+  477 read *tmp13 :previousLine 8
   478 op add *tmp11 *tmp12 *tmp13
-    * write *tmp11 :currentLine :j
+  479 write *tmp11 :currentLine 8
   480 label *label309
-    * op add :j :j 1
+  481 op add :j 8 1
   482 label *label85
   483 write 1 :currentLine 8
   484 label *label221

Modifications by Iterated phase, Data Flow Optimization, pass 4, iteration 2 (-17 instructions):
 
   421 print "\n"
   422 label *label81
   423 write 1 :currentLine 0
-    * set :j 1
   424 label *label301
-    * op sub *tmp7 1 1
   425 read *tmp12 :previousLine 0
   426 read *tmp13 :previousLine 1
   427 op add *tmp11 *tmp12 *tmp13
   428 write *tmp11 :currentLine 1
   429 label *label302
-    * op add :j 1 1
-    * op sub *tmp7 2 1
   430 read *tmp12 :previousLine 1
   431 read *tmp13 :previousLine 2
   432 op add *tmp11 *tmp12 *tmp13
   433 write *tmp11 :currentLine 2
   434 label *label303
-    * op add :j 2 1
-    * op sub *tmp7 3 1
   435 read *tmp12 :previousLine 2
   436 read *tmp13 :previousLine 3
   437 op add *tmp11 *tmp12 *tmp13
   438 write *tmp11 :currentLine 3
   439 label *label304
-    * op add :j 3 1
-    * op sub *tmp7 4 1
   440 read *tmp12 :previousLine 3
   441 read *tmp13 :previousLine 4
   442 op add *tmp11 *tmp12 *tmp13
   443 write *tmp11 :currentLine 4
   444 label *label305
-    * op add :j 4 1
-    * op sub *tmp7 5 1
   445 read *tmp12 :previousLine 4
   446 read *tmp13 :previousLine 5
   447 op add *tmp11 *tmp12 *tmp13
   448 write *tmp11 :currentLine 5
   449 label *label306
-    * op add :j 5 1
-    * op sub *tmp7 6 1
   450 read *tmp12 :previousLine 5
   451 read *tmp13 :previousLine 6
   452 op add *tmp11 *tmp12 *tmp13
   453 write *tmp11 :currentLine 6
   454 label *label307
-    * op add :j 6 1
-    * op sub *tmp7 7 1
   455 read *tmp12 :previousLine 6
   456 read *tmp13 :previousLine 7
   457 op add *tmp11 *tmp12 *tmp13
   458 write *tmp11 :currentLine 7
   459 label *label308
-    * op add :j 7 1
-    * op sub *tmp7 8 1
   460 read *tmp12 :previousLine 7
   461 read *tmp13 :previousLine 8
   462 op add *tmp11 *tmp12 *tmp13
   463 write *tmp11 :currentLine 8
   464 label *label309
-    * op add :j 8 1
   465 label *label85
   466 write 1 :currentLine 8
   467 label *label221

Modifications by Unroll loop at line 28:9 (+47 instructions):
 
   532 print "\n"
   533 label *label92
   534 write 1 :previousLine 0
-    * set :j 1
-    * label *label93
-    * label *label94
-    * op sub *tmp7 :j 1
-    * read *tmp12 :currentLine *tmp7
-    * read *tmp13 :currentLine :j
-    * op add *tmp11 *tmp12 *tmp13
-    * write *tmp11 :previousLine :j
-    * label *label95
-    * op add :j :j 1
-    * jump *label94 lessThanEq :j 9
-    * label *label96
+  535 set :j 1
+  536 label *label310
+  537 op sub *tmp7 :j 1
+  538 read *tmp12 :currentLine *tmp7
+  539 read *tmp13 :currentLine :j
+  540 op add *tmp11 *tmp12 *tmp13
+  541 write *tmp11 :previousLine :j
+  542 label *label311
+  543 op add :j :j 1
+  544 op sub *tmp7 :j 1
+  545 read *tmp12 :currentLine *tmp7
+  546 read *tmp13 :currentLine :j
+  547 op add *tmp11 *tmp12 *tmp13
+  548 write *tmp11 :previousLine :j
+  549 label *label312
+  550 op add :j :j 1
+  551 op sub *tmp7 :j 1
+  552 read *tmp12 :currentLine *tmp7
+  553 read *tmp13 :currentLine :j
+  554 op add *tmp11 *tmp12 *tmp13
+  555 write *tmp11 :previousLine :j
+  556 label *label313
+  557 op add :j :j 1
+  558 op sub *tmp7 :j 1
+  559 read *tmp12 :currentLine *tmp7
+  560 read *tmp13 :currentLine :j
+  561 op add *tmp11 *tmp12 *tmp13
+  562 write *tmp11 :previousLine :j
+  563 label *label314
+  564 op add :j :j 1
+  565 op sub *tmp7 :j 1
+  566 read *tmp12 :currentLine *tmp7
+  567 read *tmp13 :currentLine :j
+  568 op add *tmp11 *tmp12 *tmp13
+  569 write *tmp11 :previousLine :j
+  570 label *label315
+  571 op add :j :j 1
+  572 op sub *tmp7 :j 1
+  573 read *tmp12 :currentLine *tmp7
+  574 read *tmp13 :currentLine :j
+  575 op add *tmp11 *tmp12 *tmp13
+  576 write *tmp11 :previousLine :j
+  577 label *label316
+  578 op add :j :j 1
+  579 op sub *tmp7 :j 1
+  580 read *tmp12 :currentLine *tmp7
+  581 read *tmp13 :currentLine :j
+  582 op add *tmp11 *tmp12 *tmp13
+  583 write *tmp11 :previousLine :j
+  584 label *label317
+  585 op add :j :j 1
+  586 op sub *tmp7 :j 1
+  587 read *tmp12 :currentLine *tmp7
+  588 read *tmp13 :currentLine :j
+  589 op add *tmp11 *tmp12 *tmp13
+  590 write *tmp11 :previousLine :j
+  591 label *label318
+  592 op add :j :j 1
+  593 op sub *tmp7 :j 1
+  594 read *tmp12 :currentLine *tmp7
+  595 read *tmp13 :currentLine :j
+  596 op add *tmp11 *tmp12 *tmp13
+  597 write *tmp11 :previousLine :j
+  598 label *label319
+  599 op add :j :j 1
+  600 label *label96
   601 write 1 :previousLine 9
   602 label *label249
   603 read *tmp20 :previousLine 0

Modifications by Iterated phase, Data Flow Optimization, pass 4, iteration 1:
 
   534 write 1 :previousLine 0
   535 set :j 1
   536 label *label310
-    * op sub *tmp7 :j 1
-    * read *tmp12 :currentLine *tmp7
-    * read *tmp13 :currentLine :j
+  537 op sub *tmp7 1 1
+  538 read *tmp12 :currentLine 0
+  539 read *tmp13 :currentLine 1
   540 op add *tmp11 *tmp12 *tmp13
-    * write *tmp11 :previousLine :j
+  541 write *tmp11 :previousLine 1
   542 label *label311
-    * op add :j :j 1
-    * op sub *tmp7 :j 1
-    * read *tmp12 :currentLine *tmp7
-    * read *tmp13 :currentLine :j
+  543 op add :j 1 1
+  544 op sub *tmp7 2 1
+  545 read *tmp12 :currentLine 1
+  546 read *tmp13 :currentLine 2
   547 op add *tmp11 *tmp12 *tmp13
-    * write *tmp11 :previousLine :j
+  548 write *tmp11 :previousLine 2
   549 label *label312
-    * op add :j :j 1
-    * op sub *tmp7 :j 1
-    * read *tmp12 :currentLine *tmp7
-    * read *tmp13 :currentLine :j
+  550 op add :j 2 1
+  551 op sub *tmp7 3 1
+  552 read *tmp12 :currentLine 2
+  553 read *tmp13 :currentLine 3
   554 op add *tmp11 *tmp12 *tmp13
-    * write *tmp11 :previousLine :j
+  555 write *tmp11 :previousLine 3
   556 label *label313
-    * op add :j :j 1
-    * op sub *tmp7 :j 1
-    * read *tmp12 :currentLine *tmp7
-    * read *tmp13 :currentLine :j
+  557 op add :j 3 1
+  558 op sub *tmp7 4 1
+  559 read *tmp12 :currentLine 3
+  560 read *tmp13 :currentLine 4
   561 op add *tmp11 *tmp12 *tmp13
-    * write *tmp11 :previousLine :j
+  562 write *tmp11 :previousLine 4
   563 label *label314
-    * op add :j :j 1
-    * op sub *tmp7 :j 1
-    * read *tmp12 :currentLine *tmp7
-    * read *tmp13 :currentLine :j
+  564 op add :j 4 1
+  565 op sub *tmp7 5 1
+  566 read *tmp12 :currentLine 4
+  567 read *tmp13 :currentLine 5
   568 op add *tmp11 *tmp12 *tmp13
-    * write *tmp11 :previousLine :j
+  569 write *tmp11 :previousLine 5
   570 label *label315
-    * op add :j :j 1
-    * op sub *tmp7 :j 1
-    * read *tmp12 :currentLine *tmp7
-    * read *tmp13 :currentLine :j
+  571 op add :j 5 1
+  572 op sub *tmp7 6 1
+  573 read *tmp12 :currentLine 5
+  574 read *tmp13 :currentLine 6
   575 op add *tmp11 *tmp12 *tmp13
-    * write *tmp11 :previousLine :j
+  576 write *tmp11 :previousLine 6
   577 label *label316
-    * op add :j :j 1
-    * op sub *tmp7 :j 1
-    * read *tmp12 :currentLine *tmp7
-    * read *tmp13 :currentLine :j
+  578 op add :j 6 1
+  579 op sub *tmp7 7 1
+  580 read *tmp12 :currentLine 6
+  581 read *tmp13 :currentLine 7
   582 op add *tmp11 *tmp12 *tmp13
-    * write *tmp11 :previousLine :j
+  583 write *tmp11 :previousLine 7
   584 label *label317
-    * op add :j :j 1
-    * op sub *tmp7 :j 1
-    * read *tmp12 :currentLine *tmp7
-    * read *tmp13 :currentLine :j
+  585 op add :j 7 1
+  586 op sub *tmp7 8 1
+  587 read *tmp12 :currentLine 7
+  588 read *tmp13 :currentLine 8
   589 op add *tmp11 *tmp12 *tmp13
-    * write *tmp11 :previousLine :j
+  590 write *tmp11 :previousLine 8
   591 label *label318
-    * op add :j :j 1
-    * op sub *tmp7 :j 1
-    * read *tmp12 :currentLine *tmp7
-    * read *tmp13 :currentLine :j
+  592 op add :j 8 1
+  593 op sub *tmp7 9 1
+  594 read *tmp12 :currentLine 8
+  595 read *tmp13 :currentLine 9
   596 op add *tmp11 *tmp12 *tmp13
-    * write *tmp11 :previousLine :j
+  597 write *tmp11 :previousLine 9
   598 label *label319
-    * op add :j :j 1
+  599 op add :j 9 1
   600 label *label96
   601 write 1 :previousLine 9
   602 label *label249

Modifications by Iterated phase, Data Flow Optimization, pass 4, iteration 2 (-19 instructions):
 
   532 print "\n"
   533 label *label92
   534 write 1 :previousLine 0
-    * set :j 1
   535 label *label310
-    * op sub *tmp7 1 1
   536 read *tmp12 :currentLine 0
   537 read *tmp13 :currentLine 1
   538 op add *tmp11 *tmp12 *tmp13
   539 write *tmp11 :previousLine 1
   540 label *label311
-    * op add :j 1 1
-    * op sub *tmp7 2 1
   541 read *tmp12 :currentLine 1
   542 read *tmp13 :currentLine 2
   543 op add *tmp11 *tmp12 *tmp13
   544 write *tmp11 :previousLine 2
   545 label *label312
-    * op add :j 2 1
-    * op sub *tmp7 3 1
   546 read *tmp12 :currentLine 2
   547 read *tmp13 :currentLine 3
   548 op add *tmp11 *tmp12 *tmp13
   549 write *tmp11 :previousLine 3
   550 label *label313
-    * op add :j 3 1
-    * op sub *tmp7 4 1
   551 read *tmp12 :currentLine 3
   552 read *tmp13 :currentLine 4
   553 op add *tmp11 *tmp12 *tmp13
   554 write *tmp11 :previousLine 4
   555 label *label314
-    * op add :j 4 1
-    * op sub *tmp7 5 1
   556 read *tmp12 :currentLine 4
   557 read *tmp13 :currentLine 5
   558 op add *tmp11 *tmp12 *tmp13
   559 write *tmp11 :previousLine 5
   560 label *label315
-    * op add :j 5 1
-    * op sub *tmp7 6 1
   561 read *tmp12 :currentLine 5
   562 read *tmp13 :currentLine 6
   563 op add *tmp11 *tmp12 *tmp13
   564 write *tmp11 :previousLine 6
   565 label *label316
-    * op add :j 6 1
-    * op sub *tmp7 7 1
   566 read *tmp12 :currentLine 6
   567 read *tmp13 :currentLine 7
   568 op add *tmp11 *tmp12 *tmp13
   569 write *tmp11 :previousLine 7
   570 label *label317
-    * op add :j 7 1
-    * op sub *tmp7 8 1
   571 read *tmp12 :currentLine 7
   572 read *tmp13 :currentLine 8
   573 op add *tmp11 *tmp12 *tmp13
   574 write *tmp11 :previousLine 8
   575 label *label318
-    * op add :j 8 1
-    * op sub *tmp7 9 1
   576 read *tmp12 :currentLine 8
   577 read *tmp13 :currentLine 9
   578 op add *tmp11 *tmp12 *tmp13
   579 write *tmp11 :previousLine 9
   580 label *label319
-    * op add :j 9 1
   581 label *label96
   582 write 1 :previousLine 9
   583 label *label249

Modifications by Iterated phase, Jump Normalization, pass 5, iteration 1 (-44 instructions):
 
    23 label *label107
    24 read *tmp20 :currentLine 0
    25 print *tmp20
-    * jump *label108 greaterThanEq 0 2
    26 print " "
    27 label *label108
    28 label *label109
    29 label *label110
    30 read *tmp20 :currentLine 1
    31 print *tmp20
-    * jump *label111 greaterThanEq 1 2
    32 print " "
    33 label *label111
    34 label *label112
    35 label *label113
    36 read *tmp20 :currentLine 2
    37 print *tmp20
-    * jump *label114 greaterThanEq 2 2
+   38 jump *label114 always
    39 print " "
    40 label *label114
    41 label *label115
 
    65 label *label117
    66 read *tmp20 :previousLine 0
    67 print *tmp20
-    * jump *label118 greaterThanEq 0 3
    68 print " "
    69 label *label118
    70 label *label119
    71 label *label120
    72 read *tmp20 :previousLine 1
    73 print *tmp20
-    * jump *label121 greaterThanEq 1 3
    74 print " "
    75 label *label121
    76 label *label122
    77 label *label123
    78 read *tmp20 :previousLine 2
    79 print *tmp20
-    * jump *label124 greaterThanEq 2 3
    80 print " "
    81 label *label124
    82 label *label125
    83 label *label126
    84 read *tmp20 :previousLine 3
    85 print *tmp20
-    * jump *label127 greaterThanEq 3 3
+   86 jump *label127 always
    87 print " "
    88 label *label127
    89 label *label128
 
   118 label *label134
   119 read *tmp20 :currentLine 0
   120 print *tmp20
-    * jump *label135 greaterThanEq 0 4
   121 print " "
   122 label *label135
   123 label *label136
   124 label *label137
   125 read *tmp20 :currentLine 1
   126 print *tmp20
-    * jump *label138 greaterThanEq 1 4
   127 print " "
   128 label *label138
   129 label *label139
   130 label *label140
   131 read *tmp20 :currentLine 2
   132 print *tmp20
-    * jump *label141 greaterThanEq 2 4
   133 print " "
   134 label *label141
   135 label *label142
   136 label *label143
   137 read *tmp20 :currentLine 3
   138 print *tmp20
-    * jump *label144 greaterThanEq 3 4
   139 print " "
   140 label *label144
   141 label *label145
   142 label *label146
   143 read *tmp20 :currentLine 4
   144 print *tmp20
-    * jump *label147 greaterThanEq 4 4
+  145 jump *label147 always
   146 print " "
   147 label *label147
   148 label *label148
 
   182 label *label150
   183 read *tmp20 :previousLine 0
   184 print *tmp20
-    * jump *label151 greaterThanEq 0 5
   185 print " "
   186 label *label151
   187 label *label152
   188 label *label153
   189 read *tmp20 :previousLine 1
   190 print *tmp20
-    * jump *label154 greaterThanEq 1 5
   191 print " "
   192 label *label154
   193 label *label155
   194 label *label156
   195 read *tmp20 :previousLine 2
   196 print *tmp20
-    * jump *label157 greaterThanEq 2 5
   197 print " "
   198 label *label157
   199 label *label158
   200 label *label159
   201 read *tmp20 :previousLine 3
   202 print *tmp20
-    * jump *label160 greaterThanEq 3 5
   203 print " "
   204 label *label160
   205 label *label161
   206 label *label162
   207 read *tmp20 :previousLine 4
   208 print *tmp20
-    * jump *label163 greaterThanEq 4 5
   209 print " "
   210 label *label163
   211 label *label164
   212 label *label165
   213 read *tmp20 :previousLine 5
   214 print *tmp20
-    * jump *label166 greaterThanEq 5 5
+  215 jump *label166 always
   216 print " "
   217 label *label166
   218 label *label167
 
   257 label *label169
   258 read *tmp20 :currentLine 0
   259 print *tmp20
-    * jump *label170 greaterThanEq 0 6
   260 print " "
   261 label *label170
   262 label *label171
   263 label *label172
   264 read *tmp20 :currentLine 1
   265 print *tmp20
-    * jump *label173 greaterThanEq 1 6
   266 print " "
   267 label *label173
   268 label *label174
   269 label *label175
   270 read *tmp20 :currentLine 2
   271 print *tmp20
-    * jump *label176 greaterThanEq 2 6
   272 print " "
   273 label *label176
   274 label *label177
   275 label *label178
   276 read *tmp20 :currentLine 3
   277 print *tmp20
-    * jump *label179 greaterThanEq 3 6
   278 print " "
   279 label *label179
   280 label *label180
   281 label *label181
   282 read *tmp20 :currentLine 4
   283 print *tmp20
-    * jump *label182 greaterThanEq 4 6
   284 print " "
   285 label *label182
   286 label *label183
   287 label *label184
   288 read *tmp20 :currentLine 5
   289 print *tmp20
-    * jump *label185 greaterThanEq 5 6
   290 print " "
   291 label *label185
   292 label *label186
   293 label *label187
   294 read *tmp20 :currentLine 6
   295 print *tmp20
-    * jump *label188 greaterThanEq 6 6
+  296 jump *label188 always
   297 print " "
   298 label *label188
   299 label *label189
 
   343 label *label196
   344 read *tmp20 :previousLine 0
   345 print *tmp20
-    * jump *label197 greaterThanEq 0 7
   346 print " "
   347 label *label197
   348 label *label198
   349 label *label199
   350 read *tmp20 :previousLine 1
   351 print *tmp20
-    * jump *label200 greaterThanEq 1 7
   352 print " "
   353 label *label200
   354 label *label201
   355 label *label202
   356 read *tmp20 :previousLine 2
   357 print *tmp20
-    * jump *label203 greaterThanEq 2 7
   358 print " "
   359 label *label203
   360 label *label204
   361 label *label205
   362 read *tmp20 :previousLine 3
   363 print *tmp20
-    * jump *label206 greaterThanEq 3 7
   364 print " "
   365 label *label206
   366 label *label207
   367 label *label208
   368 read *tmp20 :previousLine 4
   369 print *tmp20
-    * jump *label209 greaterThanEq 4 7
   370 print " "
   371 label *label209
   372 label *label210
   373 label *label211
   374 read *tmp20 :previousLine 5
   375 print *tmp20
-    * jump *label212 greaterThanEq 5 7
   376 print " "
   377 label *label212
   378 label *label213
   379 label *label214
   380 read *tmp20 :previousLine 6
   381 print *tmp20
-    * jump *label215 greaterThanEq 6 7
   382 print " "
   383 label *label215
   384 label *label216
   385 label *label217
   386 read *tmp20 :previousLine 7
   387 print *tmp20
-    * jump *label218 greaterThanEq 7 7
+  388 jump *label218 always
   389 print " "
   390 label *label218
   391 label *label219
 
   440 label *label221
   441 read *tmp20 :currentLine 0
   442 print *tmp20
-    * jump *label222 greaterThanEq 0 8
   443 print " "
   444 label *label222
   445 label *label223
   446 label *label224
   447 read *tmp20 :currentLine 1
   448 print *tmp20
-    * jump *label225 greaterThanEq 1 8
   449 print " "
   450 label *label225
   451 label *label226
   452 label *label227
   453 read *tmp20 :currentLine 2
   454 print *tmp20
-    * jump *label228 greaterThanEq 2 8
   455 print " "
   456 label *label228
   457 label *label229
   458 label *label230
   459 read *tmp20 :currentLine 3
   460 print *tmp20
-    * jump *label231 greaterThanEq 3 8
   461 print " "
   462 label *label231
   463 label *label232
   464 label *label233
   465 read *tmp20 :currentLine 4
   466 print *tmp20
-    * jump *label234 greaterThanEq 4 8
   467 print " "
   468 label *label234
   469 label *label235
   470 label *label236
   471 read *tmp20 :currentLine 5
   472 print *tmp20
-    * jump *label237 greaterThanEq 5 8
   473 print " "
   474 label *label237
   475 label *label238
   476 label *label239
   477 read *tmp20 :currentLine 6
   478 print *tmp20
-    * jump *label240 greaterThanEq 6 8
   479 print " "
   480 label *label240
   481 label *label241
   482 label *label242
   483 read *tmp20 :currentLine 7
   484 print *tmp20
-    * jump *label243 greaterThanEq 7 8
   485 print " "
   486 label *label243
   487 label *label244
   488 label *label245
   489 read *tmp20 :currentLine 8
   490 print *tmp20
-    * jump *label246 greaterThanEq 8 8
+  491 jump *label246 always
   492 print " "
   493 label *label246
   494 label *label247
 
   548 label *label249
   549 read *tmp20 :previousLine 0
   550 print *tmp20
-    * jump *label250 greaterThanEq 0 9
   551 print " "
   552 label *label250
   553 label *label251
   554 label *label252
   555 read *tmp20 :previousLine 1
   556 print *tmp20
-    * jump *label253 greaterThanEq 1 9
   557 print " "
   558 label *label253
   559 label *label254
   560 label *label255
   561 read *tmp20 :previousLine 2
   562 print *tmp20
-    * jump *label256 greaterThanEq 2 9
   563 print " "
   564 label *label256
   565 label *label257
   566 label *label258
   567 read *tmp20 :previousLine 3
   568 print *tmp20
-    * jump *label259 greaterThanEq 3 9
   569 print " "
   570 label *label259
   571 label *label260
   572 label *label261
   573 read *tmp20 :previousLine 4
   574 print *tmp20
-    * jump *label262 greaterThanEq 4 9
   575 print " "
   576 label *label262
   577 label *label263
   578 label *label264
   579 read *tmp20 :previousLine 5
   580 print *tmp20
-    * jump *label265 greaterThanEq 5 9
   581 print " "
   582 label *label265
   583 label *label266
   584 label *label267
   585 read *tmp20 :previousLine 6
   586 print *tmp20
-    * jump *label268 greaterThanEq 6 9
   587 print " "
   588 label *label268
   589 label *label269
   590 label *label270
   591 read *tmp20 :previousLine 7
   592 print *tmp20
-    * jump *label271 greaterThanEq 7 9
   593 print " "
   594 label *label271
   595 label *label272
   596 label *label273
   597 read *tmp20 :previousLine 8
   598 print *tmp20
-    * jump *label274 greaterThanEq 8 9
   599 print " "
   600 label *label274
   601 label *label275
   602 label *label276
   603 read *tmp20 :previousLine 9
   604 print *tmp20
-    * jump *label277 greaterThanEq 9 9
+  605 jump *label277 always
   606 print " "
   607 label *label277
   608 label *label278

Modifications by Jumps phase, Unreachable Code Elimination, pass 7, iteration 1 (-8 instructions):
 
     5 set :currentLine cell2
     6 write 1 :previousLine 0
     7 write 1 :previousLine 1
-    * label *label15
     8 write 1 :currentLine 0
-    * label *label104
     9 read *tmp12 :previousLine 0
    10 read *tmp13 :previousLine 1
    11 op add *tmp11 *tmp12 *tmp13
    12 write *tmp11 :currentLine 1
-    * label *label105
    13 read *tmp12 :previousLine 1
    14 read *tmp13 :previousLine 2
    15 op add *tmp11 *tmp12 *tmp13
    16 write *tmp11 :currentLine 2
-    * label *label106
-    * label *label19
    17 write 1 :currentLine 2
-    * label *label107
    18 read *tmp20 :currentLine 0
    19 print *tmp20
    20 print " "
-    * label *label108
-    * label *label109
-    * label *label110
    21 read *tmp20 :currentLine 1
    22 print *tmp20
    23 print " "
-    * label *label111
-    * label *label112
-    * label *label113
    24 read *tmp20 :currentLine 2
    25 print *tmp20
    26 jump *label114 always
-    * print " "
    27 label *label114
-    * label *label115
-    * label *label116
-    * label *label25
    28 print "\n"
-    * label *label26
    29 write 1 :previousLine 0
-    * label *label130
    30 read *tmp12 :currentLine 0
    31 read *tmp13 :currentLine 1
    32 op add *tmp11 *tmp12 *tmp13
    33 write *tmp11 :previousLine 1
-    * label *label131
    34 read *tmp12 :currentLine 1
    35 read *tmp13 :currentLine 2
    36 op add *tmp11 *tmp12 *tmp13
    37 write *tmp11 :previousLine 2
-    * label *label132
    38 read *tmp12 :currentLine 2
    39 read *tmp13 :currentLine 3
    40 op add *tmp11 *tmp12 *tmp13
    41 write *tmp11 :previousLine 3
-    * label *label133
-    * label *label30
    42 write 1 :previousLine 3
-    * label *label117
    43 read *tmp20 :previousLine 0
    44 print *tmp20
    45 print " "
-    * label *label118
-    * label *label119
-    * label *label120
    46 read *tmp20 :previousLine 1
    47 print *tmp20
    48 print " "
-    * label *label121
-    * label *label122
-    * label *label123
    49 read *tmp20 :previousLine 2
    50 print *tmp20
    51 print " "
-    * label *label124
-    * label *label125
-    * label *label126
    52 read *tmp20 :previousLine 3
    53 print *tmp20
    54 jump *label127 always
-    * print " "
    55 label *label127
-    * label *label128
-    * label *label129
-    * label *label36
    56 print "\n"
-    * label *label37
    57 write 1 :currentLine 0
-    * label *label191
    58 read *tmp12 :previousLine 0
    59 read *tmp13 :previousLine 1
    60 op add *tmp11 *tmp12 *tmp13
    61 write *tmp11 :currentLine 1
-    * label *label192
    62 read *tmp12 :previousLine 1
    63 read *tmp13 :previousLine 2
    64 op add *tmp11 *tmp12 *tmp13
    65 write *tmp11 :currentLine 2
-    * label *label193
    66 read *tmp12 :previousLine 2
    67 read *tmp13 :previousLine 3
    68 op add *tmp11 *tmp12 *tmp13
    69 write *tmp11 :currentLine 3
-    * label *label194
    70 read *tmp12 :previousLine 3
    71 read *tmp13 :previousLine 4
    72 op add *tmp11 *tmp12 *tmp13
    73 write *tmp11 :currentLine 4
-    * label *label195
-    * label *label41
    74 write 1 :currentLine 4
-    * label *label134
    75 read *tmp20 :currentLine 0
    76 print *tmp20
    77 print " "
-    * label *label135
-    * label *label136
-    * label *label137
    78 read *tmp20 :currentLine 1
    79 print *tmp20
    80 print " "
-    * label *label138
-    * label *label139
-    * label *label140
    81 read *tmp20 :currentLine 2
    82 print *tmp20
    83 print " "
-    * label *label141
-    * label *label142
-    * label *label143
    84 read *tmp20 :currentLine 3
    85 print *tmp20
    86 print " "
-    * label *label144
-    * label *label145
-    * label *label146
    87 read *tmp20 :currentLine 4
    88 print *tmp20
    89 jump *label147 always
-    * print " "
    90 label *label147
-    * label *label148
-    * label *label149
-    * label *label47
    91 print "\n"
-    * label *label48
    92 write 1 :previousLine 0
-    * label *label280
    93 read *tmp12 :currentLine 0
    94 read *tmp13 :currentLine 1
    95 op add *tmp11 *tmp12 *tmp13
    96 write *tmp11 :previousLine 1
-    * label *label281
    97 read *tmp12 :currentLine 1
    98 read *tmp13 :currentLine 2
    99 op add *tmp11 *tmp12 *tmp13
   100 write *tmp11 :previousLine 2
-    * label *label282
   101 read *tmp12 :currentLine 2
   102 read *tmp13 :currentLine 3
   103 op add *tmp11 *tmp12 *tmp13
   104 write *tmp11 :previousLine 3
-    * label *label283
   105 read *tmp12 :currentLine 3
   106 read *tmp13 :currentLine 4
   107 op add *tmp11 *tmp12 *tmp13
   108 write *tmp11 :previousLine 4
-    * label *label284
   109 read *tmp12 :currentLine 4
   110 read *tmp13 :currentLine 5
   111 op add *tmp11 *tmp12 *tmp13
   112 write *tmp11 :previousLine 5
-    * label *label285
-    * label *label52
   113 write 1 :previousLine 5
-    * label *label150
   114 read *tmp20 :previousLine 0
   115 print *tmp20
   116 print " "
-    * label *label151
-    * label *label152
-    * label *label153
   117 read *tmp20 :previousLine 1
   118 print *tmp20
   119 print " "
-    * label *label154
-    * label *label155
-    * label *label156
   120 read *tmp20 :previousLine 2
   121 print *tmp20
   122 print " "
-    * label *label157
-    * label *label158
-    * label *label159
   123 read *tmp20 :previousLine 3
   124 print *tmp20
   125 print " "
-    * label *label160
-    * label *label161
-    * label *label162
   126 read *tmp20 :previousLine 4
   127 print *tmp20
   128 print " "
-    * label *label163
-    * label *label164
-    * label *label165
   129 read *tmp20 :previousLine 5
   130 print *tmp20
   131 jump *label166 always
-    * print " "
   132 label *label166
-    * label *label167
-    * label *label168
-    * label *label58
   133 print "\n"
-    * label *label59
   134 write 1 :currentLine 0
-    * label *label286
   135 read *tmp12 :previousLine 0
   136 read *tmp13 :previousLine 1
   137 op add *tmp11 *tmp12 *tmp13
   138 write *tmp11 :currentLine 1
-    * label *label287
   139 read *tmp12 :previousLine 1
   140 read *tmp13 :previousLine 2
   141 op add *tmp11 *tmp12 *tmp13
   142 write *tmp11 :currentLine 2
-    * label *label288
   143 read *tmp12 :previousLine 2
   144 read *tmp13 :previousLine 3
   145 op add *tmp11 *tmp12 *tmp13
   146 write *tmp11 :currentLine 3
-    * label *label289
   147 read *tmp12 :previousLine 3
   148 read *tmp13 :previousLine 4
   149 op add *tmp11 *tmp12 *tmp13
   150 write *tmp11 :currentLine 4
-    * label *label290
   151 read *tmp12 :previousLine 4
   152 read *tmp13 :previousLine 5
   153 op add *tmp11 *tmp12 *tmp13
   154 write *tmp11 :currentLine 5
-    * label *label291
   155 read *tmp12 :previousLine 5
   156 read *tmp13 :previousLine 6
   157 op add *tmp11 *tmp12 *tmp13
   158 write *tmp11 :currentLine 6
-    * label *label292
-    * label *label63
   159 write 1 :currentLine 6
-    * label *label169
   160 read *tmp20 :currentLine 0
   161 print *tmp20
   162 print " "
-    * label *label170
-    * label *label171
-    * label *label172
   163 read *tmp20 :currentLine 1
   164 print *tmp20
   165 print " "
-    * label *label173
-    * label *label174
-    * label *label175
   166 read *tmp20 :currentLine 2
   167 print *tmp20
   168 print " "
-    * label *label176
-    * label *label177
-    * label *label178
   169 read *tmp20 :currentLine 3
   170 print *tmp20
   171 print " "
-    * label *label179
-    * label *label180
-    * label *label181
   172 read *tmp20 :currentLine 4
   173 print *tmp20
   174 print " "
-    * label *label182
-    * label *label183
-    * label *label184
   175 read *tmp20 :currentLine 5
   176 print *tmp20
   177 print " "
-    * label *label185
-    * label *label186
-    * label *label187
   178 read *tmp20 :currentLine 6
   179 print *tmp20
   180 jump *label188 always
-    * print " "
   181 label *label188
-    * label *label189
-    * label *label190
-    * label *label69
   182 print "\n"
-    * label *label70
   183 write 1 :previousLine 0
-    * label *label293
   184 read *tmp12 :currentLine 0
   185 read *tmp13 :currentLine 1
   186 op add *tmp11 *tmp12 *tmp13
   187 write *tmp11 :previousLine 1
-    * label *label294
   188 read *tmp12 :currentLine 1
   189 read *tmp13 :currentLine 2
   190 op add *tmp11 *tmp12 *tmp13
   191 write *tmp11 :previousLine 2
-    * label *label295
   192 read *tmp12 :currentLine 2
   193 read *tmp13 :currentLine 3
   194 op add *tmp11 *tmp12 *tmp13
   195 write *tmp11 :previousLine 3
-    * label *label296
   196 read *tmp12 :currentLine 3
   197 read *tmp13 :currentLine 4
   198 op add *tmp11 *tmp12 *tmp13
   199 write *tmp11 :previousLine 4
-    * label *label297
   200 read *tmp12 :currentLine 4
   201 read *tmp13 :currentLine 5
   202 op add *tmp11 *tmp12 *tmp13
   203 write *tmp11 :previousLine 5
-    * label *label298
   204 read *tmp12 :currentLine 5
   205 read *tmp13 :currentLine 6
   206 op add *tmp11 *tmp12 *tmp13
   207 write *tmp11 :previousLine 6
-    * label *label299
   208 read *tmp12 :currentLine 6
   209 read *tmp13 :currentLine 7
   210 op add *tmp11 *tmp12 *tmp13
   211 write *tmp11 :previousLine 7
-    * label *label300
-    * label *label74
   212 write 1 :previousLine 7
-    * label *label196
   213 read *tmp20 :previousLine 0
   214 print *tmp20
   215 print " "
-    * label *label197
-    * label *label198
-    * label *label199
   216 read *tmp20 :previousLine 1
   217 print *tmp20
   218 print " "
-    * label *label200
-    * label *label201
-    * label *label202
   219 read *tmp20 :previousLine 2
   220 print *tmp20
   221 print " "
-    * label *label203
-    * label *label204
-    * label *label205
   222 read *tmp20 :previousLine 3
   223 print *tmp20
   224 print " "
-    * label *label206
-    * label *label207
-    * label *label208
   225 read *tmp20 :previousLine 4
   226 print *tmp20
   227 print " "
-    * label *label209
-    * label *label210
-    * label *label211
   228 read *tmp20 :previousLine 5
   229 print *tmp20
   230 print " "
-    * label *label212
-    * label *label213
-    * label *label214
   231 read *tmp20 :previousLine 6
   232 print *tmp20
   233 print " "
-    * label *label215
-    * label *label216
-    * label *label217
   234 read *tmp20 :previousLine 7
   235 print *tmp20
   236 jump *label218 always
-    * print " "
   237 label *label218
-    * label *label219
-    * label *label220
-    * label *label80
   238 print "\n"
-    * label *label81
   239 write 1 :currentLine 0
-    * label *label301
   240 read *tmp12 :previousLine 0
   241 read *tmp13 :previousLine 1
   242 op add *tmp11 *tmp12 *tmp13
   243 write *tmp11 :currentLine 1
-    * label *label302
   244 read *tmp12 :previousLine 1
   245 read *tmp13 :previousLine 2
   246 op add *tmp11 *tmp12 *tmp13
   247 write *tmp11 :currentLine 2
-    * label *label303
   248 read *tmp12 :previousLine 2
   249 read *tmp13 :previousLine 3
   250 op add *tmp11 *tmp12 *tmp13
   251 write *tmp11 :currentLine 3
-    * label *label304
   252 read *tmp12 :previousLine 3
   253 read *tmp13 :previousLine 4
   254 op add *tmp11 *tmp12 *tmp13
   255 write *tmp11 :currentLine 4
-    * label *label305
   256 read *tmp12 :previousLine 4
   257 read *tmp13 :previousLine 5
   258 op add *tmp11 *tmp12 *tmp13
   259 write *tmp11 :currentLine 5
-    * label *label306
   260 read *tmp12 :previousLine 5
   261 read *tmp13 :previousLine 6
   262 op add *tmp11 *tmp12 *tmp13
   263 write *tmp11 :currentLine 6
-    * label *label307
   264 read *tmp12 :previousLine 6
   265 read *tmp13 :previousLine 7
   266 op add *tmp11 *tmp12 *tmp13
   267 write *tmp11 :currentLine 7
-    * label *label308
   268 read *tmp12 :previousLine 7
   269 read *tmp13 :previousLine 8
   270 op add *tmp11 *tmp12 *tmp13
   271 write *tmp11 :currentLine 8
-    * label *label309
-    * label *label85
   272 write 1 :currentLine 8
-    * label *label221
   273 read *tmp20 :currentLine 0
   274 print *tmp20
   275 print " "
-    * label *label222
-    * label *label223
-    * label *label224
   276 read *tmp20 :currentLine 1
   277 print *tmp20
   278 print " "
-    * label *label225
-    * label *label226
-    * label *label227
   279 read *tmp20 :currentLine 2
   280 print *tmp20
   281 print " "
-    * label *label228
-    * label *label229
-    * label *label230
   282 read *tmp20 :currentLine 3
   283 print *tmp20
   284 print " "
-    * label *label231
-    * label *label232
-    * label *label233
   285 read *tmp20 :currentLine 4
   286 print *tmp20
   287 print " "
-    * label *label234
-    * label *label235
-    * label *label236
   288 read *tmp20 :currentLine 5
   289 print *tmp20
   290 print " "
-    * label *label237
-    * label *label238
-    * label *label239
   291 read *tmp20 :currentLine 6
   292 print *tmp20
   293 print " "
-    * label *label240
-    * label *label241
-    * label *label242
   294 read *tmp20 :currentLine 7
   295 print *tmp20
   296 print " "
-    * label *label243
-    * label *label244
-    * label *label245
   297 read *tmp20 :currentLine 8
   298 print *tmp20
   299 jump *label246 always
-    * print " "
   300 label *label246
-    * label *label247
-    * label *label248
-    * label *label91
   301 print "\n"
-    * label *label92
   302 write 1 :previousLine 0
-    * label *label310
   303 read *tmp12 :currentLine 0
   304 read *tmp13 :currentLine 1
   305 op add *tmp11 *tmp12 *tmp13
   306 write *tmp11 :previousLine 1
-    * label *label311
   307 read *tmp12 :currentLine 1
   308 read *tmp13 :currentLine 2
   309 op add *tmp11 *tmp12 *tmp13
   310 write *tmp11 :previousLine 2
-    * label *label312
   311 read *tmp12 :currentLine 2
   312 read *tmp13 :currentLine 3
   313 op add *tmp11 *tmp12 *tmp13
   314 write *tmp11 :previousLine 3
-    * label *label313
   315 read *tmp12 :currentLine 3
   316 read *tmp13 :currentLine 4
   317 op add *tmp11 *tmp12 *tmp13
   318 write *tmp11 :previousLine 4
-    * label *label314
   319 read *tmp12 :currentLine 4
   320 read *tmp13 :currentLine 5
   321 op add *tmp11 *tmp12 *tmp13
   322 write *tmp11 :previousLine 5
-    * label *label315
   323 read *tmp12 :currentLine 5
   324 read *tmp13 :currentLine 6
   325 op add *tmp11 *tmp12 *tmp13
   326 write *tmp11 :previousLine 6
-    * label *label316
   327 read *tmp12 :currentLine 6
   328 read *tmp13 :currentLine 7
   329 op add *tmp11 *tmp12 *tmp13
   330 write *tmp11 :previousLine 7
-    * label *label317
   331 read *tmp12 :currentLine 7
   332 read *tmp13 :currentLine 8
   333 op add *tmp11 *tmp12 *tmp13
   334 write *tmp11 :previousLine 8
-    * label *label318
   335 read *tmp12 :currentLine 8
   336 read *tmp13 :currentLine 9
   337 op add *tmp11 *tmp12 *tmp13
   338 write *tmp11 :previousLine 9
-    * label *label319
-    * label *label96
   339 write 1 :previousLine 9
-    * label *label249
   340 read *tmp20 :previousLine 0
   341 print *tmp20
   342 print " "
-    * label *label250
-    * label *label251
-    * label *label252
   343 read *tmp20 :previousLine 1
   344 print *tmp20
   345 print " "
-    * label *label253
-    * label *label254
-    * label *label255
   346 read *tmp20 :previousLine 2
   347 print *tmp20
   348 print " "
-    * label *label256
-    * label *label257
-    * label *label258
   349 read *tmp20 :previousLine 3
   350 print *tmp20
   351 print " "
-    * label *label259
-    * label *label260
-    * label *label261
   352 read *tmp20 :previousLine 4
   353 print *tmp20
   354 print " "
-    * label *label262
-    * label *label263
-    * label *label264
   355 read *tmp20 :previousLine 5
   356 print *tmp20
   357 print " "
-    * label *label265
-    * label *label266
-    * label *label267
   358 read *tmp20 :previousLine 6
   359 print *tmp20
   360 print " "
-    * label *label268
-    * label *label269
-    * label *label270
   361 read *tmp20 :previousLine 7
   362 print *tmp20
   363 print " "
-    * label *label271
-    * label *label272
-    * label *label273
   364 read *tmp20 :previousLine 8
   365 print *tmp20
   366 print " "
-    * label *label274
-    * label *label275
-    * label *label276
   367 read *tmp20 :previousLine 9
   368 print *tmp20
   369 jump *label277 always
-    * print " "
   370 label *label277
-    * label *label278
-    * label *label279
-    * label *label102
   371 print "\n"
-    * label *label103
-    * label *label3
   372 printflush message1
-    * label *label0
   373 end

Modifications by Jumps phase, Single Step Elimination, pass 7, iteration 1 (-9 instructions):
 
    23 print " "
    24 read *tmp20 :currentLine 2
    25 print *tmp20
-    * jump *label114 always
    26 label *label114
    27 print "\n"
    28 write 1 :previousLine 0
 
    50 print " "
    51 read *tmp20 :previousLine 3
    52 print *tmp20
-    * jump *label127 always
    53 label *label127
    54 print "\n"
    55 write 1 :currentLine 0
 
    84 print " "
    85 read *tmp20 :currentLine 4
    86 print *tmp20
-    * jump *label147 always
    87 label *label147
    88 print "\n"
    89 write 1 :previousLine 0
 
   125 print " "
   126 read *tmp20 :previousLine 5
   127 print *tmp20
-    * jump *label166 always
   128 label *label166
   129 print "\n"
   130 write 1 :currentLine 0
 
   173 print " "
   174 read *tmp20 :currentLine 6
   175 print *tmp20
-    * jump *label188 always
   176 label *label188
   177 print "\n"
   178 write 1 :previousLine 0
 
   228 print " "
   229 read *tmp20 :previousLine 7
   230 print *tmp20
-    * jump *label218 always
   231 label *label218
   232 print "\n"
   233 write 1 :currentLine 0
 
   290 print " "
   291 read *tmp20 :currentLine 8
   292 print *tmp20
-    * jump *label246 always
   293 label *label246
   294 print "\n"
   295 write 1 :previousLine 0
 
   359 print " "
   360 read *tmp20 :previousLine 9
   361 print *tmp20
-    * jump *label277 always
   362 label *label277
   363 print "\n"
   364 printflush message1
-    * end

Modifications by Final phase, Print Merging, iteration 1 (-55 instructions):
-    * print "1"
-    * print "\n"
-    * print "1 1"
-    * print "\n"
+    0 print "1\n1 1\n{0} {0} {0}\n{0} {0} {0} {0}\n{0} {0} {0} {0} {0}\n{0} {0} {0} {0} {0} {0}\n{0} {0} {0} {0} {0} {0} {0}\n{0} {0} {0} {0} {0} {0} {0} {0}\n{0} {0} {0} {0} {0} {0} {0} {0} {0}\n{0} {0} {0} {0} {0} {0} {0} {0} {0} {0}\n"
     1 set :previousLine cell1
     2 set :currentLine cell2
     3 write 1 :previousLine 0
 
    13 write *tmp11 :currentLine 2
    14 write 1 :currentLine 2
    15 read *tmp20 :currentLine 0
-    * print *tmp20
-    * print " "
+   16 format *tmp20
    17 read *tmp20 :currentLine 1
-    * print *tmp20
-    * print " "
+   18 format *tmp20
    19 read *tmp20 :currentLine 2
-    * print *tmp20
-    * print "\n"
+   20 format *tmp20
    21 write 1 :previousLine 0
    22 read *tmp12 :currentLine 0
    23 read *tmp13 :currentLine 1
 
    33 write *tmp11 :previousLine 3
    34 write 1 :previousLine 3
    35 read *tmp20 :previousLine 0
-    * print *tmp20
-    * print " "
+   36 format *tmp20
    37 read *tmp20 :previousLine 1
-    * print *tmp20
-    * print " "
+   38 format *tmp20
    39 read *tmp20 :previousLine 2
-    * print *tmp20
-    * print " "
+   40 format *tmp20
    41 read *tmp20 :previousLine 3
-    * print *tmp20
-    * print "\n"
+   42 format *tmp20
    43 write 1 :currentLine 0
    44 read *tmp12 :previousLine 0
    45 read *tmp13 :previousLine 1
 
    59 write *tmp11 :currentLine 4
    60 write 1 :currentLine 4
    61 read *tmp20 :currentLine 0
-    * print *tmp20
-    * print " "
+   62 format *tmp20
    63 read *tmp20 :currentLine 1
-    * print *tmp20
-    * print " "
+   64 format *tmp20
    65 read *tmp20 :currentLine 2
-    * print *tmp20
-    * print " "
+   66 format *tmp20
    67 read *tmp20 :currentLine 3
-    * print *tmp20
-    * print " "
+   68 format *tmp20
    69 read *tmp20 :currentLine 4
-    * print *tmp20
-    * print "\n"
+   70 format *tmp20
    71 write 1 :previousLine 0
    72 read *tmp12 :currentLine 0
    73 read *tmp13 :currentLine 1
 
    91 write *tmp11 :previousLine 5
    92 write 1 :previousLine 5
    93 read *tmp20 :previousLine 0
-    * print *tmp20
-    * print " "
+   94 format *tmp20
    95 read *tmp20 :previousLine 1
-    * print *tmp20
-    * print " "
+   96 format *tmp20
    97 read *tmp20 :previousLine 2
-    * print *tmp20
-    * print " "
+   98 format *tmp20
    99 read *tmp20 :previousLine 3
-    * print *tmp20
-    * print " "
+  100 format *tmp20
   101 read *tmp20 :previousLine 4
-    * print *tmp20
-    * print " "
+  102 format *tmp20
   103 read *tmp20 :previousLine 5
-    * print *tmp20
-    * print "\n"
+  104 format *tmp20
   105 write 1 :currentLine 0
   106 read *tmp12 :previousLine 0
   107 read *tmp13 :previousLine 1
 
   129 write *tmp11 :currentLine 6
   130 write 1 :currentLine 6
   131 read *tmp20 :currentLine 0
-    * print *tmp20
-    * print " "
+  132 format *tmp20
   133 read *tmp20 :currentLine 1
-    * print *tmp20
-    * print " "
+  134 format *tmp20
   135 read *tmp20 :currentLine 2
-    * print *tmp20
-    * print " "
+  136 format *tmp20
   137 read *tmp20 :currentLine 3
-    * print *tmp20
-    * print " "
+  138 format *tmp20
   139 read *tmp20 :currentLine 4
-    * print *tmp20
-    * print " "
+  140 format *tmp20
   141 read *tmp20 :currentLine 5
-    * print *tmp20
-    * print " "
+  142 format *tmp20
   143 read *tmp20 :currentLine 6
-    * print *tmp20
-    * print "\n"
+  144 format *tmp20
   145 write 1 :previousLine 0
   146 read *tmp12 :currentLine 0
   147 read *tmp13 :currentLine 1
 
   173 write *tmp11 :previousLine 7
   174 write 1 :previousLine 7
   175 read *tmp20 :previousLine 0
-    * print *tmp20
-    * print " "
+  176 format *tmp20
   177 read *tmp20 :previousLine 1
-    * print *tmp20
-    * print " "
+  178 format *tmp20
   179 read *tmp20 :previousLine 2
-    * print *tmp20
-    * print " "
+  180 format *tmp20
   181 read *tmp20 :previousLine 3
-    * print *tmp20
-    * print " "
+  182 format *tmp20
   183 read *tmp20 :previousLine 4
-    * print *tmp20
-    * print " "
+  184 format *tmp20
   185 read *tmp20 :previousLine 5
-    * print *tmp20
-    * print " "
+  186 format *tmp20
   187 read *tmp20 :previousLine 6
-    * print *tmp20
-    * print " "
+  188 format *tmp20
   189 read *tmp20 :previousLine 7
-    * print *tmp20
-    * print "\n"
+  190 format *tmp20
   191 write 1 :currentLine 0
   192 read *tmp12 :previousLine 0
   193 read *tmp13 :previousLine 1
 
   223 write *tmp11 :currentLine 8
   224 write 1 :currentLine 8
   225 read *tmp20 :currentLine 0
-    * print *tmp20
-    * print " "
+  226 format *tmp20
   227 read *tmp20 :currentLine 1
-    * print *tmp20
-    * print " "
+  228 format *tmp20
   229 read *tmp20 :currentLine 2
-    * print *tmp20
-    * print " "
+  230 format *tmp20
   231 read *tmp20 :currentLine 3
-    * print *tmp20
-    * print " "
+  232 format *tmp20
   233 read *tmp20 :currentLine 4
-    * print *tmp20
-    * print " "
+  234 format *tmp20
   235 read *tmp20 :currentLine 5
-    * print *tmp20
-    * print " "
+  236 format *tmp20
   237 read *tmp20 :currentLine 6
-    * print *tmp20
-    * print " "
+  238 format *tmp20
   239 read *tmp20 :currentLine 7
-    * print *tmp20
-    * print " "
+  240 format *tmp20
   241 read *tmp20 :currentLine 8
-    * print *tmp20
-    * print "\n"
+  242 format *tmp20
   243 write 1 :previousLine 0
   244 read *tmp12 :currentLine 0
   245 read *tmp13 :currentLine 1
 
   279 write *tmp11 :previousLine 9
   280 write 1 :previousLine 9
   281 read *tmp20 :previousLine 0
-    * print *tmp20
-    * print " "
+  282 format *tmp20
   283 read *tmp20 :previousLine 1
-    * print *tmp20
-    * print " "
+  284 format *tmp20
   285 read *tmp20 :previousLine 2
-    * print *tmp20
-    * print " "
+  286 format *tmp20
   287 read *tmp20 :previousLine 3
-    * print *tmp20
-    * print " "
+  288 format *tmp20
   289 read *tmp20 :previousLine 4
-    * print *tmp20
-    * print " "
+  290 format *tmp20
   291 read *tmp20 :previousLine 5
-    * print *tmp20
-    * print " "
+  292 format *tmp20
   293 read *tmp20 :previousLine 6
-    * print *tmp20
-    * print " "
+  294 format *tmp20
   295 read *tmp20 :previousLine 7
-    * print *tmp20
-    * print " "
+  296 format *tmp20
   297 read *tmp20 :previousLine 8
-    * print *tmp20
-    * print " "
+  298 format *tmp20
   299 read *tmp20 :previousLine 9
-    * print *tmp20
-    * print "\n"
+  300 format *tmp20
   301 printflush message1

Code size and number of instantiations by function:
  Size  Times  AvgSize  Function
   302     1x    302,0  <no function>


Emulator output (303 steps, 2.53 sec):
1
1 1
1 2 1
1 3 3 1
1 4 6 4 1
1 5 10 10 5 1
1 6 15 20 15 6 1
1 7 21 35 35 21 7 1
1 8 28 56 70 56 28 8 1
1 9 36 84 126 126 84 36 9 1
